landbase,discount_rate,flow_policy,flow_denominator,max_decrease,max_increase,horizon,fd_version,fd_commit,ws3_version,max_abs_rel_deviation,mean_abs_rel_deviation,total_projected,total_realized,total_rel_change,occurrence,occurrence_tolerance,mean_abs_rel_deviation_2_11,occurrence_2_11,thesis_volume_inconsistency_2_11,rev_max_abs_rel_deviation,rev_mean_abs_rel_deviation,rev_total_rel_change,rev_occurrence,rev_mean_abs_rel_deviation_2_11,rev_occurrence_2_11
1,0.0,NHF,volume,,,15,0.1.0b1,35f6a6573ef9,1.1.0a5,1.0,0.14661769656871976,153919.5774181818,72681.99,-0.5277924275835855,True,0.05,0.11992654485307966,True,0.3985308970615929,1.0,0.14639843243345585,-0.5366436675787226,True,0.11959764865018381,True
1,0.0,NHF,revenue,,,15,0.1.0b1,35f6a6573ef9,1.1.0a5,1.0,0.14661769656871976,153919.5774181818,72681.99,-0.5277924275835855,True,0.05,0.11992654485307966,True,0.3985308970615929,1.0,0.14639843243345585,-0.5366436675787226,True,0.11959764865018381,True
1,0.0,NDY,volume,0.0,,15,0.1.0b1,35f6a6573ef9,1.1.0a5,0.4613732894024061,0.18169917183636558,127149.98890018383,104287.56579400599,-0.17980672514352683,True,0.05,0.18814840140120243,True,0.1881484014012024,0.43910397342830165,0.20913997964981013,-0.21283058608411204,True,0.21765468702423335,True
1,0.0,NDY,revenue,0.0,,15,0.1.0b1,35f6a6573ef9,1.1.0a5,0.5164783725927768,0.19672157561424677,138093.63960492992,114760.60330726282,-0.16896532211346044,True,0.05,0.25345027970225814,True,0.24259806330256056,0.5238857823766274,0.20585598523431692,-0.20085723842539085,True,0.2554771611344316,True
1,0.0,-10%,volume,0.1,,15,0.1.0b1,35f6a6573ef9,1.1.0a5,0.8826376546578746,0.20901487395131194,138014.15718001797,118663.5293634977,-0.14020755704996546,True,0.05,0.26211256042854325,True,0.1903806375031662,0.8771877909876108,0.2243474825758628,-0.16891721421587716,True,0.2762017987526927,True
1,0.0,-10%,revenue,0.1,,15,0.1.0b1,35f6a6573ef9,1.1.0a5,1.0,0.20865729859205015,146357.74565150047,128196.13015065074,-0.12409056603054841,True,0.05,0.28106169481014676,True,0.2170651228699848,1.0,0.20825742815982093,-0.15134385286525515,True,0.27146685044231594,True
1,0.0,-20%,volume,0.2,,15,0.1.0b1,35f6a6573ef9,1.1.0a5,1.0,0.37526026276492475,148579.55263702341,123244.86577850948,-0.17051260694266604,True,0.05,0.34649830846189567,True,0.2917420831130208,1.0,0.3799745928588546,-0.19481472580904302,True,0.35114969872624785,True
1,0.0,-20%,revenue,0.2,,15,0.1.0b1,35f6a6573ef9,1.1.0a5,1.0,0.4137498116412806,149993.8289076886,129136.77604419364,-0.13905273980525643,True,0.05,0.4307126482010686,True,0.39044706031501913,1.0,0.39836953296659433,-0.1704780904880093,True,0.41646991824257096,True
1,0.0,+/-10%,volume,0.1,0.1,15,0.1.0b1,35f6a6573ef9,1.1.0a5,0.3517207802288829,0.16664871425124259,136472.33456411475,116749.8133220495,-0.1445166253296532,True,0.05,0.15717050610333308,True,0.139244082095221,0.35172078022888287,0.17406897818719044,-0.1740495919917343,True,0.16880137412773674,True
1,0.0,+/-10%,revenue,0.1,0.1,15,0.1.0b1,35f6a6573ef9,1.1.0a5,0.3405304628395769,0.16160131782602996,142832.63773124877,123185.58492406561,-0.13755296491933933,True,0.05,0.1890411256245251,True,0.17244843717305414,0.3194147805875612,0.17331520805014203,-0.16171451218501276,True,0.19921709890931102,True
1,0.0,+/-20%,volume,0.2,0.2,15,0.1.0b1,35f6a6573ef9,1.1.0a5,0.4205220092453891,0.1813089246428213,145536.79751404258,122614.85657629564,-0.15749928079553382,True,0.05,0.17616501095072054,True,0.15079189396729528,0.42052200924538913,0.18128065540242655,-0.17515423281531478,True,0.176108396778809,True
1,0.0,+/-20%,revenue,0.2,0.2,15,0.1.0b1,35f6a6573ef9,1.1.0a5,0.4464949557043073,0.18258538569249264,146410.74695852952,128923.02715571025,-0.11944286991290755,True,0.05,0.17507787633654856,True,0.15374904521019772,0.4464949557043073,0.17006353078845546,-0.15616896944801797,True,0.16737799585152208,True
1,0.02,NHF,volume,,,15,0.1.0b1,35f6a6573ef9,1.1.0a5,0.0,0.0,140360.58923636362,140360.58923636362,0.0,False,0.05,0.0,False,0.0,0.0,0.0,0.0,False,0.0,False
1,0.02,NHF,revenue,,,15,0.1.0b1,35f6a6573ef9,1.1.0a5,0.0,0.0,140360.58923636362,140360.58923636362,0.0,False,0.05,0.0,False,0.0,0.0,0.0,0.0,False,0.0,False
1,0.02,NDY,volume,0.0,,15,0.1.0b1,35f6a6573ef9,1.1.0a5,0.18560518763600115,0.12776997167429516,134014.32818376666,116891.32126777711,-0.12776997167429507,True,0.05,0.12100021508450694,True,0.12100021508450676,1.2558378007175663,0.19844703332908623,-0.05113652839528234,True,0.22959886844451632,True
1,0.02,NDY,revenue,0.0,,15,0.1.0b1,35f6a6573ef9,1.1.0a5,0.2597547098752198,0.0721621593049093,134616.516250779,126197.62703954984,-0.06253979411817119,True,0.05,0.05236055661983654,True,0.050941276623983796,0.1172243224955293,0.06520309830413007,-0.06520309830412997,True,0.054054306263151795,True
1,0.02,-10%,volume,0.1,,15,0.1.0b1,35f6a6573ef9,1.1.0a5,0.09311975472165915,0.0802309257696259,137077.45238519897,129170.20214949976,-0.057684543286369065,True,0.05,0.08428903401417905,True,0.08350230147673733,0.6806589202018987,0.1405074523326124,0.025651516946346164,True,0.1677883963592161,True
1,0.02,-10%,revenue,0.1,,15,0.1.0b1,35f6a6573ef9,1.1.0a5,0.1601825629786333,0.039541409478192506,130095.80015395852,131558.33482613566,0.011241982219613053,False,0.05,0.02444548868022458,False,0.020451492381043553,0.16018256305309456,0.03448147705035858,0.008708280457249843,False,0.008767740285750909,False
1,0.02,-20%,volume,0.2,,15,0.1.0b1,35f6a6573ef9,1.1.0a5,0.3834429541650152,0.13375374810746107,140383.76843098755,132995.2953575438,-0.052630536678290624,True,0.05,0.07675400822680706,True,0.08204544061545331,1.606547975591313,0.23939317235552107,0.02821084093980393,True,0.2302099957133422,True
1,0.02,-20%,revenue,0.2,,15,0.1.0b1,35f6a6573ef9,1.1.0a5,0.14245152952723347,0.020936255852953764,131649.13047967115,133219.9179964917,0.011931620900930452,False,0.05,0.006370430382041947,False,0.0051616563772796005,0.0580946948962538,0.01187411142801917,0.009344911433418108,False,0.0014604391654317716,False
1,0.02,+/-10%,volume,0.1,0.1,15,0.1.0b1,35f6a6573ef9,1.1.0a5,0.1665857695928502,0.08655086589061609,137106.1905788542,129306.11189207649,-0.056890784098414894,True,0.05,0.0913423687312778,True,0.0887102186647642,0.6798860348864372,0.14208950053598232,0.026872712829350182,True,0.17089990954462242,True
1,0.02,+/-10%,revenue,0.1,0.1,15,0.1.0b1,35f6a6573ef9,1.1.0a5,0.20112934609854374,0.043791697381753696,130097.35498849706,130998.71875802375,0.006928378902141339,False,0.05,0.025970592993484448,False,0.020894548271052044,0.20112934609854383,0.040640556887297105,0.005509651445181469,False,0.013533433486737679,False
1,0.02,+/-20%,volume,0.2,0.2,15,0.1.0b1,35f6a6573ef9,1.1.0a5,0.24363285033764384,0.12381039025424341,140438.27170472412,131647.30187177504,-0.06259668198874142,True,0.05,0.12586505839958903,True,0.12168448909589609,1.60401530109377,0.21980790702899122,0.017272754996321617,True,0.2689046265167906,True
1,0.02,+/-20%,revenue,0.2,0.2,15,0.1.0b1,35f6a6573ef9,1.1.0a5,0.466964148036677,0.14278638861786444,132916.9513814013,132463.08868921266,-0.0034146336300348965,True,0.05,0.15780834060755394,True,0.15380858768783698,0.45346213453104667,0.13588532434091133,-0.0065602280041258615,True,0.15857623595800643,True
1,0.04,NHF,volume,,,15,0.1.0b1,35f6a6573ef9,1.1.0a5,0.0,0.0,140360.58923636362,140360.58923636362,0.0,False,0.05,0.0,False,0.0,0.0,0.0,0.0,False,0.0,False
1,0.04,NHF,revenue,,,15,0.1.0b1,35f6a6573ef9,1.1.0a5,0.0,0.0,140360.58923636362,140360.58923636362,0.0,False,0.05,0.0,False,0.0,0.0,0.0,0.0,False,0.0,False
1,0.04,NDY,volume,0.0,,15,0.1.0b1,35f6a6573ef9,1.1.0a5,0.21052561748779391,0.11501262247281098,133705.9919472402,118328.11517305956,-0.11501262247281094,True,0.05,0.095414192046527,True,0.09541419204652711,1.2478437055802019,0.1903062153351082,-0.044355177181666275,True,0.19150607354715254,True
1,0.04,NDY,revenue,0.0,,15,0.1.0b1,35f6a6573ef9,1.1.0a5,0.2597547098752183,0.07216215930490893,134616.51625077895,126197.62703954984,-0.06253979411817079,True,0.05,0.052360556619835776,True,0.050941276623983,0.11722432249553232,0.06520309830412976,-0.06520309830412976,True,0.05405430626315111,True
1,0.04,-10%,volume,0.1,,15,0.1.0b1,35f6a6573ef9,1.1.0a5,0.3628743977092988,0.11142198784791618,137864.48314470498,128834.87376360188,-0.06549626977983493,True,0.05,0.08490922148653778,True,0.08394770682849173,0.706586435743833,0.14797185846012173,0.013224740685366415,True,0.14009939560912277,True
1,0.04,-10%,revenue,0.1,,15,0.1.0b1,35f6a6573ef9,1.1.0a5,0.039432415990537505,0.0026288279439724877,130095.80015395854,129852.16683122933,-0.0018727224279406686,False,0.05,1.815057280797735e-10,False,1.6816177932568548e-10,0.07890345152297479,0.005260230315503473,-0.004591529563061601,False,1.844401278751528e-10,False
1,0.04,-20%,volume,0.2,,15,0.1.0b1,35f6a6573ef9,1.1.0a5,0.44537829081910835,0.09759459886624437,140732.36523293087,131368.32430123474,-0.06653793472594162,True,0.05,0.10017223490644203,True,0.08306558726770367,1.9459202625302139,0.20069995968408536,0.007109698591517258,True,0.25272556055963075,True
1,0.04,-20%,revenue,0.2,,15,0.1.0b1,35f6a6573ef9,1.1.0a5,0.16414354623230915,0.010942903328936526,131649.13047967118,132681.3592390735,0.007840756377511474,False,0.05,3.231365143213236e-10,False,2.5033888572024656e-10,0.08482227611011708,0.005654818654559755,0.004802653269187254,False,3.2193984488117815e-10,False
1,0.04,+/-10%,volume,0.1,0.1,15,0.1.0b1,35f6a6573ef9,1.1.0a5,0.19814410692695555,0.06665133700813934,135946.95024813694,128704.82826993326,-0.053271676672297597,True,0.05,0.0798141198522331,True,0.08033233024145871,0.7089196627690816,0.10399118288213575,0.030242728060491997,True,0.1336533115420216,True
1,0.04,+/-10%,revenue,0.1,0.1,15,0.1.0b1,35f6a6573ef9,1.1.0a5,0.10460510736148088,0.019149868460395437,130102.57668096584,129503.6957596278,-0.0046031442006456555,False,0.05,0.0017725600607533711,False,0.0014768907868608718,0.12086388558739689,0.021955179360894275,-0.008017849551427715,False,0.001675505569751817,False
1,0.04,+/-20%,volume,0.2,0.2,15,0.1.0b1,35f6a6573ef9,1.1.0a5,0.4248287592264636,0.07202422079809088,138797.54287349246,133252.40761107334,-0.039951249479057815,True,0.05,0.06170818683307312,True,0.05445152262825725,1.674387337349548,0.17807741101622762,0.009342902133044754,True,0.2146954521261383,True
1,0.04,+/-20%,revenue,0.2,0.2,15,0.1.0b1,35f6a6573ef9,1.1.0a5,0.37908864860016656,0.1351078006317636,132120.9193327901,131634.99954018203,-0.0036778414429899453,True,0.05,0.1611354245550424,True,0.1514418314989759,0.41530761570491553,0.1434939835783869,-0.002108097100868248,True,0.16906840453905453,True
1,0.06,NHF,volume,,,15,0.1.0b1,35f6a6573ef9,1.1.0a5,0.0,0.0,140360.58923636362,140360.58923636362,0.0,False,0.05,0.0,False,0.0,0.0,0.0,0.0,False,0.0,False
1,0.06,NHF,revenue,,,15,0.1.0b1,35f6a6573ef9,1.1.0a5,0.0,0.0,140360.58923636362,140360.58923636362,0.0,False,0.05,0.0,False,0.0,0.0,0.0,0.0,False,0.0,False
1,0.06,NDY,volume,0.0,,15,0.1.0b1,35f6a6573ef9,1.1.0a5,0.21262769657707783,0.11334173644178093,133705.99194724025,118551.52264726926,-0.11334173644178099,True,0.05,0.09092280816023901,True,0.09092280816023907,1.252569367198694,0.19033008269651788,-0.04079532459204364,True,0.19240689346212525,True
1,0.06,NDY,revenue,0.0,,15,0.1.0b1,35f6a6573ef9,1.1.0a5,0.2597547098752191,0.07216215930490846,134616.516250779,126197.62703954995,-0.06253979411817043,True,0.05,0.05236055661983537,True,0.05094127662398263,0.11722432249553226,0.06520309830412943,-0.06520309830412976,True,0.05405430626315085,True
1,0.06,-10%,volume,0.1,,15,0.1.0b1,35f6a6573ef9,1.1.0a5,0.2446829245709974,0.09452431117387458,137837.829571847,129195.68036737485,-0.06269794896884588,True,0.05,0.09613556389019909,True,0.0882184054718756,0.6852119588538794,0.11681799911427052,0.0187693409846761,True,0.13271801453028093,True
1,0.06,-10%,revenue,0.1,,15,0.1.0b1,35f6a6573ef9,1.1.0a5,0.03943241599053764,0.0026288279439725063,130095.80015395851,129852.16683122933,-0.0018727224279404453,False,0.05,1.815057731851957e-10,False,1.681618000290672e-10,0.07890345152297498,0.005260230315503497,-0.0045915295630614035,False,1.8444016959188772e-10,False
1,0.06,-20%,volume,0.2,,15,0.1.0b1,35f6a6573ef9,1.1.0a5,0.4460267950305877,0.10426971154130454,137751.80554374526,129059.10327122295,-0.06310408954866151,True,0.05,0.12596510202459305,True,0.10408955725417705,1.947027596365987,0.2031945647989257,0.018670928334979863,True,0.2754858468242957,True
1,0.06,-20%,revenue,0.2,,15,0.1.0b1,35f6a6573ef9,1.1.0a5,0.164143546413673,0.010942903612385074,131649.13047967118,132681.35923919355,0.007840756378423392,False,0.05,5.775605487489221e-10,False,4.3703363324353506e-10,0.08482227633035104,0.005654818927912864,0.004802653272663393,False,5.634848970163654e-10,False
1,0.06,+/-10%,volume,0.1,0.1,15,0.1.0b1,35f6a6573ef9,1.1.0a5,0.27840855627694294,0.10153651826853204,134359.84974434774,129806.62367994017,-0.03388829381002726,True,0.05,0.09620726600230493,True,0.08822732869020515,0.6876079517034048,0.13427699993023592,0.04814027024933711,True,0.13514383078365583,True
1,0.06,+/-10%,revenue,0.1,0.1,15,0.1.0b1,35f6a6573ef9,1.1.0a5,0.10963172737132004,0.021184698874981218,130126.77930009837,129750.96217537239,-0.00288808442618306,False,0.05,0.005210617659671605,False,0.003862532646779544,0.10963172737132007,0.02309812811841649,-0.005639989760838226,False,0.004857896539347211,False
1,0.06,+/-20%,volume,0.2,0.2,15,0.1.0b1,35f6a6573ef9,1.1.0a5,0.5690461515623236,0.12461134517294002,131888.13807671604,135105.525754587,0.0243948221939374,True,0.05,0.06969842133035767,True,0.0575103342809279,1.2235558994514983,0.20730243013713537,0.05307359019619728,True,0.16517274174462424,True
1,0.06,+/-20%,revenue,0.2,0.2,15,0.1.0b1,35f6a6573ef9,1.1.0a5,0.3766243108848831,0.10469287595067954,132120.9193327901,132140.13274286783,0.00014542292147799607,True,0.05,0.11844109867389688,True,0.1162441638992971,0.42632461785015113,0.10908091987426412,0.0025792821375143745,True,0.1224894643736913,True
2,0.0,NHF,volume,,,15,0.1.0b1,35f6a6573ef9,1.1.0a5,1.0,0.14661769656871976,192399.47177272727,90852.4875,-0.5277924275835856,True,0.05,0.11992654485307966,True,0.39853089706159295,1.0,0.14639843243345585,-0.5366436675787227,True,0.11959764865018381,True
2,0.0,NHF,revenue,,,15,0.1.0b1,35f6a6573ef9,1.1.0a5,1.0,0.14661769656871976,192399.47177272727,90852.4875,-0.5277924275835856,True,0.05,0.11992654485307966,True,0.39853089706159295,1.0,0.14639843243345585,-0.5366436675787227,True,0.11959764865018381,True
2,0.0,NDY,volume,0.0,,15,0.1.0b1,35f6a6573ef9,1.1.0a5,0.6972732724355918,0.17325287423351315,156334.0111663537,129257.58301060267,-0.17319601764032805,True,0.05,0.1989902409254097,True,0.19899024092540968,0.6946895291349725,0.19049744787056969,-0.19150468553885852,True,0.20788959414665115,True
2,0.0,NDY,revenue,0.0,,15,0.1.0b1,35f6a6573ef9,1.1.0a5,0.5054712519308924,0.14623903139794686,160164.4854190794,137819.87565391604,-0.1395103896266231,True,0.05,0.1793564397745444,True,0.1744286147518288,0.48250720626406235,0.15844286709015332,-0.1582513182968095,True,0.17593658562049716,True
2,0.0,-10%,volume,0.1,,15,0.1.0b1,35f6a6573ef9,1.1.0a5,1.0,0.20540403414297248,164168.81364381613,145352.88384319886,-0.11461330189935273,True,0.05,0.2761071581290453,True,0.23588320963860307,1.0,0.19310200338345546,-0.13805494843444047,True,0.2741104795575569,True
2,0.0,-10%,revenue,0.1,,15,0.1.0b1,35f6a6573ef9,1.1.0a5,1.0,0.2202736229790326,167062.8146149155,151484.74494871616,-0.09324678087165728,True,0.05,0.29134400938975213,True,0.23039165989293894,1.0,0.22491522629675537,-0.11439161468573282,True,0.2892946462923324,True
2,0.0,-20%,volume,0.2,,15,0.1.0b1,35f6a6573ef9,1.1.0a5,1.0,0.267722405741193,170511.73419197483,153988.2928303928,-0.0969050103201619,True,0.05,0.2538272203401176,True,0.14259426484675847,1.0,0.2682989894768579,-0.11308417140731712,True,0.25406374483978794,True
2,0.0,-20%,revenue,0.2,,15,0.1.0b1,35f6a6573ef9,1.1.0a5,1.0,0.3085556431691209,172491.811333851,160691.14956974736,-0.06841288101070445,True,0.05,0.3539749297235832,True,0.23197185878961704,1.0,0.29613616784437086,-0.08684061929039062,True,0.35440748995391336,True
2,0.0,+/-10%,volume,0.1,0.1,15,0.1.0b1,35f6a6573ef9,1.1.0a5,0.3088884141505548,0.1483854123564009,163566.0820043445,142708.93726130118,-0.1275150965741744,True,0.05,0.14729209835577253,True,0.12908918262651076,0.3678090780782108,0.14794396053345418,-0.14663139139696627,True,0.14453538729296328,True
2,0.0,+/-10%,revenue,0.1,0.1,15,0.1.0b1,35f6a6573ef9,1.1.0a5,0.35635549171123304,0.14855256494593988,165810.49332269712,146084.7794799143,-0.11896541315025845,True,0.05,0.13579038440127583,True,0.1280525264237237,0.3115889770154812,0.13831049064843617,-0.13627985711614504,True,0.12329600449168843,True
2,0.0,+/-20%,volume,0.2,0.2,15,0.1.0b1,35f6a6573ef9,1.1.0a5,0.3958234352039274,0.1583631896083033,169351.95938927733,147544.5796024484,-0.12876957470980224,True,0.05,0.14882476856290422,True,0.13009921082950765,0.46511277023150954,0.1556621642212425,-0.14773070113861203,True,0.14555529430529418,True
2,0.0,+/-20%,revenue,0.2,0.2,15,0.1.0b1,35f6a6573ef9,1.1.0a5,0.3669446226865672,0.16021632549326778,170721.84252310093,154052.38501751827,-0.09764103561222436,True,0.05,0.1400414238988743,True,0.11525549211088086,0.35053566693924243,0.1517639699015795,-0.11828068672671083,True,0.14218022767658928,True
2,0.02,NHF,volume,,,15,0.1.0b1,35f6a6573ef9,1.1.0a5,0.0,0.0,175450.73654545454,175450.73654545454,0.0,False,0.05,0.0,False,0.0,0.0,0.0,0.0,False,0.0,False
2,0.02,NHF,revenue,,,15,0.1.0b1,35f6a6573ef9,1.1.0a5,0.0,0.0,175450.73654545454,175450.73654545454,0.0,False,0.05,0.0,False,0.0,0.0,0.0,0.0,False,0.0,False
2,0.02,NDY,volume,0.0,,15,0.1.0b1,35f6a6573ef9,1.1.0a5,0.1233282141837545,0.072528079741445,155438.82157618622,144165.14232999235,-0.072528079741445,True,0.05,0.06301930078338117,True,0.06301930078338118,0.15104557853779238,0.071436427147732,-0.07519594942022229,True,0.060064935742928406,True
2,0.02,NDY,revenue,0.0,,15,0.1.0b1,35f6a6573ef9,1.1.0a5,0.1478666422616887,0.060962935215124595,160183.39816509065,150935.4424062902,-0.05773354707626548,True,0.05,0.05355861051449736,True,0.05208056707593776,0.10452194588713862,0.06067804445242065,-0.060678044452420754,True,0.0526337856337142,True
2,0.02,-10%,volume,0.1,,15,0.1.0b1,35f6a6573ef9,1.1.0a5,0.17827127402737608,0.024300490396202842,158136.75801207827,161076.49557330806,0.018589843362068027,False,0.05,2.5610988821779286e-05,False,1.984851499411036e-05,0.09296246428359631,0.023174941874215947,0.015050860130883671,False,0.008598210868229674,False
2,0.02,-10%,revenue,0.1,,15,0.1.0b1,35f6a6573ef9,1.1.0a5,0.2594718451195039,0.03212314309432177,159799.8809434836,162891.28093675684,0.019345446160667606,False,0.05,0.005343452539308553,False,0.00445018747252287,0.17888993678325285,0.0239792693755364,0.01796511570811573,False,0.0012734483836444664,False
2,0.02,-20%,volume,0.2,,15,0.1.0b1,35f6a6573ef9,1.1.0a5,0.1465482164837374,0.0327678395401987,160863.95987870355,164462.16413540614,0.0223679950401305,False,0.05,0.012414592708011787,False,0.007966756645955664,0.10568503623306294,0.02661692778908757,0.018303146885111518,False,0.014116741714065384,False
2,0.02,-20%,revenue,0.2,,15,0.1.0b1,35f6a6573ef9,1.1.0a5,0.21988858082718069,0.03284372582644235,162063.9022615353,166103.19794290673,0.024924092441343977,False,0.05,0.0026166539311441328,False,0.0020502482482199266,0.1356078873300613,0.025850637966625793,0.02339538496741772,False,0.000784334837574973,False
2,0.02,+/-10%,volume,0.1,0.1,15,0.1.0b1,35f6a6573ef9,1.1.0a5,0.2036193191403007,0.025655900430541653,158358.48709962855,160853.01063660812,0.015752382980333622,False,0.05,0.0024213703413432505,False,0.002262481788754523,0.20362157581645193,0.03966579819012342,0.013025683794325837,False,0.017691109827583675,False
2,0.02,+/-10%,revenue,0.1,0.1,15,0.1.0b1,35f6a6573ef9,1.1.0a5,0.1921282420697046,0.03514470351152791,159775.9991658821,162499.95338173318,0.017048581952681354,False,0.05,0.010220040177001169,False,0.007798748297600903,0.10971062092918675,0.026982753012245522,0.01548929616625638,False,0.0057248459027997595,False
2,0.02,+/-20%,volume,0.2,0.2,15,0.1.0b1,35f6a6573ef9,1.1.0a5,0.2655057047966128,0.092365254544455,160695.66542453316,163735.94211723428,0.018919469200797564,True,0.05,0.07380123222412972,True,0.05882557140915169,0.2682437085142842,0.09285646174480058,0.015617958673859709,True,0.07751769435477943,True
2,0.02,+/-20%,revenue,0.2,0.2,15,0.1.0b1,35f6a6573ef9,1.1.0a5,0.4403774568829183,0.14945085058248614,162655.37321940748,164161.89985063288,0.009262077245940263,True,0.05,0.14293151870939738,True,0.14033426392656934,0.4231958658390131,0.15838035030926417,0.007633510542738273,True,0.151560450013017,True
2,0.04,NHF,volume,,,15,0.1.0b1,35f6a6573ef9,1.1.0a5,0.0,0.0,175450.73654545454,175450.73654545454,0.0,False,0.05,0.0,False,0.0,0.0,0.0,0.0,False,0.0,False
2,0.04,NHF,revenue,,,15,0.1.0b1,35f6a6573ef9,1.1.0a5,0.0,0.0,175450.73654545454,175450.73654545454,0.0,False,0.05,0.0,False,0.0,0.0,0.0,0.0,False,0.0,False
2,0.04,NDY,volume,0.0,,15,0.1.0b1,35f6a6573ef9,1.1.0a5,0.16194956892332896,0.08823991981640836,155377.48988217153,141666.99263369388,-0.08823991981640858,True,0.05,0.07322065077571734,True,0.0732206507757173,0.2818968201472831,0.08828231731488388,-0.09481523209964429,True,0.05166715067109347,True
2,0.04,NDY,revenue,0.0,,15,0.1.0b1,35f6a6573ef9,1.1.0a5,0.14786664226169266,0.060962935215124574,160183.3981650907,150935.44240629033,-0.0577335470762651,True,0.05,0.05355861051449542,True,0.05208056707593539,0.10452194588714261,0.06067804445242053,-0.06067804445242042,True,0.052633785633712404,True
2,0.04,-10%,volume,0.1,,15,0.1.0b1,35f6a6573ef9,1.1.0a5,0.2099088073372909,0.014822696852199353,157868.215063094,159784.336151467,0.012137472306298058,False,0.05,2.2799485457011904e-10,False,1.8678221768139784e-10,0.14225239576169088,0.010646040673474506,0.009828737728482478,False,0.0005114872763635204,False
2,0.04,-10%,revenue,0.1,,15,0.1.0b1,35f6a6573ef9,1.1.0a5,0.2741742968730977,0.022627016428249134,159799.88094348356,162315.20852217491,0.015740484685222978,False,0.05,0.00041520121678645253,False,0.0003098877151062652,0.19722775896114447,0.01720050004600087,0.013991337596315469,False,1.977566185627584e-06,False
2,0.04,-20%,volume,0.2,,15,0.1.0b1,35f6a6573ef9,1.1.0a5,0.19431503356284152,0.03239127532957046,160897.60047444984,162664.97120695878,0.010984444313012631,False,0.05,7.17177912768412e-05,False,5.40941173133977e-05,0.1943150335628416,0.04589420014301967,0.007955088465005073,False,0.015636032552349126,False
2,0.04,-20%,revenue,0.2,,15,0.1.0b1,35f6a6573ef9,1.1.0a5,0.31060126946280664,0.030582176820733754,161928.71900126472,165851.69904197147,0.024226586024410607,False,0.05,2.0428343442512541e-10,False,1.716059105455453e-10,0.23540767469869758,0.025500080870405045,0.0234206038738691,False,1.9976409448217192e-10,False
2,0.04,+/-10%,volume,0.1,0.1,15,0.1.0b1,35f6a6573ef9,1.1.0a5,0.15106711027489736,0.018608339006492378,157986.03491955853,159897.98306323722,0.012102007273314957,False,0.05,0.0019433765468420793,False,0.0012985389338205338,0.07375996294114914,0.013294747585292194,0.008669419072306228,False,0.0018622179611906806,False
2,0.04,+/-10%,revenue,0.1,0.1,15,0.1.0b1,35f6a6573ef9,1.1.0a5,0.1707488457047258,0.029564636618139795,159905.9614060783,161879.61969788745,0.012342618589416281,False,0.05,0.0036305033887383186,False,0.0029145883739832134,0.12940998358278263,0.023666390051268964,0.009747913620108857,False,0.002917948380169446,False
2,0.04,+/-20%,volume,0.2,0.2,15,0.1.0b1,35f6a6573ef9,1.1.0a5,0.08376866397896295,0.01247022229793296,160595.78770539688,161911.37968724378,0.008191945758006244,False,0.05,2.6285846754547714e-05,False,2.0347481123584583e-05,0.05146133682563987,0.012381653395205252,0.007293485273079361,False,0.004047037040565646,False
2,0.04,+/-20%,revenue,0.2,0.2,15,0.1.0b1,35f6a6573ef9,1.1.0a5,0.42862964999844183,0.1573983276931286,162611.9172290668,165207.15752047615,0.01595971768633352,True,0.05,0.15946952900790484,True,0.1528612625902445,0.4230825960415306,0.16174245859024214,0.018086943124915066,True,0.15844402105456515,True
2,0.06,NHF,volume,,,15,0.1.0b1,35f6a6573ef9,1.1.0a5,0.0,0.0,175450.73654545454,175450.73654545454,0.0,False,0.05,0.0,False,0.0,0.0,0.0,0.0,False,0.0,False
2,0.06,NHF,revenue,,,15,0.1.0b1,35f6a6573ef9,1.1.0a5,0.0,0.0,175450.73654545454,175450.73654545454,0.0,False,0.05,0.0,False,0.0,0.0,0.0,0.0,False,0.0,False
2,0.06,NDY,volume,0.0,,15,0.1.0b1,35f6a6573ef9,1.1.0a5,0.17194812161325884,0.09504084714349226,155386.71753131616,140618.63226229334,-0.09504084714349222,True,0.05,0.07933952181281984,True,0.07933952181281986,0.29064041312647104,0.09835440250307564,-0.10092666741169515,True,0.06722277808749182,True
2,0.06,NDY,revenue,0.0,,15,0.1.0b1,35f6a6573ef9,1.1.0a5,0.14786664226168886,0.06096293521512517,160183.39816509062,150935.4424062901,-0.05773354707626604,True,0.05,0.053558610514497326,True,0.052080567075937584,0.1045219458871402,0.06067804445242106,-0.06067804445242092,True,0.052633785633714125,True
2,0.06,-10%,volume,0.1,,15,0.1.0b1,35f6a6573ef9,1.1.0a5,0.21560360950462354,0.014373574387272204,157868.215063094,159758.70505654722,0.011975114767071204,False,0.05,4.703603958708848e-10,False,4.1315428804193626e-10,0.18594845014520092,0.01239656376627444,0.012679087100194608,False,4.6941839749352e-10,False
2,0.06,-10%,revenue,0.1,,15,0.1.0b1,35f6a6573ef9,1.1.0a5,0.2741742968730976,0.022627016427676526,159799.8809434836,162315.20852208397,0.01574048468465365,False,0.05,0.00041520121592750333,False,0.0003098877142783609,0.1972277589611444,0.01720050004542278,0.013991337595698029,False,1.9775653184744144e-06,False
2,0.06,-20%,volume,0.2,,15,0.1.0b1,35f6a6573ef9,1.1.0a5,0.02594116891051077,0.002558575077047953,160285.6633408301,159987.2934045239,-0.001861488607822353,False,0.05,0.001040727125408741,False,0.0009072488788586,0.021689491583363266,0.0022280331558233316,-0.0019784483263812886,False,0.0009700819762865603,False
2,0.06,-20%,revenue,0.2,,15,0.1.0b1,35f6a6573ef9,1.1.0a5,0.31060126946280664,0.03058217681414607,161928.71900126472,165851.69904114492,0.02422658601930621,False,0.05,1.9440215965372982e-10,False,1.6379107324511422e-10,0.23540767469869758,0.025500080863817366,0.02342060386837642,False,1.898828207540968e-10,False
2,0.06,+/-10%,volume,0.1,0.1,15,0.1.0b1,35f6a6573ef9,1.1.0a5,0.15167340258390008,0.02229119530816247,157986.03491955853,159786.26721141583,0.011394882419664026,False,0.05,0.0027429378877516578,False,0.0016429568601173128,0.12653644344199896,0.02048941883229288,0.011727639100844556,False,0.002703467080285228,False
2,0.06,+/-10%,revenue,0.1,0.1,15,0.1.0b1,35f6a6573ef9,1.1.0a5,0.1759957135815206,0.02986696270680332,159936.1353214785,162215.58741375114,0.014252264428491037,False,0.05,0.005071443874278381,False,0.0036842278844505835,0.1522105223070623,0.02489747046565821,0.01220604184864211,False,0.0048601068115553744,False
2,0.06,+/-20%,volume,0.2,0.2,15,0.1.0b1,35f6a6573ef9,1.1.0a5,0.4825776216165298,0.06620701904247182,155575.63221347818,160671.086348327,0.03275226372120358,True,0.05,0.007011375476767619,False,0.005593868476053526,0.4781027706656154,0.06635538423913905,0.04159952952940149,True,0.007681408366859878,False
2,0.06,+/-20%,revenue,0.2,0.2,15,0.1.0b1,35f6a6573ef9,1.1.0a5,0.43208373822782253,0.1326127849895022,162545.24867866654,165175.7710053381,0.01618332340105364,True,0.05,0.12479467213318204,True,0.12594087923013206,0.42814257198596684,0.1320219510059944,0.018977462137443,True,0.12300752988369971,True
3,0.0,NHF,volume,,,15,0.1.0b1,35f6a6573ef9,1.1.0a5,1.0,0.5395368103384226,124461.62281818182,69534.496,-0.44131777791794835,True,0.05,0.4093052155076339,True,1.4295242042481897,1.0,0.5395368103384226,-0.4506573225064962,True,0.4093052155076339,True
3,0.0,NHF,revenue,,,15,0.1.0b1,35f6a6573ef9,1.1.0a5,1.0,0.5395368103384226,124461.62281818182,69534.496,-0.44131777791794835,True,0.05,0.4093052155076339,True,1.4295242042481897,1.0,0.5395368103384226,-0.4506573225064962,True,0.4093052155076339,True
3,0.0,NDY,volume,0.0,,15,0.1.0b1,35f6a6573ef9,1.1.0a5,0.8970677892867569,0.24205781934039905,102365.67680263257,83389.5304747344,-0.18537606471830753,True,0.05,0.2989368638424577,True,0.26424229136925087,1.1494133167533158,0.3076273948727267,-0.2443539524446381,True,0.3779576591883205,True
3,0.0,NDY,revenue,0.0,,15,0.1.0b1,35f6a6573ef9,1.1.0a5,1.0,0.3243683973845493,108796.99389511501,86488.5708848132,-0.20504631802426532,True,0.05,0.37386327414803605,True,0.3622661924546656,1.0,0.33566483858238544,-0.24686946853796712,True,0.37583340317149844,True
3,0.0,-10%,volume,0.1,,15,0.1.0b1,35f6a6573ef9,1.1.0a5,0.9849723048099726,0.25528974899238444,106342.06738110929,90439.08682493863,-0.1495455274456671,True,0.05,0.32052150820383235,True,0.33465649531718544,1.4122374668050035,0.37803422827910244,-0.21873040088671114,True,0.48259520672327944,True
3,0.0,-10%,revenue,0.1,,15,0.1.0b1,35f6a6573ef9,1.1.0a5,0.8833132275475908,0.2492892922791187,111774.38332630142,95698.75401249592,-0.14382212485016482,True,0.05,0.31330487034962967,True,0.3170166644340679,1.3752104965754066,0.3439972818420234,-0.2090821074527274,True,0.4351320157307472,True
3,0.0,-20%,volume,0.2,,15,0.1.0b1,35f6a6573ef9,1.1.0a5,1.0,0.34187865334578166,111451.43168600224,95058.6787797054,-0.1470842739147665,True,0.05,0.42614184318776244,True,0.6737870418783344,1.3050407160482882,0.4776354895584712,-0.208879553741925,True,0.6105519277987135,True
3,0.0,-20%,revenue,0.2,,15,0.1.0b1,35f6a6573ef9,1.1.0a5,1.0,0.43197557121523744,115337.95933612509,99428.41148494129,-0.137938523819545,True,0.05,0.5440474175625042,True,0.9178776111708011,1.3817342189345736,0.5100403133813884,-0.1909673387607683,True,0.6457967324830882,True
3,0.0,+/-10%,volume,0.1,0.1,15,0.1.0b1,35f6a6573ef9,1.1.0a5,0.3683635988055912,0.19226813253832284,107490.2038964996,85137.47688870272,-0.20795129414137056,True,0.05,0.19940580565086236,True,0.22122111565461572,0.3735254684431174,0.21383869817147266,-0.23260002283147263,True,0.22485572457746392,True
3,0.0,+/-10%,revenue,0.1,0.1,15,0.1.0b1,35f6a6573ef9,1.1.0a5,0.33045206814180633,0.19212782032140815,109048.36006222237,88592.89203433706,-0.1875816198997724,True,0.05,0.20194588473439765,True,0.21120365686595824,0.36428671492669756,0.20825042417733217,-0.22644837216059296,True,0.21004767394471874,True
3,0.0,+/-20%,volume,0.2,0.2,15,0.1.0b1,35f6a6573ef9,1.1.0a5,0.35235001032506436,0.17845792483296563,109643.01633148233,88062.50610737118,-0.19682521464811825,True,0.05,0.17706310959255997,True,0.20055011443471363,0.43689875870702877,0.22214146965341167,-0.2322673935313011,True,0.23528428883390973,True
3,0.0,+/-20%,revenue,0.2,0.2,15,0.1.0b1,35f6a6573ef9,1.1.0a5,0.5778789776774198,0.2140672337718827,114251.4588727592,93135.62574907114,-0.18481893651095144,True,0.05,0.20909761174516134,True,0.2074038557373198,0.5510092107148448,0.2157685473122157,-0.2150302029138094,True,0.20191611923157082,True
3,0.02,NHF,volume,,,15,0.1.0b1,35f6a6573ef9,1.1.0a5,1.0,0.2216491525441196,102185.36005454545,99257.25432727273,-0.028654845720656342,True,0.05,0.3041028597200416,True,0.45106097794871186,1.0,0.21984182349397857,-0.020023971018093202,True,0.3041028597200416,True
3,0.02,NHF,revenue,,,15,0.1.0b1,35f6a6573ef9,1.1.0a5,1.0,0.2216491525441196,102185.36005454545,99257.25432727273,-0.028654845720656342,True,0.05,0.3041028597200416,True,0.45106097794871186,1.0,0.21984182349397857,-0.020023971018093202,True,0.3041028597200416,True
3,0.02,NDY,volume,0.0,,15,0.1.0b1,35f6a6573ef9,1.1.0a5,0.339884728333787,0.024530806037847647,97781.55186070748,94551.44520311453,-0.03303390666364469,False,0.05,0.0018493302186120748,False,0.0018994943743055274,0.3608283394357823,0.04014519595597632,-0.0375582195245729,False,0.013541508899632005,False
3,0.02,NDY,revenue,0.0,,15,0.1.0b1,35f6a6573ef9,1.1.0a5,0.17537256664680165,0.04114927889923865,97983.56476163409,95032.09257114786,-0.030122114843099543,False,0.05,0.021148027981755912,False,0.022953219745232484,0.051529166471178264,0.025239605865822183,-0.028011433410708438,False,0.018358583821576874,False
3,0.02,-10%,volume,0.1,,15,0.1.0b1,35f6a6573ef9,1.1.0a5,0.1871331984956732,0.02187111395188334,96551.08815444428,94231.3599690753,-0.024025914463628967,False,0.05,5.1731849135657536e-05,False,5.474517919006256e-05,0.18713319849567325,0.036172610500018444,-0.02428697435252476,False,0.010529559121897254,False
3,0.02,-10%,revenue,0.1,,15,0.1.0b1,35f6a6573ef9,1.1.0a5,0.286807366406633,0.04491173483762371,97458.86907663234,94673.34550544564,-0.02858152980409027,False,0.05,0.012458542570081629,False,0.013896533370422879,0.2842454483539795,0.03528492790278871,-0.03165170595926658,False,0.006285669030358229,False
3,0.02,-20%,volume,0.2,,15,0.1.0b1,35f6a6573ef9,1.1.0a5,0.5196200908731098,0.09301803700590164,96726.96801761637,94264.040781615,-0.025462673817634927,True,0.05,0.04859978327819987,False,0.03990341985359793,0.5196200908731099,0.1199523428111403,-0.026960491276975893,True,0.09031855283880653,True
3,0.02,-20%,revenue,0.2,,15,0.1.0b1,35f6a6573ef9,1.1.0a5,0.19985008469122964,0.0532435762797555,96634.31209887382,95691.60015853196,-0.009755457661635781,True,0.05,0.06648125732994506,True,0.05132274436340359,0.1750271486997135,0.04769198383872243,-0.009128603442556537,False,0.059892833182744944,True
3,0.02,+/-10%,volume,0.1,0.1,15,0.1.0b1,35f6a6573ef9,1.1.0a5,0.20564265069041648,0.08396723456174524,98562.74473756122,95808.8727249088,-0.02794029346468632,True,0.05,0.06693982384472871,True,0.07278026116252632,0.23049326364194322,0.09275894692009935,-0.03274564775177663,True,0.07407320517793269,True
3,0.02,+/-10%,revenue,0.1,0.1,15,0.1.0b1,35f6a6573ef9,1.1.0a5,0.3594291504624209,0.1568529866968698,98781.08120720205,93280.03351556898,-0.055689284065378195,True,0.05,0.13831948880473657,True,0.1694772866419528,0.3542846086195475,0.166345032795594,-0.0618599926598091,True,0.14184412009268269,True
3,0.02,+/-20%,volume,0.2,0.2,15,0.1.0b1,35f6a6573ef9,1.1.0a5,0.3092402948168926,0.11790857251517459,99074.72264764785,96395.03133618926,-0.027047174494635947,True,0.05,0.11943911764750673,True,0.13644182219352882,0.3319070423349629,0.13306860608866955,-0.029662816949131973,True,0.13452837474035356,True
3,0.02,+/-20%,revenue,0.2,0.2,15,0.1.0b1,35f6a6573ef9,1.1.0a5,0.46172340589082966,0.18753980875270507,99276.88565864944,93463.90593913218,-0.0585532038092374,True,0.05,0.20270546897609484,True,0.26324306407744896,0.4540011772471049,0.1973622106723791,-0.06568172322762524,True,0.2038567248764814,True
3,0.04,NHF,volume,,,15,0.1.0b1,35f6a6573ef9,1.1.0a5,1.3891691157342978e-16,9.261127438228652e-18,101056.26069090911,101056.26069090911,0.0,False,0.05,1.3891691157342977e-17,False,3.647508760666419e-17,0.0,0.0,0.0,False,0.0,False
3,0.04,NHF,revenue,,,15,0.1.0b1,35f6a6573ef9,1.1.0a5,1.3891691157342978e-16,9.261127438228652e-18,101056.26069090911,101056.26069090911,0.0,False,0.05,1.3891691157342977e-17,False,3.647508760666419e-17,0.0,0.0,0.0,False,0.0,False
3,0.04,NDY,volume,0.0,,15,0.1.0b1,35f6a6573ef9,1.1.0a5,0.25382040991584215,0.10935925139632287,103986.78049077789,92614.8640211927,-0.1093592513963226,True,0.05,0.0875594397501877,True,0.0875594397501877,1.4115219214773913,0.22235171778051535,-0.002637370925695719,True,0.2406696478286619,True
3,0.04,NDY,revenue,0.0,,15,0.1.0b1,35f6a6573ef9,1.1.0a5,0.1753725666468028,0.041149278899238466,97983.5647616341,95032.09257114789,-0.03012211484309939,False,0.05,0.021148027981755576,False,0.0229532197452322,0.05152916647117867,0.025239605865822575,-0.028011433410708806,False,0.018358583821577228,False
3,0.04,-10%,volume,0.1,,15,0.1.0b1,35f6a6573ef9,1.1.0a5,0.20470931519710756,0.10289979175723658,102862.91524762523,94401.81197745452,-0.0822561099867919,True,0.05,0.11245814527739581,True,0.10483886485521028,1.6596681223336227,0.21410383612650205,0.031626507217756096,True,0.2796234191688364,True
3,0.04,-10%,revenue,0.1,,15,0.1.0b1,35f6a6573ef9,1.1.0a5,9.993434038771116e-10,2.3373829404046937e-10,93484.69183985236,93484.6918365366,-3.546843534415423e-11,False,0.05,2.0463247724212502e-10,False,1.6655883946044443e-10,9.993433223840734e-10,2.3637825671850494e-10,-3.6855222745516874e-11,False,2.1054602699039982e-10,False
3,0.04,-20%,volume,0.2,,15,0.1.0b1,35f6a6573ef9,1.1.0a5,0.21280716577118292,0.12240501673647038,101947.57027130385,95942.90145916416,-0.058899577460845856,True,0.05,0.13178554400309245,True,0.11283824389103209,1.6664541265385158,0.2881362285107851,0.06253440184975138,True,0.3820464187261058,True
3,0.04,-20%,revenue,0.2,,15,0.1.0b1,35f6a6573ef9,1.1.0a5,0.022537976822051525,0.002577953604198094,94964.66509618073,94979.732223488,0.00015866035321670114,False,0.05,0.0038150671293588163,False,0.0031296137969469527,0.0004831274923368062,0.0001476747203147221,-3.1063944070009536e-05,False,0.00016964880376106102,False
3,0.04,+/-10%,volume,0.1,0.1,15,0.1.0b1,35f6a6573ef9,1.1.0a5,0.3015397991653277,0.15543766203896692,101851.25960238032,100111.54521924652,-0.017080931447735825,True,0.05,0.13717152344826247,True,0.14814184009206038,1.7779318698904572,0.2913772830662179,0.019741553259800752,True,0.3286995443737145,True
3,0.04,+/-10%,revenue,0.1,0.1,15,0.1.0b1,35f6a6573ef9,1.1.0a5,0.4703093987433884,0.22066654452692924,102302.3188799437,93413.16269672589,-0.08689105272041418,True,0.05,0.1654805057163347,True,0.21716374739126054,0.5094648053341095,0.22531825349108792,-0.10225373749063454,True,0.15484413419483953,True
3,0.04,+/-20%,volume,0.2,0.2,15,0.1.0b1,35f6a6573ef9,1.1.0a5,0.41366436793537764,0.18689377038224692,103052.02012680506,101184.45958182597,-0.018122503010431664,True,0.05,0.17698902172606007,True,0.20281205486202428,1.9463928881244053,0.3917105810032563,0.030830444548538664,True,0.44454646854488933,True
3,0.04,+/-20%,revenue,0.2,0.2,15,0.1.0b1,35f6a6573ef9,1.1.0a5,0.6284124979208696,0.2669252439281749,101635.72702230806,93453.71468856728,-0.08050330895891461,True,0.05,0.26605489266337906,True,0.37477606522905466,0.6724266645579292,0.2771482290506992,-0.0953399687037554,True,0.26068745844154156,True
3,0.06,NHF,volume,,,15,0.1.0b1,35f6a6573ef9,1.1.0a5,1.3891691157342978e-16,9.261127438228652e-18,101056.26069090911,101056.26069090911,0.0,False,0.05,1.3891691157342977e-17,False,3.647508760666419e-17,0.0,0.0,0.0,False,0.0,False
3,0.06,NHF,revenue,,,15,0.1.0b1,35f6a6573ef9,1.1.0a5,1.3891691157342978e-16,9.261127438228652e-18,101056.26069090911,101056.26069090911,0.0,False,0.05,1.3891691157342977e-17,False,3.647508760666419e-17,0.0,0.0,0.0,False,0.0,False
3,0.06,NDY,volume,0.0,,15,0.1.0b1,35f6a6573ef9,1.1.0a5,0.39010085549703244,0.11927698190369564,103287.2866258438,92013.27522754388,-0.10915197568447901,True,0.05,0.09393962764487285,True,0.09401955269081537,1.3670652434217212,0.22602229660433779,-0.0043770236188989545,True,0.22366611182586923,True
3,0.06,NDY,revenue,0.0,,15,0.1.0b1,35f6a6573ef9,1.1.0a5,0.17537256664680173,0.04114927889923868,97983.56476163407,95032.09257114785,-0.030122114843099547,False,0.05,0.021148027981756013,False,0.022953219745232616,0.051529166471178986,0.025239605865822363,-0.02801143341070906,False,0.01835858382157714,False
3,0.06,-10%,volume,0.1,,15,0.1.0b1,35f6a6573ef9,1.1.0a5,0.47744409098919766,0.15708384778526568,103534.27019117365,94670.89900954271,-0.08560809058937612,True,0.05,0.137503460351353,True,0.12514590632433195,1.9960505274616838,0.22682852459293565,0.023925373290331557,True,0.24296964857669465,True
3,0.06,-10%,revenue,0.1,,15,0.1.0b1,35f6a6573ef9,1.1.0a5,1.2247672094119022e-09,2.593430973877767e-10,93484.69183985234,93484.69184775396,8.452311339875022e-11,False,0.05,1.619013772956688e-10,False,1.252173752310906e-10,1.1991702324619065e-09,2.526163555241803e-10,9.157016162911614e-11,False,1.5158886230931242e-10,False
3,0.06,-20%,volume,0.2,,15,0.1.0b1,35f6a6573ef9,1.1.0a5,0.5018024471122319,0.205277917901701,100136.67487111715,94966.40891695712,-0.0516320914471598,True,0.05,0.18126663718292413,True,0.14405159194003656,1.9496207532009586,0.359769662527038,0.06905396367278349,True,0.4161319963629665,True
3,0.06,-20%,revenue,0.2,,15,0.1.0b1,35f6a6573ef9,1.1.0a5,0.021687074648718028,0.0023479012560951844,95041.38549675055,95057.59658722497,0.00017056875159898477,False,0.05,0.0035198319368203806,False,0.00279794578300957,1.3792418088292688e-05,5.939781640763051e-06,-6.963957588005957e-06,False,6.88972595079094e-06,False
3,0.06,+/-10%,volume,0.1,0.1,15,0.1.0b1,35f6a6573ef9,1.1.0a5,0.3300614930859572,0.13754797451891582,99606.375589936,102650.20525484387,0.030558582689915795,True,0.05,0.12295009546024457,True,0.13918044529741408,0.4669917146984981,0.1768403508956175,0.03588868557231474,True,0.17383872671269712,True
3,0.06,+/-10%,revenue,0.1,0.1,15,0.1.0b1,35f6a6573ef9,1.1.0a5,0.5381842713752049,0.22005925268695242,101130.58554729336,94770.27069676474,-0.0628920995177492,True,0.05,0.19990890441806602,True,0.2785113995657048,0.530085141510267,0.18340881025609562,0.03619002270165765,True,0.17081901278539458,True
3,0.06,+/-20%,volume,0.2,0.2,15,0.1.0b1,35f6a6573ef9,1.1.0a5,0.6875005422600958,0.2752304301308799,106116.2109379858,103096.14340276395,-0.028460001620174483,True,0.05,0.2455683048646084,True,0.3168060752723651,1.2196950208187283,0.36194904970522235,-0.026340874737791856,True,0.34879964165182736,True
3,0.06,+/-20%,revenue,0.2,0.2,15,0.1.0b1,35f6a6573ef9,1.1.0a5,0.6602558522060331,0.25180549007776126,99932.64754145911,94336.41243430367,-0.05600006849447005,True,0.05,0.20791582495217006,True,0.28572103933966286,0.6547233014445549,0.30089970808160105,-0.013882526113008586,True,0.26015698387882996,True
4,0.0,NHF,volume,,,15,0.1.0b1,35f6a6573ef9,1.1.0a5,1.0,0.6045560480112849,162436.55430000002,87985.9905,-0.4583362662476768,True,0.05,0.5068340720169274,True,1.0608505703709952,1.0,0.6044687984056759,-0.46806433102118167,True,0.5067031976085138,True
4,0.0,NHF,revenue,,,15,0.1.0b1,35f6a6573ef9,1.1.0a5,1.0,0.6045560480112849,162436.55430000002,87985.9905,-0.4583362662476768,True,0.05,0.5068340720169274,True,1.0608505703709952,1.0,0.6044687984056759,-0.46806433102118167,True,0.5067031976085138,True
4,0.0,NDY,volume,0.0,,15,0.1.0b1,35f6a6573ef9,1.1.0a5,0.6950919678673333,0.18634242995136568,131281.6436304581,108154.15014001369,-0.1761670013482273,True,0.05,0.22977845502056402,True,0.21847776010089337,0.680933191453592,0.20526946411115346,-0.19856523417242816,True,0.23789232028307059,True
4,0.0,NDY,revenue,0.0,,15,0.1.0b1,35f6a6573ef9,1.1.0a5,1.0,0.2124163424854283,133744.848491995,110687.47406943871,-0.17239822454871107,True,0.05,0.285629815812807,True,0.24887343106509177,1.0,0.23088264020127244,-0.20370558939894678,True,0.2851899604241757,True
4,0.0,-10%,volume,0.1,,15,0.1.0b1,35f6a6573ef9,1.1.0a5,0.6637304768859906,0.20678430199053305,134271.26982968065,114843.62030047865,-0.14468954940133827,True,0.05,0.26086956035399067,True,0.3178996805327774,0.6644734995555267,0.2151069073182378,-0.1630788670458145,True,0.25988348253458743,True
4,0.0,-10%,revenue,0.1,,15,0.1.0b1,35f6a6573ef9,1.1.0a5,0.897470491074595,0.23910703446174023,137081.45131912042,120310.08995769193,-0.12234595709367996,True,0.05,0.2850091852991501,True,0.29484286304351565,0.8927094082571574,0.24528461862912845,-0.1401119756279374,True,0.2805225890549609,True
4,0.0,-20%,volume,0.2,,15,0.1.0b1,35f6a6573ef9,1.1.0a5,1.0,0.31362516061374657,138015.11167601586,120748.7593055115,-0.1251047958504452,True,0.05,0.394481413812483,True,0.45192980213549655,1.0,0.31553404235553806,-0.1368228999734947,True,0.3925237023522839,True
4,0.0,-20%,revenue,0.2,,15,0.1.0b1,35f6a6573ef9,1.1.0a5,1.0,0.39621684355472114,139262.03684704783,117586.84997152224,-0.15564318436137445,True,0.05,0.40788999119676533,True,0.3318711344639371,1.0,0.3960116390902338,-0.17511460622905636,True,0.40760243145987546,True
4,0.0,+/-10%,volume,0.1,0.1,15,0.1.0b1,35f6a6573ef9,1.1.0a5,0.31571843511340614,0.17682638933100508,133322.8694299221,109894.40713364826,-0.17572725816997545,True,0.05,0.19759567439378084,True,0.20202011576775905,0.32936141953810194,0.18990881848003985,-0.19434981220040126,True,0.20351597392515197,True
4,0.0,+/-10%,revenue,0.1,0.1,15,0.1.0b1,35f6a6573ef9,1.1.0a5,0.40088505067724467,0.16250838928716016,134206.5332915047,112586.07017734794,-0.16109843972495588,True,0.05,0.1619217546629012,True,0.15969351427871206,0.42725447848393167,0.16734985992046625,-0.18268221090018613,True,0.1547958078091031,True
4,0.0,+/-20%,volume,0.2,0.2,15,0.1.0b1,35f6a6573ef9,1.1.0a5,0.4496968650974533,0.16657448982866718,136436.3374540101,115060.883355503,-0.15666980290871793,True,0.05,0.14198571936590393,True,0.1272154940039095,0.4552664322936948,0.17349424980249706,-0.17599616615472816,True,0.14122172723378418,True
4,0.0,+/-20%,revenue,0.2,0.2,15,0.1.0b1,35f6a6573ef9,1.1.0a5,0.4521187558458475,0.16378845222839786,137066.31132246536,121221.25111306549,-0.11560141990049197,True,0.05,0.15103857493107958,True,0.1386456492320271,0.4845882815368481,0.16881760328363038,-0.1361924662319788,True,0.14906707759541563,True
4,0.02,NHF,volume,,,15,0.1.0b1,35f6a6573ef9,1.1.0a5,1.0,0.17554071327070497,133226.82386363638,130298.71813636365,-0.021978349722348564,True,0.05,0.23335116149987295,True,0.36245371803420934,1.0,0.17251880493839838,-0.01574456593146639,True,0.23221985562920663,True
4,0.02,NHF,revenue,,,15,0.1.0b1,35f6a6573ef9,1.1.0a5,1.0,0.17554071327070497,133226.82386363638,130298.71813636365,-0.021978349722348564,True,0.05,0.23335116149987295,True,0.36245371803420934,1.0,0.17251880493839838,-0.01574456593146639,True,0.23221985562920663,True
4,0.02,NDY,volume,0.0,,15,0.1.0b1,35f6a6573ef9,1.1.0a5,0.03654295564630268,0.0202643514272852,127953.36835587912,125360.47633321071,-0.02026435142728524,False,0.05,0.01700527690454056,False,0.017005276904540564,0.1207904652217071,0.03017873478768645,-0.022192496378675947,False,0.025585045824657565,False
4,0.02,NDY,revenue,0.0,,15,0.1.0b1,35f6a6573ef9,1.1.0a5,0.10131391764943865,0.016227719958666734,128218.59525914474,127296.98458548351,-0.007187808225464837,False,0.05,0.008328003062009535,False,0.008370323515283398,0.010203816819598161,0.0057469427918703676,-0.005735288022236647,False,0.004654821943416329,False
4,0.02,-10%,volume,0.1,,15,0.1.0b1,35f6a6573ef9,1.1.0a5,0.11734228134543713,0.013886877519285383,125589.44697946004,125898.30054548981,0.0024592318340272363,False,0.05,0.002363585466906061,False,0.002235240360880792,0.10742380595348919,0.019951299274887552,0.0021318689216742745,False,0.012090520713311369,False
4,0.02,-10%,revenue,0.1,,15,0.1.0b1,35f6a6573ef9,1.1.0a5,0.07850801766277488,0.019003358679800512,126049.33454955727,125489.88733551174,-0.004438319456780485,False,0.05,0.020137875015177064,False,0.021301424974620807,0.07744929905939672,0.0144502837906431,-0.005328051061774135,False,0.013414134541244706,False
4,0.02,-20%,volume,0.2,,15,0.1.0b1,35f6a6573ef9,1.1.0a5,0.024486540999879777,0.0035453944385840496,126449.40056727131,126479.441922868,0.00023757610128577206,False,0.05,0.00011152815777751828,False,0.00011012403752713829,0.02163629400336019,0.0034435114662852125,0.00023408502726187034,False,0.00024372839748630512,False
4,0.02,-20%,revenue,0.2,,15,0.1.0b1,35f6a6573ef9,1.1.0a5,0.3282463487895204,0.028943999451276063,127009.30043940045,124540.20002922337,-0.01944031186405247,False,0.05,0.01059136419171926,False,0.011995250385684537,0.3467883697240695,0.024218641081151834,-0.023990740866860035,False,0.0016491245436449028,False
4,0.02,+/-10%,volume,0.1,0.1,15,0.1.0b1,35f6a6573ef9,1.1.0a5,0.11704862721408583,0.020031988165482458,125553.56786998776,125424.58292596432,-0.0010273299772492709,False,0.05,0.027939175284565666,False,0.029911784721168334,0.10905305684386037,0.02043894963636608,-0.0020279173742588385,False,0.029128736596360016,False
4,0.02,+/-10%,revenue,0.1,0.1,15,0.1.0b1,35f6a6573ef9,1.1.0a5,0.24466389061182733,0.10159097993464447,127490.0478455082,126292.10575816136,-0.009396357657646409,True,0.05,0.11754090468379116,True,0.12473479647011664,0.23512470684480952,0.10181854491748993,-0.011910038835010234,True,0.1129934124900313,True
4,0.02,+/-20%,volume,0.2,0.2,15,0.1.0b1,35f6a6573ef9,1.1.0a5,0.20972963449918122,0.04146383659167762,126627.96890070185,126621.72304687832,-4.932444133586447e-05,False,0.05,0.05232271134757936,True,0.06455322437420223,0.20872372995875046,0.04185621440264044,0.00017290326328838948,False,0.05185632023255238,True
4,0.02,+/-20%,revenue,0.2,0.2,15,0.1.0b1,35f6a6573ef9,1.1.0a5,0.4159179307583751,0.15700537892313968,128409.49516363465,126710.3070375622,-0.013232573836593159,True,0.05,0.2163611157047538,True,0.25039010454361504,0.4139566714375519,0.15703382534621754,-0.012695213674579289,True,0.2116095961248551,True
4,0.04,NHF,volume,,,15,0.1.0b1,35f6a6573ef9,1.1.0a5,1.216451809784119e-16,8.109678731894126e-18,132097.7245,132097.7245,0.0,False,0.05,1.216451809784119e-17,False,2.918007008533135e-17,0.0,0.0,0.0,False,0.0,False
4,0.04,NHF,revenue,,,15,0.1.0b1,35f6a6573ef9,1.1.0a5,1.216451809784119e-16,8.109678731894126e-18,132097.7245,132097.7245,0.0,False,0.05,1.216451809784119e-17,False,2.918007008533135e-17,0.0,0.0,0.0,False,0.0,False
4,0.04,NDY,volume,0.0,,15,0.1.0b1,35f6a6573ef9,1.1.0a5,0.0669438760926455,0.03114088888469409,127857.16217916808,123875.57649863431,-0.03114088888469396,False,0.05,0.024604517920763683,False,0.024604517920763683,0.18098584336580492,0.05573320766306241,-0.033871000937210086,True,0.039534067371414766,False
4,0.04,NDY,revenue,0.0,,15,0.1.0b1,35f6a6573ef9,1.1.0a5,0.10131391764943867,0.016227719958666918,128218.59525914474,127296.98458548362,-0.007187808225464043,False,0.05,0.008328003062009745,False,0.008370323515283638,0.010203816819598165,0.005746942791869983,-0.005735288022235682,False,0.00465482194341644,False
4,0.04,-10%,volume,0.1,,15,0.1.0b1,35f6a6573ef9,1.1.0a5,0.03174382391617406,0.0028238525066020797,125179.17853942847,124817.44844954881,-0.0028896985433221755,False,0.05,0.0006065122605172309,False,0.0006185172777825095,0.027356267688644704,0.003714582258876121,-0.003099780866521307,False,0.0022408781576801484,False
4,0.04,-10%,revenue,0.1,,15,0.1.0b1,35f6a6573ef9,1.1.0a5,0.00016934773896212446,2.2978319371648172e-05,123556.08054816193,123556.24883144569,1.3619992072226585e-06,False,0.05,2.5853659478768664e-05,False,2.4141735788137366e-05,0.00019149057102199902,2.289312690919494e-05,1.6369228990123577e-06,False,2.5490689511702212e-05,False
4,0.04,-20%,volume,0.2,,15,0.1.0b1,35f6a6573ef9,1.1.0a5,0.315971684013697,0.035301504887333,125699.41389371557,126796.86079014593,0.008730724053799542,False,0.05,0.0005127365154866625,False,0.0005242408963968364,0.31597168401369696,0.03747681825119639,0.006543292400472831,False,0.007571302075134526,False
4,0.04,-20%,revenue,0.2,,15,0.1.0b1,35f6a6573ef9,1.1.0a5,0.028398134486733864,0.0023274593971498916,124040.55478263531,123907.88560079565,-0.0010695629511827808,False,0.05,0.0006442086616258306,False,0.0006688446308282151,0.0310833160384927,0.0021262198242288106,-0.0013289285999133426,False,7.383114759483083e-05,False
4,0.04,+/-10%,volume,0.1,0.1,15,0.1.0b1,35f6a6573ef9,1.1.0a5,0.1763169495999013,0.03968443295592424,121983.73307442944,124023.26232409083,0.01671968219251781,False,0.05,0.02292749511199311,False,0.024008506890213017,0.17631694916672816,0.037740681016895435,0.017682861398798527,False,0.022197524202801716,False
4,0.04,+/-10%,revenue,0.1,0.1,15,0.1.0b1,35f6a6573ef9,1.1.0a5,0.3298993976170439,0.12078831347401721,129373.75537427007,125973.49459505358,-0.02628246176652872,True,0.05,0.12848393003985875,True,0.14192873066832534,0.3258831801828133,0.12916670716041023,-0.0336246831749314,True,0.12529878823984736,True
4,0.04,+/-20%,volume,0.2,0.2,15,0.1.0b1,35f6a6573ef9,1.1.0a5,0.4980796264137062,0.18185777187512706,127341.41546207205,127271.25333952587,-0.0005509764619122148,True,0.05,0.15525123196905066,True,0.19059882022790683,0.4980796264137061,0.17838533793092146,-0.0003611589655789626,True,0.15280754494812626,True
4,0.04,+/-20%,revenue,0.2,0.2,15,0.1.0b1,35f6a6573ef9,1.1.0a5,0.4689729295040586,0.18151433052857638,129260.87066834769,125602.38347839478,-0.028303129717729567,True,0.05,0.21495645669485047,True,0.2538719983872187,0.46585437752186937,0.19130530869701015,-0.03270760946493358,True,0.21124373688138057,True
4,0.06,NHF,volume,,,15,0.1.0b1,35f6a6573ef9,1.1.0a5,1.216451809784119e-16,8.109678731894126e-18,132097.7245,132097.7245,0.0,False,0.05,1.216451809784119e-17,False,2.918007008533135e-17,0.0,0.0,0.0,False,0.0,False
4,0.06,NHF,revenue,,,15,0.1.0b1,35f6a6573ef9,1.1.0a5,1.216451809784119e-16,8.109678731894126e-18,132097.7245,132097.7245,0.0,False,0.05,1.216451809784119e-17,False,2.918007008533135e-17,0.0,0.0,0.0,False,0.0,False
4,0.06,NDY,volume,0.0,,15,0.1.0b1,35f6a6573ef9,1.1.0a5,0.06831766632835595,0.035181306866886565,127857.16217916811,123358.98012141354,-0.035181306866886385,False,0.05,0.028821431504268823,False,0.02882143150426882,0.17196562358151993,0.061089816212930824,-0.03818469569407245,True,0.04450823169206999,False
4,0.06,NDY,revenue,0.0,,15,0.1.0b1,35f6a6573ef9,1.1.0a5,0.10131391764943845,0.016227719958666238,128218.59525914474,127296.98458548354,-0.00718780822546461,False,0.05,0.008328003062009079,False,0.008370323515283018,0.010203816819597982,0.00574694279187055,-0.0057352880222362596,False,0.004654821943417002,False
4,0.06,-10%,volume,0.1,,15,0.1.0b1,35f6a6573ef9,1.1.0a5,0.006512896086117506,0.00043419319390429505,124461.99150642191,124531.62984576257,0.0005595149048941945,False,0.05,1.3009017886881473e-10,False,1.1519023861005511e-10,0.0013886951702888493,9.25797987223542e-05,0.0001376727057094189,False,1.2890012922943044e-10,False
4,0.06,-10%,revenue,0.1,,15,0.1.0b1,35f6a6573ef9,1.1.0a5,6.433458581032705e-10,1.9348816345637692e-10,123061.42715853921,123061.42714980891,-7.09426611369432e-11,False,0.05,1.3748358892972387e-10,False,1.2972189309886496e-10,6.264160847866274e-10,1.9752856021513725e-10,-7.037294946237751e-11,False,1.4420197480140868e-10,False
4,0.06,-20%,volume,0.2,,15,0.1.0b1,35f6a6573ef9,1.1.0a5,0.23993018116511933,0.015995345592847432,122355.04871034622,125708.31349242578,0.027406018937704897,False,0.05,1.4531863615733615e-10,False,1.1484620608287701e-10,0.20726608626019782,0.013817739263962767,0.028060174662256496,False,1.4248380096494008e-10,False
4,0.06,-20%,revenue,0.2,,15,0.1.0b1,35f6a6573ef9,1.1.0a5,5.491399671785146e-10,1.5942760275106613e-10,124275.39398714725,124275.39398912512,1.5915195683980045e-11,False,0.05,1.288261128736658e-10,False,1.1254408161968771e-10,5.522294040839415e-10,1.6391993458520184e-10,1.6522795111726806e-11,False,1.3301366729944803e-10,False
4,0.06,+/-10%,volume,0.1,0.1,15,0.1.0b1,35f6a6573ef9,1.1.0a5,0.3253092840307031,0.11834280116857657,124476.7731192173,124743.5597432557,0.0021432643002633803,True,0.05,0.08655760403429212,True,0.09078583792975045,0.28923206759176145,0.11277988872245892,0.0020638455163213237,True,0.08182095700900985,True
4,0.06,+/-10%,revenue,0.1,0.1,15,0.1.0b1,35f6a6573ef9,1.1.0a5,0.3924356532783688,0.14590042250936458,131131.1416559954,125659.57724633538,-0.04172589623305436,True,0.05,0.11537973019051506,True,0.13219256983861216,0.3877482611392348,0.16355541706382976,-0.05397425658288869,True,0.12201821358763798,True
4,0.06,+/-20%,volume,0.2,0.2,15,0.1.0b1,35f6a6573ef9,1.1.0a5,0.5822300108116809,0.23657688749676142,128050.03897959045,126075.81897920331,-0.015417566571001247,True,0.05,0.14930337817132858,True,0.20219365800309988,0.5822300108116809,0.22835864617229443,-0.012687798024666045,True,0.13954905107580068,True
4,0.06,+/-20%,revenue,0.2,0.2,15,0.1.0b1,35f6a6573ef9,1.1.0a5,0.6364357321172655,0.2490505767952496,135147.7857263491,124574.35620158727,-0.07823605446389773,True,0.05,0.20026880618783025,True,0.2721507889153063,0.6302077123880336,0.27090311563076086,-0.09797686829430596,True,0.21614528673004432,True
5,0.0,NHF,volume,,,15,0.1.0b1,35f6a6573ef9,1.1.0a5,1.0,0.7333333333333333,117116.98758060895,79494.97800935002,-0.32123443702276383,True,0.05,0.7,True,1.915634185853477,1.0,0.7333333333333333,-0.34745294105966723,True,0.7,True
5,0.0,NHF,revenue,,,15,0.1.0b1,35f6a6573ef9,1.1.0a5,1.0,0.7333333333333333,117116.98758060895,79494.97800935002,-0.32123443702276383,True,0.05,0.7,True,1.915634185853477,1.0,0.7333333333333333,-0.34745294105966723,True,0.7,True
5,0.0,NDY,volume,0.0,,15,0.1.0b1,35f6a6573ef9,1.1.0a5,1.0,0.21380668322017243,99314.38064638895,78829.83520756797,-0.20625961019438518,True,0.05,0.21009742016782157,True,0.19704615830227407,1.0,0.29442398867692615,-0.26861474204723623,True,0.30872630177934995,True
5,0.0,NDY,revenue,0.0,,15,0.1.0b1,35f6a6573ef9,1.1.0a5,0.9466276952602768,0.3152180755963718,105956.52305268163,81391.78623213747,-0.23183789079536482,True,0.05,0.3446339970312422,True,0.32839277426935387,0.9466276952602768,0.3174353425104232,-0.2641322086735287,True,0.3311768707055313,True
5,0.0,-10%,volume,0.1,,15,0.1.0b1,35f6a6573ef9,1.1.0a5,0.5231941123428686,0.26368563463606354,103979.53191359964,87366.05839769155,-0.1597763830069251,True,0.05,0.2880059379846683,True,0.27988209136227976,1.265790394487175,0.3583919548263503,-0.22864776961533526,True,0.4139688964532239,True
5,0.0,-10%,revenue,0.1,,15,0.1.0b1,35f6a6573ef9,1.1.0a5,1.0,0.3703447647522091,108201.05886435555,86838.1523975979,-0.19743712946043251,True,0.05,0.4207336219847305,True,0.5088379690791095,1.0,0.3785116270823205,-0.2493275278460798,True,0.42094332768616,True
5,0.0,-20%,volume,0.2,,15,0.1.0b1,35f6a6573ef9,1.1.0a5,1.0,0.4212347172962806,107040.08213276575,90592.3825268617,-0.15365925808524108,True,0.05,0.48653990185051643,True,0.4840807323569191,1.0,0.4080618105986408,-0.2126896860963926,True,0.45898211857499327,True
5,0.0,-20%,revenue,0.2,,15,0.1.0b1,35f6a6573ef9,1.1.0a5,1.0,0.4765599444562463,109891.0925038239,87644.88105597337,-0.2024387140120244,True,0.05,0.4873249945872695,True,0.6626038079378471,1.0,0.45234984861673555,-0.2594364685684899,True,0.44937921775643985,True
5,0.0,+/-10%,volume,0.1,0.1,15,0.1.0b1,35f6a6573ef9,1.1.0a5,0.47101137312325503,0.20387231959671476,105834.98530410705,81232.92624721977,-0.232456772079625,True,0.05,0.1720514857421099,True,0.17802487851319432,0.5158464906451509,0.23464125368972638,-0.2509874288620778,True,0.21584238997479469,True
5,0.0,+/-10%,revenue,0.1,0.1,15,0.1.0b1,35f6a6573ef9,1.1.0a5,0.37255733400504676,0.20340148250155257,97907.87149892039,80727.46027605211,-0.1754752805861756,True,0.05,0.1943511202690169,True,0.21588126047053674,0.4188074123419168,0.21344073169274488,-0.25073087817478773,True,0.19684877085588787,True
5,0.0,+/-20%,volume,0.2,0.2,15,0.1.0b1,35f6a6573ef9,1.1.0a5,0.612152232723273,0.1867182694492782,107604.518902784,85022.89329311303,-0.209857595572473,True,0.05,0.11488047253858547,True,0.12681921315368772,0.6635096243718934,0.19652365097024935,-0.2336449264437043,True,0.13154114711360032,True
5,0.0,+/-20%,revenue,0.2,0.2,15,0.1.0b1,35f6a6573ef9,1.1.0a5,0.6303979745438932,0.20762926526813838,108713.3973038168,85313.08919460162,-0.2152476943004487,True,0.05,0.13879741154899589,True,0.15110847694469998,0.6195320303343416,0.2125919633574348,-0.2409306420219789,True,0.14924477316209744,True
5,0.02,NHF,volume,,,15,0.1.0b1,35f6a6573ef9,1.1.0a5,1.0,0.2432628032528065,98884.88753597214,94701.87935289905,-0.04230179441273477,True,0.05,0.33012857467282447,True,0.6320061796345852,1.0,0.24130264851516098,-0.028584591083718934,True,0.33012857467282447,True
5,0.02,NHF,revenue,,,15,0.1.0b1,35f6a6573ef9,1.1.0a5,1.0,0.2432628032528065,98884.88753597214,94701.87935289905,-0.04230179441273477,True,0.05,0.33012857467282447,True,0.6320061796345852,1.0,0.24130264851516098,-0.028584591083718934,True,0.33012857467282447,True
5,0.02,NDY,volume,0.0,,15,0.1.0b1,35f6a6573ef9,1.1.0a5,0.4522335311212166,0.09100401371593118,92807.42957843491,90250.88525256072,-0.027546763631822808,True,0.05,0.10739219660155816,True,0.10599383791971433,0.45426355680481134,0.10025910323615318,-0.02530262347124662,True,0.11564067892204548,True
5,0.02,NDY,revenue,0.0,,15,0.1.0b1,35f6a6573ef9,1.1.0a5,0.23067852242441883,0.07081711525861524,92765.23574789957,89949.23420736709,-0.030356216074147607,True,0.05,0.06989761822791737,True,0.06636870086403582,0.21854995274610914,0.0620908096077126,-0.028090647178008927,True,0.06648170892052545,True
5,0.02,-10%,volume,0.1,,15,0.1.0b1,35f6a6573ef9,1.1.0a5,0.9018948090344413,0.15633933439104522,90889.75363372937,87200.71402326124,-0.04058806920452602,True,0.05,0.1860181535101761,True,0.18780393501694756,0.9034424754512734,0.16863007919126194,-0.0367998907389425,True,0.20642277413206395,True
5,0.02,-10%,revenue,0.1,,15,0.1.0b1,35f6a6573ef9,1.1.0a5,0.9742613099386168,0.1892531771789841,90210.2912765856,86221.5585712543,-0.04421593865717398,True,0.05,0.22713699868050896,True,0.23592228496111858,0.972883745967384,0.17253849925901638,-0.040406089786730874,True,0.20415356123484113,True
5,0.02,-20%,volume,0.2,,15,0.1.0b1,35f6a6573ef9,1.1.0a5,0.4025766304226515,0.06763344380423851,89048.73817004694,89436.71552325637,0.004356910172815101,True,0.05,0.09664994861202633,True,0.08294925603763652,0.40257663042265146,0.07171416480292092,0.0018860707382869853,True,0.10494726806114593,True
5,0.02,-20%,revenue,0.2,,15,0.1.0b1,35f6a6573ef9,1.1.0a5,0.4956754089106696,0.0926723869304007,89009.90848023826,89057.23853600571,0.000531739180228009,True,0.05,0.13799875876767914,True,0.12484004265080441,0.4956754089106696,0.08296337975091389,-0.0026832703625699564,True,0.12287249946543319,True
5,0.02,+/-10%,volume,0.1,0.1,15,0.1.0b1,35f6a6573ef9,1.1.0a5,0.30690486366225184,0.13990512809377625,92450.6511338569,88913.83873746796,-0.03825621943179263,True,0.05,0.15313225892116641,True,0.1773914537181586,0.2990703560920847,0.1332119671450178,-0.04842516534260884,True,0.1432071361962476,True
5,0.02,+/-10%,revenue,0.1,0.1,15,0.1.0b1,35f6a6573ef9,1.1.0a5,0.3716982062571943,0.1363109551199126,93258.4983456982,88479.67846128142,-0.051242728214454615,True,0.05,0.14080108598137026,True,0.18566083938149683,0.37272538194148414,0.1458873334042594,-0.0578699851200405,True,0.14297881097536305,True
5,0.02,+/-20%,volume,0.2,0.2,15,0.1.0b1,35f6a6573ef9,1.1.0a5,0.3365604353219567,0.11747150231894585,91861.48417847583,89532.94854943572,-0.02534833450454649,True,0.05,0.12291003414517694,True,0.15305670290226342,0.32931408583162647,0.12030108771017083,-0.03181884472628402,True,0.12538032894473156,True
5,0.02,+/-20%,revenue,0.2,0.2,15,0.1.0b1,35f6a6573ef9,1.1.0a5,0.3994984011928538,0.1493422389596079,91815.27348414004,89160.34708396229,-0.02891595591267671,True,0.05,0.1454714106668961,True,0.19288381991630998,0.3913392787336054,0.15329304917954226,-0.032329765712602945,True,0.1527922642946758,True
5,0.04,NHF,volume,,,15,0.1.0b1,35f6a6573ef9,1.1.0a5,1.7070659635119943e-16,1.1380439756746628e-17,98239.6879000924,98239.6879000924,0.0,False,0.05,0.0,False,0.0,0.0,0.0,0.0,False,0.0,False
5,0.04,NHF,revenue,,,15,0.1.0b1,35f6a6573ef9,1.1.0a5,1.7070659635119943e-16,1.1380439756746628e-17,98239.6879000924,98239.6879000924,0.0,False,0.05,0.0,False,0.0,0.0,0.0,0.0,False,0.0,False
5,0.04,NDY,volume,0.0,,15,0.1.0b1,35f6a6573ef9,1.1.0a5,0.1425383790328632,0.08667970955503876,98271.80169178735,89933.71270328137,-0.08484721807235161,True,0.05,0.08716145363865381,True,0.08264874026514797,1.1474485647610086,0.18218650149768562,0.03239940663014779,True,0.1844268455137442,True
5,0.04,NDY,revenue,0.0,,15,0.1.0b1,35f6a6573ef9,1.1.0a5,0.17235710883482094,0.03213437202310138,92301.84611181705,89837.13746329054,-0.026702701542293095,False,0.05,0.022553056795636794,False,0.025750868616996717,0.042262107161463884,0.020692564411493204,-0.023659057659868185,False,0.015701706893855534,False
5,0.04,-10%,volume,0.1,,15,0.1.0b1,35f6a6573ef9,1.1.0a5,0.1342542746256981,0.06579018083099349,94805.71862963763,88976.6719519821,-0.0614841252396064,True,0.05,0.06629155180602811,True,0.06482582423901632,0.7297644345230417,0.1425508903905426,0.05528378125231958,True,0.15294410627112068,True
5,0.04,-10%,revenue,0.1,,15,0.1.0b1,35f6a6573ef9,1.1.0a5,0.12599596163023868,0.00839973104698127,90115.89051453368,88901.55215010811,-0.013475296726160864,False,0.05,2.623917920196514e-10,False,2.395658865908522e-10,0.16420500540119473,0.010947000650627224,-0.018956547140306576,False,2.907651084801723e-10,False
5,0.04,-20%,volume,0.2,,15,0.1.0b1,35f6a6573ef9,1.1.0a5,0.12536108021603348,0.008357405453127657,88632.1094207161,90013.50166734873,0.015585686222083285,False,0.05,1.4571117819365154e-10,False,1.170028604526317e-10,0.10468863260845412,0.006979242278173222,0.01437312384997354,False,1.4403746246016768e-10,False
5,0.04,-20%,revenue,0.2,,15,0.1.0b1,35f6a6573ef9,1.1.0a5,0.09779231065915095,0.006519487673519845,88559.88526623903,89604.5604272609,0.011796256938243021,False,0.05,3.1306721782029844e-10,False,2.616285861111992e-10,0.004590440305656651,0.00030602963341789185,0.0005662556572730164,False,2.893345712188894e-10,False
5,0.04,+/-10%,volume,0.1,0.1,15,0.1.0b1,35f6a6573ef9,1.1.0a5,0.3251384181489288,0.14751671953973383,93732.5588234663,94916.34477844894,0.012629399750114083,True,0.05,0.14957726448836156,True,0.16457573862950858,1.327732397563599,0.22943211994748916,0.005332613783021693,True,0.2678428592174181,True
5,0.04,+/-10%,revenue,0.1,0.1,15,0.1.0b1,35f6a6573ef9,1.1.0a5,0.4397661101778146,0.189536928368265,95347.71575560811,88799.7344900075,-0.06867475758291017,True,0.05,0.16269208356657883,True,0.222963838154721,0.5114960792620171,0.20205637725683254,-0.08141350103493708,True,0.15955750467106664,True
5,0.04,+/-20%,volume,0.2,0.2,15,0.1.0b1,35f6a6573ef9,1.1.0a5,0.37406741625391554,0.15243922111558814,90167.44366920207,93469.78253572251,0.036624514704395456,True,0.05,0.16217023622920282,True,0.20416389407607083,0.5501980889481538,0.20387203557026382,0.027104399976146963,True,0.16843007604233734,True
5,0.04,+/-20%,revenue,0.2,0.2,15,0.1.0b1,35f6a6573ef9,1.1.0a5,0.4892337544446896,0.20880791258688217,89202.30961539627,89870.1743643118,0.007487079110340136,True,0.05,0.2215885123704663,True,0.2964557202227168,0.4873271196757214,0.21284832045948976,0.0043820675468175104,True,0.21780583316087063,True
5,0.06,NHF,volume,,,15,0.1.0b1,35f6a6573ef9,1.1.0a5,1.7070659635119943e-16,1.1380439756746628e-17,98239.6879000924,98239.6879000924,0.0,False,0.05,0.0,False,0.0,0.0,0.0,0.0,False,0.0,False
5,0.06,NHF,revenue,,,15,0.1.0b1,35f6a6573ef9,1.1.0a5,1.7070659635119943e-16,1.1380439756746628e-17,98239.6879000924,98239.6879000924,0.0,False,0.05,0.0,False,0.0,0.0,0.0,0.0,False,0.0,False
5,0.06,NDY,volume,0.0,,15,0.1.0b1,35f6a6573ef9,1.1.0a5,0.24349485671502363,0.11219733324417795,99162.70387248119,88479.84286212246,-0.10773063453469774,True,0.05,0.10152982103058292,True,0.09551484529686312,1.188915931649997,0.18081726381508195,0.030674006238288254,True,0.18661220161077838,True
5,0.06,NDY,revenue,0.0,,15,0.1.0b1,35f6a6573ef9,1.1.0a5,0.17235710883482463,0.03213437202309986,92301.84611181702,89837.13746329058,-0.026702701542292318,False,0.05,0.022553056795635427,False,0.025750868616995135,0.04226210716146216,0.020692564411492007,-0.023659057659866884,False,0.01570170689385528,False
5,0.06,-10%,volume,0.1,,15,0.1.0b1,35f6a6573ef9,1.1.0a5,0.23395735753962837,0.08324360744091476,94913.70587968318,88515.98262274358,-0.06740568390670192,True,0.05,0.08159233745019559,True,0.07583241728562204,0.6973981120709896,0.12764098543183686,0.05251658056677431,True,0.132608719188879,True
5,0.06,-10%,revenue,0.1,,15,0.1.0b1,35f6a6573ef9,1.1.0a5,0.0810589880469357,0.005403932693831728,89220.72949394595,88439.48987487578,-0.00875625679706172,False,0.05,1.7419321750472052e-10,False,1.4318906632613882e-10,0.1372531979728578,0.009150213357139246,-0.016090214871606508,False,1.7656228509385073e-10,False
5,0.06,-20%,volume,0.2,,15,0.1.0b1,35f6a6573ef9,1.1.0a5,0.1705737379986116,0.03439469022931504,89940.10421368836,90498.48925444193,0.006208409981679582,False,0.05,0.0275189737504061,False,0.02419000971305551,0.35668769350725965,0.051773573177871283,0.03368758961569222,True,0.05573746669164635,True
5,0.06,-20%,revenue,0.2,,15,0.1.0b1,35f6a6573ef9,1.1.0a5,0.0995052697530897,0.006633684946449095,88559.88526623903,89624.88130105498,0.012025716063364764,False,0.05,3.1306721782029844e-10,False,2.616285861111992e-10,0.0065305835979812855,0.00043537251957286743,0.0008071560662406583,False,2.893345712188894e-10,False
5,0.06,+/-10%,volume,0.1,0.1,15,0.1.0b1,35f6a6573ef9,1.1.0a5,0.4567182290229615,0.1681392770237726,94506.5956246466,95843.98608671142,0.01415129233282892,True,0.05,0.13839256973373207,True,0.16540920256829308,0.545114596066657,0.20748947288010813,0.016054322878371337,True,0.1674996590619637,True
5,0.06,+/-10%,revenue,0.1,0.1,15,0.1.0b1,35f6a6573ef9,1.1.0a5,0.6856904147849787,0.24137082011280248,92217.80698222008,88638.54361590414,-0.03881314773627213,True,0.05,0.21365500524300743,True,0.3327200670092186,0.5942066597441713,0.23040121761870677,0.08947762564884565,True,0.23867529486215697,True
5,0.06,+/-20%,volume,0.2,0.2,15,0.1.0b1,35f6a6573ef9,1.1.0a5,0.46820234497580576,0.15612854314519345,92676.50062095541,97966.84945441548,0.057084037463795326,True,0.05,0.15262483297329837,True,0.18695376509164005,0.7082879985412455,0.2231109633277311,0.06505499708715967,True,0.16234805831469992,True
5,0.06,+/-20%,revenue,0.2,0.2,15,0.1.0b1,35f6a6573ef9,1.1.0a5,0.6425216642388013,0.23195925001635237,88079.36468187257,90000.95402964059,0.02181656685091304,True,0.05,0.21654798459507535,True,0.3024078646499457,0.6556343809619238,0.2355007259663391,0.01803345068212994,True,0.2119004622755032,True
6,0.0,NHF,volume,,,15,0.1.0b1,35f6a6573ef9,1.1.0a5,1.0,0.557312410779898,152451.68176929024,92156.36678394118,-0.3955044266195488,True,0.05,0.5359686161698469,True,1.5055588550781076,1.0,0.557312410779898,-0.40971086316403016,True,0.5359686161698469,True
6,0.0,NHF,revenue,,,15,0.1.0b1,35f6a6573ef9,1.1.0a5,1.0,0.557312410779898,152451.68176929024,92156.36678394118,-0.3955044266195488,True,0.05,0.5359686161698469,True,1.5055588550781076,1.0,0.557312410779898,-0.40971086316403016,True,0.5359686161698469,True
6,0.0,NDY,volume,0.0,,15,0.1.0b1,35f6a6573ef9,1.1.0a5,0.8932478834445454,0.21509404756107425,123041.93147693078,102289.40101722977,-0.16866226180456145,True,0.05,0.2983063815920904,True,0.2697897907451009,0.8692948232215754,0.2314612240506298,-0.19397909038920222,True,0.29065971170800503,True
6,0.0,NDY,revenue,0.0,,15,0.1.0b1,35f6a6573ef9,1.1.0a5,1.0,0.2652335194166307,124551.02481601128,101690.32850929693,-0.18354482703361558,True,0.05,0.323825546534696,True,0.2721953149568102,1.0,0.2765029245318589,-0.2115064497545919,True,0.3140192837020034,True
6,0.0,-10%,volume,0.1,,15,0.1.0b1,35f6a6573ef9,1.1.0a5,0.31082335903296776,0.18084368803371215,125994.55864054715,107591.45936438486,-0.14606265123452614,True,0.05,0.20471965394031827,True,0.21339267798873157,0.3214481136664115,0.18440788199244112,-0.16978124342998796,True,0.18603361505467442,True
6,0.0,-10%,revenue,0.1,,15,0.1.0b1,35f6a6573ef9,1.1.0a5,1.0,0.3732486598361914,127439.3697849543,109286.94158448317,-0.14243972040274663,True,0.05,0.44152010665663866,True,0.4960770699355138,1.0,0.3814015092958132,-0.1696793083390365,True,0.4345520131342968,True
6,0.0,-20%,volume,0.2,,15,0.1.0b1,35f6a6573ef9,1.1.0a5,1.0,0.42235339233045627,128261.95770332671,104073.90892073278,-0.18858318721862588,True,0.05,0.4331028644896864,True,0.5949114517642512,1.0,0.4376381191261643,-0.21690110830017628,True,0.45049034280701744,True
6,0.0,-20%,revenue,0.2,,15,0.1.0b1,35f6a6573ef9,1.1.0a5,1.0,0.3899736279254371,129562.12892974619,109999.79764367137,-0.15098803522040233,True,0.05,0.3936139809653032,True,0.5073740580323843,1.0,0.39689913367301427,-0.17483219438661013,True,0.3998641692874626,True
6,0.0,+/-10%,volume,0.1,0.1,15,0.1.0b1,35f6a6573ef9,1.1.0a5,0.25085613200243023,0.17020549194725762,123952.6098212732,102955.22039442262,-0.16939852623616913,True,0.05,0.20182050031016954,True,0.20942453879728773,0.30868150569127667,0.18024432836183782,-0.19398414788747265,True,0.1960669064773462,True
6,0.0,+/-10%,revenue,0.1,0.1,15,0.1.0b1,35f6a6573ef9,1.1.0a5,0.2576059776589208,0.1557503980495447,124313.95679907242,104884.75095208014,-0.15629142814909783,True,0.05,0.16686373470918364,True,0.1680578774327679,0.3541978291734413,0.1648253151421262,-0.17943776949334966,True,0.1651922718117232,True
6,0.0,+/-20%,volume,0.2,0.2,15,0.1.0b1,35f6a6573ef9,1.1.0a5,0.4218184588568861,0.16991388126687587,126293.17955871244,105883.11958052809,-0.16160856864559273,True,0.05,0.142042204293634,True,0.11354264001021473,0.5277761386991183,0.17001434986179556,-0.1878983256131048,True,0.12661863324322656,True
6,0.0,+/-20%,revenue,0.2,0.2,15,0.1.0b1,35f6a6573ef9,1.1.0a5,0.5099809279008058,0.20910251679615227,127131.52070854093,107922.37393217851,-0.15109664911820658,True,0.05,0.1709852725320826,True,0.19485759308923808,0.5445687869169304,0.20668538343339982,-0.17134353683513212,True,0.16336237704659323,True
6,0.02,NHF,volume,,,15,0.1.0b1,35f6a6573ef9,1.1.0a5,1.0,0.23209941792320862,127030.00973241073,122847.00154933766,-0.032929291211459426,True,0.05,0.31825827405049606,True,0.5171338716635391,1.0,0.2302995496939247,-0.022750019045983852,True,0.31825827405049606,True
6,0.02,NHF,revenue,,,15,0.1.0b1,35f6a6573ef9,1.1.0a5,1.0,0.23209941792320862,127030.00973241073,122847.00154933766,-0.032929291211459426,True,0.05,0.31825827405049606,True,0.5171338716635391,1.0,0.2302995496939247,-0.022750019045983852,True,0.31825827405049606,True
6,0.02,NDY,volume,0.0,,15,0.1.0b1,35f6a6573ef9,1.1.0a5,0.26442746193050504,0.027477279731781754,117836.14773714654,116184.17915473279,-0.01401920050966662,False,0.05,0.009508510640632722,False,0.009703289686491028,0.3061106352651342,0.05666395884238892,-0.022573140412612512,True,0.03781910494850696,False
6,0.02,NDY,revenue,0.0,,15,0.1.0b1,35f6a6573ef9,1.1.0a5,0.0935547018841775,0.029265517715471843,118103.26292592104,116655.60222271411,-0.01225758431513411,False,0.05,0.030141248152554267,False,0.028994946763595843,0.07804698712324211,0.025898099327587947,-0.010555974038381736,False,0.02959525320159721,False
6,0.02,-10%,volume,0.1,,15,0.1.0b1,35f6a6573ef9,1.1.0a5,0.08741100787203282,0.022153057322826523,115741.33647190199,115083.25705087841,-0.005685776932283267,False,0.05,0.02494612644573948,False,0.022866275918269018,0.07950508527725968,0.026219631305525196,-0.005921899346308117,False,0.03136371554050936,False
6,0.02,-10%,revenue,0.1,,15,0.1.0b1,35f6a6573ef9,1.1.0a5,0.3384922442682097,0.07757879502296462,116269.32314700878,114061.30928302143,-0.018990511032695837,True,0.05,0.08621910548239155,True,0.08261447594886934,0.3007447427185606,0.07061671769604362,-0.018634143135526037,True,0.07907066723599493,True
6,0.02,-20%,volume,0.2,,15,0.1.0b1,35f6a6573ef9,1.1.0a5,0.35549915936417353,0.09816124286056012,114205.670583178,115590.88704871087,0.012129139108937585,True,0.05,0.09435478659695451,True,0.0894441949872142,0.3835737763025462,0.10793709424391167,0.01444420069333995,True,0.11029151393675754,True
6,0.02,-20%,revenue,0.2,,15,0.1.0b1,35f6a6573ef9,1.1.0a5,0.524611179744186,0.11866370130680172,114909.45030382303,116434.90670504866,0.013275291085217893,True,0.05,0.14085099874495854,True,0.135892004659319,0.49380602269508467,0.10966197538189422,0.01747684347967008,True,0.12743148953780079,True
6,0.02,+/-10%,volume,0.1,0.1,15,0.1.0b1,35f6a6573ef9,1.1.0a5,0.22318103581345353,0.09340261096295385,116581.70046819195,115784.76484289592,-0.006835855216517991,True,0.05,0.1108635094043829,True,0.12176751894781242,0.22653479041105423,0.09146825473393667,-0.010740998826205807,True,0.0977721188723086,True
6,0.02,+/-10%,revenue,0.1,0.1,15,0.1.0b1,35f6a6573ef9,1.1.0a5,0.2914210006682187,0.11679839107452186,117673.76159091614,113875.6208670445,-0.03227687015798459,True,0.05,0.12693466245518545,True,0.14656564555327345,0.2878421615782863,0.11952234766405415,-0.036418946032722145,True,0.12137652325682188,True
6,0.02,+/-20%,volume,0.2,0.2,15,0.1.0b1,35f6a6573ef9,1.1.0a5,0.27634615099485527,0.14910780861269907,116773.65960067554,117101.318702205,0.002805933312785881,True,0.05,0.17094199282929234,True,0.18706803536728972,0.26653129142266846,0.14799209371182692,0.0004683782039221338,True,0.1607988702090128,True
6,0.02,+/-20%,revenue,0.2,0.2,15,0.1.0b1,35f6a6573ef9,1.1.0a5,0.37706405453751224,0.17170793107373106,117213.15095130309,115605.17577672565,-0.013718385364842585,True,0.05,0.21453777146365566,True,0.2516430831787444,0.36962125569370685,0.16892711220591533,-0.013058297143035288,True,0.20964408256243577,True
6,0.04,NHF,volume,,,15,0.1.0b1,35f6a6573ef9,1.1.0a5,1.3638851119134043e-16,9.092567412756028e-18,125820.26041471281,125820.26041471281,0.0,False,0.05,1.3638851119134043e-17,False,2.918007008533134e-17,0.0,0.0,0.0,False,0.0,False
6,0.04,NHF,revenue,,,15,0.1.0b1,35f6a6573ef9,1.1.0a5,1.3638851119134043e-16,9.092567412756028e-18,125820.26041471281,125820.26041471281,0.0,False,0.05,1.3638851119134043e-17,False,2.918007008533134e-17,0.0,0.0,0.0,False,0.0,False
6,0.04,NDY,volume,0.0,,15,0.1.0b1,35f6a6573ef9,1.1.0a5,0.22002584339457404,0.018493285496071724,117153.6370209993,114501.3537131756,-0.022639359521960816,False,0.05,0.0035360815260948343,False,0.003536081526094834,0.16352409061397047,0.029456550853542523,-0.024008726323239145,False,0.01380360679853862,False
6,0.04,NDY,revenue,0.0,,15,0.1.0b1,35f6a6573ef9,1.1.0a5,0.06496972080141639,0.014665740464384831,118103.26292592104,116551.120973463,-0.013142244456290808,False,0.05,0.007154143130309723,False,0.007678462944524787,0.02279684220326202,0.010898318899246678,-0.011922464936176009,False,0.007971143026846383,False
6,0.04,-10%,volume,0.1,,15,0.1.0b1,35f6a6573ef9,1.1.0a5,0.0009875552806495587,6.583719221918455e-05,113889.62039118924,113879.14150309624,-9.200915813931174e-05,False,0.05,1.6188164752964953e-10,False,1.4559082251156782e-10,0.004627460247197944,0.0003084975244343091,-0.0004962351699303815,False,1.636838552387185e-10,False
6,0.04,-10%,revenue,0.1,,15,0.1.0b1,35f6a6573ef9,1.1.0a5,0.05413920848532441,0.005156214665560754,115481.51071907296,115013.31574618258,-0.004054285140322972,False,0.05,0.002156372671688729,False,0.002575053379493158,0.0639006618999276,0.004549969615421901,-0.0049254156673757665,False,0.00027180511043829313,False
6,0.04,-20%,volume,0.2,,15,0.1.0b1,35f6a6573ef9,1.1.0a5,0.2299772726066719,0.015331818242822922,112029.53429280593,115198.62792677662,0.028288019351109656,False,0.05,8.000206871090158e-11,False,6.272395758130631e-11,0.20794297426754904,0.013862865023341709,0.028621483948587562,False,8.477643920714342e-11,False
6,0.04,-20%,revenue,0.2,,15,0.1.0b1,35f6a6573ef9,1.1.0a5,0.21872431553257957,0.014581621162653007,114683.91858023524,117654.53415908344,0.02590263408875321,False,0.05,6.573214624419855e-11,False,6.085916496087336e-11,0.1826213825217319,0.01217475896363582,0.022867971785951086,False,6.863882669658858e-11,False
6,0.04,+/-10%,volume,0.1,0.1,15,0.1.0b1,35f6a6573ef9,1.1.0a5,0.30906893435459437,0.11118248395727338,114390.06608836901,115192.24796256157,0.0070126882658923225,True,0.05,0.097697513230942,True,0.10639948737335471,0.3134904843503021,0.1154194261018395,0.010496604214604091,True,0.10364382098340516,True
6,0.04,+/-10%,revenue,0.1,0.1,15,0.1.0b1,35f6a6573ef9,1.1.0a5,0.43913981445642286,0.20216510814119013,122064.72178829835,113358.82689771646,-0.07132195742583901,True,0.05,0.1634357121922198,True,0.2073295761232027,0.5066816246346115,0.21333861097431983,-0.08704275118578193,True,0.1554296065378373,True
6,0.04,+/-20%,volume,0.2,0.2,15,0.1.0b1,35f6a6573ef9,1.1.0a5,0.35037251860062624,0.17156295338978053,117327.99460806434,116698.15946832504,-0.0053681573766198795,True,0.05,0.15333377818066427,True,0.17457763021797326,0.3503725186006262,0.1755786025600754,-0.0027614061092000285,True,0.15991233036438446,True
6,0.04,+/-20%,revenue,0.2,0.2,15,0.1.0b1,35f6a6573ef9,1.1.0a5,0.5397934777949105,0.22617426548044392,117954.30213781718,117779.29943947136,-0.001483648287294775,True,0.05,0.20521962034700686,True,0.28033948095589095,0.5537187571915444,0.23059085751413375,-0.003873278620061013,True,0.2029520455508722,True
6,0.06,NHF,volume,,,15,0.1.0b1,35f6a6573ef9,1.1.0a5,1.3638851119134043e-16,9.092567412756028e-18,125820.26041471281,125820.26041471281,0.0,False,0.05,1.3638851119134043e-17,False,2.918007008533134e-17,0.0,0.0,0.0,False,0.0,False
6,0.06,NHF,revenue,,,15,0.1.0b1,35f6a6573ef9,1.1.0a5,1.3638851119134043e-16,9.092567412756028e-18,125820.26041471281,125820.26041471281,0.0,False,0.05,1.3638851119134043e-17,False,2.918007008533134e-17,0.0,0.0,0.0,False,0.0,False
6,0.06,NDY,volume,0.0,,15,0.1.0b1,35f6a6573ef9,1.1.0a5,0.013269787565839998,0.008028267613251186,114966.4486983247,114044.8814392824,-0.008015967001472966,False,0.05,0.007892842984138755,False,0.007892842984138752,0.0969253310191646,0.03475577430139262,-0.006655750781327733,False,0.026582411772171955,False
6,0.06,NDY,revenue,0.0,,15,0.1.0b1,35f6a6573ef9,1.1.0a5,0.06496972080141503,0.014665740464383403,118103.26292592105,116551.12097346305,-0.013142244456290437,False,0.05,0.007154143130307872,False,0.007678462944522776,0.02279684220326184,0.010898318899245979,-0.011922464936175181,False,0.007971143026845214,False
6,0.06,-10%,volume,0.1,,15,0.1.0b1,35f6a6573ef9,1.1.0a5,0.001245317173556488,8.302133074692399e-05,114177.56316025236,114190.79363217871,0.00011587628567426117,False,0.05,1.3909462922660461e-10,False,1.2389528874845742e-10,0.00270135394723474,0.00018009044925121622,-0.0002926852055228417,False,1.3995460497168094e-10,False
6,0.06,-10%,revenue,0.1,,15,0.1.0b1,35f6a6573ef9,1.1.0a5,0.13705821127628956,0.010299484519203409,115013.31574358916,113882.35398486753,-0.009833311485802236,False,0.05,0.001595748663607738,False,0.0020390846281277573,0.13933221967625536,0.009549803843998677,-0.010462466423876599,False,0.0002446773904097032,False
6,0.06,-20%,volume,0.2,,15,0.1.0b1,35f6a6573ef9,1.1.0a5,0.2665781163342532,0.01777187452278966,110504.55893844833,114361.33413688562,0.034901503028355,False,0.05,8.596441722232391e-11,False,7.287284124309752e-11,0.23448363144366483,0.015632242198571226,0.03531142975752456,False,8.980170789181246e-11,False
6,0.06,-20%,revenue,0.2,,15,0.1.0b1,35f6a6573ef9,1.1.0a5,0.21872431553257957,0.014581621162652998,114683.91858023524,117654.53415908344,0.02590263408875321,False,0.05,6.573213367530263e-11,False,6.085915280939167e-11,0.1826213825217319,0.012174758963635785,0.022867971785951086,False,6.863877502828243e-11,False
6,0.06,+/-10%,volume,0.1,0.1,15,0.1.0b1,35f6a6573ef9,1.1.0a5,0.2977394240809935,0.14192128327354353,115025.85540590514,114753.32710651783,-0.002369278615017547,True,0.05,0.11495167919680724,True,0.13303841150660456,0.2977394240809936,0.1370807053216099,-0.002675350419360982,True,0.11159081924727474,True
6,0.06,+/-10%,revenue,0.1,0.1,15,0.1.0b1,35f6a6573ef9,1.1.0a5,0.45954974877816746,0.17846852173738717,122623.77488991502,114093.33546112584,-0.06956595029346752,True,0.05,0.1264878872854919,True,0.1786597297538167,0.4846958849821466,0.1877725624093727,-0.08769034684907233,True,0.11600005910676048,True
6,0.06,+/-20%,volume,0.2,0.2,15,0.1.0b1,35f6a6573ef9,1.1.0a5,0.6127435190645716,0.16150692418610918,110834.34859694149,115401.70169676613,0.04120882341659452,True,0.05,0.116181908282316,True,0.1524210076586726,0.5836763012149928,0.16534820235166123,0.047028394353297365,True,0.12494107768740195,True
6,0.06,+/-20%,revenue,0.2,0.2,15,0.1.0b1,35f6a6573ef9,1.1.0a5,0.6374566998451753,0.2812453253697646,123139.25213701907,117860.43516208511,-0.04286867821042255,True,0.05,0.23706184137822822,True,0.3496789132804447,0.6596443868044912,0.29386059956843025,-0.05814466404883478,True,0.23516935971917272,True
7,0.0,NHF,volume,,,15,0.1.0b1,35f6a6573ef9,1.1.0a5,1.0,0.4335986102087539,132855.46357742924,99521.32441278,-0.25090529412229884,True,0.05,0.5236879538487955,True,1.6663503313868058,1.0,0.43349073077847944,-0.24280733649758882,True,0.525188647364583,True
7,0.0,NHF,revenue,,,15,0.1.0b1,35f6a6573ef9,1.1.0a5,1.0,0.4335986102087539,132855.46357742924,99521.32441278,-0.25090529412229884,True,0.05,0.5236879538487955,True,1.6663503313868058,1.0,0.43349073077847944,-0.24280733649758882,True,0.525188647364583,True
7,0.0,NDY,volume,0.0,,15,0.1.0b1,35f6a6573ef9,1.1.0a5,1.0,0.20450068309296404,119852.1996965864,92033.31705147351,-0.23210990466206033,True,0.05,0.15807553305546193,True,0.15896027948167302,1.0,0.19699693034994237,-0.21616294014251422,True,0.17822749697395124,True
7,0.0,NDY,revenue,0.0,,15,0.1.0b1,35f6a6573ef9,1.1.0a5,1.0,0.21765940470992226,119756.97791211767,101476.84047084203,-0.15264361008416827,True,0.05,0.19001416322960546,True,0.15876026919008468,1.0,0.23289269146780858,-0.23577824919875554,True,0.20042656825108338,True
7,0.0,-10%,volume,0.1,,15,0.1.0b1,35f6a6573ef9,1.1.0a5,0.7247709652305877,0.24479966070247092,121255.93612636313,96222.19634524567,-0.206453725737842,True,0.05,0.18615847072061759,True,0.3300797094987499,0.7247709652305878,0.22989742230892848,-0.1970503417005151,True,0.17551382021964915,True
7,0.0,-10%,revenue,0.1,,15,0.1.0b1,35f6a6573ef9,1.1.0a5,1.0,0.294531377023213,121299.20690120214,95333.41499214564,-0.21406398749338534,True,0.05,0.2882846209365729,True,0.5107202717581873,1.0,0.28310698836339065,-0.20354733762946578,True,0.284640059504749,True
7,0.0,-20%,volume,0.2,,15,0.1.0b1,35f6a6573ef9,1.1.0a5,1.0,0.40326230048070333,121617.23109897786,92166.38333737207,-0.24216015687478773,True,0.05,0.3229350946871273,True,0.6673896304126055,1.0,0.4100689737365586,-0.23208838628739412,True,0.3418673619662564,True
7,0.0,-20%,revenue,0.2,,15,0.1.0b1,35f6a6573ef9,1.1.0a5,1.0,0.2976623896929837,121627.52426119277,93673.68915173532,-0.22983148986431,True,0.05,0.20547370385312344,True,0.39099919610641803,1.0,0.2996079973577845,-0.22040405167842048,True,0.21614725311329702,True
7,0.0,+/-10%,volume,0.1,0.1,15,0.1.0b1,35f6a6573ef9,1.1.0a5,0.32089378180717726,0.17153492702941983,118571.88556267305,95072.47356304129,-0.19818704820385752,True,0.05,0.1530023899825515,True,0.16807423972381388,0.3454077697475673,0.16514914883263554,-0.19302234225075304,True,0.15702265788720596,True
7,0.0,+/-10%,revenue,0.1,0.1,15,0.1.0b1,35f6a6573ef9,1.1.0a5,0.3222912134159831,0.17252196032064443,117077.97259751515,94141.76144742825,-0.19590543499532467,True,0.05,0.16118381657814593,True,0.17743302574777095,0.27832529902390374,0.1731183329448074,-0.19489029019574086,True,0.1748390330344621,True
7,0.0,+/-20%,volume,0.2,0.2,15,0.1.0b1,35f6a6573ef9,1.1.0a5,0.5489374350961459,0.20711824924643854,121029.67032069695,93890.56987187965,-0.22423510183003714,True,0.05,0.11522426342788875,True,0.15536082153147104,0.5549026650194638,0.19625224661470514,-0.21906571711543657,True,0.10487323866804632,True
7,0.0,+/-20%,revenue,0.2,0.2,15,0.1.0b1,35f6a6573ef9,1.1.0a5,0.48810487217268855,0.1773413207215525,120796.45256705805,94730.99497772116,-0.21577999217209715,True,0.05,0.09985115164906593,True,0.12300945049209881,0.44663467820170016,0.15951968732118232,-0.21101240224236978,True,0.08351742291953165,True
7,0.02,NHF,volume,,,15,0.1.0b1,35f6a6573ef9,1.1.0a5,1.0,0.23627157505492644,115675.23896214225,111492.23077906917,-0.03616165586173612,True,0.05,0.30366657687921234,True,0.5684539459355297,1.0,0.23290722635999103,-0.024276326465577282,True,0.30271368945199295,True
7,0.02,NHF,revenue,,,15,0.1.0b1,35f6a6573ef9,1.1.0a5,1.0,0.23627157505492644,115675.23896214225,111492.23077906917,-0.03616165586173612,True,0.05,0.30366657687921234,True,0.5684539459355297,1.0,0.23290722635999103,-0.024276326465577282,True,0.30271368945199295,True
7,0.02,NDY,volume,0.0,,15,0.1.0b1,35f6a6573ef9,1.1.0a5,0.2955700437087963,0.05181772273980116,111206.52206900099,104442.82064437063,-0.0608210858391349,True,0.05,0.011993997977391663,False,0.012011408122639665,0.2636377984113372,0.061652811375482425,-0.05792691336021169,True,0.03733329113751047,False
7,0.02,NDY,revenue,0.0,,15,0.1.0b1,35f6a6573ef9,1.1.0a5,0.36418645170336417,0.0749106695933064,111027.59391565538,104307.49791294719,-0.06052635895012966,True,0.05,0.04066097085930665,False,0.04165804369808157,0.34695500728362216,0.05149521001796395,-0.06623959430168738,True,0.007397538462208397,False
7,0.02,-10%,volume,0.1,,15,0.1.0b1,35f6a6573ef9,1.1.0a5,0.3005540291688038,0.05632301150275034,110206.15362962874,104386.42487920664,-0.052807656911614397,True,0.05,0.015488899417619145,False,0.01859165340301469,0.31149456478416987,0.05710002642716205,-0.057466154557778315,True,0.01855227034678176,False
7,0.02,-10%,revenue,0.1,,15,0.1.0b1,35f6a6573ef9,1.1.0a5,0.5397407076721289,0.15019243401964283,110102.09047673778,104641.0343421909,-0.04959993139912887,True,0.05,0.12636915751491984,True,0.13504175310419125,0.5397407076721289,0.1379260613359977,-0.053009433742670906,True,0.10922385466319803,True
7,0.02,-20%,volume,0.2,,15,0.1.0b1,35f6a6573ef9,1.1.0a5,0.28827309582607014,0.10660523499344668,110528.28281536486,105969.18224124664,-0.04124827110300896,True,0.05,0.05391493935941316,True,0.06406892365420434,0.293087335532382,0.11429246616754092,-0.04692249203155226,True,0.0658239161025803,True
7,0.02,-20%,revenue,0.2,,15,0.1.0b1,35f6a6573ef9,1.1.0a5,0.44902230801133264,0.16269434806237834,110433.8424019708,106512.89025345117,-0.03550498708763264,True,0.05,0.13634577489803268,True,0.17779765272931666,0.4486625078191814,0.16122116309142595,-0.035050356737777184,True,0.13476387839450257,True
7,0.02,+/-10%,volume,0.1,0.1,15,0.1.0b1,35f6a6573ef9,1.1.0a5,0.1641411682818161,0.07306341220950192,107726.03308719238,103991.03319157183,-0.03467128407668628,True,0.05,0.058113540225255646,True,0.05600262627198774,0.16715332211122066,0.07186557970106462,-0.03473188877818614,True,0.06363688060304605,True
7,0.02,+/-10%,revenue,0.1,0.1,15,0.1.0b1,35f6a6573ef9,1.1.0a5,0.2023257488763911,0.09867360569137558,110014.46465702144,103784.42195665782,-0.05662930524441719,True,0.05,0.08209429866918345,True,0.08463608588005246,0.20749475152421049,0.10125476789581732,-0.061160075954497,True,0.09020390585278917,True
7,0.02,+/-20%,volume,0.2,0.2,15,0.1.0b1,35f6a6573ef9,1.1.0a5,0.2305088837103925,0.07330445498158746,109266.4685201926,105527.730151886,-0.03421670361402479,True,0.05,0.060080585093544726,True,0.06818260927097802,0.21420112865033045,0.0800027635138273,-0.03244920175785741,True,0.07359687600577006,True
7,0.02,+/-20%,revenue,0.2,0.2,15,0.1.0b1,35f6a6573ef9,1.1.0a5,0.20641790515768488,0.07388005658867978,109722.16904273962,105011.15423753975,-0.042935851945879844,True,0.05,0.055489226337966026,True,0.05527322477226632,0.2518351203300435,0.08133096556902858,-0.04794250454676075,True,0.05830256089333027,True
7,0.04,NHF,volume,,,15,0.1.0b1,35f6a6573ef9,1.1.0a5,0.0,0.0,112636.72942853736,112636.72942853736,0.0,False,0.05,0.0,False,0.0,0.0,0.0,0.0,False,0.0,False
7,0.04,NHF,revenue,,,15,0.1.0b1,35f6a6573ef9,1.1.0a5,0.0,0.0,112636.72942853736,112636.72942853736,0.0,False,0.05,0.0,False,0.0,0.0,0.0,0.0,False,0.0,False
7,0.04,NDY,volume,0.0,,15,0.1.0b1,35f6a6573ef9,1.1.0a5,0.18530578249634835,0.0607082628558846,110096.63820629694,103410.61753695992,-0.06072865419204606,True,0.05,0.06371525797399016,True,0.06383765297844449,0.5265798476315545,0.08864864729539305,0.035897065988026194,True,0.07613380377255471,True
7,0.04,NDY,revenue,0.0,,15,0.1.0b1,35f6a6573ef9,1.1.0a5,0.10237377721915847,0.02821804454096775,105714.26715916593,104033.48198685789,-0.01589932198817978,False,0.05,0.026228204416695045,False,0.026328014968168098,0.027001907491616284,0.016133045060791853,-0.01689991957917396,False,0.013813808951313575,False
7,0.04,-10%,volume,0.1,,15,0.1.0b1,35f6a6573ef9,1.1.0a5,0.2227213351711553,0.031959343463589494,110095.83898476935,105775.58252289772,-0.03924086960697299,False,0.05,0.0007810780777689243,False,0.0007549332261206599,0.21769776047157707,0.037118535407227454,-0.034867703943992585,False,0.014470456571554272,False
7,0.04,-10%,revenue,0.1,,15,0.1.0b1,35f6a6573ef9,1.1.0a5,0.37135612921805505,0.07055413035835141,109595.24569957961,103992.98112442526,-0.051117770113050034,True,0.05,0.012311431831523178,False,0.013041998689211548,0.34068448146613,0.061390721382560645,-0.05606498605301437,True,0.0012610842781077775,False
7,0.04,-20%,volume,0.2,,15,0.1.0b1,35f6a6573ef9,1.1.0a5,0.2423721501545216,0.031150074597157254,110297.84728967995,107107.3377658814,-0.028926308193660207,False,0.05,0.014028844912100926,False,0.013692569721045555,0.2155626996612249,0.031488580291469975,-0.024218648599728103,False,0.01783022008168425,False
7,0.04,-20%,revenue,0.2,,15,0.1.0b1,35f6a6573ef9,1.1.0a5,0.36448720462236667,0.07539150427098287,110342.66231895192,105136.31556012358,-0.047183443370063784,True,0.05,0.015119091143683155,False,0.017591529967077472,0.3275454141436039,0.06450745121860714,-0.05122823224780428,True,0.0017968798250000985,False
7,0.04,+/-10%,volume,0.1,0.1,15,0.1.0b1,35f6a6573ef9,1.1.0a5,0.2123131660193806,0.07056433780967629,110117.81551398154,107449.06475240011,-0.024235413217424173,True,0.05,0.04583748929364222,False,0.04516396651773124,0.5099585611499683,0.11059694332537023,0.0015859339824115743,True,0.1039012191307149,True
7,0.04,+/-10%,revenue,0.1,0.1,15,0.1.0b1,35f6a6573ef9,1.1.0a5,0.17074762459938608,0.06680375277488758,105932.13839340203,103499.3466334314,-0.022965568305021142,True,0.05,0.08150930233872915,True,0.08543365480869584,0.16627748021930883,0.07782370085907513,-0.022067147345347017,True,0.09421552014201902,True
7,0.04,+/-20%,volume,0.2,0.2,15,0.1.0b1,35f6a6573ef9,1.1.0a5,0.2968851917290178,0.06865959342870039,107579.39351636525,107249.37720637539,-0.003067653564524518,True,0.05,0.03957350280037565,False,0.042187879531807755,0.26395847998080785,0.08291462754725257,0.009234127487260586,True,0.06657968749651298,True
7,0.04,+/-20%,revenue,0.2,0.2,15,0.1.0b1,35f6a6573ef9,1.1.0a5,0.19652253293094385,0.10440707003062917,108585.01122461286,104720.16153532594,-0.03559284698412292,True,0.05,0.09464849990425657,True,0.10023888884594609,0.236046211788108,0.10558279929404052,-0.04026034243278995,True,0.08927621759442214,True
7,0.06,NHF,volume,,,15,0.1.0b1,35f6a6573ef9,1.1.0a5,0.0,0.0,112636.72942853736,112636.72942853736,0.0,False,0.05,0.0,False,0.0,0.0,0.0,0.0,False,0.0,False
7,0.06,NHF,revenue,,,15,0.1.0b1,35f6a6573ef9,1.1.0a5,0.0,0.0,112636.72942853736,112636.72942853736,0.0,False,0.05,0.0,False,0.0,0.0,0.0,0.0,False,0.0,False
7,0.06,NDY,volume,0.0,,15,0.1.0b1,35f6a6573ef9,1.1.0a5,0.31142524728412513,0.08097089782550533,110124.23356876256,102932.67775155132,-0.06530402604546405,True,0.05,0.06025658912279045,True,0.06037408962640214,0.5492544341236762,0.09186622933920431,0.05214818718019063,True,0.058279191620099535,True
7,0.06,NDY,revenue,0.0,,15,0.1.0b1,35f6a6573ef9,1.1.0a5,0.10225053120152651,0.027360011455986044,105712.41089878135,104081.19283141692,-0.01543071483750672,False,0.05,0.025833352180478504,False,0.025934263489355253,0.027050832792102904,0.0161303903175288,-0.016901071951869386,False,0.013774926011063796,False
7,0.06,-10%,volume,0.1,,15,0.1.0b1,35f6a6573ef9,1.1.0a5,0.13650343662615835,0.03651563669132369,110265.46807602029,107731.53194439248,-0.022980323539558527,False,0.05,0.03737775619200555,False,0.03267683878001393,0.4369989153142278,0.05278454756146817,0.0078087468390068355,True,0.06215482346990482,True
7,0.06,-10%,revenue,0.1,,15,0.1.0b1,35f6a6573ef9,1.1.0a5,0.285031957325433,0.03396537427535727,108540.45449422514,102824.50452580204,-0.05266193139745157,False,0.05,8.884415363695222e-05,False,9.320196032665478e-05,0.2600320206617548,0.034859319594568325,-0.0606256794007145,False,1.0785805308947283e-05,False
7,0.06,-20%,volume,0.2,,15,0.1.0b1,35f6a6573ef9,1.1.0a5,0.12493645883851791,0.02105780335856172,110055.67651600156,109201.43206767773,-0.007761929919168077,False,0.05,0.025072368647060434,False,0.019704064559458636,0.40562652006072664,0.039261151461913606,0.013204197584684527,False,0.05313902256541556,True
7,0.06,-20%,revenue,0.2,,15,0.1.0b1,35f6a6573ef9,1.1.0a5,0.27508742401538244,0.030214128028182092,109907.15119170614,104406.51835935088,-0.050047997538947675,False,0.05,1.6058377285125613e-10,False,1.3958010893030533e-10,0.23239861611606996,0.030986482308005905,-0.05617721649620083,False,1.607166893107095e-10,False
7,0.06,+/-10%,volume,0.1,0.1,15,0.1.0b1,35f6a6573ef9,1.1.0a5,0.38993217639256206,0.11373819089366159,101971.52462420154,109142.75741364366,0.07032583670657527,True,0.05,0.06540555563035752,True,0.06296813548063879,0.4595359548597769,0.13101536547884007,0.06082542451744336,True,0.09788210653952256,True
7,0.06,+/-10%,revenue,0.1,0.1,15,0.1.0b1,35f6a6573ef9,1.1.0a5,0.2004914031347971,0.07676533395755428,103893.1288553084,103336.79309038933,-0.005354885073235977,True,0.05,0.09290859587030083,True,0.09896227845001565,0.2283875833156571,0.09015457481858813,-0.00037189564513533406,True,0.10424328683870303,True
7,0.06,+/-20%,volume,0.2,0.2,15,0.1.0b1,35f6a6573ef9,1.1.0a5,0.38690701190022897,0.07860971613998528,104246.34781811839,109407.19241243014,0.04950623884988306,True,0.05,0.0626594828609314,True,0.06501465531865741,0.34011832162931704,0.06530850895479391,0.05037879078982941,True,0.05660606704891513,True
7,0.06,+/-20%,revenue,0.2,0.2,15,0.1.0b1,35f6a6573ef9,1.1.0a5,0.29339796087850445,0.084378727208076,103591.63320367194,104055.6273600764,0.004479069805687837,True,0.05,0.07107954210900885,True,0.08624623220674363,0.32394436730129716,0.07049985474314045,0.03396932013860065,True,0.06953616237178292,True
8,0.0,NHF,volume,,,15,0.1.0b1,35f6a6573ef9,1.1.0a5,1.0,0.49557091287630467,163416.5908460517,113678.75499701868,-0.30436221678305025,True,0.05,0.5516770500129897,True,2.3121466861199234,1.0,0.4958459304453899,-0.3044592463304491,True,0.5533682920840937,True
8,0.0,NHF,revenue,,,15,0.1.0b1,35f6a6573ef9,1.1.0a5,1.0,0.49557091287630467,163416.5908460517,113678.75499701868,-0.30436221678305025,True,0.05,0.5516770500129897,True,2.3121466861199234,1.0,0.4958459304453899,-0.3044592463304491,True,0.5533682920840937,True
8,0.0,NDY,volume,0.0,,15,0.1.0b1,35f6a6573ef9,1.1.0a5,1.0,0.15671446349063659,137988.28891283667,115416.91754619838,-0.16357454349547002,True,0.05,0.1640179645186209,True,0.15611214378977098,1.0,0.14735946771476455,-0.14859378671518245,True,0.17509693447237043,True
8,0.0,NDY,revenue,0.0,,15,0.1.0b1,35f6a6573ef9,1.1.0a5,0.4681068358713187,0.18411839951343845,138362.92471471423,114008.58270781254,-0.17601783177912053,True,0.05,0.16179532782227715,True,0.24325338383689743,0.4681068358713187,0.17387365350548523,-0.16553994452702794,True,0.1674050571028738,True
8,0.0,-10%,volume,0.1,,15,0.1.0b1,35f6a6573ef9,1.1.0a5,0.8021285912353312,0.31082793045931467,139672.32421891557,115560.25236988376,-0.1726331396278602,True,0.05,0.33043084463973843,True,0.5854302809542319,0.8021285912353313,0.3026237596414749,-0.1634594471570586,True,0.32741654486686494,True
8,0.0,-10%,revenue,0.1,,15,0.1.0b1,35f6a6573ef9,1.1.0a5,1.0,0.3216643219832982,139548.09286764998,112078.42826488733,-0.1968472949953919,True,0.05,0.30630575087813994,True,0.4909162622524984,1.0,0.3100056382236982,-0.18679366982852671,True,0.29976280061584437,True
8,0.0,-20%,volume,0.2,,15,0.1.0b1,35f6a6573ef9,1.1.0a5,1.0,0.21692607984081794,140067.20917835832,112436.31799562098,-0.1972688064881253,True,0.05,0.09666089908655637,True,0.13336483492976461,1.0,0.22629899367820325,-0.19146597368955082,True,0.10278800976101506,True
8,0.0,-20%,revenue,0.2,,15,0.1.0b1,35f6a6573ef9,1.1.0a5,1.0,0.23434427305892047,139946.43143327767,114920.30352808903,-0.17882648131060316,True,0.05,0.11423417511809189,True,0.10067198575063122,1.0,0.2257362309090271,-0.1723889172393683,True,0.10610198847844585,True
8,0.0,+/-10%,volume,0.1,0.1,15,0.1.0b1,35f6a6573ef9,1.1.0a5,0.27731525448107613,0.12514195565304373,136191.26618803642,117939.83971538694,-0.13401319323553473,True,0.05,0.13237865287080297,True,0.14605299245338477,0.2457275866930036,0.13149326450255924,-0.13041137859850374,True,0.14377001695059857,True
8,0.0,+/-10%,revenue,0.1,0.1,15,0.1.0b1,35f6a6573ef9,1.1.0a5,0.2538049314196705,0.13949550092036755,134120.2560611626,113591.60361094741,-0.15306153636370592,True,0.05,0.13389567310457545,True,0.1413149523219262,0.23843234291155746,0.1407272649002934,-0.15026219270095925,True,0.1482139396829141,True
8,0.0,+/-20%,volume,0.2,0.2,15,0.1.0b1,35f6a6573ef9,1.1.0a5,0.4945870713749586,0.21703034862057285,139190.87943671524,117016.19140993647,-0.159311358017971,True,0.05,0.18927704301616716,True,0.27291151897787225,0.4710633803253886,0.20883518993871744,-0.1572761084544936,True,0.18355276012991872,True
8,0.0,+/-20%,revenue,0.2,0.2,15,0.1.0b1,35f6a6573ef9,1.1.0a5,0.5250102915092374,0.18966962399323725,138453.16063586477,118243.15370511371,-0.14596999330267277,True,0.05,0.16770701056315176,True,0.23422033080939414,0.435013822535176,0.1819778975059117,-0.14448778215095884,True,0.15934598096041913,True
8,0.02,NHF,volume,,,15,0.1.0b1,35f6a6573ef9,1.1.0a5,1.0,0.23407329240707841,130449.10861510546,128357.60452503298,-0.01603310373123008,True,0.05,0.3169452991284122,True,0.2506066363030611,1.0,0.2308776085796582,-0.01080153798120541,True,0.3165490526969144,True
8,0.02,NHF,revenue,,,15,0.1.0b1,35f6a6573ef9,1.1.0a5,1.0,0.23407329240707841,130449.10861510546,128357.60452503298,-0.01603310373123008,True,0.05,0.3169452991284122,True,0.2506066363030611,1.0,0.2308776085796582,-0.01080153798120541,True,0.3165490526969144,True
8,0.02,NDY,volume,0.0,,15,0.1.0b1,35f6a6573ef9,1.1.0a5,0.08496696541661988,0.02231516203135886,128458.86894924619,125247.55661272637,-0.024998759235445193,False,0.05,0.0003136773631199812,False,0.00031367891669476406,0.09720840467838443,0.030981148333305654,-0.025768779860264535,False,0.0148248605084628,False
8,0.02,NDY,revenue,0.0,,15,0.1.0b1,35f6a6573ef9,1.1.0a5,0.08668265132883476,0.02433002584928951,128344.06728324683,126350.60528446749,-0.015532170991432764,False,0.05,0.01491340651383348,False,0.013695943636876944,0.07183356022817433,0.019254563888890745,-0.020654863893455454,False,0.0015443522103697138,False
8,0.02,-10%,volume,0.1,,15,0.1.0b1,35f6a6573ef9,1.1.0a5,0.01969910975505448,0.005774733928900327,127806.6289877465,128517.85923749386,0.005564893271815712,False,0.05,0.0008188646608483011,False,0.000841584925442643,0.041097248713005796,0.009259161673441875,0.0057617606917208155,False,0.006636471263902594,False
8,0.02,-10%,revenue,0.1,,15,0.1.0b1,35f6a6573ef9,1.1.0a5,0.048907909509792444,0.016828265442973604,127659.26931760949,128807.44744209702,0.008994083474118317,False,0.05,0.011599445933110436,False,0.011085879594267174,0.03536055011372057,0.009698391566912774,0.009643509720216485,False,0.0015834962826313842,False
8,0.02,-20%,volume,0.2,,15,0.1.0b1,35f6a6573ef9,1.1.0a5,0.22943097609223945,0.0330377832743782,127065.18393918258,128779.02699412234,0.013487904411015212,False,0.05,0.022583427092809527,False,0.02039654377549789,0.1956099353026361,0.032988998661858185,0.013296316713863714,False,0.0249578883513988,False
8,0.02,-20%,revenue,0.2,,15,0.1.0b1,35f6a6573ef9,1.1.0a5,0.1891315635057047,0.04422374337974915,127152.56627268027,129093.66914387746,0.015265935467118054,False,0.05,0.04330175660853673,False,0.042414204912759726,0.18913156350570473,0.03782006782378565,0.015031098342432927,False,0.036647046714110995,False
8,0.02,+/-10%,volume,0.1,0.1,15,0.1.0b1,35f6a6573ef9,1.1.0a5,0.18067836698042689,0.03716894798036696,128702.21922113042,127531.696959453,-0.009094810243064163,False,0.05,0.007739199118595203,False,0.007567503921874266,0.19131617307664722,0.0374595624331093,-0.009289555780148135,False,0.008538380542460151,False
8,0.02,+/-10%,revenue,0.1,0.1,15,0.1.0b1,35f6a6573ef9,1.1.0a5,0.2788822530633629,0.11227581785610694,128679.81655604088,128078.25006122359,-0.004674909484000597,True,0.05,0.1403789745150411,True,0.15901083987722284,0.2961639951450744,0.11129849066389147,-0.007480600981267386,True,0.13780420693475698,True
8,0.02,+/-20%,volume,0.2,0.2,15,0.1.0b1,35f6a6573ef9,1.1.0a5,0.24513759558379053,0.04151196855719668,128492.66496607423,128830.33345285941,0.0026279203320620794,False,0.05,0.007971688363920716,False,0.0070445005103452005,0.27269992193551873,0.04863865495526523,0.0023957969083215963,False,0.013386630860785523,False
8,0.02,+/-20%,revenue,0.2,0.2,15,0.1.0b1,35f6a6573ef9,1.1.0a5,0.2595891561678103,0.04584577341689807,128111.0782314202,128510.61184820603,0.003118650020758662,False,0.05,0.009427408848193815,False,0.008803807685058139,0.27699206305048885,0.04238639628296308,0.0028775414649125025,False,0.004384817317428857,False
8,0.04,NHF,volume,,,15,0.1.0b1,35f6a6573ef9,1.1.0a5,0.0,0.0,128412.17632830482,128412.17632830482,0.0,False,0.05,0.0,False,0.0,0.0,0.0,0.0,False,0.0,False
8,0.04,NHF,revenue,,,15,0.1.0b1,35f6a6573ef9,1.1.0a5,0.0,0.0,128412.17632830482,128412.17632830482,0.0,False,0.05,0.0,False,0.0,0.0,0.0,0.0,False,0.0,False
8,0.04,NDY,volume,0.0,,15,0.1.0b1,35f6a6573ef9,1.1.0a5,0.2243600218769529,0.021948251032442332,128635.36094248052,125130.29682727355,-0.027248060638429484,False,0.05,1.9924073971508282e-10,False,1.9894918268938789e-10,0.19660448942099493,0.019878716497310846,-0.02714233814534786,False,2.0173163487332158e-10,False
8,0.04,NDY,revenue,0.0,,15,0.1.0b1,35f6a6573ef9,1.1.0a5,0.11360639011152396,0.030058697363336228,128302.1229849287,126387.95477613155,-0.014919224750645855,False,0.05,0.020711407289937138,False,0.022239642864763296,0.07866783582237769,0.02013769795919052,-0.023446033488227064,False,0.00019444857883414566,False
8,0.04,-10%,volume,0.1,,15,0.1.0b1,35f6a6573ef9,1.1.0a5,0.015403429278577505,0.004051407082987858,127659.96171152337,128264.26208171643,0.004733671874025868,False,0.05,3.6119836291073905e-05,False,3.691887360219421e-05,0.039213801740037656,0.00706938971950523,0.004784683415945958,False,0.003672963536591916,False
8,0.04,-10%,revenue,0.1,,15,0.1.0b1,35f6a6573ef9,1.1.0a5,0.050534035994548664,0.008842691612634783,127580.95298830548,128671.35591656818,0.008546753278780194,False,0.05,0.0017254996315868357,False,0.001832456840726412,0.02596738995998674,0.007013476572707549,0.008380097366469103,False,0.00022492737587052192,False
8,0.04,-20%,volume,0.2,,15,0.1.0b1,35f6a6573ef9,1.1.0a5,0.14123001252517722,0.009542298985930389,127152.29498561787,128509.40779815492,0.01067312872874648,False,0.05,1.2414214423897358e-10,False,1.0857166532824837e-10,0.12078420279743485,0.010939095425262777,0.010416903653907645,False,1.270883552138631e-10,False
8,0.04,-20%,revenue,0.2,,15,0.1.0b1,35f6a6573ef9,1.1.0a5,0.16475227164285994,0.022808112921814082,126812.7915248204,128931.61489573488,0.016708277969732874,False,0.05,0.008093898371911492,False,0.00811137673084507,0.16475227164285994,0.01758907787174113,0.019176209589084947,False,0.0009231060168594506,False
8,0.04,+/-10%,volume,0.1,0.1,15,0.1.0b1,35f6a6573ef9,1.1.0a5,0.1966683389330834,0.046490329807590505,128413.1623896614,127279.82364061144,-0.00882572103949061,False,0.05,0.0181911838228185,False,0.019072638222600177,0.18211428958708753,0.04642403884250449,-0.0088822958878501,False,0.01783011502862816,False
8,0.04,+/-10%,revenue,0.1,0.1,15,0.1.0b1,35f6a6573ef9,1.1.0a5,0.29038006592210014,0.11600139970049736,128679.816556041,127975.82601219157,-0.005470869967729854,True,0.05,0.1424664613592177,True,0.16387317597974344,0.33416307484905333,0.1138604539098734,-0.008983235466241189,True,0.14062267604767625,True
8,0.04,+/-20%,volume,0.2,0.2,15,0.1.0b1,35f6a6573ef9,1.1.0a5,0.33973602321894575,0.07661059308011889,128231.31987639725,128102.03241475867,-0.0010082362231255387,True,0.05,0.04499542618469622,False,0.046876412006422494,0.3535725725135193,0.07624367954351557,-0.0018357361451504701,True,0.04412731252562762,False
8,0.04,+/-20%,revenue,0.2,0.2,15,0.1.0b1,35f6a6573ef9,1.1.0a5,0.3275734041770753,0.08948891037111313,128185.7351462393,128474.18878859597,0.0022502788007385996,True,0.05,0.05791578004092999,True,0.06628461950898164,0.3393407477684206,0.0877546271516722,0.000961641152288417,True,0.05652139372826631,True
8,0.06,NHF,volume,,,15,0.1.0b1,35f6a6573ef9,1.1.0a5,0.0,0.0,128412.17632830482,128412.17632830482,0.0,False,0.05,0.0,False,0.0,0.0,0.0,0.0,False,0.0,False
8,0.06,NHF,revenue,,,15,0.1.0b1,35f6a6573ef9,1.1.0a5,0.0,0.0,128412.17632830482,128412.17632830482,0.0,False,0.05,0.0,False,0.0,0.0,0.0,0.0,False,0.0,False
8,0.06,NDY,volume,0.0,,15,0.1.0b1,35f6a6573ef9,1.1.0a5,0.19902578159884546,0.020779853816160352,128329.34878688594,125109.8306652542,-0.02508793313506433,False,0.05,1.992406330722892e-10,False,1.9894907243012893e-10,0.1737010829085057,0.018752973715474908,-0.024854383526647438,False,2.0173150732034398e-10,False
8,0.06,NDY,revenue,0.0,,15,0.1.0b1,35f6a6573ef9,1.1.0a5,0.08984129713589928,0.023939203422050147,128331.12440448011,126189.76915578646,-0.01668617226437157,False,0.05,0.01312839368750684,False,0.013649611047345203,0.07599215377408064,0.01937521114187151,-0.02258804005794965,False,0.00012452153834109343,False
8,0.06,-10%,volume,0.1,,15,0.1.0b1,35f6a6573ef9,1.1.0a5,0.06310967589792722,0.004552460231123321,127772.81337115566,127056.25441836778,-0.005608070558064722,False,0.05,1.3299255801633453e-10,False,1.1932019624336524e-10,0.054795175703736605,0.003992100980668641,-0.00560069932945534,False,1.2823972678828645e-10,False
8,0.06,-10%,revenue,0.1,,15,0.1.0b1,35f6a6573ef9,1.1.0a5,0.0471931247801265,0.009440808707949616,127595.32173465691,128520.00406727238,0.00724699244489864,False,0.05,0.004249201709175143,False,0.004409103401128854,0.02191612323396584,0.0058726432615961825,0.007203561658720059,False,4.251566709288341e-05,False
8,0.06,-20%,volume,0.2,,15,0.1.0b1,35f6a6573ef9,1.1.0a5,0.052163625383542744,0.0034775751228695246,127224.4898595658,127783.00335255181,0.004389984142223803,False,0.05,1.3405677040419753e-10,False,1.0778030562297826e-10,0.04537546561666194,0.003025031140451052,0.004386448164586064,False,1.3726233908325933e-10,False
8,0.06,-20%,revenue,0.2,,15,0.1.0b1,35f6a6573ef9,1.1.0a5,0.1842257358260038,0.015934420312111206,126886.65707027233,128837.51136968902,0.015374778912618616,False,0.05,0.002045847107852723,False,0.002118835274196783,0.15572185017009083,0.012604818757184555,0.015366700885354297,False,0.0001761229426503209,False
8,0.06,+/-10%,volume,0.1,0.1,15,0.1.0b1,35f6a6573ef9,1.1.0a5,0.3306354629892837,0.06943041615512166,121630.29118244123,127205.50788980878,0.04583740327485462,True,0.05,0.05001925222800306,True,0.0512601602089025,0.3232191800576125,0.06771106210080792,0.04544391626263518,True,0.04939853055032002,False
8,0.06,+/-10%,revenue,0.1,0.1,15,0.1.0b1,35f6a6573ef9,1.1.0a5,0.29810181843368133,0.13177746585758002,128918.14401890738,127087.85280999934,-0.014197312743189978,True,0.05,0.15237652411753277,True,0.175733953074703,0.3558568185585194,0.13253139288464116,-0.020661025379862027,True,0.15646489811468126,True
8,0.06,+/-20%,volume,0.2,0.2,15,0.1.0b1,35f6a6573ef9,1.1.0a5,0.5398752473408776,0.12788011379938993,117999.55245895949,128061.20434114791,0.08526855968956229,True,0.05,0.09758055928118847,True,0.10049560990577597,0.5324769385199325,0.12492412722474851,0.08417215951151963,True,0.09636830257121357,True
8,0.06,+/-20%,revenue,0.2,0.2,15,0.1.0b1,35f6a6573ef9,1.1.0a5,0.42053534636794737,0.1378809463465903,126468.19219877697,128112.73233733748,0.013003586988700635,True,0.05,0.1259133171716612,True,0.1397906189417282,0.41963789999433204,0.13578693557553242,0.01199200449900842,True,0.12011836664203084,True
9,0.0,NHF,volume,,,15,0.1.0b1,35f6a6573ef9,1.1.0a5,1.0,0.563841198459118,199971.6418246235,144251.3715250608,-0.27864086022972084,True,0.05,0.5044426243289246,True,0.5606500925493977,1.0,0.5530451278286648,-0.28563860913798134,True,0.4926959978651052,True
9,0.0,NHF,revenue,,,15,0.1.0b1,35f6a6573ef9,1.1.0a5,1.0,0.563841198459118,199971.6418246235,144251.3715250608,-0.27864086022972084,True,0.05,0.5044426243289246,True,0.5606500925493977,1.0,0.5530451278286648,-0.28563860913798134,True,0.4926959978651052,True
9,0.0,NDY,volume,0.0,,15,0.1.0b1,35f6a6573ef9,1.1.0a5,0.2637246071165747,0.11461048247980266,176505.19109754695,155751.71916965814,-0.11757995217500002,True,0.05,0.10030284116319446,True,0.09758510469610981,0.26356027265174997,0.11865051933102018,-0.1233344794755446,True,0.09946480074349534,True
9,0.0,NDY,revenue,0.0,,15,0.1.0b1,35f6a6573ef9,1.1.0a5,0.29484475721688413,0.11357552642007977,177194.8208633713,156739.0886251629,-0.11544204361357212,True,0.05,0.07144176046145898,True,0.07562387095755603,0.2632907373993593,0.11887223050127944,-0.1253073480382949,True,0.07618258919948637,True
9,0.0,-10%,volume,0.1,,15,0.1.0b1,35f6a6573ef9,1.1.0a5,0.41771514858183273,0.15288163467103064,176925.3915187578,154524.08719570297,-0.12661441148021885,True,0.05,0.09172082785558648,True,0.08902145885117242,0.4217275480655497,0.1587434876651367,-0.13635945024973758,True,0.09156915024956777,True
9,0.0,-10%,revenue,0.1,,15,0.1.0b1,35f6a6573ef9,1.1.0a5,0.5696531080092393,0.20086916725119547,177148.42518927524,155655.23743826515,-0.12132869783090407,True,0.05,0.16020210471286328,True,0.14312136413135826,0.5770538712000295,0.20579354616872275,-0.13007574094285507,True,0.15604021826974726,True
9,0.0,-20%,volume,0.2,,15,0.1.0b1,35f6a6573ef9,1.1.0a5,0.5142033027289719,0.13771640974830396,176941.8124749646,155523.45697978424,-0.12104745167686594,True,0.05,0.07891700045547378,True,0.07305427385692859,0.5359710217004733,0.1459853021159604,-0.13058601433070458,True,0.08404231502112805,True
9,0.0,-20%,revenue,0.2,,15,0.1.0b1,35f6a6573ef9,1.1.0a5,0.5572469283351371,0.16828184632254742,176909.95793888744,154924.03500942377,-0.12427747530785457,True,0.05,0.13494591050600854,True,0.14036378390226295,0.5710210073648876,0.16755315897876719,-0.13330346104171684,True,0.13157863520356997,True
9,0.0,+/-10%,volume,0.1,0.1,15,0.1.0b1,35f6a6573ef9,1.1.0a5,0.4143755124600978,0.13026500427530008,177883.65781415874,158479.12902427587,-0.10908550582063843,True,0.05,0.07171166569331752,True,0.07953548341379431,0.4105840649125812,0.1355487124486579,-0.1208221394484346,True,0.07129311891333887,True
9,0.0,+/-10%,revenue,0.1,0.1,15,0.1.0b1,35f6a6573ef9,1.1.0a5,0.3876576347116732,0.13652423271058423,178348.9695023769,159464.57194451158,-0.10588453418349372,True,0.05,0.07876877336031415,True,0.08322625490631924,0.37207650894798094,0.14293493098832602,-0.11780711420555305,True,0.08042855798679802,True
9,0.0,+/-20%,volume,0.2,0.2,15,0.1.0b1,35f6a6573ef9,1.1.0a5,0.45115645444494107,0.1419085660652011,177729.32609356008,157361.30984471503,-0.11460132492778906,True,0.05,0.08317309614479336,True,0.0969807245396978,0.43829561535556505,0.15294185407157965,-0.1261656126693922,True,0.08967834440961303,True
9,0.0,+/-20%,revenue,0.2,0.2,15,0.1.0b1,35f6a6573ef9,1.1.0a5,0.4706679703117111,0.14437974758511382,178280.49447464372,158696.73647287494,-0.10984801259093503,True,0.05,0.09934741089960201,True,0.11159492040583,0.47481431759860293,0.15128190210192077,-0.12153893647105508,True,0.10048435722948194,True
9,0.02,NHF,volume,,,15,0.1.0b1,35f6a6573ef9,1.1.0a5,0.7008330573540666,0.25782261400777845,173915.60380266333,167225.95261302197,-0.038464928064947515,True,0.05,0.22308075812943132,True,0.18317267618695554,0.685247893122361,0.250888435060595,-0.04207215777760078,True,0.21967266596663979,True
9,0.02,NHF,revenue,,,15,0.1.0b1,35f6a6573ef9,1.1.0a5,0.7008330573540666,0.25782261400777845,173915.60380266333,167225.95261302197,-0.038464928064947515,True,0.05,0.22308075812943132,True,0.18317267618695554,0.685247893122361,0.250888435060595,-0.04207215777760078,True,0.21967266596663979,True
9,0.02,NDY,volume,0.0,,15,0.1.0b1,35f6a6573ef9,1.1.0a5,0.0957849501701785,0.05333256983715736,176770.1468975939,167342.5406930534,-0.053332569837157395,True,0.05,0.044644155410604895,False,0.044644155410604895,0.1500907002544881,0.0556432274410114,-0.05873145705991649,True,0.04179765445523821,False
9,0.02,NDY,revenue,0.0,,15,0.1.0b1,35f6a6573ef9,1.1.0a5,0.07896373875930038,0.03246193552813678,174102.48836441856,169836.5002903577,-0.024502740392380814,False,0.05,0.028600577679218836,False,0.027771326110799185,0.05699385806392365,0.03085637920937112,-0.03085637920937117,False,0.025554681433927605,False
9,0.02,-10%,volume,0.1,,15,0.1.0b1,35f6a6573ef9,1.1.0a5,0.07757372688881244,0.021026993941383174,167556.3979684152,169043.48632709507,0.008875151153345954,False,0.05,0.006526608158414953,False,0.0054728045470385425,0.08851221853612959,0.022354743568120835,0.007875081079930136,False,0.010536968688128978,False
9,0.02,-10%,revenue,0.1,,15,0.1.0b1,35f6a6573ef9,1.1.0a5,0.1230228911764011,0.028887763825200367,166696.3660813902,168509.09118043617,0.010874412812099858,False,0.05,0.0128218949525679,False,0.011362987292867754,0.07107674957761653,0.021714547948053307,0.009596601458971642,False,0.005310469158830299,False
9,0.02,-20%,volume,0.2,,15,0.1.0b1,35f6a6573ef9,1.1.0a5,0.16172089503953502,0.03600017345965714,166301.37828338274,168543.75926609774,0.013483838834419695,False,0.05,0.016438203140771185,False,0.015058277594843865,0.12429523474077628,0.03577603165208467,0.013045555381151227,False,0.018149384444767068,False
9,0.02,-20%,revenue,0.2,,15,0.1.0b1,35f6a6573ef9,1.1.0a5,0.243059350599955,0.08436825585208615,165690.75683236137,168131.2725727779,0.014729341497822616,True,0.05,0.08816660444553236,True,0.08287232511489499,0.21073600304936924,0.07801548349114198,0.01780689441963656,True,0.08324410192710811,True
9,0.02,+/-10%,volume,0.1,0.1,15,0.1.0b1,35f6a6573ef9,1.1.0a5,0.06652468583703555,0.014773444237632001,167480.37025614775,169054.78500963526,0.009400592744568021,False,0.05,0.002556877336232096,False,0.002015273766257076,0.08114896601770218,0.015330270353664037,0.008831893541020357,False,0.0046623392189472,False
9,0.02,+/-10%,revenue,0.1,0.1,15,0.1.0b1,35f6a6573ef9,1.1.0a5,0.10755597576168294,0.04318357754646924,166599.51117454714,168355.88587230464,0.01054249610562989,False,0.05,0.032940117312369246,False,0.030075749820116487,0.08350493975248366,0.040006929011363476,0.010320821011056079,False,0.030645987696047778,False
9,0.02,+/-20%,volume,0.2,0.2,15,0.1.0b1,35f6a6573ef9,1.1.0a5,0.15815330276200606,0.07322977310913246,166419.26045013763,169100.7619261271,0.01611292748649666,True,0.05,0.06327532239162148,True,0.059498227232132606,0.15931342925361858,0.07007410675856426,0.01723371251924782,True,0.05994489623337727,True
9,0.02,+/-20%,revenue,0.2,0.2,15,0.1.0b1,35f6a6573ef9,1.1.0a5,0.22312671446144233,0.06734284999082706,166154.58697929038,168533.13752736113,0.01431528669363317,True,0.05,0.06706034631327891,True,0.06505345642919882,0.19896903997222873,0.06423687848181754,0.015515388413315456,True,0.06364980988352871,True
9,0.04,NHF,volume,,,15,0.1.0b1,35f6a6573ef9,1.1.0a5,1.7792462415224034e-16,1.1861641610149356e-17,164284.06776922103,164284.06776922103,0.0,False,0.05,0.0,False,0.0,1.4641042865468213e-16,9.760695243645475e-18,0.0,False,0.0,False
9,0.04,NHF,revenue,,,15,0.1.0b1,35f6a6573ef9,1.1.0a5,1.7792462415224034e-16,1.1861641610149356e-17,164284.06776922103,164284.06776922103,0.0,False,0.05,0.0,False,0.0,1.4641042865468213e-16,9.760695243645475e-18,0.0,False,0.0,False
9,0.04,NDY,volume,0.0,,15,0.1.0b1,35f6a6573ef9,1.1.0a5,0.1173465248313674,0.06543297720273249,175665.1965616905,164170.89975975588,-0.06543297720273257,True,0.05,0.054721974714539864,True,0.05472197471453987,0.15208892166206628,0.0664002578256488,-0.06984523271976388,True,0.05379395475896161,True
9,0.04,NDY,revenue,0.0,,15,0.1.0b1,35f6a6573ef9,1.1.0a5,0.07896373875930077,0.03246193552813791,174102.4883644185,169836.50029035754,-0.024502740392381494,False,0.05,0.028600577679219686,False,0.027771326110799962,0.05699385806392516,0.030856379209372366,-0.030856379209372585,False,0.025554681433928427,False
9,0.04,-10%,volume,0.1,,15,0.1.0b1,35f6a6573ef9,1.1.0a5,0.12301802554496583,0.02909635623434931,167183.66258802023,168742.72949149806,0.009325474028641974,False,0.05,0.00642212347410224,False,0.005158666629273724,0.13075936302931546,0.03113375685888309,0.009349653973436022,False,0.009831900182162071,False
9,0.04,-10%,revenue,0.1,,15,0.1.0b1,35f6a6573ef9,1.1.0a5,0.07962161966122724,0.018982647804712625,166562.09189232014,168051.12090370755,0.008939783323266868,False,0.05,0.007560992186444872,False,0.006494428680550148,0.051183713913600805,0.016029868350594022,0.008727899094011067,False,0.005192777257564636,False
9,0.04,-20%,volume,0.2,,15,0.1.0b1,35f6a6573ef9,1.1.0a5,0.19271685587645276,0.02374589771702289,166118.6429116781,167950.01526493428,0.011024484194888882,False,0.05,0.013495980458782017,False,0.01050554106759176,0.1778965596310262,0.024876164101781468,0.011324643963090415,False,0.016408880122118837,False
9,0.04,-20%,revenue,0.2,,15,0.1.0b1,35f6a6573ef9,1.1.0a5,0.07567691637600568,0.01533052540327767,165563.6367429747,166793.36615124092,0.007427533197856064,False,0.05,0.008456751571117166,False,0.00801189087828326,0.05620951670671675,0.012599971336544473,0.007579950396476001,False,0.006250853383325848,False
9,0.04,+/-10%,volume,0.1,0.1,15,0.1.0b1,35f6a6573ef9,1.1.0a5,0.04846064831779118,0.012836810825185068,167335.9864509444,168504.71359891194,0.006984314448764279,False,0.05,0.0035622166576921794,False,0.002803702791217123,0.0388153196317928,0.013097918185162231,0.006861319488668846,False,0.006275406204204925,False
9,0.04,+/-10%,revenue,0.1,0.1,15,0.1.0b1,35f6a6573ef9,1.1.0a5,0.11927134808759186,0.02862960841375619,166524.2280762139,168011.1044253808,0.008928889005186525,False,0.05,0.020909232082761162,False,0.020009363912753375,0.10221755941979571,0.026815837122724707,0.009160488246678223,False,0.019279033683137853,False
9,0.04,+/-20%,volume,0.2,0.2,15,0.1.0b1,35f6a6573ef9,1.1.0a5,0.1448357302287332,0.044843507503849064,166419.0224255876,167792.0094198616,0.008250180623960253,False,0.05,0.04222212231085954,False,0.03932231063463977,0.13882784577942597,0.044562128398697734,0.00853806918972335,False,0.04214025480114327,False
9,0.04,+/-20%,revenue,0.2,0.2,15,0.1.0b1,35f6a6573ef9,1.1.0a5,0.2973815137124226,0.10945250152902058,166450.48481631718,167665.49708304316,0.007299541771036423,True,0.05,0.11906680401917709,True,0.1207307956457256,0.2965526165915555,0.11234166497346194,0.009447083788393665,True,0.12082873482399052,True
9,0.06,NHF,volume,,,15,0.1.0b1,35f6a6573ef9,1.1.0a5,1.7792462415224034e-16,1.1861641610149356e-17,164284.06776922103,164284.06776922103,0.0,False,0.05,0.0,False,0.0,1.4641042865468213e-16,9.760695243645475e-18,0.0,False,0.0,False
9,0.06,NHF,revenue,,,15,0.1.0b1,35f6a6573ef9,1.1.0a5,1.7792462415224034e-16,1.1861641610149356e-17,164284.06776922103,164284.06776922103,0.0,False,0.05,0.0,False,0.0,1.4641042865468213e-16,9.760695243645475e-18,0.0,False,0.0,False
9,0.06,NDY,volume,0.0,,15,0.1.0b1,35f6a6573ef9,1.1.0a5,0.12238217118878042,0.07026250159856712,174584.8941518463,162318.1227474165,-0.07026250159856731,True,0.05,0.05975883871597225,True,0.05975883871597226,0.17261652135539501,0.06932342029765906,-0.07423987126156521,True,0.05890441976672778,True
9,0.06,NDY,revenue,0.0,,15,0.1.0b1,35f6a6573ef9,1.1.0a5,0.07896373875930107,0.03246193552813701,174102.4883644185,169836.50029035768,-0.024502740392380658,False,0.05,0.028600577679219263,False,0.02777132611079958,0.056993858063924166,0.030856379209371468,-0.030856379209371454,False,0.02555468143392814,False
9,0.06,-10%,volume,0.1,,15,0.1.0b1,35f6a6573ef9,1.1.0a5,0.1276526870029735,0.01647791608372971,167126.22009875128,168053.95167184333,0.005551083322197296,False,0.05,0.006158340308360684,False,0.005537993535468643,0.1370179289839743,0.02122917328585586,0.004273254363434273,False,0.009504558198412982,False
9,0.06,-10%,revenue,0.1,,15,0.1.0b1,35f6a6573ef9,1.1.0a5,0.0645721381999808,0.010300383212504342,166620.0539762287,168012.13933543593,0.008354848807130045,False,0.05,0.00261442296714636,False,0.001986389096263641,0.0323545526465,0.00873010748401664,0.007979286811820632,False,0.0030029543122796617,False
9,0.06,-20%,volume,0.2,,15,0.1.0b1,35f6a6573ef9,1.1.0a5,0.1945082063616298,0.0511950197996031,166057.1811284733,166776.90767964124,0.004334209133726645,True,0.05,0.0426700150976145,False,0.04025824681376829,0.2059973390212318,0.053755411986387114,0.0034411624176521106,True,0.0475432196936289,False
9,0.06,-20%,revenue,0.2,,15,0.1.0b1,35f6a6573ef9,1.1.0a5,0.1211403315484254,0.02783869292525066,165440.8241749061,166851.0386134397,0.008523980979704972,False,0.05,0.018993833724704222,False,0.017419465948548186,0.11103274591623512,0.023377382762829555,0.009049466722052755,False,0.013976375354872136,False
9,0.06,+/-10%,volume,0.1,0.1,15,0.1.0b1,35f6a6573ef9,1.1.0a5,0.13148215576966024,0.017599213872989232,167120.1547716797,167634.03783971505,0.0030749317384095656,False,0.05,0.008780561101129156,False,0.007605721415600275,0.14150412205320878,0.02255747975952459,0.0016969790138279819,False,0.012135680020883414,False
9,0.06,+/-10%,revenue,0.1,0.1,15,0.1.0b1,35f6a6573ef9,1.1.0a5,0.086682664756666,0.027255007312155632,166644.15698292063,167935.92511771957,0.00775165573270796,False,0.05,0.023014275386553797,False,0.021964681174969927,0.0840892258870781,0.02456695742058279,0.007744450211167616,False,0.020911449935755545,False
9,0.06,+/-20%,volume,0.2,0.2,15,0.1.0b1,35f6a6573ef9,1.1.0a5,0.15346783962188126,0.04501839057959434,166251.09775670944,166659.9897789999,0.002459484645862851,False,0.05,0.03711773189181404,False,0.036741520620092796,0.1622963057783346,0.04782582191579227,0.0014972704970506795,False,0.0418127769326477,False
9,0.06,+/-20%,revenue,0.2,0.2,15,0.1.0b1,35f6a6573ef9,1.1.0a5,0.4118498814141473,0.17518662123946183,168192.0508267058,167111.3698626055,-0.00642527966564695,True,0.05,0.1774137742301497,True,0.18664000824278457,0.425054741753162,0.16845635067133888,-0.01037414344740376,True,0.17123703800639195,True
10,0.0,NHF,volume,,,15,0.1.0b1,35f6a6573ef9,1.1.0a5,1.0,0.5948744499469544,200442.93512076433,144072.98411764498,-0.2812269285976937,True,0.05,0.5469183984042387,True,0.6923806935286946,1.0,0.5819791878352913,-0.2890142126383879,True,0.532403510181758,True
10,0.0,NHF,revenue,,,15,0.1.0b1,35f6a6573ef9,1.1.0a5,1.0,0.5948744499469544,200442.93512076433,144072.98411764498,-0.2812269285976937,True,0.05,0.5469183984042387,True,0.6923806935286946,1.0,0.5819791878352913,-0.2890142126383879,True,0.532403510181758,True
10,0.0,NDY,volume,0.0,,15,0.1.0b1,35f6a6573ef9,1.1.0a5,0.3011338967273556,0.11253948713085556,176404.54301960324,155647.3588683159,-0.1176680815356363,True,0.05,0.09239627010452232,True,0.09166468626890086,0.3130884992931226,0.11715682099878559,-0.12516562246366714,True,0.08985610681912556,True
10,0.0,NDY,revenue,0.0,,15,0.1.0b1,35f6a6573ef9,1.1.0a5,0.2847904771976271,0.11507217827019559,177445.2825835701,157096.50608518586,-0.1146763453054929,True,0.05,0.07464083811940798,True,0.07612913930712638,0.2657490921652299,0.11994159233797673,-0.12621139770837958,True,0.07523256935500804,True
10,0.0,-10%,volume,0.1,,15,0.1.0b1,35f6a6573ef9,1.1.0a5,0.40595449255741145,0.14804337900117942,177102.9332403458,155256.40579358838,-0.1233549724278681,True,0.05,0.07317806879700026,True,0.07773949262306923,0.43071005686179176,0.1523248215403578,-0.13629242168041572,True,0.06959574083513059,True
10,0.0,-10%,revenue,0.1,,15,0.1.0b1,35f6a6573ef9,1.1.0a5,0.5782012815346949,0.19889553896258072,177263.74589078588,154396.37305104232,-0.1290019723143637,True,0.05,0.13717827933453167,True,0.14147431378076963,0.5899074084313095,0.2048111402721965,-0.1396708214051997,True,0.13563389273991056,True
10,0.0,-20%,volume,0.2,,15,0.1.0b1,35f6a6573ef9,1.1.0a5,0.5294075179137803,0.21100767354596345,177437.45111628965,154355.38130678792,-0.1300856705520083,True,0.05,0.18708168943640321,True,0.18153564674438247,0.5494286766539441,0.21625205183332194,-0.13818068487457424,True,0.18432216358624734,True
10,0.0,-20%,revenue,0.2,,15,0.1.0b1,35f6a6573ef9,1.1.0a5,0.4700617522977622,0.1607185224733934,177525.3150692269,158527.20258350373,-0.1070163569534562,True,0.05,0.12040031138313823,True,0.1303158980544783,0.4613986706129922,0.1717316934970269,-0.11608931253882634,True,0.12477446958087442,True
10,0.0,+/-10%,volume,0.1,0.1,15,0.1.0b1,35f6a6573ef9,1.1.0a5,0.4351358465635879,0.13064438556491215,177836.27508260755,159384.6387389877,-0.10375631369386695,True,0.05,0.07609155330615855,True,0.08491015648101355,0.4248890124823532,0.1442955244983573,-0.11802088555270861,True,0.08502450206267208,True
10,0.0,+/-10%,revenue,0.1,0.1,15,0.1.0b1,35f6a6573ef9,1.1.0a5,0.36236154310970037,0.13218542928499996,178563.00883556003,160525.4142916679,-0.10101529236944638,True,0.05,0.08637043446403572,True,0.09197031766659591,0.3547881171704804,0.13834676934213921,-0.11191108522819726,True,0.08874892063939943,True
10,0.0,+/-20%,volume,0.2,0.2,15,0.1.0b1,35f6a6573ef9,1.1.0a5,0.43436620655892394,0.15857112390592407,177658.05829645286,157477.28630837498,-0.11359333869563522,True,0.05,0.10057184954995424,True,0.11643496884686678,0.45673197555504214,0.1705228576702791,-0.12697260615505412,True,0.10804092322145169,True
10,0.0,+/-20%,revenue,0.2,0.2,15,0.1.0b1,35f6a6573ef9,1.1.0a5,0.46804450733735925,0.1321587202908043,178356.06235517608,159024.1454711706,-0.108389457743848,True,0.05,0.07751414859062922,True,0.08615081440578465,0.4774715051015185,0.14516509030605954,-0.12067860888178937,True,0.08781388968172907,True
10,0.02,NHF,volume,,,15,0.1.0b1,35f6a6573ef9,1.1.0a5,0.8608597554743824,0.22602723169982658,174028.14453979683,167256.03288032673,-0.03891388762075465,True,0.05,0.17382937144211086,True,0.1430049057896975,0.8429305843634473,0.21859539017486224,-0.04312065545227131,True,0.16684703450155342,True
10,0.02,NHF,revenue,,,15,0.1.0b1,35f6a6573ef9,1.1.0a5,0.8608597554743824,0.22602723169982658,174028.14453979683,167256.03288032673,-0.03891388762075465,True,0.05,0.17382937144211086,True,0.1430049057896975,0.8429305843634473,0.21859539017486224,-0.04312065545227131,True,0.16684703450155342,True
10,0.02,NDY,volume,0.0,,15,0.1.0b1,35f6a6573ef9,1.1.0a5,0.09661050566860789,0.05387646655066199,176894.56028827353,167364.1064279083,-0.05387646655066201,True,0.05,0.04503448651686344,False,0.045034486516863446,0.14244335947621,0.05593453396385124,-0.05938104094548933,True,0.04389219304772855,False
10,0.02,NDY,revenue,0.0,,15,0.1.0b1,35f6a6573ef9,1.1.0a5,0.09090790833746634,0.03401157726521101,174317.7675168359,170072.6065751359,-0.0243530020041704,False,0.05,0.026283023715934307,False,0.025379083101792394,0.05737458015569299,0.03103938563572726,-0.03103938563572713,False,0.025727050741534842,False
10,0.02,-10%,volume,0.1,,15,0.1.0b1,35f6a6573ef9,1.1.0a5,0.17543327789144889,0.03388435921732305,167666.37471473063,169075.0418312913,0.00840160776993839,False,0.05,0.008097405876232967,False,0.007162797773431513,0.19489625483894726,0.03736613565980099,0.006144335239005847,False,0.015469879404680382,False
10,0.02,-10%,revenue,0.1,,15,0.1.0b1,35f6a6573ef9,1.1.0a5,0.20343636505832643,0.0416013015665743,166808.76651431835,168380.38880046963,0.009421700783432005,False,0.05,0.03593733206396819,False,0.03177025147276741,0.19764705258679122,0.03621806210140998,0.00658619417357926,False,0.03390547202756631,False
10,0.02,-20%,volume,0.2,,15,0.1.0b1,35f6a6573ef9,1.1.0a5,0.2175289592698823,0.06359737899733506,166473.0945610612,168911.72282317394,0.014648783147466869,True,0.05,0.06003299469441088,True,0.05559723812707899,0.22337217617967323,0.06398825214946914,0.014395771293027194,True,0.06237471932006409,True
10,0.02,-20%,revenue,0.2,,15,0.1.0b1,35f6a6573ef9,1.1.0a5,0.2894972953657937,0.1008927495763643,165898.52687133467,168433.79230090708,0.015282024966615121,True,0.05,0.1138066675872351,True,0.1102628104551542,0.25664601022300876,0.09175271672680398,0.01768700397592528,True,0.10774993732626807,True
10,0.02,+/-10%,volume,0.1,0.1,15,0.1.0b1,35f6a6573ef9,1.1.0a5,0.09102300192022665,0.010588347860364526,167836.58254353382,169250.97112988192,0.008427176989147942,False,0.05,0.0016470743671442533,False,0.001504026433020537,0.11252089981059964,0.014002929418559846,0.007312525074254675,False,0.007869527618939253,False
10,0.02,+/-10%,revenue,0.1,0.1,15,0.1.0b1,35f6a6573ef9,1.1.0a5,0.12855570737876051,0.04924081306059136,166850.27814376025,168405.39582259403,0.009320438036632265,False,0.05,0.047468366390554365,False,0.045222610762640385,0.08723637559119857,0.04251679125457496,0.007590282095937306,False,0.040473263945087816,False
10,0.02,+/-20%,volume,0.2,0.2,15,0.1.0b1,35f6a6573ef9,1.1.0a5,0.15804977857097827,0.09722870319764015,166514.4474486172,169471.61728034605,0.01775923877501004,True,0.05,0.09252832636316961,True,0.09075051922703009,0.16365662731714412,0.09103297509373251,0.019541146742805614,True,0.08350799828762837,True
10,0.02,+/-20%,revenue,0.2,0.2,15,0.1.0b1,35f6a6573ef9,1.1.0a5,0.21061731231976902,0.10644149049442643,166440.50348702582,169251.27021560306,0.01688751637786493,True,0.05,0.11460855560472197,True,0.11728041634484192,0.19661424747649975,0.10294601540365175,0.01891984315764737,True,0.11289963910829233,True
10,0.04,NHF,volume,,,15,0.1.0b1,35f6a6573ef9,1.1.0a5,3.82264544421736e-16,5.794003203652621e-17,163708.61460064046,163708.61460064052,3.555564931965388e-16,False,0.05,3.162641494463499e-17,False,5.787422267086612e-17,3.764939527572544e-16,5.772494708776832e-17,0.0,False,3.4918601103872406e-17,False
10,0.04,NHF,revenue,,,15,0.1.0b1,35f6a6573ef9,1.1.0a5,3.82264544421736e-16,5.794003203652621e-17,163708.61460064046,163708.61460064052,3.555564931965388e-16,False,0.05,3.162641494463499e-17,False,5.787422267086612e-17,3.764939527572544e-16,5.772494708776832e-17,0.0,False,3.4918601103872406e-17,False
10,0.04,NDY,volume,0.0,,15,0.1.0b1,35f6a6573ef9,1.1.0a5,0.11645123379004027,0.06453553693133432,175723.6461476731,164383.22629200126,-0.06453553693133413,True,0.05,0.053909559199787814,True,0.053909559199787814,0.14159589585940843,0.06452782905264974,-0.06720892648840089,True,0.05405751423977524,True
10,0.04,NDY,revenue,0.0,,15,0.1.0b1,35f6a6573ef9,1.1.0a5,0.0909079083374667,0.03401157726520599,174317.76751683588,170072.6065751367,-0.02435300200416556,False,0.05,0.026283023715926734,False,0.02537908310178526,0.05737458015569409,0.031039385635722287,-0.03103938563572217,False,0.025727050741527053,False
10,0.04,-10%,volume,0.1,,15,0.1.0b1,35f6a6573ef9,1.1.0a5,0.047330084613717543,0.01233742382932601,167578.3632459926,169172.3687995528,0.009512000968885846,False,0.05,0.004245508662406658,False,0.0033406922391184366,0.04508183662335764,0.01318673120006974,0.009216322777615108,False,0.007411340487034061,False
10,0.04,-10%,revenue,0.1,,15,0.1.0b1,35f6a6573ef9,1.1.0a5,0.11951691861817794,0.017821138122029696,166775.65587440398,168406.33219901347,0.009777663988547155,False,0.05,0.005809243222097256,False,0.005357946487294034,0.04829934593636469,0.015179099432157133,0.00914547095904,False,0.005395184441995838,False
10,0.04,-20%,volume,0.2,,15,0.1.0b1,35f6a6573ef9,1.1.0a5,0.1431805113312064,0.03181929710935462,166225.61882132068,168206.70471849787,0.01191805397522211,False,0.05,0.015757483519511128,False,0.013956430093383826,0.14039890776419614,0.034563465827034845,0.012174283738556805,False,0.021901657800776058,False
10,0.04,-20%,revenue,0.2,,15,0.1.0b1,35f6a6573ef9,1.1.0a5,0.11577967577788612,0.025963277522814347,165616.04916316931,167146.49144766963,0.009240905650348423,False,0.05,0.012718537475206276,False,0.010734826716708851,0.05994094376863527,0.021416963625579787,0.009306198640771344,False,0.009762526594255585,False
10,0.04,+/-10%,volume,0.1,0.1,15,0.1.0b1,35f6a6573ef9,1.1.0a5,0.12853728813054924,0.023341726620767753,168084.12172339592,169227.14186928683,0.0068002862743448255,False,0.05,0.008282745957763394,False,0.006443853129331549,0.13376873434929032,0.02562234126346885,0.00647268676520954,False,0.010613470354546498,False
10,0.04,+/-10%,revenue,0.1,0.1,15,0.1.0b1,35f6a6573ef9,1.1.0a5,0.11682157265601507,0.02417908384985102,166843.54820289847,168433.2174328966,0.009527903518720064,False,0.05,0.017337542348501527,False,0.01655590032427597,0.08760271735976968,0.021289060300617436,0.009142461700323833,False,0.015922507811897225,False
10,0.04,+/-20%,volume,0.2,0.2,15,0.1.0b1,35f6a6573ef9,1.1.0a5,0.12692078264359805,0.03575559932605415,166142.3764880345,167413.0652942616,0.00764819206928,False,0.05,0.03096168854607121,False,0.027359916955111568,0.1215590547780554,0.03442597067169531,0.00810480973506841,False,0.029419247172932327,False
10,0.04,+/-20%,revenue,0.2,0.2,15,0.1.0b1,35f6a6573ef9,1.1.0a5,0.32219462369521096,0.12321112739610089,166311.03635813177,167320.632392582,0.0060705293921455355,True,0.05,0.13452334618727244,True,0.13667485662878723,0.33309988508100397,0.12697309852192287,0.008520535658716764,True,0.13612393105044795,True
10,0.06,NHF,volume,,,15,0.1.0b1,35f6a6573ef9,1.1.0a5,3.82264544421736e-16,5.794003203652621e-17,163708.61460064046,163708.61460064052,3.555564931965388e-16,False,0.05,3.162641494463499e-17,False,5.787422267086612e-17,3.764939527572544e-16,5.772494708776832e-17,0.0,False,3.4918601103872406e-17,False
10,0.06,NHF,revenue,,,15,0.1.0b1,35f6a6573ef9,1.1.0a5,3.82264544421736e-16,5.794003203652621e-17,163708.61460064046,163708.61460064052,3.555564931965388e-16,False,0.05,3.162641494463499e-17,False,5.787422267086612e-17,3.764939527572544e-16,5.772494708776832e-17,0.0,False,3.4918601103872406e-17,False
10,0.06,NDY,volume,0.0,,15,0.1.0b1,35f6a6573ef9,1.1.0a5,0.12343809860888469,0.07053611525565237,174691.67636092025,162369.60414292323,-0.07053611525565251,True,0.05,0.06017515102013431,True,0.06017515102013432,0.17217706696209903,0.06983709556525411,-0.07466037546869615,True,0.05953288308287854,True
10,0.06,NDY,revenue,0.0,,15,0.1.0b1,35f6a6573ef9,1.1.0a5,0.09090790833746529,0.03401157726521045,174317.7675168359,170072.60657513596,-0.024353002004170066,False,0.05,0.02628302371593379,False,0.02537908310179189,0.057374580155693626,0.031039385635726786,-0.031039385635726842,False,0.025727050741534252,False
10,0.06,-10%,volume,0.1,,15,0.1.0b1,35f6a6573ef9,1.1.0a5,0.07882791799794149,0.020793649478726035,167418.85465002246,168475.19950026248,0.006309593100778459,False,0.05,0.011486701605560376,False,0.009335489962384008,0.07951558749189999,0.02501811589945854,0.004440100129135083,False,0.021081366507197417,False
10,0.06,-10%,revenue,0.1,,15,0.1.0b1,35f6a6573ef9,1.1.0a5,0.1227134218238938,0.017842977532391634,166851.05094450153,168278.37691298226,0.008554491927986048,False,0.05,0.006716788819937895,False,0.006775068358318488,0.04222284428741131,0.014112767168109353,0.007754457355282572,False,0.0050916260354921476,False
10,0.06,-20%,volume,0.2,,15,0.1.0b1,35f6a6573ef9,1.1.0a5,0.10388648577069617,0.014512588115396132,165910.26644587168,166719.97967238628,0.0048804287031795944,False,0.05,0.006060258308833846,False,0.005404542607656371,0.09395144614403461,0.018951907051400922,0.003996190957503275,False,0.013773298148592883,False
10,0.06,-20%,revenue,0.2,,15,0.1.0b1,35f6a6573ef9,1.1.0a5,0.11865822714644055,0.03476085017237954,165555.41568641266,166861.07988541602,0.007886568938804732,False,0.05,0.023054644382291746,False,0.020811106173437437,0.09936544451659751,0.02861704686608316,0.0078083002476864545,False,0.017438137548343273,False
10,0.06,+/-10%,volume,0.1,0.1,15,0.1.0b1,35f6a6573ef9,1.1.0a5,0.286148982754486,0.052216713354424585,167438.0200480282,168107.62783966478,0.003999138256917421,True,0.05,0.003650508938468914,False,0.003793245687706021,0.2875056653701295,0.05818584442443376,0.002138553099896644,True,0.013886492426037556,False
10,0.06,+/-10%,revenue,0.1,0.1,15,0.1.0b1,35f6a6573ef9,1.1.0a5,0.10009278384958152,0.027240868837497996,167752.05689033202,168712.88164683044,0.005727648139221083,False,0.05,0.027387894218907343,False,0.024610445248014878,0.09171465289439604,0.020334664514872747,0.003612093439980227,False,0.02166149346887587,False
10,0.06,+/-20%,volume,0.2,0.2,15,0.1.0b1,35f6a6573ef9,1.1.0a5,0.09699928396800321,0.030068212389514508,166053.42513500256,166115.62355713942,0.00037456873946619486,False,0.05,0.031045141361320017,False,0.028247059544104648,0.09378799850068134,0.03404644661095825,-0.0007700079518923618,False,0.03534586537297844,False
10,0.06,+/-20%,revenue,0.2,0.2,15,0.1.0b1,35f6a6573ef9,1.1.0a5,0.41081066717780174,0.16166929728760873,167695.44341964406,167085.36486538884,-0.003638015093400881,True,0.05,0.16987167791824215,True,0.17535317702169304,0.4207070037445097,0.15861875609912912,-0.006449606278990708,True,0.164019482023997,True
11,0.0,NHF,volume,,,15,0.1.0b1,35f6a6573ef9,1.1.0a5,0.9882216048150032,0.5719228871849642,175104.71306026034,126349.1163152024,-0.27843680442958296,True,0.05,0.5743466846869928,True,0.6643693635558877,0.9889377792867522,0.569548677688968,-0.27646258984340416,True,0.5766797127800202,True
11,0.0,NHF,revenue,,,15,0.1.0b1,35f6a6573ef9,1.1.0a5,0.9882216048150032,0.5719228871849642,175104.71306026034,126349.1163152024,-0.27843680442958296,True,0.05,0.5743466846869928,True,0.6643693635558877,0.9889377792867522,0.569548677688968,-0.27646258984340416,True,0.5766797127800202,True
11,0.0,NDY,volume,0.0,,15,0.1.0b1,35f6a6573ef9,1.1.0a5,0.27219081763799147,0.1287591397438741,154683.06828186044,133436.7796785478,-0.13735367961927195,True,0.05,0.10145017070117548,True,0.10145017070117547,0.3403085615462796,0.13189485909356857,-0.14156427327026805,True,0.09977413973222743,True
11,0.0,NDY,revenue,0.0,,15,0.1.0b1,35f6a6573ef9,1.1.0a5,0.5014101758104805,0.19407249441692467,155761.47501128574,133796.56337024958,-0.14101633051076773,True,0.05,0.19475258682368168,True,0.18907513466335354,0.5075149647773141,0.19628599498447427,-0.15015180016009988,True,0.19492415536462757,True
11,0.0,-10%,volume,0.1,,15,0.1.0b1,35f6a6573ef9,1.1.0a5,0.5746789160157864,0.18634418879297193,155389.58293886104,129157.83506131699,-0.16881278256512916,True,0.05,0.08399993202659692,True,0.07620255324398448,0.5878985460486589,0.19456387497260322,-0.1784668682320898,True,0.09037196249951204,True
11,0.0,-10%,revenue,0.1,,15,0.1.0b1,35f6a6573ef9,1.1.0a5,0.5524712236666457,0.18106122814124972,155651.39106915728,130891.74145102834,-0.15907117468116946,True,0.05,0.08719771585470407,True,0.08208902612863377,0.5407346840055519,0.17908077265006536,-0.1701644852799537,True,0.07658062003553692,True
11,0.0,-20%,volume,0.2,,15,0.1.0b1,35f6a6573ef9,1.1.0a5,0.591585075070239,0.18163535359086236,155805.3070673309,132996.41689858868,-0.14639353817957826,True,0.05,0.09890809708960803,True,0.10770008461346585,0.6112147023934216,0.19722238323328947,-0.15661607547540368,True,0.11220679931112898,True
11,0.0,-20%,revenue,0.2,,15,0.1.0b1,35f6a6573ef9,1.1.0a5,0.614556562887077,0.213284530673732,155757.10090798512,129621.01152168559,-0.16780030723440117,True,0.05,0.13081487714662796,True,0.1218030612671042,0.6306367373432693,0.21498909386410955,-0.17619288846269396,True,0.12609323802210465,True
11,0.0,+/-10%,volume,0.1,0.1,15,0.1.0b1,35f6a6573ef9,1.1.0a5,0.4362502264060052,0.18308870781330147,156627.7378369883,134583.03142378136,-0.14074586479790802,True,0.05,0.1329887054844263,True,0.15105850455188774,0.43706292422037407,0.18941048804899702,-0.15146579582535935,True,0.13384080284016217,True
11,0.0,+/-10%,revenue,0.1,0.1,15,0.1.0b1,35f6a6573ef9,1.1.0a5,0.43847181495994453,0.174391190455124,157064.09055309583,135982.23576700923,-0.13422453669611917,True,0.05,0.1262464963494025,True,0.1404505449848988,0.4429830136675424,0.17785521477796304,-0.14473284618036297,True,0.12605600779668874,True
11,0.0,+/-20%,volume,0.2,0.2,15,0.1.0b1,35f6a6573ef9,1.1.0a5,0.5103386896807406,0.18606276895171267,156539.1580488361,134592.67579652002,-0.14019803431847613,True,0.05,0.12257314738601473,True,0.1405896031086825,0.5101096965484228,0.19893369658432927,-0.1517395183023271,True,0.1335425640833063,True
11,0.0,+/-20%,revenue,0.2,0.2,15,0.1.0b1,35f6a6573ef9,1.1.0a5,0.5425930328888685,0.18194685320009266,156976.83750733882,134941.72073585095,-0.14037177153895528,True,0.05,0.12442085587951349,True,0.1395862724268792,0.5256494583126854,0.18232769045520714,-0.1498862876633182,True,0.12092043027725279,True
11,0.02,NHF,volume,,,15,0.1.0b1,35f6a6573ef9,1.1.0a5,0.5008179289526642,0.15959108264884078,147933.7457662369,143879.35009451202,-0.027406834395524608,True,0.05,0.13792016932234957,True,0.12638633996545962,0.48870312291000045,0.15371796970311877,-0.03156754738105826,True,0.1331424782093241,True
11,0.02,NHF,revenue,,,15,0.1.0b1,35f6a6573ef9,1.1.0a5,0.5008179289526642,0.15959108264884078,147933.7457662369,143879.35009451202,-0.027406834395524608,True,0.05,0.13792016932234957,True,0.12638633996545962,0.48870312291000045,0.15371796970311877,-0.03156754738105826,True,0.1331424782093241,True
11,0.02,NDY,volume,0.0,,15,0.1.0b1,35f6a6573ef9,1.1.0a5,0.09445042350337374,0.05169452865113418,153365.18450022803,145437.04357599455,-0.05169452865113392,True,0.05,0.042875611007224416,False,0.04287561100722442,0.1609507279732609,0.0543162529166015,-0.05749310835045264,True,0.0404884878151106,False
11,0.02,NDY,revenue,0.0,,15,0.1.0b1,35f6a6573ef9,1.1.0a5,0.06016920266677667,0.026780982453527048,149707.7826233092,146469.62633821226,-0.021629846013047387,False,0.05,0.02836968905769931,False,0.027423785900816358,0.052027309925447816,0.027363487232450683,-0.02736348723245024,False,0.02214164121926366,False
11,0.02,-10%,volume,0.1,,15,0.1.0b1,35f6a6573ef9,1.1.0a5,0.1478774318212363,0.031233313030177293,145696.7879837295,145074.89288177784,-0.004268420124821951,False,0.05,0.027698404281371002,False,0.02342331536399365,0.1395389849690774,0.03436890047452398,-0.005326181945624556,False,0.029680744388651443,False
11,0.02,-10%,revenue,0.1,,15,0.1.0b1,35f6a6573ef9,1.1.0a5,0.18239226530605,0.05335048038193853,145106.26874505982,143716.32836284977,-0.009578775570696108,True,0.05,0.04989304944963662,False,0.049095431248655785,0.1744868166484754,0.04940682637336409,-0.009408701987970131,False,0.0463256630795492,False
11,0.02,-20%,volume,0.2,,15,0.1.0b1,35f6a6573ef9,1.1.0a5,0.1362982605997176,0.05947985180157256,144912.77243667276,144242.5635375172,-0.004624912544878907,True,0.05,0.06030830369968213,True,0.061230563348320846,0.12716968175989551,0.05620561105450929,-0.002637422393998385,True,0.057124601851307875,True
11,0.02,-20%,revenue,0.2,,15,0.1.0b1,35f6a6573ef9,1.1.0a5,0.2959095045806788,0.09444231290965818,144801.48092939265,143915.65249549274,-0.006117537115050988,True,0.05,0.09525926631652573,True,0.10383423904869062,0.27639694309226986,0.0895709580036476,-0.00441866561483822,True,0.09050069008346295,True
11,0.02,+/-10%,volume,0.1,0.1,15,0.1.0b1,35f6a6573ef9,1.1.0a5,0.07833370447263621,0.01732491334730567,145725.13583712128,144895.31317396535,-0.00569443739674012,False,0.05,0.014122575804463555,False,0.012025436769229469,0.08402743053765752,0.020120595247064117,-0.0065224854062107315,False,0.016464594009665275,False
11,0.02,+/-10%,revenue,0.1,0.1,15,0.1.0b1,35f6a6573ef9,1.1.0a5,0.12343959838460962,0.043080113446791204,145229.57353722173,143762.97457376315,-0.010098487021189954,False,0.05,0.033898889925740736,False,0.0354020062189509,0.14923976862307975,0.042126746867856536,-0.010510120239440406,False,0.028484603410517034,False
11,0.02,+/-20%,volume,0.2,0.2,15,0.1.0b1,35f6a6573ef9,1.1.0a5,0.19293385530506454,0.05762925149780695,145088.640337095,143876.07750048165,-0.008357393341037071,True,0.05,0.03347229536846773,False,0.03548092752845406,0.21131897508607975,0.05887624665164341,-0.008053326499545762,True,0.03196451897329332,False
11,0.02,+/-20%,revenue,0.2,0.2,15,0.1.0b1,35f6a6573ef9,1.1.0a5,0.2462663548206067,0.09219050344144643,145060.17911211852,143970.9198915259,-0.007509016101177702,True,0.05,0.07893460097823121,True,0.08537452807519051,0.2353799972412712,0.09108574769732794,-0.005947760254855101,True,0.07353350951676893,True
11,0.04,NHF,volume,,,15,0.1.0b1,35f6a6573ef9,1.1.0a5,1.640847058715549e-16,1.0938980391436993e-17,141163.23002121874,141163.23002121874,0.0,False,0.05,1.6408470587155488e-17,False,2.4056022100905544e-17,0.0,0.0,0.0,False,0.0,False
11,0.04,NHF,revenue,,,15,0.1.0b1,35f6a6573ef9,1.1.0a5,1.640847058715549e-16,1.0938980391436993e-17,141163.23002121874,141163.23002121874,0.0,False,0.05,1.6408470587155488e-17,False,2.4056022100905544e-17,0.0,0.0,0.0,False,0.0,False
11,0.04,NDY,volume,0.0,,15,0.1.0b1,35f6a6573ef9,1.1.0a5,0.11142632341470388,0.060313528793978576,152670.37230877278,143462.2834125402,-0.06031352879397859,True,0.05,0.049435292649920706,False,0.04943529264992071,0.14212536285232408,0.06048948473578451,-0.06418247309479837,True,0.04599021379760752,False
11,0.04,NDY,revenue,0.0,,15,0.1.0b1,35f6a6573ef9,1.1.0a5,0.060169202666776854,0.02689618783766089,149707.7826233092,146484.08768086985,-0.021533248879590516,False,0.05,0.028369689057699248,False,0.027423785900816317,0.051986943426835866,0.02736494639331332,-0.027364946393312887,False,0.02214164121926357,False
11,0.04,-10%,volume,0.1,,15,0.1.0b1,35f6a6573ef9,1.1.0a5,0.08840552091033937,0.016366440053692526,144916.64735103943,144516.2980039657,-0.0027626180593589254,False,0.05,0.018817231526875488,False,0.016542029671541343,0.09783433932706002,0.023005415442780876,-0.00350698334930844,False,0.02658097137125049,False
11,0.04,-10%,revenue,0.1,,15,0.1.0b1,35f6a6573ef9,1.1.0a5,0.025382361477692936,0.007797362711886688,143153.933713682,143143.10621667476,-7.563534390115846e-05,False,0.05,0.0065470445034375695,False,0.006196513454933796,0.026085374457142277,0.007445349765524491,0.00011341938605953356,False,0.005152550056804815,False
11,0.04,-20%,volume,0.2,,15,0.1.0b1,35f6a6573ef9,1.1.0a5,0.031551260751951984,0.008767972334875617,142085.11161318858,142099.95620267247,0.00010447674154845938,False,0.05,0.008297974101211587,False,0.00782044646528486,0.03144779360031946,0.009271882489556588,1.4724653396339025e-05,False,0.009394886215651639,False
11,0.04,-20%,revenue,0.2,,15,0.1.0b1,35f6a6573ef9,1.1.0a5,0.015168688639557162,0.003184526612838071,142479.85811499876,142336.5412389097,-0.0010058746407045165,False,0.05,0.0010252713883577731,False,0.0010545421111670871,0.011871443675904342,0.0008676974384194096,-0.0009388239711953355,False,2.69414835805641e-05,False
11,0.04,+/-10%,volume,0.1,0.1,15,0.1.0b1,35f6a6573ef9,1.1.0a5,0.06686160300179422,0.009384583164833355,144931.82466493838,144135.33619113482,-0.005495607853174615,False,0.05,0.003285925510981012,False,0.0028671479647736555,0.06090730785285552,0.015568724824145836,-0.006186152254545375,False,0.01126185358503238,False
11,0.04,+/-10%,revenue,0.1,0.1,15,0.1.0b1,35f6a6573ef9,1.1.0a5,0.0726272130091903,0.024216471371771686,142544.3171856922,142834.21680179826,0.0020337507789132863,False,0.05,0.027266253864479624,False,0.02530838904261655,0.06897041660298864,0.026515102048635563,0.0026999263288075086,False,0.027547480893401494,False
11,0.04,+/-20%,volume,0.2,0.2,15,0.1.0b1,35f6a6573ef9,1.1.0a5,0.07259154218982879,0.024837786172102996,141998.7786260682,141897.39338005483,-0.000713986746888583,False,0.05,0.027133593766955198,False,0.024888157629354306,0.06860309078018552,0.02383425058745541,-0.0007575334721415097,False,0.02621581652690383,False
11,0.04,+/-20%,revenue,0.2,0.2,15,0.1.0b1,35f6a6573ef9,1.1.0a5,0.1776713584204772,0.05901157744840272,142403.97167445914,142177.79796365945,-0.0015882542329418337,True,0.05,0.04996131040277269,False,0.04930455521636107,0.1681008106393905,0.058090987448970705,-0.001112322987366932,True,0.051600050168527645,True
11,0.06,NHF,volume,,,15,0.1.0b1,35f6a6573ef9,1.1.0a5,1.640847058715549e-16,1.0938980391436993e-17,141163.23002121874,141163.23002121874,0.0,False,0.05,1.6408470587155488e-17,False,2.4056022100905544e-17,0.0,0.0,0.0,False,0.0,False
11,0.06,NHF,revenue,,,15,0.1.0b1,35f6a6573ef9,1.1.0a5,1.640847058715549e-16,1.0938980391436993e-17,141163.23002121874,141163.23002121874,0.0,False,0.05,1.6408470587155488e-17,False,2.4056022100905544e-17,0.0,0.0,0.0,False,0.0,False
11,0.06,NDY,volume,0.0,,15,0.1.0b1,35f6a6573ef9,1.1.0a5,0.11563607271559487,0.06312012876702586,151240.42060917796,141694.1057855475,-0.0631201287670259,True,0.05,0.052264221527493306,True,0.05226422152749329,0.1719243180637142,0.06199166559415968,-0.06629695109141023,True,0.04788223587119274,False
11,0.06,NDY,revenue,0.0,,15,0.1.0b1,35f6a6573ef9,1.1.0a5,0.060169202666776146,0.026896187837661026,149707.7826233092,146484.08768086985,-0.021533248879590516,False,0.05,0.028369689057699217,False,0.027423785900816275,0.051986943426832986,0.027364946393313105,-0.027364946393313043,False,0.022141641219263545,False
11,0.06,-10%,volume,0.1,,15,0.1.0b1,35f6a6573ef9,1.1.0a5,0.06296697296579218,0.023968441994856413,143953.55958811886,142897.4649331012,-0.007336356655850446,False,0.05,0.01670446342270454,False,0.015079505103030695,0.08289733235104133,0.030531757743547563,-0.009112871549705128,False,0.024434955449107384,False
11,0.06,-10%,revenue,0.1,,15,0.1.0b1,35f6a6573ef9,1.1.0a5,0.038281467228124685,0.009287670358836687,143429.32500622523,143070.73882349368,-0.0025000897321101477,False,0.05,0.007632271483250526,False,0.007260882352755339,0.03474217615993256,0.0074894274329913415,-0.002561124426218392,False,0.00503971050643977,False
11,0.06,-20%,volume,0.2,,15,0.1.0b1,35f6a6573ef9,1.1.0a5,0.12606163506191928,0.027152259544476982,142002.95357417583,141789.30263854333,-0.0015045527593262023,False,0.05,0.033706269568184656,False,0.03383299232808069,0.12946596860133056,0.03448420141131925,-0.0028797438077826382,False,0.04226759295098749,False
11,0.06,-20%,revenue,0.2,,15,0.1.0b1,35f6a6573ef9,1.1.0a5,0.025245608772529796,0.0028750983717231535,141715.03813761362,141681.35026667215,-0.0002377155691039733,False,0.05,0.0001541377543490832,False,0.00015868541877487027,0.0006512973554540814,0.00021346978434840064,-3.647741591638809e-05,False,0.0001233880158402622,False
11,0.06,+/-10%,volume,0.1,0.1,15,0.1.0b1,35f6a6573ef9,1.1.0a5,0.05900795706076341,0.01629221742458699,144299.3135414834,143432.341676725,-0.0060081496126394955,False,0.05,0.01044079427893901,False,0.009872324051723932,0.08105494672996384,0.025697658248698498,-0.007811839502500804,False,0.02211948751368305,False
11,0.06,+/-10%,revenue,0.1,0.1,15,0.1.0b1,35f6a6573ef9,1.1.0a5,0.14092054600656556,0.022914572036087672,141767.80263561275,142792.6177435997,0.00722882833009012,False,0.05,0.019669858266831285,False,0.018190197833905818,0.13864132848707134,0.021931933367923005,0.007862356697375035,False,0.017738015937690525,False
11,0.06,+/-20%,volume,0.2,0.2,15,0.1.0b1,35f6a6573ef9,1.1.0a5,0.22220088333981278,0.03436376178660785,139858.02343625232,141731.1895635171,0.01339334048374125,False,0.05,0.01208063117567226,False,0.011306506016333191,0.20119890520597328,0.03760507201952182,0.012640159059431524,False,0.016810579094083403,False
11,0.06,+/-20%,revenue,0.2,0.2,15,0.1.0b1,35f6a6573ef9,1.1.0a5,0.33821010387978206,0.12127589879994617,143169.90824553117,141380.62467693145,-0.012497623212352493,True,0.05,0.11911228490241396,True,0.12125686491406443,0.3341673572486407,0.12726066065399427,-0.013096194537804105,True,0.12128187495919038,True
12,0.0,NHF,volume,,,15,0.1.0b1,35f6a6573ef9,1.1.0a5,0.9886076417155695,0.5790548621061931,172160.27634770004,121237.4728843178,-0.2957871847309133,True,0.05,0.5855151181403941,True,0.7473788258444125,0.9872697999459468,0.5769958860588463,-0.2915336307334203,True,0.5858020980032548,True
12,0.0,NHF,revenue,,,15,0.1.0b1,35f6a6573ef9,1.1.0a5,0.9886076417155695,0.5790548621061931,172160.27634770004,121237.4728843178,-0.2957871847309133,True,0.05,0.5855151181403941,True,0.7473788258444125,0.9872697999459468,0.5769958860588463,-0.2915336307334203,True,0.5858020980032548,True
12,0.0,NDY,volume,0.0,,15,0.1.0b1,35f6a6573ef9,1.1.0a5,0.24906277774586832,0.11913010878267975,151580.0891811598,132428.81554587517,-0.1263442562855081,True,0.05,0.09958773329811006,True,0.09958773329811006,0.3458152606062596,0.12294091652774936,-0.13115494949667336,True,0.09845162732992382,True
12,0.0,NDY,revenue,0.0,,15,0.1.0b1,35f6a6573ef9,1.1.0a5,0.5051672109849054,0.19112315785338976,152255.5717583767,131705.92872166113,-0.13496808556423145,True,0.05,0.19080344326258322,True,0.2008203726709749,0.5004606776418733,0.19175724109799364,-0.14638472290133647,True,0.18921479831037952,True
12,0.0,-10%,volume,0.1,,15,0.1.0b1,35f6a6573ef9,1.1.0a5,0.5086529990958926,0.18331797083131243,152177.4835132826,129523.39273719053,-0.14886624652401187,True,0.05,0.11451498555301698,True,0.10789199900604615,0.5231874962134943,0.18731961605500874,-0.15787292869243374,True,0.11195720036771221,True
12,0.0,-10%,revenue,0.1,,15,0.1.0b1,35f6a6573ef9,1.1.0a5,0.6065069111494477,0.1827738400867134,152403.9709802079,128634.56821145552,-0.15596314594610672,True,0.05,0.092627412811047,True,0.09837147441009939,0.6165560186819017,0.17878974677191703,-0.16452301693265475,True,0.07885829589878707,True
12,0.0,-20%,volume,0.2,,15,0.1.0b1,35f6a6573ef9,1.1.0a5,0.5594831175486873,0.21541743880188718,152339.34732374205,130796.50887736883,-0.14141348787973818,True,0.05,0.1498193673554546,True,0.15648465165815753,0.5573056349698048,0.22906895157851367,-0.1515468315886964,True,0.1629952762112614,True
12,0.0,-20%,revenue,0.2,,15,0.1.0b1,35f6a6573ef9,1.1.0a5,0.6683380203184289,0.1831772248284989,152467.88124744332,129526.58325496361,-0.15046643138726246,True,0.05,0.12306275826067896,True,0.13549299094992,0.6779418115557,0.18188424305154627,-0.15858983309105049,True,0.11152143632128482,True
12,0.0,+/-10%,volume,0.1,0.1,15,0.1.0b1,35f6a6573ef9,1.1.0a5,0.4531660222288215,0.15805223561130569,153373.5995028374,133237.78284781743,-0.13128606696517842,True,0.05,0.09772192435069596,True,0.10706492383076885,0.45607177730610876,0.16150261177885347,-0.1413259746840071,True,0.09695842774394087,True
12,0.0,+/-10%,revenue,0.1,0.1,15,0.1.0b1,35f6a6573ef9,1.1.0a5,0.443397045825052,0.16951348011994444,153884.0930411073,133233.84024645254,-0.13419355039600106,True,0.05,0.10290025054517515,True,0.11545786214488292,0.4329653177283968,0.17142363580940476,-0.14349612443850462,True,0.10312069737063108,True
12,0.0,+/-20%,volume,0.2,0.2,15,0.1.0b1,35f6a6573ef9,1.1.0a5,0.4501672869852869,0.19305644840131378,153259.04794507058,132009.7010811876,-0.1386498686296089,True,0.05,0.13379144116576963,True,0.14920983364233353,0.45389022509891813,0.19536040000839602,-0.14986645756084968,True,0.13118216798188814,True
12,0.0,+/-20%,revenue,0.2,0.2,15,0.1.0b1,35f6a6573ef9,1.1.0a5,0.5377345637702199,0.1765850852542051,153744.0113200463,132076.6436253128,-0.1409314581341897,True,0.05,0.09819849929658261,True,0.10799975038848748,0.5358942432003794,0.185929775761808,-0.15084396606578382,True,0.10764570328015426,True
12,0.02,NHF,volume,,,15,0.1.0b1,35f6a6573ef9,1.1.0a5,0.441762746627479,0.16086905377241142,144737.98315306043,141349.19790588986,-0.02341324076339332,True,0.05,0.12589551509701374,True,0.12496043225800339,0.4309856404080325,0.1526344191871972,-0.02705170330428625,True,0.11930100975036477,True
12,0.02,NHF,revenue,,,15,0.1.0b1,35f6a6573ef9,1.1.0a5,0.441762746627479,0.16086905377241142,144737.98315306043,141349.19790588986,-0.02341324076339332,True,0.05,0.12589551509701374,True,0.12496043225800339,0.4309856404080325,0.1526344191871972,-0.02705170330428625,True,0.11930100975036477,True
12,0.02,NDY,volume,0.0,,15,0.1.0b1,35f6a6573ef9,1.1.0a5,0.09431270711936894,0.052504578944606875,150341.55990425308,142447.9396036049,-0.05250457894460675,True,0.05,0.04390142946102145,False,0.04390142946102144,0.16098912741079516,0.056365561264975626,-0.059367127884632685,True,0.04159007252763168,False
12,0.02,NDY,revenue,0.0,,15,0.1.0b1,35f6a6573ef9,1.1.0a5,0.07273360155363437,0.02461660698906861,146616.11731304124,143458.96877067658,-0.021533434387870188,False,0.05,0.024097141989596733,False,0.02311868316910333,0.051867216779662495,0.02833118896726798,-0.028331188967267617,False,0.0234784014041019,False
12,0.02,-10%,volume,0.1,,15,0.1.0b1,35f6a6573ef9,1.1.0a5,0.16828107454707164,0.042175369986372495,142770.34769480262,142775.50462652236,3.6120467611149813e-05,False,0.05,0.03350051189164717,False,0.028424411700881728,0.16601998661447914,0.04131265733434369,-0.0012832856973851562,False,0.03705739025542417,False
12,0.02,-10%,revenue,0.1,,15,0.1.0b1,35f6a6573ef9,1.1.0a5,0.17922337697809312,0.05860763631051357,141989.5890194069,141637.27549805483,-0.0024812630544618244,True,0.05,0.058727613819437544,True,0.05898676494028706,0.18051281084541163,0.05479949091488169,-0.0019034038028364385,True,0.055052694742646915,True
12,0.02,-20%,volume,0.2,,15,0.1.0b1,35f6a6573ef9,1.1.0a5,0.12005195720356002,0.04621973608766516,141907.1063878114,141945.60189176947,0.0002712725594790104,False,0.05,0.048414378264499756,False,0.04909318685120827,0.127644497334377,0.04538863346074164,0.0017276971976383814,False,0.04941697105923111,False
12,0.02,-20%,revenue,0.2,,15,0.1.0b1,35f6a6573ef9,1.1.0a5,0.15358283071983192,0.057339220682444,141799.28040443655,141608.07407203343,-0.0013484294973695533,True,0.05,0.0580334046481535,True,0.06087844833579941,0.1217766574172583,0.05283045195918668,0.00019672234507071666,True,0.05348187898067565,True
12,0.02,+/-10%,volume,0.1,0.1,15,0.1.0b1,35f6a6573ef9,1.1.0a5,0.026772839668887768,0.006319640424226649,142845.88946177313,142723.96965516507,-0.0008535058801302362,False,0.05,0.0016705501065988125,False,0.0014601084573399822,0.05979644808954104,0.01562006716563242,-0.0020312300363887854,False,0.007236676065722392,False
12,0.02,+/-10%,revenue,0.1,0.1,15,0.1.0b1,35f6a6573ef9,1.1.0a5,0.13448188360713545,0.04379613727232301,142143.12421002786,141416.58669128775,-0.00511130962385905,False,0.05,0.04047988639822867,False,0.04031860718413862,0.1356677982636045,0.04592690038325551,-0.005100749853662298,False,0.037280648973846205,False
12,0.02,+/-20%,volume,0.2,0.2,15,0.1.0b1,35f6a6573ef9,1.1.0a5,0.13693313844629443,0.04147320175528838,141977.22394668296,141811.5720469718,-0.0011667498145574275,False,0.05,0.04288021395501017,False,0.043475911174139924,0.13074535149352798,0.04114835259702964,-0.00032753898353603614,False,0.040766566653017436,False
12,0.02,+/-20%,revenue,0.2,0.2,15,0.1.0b1,35f6a6573ef9,1.1.0a5,0.22785298829974593,0.07406544498794045,141829.5430769373,141708.02651941343,-0.0008567788832115611,True,0.05,0.07902513200460819,True,0.08578938018836656,0.19602609717860972,0.06910756298337559,0.0011961765367011208,True,0.07408362819695699,True
12,0.04,NHF,volume,,,15,0.1.0b1,35f6a6573ef9,1.1.0a5,1.8286190641468532e-16,1.2190793760979022e-17,138277.3487656373,138277.3487656373,0.0,False,0.05,0.0,False,0.0,0.0,0.0,0.0,False,0.0,False
12,0.04,NHF,revenue,,,15,0.1.0b1,35f6a6573ef9,1.1.0a5,1.8286190641468532e-16,1.2190793760979022e-17,138277.3487656373,138277.3487656373,0.0,False,0.05,0.0,False,0.0,0.0,0.0,0.0,False,0.0,False
12,0.04,NDY,volume,0.0,,15,0.1.0b1,35f6a6573ef9,1.1.0a5,0.11327274439773863,0.061785330892084996,149771.51614317638,140517.83346006097,-0.0617853308920851,True,0.05,0.05090900988311629,True,0.05090900988311629,0.13985663378937155,0.06339585395676625,-0.06652816026373837,True,0.049954947675928583,False
12,0.04,NDY,revenue,0.0,,15,0.1.0b1,35f6a6573ef9,1.1.0a5,0.07273360155363377,0.024616606989068656,146616.11731304124,143458.96877067664,-0.021533434387869792,False,0.05,0.02409714198959672,False,0.023118683169103312,0.0518672167796622,0.028331188967268005,-0.028331188967267783,False,0.023478401404101935,False
12,0.04,-10%,volume,0.1,,15,0.1.0b1,35f6a6573ef9,1.1.0a5,0.07177102589868813,0.016567475382343506,142743.6853648176,142370.4418937837,-0.0026147809626743362,False,0.05,0.011330462551661624,False,0.00896162367425593,0.07843069958629693,0.02144233192073309,-0.003401656247339994,False,0.01605328878842991,False
12,0.04,-10%,revenue,0.1,,15,0.1.0b1,35f6a6573ef9,1.1.0a5,0.04079007048651382,0.010639430978906643,141320.72176942593,141094.66698163745,-0.0015995869887878524,False,0.05,0.007974777314498962,False,0.007355025587512066,0.03960439308559466,0.00987826620060837,-0.0017952464845067048,False,0.006639888483171703,False
12,0.04,-20%,volume,0.2,,15,0.1.0b1,35f6a6573ef9,1.1.0a5,0.07700976094136065,0.013603130338722458,140680.66388328694,140415.7510373205,-0.0018830792992718262,False,0.05,0.004381268459940612,False,0.004622698414362635,0.07874802203842997,0.0142276686149028,-0.002085509956286849,False,0.005692416668504757,False
12,0.04,-20%,revenue,0.2,,15,0.1.0b1,35f6a6573ef9,1.1.0a5,0.06252005627827338,0.005517940717799586,140548.8504148944,139988.32623806578,-0.0039881092956219645,False,0.05,0.001221594810586721,False,0.0011969884558439602,0.07072407594791576,0.005521252104502406,-0.004927262016124079,False,0.0011844484651726693,False
12,0.04,+/-10%,volume,0.1,0.1,15,0.1.0b1,35f6a6573ef9,1.1.0a5,0.09839031193216835,0.019040644622669783,142942.51577043367,141946.25466303178,-0.006969662609002161,False,0.05,0.003785939908103754,False,0.0032970635484496154,0.09798127127650011,0.021359001613038792,-0.00786378911214148,False,0.00607241476934899,False
12,0.04,+/-10%,revenue,0.1,0.1,15,0.1.0b1,35f6a6573ef9,1.1.0a5,0.048110556775564514,0.008936785703852434,141287.8234312707,140949.5085268122,-0.0023945085729420524,False,0.05,0.002822287339472683,False,0.0024976191529250333,0.05337434993066158,0.008670105344758887,-0.002961276491608289,False,0.0022889004422936557,False
12,0.04,+/-20%,volume,0.2,0.2,15,0.1.0b1,35f6a6573ef9,1.1.0a5,0.013280463269003798,0.0010671073115713448,140070.0721038416,139962.22993275672,-0.0007699158675733612,False,0.05,0.0002513642593845259,False,0.0002348269996009833,0.012188187419530839,0.001387958276086905,-0.0008068482713621596,False,0.0008419521861298413,False
12,0.04,+/-20%,revenue,0.2,0.2,15,0.1.0b1,35f6a6573ef9,1.1.0a5,0.15995573924727774,0.0397303426937067,140428.0816421912,139586.85977894015,-0.005990410560435167,False,0.05,0.025633792608048954,False,0.02719028801635471,0.1404329384023468,0.038574506458431954,-0.0067341056859942265,False,0.027011682041802952,False
12,0.06,NHF,volume,,,15,0.1.0b1,35f6a6573ef9,1.1.0a5,1.8286190641468532e-16,1.2190793760979022e-17,138277.3487656373,138277.3487656373,0.0,False,0.05,0.0,False,0.0,0.0,0.0,0.0,False,0.0,False
12,0.06,NHF,revenue,,,15,0.1.0b1,35f6a6573ef9,1.1.0a5,1.8286190641468532e-16,1.2190793760979022e-17,138277.3487656373,138277.3487656373,0.0,False,0.05,0.0,False,0.0,0.0,0.0,0.0,False,0.0,False
12,0.06,NDY,volume,0.0,,15,0.1.0b1,35f6a6573ef9,1.1.0a5,0.11940558185625634,0.06617533509759033,148734.7291147244,138892.1585749082,-0.06617533509759041,True,0.05,0.055475833175334,True,0.055475833175334006,0.15672726441171317,0.06632729909082513,-0.07070404883185794,True,0.051878639809766494,True
12,0.06,NDY,revenue,0.0,,15,0.1.0b1,35f6a6573ef9,1.1.0a5,0.07273360155363418,0.0246166069890689,146616.11731304126,143458.96877067658,-0.021533434387870382,False,0.05,0.024097141989597056,False,0.023118683169103663,0.0518672167796622,0.028331188967268175,-0.028331188967267943,False,0.023478401404102147,False
12,0.06,-10%,volume,0.1,,15,0.1.0b1,35f6a6573ef9,1.1.0a5,0.07555279634550599,0.014654144400751174,142580.69865448753,141807.17005586406,-0.005425198543162847,False,0.05,0.011889600184478022,False,0.010525698415256362,0.06260093888666968,0.02089838825857304,-0.007477464048393025,False,0.01903961325836188,False
12,0.06,-10%,revenue,0.1,,15,0.1.0b1,35f6a6573ef9,1.1.0a5,0.0655334999383182,0.005655958083476498,141447.33424565115,140873.743132879,-0.004055156753792153,False,0.05,0.0012260976787076747,False,0.001077020145754891,0.07402689230247578,0.005584866145226838,-0.004955611618479647,False,0.0008349433671260663,False
12,0.06,-20%,volume,0.2,,15,0.1.0b1,35f6a6573ef9,1.1.0a5,0.17475429197444767,0.030871683573257935,139748.95388300339,139068.16272444633,-0.0048715295509618416,False,0.05,0.037278900698517095,False,0.03724692024340575,0.175509159030434,0.033180652743225,-0.005784985607733104,False,0.041134261209242004,False
12,0.06,-20%,revenue,0.2,,15,0.1.0b1,35f6a6573ef9,1.1.0a5,0.08173523695933789,0.026617960280502343,139944.88876725477,139711.84335306584,-0.0016652656359355687,False,0.05,0.022930790629326556,False,0.023784799822560425,0.07892354808340674,0.024866804891871878,-0.0017223099977691063,False,0.020128145816168345,False
12,0.06,+/-10%,volume,0.1,0.1,15,0.1.0b1,35f6a6573ef9,1.1.0a5,0.10516430988542322,0.027291647831432283,142960.44226071067,142037.66286669212,-0.0064547883276390465,False,0.05,0.010078748841894634,False,0.009277402303869137,0.11898433122309175,0.03193452987379879,-0.008537051572689762,False,0.017994112650752035,False
12,0.06,+/-10%,revenue,0.1,0.1,15,0.1.0b1,35f6a6573ef9,1.1.0a5,0.038846144211914874,0.0122346597879396,140767.70277224004,140927.1420247381,0.0011326408640484468,False,0.05,0.012084467345221592,False,0.011218537956516936,0.036998030807733666,0.01090695131227533,0.0008409588569154414,False,0.010932841504438334,False
12,0.06,+/-20%,volume,0.2,0.2,15,0.1.0b1,35f6a6573ef9,1.1.0a5,0.11558646995897646,0.03379073319918412,139450.5399658493,139144.47301949724,-0.0021948064627575446,False,0.05,0.030739378599793688,False,0.030962504580701947,0.11923481890261099,0.03461457245719825,-0.0030650710069425307,False,0.03424279618292639,False
12,0.06,+/-20%,revenue,0.2,0.2,15,0.1.0b1,35f6a6573ef9,1.1.0a5,0.08928170888543192,0.021688590778819305,139388.07407969705,139580.67186229487,0.0013817378844598889,False,0.05,0.019018506646576703,False,0.019865917969734952,0.10174128514518094,0.022067196886520903,0.0019432602811560928,False,0.021193638576767572,False
13,0.0,NHF,volume,,,15,0.1.0b1,35f6a6573ef9,1.1.0a5,0.9421230209681788,0.5616915444109931,174466.1005244959,125497.45963986403,-0.28067710997963435,True,0.05,0.5475089582519184,True,0.6260274305971399,0.9347944137026797,0.5550125437958576,-0.2788377320187195,True,0.5423379368894155,True
13,0.0,NHF,revenue,,,15,0.1.0b1,35f6a6573ef9,1.1.0a5,0.9421230209681788,0.5616915444109931,174466.1005244959,125497.45963986403,-0.28067710997963435,True,0.05,0.5475089582519184,True,0.6260274305971399,0.9347944137026797,0.5550125437958576,-0.2788377320187195,True,0.5423379368894155,True
13,0.0,NDY,volume,0.0,,15,0.1.0b1,35f6a6573ef9,1.1.0a5,0.26515797430303545,0.12508388444166094,153442.0425969211,133058.9796744951,-0.1328388398476325,True,0.05,0.09870161802035907,True,0.09870161802035907,0.35190963067139797,0.13139637419068195,-0.1383821384082662,True,0.10083256984098662,True
13,0.0,NDY,revenue,0.0,,15,0.1.0b1,35f6a6573ef9,1.1.0a5,0.5192766113326379,0.17904923326826439,154057.7310583583,133066.3456044352,-0.13625661828013944,True,0.05,0.17321071863529808,True,0.18596922854168818,0.5085502611375118,0.18014754913043535,-0.1487598604302728,True,0.170419883202709,True
13,0.0,-10%,volume,0.1,,15,0.1.0b1,35f6a6573ef9,1.1.0a5,0.5123503853148176,0.1572833420482183,154248.26664629715,132677.6221750261,-0.13984367500695588,True,0.05,0.08116519611885804,True,0.07794747920067419,0.5222811232489275,0.16537813816032307,-0.150683692333217,True,0.08250934160220709,True
13,0.0,-10%,revenue,0.1,,15,0.1.0b1,35f6a6573ef9,1.1.0a5,0.5073522586254912,0.18725515489497108,154540.41944961154,130857.63437948564,-0.15324654323102674,True,0.05,0.09773536603394165,True,0.08735685575852649,0.5060700581600834,0.1864256848664698,-0.16382419302857212,True,0.08888180168211508,True
13,0.0,-20%,volume,0.2,,15,0.1.0b1,35f6a6573ef9,1.1.0a5,0.5450801076666995,0.20082310283664992,154504.23426126427,132235.53192788275,-0.1441300456253224,True,0.05,0.12100646790244773,True,0.1225098677189741,0.5427909811233019,0.20905123060062014,-0.1558662638842767,True,0.12561151826533007,True
13,0.0,-20%,revenue,0.2,,15,0.1.0b1,35f6a6573ef9,1.1.0a5,0.6058085936532379,0.19959970187480694,154575.28371962154,129570.00704931385,-0.1617676259010713,True,0.05,0.12096660108937891,True,0.09480064768852486,0.6002099393204207,0.2027820136850286,-0.17130255818863527,True,0.1197189514464176,True
13,0.0,+/-10%,volume,0.1,0.1,15,0.1.0b1,35f6a6573ef9,1.1.0a5,0.4090729794637149,0.1539435937549033,155519.07718366405,135399.34366689104,-0.12937148214306926,True,0.05,0.09530642534972891,True,0.10845992439809612,0.41020154217704596,0.15716947945769025,-0.14130044858432997,True,0.09139874580174047,True
13,0.0,+/-10%,revenue,0.1,0.1,15,0.1.0b1,35f6a6573ef9,1.1.0a5,0.36039145096551145,0.17998094705788226,155972.8176985001,135333.7222147959,-0.13232495115655435,True,0.05,0.13784038947856198,True,0.157066437239404,0.34775135381996014,0.17975099754708507,-0.1419385630910264,True,0.13313226418411744,True
13,0.0,+/-20%,volume,0.2,0.2,15,0.1.0b1,35f6a6573ef9,1.1.0a5,0.47369947699336906,0.14746614819574735,155530.04434115233,134503.0209648683,-0.13519589392105893,True,0.05,0.07121300657263747,True,0.07745166709908367,0.490236133711999,0.15687031725445608,-0.14741226260837992,True,0.07728313366615462,True
13,0.0,+/-20%,revenue,0.2,0.2,15,0.1.0b1,35f6a6573ef9,1.1.0a5,0.4997588472496577,0.15086252376630122,155952.28745185517,134894.25064235876,-0.13502871393276192,True,0.05,0.07560028630018671,True,0.08371651719483374,0.49708848451539595,0.1552085876377864,-0.14609934086641935,True,0.07578998806239812,True
13,0.02,NHF,volume,,,15,0.1.0b1,35f6a6573ef9,1.1.0a5,0.4174729130752469,0.12515316446176666,146977.56442730463,143959.13177174178,-0.020536689850074178,True,0.05,0.07954010724209355,True,0.08127768340538317,0.405908894409945,0.12304157897917399,-0.024173342804503634,True,0.07994282516009807,True
13,0.02,NHF,revenue,,,15,0.1.0b1,35f6a6573ef9,1.1.0a5,0.4174729130752469,0.12515316446176666,146977.56442730463,143959.13177174178,-0.020536689850074178,True,0.05,0.07954010724209355,True,0.08127768340538317,0.405908894409945,0.12304157897917399,-0.024173342804503634,True,0.07994282516009807,True
13,0.02,NDY,volume,0.0,,15,0.1.0b1,35f6a6573ef9,1.1.0a5,0.09525459046801751,0.05312151302382615,152230.01609656593,144143.32731387494,-0.05312151302382617,True,0.05,0.04445374233540453,False,0.044453742335404535,0.15660696067183938,0.05509441200319925,-0.05839680638241543,True,0.0422539087819961,False
13,0.02,NDY,revenue,0.0,,15,0.1.0b1,35f6a6573ef9,1.1.0a5,0.073286991331464,0.025942620218026655,148537.5648837147,144917.2228488615,-0.024373242133647673,False,0.05,0.02380823740235778,False,0.022899304947885914,0.0524006466379797,0.02858706159559663,-0.02858706159559672,False,0.023666963532683678,False
13,0.02,-10%,volume,0.1,,15,0.1.0b1,35f6a6573ef9,1.1.0a5,0.1945123158496887,0.03960080810997395,144851.93684838217,144812.5543015331,-0.00027188139631370773,False,0.05,0.03527174926459224,False,0.028782058805795045,0.19340064593167128,0.04097401262931004,-0.0012526599985297846,False,0.04064024836791362,False
13,0.02,-10%,revenue,0.1,,15,0.1.0b1,35f6a6573ef9,1.1.0a5,0.13635787977055794,0.02971237134573014,144200.00073838534,143331.66048766227,-0.006021777019949182,False,0.05,0.012878187547069753,False,0.013106713336691847,0.14911839358490256,0.02604037860512666,-0.006709678588352038,False,0.007223107873484448,False
13,0.02,-20%,volume,0.2,,15,0.1.0b1,35f6a6573ef9,1.1.0a5,0.10000082096917597,0.03244958653103707,143972.6284085012,143686.05896684257,-0.0019904439116407643,False,0.05,0.037015670488099214,False,0.03445770854627681,0.09708017335615902,0.030951149270993242,-0.0015111509723918326,False,0.03338782445947462,False
13,0.02,-20%,revenue,0.2,,15,0.1.0b1,35f6a6573ef9,1.1.0a5,0.21325336985007876,0.07209038045249602,143869.94648390173,143684.29841504493,-0.0012903881136674378,True,0.05,0.07521204048844445,True,0.07795437758457381,0.19676277003074913,0.06803256788482864,0.00027239797842514024,True,0.07128965347934366,True
13,0.02,+/-10%,volume,0.1,0.1,15,0.1.0b1,35f6a6573ef9,1.1.0a5,0.0618775938664318,0.015141603314201385,144855.10714427597,144388.19665915804,-0.003223293222605436,False,0.05,0.013979871893635856,False,0.011668725102749092,0.0676758482385736,0.019140329493727633,-0.003999104626674778,False,0.01811702428852429,False
13,0.02,+/-10%,revenue,0.1,0.1,15,0.1.0b1,35f6a6573ef9,1.1.0a5,0.1322906795880775,0.034774583954424156,144239.77419302473,143386.23100492134,-0.005917529980053613,False,0.05,0.019827404790668017,False,0.01991622695476388,0.12482479005535252,0.03211943289398704,-0.006100745350660376,False,0.01694783954238867,False
13,0.02,+/-20%,volume,0.2,0.2,15,0.1.0b1,35f6a6573ef9,1.1.0a5,0.12070530674552467,0.05401130229887334,144038.09393623122,143661.8959214116,-0.002611795286503633,True,0.05,0.04065599450260543,False,0.04031297849586097,0.11743736082902383,0.05187945638225076,-0.0014844122452413375,True,0.03752891037126503,False
13,0.02,+/-20%,revenue,0.2,0.2,15,0.1.0b1,35f6a6573ef9,1.1.0a5,0.16272865348765472,0.08363740511663902,143969.27604043714,143790.85686521948,-0.0012392864653118247,True,0.05,0.08637552380821112,True,0.0884945526657989,0.14834099089229166,0.07759880089208984,0.0007212053398815,True,0.07966430062582106,True
13,0.04,NHF,volume,,,15,0.1.0b1,35f6a6573ef9,1.1.0a5,1.8859370212053865e-16,3.33793272733404e-17,140651.32341278365,140651.32341278365,0.0,False,0.05,3.1209620697956735e-17,False,5.0042164671602247e-17,2.185533330565832e-16,3.2683348191843565e-17,0.0,False,3.4640046736727325e-17,False
13,0.04,NHF,revenue,,,15,0.1.0b1,35f6a6573ef9,1.1.0a5,1.8859370212053865e-16,3.33793272733404e-17,140651.32341278365,140651.32341278365,0.0,False,0.05,3.1209620697956735e-17,False,5.0042164671602247e-17,2.185533330565832e-16,3.2683348191843565e-17,0.0,False,3.4640046736727325e-17,False
13,0.04,NDY,volume,0.0,,15,0.1.0b1,35f6a6573ef9,1.1.0a5,0.11083710530937965,0.06157781656918297,151582.722582454,142248.58949621426,-0.06157781656918325,True,0.05,0.05132410976092122,True,0.05132410976092122,0.1277876733936609,0.0634497135567176,-0.06666930237716143,True,0.04875903059013982,False
13,0.04,NDY,revenue,0.0,,15,0.1.0b1,35f6a6573ef9,1.1.0a5,0.07328699133146399,0.025942620218026746,148537.56488371472,144917.2228488615,-0.024373242133647863,False,0.05,0.02380823740235787,False,0.022899304947886005,0.052400646637979414,0.028587061595596683,-0.028587061595596718,False,0.023666963532683796,False
13,0.04,-10%,volume,0.1,,15,0.1.0b1,35f6a6573ef9,1.1.0a5,0.15311528434300342,0.02532542696827873,144696.53705562532,143816.18887681497,-0.006084099845955005,False,0.05,0.023218370434554908,False,0.01943988780537234,0.15789589182785127,0.028119175161470382,-0.006703984752098878,False,0.027195670579024882,False
13,0.04,-10%,revenue,0.1,,15,0.1.0b1,35f6a6573ef9,1.1.0a5,0.04504333882852885,0.011714830616224874,143437.17146491053,143276.9473176129,-0.0011170336507703145,False,0.05,0.007551879944675458,False,0.00678462547705708,0.04850120845684538,0.011863764740788364,-0.001436945389604973,False,0.006958531909723084,False
13,0.04,-20%,volume,0.2,,15,0.1.0b1,35f6a6573ef9,1.1.0a5,0.036991442701935766,0.013457065603403501,141402.3365394353,141323.4942386016,-0.000557574243560746,False,0.05,0.013948441795136412,False,0.012941021472263513,0.0371595781431248,0.01422264024828751,-0.0007104948087829602,False,0.01547430954549961,False
13,0.04,-20%,revenue,0.2,,15,0.1.0b1,35f6a6573ef9,1.1.0a5,4.5041964708102037e-10,9.19346315504171e-11,141945.12031990386,141945.1203130088,-4.857544004067364e-11,False,0.05,1.0995735761695042e-10,False,1.1020088589050287e-10,4.2731529982111747e-10,9.679935581931057e-11,-4.759239296862736e-11,False,1.1745762779026396e-10,False
13,0.04,+/-10%,volume,0.1,0.1,15,0.1.0b1,35f6a6573ef9,1.1.0a5,0.04219520708524189,0.009731064369593609,144452.85689736652,143747.44337254416,-0.004883347688468051,False,0.05,0.0052623421833084445,False,0.004264042264938503,0.039361079279785494,0.011607407106350167,-0.005547824417872672,False,0.007639314515817336,False
13,0.04,+/-10%,revenue,0.1,0.1,15,0.1.0b1,35f6a6573ef9,1.1.0a5,0.046837165301736254,0.0042500888404734165,143339.1848552679,142926.0381333624,-0.0028823013213216354,False,0.05,0.000980719249697473,False,0.0009356544774344153,0.049079057848549046,0.004162044704928906,-0.003242213514547526,False,0.0005071617138684504,False
13,0.04,+/-20%,volume,0.2,0.2,15,0.1.0b1,35f6a6573ef9,1.1.0a5,0.056098962103877145,0.02103963891614926,141780.90465584164,141648.49413457222,-0.0009339094117846082,False,0.05,0.018436542549462136,False,0.016560784323069996,0.05901770389289542,0.02198283331878224,-0.0008548373661023277,False,0.019970683340159744,False
13,0.04,+/-20%,revenue,0.2,0.2,15,0.1.0b1,35f6a6573ef9,1.1.0a5,0.15709569392236322,0.05672119276469118,142556.007897179,141922.91401429143,-0.004441018601925188,True,0.05,0.048392442005126504,False,0.04660743190078328,0.14808747949686163,0.054092433445138435,-0.004496156984335225,True,0.04632029202170467,False
13,0.06,NHF,volume,,,15,0.1.0b1,35f6a6573ef9,1.1.0a5,1.8859370212053865e-16,3.33793272733404e-17,140651.32341278365,140651.32341278365,0.0,False,0.05,3.1209620697956735e-17,False,5.0042164671602247e-17,2.185533330565832e-16,3.2683348191843565e-17,0.0,False,3.4640046736727325e-17,False
13,0.06,NHF,revenue,,,15,0.1.0b1,35f6a6573ef9,1.1.0a5,1.8859370212053865e-16,3.33793272733404e-17,140651.32341278365,140651.32341278365,0.0,False,0.05,3.1209620697956735e-17,False,5.0042164671602247e-17,2.185533330565832e-16,3.2683348191843565e-17,0.0,False,3.4640046736727325e-17,False
13,0.06,NDY,volume,0.0,,15,0.1.0b1,35f6a6573ef9,1.1.0a5,0.11602735951800328,0.06324307186285545,150152.07781730627,140655.9991695493,-0.06324307186285555,True,0.05,0.05264272682918654,True,0.05264272682918654,0.16760005472855977,0.06190567431872155,-0.06606601022525527,True,0.04874362606103856,False
13,0.06,NDY,revenue,0.0,,15,0.1.0b1,35f6a6573ef9,1.1.0a5,0.07328699133146398,0.02594262021802677,148537.5648837147,144917.2228488615,-0.024373242133647673,False,0.05,0.02380823740235774,False,0.022899304947885894,0.05240064663798045,0.028587061595596756,-0.02858706159559656,False,0.023666963532683737,False
13,0.06,-10%,volume,0.1,,15,0.1.0b1,35f6a6573ef9,1.1.0a5,0.11285830123482318,0.019431750776845138,144089.5863741052,143366.3744431339,-0.005019182504234549,False,0.05,0.013277482818399989,False,0.012002107818044339,0.11308107699579142,0.020840814593309605,-0.005668708778383156,False,0.014953404481895027,False
13,0.06,-10%,revenue,0.1,,15,0.1.0b1,35f6a6573ef9,1.1.0a5,0.025307115074554385,0.005273983531658258,142720.50841973655,142733.9478539413,9.416610376148873e-05,False,0.05,0.004365876774241373,False,0.004047816487043828,0.02467840429846492,0.004744806403143784,0.00012411097685726397,False,0.003656089089777803,False
13,0.06,-20%,volume,0.2,,15,0.1.0b1,35f6a6573ef9,1.1.0a5,0.11430881293432825,0.017909060692807902,141340.31470216217,141026.0457090394,-0.0022234915337849995,False,0.05,0.015817775711790917,False,0.014344285236277045,0.11549778567591808,0.0201668278559449,-0.0029251044572402227,False,0.018337766758532735,False
13,0.06,-20%,revenue,0.2,,15,0.1.0b1,35f6a6573ef9,1.1.0a5,0.056615564200393924,0.019824193218726947,141886.05129761394,141873.82488611157,-8.617063756835541e-05,False,0.05,0.016363105693126163,False,0.016785338919433863,0.05326753943056584,0.018514671705565533,-4.0035882698758845e-05,False,0.015156954136120088,False
13,0.06,+/-10%,volume,0.1,0.1,15,0.1.0b1,35f6a6573ef9,1.1.0a5,0.033808913332336626,0.011645657936833802,144264.2191103264,143487.02684012876,-0.005387283659042884,False,0.05,0.005983081267917127,False,0.00521933400733922,0.03479606088838236,0.013784363062488333,-0.005928049731364982,False,0.00906323358782304,False
13,0.06,+/-10%,revenue,0.1,0.1,15,0.1.0b1,35f6a6573ef9,1.1.0a5,0.006868589280318626,0.0025403007488832017,142766.34005127632,142761.87910745654,-3.1246467606987506e-05,False,0.05,0.0020046944616644983,False,0.0018226477208878966,0.006550211904510356,0.0022865762078473958,-3.118534347234433e-05,False,0.001681563896407769,False
13,0.06,+/-20%,volume,0.2,0.2,15,0.1.0b1,35f6a6573ef9,1.1.0a5,0.08358860342201636,0.016213333138041176,141751.85484688616,140984.9066133211,-0.005410498750746337,False,0.05,0.008379469485607688,False,0.007548655487641129,0.07658053173774865,0.01689763790918157,-0.006238265708974891,False,0.010251173459218567,False
13,0.06,+/-20%,revenue,0.2,0.2,15,0.1.0b1,35f6a6573ef9,1.1.0a5,0.14387379867017627,0.04508582915694273,142159.24719460573,141441.81802017448,-0.005046658508602974,False,0.05,0.03568703394712003,False,0.033012785805414196,0.1355678672555192,0.04233450085734378,-0.00532720460348289,False,0.033657828284836946,False
14,0.0,NHF,volume,,,15,0.1.0b1,35f6a6573ef9,1.1.0a5,0.9331017530558944,0.5033875233963159,174052.90865954157,124502.96292883209,-0.2846832386331003,True,0.05,0.45281880986436096,True,0.5326544046410624,0.92493690309867,0.5059962036956374,-0.2828258148790719,True,0.460686144027604,True
14,0.0,NHF,revenue,,,15,0.1.0b1,35f6a6573ef9,1.1.0a5,0.9331017530558944,0.5033875233963159,174052.90865954157,124502.96292883209,-0.2846832386331003,True,0.05,0.45281880986436096,True,0.5326544046410624,0.92493690309867,0.5059962036956374,-0.2828258148790719,True,0.460686144027604,True
14,0.0,NDY,volume,0.0,,15,0.1.0b1,35f6a6573ef9,1.1.0a5,0.2249831004055012,0.11870608965607832,153331.3068892754,134043.12457543585,-0.1257941558390816,True,0.05,0.10496677873848119,True,0.10378703382764053,0.28245219044853936,0.12209041495171112,-0.1290100149097062,True,0.10226424646526562,True
14,0.0,NDY,revenue,0.0,,15,0.1.0b1,35f6a6573ef9,1.1.0a5,0.2774313509493423,0.14325939739286528,154232.14025999742,133304.34759315025,-0.13569021756145036,True,0.05,0.11669247025600975,True,0.12405436683485317,0.2633767028746729,0.144453819601232,-0.14567825160946396,True,0.11307129118981196,True
14,0.0,-10%,volume,0.1,,15,0.1.0b1,35f6a6573ef9,1.1.0a5,0.5254393246263835,0.1757429819910369,154511.45525197953,133060.69173572393,-0.1388295999236651,True,0.05,0.11044270925627893,True,0.11671245343423607,0.5461663677854616,0.18264102283918493,-0.14854323150059925,True,0.1120093637656839,True
14,0.0,-10%,revenue,0.1,,15,0.1.0b1,35f6a6573ef9,1.1.0a5,0.5340226098493247,0.18889167378882052,154786.12354209187,130291.8041954286,-0.15824622250457993,True,0.05,0.08392979166928784,True,0.08392905229920951,0.5287159886336363,0.1842364126233231,-0.16716436354969927,True,0.07284708774164483,True
14,0.0,-20%,volume,0.2,,15,0.1.0b1,35f6a6573ef9,1.1.0a5,0.5058071200263864,0.19664013240545758,154705.6295608129,133256.88087107506,-0.13864232834078347,True,0.05,0.11839275121562139,True,0.12602653742225456,0.5292046423193087,0.20259218667141182,-0.14855442180773096,True,0.12051572018773875,True
14,0.0,-20%,revenue,0.2,,15,0.1.0b1,35f6a6573ef9,1.1.0a5,0.6018903926624899,0.2010321844936379,154794.21489095216,130733.27617902389,-0.15543822958033982,True,0.05,0.1284759578364678,True,0.12119168788152998,0.6176849626878589,0.2015231873203952,-0.16403395656999661,True,0.12434148034911355,True
14,0.0,+/-10%,volume,0.1,0.1,15,0.1.0b1,35f6a6573ef9,1.1.0a5,0.3831747557070682,0.15106354829543378,155509.2347839331,135827.94501254434,-0.1265602637601184,True,0.05,0.09887286547381814,True,0.11385525165843191,0.3837011061820179,0.1602297889421879,-0.13772927504391624,True,0.10526961839421216,True
14,0.0,+/-10%,revenue,0.1,0.1,15,0.1.0b1,35f6a6573ef9,1.1.0a5,0.4483572903575688,0.1505730843903822,155865.34001026882,136143.35735462222,-0.12653218896739496,True,0.05,0.08799924789512904,True,0.09674666997802005,0.4411771440991194,0.15270632252930516,-0.13719253193750497,True,0.08849961501616624,True
14,0.0,+/-20%,volume,0.2,0.2,15,0.1.0b1,35f6a6573ef9,1.1.0a5,0.46668939304381474,0.16582572169597048,155482.41644282176,134685.07901951473,-0.13376006045645167,True,0.05,0.09605895452657012,True,0.11518683002366133,0.4860105407743423,0.1776560595993019,-0.1455595018098452,True,0.10653532267044526,True
14,0.0,+/-20%,revenue,0.2,0.2,15,0.1.0b1,35f6a6573ef9,1.1.0a5,0.5010081072410998,0.16179032242702293,155952.49825715597,136644.71694676005,-0.12380552749183017,True,0.05,0.10073541086139119,True,0.11449439645104868,0.5038620110213756,0.16933804506252062,-0.1352974488270051,True,0.10452947638915751,True
14,0.02,NHF,volume,,,15,0.1.0b1,35f6a6573ef9,1.1.0a5,0.47691347184703753,0.13756783169080952,146944.539591368,143700.6099356018,-0.022075877503084578,True,0.05,0.13663960080777146,True,0.11928238335312265,0.4760664061772035,0.13132428434252422,-0.025629719526527664,True,0.1331788025206116,True
14,0.02,NHF,revenue,,,15,0.1.0b1,35f6a6573ef9,1.1.0a5,0.47691347184703753,0.13756783169080952,146944.539591368,143700.6099356018,-0.022075877503084578,True,0.05,0.13663960080777146,True,0.11928238335312265,0.4760664061772035,0.13132428434252422,-0.025629719526527664,True,0.1331788025206116,True
14,0.02,NDY,volume,0.0,,15,0.1.0b1,35f6a6573ef9,1.1.0a5,0.09218039807861293,0.05123334028525222,152185.12570002128,144388.1733686782,-0.05123334028525229,True,0.05,0.04285544872818793,False,0.04285544872818794,0.121308988630123,0.05285584059565143,-0.05610038833570294,True,0.040676675050128265,False
14,0.02,NDY,revenue,0.0,,15,0.1.0b1,35f6a6573ef9,1.1.0a5,0.08283056106652865,0.028275646406766497,148414.26329843246,145438.75335650833,-0.020048679121500296,False,0.05,0.02580719618549922,False,0.024902492544594854,0.049454214201837356,0.02680017675938079,-0.02680017675938101,False,0.022111091938476973,False
14,0.02,-10%,volume,0.1,,15,0.1.0b1,35f6a6573ef9,1.1.0a5,0.0909096069225156,0.029314955025929523,144707.50845961508,144139.5264216215,-0.003925035017461424,False,0.05,0.018268060628769227,False,0.015551158640722079,0.07792751812838211,0.02784739327868854,-0.004680043411736662,False,0.021096921904629206,False
14,0.02,-10%,revenue,0.1,,15,0.1.0b1,35f6a6573ef9,1.1.0a5,0.10759675140423701,0.027038925434182827,144170.14649243554,143123.44444407438,-0.007260185786216672,False,0.05,0.015758033855361307,False,0.01412249275884664,0.10803215766813427,0.026283775404343797,-0.008689916018455077,False,0.012136298539236362,False
14,0.02,-20%,volume,0.2,,15,0.1.0b1,35f6a6573ef9,1.1.0a5,0.10799940128082615,0.03640248593359176,143986.1772341278,143516.51331297372,-0.00326186811939858,False,0.05,0.03441191596136636,False,0.03135017997966177,0.10330233138227674,0.034151179442019834,-0.0027501986356347225,False,0.03164615305307246,False
14,0.02,-20%,revenue,0.2,,15,0.1.0b1,35f6a6573ef9,1.1.0a5,0.1459557117134659,0.0609756997448061,143600.75322971295,143089.8777253231,-0.0035576101998059345,True,0.05,0.06133025619798571,True,0.058301854781909086,0.14129480120198135,0.06092641097594897,-0.0017933289572440634,True,0.0626108785331413,True
14,0.02,+/-10%,volume,0.1,0.1,15,0.1.0b1,35f6a6573ef9,1.1.0a5,0.12953171428058785,0.03660866030007522,144634.2974907691,144160.9447229237,-0.003272756020235058,False,0.05,0.022536260015258283,False,0.019521659819944654,0.11444749926092843,0.03522856114971258,-0.0038571340228821527,False,0.023013419365203347,False
14,0.02,+/-10%,revenue,0.1,0.1,15,0.1.0b1,35f6a6573ef9,1.1.0a5,0.11400227705134547,0.03215606944007745,144290.46264827083,142900.46174198182,-0.009633352619274175,False,0.05,0.024330644842738298,False,0.0226837284683045,0.11330316604425357,0.030643829301509704,-0.010983309167655757,False,0.018265367904705676,False
14,0.02,+/-20%,volume,0.2,0.2,15,0.1.0b1,35f6a6573ef9,1.1.0a5,0.1326556376711641,0.04172094495937016,144126.2458929802,143447.66234255873,-0.004708258001289645,False,0.05,0.03520072388260527,False,0.03383013609853267,0.13177324254796446,0.04292138922330055,-0.004343305950163857,False,0.03485741353378957,False
14,0.02,+/-20%,revenue,0.2,0.2,15,0.1.0b1,35f6a6573ef9,1.1.0a5,0.13062720401555258,0.04216818971987891,143964.94076167123,143345.2265935515,-0.004304618644240986,False,0.05,0.03823031064725387,False,0.037446212383049744,0.12629749085841216,0.041278635721798206,-0.0037219776573112246,False,0.03413453607371687,False
14,0.04,NHF,volume,,,15,0.1.0b1,35f6a6573ef9,1.1.0a5,2.9103552983878124e-16,4.019422653975803e-17,141539.8736083203,141539.87360832028,-2.056228376836904e-16,False,0.05,4.51677615893543e-17,False,7.55901145681118e-17,0.0,0.0,0.0,False,0.0,False
14,0.04,NHF,revenue,,,15,0.1.0b1,35f6a6573ef9,1.1.0a5,2.9103552983878124e-16,4.019422653975803e-17,141539.8736083203,141539.87360832028,-2.056228376836904e-16,False,0.05,4.51677615893543e-17,False,7.55901145681118e-17,0.0,0.0,0.0,False,0.0,False
14,0.04,NDY,volume,0.0,,15,0.1.0b1,35f6a6573ef9,1.1.0a5,0.11019090278623181,0.06083735224653538,151337.07637836935,142130.1293547777,-0.06083735224653526,True,0.05,0.050657601100581616,True,0.050657601100581616,0.13999831751809924,0.061191601320454356,-0.06449554860143787,True,0.04826995653728736,False
14,0.04,NDY,revenue,0.0,,15,0.1.0b1,35f6a6573ef9,1.1.0a5,0.0828305610665267,0.028275646406766296,148414.26329843246,145438.7533565084,-0.020048679121499904,False,0.05,0.02580719618549815,False,0.024902492544593785,0.04945421420183358,0.026800176759380383,-0.026800176759380522,False,0.02211109193847635,False
14,0.04,-10%,volume,0.1,,15,0.1.0b1,35f6a6573ef9,1.1.0a5,0.09534653763781938,0.02315446025523642,144490.38699416636,143668.06354322372,-0.005691198342321836,False,0.05,0.007693359129496443,False,0.006701996042211308,0.1100232221686048,0.027627136843355552,-0.006200912758022338,False,0.01190371458614798,False
14,0.04,-10%,revenue,0.1,,15,0.1.0b1,35f6a6573ef9,1.1.0a5,0.04411638033194893,0.012674674644196466,143056.936993095,142954.477855118,-0.0007162123007146381,False,0.05,0.01000333231148711,False,0.009403213418522682,0.02615457529863415,0.009579698012141818,-0.0002536966334840558,False,0.008734713595917066,False
14,0.04,-20%,volume,0.2,,15,0.1.0b1,35f6a6573ef9,1.1.0a5,0.052195828424240046,0.01158256013111632,142059.98475166957,142079.27354467948,0.00013577921357395384,False,0.05,0.006382596925646994,False,0.005935738421720858,0.05073741754427538,0.012359780666178589,8.517111447425095e-05,False,0.00790022557209682,False
14,0.04,-20%,revenue,0.2,,15,0.1.0b1,35f6a6573ef9,1.1.0a5,0.025258527455065,0.003117425595181413,142305.5813841325,142059.02712841405,-0.0017325691186554132,False,0.05,0.001975850269702286,False,0.0022752926203264507,0.0230091253174314,0.0018743592340701536,-0.0017125102105336556,False,0.0003348556180219889,False
14,0.04,+/-10%,volume,0.1,0.1,15,0.1.0b1,35f6a6573ef9,1.1.0a5,0.07119871447478257,0.019006192690373083,144627.99703863956,143564.47516676463,-0.0073534992785026804,False,0.05,0.004548577657470405,False,0.004101983817495111,0.08519333971703784,0.025090393613248163,-0.00811718106223103,False,0.011474912932207027,False
14,0.04,+/-10%,revenue,0.1,0.1,15,0.1.0b1,35f6a6573ef9,1.1.0a5,0.04494181457302873,0.016283264072433582,142596.4325811494,142478.69064889575,-0.0008257004058403722,False,0.05,0.01523118493708713,False,0.013602845862028206,0.042308025886378026,0.011808003901549685,-0.0004757652452068043,False,0.014701952502521265,False
14,0.04,+/-20%,volume,0.2,0.2,15,0.1.0b1,35f6a6573ef9,1.1.0a5,0.15246615159177634,0.04793531519530914,142536.84294620878,142132.26139574742,-0.0028384349063633983,False,0.05,0.041887897180920744,False,0.039333746235450266,0.14191263873846863,0.04588878782056006,-0.0026539014566956645,False,0.040796564008238854,False
14,0.04,+/-20%,revenue,0.2,0.2,15,0.1.0b1,35f6a6573ef9,1.1.0a5,0.18777499238585987,0.061716642686537294,142794.1609965612,141993.0283140665,-0.005610402252470224,True,0.05,0.0639764647591943,True,0.06452923227768524,0.19585760541378003,0.06234974197345118,-0.005628119880937748,True,0.06663443569373337,True
14,0.06,NHF,volume,,,15,0.1.0b1,35f6a6573ef9,1.1.0a5,2.9103552983878124e-16,4.019422653975803e-17,141539.8736083203,141539.87360832028,-2.056228376836904e-16,False,0.05,4.51677615893543e-17,False,7.55901145681118e-17,0.0,0.0,0.0,False,0.0,False
14,0.06,NHF,revenue,,,15,0.1.0b1,35f6a6573ef9,1.1.0a5,2.9103552983878124e-16,4.019422653975803e-17,141539.8736083203,141539.87360832028,-2.056228376836904e-16,False,0.05,4.51677615893543e-17,False,7.55901145681118e-17,0.0,0.0,0.0,False,0.0,False
14,0.06,NDY,volume,0.0,,15,0.1.0b1,35f6a6573ef9,1.1.0a5,0.11384463818443792,0.06395049075358222,150418.01262479415,140798.70689926003,-0.06395049075358232,True,0.05,0.05399787302796767,True,0.053997873027967665,0.16027664716862475,0.0638686326321892,-0.06750106551278376,True,0.051285098772316795,True
14,0.06,NDY,revenue,0.0,,15,0.1.0b1,35f6a6573ef9,1.1.0a5,0.08283056106652954,0.028275646406766317,148414.26329843246,145438.75335650833,-0.020048679121500296,False,0.05,0.025807196185498836,False,0.024902492544594465,0.04945421420183649,0.026800176759380675,-0.026800176759380852,False,0.022111091938476886,False
14,0.06,-10%,volume,0.1,,15,0.1.0b1,35f6a6573ef9,1.1.0a5,0.08075087099582132,0.021214766887957866,143694.79626698303,142751.13753409535,-0.006567104428293786,False,0.05,0.013207556969141266,False,0.012344352538077828,0.09542939220483405,0.026629202460118108,-0.00770969504268926,False,0.018879308752790567,False
14,0.06,-10%,revenue,0.1,,15,0.1.0b1,35f6a6573ef9,1.1.0a5,0.03246817466483094,0.006105799787091583,142842.8565696484,142769.69412648486,-0.0005121883230322384,False,0.05,0.0025883549290887996,False,0.0025913970018699283,0.011878771193636398,0.0021191349132825064,-0.0001452266806685264,False,0.0022333755481409507,False
14,0.06,-20%,volume,0.2,,15,0.1.0b1,35f6a6573ef9,1.1.0a5,0.1572161351691979,0.030547962101174324,141893.31435584076,141075.80607562175,-0.005761429169022468,False,0.05,0.035655550139381334,False,0.03566406755898174,0.16694027784109852,0.033282100020295025,-0.006850581888581304,False,0.040855841019870574,False
14,0.06,-20%,revenue,0.2,,15,0.1.0b1,35f6a6573ef9,1.1.0a5,7.410910283613506e-10,1.2420417737942262e-10,141635.83186361587,141635.83187386085,7.233328419387707e-11,False,0.05,6.875313461067602e-11,False,7.474726617152209e-11,8.271011075611874e-10,1.268383386672955e-10,8.31005500269954e-11,False,6.677755591322794e-11,False
14,0.06,+/-10%,volume,0.1,0.1,15,0.1.0b1,35f6a6573ef9,1.1.0a5,0.080969061836671,0.023339112685398063,143824.13760437228,142834.8244189678,-0.006878631096859892,False,0.05,0.012943698105237609,False,0.011537486343447482,0.10131723561104354,0.02850965457455612,-0.008001694081937748,False,0.018300444695351963,False
14,0.06,+/-10%,revenue,0.1,0.1,15,0.1.0b1,35f6a6573ef9,1.1.0a5,0.04490480678440517,0.013049047466040136,142378.26643654646,142468.10586700038,0.0006309911807639812,False,0.05,0.01151040564391276,False,0.010668648629589975,0.04227318691750341,0.01015959023008551,0.0012448393984686521,False,0.010517311362128768,False
14,0.06,+/-20%,volume,0.2,0.2,15,0.1.0b1,35f6a6573ef9,1.1.0a5,0.14082778204566743,0.033076367908042234,140576.6560450692,140941.86962244936,0.0025979674553012755,False,0.05,0.03843848814243094,False,0.037867684280420935,0.1277181214105087,0.03365239812913464,0.0016365567663504253,False,0.041591902617761314,False
14,0.06,+/-20%,revenue,0.2,0.2,15,0.1.0b1,35f6a6573ef9,1.1.0a5,0.3622203633721573,0.12678888088224669,143353.1718541754,141889.44657369883,-0.010210623605632664,True,0.05,0.12272077919078532,True,0.1292225725954716,0.3636728698915872,0.13610160368456484,-0.010912940621493459,True,0.13074337806659958,True
15,0.0,NHF,volume,,,15,0.1.0b1,35f6a6573ef9,1.1.0a5,0.988972013646755,0.5887589384086414,171610.0431777653,121630.78992185848,-0.29123734444921107,True,0.05,0.5722657639644053,True,0.5997604562517483,0.989580760369394,0.5888691795669707,-0.28482098874020967,True,0.5756973410847617,True
15,0.0,NHF,revenue,,,15,0.1.0b1,35f6a6573ef9,1.1.0a5,0.988972013646755,0.5887589384086414,171610.0431777653,121630.78992185848,-0.29123734444921107,True,0.05,0.5722657639644053,True,0.5997604562517483,0.989580760369394,0.5888691795669707,-0.28482098874020967,True,0.5756973410847617,True
15,0.0,NDY,volume,0.0,,15,0.1.0b1,35f6a6573ef9,1.1.0a5,0.24750295932651326,0.12080970890942985,151041.25231702838,131706.04788789578,-0.1280127391194356,True,0.05,0.10755967320349184,True,0.10678701375604668,0.33438566769383093,0.12519710375036444,-0.13287200731241786,True,0.10444766645576782,True
15,0.0,NDY,revenue,0.0,,15,0.1.0b1,35f6a6573ef9,1.1.0a5,0.319804609414658,0.1529432604782809,152069.61527058002,131627.29753017746,-0.1344273654143808,True,0.05,0.1305862656857475,True,0.1390330899442984,0.3159977249194746,0.1551613451300303,-0.1452542646134959,True,0.12939732587053346,True
15,0.0,-10%,volume,0.1,,15,0.1.0b1,35f6a6573ef9,1.1.0a5,0.5102673466155617,0.19702267733264428,152244.22229314173,129971.02697422684,-0.14629911719098618,True,0.05,0.14316273997546058,True,0.15993930569222714,0.5103625738882538,0.2029178849703637,-0.15762181214523793,True,0.14297129103580128,True
15,0.0,-10%,revenue,0.1,,15,0.1.0b1,35f6a6573ef9,1.1.0a5,0.5738001356826834,0.20664294152233717,152717.33787668863,129286.60037001577,-0.15342552346998065,True,0.05,0.12395782875726276,True,0.12944889329265546,0.5670996367597846,0.20723817659053004,-0.16330110746790044,True,0.11766710156526568,True
15,0.0,-20%,volume,0.2,,15,0.1.0b1,35f6a6573ef9,1.1.0a5,0.5570277589659853,0.2047805903934373,152551.6971043883,131055.6187280947,-0.14091012282599663,True,0.05,0.1297616097427912,True,0.13449365270819205,0.5532755098485799,0.2153036375876847,-0.1526204086984688,True,0.13751577535424808,True
15,0.0,-20%,revenue,0.2,,15,0.1.0b1,35f6a6573ef9,1.1.0a5,0.6009542579670046,0.18663334669083384,152764.59819823984,129374.56461798192,-0.1531116099942547,True,0.05,0.10403985174710732,True,0.10286998801210348,0.5948768854494492,0.19815420569891884,-0.1626405707611242,True,0.11456058272555913,True
15,0.0,+/-10%,volume,0.1,0.1,15,0.1.0b1,35f6a6573ef9,1.1.0a5,0.38380804375686955,0.15468612107353477,153069.92035572778,133262.54979089182,-0.12940080271032023,True,0.05,0.11255759850648983,True,0.13014881993491867,0.3810107930854091,0.1629610855357781,-0.14045637208833012,True,0.11637169031293675,True
15,0.0,+/-10%,revenue,0.1,0.1,15,0.1.0b1,35f6a6573ef9,1.1.0a5,0.4277533819856263,0.16381549417763944,153572.09078905222,133514.7865072545,-0.13060513911573027,True,0.05,0.10993718633439035,True,0.12127960405762941,0.40780870995243745,0.16587063616357248,-0.14111490797073287,True,0.11016737824091638,True
15,0.0,+/-20%,volume,0.2,0.2,15,0.1.0b1,35f6a6573ef9,1.1.0a5,0.5204354007869406,0.17414690727195772,153302.64238507755,131225.31093130683,-0.14401142152732863,True,0.05,0.09765445730457353,True,0.111734023440538,0.5186090021369447,0.18771059835585108,-0.15553383649294028,True,0.11109821018362509,True
15,0.0,+/-20%,revenue,0.2,0.2,15,0.1.0b1,35f6a6573ef9,1.1.0a5,0.5549691923291569,0.1722479997196779,153815.3571933719,132407.25993943034,-0.13918049305719166,True,0.05,0.10390724636798236,True,0.11626861868649761,0.5427371328145025,0.18301314159543622,-0.15012423688299772,True,0.11329818826149114,True
15,0.02,NHF,volume,,,15,0.1.0b1,35f6a6573ef9,1.1.0a5,0.45025036501990695,0.15211911057787225,143423.58711990024,140140.44361012845,-0.022891238294208374,True,0.05,0.13162958372096928,True,0.1320758190109287,0.4347589196230704,0.1485619124853068,-0.027343310473142705,True,0.1290255035025209,True
15,0.02,NHF,revenue,,,15,0.1.0b1,35f6a6573ef9,1.1.0a5,0.45025036501990695,0.15211911057787225,143423.58711990024,140140.44361012845,-0.022891238294208374,True,0.05,0.13162958372096928,True,0.1320758190109287,0.4347589196230704,0.1485619124853068,-0.027343310473142705,True,0.1290255035025209,True
15,0.02,NDY,volume,0.0,,15,0.1.0b1,35f6a6573ef9,1.1.0a5,0.09319658178832439,0.05138426019645161,149724.42946953187,142030.9504279041,-0.051384260196452015,True,0.05,0.04289044374984542,False,0.04289044374984541,0.1431988422612158,0.05292274425529783,-0.05627535721912639,True,0.04069847526074505,False
15,0.02,NDY,revenue,0.0,,15,0.1.0b1,35f6a6573ef9,1.1.0a5,0.06538652695197872,0.025653068040175395,145948.39713254746,142623.23700302452,-0.022783121944827452,False,0.05,0.024873900110060687,False,0.023980826042445842,0.0519387323279957,0.02764922120535642,-0.02764922120535642,False,0.022857013985273712,False
15,0.02,-10%,volume,0.1,,15,0.1.0b1,35f6a6573ef9,1.1.0a5,0.20402808108048884,0.04765193169584972,142648.84549607133,142047.429975628,-0.004216055996470596,False,0.05,0.018451248478486525,False,0.016414759798452756,0.1972666764861819,0.0463388749298353,-0.004330542240267696,False,0.01951549967788212,False
15,0.02,-10%,revenue,0.1,,15,0.1.0b1,35f6a6573ef9,1.1.0a5,0.14240026658276886,0.04567580097746018,142159.54078851163,140784.09066457662,-0.009675397910726517,False,0.05,0.02402165047263386,False,0.02281565764974697,0.15293248239493235,0.0436444962888618,-0.01110031119410058,False,0.020331020787044175,False
15,0.02,-20%,volume,0.2,,15,0.1.0b1,35f6a6573ef9,1.1.0a5,0.15126826815443037,0.04916058518371729,141962.20700757753,140692.39596064665,-0.008944711932120746,False,0.05,0.027705206142179382,False,0.027002171919345067,0.1581043153145251,0.05003729776810658,-0.0095044807722611,True,0.02930170935382571,False
15,0.02,-20%,revenue,0.2,,15,0.1.0b1,35f6a6573ef9,1.1.0a5,0.15012829968439104,0.0563731384376827,141647.9052545435,140483.5406200732,-0.008220133099588767,True,0.05,0.05447008886871422,True,0.05498305617913256,0.15520001336445427,0.05522692731747179,-0.007415445674488753,True,0.04973463390300741,False
15,0.02,+/-10%,volume,0.1,0.1,15,0.1.0b1,35f6a6573ef9,1.1.0a5,0.10421057085397241,0.0364336088555293,142661.6576984762,142025.4144240733,-0.004459805701596637,False,0.05,0.018514621726656,False,0.016318944946379855,0.09576686976130064,0.03617320143772155,-0.004767546038658775,False,0.02087598220611872,False
15,0.02,+/-10%,revenue,0.1,0.1,15,0.1.0b1,35f6a6573ef9,1.1.0a5,0.0877576008966407,0.03454332176813424,142313.3310263468,141026.49195048198,-0.009042294678820926,False,0.05,0.022913176458874536,False,0.02225498693264245,0.0850372540071483,0.03310987294666676,-0.009636664871498033,False,0.018773253866984453,False
15,0.02,+/-20%,volume,0.2,0.2,15,0.1.0b1,35f6a6573ef9,1.1.0a5,0.21452997992240203,0.05964586658144297,142180.3910671383,141219.81411938067,-0.006756043787388626,True,0.05,0.038044297502773904,False,0.03715068464856087,0.22018914737579132,0.06281458558973994,-0.006566512892391219,True,0.04060838419657802,False
15,0.02,+/-20%,revenue,0.2,0.2,15,0.1.0b1,35f6a6573ef9,1.1.0a5,0.18358920255503966,0.04903000123786388,141919.8068557944,140898.57035064054,-0.00719587017329819,False,0.05,0.029888487623344357,False,0.03103480463604104,0.199917031877684,0.05198425421024992,-0.006776974437840477,True,0.029100746686592523,False
15,0.04,NHF,volume,,,15,0.1.0b1,35f6a6573ef9,1.1.0a5,1.8925923736136783e-16,2.3463287336119844e-17,137991.35804815387,137991.35804815387,0.0,False,0.05,0.0,False,0.0,1.3058103419418143e-16,1.6944396869864942e-17,0.0,False,2.5416595304797413e-17,False
15,0.04,NHF,revenue,,,15,0.1.0b1,35f6a6573ef9,1.1.0a5,1.8925923736136783e-16,2.3463287336119844e-17,137991.35804815387,137991.35804815387,0.0,False,0.05,0.0,False,0.0,1.3058103419418143e-16,1.6944396869864942e-17,0.0,False,2.5416595304797413e-17,False
15,0.04,NDY,volume,0.0,,15,0.1.0b1,35f6a6573ef9,1.1.0a5,0.11129693268592117,0.06101288453412847,148957.84779375425,139869.49982586163,-0.06101288453412855,True,0.05,0.05061213601356355,True,0.05061213601356354,0.13772588595650714,0.06276908715717204,-0.06671067924990222,True,0.046238440597793765,False
15,0.04,NDY,revenue,0.0,,15,0.1.0b1,35f6a6573ef9,1.1.0a5,0.06538652695197869,0.025653068040175156,145948.39713254743,142623.23700302458,-0.02278312194482686,False,0.05,0.024873900110060597,False,0.023980826042445766,0.05193873232799344,0.027649221205356143,-0.027649221205355932,False,0.022857013985273546,False
15,0.04,-10%,volume,0.1,,15,0.1.0b1,35f6a6573ef9,1.1.0a5,0.16658976331350658,0.0341891784277985,141789.14542360432,140835.46314980736,-0.00672605981895,False,0.05,0.026948323304048477,False,0.02461440046065645,0.16247901221935737,0.03811992909687925,-0.007464308116588972,False,0.03204505072174807,False
15,0.04,-10%,revenue,0.1,,15,0.1.0b1,35f6a6573ef9,1.1.0a5,0.08175699110704657,0.017838347727232678,140504.9426743181,140339.94333762536,-0.0011743311911467473,False,0.05,0.017604685505199946,False,0.01660856824002875,0.0782661299899134,0.016417828879505162,-0.0012770257385391916,False,0.015375937824639812,False
15,0.04,-20%,volume,0.2,,15,0.1.0b1,35f6a6573ef9,1.1.0a5,0.09916917383066891,0.018213957705938737,139713.76535206204,139707.11071923937,-4.7630473675229956e-05,False,0.05,0.018359908647564063,False,0.01778256558799125,0.09263968473665232,0.017239981471955046,-5.448331435514468e-06,False,0.017406551376643167,False
15,0.04,-20%,revenue,0.2,,15,0.1.0b1,35f6a6573ef9,1.1.0a5,0.04902815206858733,0.008308793051878226,138950.57358686512,139032.7610570508,0.0005914870882796842,False,0.05,0.010058254856435337,False,0.011021696123414191,0.046327474733130924,0.007676453824813969,0.0006326202639284354,False,0.009221719836736267,False
15,0.04,+/-10%,volume,0.1,0.1,15,0.1.0b1,35f6a6573ef9,1.1.0a5,0.07831884593330087,0.01796920000015688,141498.15549203023,140830.37704500393,-0.004719343829636787,False,0.05,0.007875407823868974,False,0.0072434294007052485,0.07639522898415366,0.0217199274861813,-0.005237976760821683,False,0.013286919098806988,False
15,0.04,+/-10%,revenue,0.1,0.1,15,0.1.0b1,35f6a6573ef9,1.1.0a5,0.08953487501804773,0.025415451824091346,140143.69549452217,139960.4762157856,-0.0013073672568005416,False,0.05,0.027041513450347693,False,0.025614701885983093,0.09842143487824036,0.025741999305299853,-0.0015169890856820496,False,0.028146078749088414,False
15,0.04,+/-20%,volume,0.2,0.2,15,0.1.0b1,35f6a6573ef9,1.1.0a5,0.09950292962051134,0.03765506930319078,139977.16684511025,139388.091006616,-0.004208370920566385,False,0.05,0.03850160293245719,False,0.03609709152192385,0.09360794905363057,0.03555664317564206,-0.004045526618319339,False,0.03675433975727584,False
15,0.04,+/-20%,revenue,0.2,0.2,15,0.1.0b1,35f6a6573ef9,1.1.0a5,0.1482245607923632,0.050573495592007564,139622.46200810067,139128.3676794967,-0.003538788254394931,True,0.05,0.04368369390058389,False,0.0424574443354503,0.14602434404336895,0.04937738938173593,-0.00362399506165441,False,0.043542495397734034,False
15,0.06,NHF,volume,,,15,0.1.0b1,35f6a6573ef9,1.1.0a5,1.8925923736136783e-16,2.3463287336119844e-17,137991.35804815387,137991.35804815387,0.0,False,0.05,0.0,False,0.0,1.3058103419418143e-16,1.6944396869864942e-17,0.0,False,2.5416595304797413e-17,False
15,0.06,NHF,revenue,,,15,0.1.0b1,35f6a6573ef9,1.1.0a5,1.8925923736136783e-16,2.3463287336119844e-17,137991.35804815387,137991.35804815387,0.0,False,0.05,0.0,False,0.0,1.3058103419418143e-16,1.6944396869864942e-17,0.0,False,2.5416595304797413e-17,False
15,0.06,NDY,volume,0.0,,15,0.1.0b1,35f6a6573ef9,1.1.0a5,0.11616335499050542,0.06389478256418787,147982.23064718547,138526.93819662006,-0.06389478256418783,True,0.05,0.053732429298515995,True,0.05373242929851599,0.1776879946423454,0.0639246228080807,-0.06791109052101729,True,0.05098546998527916,True
15,0.06,NDY,revenue,0.0,,15,0.1.0b1,35f6a6573ef9,1.1.0a5,0.0653865269519776,0.025653068040175055,145948.39713254743,142623.23700302455,-0.022783121944827057,False,0.05,0.024873900110060524,False,0.023980826042445672,0.051938732327994515,0.027649221205356168,-0.027649221205356258,False,0.022857013985273605,False
15,0.06,-10%,volume,0.1,,15,0.1.0b1,35f6a6573ef9,1.1.0a5,0.14515830649466582,0.027113099500712962,140785.55107349195,140010.23648653485,-0.005507060781772819,False,0.05,0.02285202635287063,False,0.022297767974163312,0.15752878377588972,0.03186803525159411,-0.006820025463273478,False,0.02790202562771037,False
15,0.06,-10%,revenue,0.1,,15,0.1.0b1,35f6a6573ef9,1.1.0a5,0.02405340737169727,0.006678608680276099,140229.6753338338,139952.7571187708,-0.001974747601773702,False,0.05,0.0049615071051774045,False,0.004568963397647408,0.02689613874604008,0.00503969697398665,-0.002200586975887578,False,0.002743752237820601,False
15,0.06,-20%,volume,0.2,,15,0.1.0b1,35f6a6573ef9,1.1.0a5,0.07825063384568919,0.0192406480598808,139588.42909017325,138959.2641124383,-0.004507286039650901,False,0.05,0.015672134883944668,False,0.01565269312952564,0.09648245733889586,0.02287324078706589,-0.0054415744003811686,False,0.02047509436406608,False
15,0.06,-20%,revenue,0.2,,15,0.1.0b1,35f6a6573ef9,1.1.0a5,3.2871253400378484e-10,9.246412781335909e-11,138591.05171935682,138591.05172455806,3.752935552395264e-11,False,0.05,1.0582491481883228e-10,False,1.0438845482081576e-10,3.346165431429681e-10,8.755960204482848e-11,3.9755409662826817e-11,False,9.78777487529459e-11,False
15,0.06,+/-10%,volume,0.1,0.1,15,0.1.0b1,35f6a6573ef9,1.1.0a5,0.12594443101817457,0.01731160560224166,140791.24969819875,139561.8460555312,-0.008732102636370543,False,0.05,0.0071328723154386545,False,0.006871848340764286,0.1136576131270897,0.02177675559260378,-0.00986907441594832,False,0.012965627854302103,False
15,0.06,+/-10%,revenue,0.1,0.1,15,0.1.0b1,35f6a6573ef9,1.1.0a5,0.10100449708940251,0.024005698956298192,139601.04737085954,139835.29091861544,0.0016779497873939374,False,0.05,0.025934759981354576,False,0.024363711202310883,0.11175434127886057,0.02624579559905254,0.002043223097883302,False,0.028218705735189142,False
15,0.06,+/-20%,volume,0.2,0.2,15,0.1.0b1,35f6a6573ef9,1.1.0a5,0.10652273453377688,0.041955816963560995,138742.60667330047,138112.92674885385,-0.004538475523451434,False,0.05,0.04600637992429938,False,0.043953875395174584,0.09712015232240319,0.041808190098477714,-0.005376130633042857,False,0.045404324516047714,False
15,0.06,+/-20%,revenue,0.2,0.2,15,0.1.0b1,35f6a6573ef9,1.1.0a5,0.2673302729287185,0.08990880251521904,140862.05548294942,138822.7376633395,-0.014477410631401486,True,0.05,0.08819325518574399,True,0.08880977979597561,0.2813530237788409,0.0974782589650123,-0.016585540587202754,True,0.09609162295426206,True
16,0.0,NHF,volume,,,15,0.1.0b1,35f6a6573ef9,1.1.0a5,0.9554643684931733,0.5351495343951752,175040.4190640496,123611.38023310389,-0.2938123612017128,True,0.05,0.49561543297523264,True,0.6461623185600693,0.9502822462931138,0.5310230875026547,-0.29250660187369243,True,0.4934520586798691,True
16,0.0,NHF,revenue,,,15,0.1.0b1,35f6a6573ef9,1.1.0a5,0.9554643684931733,0.5351495343951752,175040.4190640496,123611.38023310389,-0.2938123612017128,True,0.05,0.49561543297523264,True,0.6461623185600693,0.9502822462931138,0.5310230875026547,-0.29250660187369243,True,0.4934520586798691,True
16,0.0,NDY,volume,0.0,,15,0.1.0b1,35f6a6573ef9,1.1.0a5,0.37756088534035476,0.13684304994439006,155096.28884933578,132743.1767594125,-0.14412409385009597,True,0.05,0.10177311039763073,True,0.10167774401966742,0.44059517257352643,0.1394389649915165,-0.14871639863823619,True,0.09786935339057634,True
16,0.0,NDY,revenue,0.0,,15,0.1.0b1,35f6a6573ef9,1.1.0a5,0.40012147949440396,0.16292625277353337,155869.12034470038,134938.1041092537,-0.13428584307884905,True,0.05,0.14219786839417983,True,0.14871312388386015,0.3954505384259695,0.16404215413577578,-0.14523082531248968,True,0.14045556204331083,True
16,0.0,-10%,volume,0.1,,15,0.1.0b1,35f6a6573ef9,1.1.0a5,0.5166140783579339,0.17858159679188915,156072.78404130196,135403.4928790612,-0.13243366733799652,True,0.05,0.1130558228483047,True,0.1310500992809178,0.5359426893440311,0.18876160065380918,-0.14535178264963833,True,0.11662691230275417,True
16,0.0,-10%,revenue,0.1,,15,0.1.0b1,35f6a6573ef9,1.1.0a5,0.5448437372094034,0.22999334378239525,156289.57692880242,131353.84210915098,-0.15954829048523747,True,0.05,0.13481326470105942,True,0.1385687501787386,0.559613114686736,0.23449582820782655,-0.1723600356690035,True,0.1364503134931911,True
16,0.0,-20%,volume,0.2,,15,0.1.0b1,35f6a6573ef9,1.1.0a5,0.5751402967931909,0.24343165138080042,156449.130452358,131182.63085007988,-0.161499776503854,True,0.05,0.16277490111106144,True,0.16458944247368024,0.5930064788365285,0.24435103767011299,-0.1736353699314954,True,0.15848204035059887,True
16,0.0,-20%,revenue,0.2,,15,0.1.0b1,35f6a6573ef9,1.1.0a5,0.5914194672089317,0.24677905911842019,156412.8736352877,130829.11845847357,-0.16356553384773478,True,0.05,0.1708567478506164,True,0.16490877658477712,0.6059699153117275,0.24627722742181934,-0.17369974094445045,True,0.16628462905364574,True
16,0.0,+/-10%,volume,0.1,0.1,15,0.1.0b1,35f6a6573ef9,1.1.0a5,0.4280854951828359,0.16056447780369787,156921.76505196065,137157.32919514968,-0.1259508892871966,True,0.05,0.10389157743783244,True,0.11860024870927158,0.4285340985390707,0.17141885940208174,-0.14009581404014496,True,0.11034676426947318,True
16,0.0,+/-10%,revenue,0.1,0.1,15,0.1.0b1,35f6a6573ef9,1.1.0a5,0.5094622185413129,0.1447253190694448,157621.22495535584,138949.13191455798,-0.11846179374691757,True,0.05,0.08840368685735012,True,0.09898044215018786,0.5010026821637154,0.14948666468665994,-0.130297980743553,True,0.08801634191151926,True
16,0.0,+/-20%,volume,0.2,0.2,15,0.1.0b1,35f6a6573ef9,1.1.0a5,0.5493036982266425,0.17318007488901055,156989.71807315122,136538.35043916976,-0.13027201962648216,True,0.05,0.10145361644548323,True,0.11649118520075921,0.5486629863354064,0.19004332665951776,-0.14478853713356593,True,0.11726712229335068,True
16,0.0,+/-20%,revenue,0.2,0.2,15,0.1.0b1,35f6a6573ef9,1.1.0a5,0.5705823703365459,0.18315513733491878,157584.77191730187,136855.44451076543,-0.13154397569211115,True,0.05,0.10545109101635888,True,0.11991544414713745,0.560966891903986,0.19394885044904026,-0.143754506164305,True,0.11676148319313173,True
16,0.02,NHF,volume,,,15,0.1.0b1,35f6a6573ef9,1.1.0a5,0.548128824120741,0.1543653030532345,148339.64961775916,144617.8923151443,-0.025089430318900343,True,0.05,0.12036444088821115,True,0.09906611474717464,0.5320011612780094,0.14826084732965106,-0.02925355144196777,True,0.11625571350132886,True
16,0.02,NHF,revenue,,,15,0.1.0b1,35f6a6573ef9,1.1.0a5,0.548128824120741,0.1543653030532345,148339.64961775916,144617.8923151443,-0.025089430318900343,True,0.05,0.12036444088821115,True,0.09906611474717464,0.5320011612780094,0.14826084732965106,-0.02925355144196777,True,0.11625571350132886,True
16,0.02,NDY,volume,0.0,,15,0.1.0b1,35f6a6573ef9,1.1.0a5,0.09908787699603448,0.054972380686463755,154664.20491750105,146161.94536620696,-0.054972380686463644,True,0.05,0.04589409069902778,False,0.04589409069902777,0.13598802502760637,0.05691615570246452,-0.05983370461443843,True,0.04472479930278104,False
16,0.02,NDY,revenue,0.0,,15,0.1.0b1,35f6a6573ef9,1.1.0a5,0.07488380137507818,0.02786398347911145,151220.87176014174,147468.6273774913,-0.024813005896448276,False,0.05,0.02632496586134133,False,0.025404938124032522,0.05740846978748678,0.031131912034719367,-0.031131912034719388,False,0.025738550308659996,False
16,0.02,-10%,volume,0.1,,15,0.1.0b1,35f6a6573ef9,1.1.0a5,0.1473474475120506,0.029344458460271252,147145.65066803995,146686.1549289862,-0.00312272729073305,False,0.05,0.03375526119801785,False,0.028561345657667735,0.14885487078699836,0.03190707208428085,-0.0037173721313371487,False,0.03899817211514463,False
16,0.02,-10%,revenue,0.1,,15,0.1.0b1,35f6a6573ef9,1.1.0a5,0.1611708729398762,0.046549544488491044,146564.94195345408,145752.70123955794,-0.005541848569449118,False,0.05,0.02363786476660506,False,0.021563368199535755,0.1618639395936029,0.0433721126821605,-0.006414157259848724,False,0.021006295175328933,False
16,0.02,-20%,volume,0.2,,15,0.1.0b1,35f6a6573ef9,1.1.0a5,0.1332219990646855,0.046518340025039934,146473.08691096498,145460.9570222924,-0.006910005858535758,False,0.05,0.027845091564442148,False,0.026576474330970105,0.13685613274447117,0.047591098653645206,-0.007897212336426125,False,0.03067115067156207,False
16,0.02,-20%,revenue,0.2,,15,0.1.0b1,35f6a6573ef9,1.1.0a5,0.11705468368002206,0.047818857394080684,146113.91661615547,145605.9685856578,-0.0034763836481918825,False,0.05,0.04411938565904595,False,0.043912699127876834,0.11167250044316059,0.04481352886641121,-0.0021565523004291984,False,0.03898129758897873,False
16,0.02,+/-10%,volume,0.1,0.1,15,0.1.0b1,35f6a6573ef9,1.1.0a5,0.09339512580827984,0.02681746047019311,147152.34596172944,146550.58433146804,-0.004089378435175658,False,0.05,0.021909461550634713,False,0.01844855666484052,0.09568791998911201,0.028566486615692523,-0.004655625554029565,False,0.026669885161395908,False
16,0.02,+/-10%,revenue,0.1,0.1,15,0.1.0b1,35f6a6573ef9,1.1.0a5,0.09414705363282408,0.04038432636135428,146630.26840924396,145688.8748893392,-0.006420185478194266,False,0.05,0.036008447942120006,False,0.03387314870877256,0.0891108271863407,0.03652439135959224,-0.0065445086933248,False,0.0314514041450359,False
16,0.02,+/-20%,volume,0.2,0.2,15,0.1.0b1,35f6a6573ef9,1.1.0a5,0.1878241724530066,0.060492198117024894,146513.31363454976,145712.67568297914,-0.005464608858466363,True,0.05,0.055671098524664106,True,0.052384284613001666,0.17803838144150994,0.05943787901471618,-0.005473304869539595,True,0.05636762625686549,True
16,0.02,+/-20%,revenue,0.2,0.2,15,0.1.0b1,35f6a6573ef9,1.1.0a5,0.23409505740543807,0.07278222487819622,146231.70955569882,145650.1409175547,-0.0039770350761207714,True,0.05,0.07735326500716655,True,0.07742954862191849,0.23749428961224753,0.07086901181202741,-0.0016693481988714195,True,0.07507740296622156,True
16,0.04,NHF,volume,,,15,0.1.0b1,35f6a6573ef9,1.1.0a5,1.2604753200732685e-16,8.403168800488456e-18,142741.38734276118,142741.38734276118,0.0,False,0.05,1.2604753200732685e-17,False,2.5566874235863167e-17,2.409465506317412e-16,3.196880285222813e-17,-1.7757754835954076e-16,False,1.1651882807645711e-17,False
16,0.04,NHF,revenue,,,15,0.1.0b1,35f6a6573ef9,1.1.0a5,1.2604753200732685e-16,8.403168800488456e-18,142741.38734276118,142741.38734276118,0.0,False,0.05,1.2604753200732685e-17,False,2.5566874235863167e-17,2.409465506317412e-16,3.196880285222813e-17,-1.7757754835954076e-16,False,1.1651882807645711e-17,False
16,0.04,NDY,volume,0.0,,15,0.1.0b1,35f6a6573ef9,1.1.0a5,0.11799828465949984,0.06679075059857606,153517.8505742952,143264.27810415803,-0.06679075059857581,True,0.05,0.05651587125625514,True,0.05651587125625515,0.15471709188826638,0.06935069475453139,-0.07233089557886123,True,0.05506390088120795,True
16,0.04,NDY,revenue,0.0,,15,0.1.0b1,35f6a6573ef9,1.1.0a5,0.07488380137507761,0.027863983479111364,151220.87176014172,147468.62737749127,-0.024813005896448283,False,0.05,0.026324965861341316,False,0.025404938124032505,0.057408469787487364,0.03113191203471944,-0.031131912034719388,False,0.02573855030866007,False
16,0.04,-10%,volume,0.1,,15,0.1.0b1,35f6a6573ef9,1.1.0a5,0.09040064811832275,0.023880503237106908,146062.1206160843,145731.57666594346,-0.002263036773303257,False,0.05,0.020804779736056572,False,0.01781997456058491,0.09486849509741427,0.027012636685572633,-0.002754932590242783,False,0.02378576757863281,False
16,0.04,-10%,revenue,0.1,,15,0.1.0b1,35f6a6573ef9,1.1.0a5,0.09179335078053628,0.023484225939049135,145124.32066827922,145184.3958375571,0.0004139565925355144,False,0.05,0.01754856685000842,False,0.01597070438864503,0.08485009978498824,0.022665208074073302,0.0004118979033202607,False,0.017519311872454098,False
16,0.04,-20%,volume,0.2,,15,0.1.0b1,35f6a6573ef9,1.1.0a5,0.08764274475302411,0.013670187217243092,144133.52462125054,143937.11123925852,-0.001362718233028389,False,0.05,0.0038478582126970596,False,0.003498173244441781,0.0822806224615096,0.014389763636217977,-0.0014444837111423471,False,0.005697241825855623,False
16,0.04,-20%,revenue,0.2,,15,0.1.0b1,35f6a6573ef9,1.1.0a5,0.023251022621900305,0.006846197445348636,143064.4726796841,143105.9233751079,0.00028973437393219363,False,0.05,0.0067403386839245075,False,0.006549225811020117,0.02154185908221681,0.0057570747681271964,0.00041477351770289624,False,0.004812807277045829,False
16,0.04,+/-10%,volume,0.1,0.1,15,0.1.0b1,35f6a6573ef9,1.1.0a5,0.09443830189896706,0.01981180909289573,146087.938382589,145732.32518390304,-0.0024342406541095875,False,0.05,0.02003323178721938,False,0.017188451356449863,0.09865668318437422,0.02328656764166091,-0.002918225410211243,False,0.0231051718606895,False
16,0.04,+/-10%,revenue,0.1,0.1,15,0.1.0b1,35f6a6573ef9,1.1.0a5,0.10658583124923576,0.014225157126476087,144830.85880563184,144810.64796248457,-0.00013954790653003776,False,0.05,0.01932049666541798,False,0.01832191433598479,0.10128789594219777,0.013516188707852839,-0.00014262511401746426,False,0.018395381635963826,False
16,0.04,+/-20%,volume,0.2,0.2,15,0.1.0b1,35f6a6573ef9,1.1.0a5,0.10268922441253744,0.023627705615763803,144249.97980800673,143849.02674730474,-0.0027795710005342335,False,0.05,0.008919403626086944,False,0.007956226070713243,0.10023510923908874,0.024717624236609042,-0.0031402656307483617,False,0.010985888008931922,False
16,0.04,+/-20%,revenue,0.2,0.2,15,0.1.0b1,35f6a6573ef9,1.1.0a5,0.2040228947076573,0.06162327372433765,144500.5841277828,143901.85459114256,-0.004143440251499362,True,0.05,0.06780389714131486,True,0.06701396942563724,0.19986638288415176,0.0605088244688657,-0.004175861581148662,True,0.06702127340571504,True
16,0.06,NHF,volume,,,15,0.1.0b1,35f6a6573ef9,1.1.0a5,1.2604753200732685e-16,8.403168800488456e-18,142741.38734276118,142741.38734276118,0.0,False,0.05,1.2604753200732685e-17,False,2.5566874235863167e-17,2.409465506317412e-16,3.196880285222813e-17,-1.7757754835954076e-16,False,1.1651882807645711e-17,False
16,0.06,NHF,revenue,,,15,0.1.0b1,35f6a6573ef9,1.1.0a5,1.2604753200732685e-16,8.403168800488456e-18,142741.38734276118,142741.38734276118,0.0,False,0.05,1.2604753200732685e-17,False,2.5566874235863167e-17,2.409465506317412e-16,3.196880285222813e-17,-1.7757754835954076e-16,False,1.1651882807645711e-17,False
16,0.06,NDY,volume,0.0,,15,0.1.0b1,35f6a6573ef9,1.1.0a5,0.11840497424064979,0.06793812090987654,151704.8173547265,141398.27713067035,-0.0679381209098765,True,0.05,0.05798601981088022,True,0.05798601981088022,0.17601937789188254,0.06806517378917458,-0.07223963663746426,True,0.05578884333096049,True
16,0.06,NDY,revenue,0.0,,15,0.1.0b1,35f6a6573ef9,1.1.0a5,0.07489694591261753,0.027858460143374883,151220.87176014172,147466.8200591033,-0.024824957410593942,False,0.05,0.026371348681480535,False,0.025446140472596877,0.057404285914278444,0.031133822359972245,-0.031133822359972117,False,0.025738416344191738,False
16,0.06,-10%,volume,0.1,,15,0.1.0b1,35f6a6573ef9,1.1.0a5,0.11686950406792669,0.030299170318974257,146274.97060027023,145201.7675803735,-0.007336887613052395,False,0.05,0.027916411614722726,False,0.02553310720878146,0.10877818862161118,0.033739352488612824,-0.009105257765179791,False,0.0314702037036243,False
16,0.06,-10%,revenue,0.1,,15,0.1.0b1,35f6a6573ef9,1.1.0a5,0.009723581550155997,0.002214168368439262,144753.91144781557,144725.33420422877,-0.00019741949147329712,False,0.05,0.002243285606489859,False,0.001999362448197868,0.009134871949447888,0.0013909444123336734,-0.00015758394048001013,False,0.001390048457791217,False
16,0.06,-20%,volume,0.2,,15,0.1.0b1,35f6a6573ef9,1.1.0a5,0.07488190901474986,0.016047132678655002,144016.00288541577,143676.89010704347,-0.0023546881706064016,False,0.05,0.010493096573544206,False,0.009832040761310981,0.07842230814433782,0.019207376267877996,-0.0034599743412825337,False,0.016834387202180397,False
16,0.06,-20%,revenue,0.2,,15,0.1.0b1,35f6a6573ef9,1.1.0a5,0.009321622073057576,0.0027950698186179966,142959.86047002109,142929.5862026474,-0.00021176760577520595,False,0.05,0.002330835321292176,False,0.0023767184816601314,0.008777021601802536,0.002313003827291946,-0.00019757768994177471,False,0.001710864108928983,False
16,0.06,+/-10%,volume,0.1,0.1,15,0.1.0b1,35f6a6573ef9,1.1.0a5,0.09373389303464669,0.022948015938728868,146309.3095624299,145197.50765985312,-0.007598982634132263,False,0.05,0.016143582857762757,False,0.014822824143281295,0.09088567608499538,0.027555847290527798,-0.009320778519952527,False,0.021641995217366337,False
16,0.06,+/-10%,revenue,0.1,0.1,15,0.1.0b1,35f6a6573ef9,1.1.0a5,0.10622239218476351,0.016036663869362065,144769.30940583814,144720.7612479334,-0.00033534841123429343,False,0.05,0.021603280781524795,False,0.020381983478169125,0.10117120359651108,0.014690871412891627,-0.0002977935889488216,False,0.019840971545275792,False
16,0.06,+/-20%,volume,0.2,0.2,15,0.1.0b1,35f6a6573ef9,1.1.0a5,0.09459202915075225,0.026240069355903492,143284.9920716131,143207.71250838877,-0.0005393416442784011,False,0.05,0.012919722590355575,False,0.011848089203111471,0.10219406072698585,0.030854335713600575,-0.0016614377338777207,False,0.019495402030933723,False
16,0.06,+/-20%,revenue,0.2,0.2,15,0.1.0b1,35f6a6573ef9,1.1.0a5,0.45423603638083704,0.14915190733625033,147632.27190444173,143556.7111907543,-0.027606164025745287,True,0.05,0.13217737423304576,True,0.13856867210961601,0.4797908775921333,0.15541908452063644,-0.032812329726849075,True,0.13477921653347055,True
17,0.0,NHF,volume,,,15,0.1.0b1,35f6a6573ef9,1.1.0a5,0.9981152259498465,0.5698819634568635,178770.93854101258,125514.63251377855,-0.2979024804695327,True,0.05,0.5596059015318007,True,0.5768814430592758,0.9982194419018312,0.5727953574199632,-0.29388784449280253,True,0.5673447473357099,True
17,0.0,NHF,revenue,,,15,0.1.0b1,35f6a6573ef9,1.1.0a5,0.9981152259498465,0.5698819634568635,178770.93854101258,125514.63251377855,-0.2979024804695327,True,0.05,0.5596059015318007,True,0.5768814430592758,0.9982194419018312,0.5727953574199632,-0.29388784449280253,True,0.5673447473357099,True
17,0.0,NDY,volume,0.0,,15,0.1.0b1,35f6a6573ef9,1.1.0a5,0.3676423822756722,0.13100318566671929,158327.32145575745,136861.37446285685,-0.13557954998246455,True,0.05,0.10355100685889482,True,0.10355100685889483,0.39081974805099073,0.1350638908738907,-0.14276584384785596,True,0.09588209701228755,True
17,0.0,NDY,revenue,0.0,,15,0.1.0b1,35f6a6573ef9,1.1.0a5,0.3363992203568582,0.16118468414531592,158899.85853336685,138448.39566464722,-0.12870661470365682,True,0.05,0.14423224745360805,True,0.15647567685141667,0.3376565067633922,0.1640454471946536,-0.1411817095387756,True,0.1419221806385386,True
17,0.0,-10%,volume,0.1,,15,0.1.0b1,35f6a6573ef9,1.1.0a5,0.5738649279330768,0.18184829519011247,158983.12986187226,138284.83212596626,-0.13019178672535317,True,0.05,0.09960610583374141,True,0.11012021192968857,0.5800584114950019,0.17232320643840102,-0.14327303256094337,True,0.09661426106624081,True
17,0.0,-10%,revenue,0.1,,15,0.1.0b1,35f6a6573ef9,1.1.0a5,0.6272507916805027,0.16392872438351758,159416.75408014827,137520.35080194267,-0.13735321236811143,True,0.05,0.07695307008623715,True,0.07525512598423054,0.6442919448109715,0.15394330496791334,-0.15109634211140768,True,0.06562345617249779,True
17,0.0,-20%,volume,0.2,,15,0.1.0b1,35f6a6573ef9,1.1.0a5,0.6436498582893021,0.19059922610424807,159223.45214177162,134228.80332753365,-0.15697843802546677,True,0.05,0.08918592719776063,True,0.07827834957851713,0.6363633951332578,0.2056447031371178,-0.16970655202014165,True,0.10367014260831216,True
17,0.0,-20%,revenue,0.2,,15,0.1.0b1,35f6a6573ef9,1.1.0a5,0.6052967349660384,0.18874728894328235,159403.07472114256,133214.22183571043,-0.16429327308301006,True,0.05,0.1095186356851094,True,0.09597254163839153,0.6202957161808647,0.1951148194847857,-0.17581301608559383,True,0.11101976170248055,True
17,0.0,+/-10%,volume,0.1,0.1,15,0.1.0b1,35f6a6573ef9,1.1.0a5,0.46851807554269925,0.15857975079199604,159511.13284036494,140590.1847420344,-0.1186183544772776,True,0.05,0.10800620850863336,True,0.11660590858250608,0.4680067708124428,0.1607980613795352,-0.1335084995105305,True,0.10882894249928184,True
17,0.0,+/-10%,revenue,0.1,0.1,15,0.1.0b1,35f6a6573ef9,1.1.0a5,0.544103776506343,0.16355637143075843,160311.2415457416,140116.6626470585,-0.12597107167260624,True,0.05,0.11517671969874763,True,0.12462646353552159,0.5180104405777772,0.17430420581863384,-0.1400995880779373,True,0.12123428850371246,True
17,0.0,+/-20%,volume,0.2,0.2,15,0.1.0b1,35f6a6573ef9,1.1.0a5,0.6154189119205911,0.15517531640192422,159636.24591185816,137928.98636283455,-0.1359795165880379,True,0.05,0.07151138835772794,True,0.08057599178674753,0.6122157473248354,0.17006460758911063,-0.1514409459188605,True,0.08343187340942668,True
17,0.0,+/-20%,revenue,0.2,0.2,15,0.1.0b1,35f6a6573ef9,1.1.0a5,0.5519656224980347,0.1436157482264085,160371.90647009737,138851.91452141,-0.13418804092535952,True,0.05,0.06914985938950842,True,0.07577745175508693,0.5420714795645066,0.1577265701317271,-0.1482097417995461,True,0.08007274710536669,True
17,0.02,NHF,volume,,,15,0.1.0b1,35f6a6573ef9,1.1.0a5,0.48118501374941214,0.1732965166375214,149525.48504546584,145454.8400979261,-0.027223753504641714,True,0.05,0.1531115612460084,True,0.15020112005250555,0.46715085663724754,0.17028229252581167,-0.032875149936586204,True,0.1508207820325389,True
17,0.02,NHF,revenue,,,15,0.1.0b1,35f6a6573ef9,1.1.0a5,0.48118501374941214,0.1732965166375214,149525.48504546584,145454.8400979261,-0.027223753504641714,True,0.05,0.1531115612460084,True,0.15020112005250555,0.46715085663724754,0.17028229252581167,-0.032875149936586204,True,0.1508207820325389,True
17,0.02,NDY,volume,0.0,,15,0.1.0b1,35f6a6573ef9,1.1.0a5,0.10972863433006917,0.06014096942244133,158080.42421169154,148573.31425288963,-0.060140969422441445,True,0.05,0.04989752907301947,False,0.04989752907301946,0.15528001528806712,0.06216492514576476,-0.06596711020508675,True,0.04420527645467626,False
17,0.02,NDY,revenue,0.0,,15,0.1.0b1,35f6a6573ef9,1.1.0a5,0.07078193531807953,0.032396635781751996,154930.51814343064,150470.4027452268,-0.028787842780431283,False,0.05,0.03307764921978113,False,0.03185942219003258,0.06809093521774548,0.03692775396139617,-0.036927753961396186,False,0.030421985303620273,False
17,0.02,-10%,volume,0.1,,15,0.1.0b1,35f6a6573ef9,1.1.0a5,0.08809664626433786,0.012939021494455465,149595.28158187654,148908.5169812278,-0.004590817259653128,False,0.05,0.009784421477778318,False,0.00795082748230234,0.09383859033711947,0.01484643005330447,-0.004749656392444568,False,0.01041836074685051,False
17,0.02,-10%,revenue,0.1,,15,0.1.0b1,35f6a6573ef9,1.1.0a5,0.1669637676849664,0.04391418116222558,148736.26639759046,147567.50431879197,-0.007857949558006564,False,0.05,0.033943605093969154,False,0.030394844755592967,0.16552287236476776,0.03992722120386637,-0.0088210278843939,False,0.030873122215550507,False
17,0.02,-20%,volume,0.2,,15,0.1.0b1,35f6a6573ef9,1.1.0a5,0.2122068427124074,0.05857893854422573,148540.18032158323,147246.1081231614,-0.008711933670877657,True,0.05,0.027886407360828768,False,0.02417458750552819,0.21502253364983773,0.05943360151210264,-0.009698485114787813,True,0.0322383087149575,False
17,0.02,-20%,revenue,0.2,,15,0.1.0b1,35f6a6573ef9,1.1.0a5,0.16584825689329283,0.056853252461253535,148084.05656901,146681.49119246946,-0.009471413797250397,True,0.05,0.03662971839618175,False,0.04069454270477073,0.16413081147802477,0.054594343709327066,-0.008992336213008977,True,0.03221084241349409,False
17,0.02,+/-10%,volume,0.1,0.1,15,0.1.0b1,35f6a6573ef9,1.1.0a5,0.10073920079092759,0.017562313320467208,149688.14863532898,149065.52349393058,-0.004159481876653052,False,0.05,0.020205654975772685,False,0.0167005196601314,0.09256327751914219,0.018962917723144578,-0.0048140751041867175,False,0.02191767636160173,False
17,0.02,+/-10%,revenue,0.1,0.1,15,0.1.0b1,35f6a6573ef9,1.1.0a5,0.15838886119637463,0.041465473796288246,148719.96088546884,147143.24999415784,-0.010601878066154442,False,0.05,0.0279558117986068,False,0.025668744586061484,0.15915876877513574,0.03810924704679841,-0.011896097510533055,False,0.024543513483135194,False
17,0.02,+/-20%,volume,0.2,0.2,15,0.1.0b1,35f6a6573ef9,1.1.0a5,0.21537918842708903,0.05343495220767058,148465.50686823146,147128.96927084372,-0.009002344218404642,True,0.05,0.03191637885147164,False,0.02943006010730073,0.2174028857823498,0.053495879321524185,-0.009868059313025177,True,0.03366109211693873,False
17,0.02,+/-20%,revenue,0.2,0.2,15,0.1.0b1,35f6a6573ef9,1.1.0a5,0.19306238094123143,0.046972551970778834,148348.6482651842,146734.13515933583,-0.010883234358578757,False,0.05,0.03153970184336651,False,0.03191742272081567,0.1950190654500358,0.04723858826351767,-0.012190352628051581,False,0.026924546734787197,False
17,0.04,NHF,volume,,,15,0.1.0b1,35f6a6573ef9,1.1.0a5,1.8184967994815443e-16,3.569738073489195e-17,143400.10065959505,143400.10065959505,0.0,False,0.05,1.7527297781921284e-17,False,2.5154535239803114e-17,1.6225081337401733e-16,2.008095787861903e-17,-1.7632593883691074e-16,False,1.6225081337401732e-17,False
17,0.04,NHF,revenue,,,15,0.1.0b1,35f6a6573ef9,1.1.0a5,1.8184967994815443e-16,3.569738073489195e-17,143400.10065959505,143400.10065959505,0.0,False,0.05,1.7527297781921284e-17,False,2.5154535239803114e-17,1.6225081337401733e-16,2.008095787861903e-17,-1.7632593883691074e-16,False,1.6225081337401732e-17,False
17,0.04,NDY,volume,0.0,,15,0.1.0b1,35f6a6573ef9,1.1.0a5,0.1353693481440648,0.07835478569257734,156663.1370536576,144387.8305238914,-0.07835478569257731,True,0.05,0.06747954984200667,True,0.06747954984200667,0.16629377835067216,0.08072333177668316,-0.08351911856630521,True,0.06858401311187924,True
17,0.04,NDY,revenue,0.0,,15,0.1.0b1,35f6a6573ef9,1.1.0a5,0.07078193531807918,0.032396635781751705,154930.51814343067,150470.40274522683,-0.028787842780431276,False,0.05,0.03307764921978085,False,0.03185942219003231,0.06809093521774494,0.03692775396139609,-0.03692775396139603,False,0.030421985303620346,False
17,0.04,-10%,volume,0.1,,15,0.1.0b1,35f6a6573ef9,1.1.0a5,0.09545344977512155,0.017669468825024827,149579.21961417457,148818.9265230214,-0.005082879113250336,False,0.05,0.011225317326195026,False,0.009788130943814265,0.1182376425413218,0.024079246951860003,-0.005920171965082005,False,0.019138283150586445,False
17,0.04,-10%,revenue,0.1,,15,0.1.0b1,35f6a6573ef9,1.1.0a5,0.03760021665771983,0.008460419847303056,147309.59452155602,146898.15552273527,-0.002793022410774123,False,0.05,0.00923647310082747,False,0.00846978580843308,0.03451058712293414,0.006931809829375973,-0.0026844665015854684,False,0.007705844743954163,False
17,0.04,-20%,volume,0.2,,15,0.1.0b1,35f6a6573ef9,1.1.0a5,0.14600281439769788,0.022399620350249005,146301.1320290105,146081.64498526146,-0.001500241595571,False,0.05,0.027288537510874334,False,0.027226584019802103,0.14431446936994186,0.024691140698891393,-0.0017239752795689652,False,0.031200546977867782,False
17,0.04,-20%,revenue,0.2,,15,0.1.0b1,35f6a6573ef9,1.1.0a5,0.04861548444970502,0.015291604329660102,144945.44643556452,144906.78987392754,-0.0002666973167326226,False,0.05,0.012790461813150286,False,0.012365605044287003,0.04529025185009405,0.013613404754323228,-7.961483022418789e-05,False,0.010607764763013268,False
17,0.04,+/-10%,volume,0.1,0.1,15,0.1.0b1,35f6a6573ef9,1.1.0a5,0.1406734874098857,0.0328019167397167,150118.25274081284,148849.82780853065,-0.008449505034355738,False,0.05,0.011492144810431232,False,0.009341295263910336,0.1433658002961406,0.03607011993799535,-0.009578758045365208,False,0.01878368272974857,False
17,0.04,+/-10%,revenue,0.1,0.1,15,0.1.0b1,35f6a6573ef9,1.1.0a5,0.07854611781059148,0.011391824182137867,147279.94912718504,146185.50498187172,-0.007431046464907457,False,0.05,0.0012830910818988565,False,0.0011926693926906584,0.07607849629031116,0.011042528186672895,-0.008689410580385607,False,0.0011207656995840978,False
17,0.04,+/-20%,volume,0.2,0.2,15,0.1.0b1,35f6a6573ef9,1.1.0a5,0.1664500306811622,0.03137883274435783,146327.6190847041,144926.1426643818,-0.00957766161363597,False,0.05,0.02621147786475154,False,0.0261220045514172,0.15257068544014807,0.03212526498745088,-0.009941399695281116,False,0.030391210475703073,False
17,0.04,+/-20%,revenue,0.2,0.2,15,0.1.0b1,35f6a6573ef9,1.1.0a5,0.08714319662173876,0.03588459332947807,144616.03561558918,143975.88215905,-0.004426573123887867,False,0.05,0.036036435454107354,False,0.035481137862342006,0.10493396520552342,0.0384129532426366,-0.0048682627313803815,False,0.03840151678428751,False
17,0.06,NHF,volume,,,15,0.1.0b1,35f6a6573ef9,1.1.0a5,1.8184967994815443e-16,3.569738073489195e-17,143400.10065959505,143400.10065959505,0.0,False,0.05,1.7527297781921284e-17,False,2.5154535239803114e-17,1.6225081337401733e-16,2.008095787861903e-17,-1.7632593883691074e-16,False,1.6225081337401732e-17,False
17,0.06,NHF,revenue,,,15,0.1.0b1,35f6a6573ef9,1.1.0a5,1.8184967994815443e-16,3.569738073489195e-17,143400.10065959505,143400.10065959505,0.0,False,0.05,1.7527297781921284e-17,False,2.5154535239803114e-17,1.6225081337401733e-16,2.008095787861903e-17,-1.7632593883691074e-16,False,1.6225081337401732e-17,False
17,0.06,NDY,volume,0.0,,15,0.1.0b1,35f6a6573ef9,1.1.0a5,0.1380381211447259,0.08327293470223968,155348.84050876246,142412.48665700763,-0.08327293470223973,True,0.05,0.0730543088964691,True,0.07305430889646909,0.16943066004023286,0.08526247010695415,-0.08957735736767918,True,0.07305202266753813,True
17,0.06,NDY,revenue,0.0,,15,0.1.0b1,35f6a6573ef9,1.1.0a5,0.0707819353180797,0.032396635781751594,154930.51814343067,150470.4027452268,-0.028787842780431463,False,0.05,0.03307764921978089,False,0.03185942219003235,0.06809093521774577,0.03692775396139603,-0.036927753961396186,False,0.030421985303620287,False
17,0.06,-10%,volume,0.1,,15,0.1.0b1,35f6a6573ef9,1.1.0a5,0.051740876801383284,0.01554327731191762,149187.11451700618,147958.58255539252,-0.00823483962131067,False,0.05,0.01158357833349215,False,0.010721391430704889,0.06245307084157121,0.023988025694306903,-0.010398517184252394,False,0.02107911288898308,False
17,0.06,-10%,revenue,0.1,,15,0.1.0b1,35f6a6573ef9,1.1.0a5,0.03188922896022332,0.00853008716374298,146961.8056993483,146691.52408354412,-0.0018391282994788415,False,0.05,0.009960580441764,False,0.00878652666098409,0.029641186092638643,0.006745917294208445,-0.0017200893964396345,False,0.00848130847811383,False
17,0.06,-20%,volume,0.2,,15,0.1.0b1,35f6a6573ef9,1.1.0a5,0.125231033947365,0.022509630838745333,146396.00323446974,145110.38329380035,-0.008781796717566986,False,0.05,0.010517916077861544,False,0.010201903157343309,0.1140959965937504,0.02728611686270386,-0.0099943638925275,False,0.016301443766324315,False
17,0.06,-20%,revenue,0.2,,15,0.1.0b1,35f6a6573ef9,1.1.0a5,0.07217916178259132,0.02289807731887193,144469.47582486976,144231.44494653438,-0.001647620557742808,False,0.05,0.021682128760966875,False,0.021930784035133603,0.06784313341714165,0.018945556619428133,-0.001516952595608514,False,0.018010529037735354,False
17,0.06,+/-10%,volume,0.1,0.1,15,0.1.0b1,35f6a6573ef9,1.1.0a5,0.2727652844414084,0.05860505077093699,147442.77643619318,147915.03756488836,0.0032030129933124326,True,0.05,0.015100059159805852,False,0.01282050200236401,0.25125784117354105,0.062257823722548865,0.00096262795783814,True,0.026026670364690564,False
17,0.06,+/-10%,revenue,0.1,0.1,15,0.1.0b1,35f6a6573ef9,1.1.0a5,0.056581355647160186,0.00982096801390978,147008.6401518319,146068.23664877232,-0.006396926752661113,False,0.05,0.0013508216463064301,False,0.0012296324026416835,0.05833122865708759,0.010173221533939302,-0.00739936975354944,False,0.0011924092538751305,False
17,0.06,+/-20%,volume,0.2,0.2,15,0.1.0b1,35f6a6573ef9,1.1.0a5,0.22670811705442606,0.030358424117173866,146173.51999513587,144206.20442578377,-0.013458768519890345,False,0.05,0.012517116053937849,False,0.012255601363045304,0.2057162262308574,0.034177681479371495,-0.014751029392243365,False,0.01782916806405387,False
17,0.06,+/-20%,revenue,0.2,0.2,15,0.1.0b1,35f6a6573ef9,1.1.0a5,0.23435675789668822,0.0838435689810666,146802.1328088177,143922.15375509966,-0.019618100899587553,True,0.05,0.08855048962057897,True,0.09122329824273619,0.23087309384275367,0.08663804166641813,-0.02194098556362849,True,0.09110095185835167,True
18,0.0,NHF,volume,,,15,0.1.0b1,35f6a6573ef9,1.1.0a5,0.9494556396968328,0.5521763702972657,173441.24169254123,121231.4737643123,-0.3010227983767611,True,0.05,0.5431093501756877,True,0.6080228801552342,0.9449199089996062,0.5520096931451027,-0.2993906591571659,True,0.5482748648955058,True
18,0.0,NHF,revenue,,,15,0.1.0b1,35f6a6573ef9,1.1.0a5,0.9494556396968328,0.5521763702972657,173441.24169254123,121231.4737643123,-0.3010227983767611,True,0.05,0.5431093501756877,True,0.6080228801552342,0.9449199089996062,0.5520096931451027,-0.2993906591571659,True,0.5482748648955058,True
18,0.0,NDY,volume,0.0,,15,0.1.0b1,35f6a6573ef9,1.1.0a5,0.277145721035111,0.12880783088837489,153691.15380516587,133137.66402766958,-0.13373241900149913,True,0.05,0.0999840744321111,True,0.0999840744321111,0.30556261841419785,0.1346053149580931,-0.1391096217526084,True,0.10212884061844321,True
18,0.0,NDY,revenue,0.0,,15,0.1.0b1,35f6a6573ef9,1.1.0a5,0.27261172788540167,0.1585934757974254,154271.2600767414,132803.0316355085,-0.13915896214598655,True,0.05,0.1422371981462991,True,0.15580150556189246,0.25843220318761206,0.15789694217190217,-0.14888491533552567,True,0.1373177532076522,True
18,0.0,-10%,volume,0.1,,15,0.1.0b1,35f6a6573ef9,1.1.0a5,0.5279313434323847,0.19755486196488373,154154.84093087894,127918.76188026692,-0.17019302729763736,True,0.05,0.09988514138114098,True,0.10364732617007084,0.5408180556389507,0.19964976168665324,-0.18082229909094152,True,0.09820655963061806,True
18,0.0,-10%,revenue,0.1,,15,0.1.0b1,35f6a6573ef9,1.1.0a5,0.5846603043177278,0.22178873295130533,154343.4266186385,127690.70549097615,-0.1726845238023488,True,0.05,0.11956241177805615,True,0.11197040379568203,0.5881180858273822,0.22221428895738557,-0.18374677342831916,True,0.11701439098499844,True
18,0.0,-20%,volume,0.2,,15,0.1.0b1,35f6a6573ef9,1.1.0a5,0.6506919045440571,0.24808542042634005,154324.29310717568,129628.68614468494,-0.16002410550709634,True,0.05,0.1577002781367561,True,0.16108903163541913,0.6587002003954295,0.25280929665087515,-0.1726318760332955,True,0.15958786266105068,True
18,0.0,-20%,revenue,0.2,,15,0.1.0b1,35f6a6573ef9,1.1.0a5,0.7436506854700184,0.24219685180080897,154614.25512085247,127609.65901779354,-0.1746578676199752,True,0.05,0.16417856853290752,True,0.1444959532426905,0.744742212586998,0.24270954737824493,-0.1847867671430387,True,0.16005891166856717,True
18,0.0,+/-10%,volume,0.1,0.1,15,0.1.0b1,35f6a6573ef9,1.1.0a5,0.4042832325811093,0.1742403398882998,155484.19444742292,134302.49788699806,-0.1362305450769626,True,0.05,0.12070899991692104,True,0.1386248975874014,0.40454960829877784,0.1756427381840658,-0.14812628863607508,True,0.1158294399150572,True
18,0.0,+/-10%,revenue,0.1,0.1,15,0.1.0b1,35f6a6573ef9,1.1.0a5,0.4470376909566714,0.18613447117815482,156070.87624567785,134572.64299847893,-0.13774660439118463,True,0.05,0.12758522999675972,True,0.1412403794253862,0.4327980248100483,0.18926328656141217,-0.14847666468042564,True,0.129795901970876,True
18,0.0,+/-20%,volume,0.2,0.2,15,0.1.0b1,35f6a6573ef9,1.1.0a5,0.51251946760711,0.176109621680084,155384.28545419546,133692.0695316851,-0.13960366622083448,True,0.05,0.0881819756687904,True,0.10154708473035977,0.5106991587562708,0.18613850983887656,-0.1520216452131716,True,0.09788131153937693,True
18,0.0,+/-20%,revenue,0.2,0.2,15,0.1.0b1,35f6a6573ef9,1.1.0a5,0.5425946498988617,0.15745971161638841,155826.83990989637,134804.3578900582,-0.1349092494720036,True,0.05,0.08223164550885917,True,0.088580267467971,0.5392795824175547,0.16296527879117392,-0.1471162659741633,True,0.08484085397213015,True
18,0.02,NHF,volume,,,15,0.1.0b1,35f6a6573ef9,1.1.0a5,0.5205898116877904,0.15737101616770685,143857.43023675255,140852.76644569193,-0.02088639972308496,True,0.05,0.12376795963310123,True,0.11015478725453749,0.5001862689011293,0.1502278191049254,-0.024431759807241268,True,0.1221808906817703,True
18,0.02,NHF,revenue,,,15,0.1.0b1,35f6a6573ef9,1.1.0a5,0.5205898116877904,0.15737101616770685,143857.43023675255,140852.76644569193,-0.02088639972308496,True,0.05,0.12376795963310123,True,0.11015478725453749,0.5001862689011293,0.1502278191049254,-0.024431759807241268,True,0.1221808906817703,True
18,0.02,NDY,volume,0.0,,15,0.1.0b1,35f6a6573ef9,1.1.0a5,0.1053717428060825,0.05843675206591154,153097.39037839626,144150.87613491583,-0.058436752065911646,True,0.05,0.04896576283230979,False,0.04896576283230979,0.15609796022575897,0.06013911814016251,-0.06354989864620636,True,0.046813662395468546,False
18,0.02,NDY,revenue,0.0,,15,0.1.0b1,35f6a6573ef9,1.1.0a5,0.08224470346867106,0.033386750849183536,149792.64767727948,145605.10242425642,-0.027955612761748617,False,0.05,0.0306781262155865,False,0.02968201914790323,0.06482724932589685,0.03491872858375798,-0.03491872858375814,False,0.028891417066035735,False
18,0.02,-10%,volume,0.1,,15,0.1.0b1,35f6a6573ef9,1.1.0a5,0.26631662921557653,0.036397060147063114,145133.1444655553,144307.38402706792,-0.005689675101632966,False,0.05,0.014298551231880166,False,0.012145955823504742,0.2672110589752189,0.03735952854615861,-0.0064397237788885705,False,0.016071890223744466,False
18,0.02,-10%,revenue,0.1,,15,0.1.0b1,35f6a6573ef9,1.1.0a5,0.18238263395269577,0.04139756146395868,144512.92324273626,143284.60939459875,-0.008499681693341192,False,0.05,0.02448162574610834,False,0.023001663343352203,0.1847108445780784,0.04167723223708866,-0.009490887083546593,False,0.026850489361655062,False
18,0.02,-20%,volume,0.2,,15,0.1.0b1,35f6a6573ef9,1.1.0a5,0.2126461964627588,0.04443857717597816,144332.38372504624,142863.9597677768,-0.010173904978017881,False,0.05,0.02109194146930197,False,0.019288715942364656,0.22279134452407579,0.048446223701913045,-0.01131743276428086,False,0.027288136469687745,False
18,0.02,-20%,revenue,0.2,,15,0.1.0b1,35f6a6573ef9,1.1.0a5,0.3200942223441883,0.07124262044008207,144272.24550435256,142661.70620779207,-0.0111631956023856,True,0.05,0.02962347427688729,False,0.028308002677766574,0.3016015294375129,0.06827995453512789,-0.010672009484017825,True,0.02936049290465026,False
18,0.02,+/-10%,volume,0.1,0.1,15,0.1.0b1,35f6a6573ef9,1.1.0a5,0.08364272225967063,0.020056447747914753,145124.8653675232,143810.44448170642,-0.00905717212889775,False,0.05,0.018306332618741355,False,0.015656319494258532,0.08922089958848553,0.024698226580830488,-0.010769626360817436,False,0.020802113017485753,False
18,0.02,+/-10%,revenue,0.1,0.1,15,0.1.0b1,35f6a6573ef9,1.1.0a5,0.19350090603543516,0.03508974833028976,144569.37314945972,141829.9632417252,-0.018948756905118765,False,0.05,0.016696091297504326,False,0.015732513610408214,0.1809871184759476,0.0379635034033626,-0.022070928142962805,False,0.017982695909541203,False
18,0.02,+/-20%,volume,0.2,0.2,15,0.1.0b1,35f6a6573ef9,1.1.0a5,0.2012446869834297,0.042258679733359505,144428.3865992962,142962.075304723,-0.010152514537473612,False,0.05,0.019607238911986163,False,0.018683856571740008,0.19176965410766,0.04342920979973483,-0.010893595081756077,False,0.022537928109649143,False
18,0.02,+/-20%,revenue,0.2,0.2,15,0.1.0b1,35f6a6573ef9,1.1.0a5,0.1668062583711175,0.05201976865486894,144194.06741194997,143134.56216576323,-0.007347772798168114,True,0.05,0.039315755174875976,False,0.03942375315817686,0.1634742187322135,0.04868116267100087,-0.0070076071085017145,False,0.034510435348224594,False
18,0.04,NHF,volume,,,15,0.1.0b1,35f6a6573ef9,1.1.0a5,1.1443176177679362e-16,7.628784118452908e-18,138077.99671073255,138077.99671073258,2.107781916745575e-16,False,0.05,1.1443176177679362e-17,False,2.5507674264215176e-17,2.551545679095965e-16,2.5658419145201276e-17,0.0,False,3.8487628717801914e-17,False
18,0.04,NHF,revenue,,,15,0.1.0b1,35f6a6573ef9,1.1.0a5,1.1443176177679362e-16,7.628784118452908e-18,138077.99671073255,138077.99671073258,2.107781916745575e-16,False,0.05,1.1443176177679362e-17,False,2.5507674264215176e-17,2.551545679095965e-16,2.5658419145201276e-17,0.0,False,3.8487628717801914e-17,False
18,0.04,NDY,volume,0.0,,15,0.1.0b1,35f6a6573ef9,1.1.0a5,0.12376281849957588,0.06784087297396303,151967.9278562893,141658.2909664744,-0.06784087297396299,True,0.05,0.05643640864722845,True,0.05643640864722846,0.15952406696574506,0.06911102565755088,-0.07279872884757473,True,0.05178412021681145,True
18,0.04,NDY,revenue,0.0,,15,0.1.0b1,35f6a6573ef9,1.1.0a5,0.08084033667522585,0.033372551743574196,149792.64767727948,145606.2664480346,-0.027947841861132017,False,0.05,0.03067812621558636,False,0.029682019147903093,0.06491098901310798,0.034920384305180054,-0.03492038430518012,False,0.028891417066035662,False
18,0.04,-10%,volume,0.1,,15,0.1.0b1,35f6a6573ef9,1.1.0a5,0.09521886989008543,0.021068780519151696,144904.08416346498,143788.14908113965,-0.007701198270343141,False,0.05,0.01057907742948956,False,0.009030558197734287,0.10370793073144886,0.022920273053771065,-0.008246967812918412,False,0.01361033195040644,False
18,0.04,-10%,revenue,0.1,,15,0.1.0b1,35f6a6573ef9,1.1.0a5,0.011718685359050419,0.0029074260609135275,142895.1659631222,142902.14862860914,4.886565224135625e-05,False,0.05,0.0022679285957351828,False,0.0020423316816977014,0.010820422029664689,0.0025396688911982013,6.351400260449117e-05,False,0.0020453476337492864,False
18,0.04,-20%,volume,0.2,,15,0.1.0b1,35f6a6573ef9,1.1.0a5,0.025901801824354784,0.003813419479108843,142155.80357158525,142146.13961376456,-6.798145118158978e-05,False,0.05,0.0042415383239528415,False,0.003967468285212224,0.025277425726446926,0.004281278034164301,-0.00015336215224498974,False,0.00524446937487086,False
18,0.04,-20%,revenue,0.2,,15,0.1.0b1,35f6a6573ef9,1.1.0a5,0.005120482205753928,0.0012404827710587982,140871.30529233377,140871.29067731058,-1.037473398730633e-07,False,0.05,0.0014361002312919594,False,0.0014444375930410017,0.004735552475886784,0.0010630013193199236,1.0087858901227856e-05,False,0.001083710054617162,False
18,0.04,+/-10%,volume,0.1,0.1,15,0.1.0b1,35f6a6573ef9,1.1.0a5,0.17622209234657765,0.02257240162566582,144937.35511765594,142528.23264606722,-0.0166218189205472,False,0.05,0.002092202997451985,False,0.0018159012121753944,0.1623947646526994,0.02377248530310998,-0.017159116146463226,False,0.005332583272363018,False
18,0.04,+/-10%,revenue,0.1,0.1,15,0.1.0b1,35f6a6573ef9,1.1.0a5,0.09917139053418035,0.01307469841054842,142929.08173057882,142211.65765237695,-0.005019440896949291,False,0.05,0.005606338578237019,False,0.004855230181381401,0.09219126867928451,0.01104139420348594,-0.00497560837745618,False,0.003125122240128652,False
18,0.04,+/-20%,volume,0.2,0.2,15,0.1.0b1,35f6a6573ef9,1.1.0a5,0.013519150983131716,0.0021192191674786836,142285.9062070455,142257.97605895644,-0.00019629595673677995,False,0.05,0.002684739514600701,False,0.0025277712965822456,0.01526440669798201,0.0036556361633489467,-0.000237040436651242,False,0.004589240082752235,False
18,0.04,+/-20%,revenue,0.2,0.2,15,0.1.0b1,35f6a6573ef9,1.1.0a5,0.0982514891608855,0.020137159801628092,141125.18825603693,140496.3821298014,-0.004455661912703384,False,0.05,0.025326502552682,False,0.026731604270156768,0.11507664201075732,0.022173158779064516,-0.0054578309993751906,False,0.026755821097106357,False
18,0.06,NHF,volume,,,15,0.1.0b1,35f6a6573ef9,1.1.0a5,1.1443176177679362e-16,7.628784118452908e-18,138077.99671073255,138077.99671073258,2.107781916745575e-16,False,0.05,1.1443176177679362e-17,False,2.5507674264215176e-17,2.551545679095965e-16,2.5658419145201276e-17,0.0,False,3.8487628717801914e-17,False
18,0.06,NHF,revenue,,,15,0.1.0b1,35f6a6573ef9,1.1.0a5,1.1443176177679362e-16,7.628784118452908e-18,138077.99671073255,138077.99671073258,2.107781916745575e-16,False,0.05,1.1443176177679362e-17,False,2.5507674264215176e-17,2.551545679095965e-16,2.5658419145201276e-17,0.0,False,3.8487628717801914e-17,False
18,0.06,NDY,volume,0.0,,15,0.1.0b1,35f6a6573ef9,1.1.0a5,0.13407966698396726,0.07535028063843595,151182.00473784065,139790.39825336298,-0.07535028063843612,True,0.05,0.06415428078713896,True,0.06415428078713895,0.18972612271159067,0.07688737197053705,-0.08029065653509329,True,0.06185157421032137,True
18,0.06,NDY,revenue,0.0,,15,0.1.0b1,35f6a6573ef9,1.1.0a5,0.08084033667522608,0.03337255174357439,149792.64767727948,145606.2664480346,-0.027947841861132017,False,0.05,0.030678126215586864,False,0.029682019147903596,0.0649109890131081,0.034920384305180185,-0.03492038430518014,False,0.0288914170660359,False
18,0.06,-10%,volume,0.1,,15,0.1.0b1,35f6a6573ef9,1.1.0a5,0.05655494806721471,0.012193158616191618,144018.82045872696,143546.17333865573,-0.0032818427380932303,False,0.05,0.008715652957559631,False,0.00804194786021628,0.0718118502258105,0.018481839660666455,-0.004522573383282667,False,0.01622607845830669,False
18,0.06,-10%,revenue,0.1,,15,0.1.0b1,35f6a6573ef9,1.1.0a5,0.06056139879535952,0.018573391038089936,142122.89325387756,142506.38634470687,0.0026983203201772304,False,0.05,0.017388325104642145,False,0.016188126889868263,0.05946894610456905,0.016368402899448842,0.002851139173493645,False,0.014517859087099775,False
18,0.06,-20%,volume,0.2,,15,0.1.0b1,35f6a6573ef9,1.1.0a5,0.13853437596236007,0.04239675878196911,141760.28921430692,141132.13304226083,-0.004431115198251818,False,0.05,0.03276595436678055,False,0.03345776952938146,0.14776852173842514,0.04358351827987064,-0.005478671867895299,False,0.038081151042273,False
18,0.06,-20%,revenue,0.2,,15,0.1.0b1,35f6a6573ef9,1.1.0a5,0.09049085837693874,0.017309305595316692,140010.42473998148,140334.52044742784,0.002314796973498623,False,0.05,0.013264727482143468,False,0.01397500265411534,0.08388415811203873,0.016240449570961008,0.0021740043800407374,False,0.00975442786234016,False
18,0.06,+/-10%,volume,0.1,0.1,15,0.1.0b1,35f6a6573ef9,1.1.0a5,0.09299703734350026,0.019201704112728157,144305.09237864043,143288.20961359362,-0.007046755927217239,False,0.05,0.00835237876067159,False,0.007214510311173251,0.0861398085541378,0.023925269958108154,-0.008267538758802873,False,0.015441191905169635,False
18,0.06,+/-10%,revenue,0.1,0.1,15,0.1.0b1,35f6a6573ef9,1.1.0a5,0.057605258819562834,0.01715184972220639,142122.89325387753,142509.3680961348,0.0027193004125444066,False,0.05,0.016016378573654743,False,0.014677890649437175,0.054719520989664386,0.015108734272814247,0.0028891086179034077,False,0.013372941048107554,False
18,0.06,+/-20%,volume,0.2,0.2,15,0.1.0b1,35f6a6573ef9,1.1.0a5,0.11358136541251969,0.03230525795030558,141824.46864331153,141086.3883109705,-0.005204181897534858,False,0.05,0.023384540043015982,False,0.024635574528929925,0.11899036865588793,0.03322984153857533,-0.0063716722966623614,False,0.027276790869599214,False
18,0.06,+/-20%,revenue,0.2,0.2,15,0.1.0b1,35f6a6573ef9,1.1.0a5,0.4395828305523456,0.1285599288422919,144953.87344316219,140092.1756774118,-0.03353961953736057,True,0.05,0.11893967056870916,True,0.12249776603855894,0.4342093491642783,0.13408697291076258,-0.03827652912715878,True,0.12474112859555934,True
