landbase,landbase_seed,discount_rate,flow_policy,period,projected_mcf,realized_mcf,fd_commit
11,42,0.0,NHF,1,3525.4559252400004,3525.4559252400004,35f6a6573ef9
11,42,0.0,NHF,2,1741.3288165899999,120.77876383999998,35f6a6573ef9
11,42,0.0,NHF,3,3873.100786099375,45.61891165,35f6a6573ef9
11,42,0.0,NHF,4,6138.889392325001,8227.558100857605,35f6a6573ef9
11,42,0.0,NHF,5,27051.147055248028,16309.860762762228,35f6a6573ef9
11,42,0.0,NHF,6,9384.299530449047,10780.596664647326,35f6a6573ef9
11,42,0.0,NHF,7,24429.396411993228,9448.637115770376,35f6a6573ef9
11,42,0.0,NHF,8,10767.91637441268,11715.178749246617,35f6a6573ef9
11,42,0.0,NHF,9,5390.177090830534,11202.926564801495,35f6a6573ef9
11,42,0.0,NHF,10,723.4636091299999,8955.55688189395,35f6a6573ef9
11,42,0.0,NHF,11,1011.94135383,11497.967101847451,35f6a6573ef9
11,42,0.0,NHF,12,1510.355255295,7620.399375728142,35f6a6573ef9
11,42,0.0,NHF,13,1128.086924945,7319.488615785188,35f6a6573ef9
11,42,0.0,NHF,14,7637.433240134091,11041.50658248866,35f6a6573ef9
11,42,0.0,NHF,15,70791.72129373833,8537.586198643372,35f6a6573ef9
11,42,0.0,NDY,1,675.598190517068,675.598190517068,35f6a6573ef9
11,42,0.0,NDY,2,11000.533577953092,9136.143623942791,35f6a6573ef9
11,42,0.0,NDY,3,11000.533577953092,9256.18703003938,35f6a6573ef9
11,42,0.0,NDY,4,11000.533577953085,9130.566202609316,35f6a6573ef9
11,42,0.0,NDY,5,11000.533577953094,10797.312478676302,35f6a6573ef9
11,42,0.0,NDY,6,11000.5335779531,10616.86689850206,35f6a6573ef9
11,42,0.0,NDY,7,11000.533577953121,10425.977724496934,35f6a6573ef9
11,42,0.0,NDY,8,11000.533577953103,10184.298354473405,35f6a6573ef9
11,42,0.0,NDY,9,11000.533577953098,10038.16964292963,35f6a6573ef9
11,42,0.0,NDY,10,11000.533577953089,9785.958986287424,35f6a6573ef9
11,42,0.0,NDY,11,11000.533577953101,9473.794744700193,35f6a6573ef9
11,42,0.0,NDY,12,11000.533577953098,9127.784466276158,35f6a6573ef9
11,42,0.0,NDY,13,11000.533577953101,8681.760415424804,35f6a6573ef9
11,42,0.0,NDY,14,11000.53357795309,8100.0715707564705,35f6a6573ef9
11,42,0.0,NDY,15,11000.533577953092,8006.2893489158605,35f6a6573ef9
11,42,0.0,-10%,1,3705.7891123645886,3705.7891123645886,35f6a6573ef9
11,42,0.0,-10%,2,3335.2102011281295,3268.9756601198233,35f6a6573ef9
11,42,0.0,-10%,3,3001.6891810153165,3641.2685884824996,35f6a6573ef9
11,42,0.0,-10%,4,12029.144864821656,13540.727108138188,35f6a6573ef9
11,42,0.0,-10%,5,15137.07097389115,15089.145594553866,35f6a6573ef9
11,42,0.0,-10%,6,13623.363876502039,13697.595733391252,35f6a6573ef9
11,42,0.0,-10%,7,12261.027488851832,12351.431687613847,35f6a6573ef9
11,42,0.0,-10%,8,11034.924739966647,11555.872813322541,35f6a6573ef9
11,42,0.0,-10%,9,9931.432265969985,10539.716503188683,35f6a6573ef9
11,42,0.0,-10%,10,9922.85988586023,7377.592652471937,35f6a6573ef9
11,42,0.0,-10%,11,9512.92086346794,8013.152348081843,35f6a6573ef9
11,42,0.0,-10%,12,15089.895168659941,6920.095508490159,35f6a6573ef9
11,42,0.0,-10%,13,13580.905651793948,7826.667520190245,35f6a6573ef9
11,42,0.0,-10%,14,12222.815086614548,5198.6209619775,35f6a6573ef9
11,42,0.0,-10%,15,11000.533577953096,6431.183268929999,35f6a6573ef9
11,42,0.0,-20%,1,4370.199294917929,4370.199294917929,35f6a6573ef9
11,42,0.0,-20%,2,3496.1594359343435,3496.1594417199994,35f6a6573ef9
11,42,0.0,-20%,3,2796.9275487474747,3688.14699532,35f6a6573ef9
11,42,0.0,-20%,4,10511.590321591682,9232.632620230059,35f6a6573ef9
11,42,0.0,-20%,5,17895.6243672123,19439.76936628336,35f6a6573ef9
11,42,0.0,-20%,6,14316.499493769847,12001.997649259562,35f6a6573ef9
11,42,0.0,-20%,7,11453.199595015878,11079.253710672394,35f6a6573ef9
11,42,0.0,-20%,8,9162.559676012701,12148.527565061586,35f6a6573ef9
11,42,0.0,-20%,9,9979.570614058415,10669.025343229921,35f6a6573ef9
11,42,0.0,-20%,10,9394.616702442623,9155.385075586117,35f6a6573ef9
11,42,0.0,-20%,11,7988.201646748554,7859.261515846054,35f6a6573ef9
11,42,0.0,-20%,12,12500.62410493299,7148.942842230158,35f6a6573ef9
11,42,0.0,-20%,13,17188.333715551707,8232.541841005244,35f6a6573ef9
11,42,0.0,-20%,14,13750.66697244137,5615.977619283785,35f6a6573ef9
11,42,0.0,-20%,15,11000.533577953098,8858.596017942515,35f6a6573ef9
11,42,0.0,+/-10%,1,6257.995383708387,6257.995383708387,35f6a6573ef9
11,42,0.0,+/-10%,2,6883.794922079225,6932.671670941167,35f6a6573ef9
11,42,0.0,+/-10%,3,7572.1744142871485,7840.712556987122,35f6a6573ef9
11,42,0.0,+/-10%,4,8329.391855715867,9548.2307345666,35f6a6573ef9
11,42,0.0,+/-10%,5,9162.331041287453,10998.009825327012,35f6a6573ef9
11,42,0.0,+/-10%,6,10078.564145416198,12116.585965183094,35f6a6573ef9
11,42,0.0,+/-10%,7,11086.420559957822,11251.252888968616,35f6a6573ef9
11,42,0.0,+/-10%,8,12195.062615953604,10651.899476060182,35f6a6573ef9
11,42,0.0,+/-10%,9,12089.015608160566,9840.755331968709,35f6a6573ef9
11,42,0.0,+/-10%,10,10927.109659836991,8904.614829446118,35f6a6573ef9
11,42,0.0,+/-10%,11,12019.82062582069,8250.75851044896,35f6a6573ef9
11,42,0.0,+/-10%,12,13221.802688402757,8027.336885068851,35f6a6573ef9
11,42,0.0,+/-10%,13,13580.90565179395,7656.232486400244,35f6a6573ef9
11,42,0.0,+/-10%,14,12222.815086614555,7657.643383235341,35f6a6573ef9
11,42,0.0,+/-10%,15,11000.533577953101,8648.331495470946,35f6a6573ef9
11,42,0.0,+/-20%,1,5022.81160616933,5022.81160616933,35f6a6573ef9
11,42,0.0,+/-20%,2,6027.373927403195,6047.462056064925,35f6a6573ef9
11,42,0.0,+/-20%,3,7232.848712883836,7984.05027958314,35f6a6573ef9
11,42,0.0,+/-20%,4,8679.418455460604,9752.56880557738,35f6a6573ef9
11,42,0.0,+/-20%,5,10415.302146552724,12503.50295348194,35f6a6573ef9
11,42,0.0,+/-20%,6,12498.362575863268,10921.268563293965,35f6a6573ef9
11,42,0.0,+/-20%,7,13055.197521713295,10521.822692623717,35f6a6573ef9
11,42,0.0,+/-20%,8,10444.158017370637,12134.416200863594,35f6a6573ef9
11,42,0.0,+/-20%,9,10514.13494904458,10739.585051714921,35f6a6573ef9
11,42,0.0,+/-20%,10,8922.941428088709,9719.494575570834,35f6a6573ef9
11,42,0.0,+/-20%,11,10707.529713706446,7615.209103601433,35f6a6573ef9
11,42,0.0,+/-20%,12,12849.035656447735,7806.948420150158,35f6a6573ef9
11,42,0.0,+/-20%,13,15418.842787737283,8294.218458310244,35f6a6573ef9
11,42,0.0,+/-20%,14,13750.666972441373,6733.169607489406,35f6a6573ef9
11,42,0.0,+/-20%,15,11000.533577953098,8796.147422024997,35f6a6573ef9
11,42,0.02,NHF,1,30353.265996747996,30353.265996747996,35f6a6573ef9
11,42,0.02,NHF,2,3684.7700164255016,5013.426619293654,35f6a6573ef9
11,42,0.02,NHF,3,7022.099818131335,5654.27515291465,35f6a6573ef9
11,42,0.02,NHF,4,4078.772670014534,5310.2477472051905,35f6a6573ef9
11,42,0.02,NHF,5,17741.945341022816,16054.98163798452,35f6a6573ef9
11,42,0.02,NHF,6,4982.690370259982,4982.690370259982,35f6a6573ef9
11,42,0.02,NHF,7,10997.206673331286,10997.206673331284,35f6a6573ef9
11,42,0.02,NHF,8,10177.980815666433,10177.980815666433,35f6a6573ef9
11,42,0.02,NHF,9,9596.135164692965,9676.780625469672,35f6a6573ef9
11,42,0.02,NHF,10,2889.4687147227755,3487.4524947502764,35f6a6573ef9
11,42,0.02,NHF,11,4689.768943398363,7983.993382502796,35f6a6573ef9
11,42,0.02,NHF,12,6247.916029798727,4359.931869353595,35f6a6573ef9
11,42,0.02,NHF,13,16214.906885701697,16315.756986024717,35f6a6573ef9
11,42,0.02,NHF,14,6055.67968973363,3022.8867291205215,35f6a6573ef9
11,42,0.02,NHF,15,13201.138636588881,10488.472993886748,35f6a6573ef9
11,42,0.02,NDY,1,10224.34563334854,10224.34563334854,35f6a6573ef9
11,42,0.02,NDY,2,10224.34563334854,10124.223515788892,35f6a6573ef9
11,42,0.02,NDY,3,10224.345633348537,10040.80083005779,35f6a6573ef9
11,42,0.02,NDY,4,10224.345633348534,9964.057695319794,35f6a6573ef9
11,42,0.02,NDY,5,10224.345633348545,9879.086281666827,35f6a6573ef9
11,42,0.02,NDY,6,10224.345633348508,9809.234528619807,35f6a6573ef9
11,42,0.02,NDY,7,10224.34563334854,9736.851485821106,35f6a6573ef9
11,42,0.02,NDY,8,10224.34563334854,9671.06236943632,35f6a6573ef9
11,42,0.02,NDY,9,10224.345633348537,9602.443065749587,35f6a6573ef9
11,42,0.02,NDY,10,10224.34563334854,9544.446900680005,35f6a6573ef9
11,42,0.02,NDY,11,10224.345633348541,9487.498998556579,35f6a6573ef9
11,42,0.02,NDY,12,10224.345633348536,9422.594450262446,35f6a6573ef9
11,42,0.02,NDY,13,10224.345633348537,9363.304750798674,35f6a6573ef9
11,42,0.02,NDY,14,10224.345633348541,9308.441211654268,35f6a6573ef9
11,42,0.02,NDY,15,10224.345633348541,9258.651858233901,35f6a6573ef9
11,42,0.02,-10%,1,15271.8924816054,15271.8924816054,35f6a6573ef9
11,42,0.02,-10%,2,13744.70323344486,13749.876738333744,35f6a6573ef9
11,42,0.02,-10%,3,12370.232910100369,12337.87298855328,35f6a6573ef9
11,42,0.02,-10%,4,11133.209619090336,11101.7482055566,35f6a6573ef9
11,42,0.02,-10%,5,10019.888657181304,9974.30062183031,35f6a6573ef9
11,42,0.02,-10%,6,9017.899791463173,8976.870562678498,35f6a6573ef9
11,42,0.02,-10%,7,8759.084795916648,8759.084794936678,35f6a6573ef9
11,42,0.02,-10%,8,7883.176316324983,7883.176314185469,35f6a6573ef9
11,42,0.02,-10%,9,7094.8586846924845,7094.858687847332,35f6a6573ef9
11,42,0.02,-10%,10,6385.3728162232355,7493.491024267381,35f6a6573ef9
11,42,0.02,-10%,11,8375.870692497774,7419.438518627856,35f6a6573ef9
11,42,0.02,-10%,12,9930.542458750673,9205.031095133609,35f6a6573ef9
11,42,0.02,-10%,13,8937.488212875609,9235.939608214885,35f6a6573ef9
11,42,0.02,-10%,14,8043.739391588048,8312.345649744766,35f6a6573ef9
11,42,0.02,-10%,15,8728.827921974625,8258.96559026202,35f6a6573ef9
11,42,0.02,-20%,1,18530.170323967344,18530.170323967344,35f6a6573ef9
11,42,0.02,-20%,2,14824.136259173887,14395.895832753935,35f6a6573ef9
11,42,0.02,-20%,3,11859.309007339101,10531.652291435425,35f6a6573ef9
11,42,0.02,-20%,4,9487.447205871287,10363.801829385773,35f6a6573ef9
11,42,0.02,-20%,5,7645.207632992585,8525.263327044264,35f6a6573ef9
11,42,0.02,-20%,6,6116.166106394071,6820.210658939982,35f6a6573ef9
11,42,0.02,-20%,7,9348.75496683174,9348.754967208237,35f6a6573ef9
11,42,0.02,-20%,8,9082.676737216201,8744.01802200821,35f6a6573ef9
11,42,0.02,-20%,9,7266.141389772968,6995.2144153425725,35f6a6573ef9
11,42,0.02,-20%,10,8204.440501705822,8379.717770231451,35f6a6573ef9
11,42,0.02,-20%,11,9099.385923954269,8410.220188181393,35f6a6573ef9
11,42,0.02,-20%,12,8088.935294689231,8257.439590857233,35f6a6573ef9
11,42,0.02,-20%,13,8142.343667311492,8719.627095315775,35f6a6573ef9
11,42,0.02,-20%,14,6513.874933849192,6975.70167386751,35f6a6573ef9
11,42,0.02,-20%,15,10703.782485603602,9244.87555097811,35f6a6573ef9
11,42,0.02,+/-10%,1,15267.333926440879,15267.333926440879,35f6a6573ef9
11,42,0.02,+/-10%,2,13740.60053379679,13745.882326092367,35f6a6573ef9
11,42,0.02,+/-10%,3,12366.54048041711,12340.289584991484,35f6a6573ef9
11,42,0.02,+/-10%,4,11129.886432375404,11104.32267241019,35f6a6573ef9
11,42,0.02,+/-10%,5,10016.897789137864,9965.2217467402,35f6a6573ef9
11,42,0.02,+/-10%,6,9015.208010224076,8968.69957039989,35f6a6573ef9
11,42,0.02,+/-10%,7,8736.813706315208,8729.525593332226,35f6a6573ef9
11,42,0.02,+/-10%,8,7863.1323356836865,7856.573033014588,35f6a6573ef9
11,42,0.02,+/-10%,9,7076.819102115319,7136.364628876635,35f6a6573ef9
11,42,0.02,+/-10%,10,7235.081428388144,7850.001094212019,35f6a6573ef9
11,42,0.02,+/-10%,11,7958.589571226957,7658.088233425173,35f6a6573ef9
11,42,0.02,+/-10%,12,8754.448528349654,8423.897056116606,35f6a6573ef9
11,42,0.02,+/-10%,13,9338.284677423399,9232.740488903226,35f6a6573ef9
11,42,0.02,+/-10%,14,8404.45620968106,8309.466441699407,35f6a6573ef9
11,42,0.02,+/-10%,15,8821.04310554575,8306.906777310469,35f6a6573ef9
11,42,0.02,+/-20%,1,18304.31959536568,18304.31959536568,35f6a6573ef9
11,42,0.02,+/-20%,2,14643.455676292544,14379.083313355217,35f6a6573ef9
11,42,0.02,+/-20%,3,11714.764541034036,10879.85945557831,35f6a6573ef9
11,42,0.02,+/-20%,4,9371.811632827232,10084.609661956194,35f6a6573ef9
11,42,0.02,+/-20%,5,8031.704424811675,8718.944382740483,35f6a6573ef9
11,42,0.02,+/-20%,6,6972.280862914339,6975.1555051349815,35f6a6573ef9
11,42,0.02,+/-20%,7,8366.73703549721,8366.737033861406,35f6a6573ef9
11,42,0.02,+/-20%,8,10040.084442596652,9835.960592136838,35f6a6573ef9
11,42,0.02,+/-20%,9,8032.067554077323,7868.768475724602,35f6a6573ef9
11,42,0.02,+/-20%,10,6997.790164384159,7301.4334154911985,35f6a6573ef9
11,42,0.02,+/-20%,11,8397.348197260992,8286.204377008016,35f6a6573ef9
11,42,0.02,+/-20%,12,8786.017487368686,7957.874105101164,35f6a6573ef9
11,42,0.02,+/-20%,13,7121.771194798571,8824.27201489234,35f6a6573ef9
11,42,0.02,+/-20%,14,8322.039785393588,7290.38367068097,35f6a6573ef9
11,42,0.02,+/-20%,15,9986.447742472308,8802.471901454259,35f6a6573ef9
11,42,0.04,NHF,1,34221.64093836575,34221.64093836575,35f6a6573ef9
11,42,0.04,NHF,2,6014.948217446189,6014.948217446189,35f6a6573ef9
11,42,0.04,NHF,3,6122.261781292247,6122.261781292247,35f6a6573ef9
11,42,0.04,NHF,4,5260.5527153018475,5260.5527153018475,35f6a6573ef9
11,42,0.04,NHF,5,5992.467902773608,5992.467902773608,35f6a6573ef9
11,42,0.04,NHF,6,4982.690370259982,4982.690370259982,35f6a6573ef9
11,42,0.04,NHF,7,11446.675743721527,11446.675743721527,35f6a6573ef9
11,42,0.04,NHF,8,11085.673060655372,11085.67306065537,35f6a6573ef9
11,42,0.04,NHF,9,12745.276400980654,12745.276400980654,35f6a6573ef9
11,42,0.04,NHF,10,5279.726070304441,5279.726070304441,35f6a6573ef9
11,42,0.04,NHF,11,6684.448904209863,6684.448904209863,35f6a6573ef9
11,42,0.04,NHF,12,4828.655707244149,4828.655707244149,35f6a6573ef9
11,42,0.04,NHF,13,11378.11603037301,11378.11603037301,35f6a6573ef9
11,42,0.04,NHF,14,3424.2111464448576,3424.2111464448576,35f6a6573ef9
11,42,0.04,NHF,15,11695.885031845239,11695.885031845239,35f6a6573ef9
11,42,0.04,NDY,1,10178.024820584855,10178.024820584855,35f6a6573ef9
11,42,0.04,NDY,2,10178.024820584847,10077.181980648842,35f6a6573ef9
11,42,0.04,NDY,3,10178.02482058485,9980.511743440788,35f6a6573ef9
11,42,0.04,NDY,4,10178.024820584853,9897.370149675535,35f6a6573ef9
11,42,0.04,NDY,5,10178.024820584853,9794.478851698139,35f6a6573ef9
11,42,0.04,NDY,6,10178.02482058485,9704.106872392353,35f6a6573ef9
11,42,0.04,NDY,7,10178.024820584855,9620.903447713446,35f6a6573ef9
11,42,0.04,NDY,8,10178.024820584853,9537.549301538142,35f6a6573ef9
11,42,0.04,NDY,9,10178.024820584851,9459.87833765408,35f6a6573ef9
11,42,0.04,NDY,10,10178.024820584853,9377.957978352379,35f6a6573ef9
11,42,0.04,NDY,11,10178.024820584851,9298.773186697124,35f6a6573ef9
11,42,0.04,NDY,12,10178.02482058485,9228.763656715184,35f6a6573ef9
11,42,0.04,NDY,13,10178.024820584853,9161.697682712498,35f6a6573ef9
11,42,0.04,NDY,14,10178.024820584853,9101.160467513337,35f6a6573ef9
11,42,0.04,NDY,15,10178.02482058485,9043.924935203479,35f6a6573ef9
11,42,0.04,-10%,1,15279.404434504428,15279.404434504428,35f6a6573ef9
11,42,0.04,-10%,2,13751.46399105398,13742.020622254055,35f6a6573ef9
11,42,0.04,-10%,3,12376.317591948582,12350.947345095105,35f6a6573ef9
11,42,0.04,-10%,4,11138.685832753727,11113.020409161814,35f6a6573ef9
11,42,0.04,-10%,5,10024.817249478354,10002.312285714645,35f6a6573ef9
11,42,0.04,-10%,6,9022.33552453052,9002.081053372283,35f6a6573ef9
11,42,0.04,-10%,7,8120.101972077466,8120.1019703484635,35f6a6573ef9
11,42,0.04,-10%,8,7963.966127254871,7997.642560070227,35f6a6573ef9
11,42,0.04,-10%,9,7167.569514529384,7197.87830606129,35f6a6573ef9
11,42,0.04,-10%,10,6885.429757429386,7553.171849291294,35f6a6573ef9
11,42,0.04,-10%,11,9117.21992929175,8371.298560044728,35f6a6573ef9
11,42,0.04,-10%,12,9292.126742960603,9393.18615847799,35f6a6573ef9
11,42,0.04,-10%,13,8643.412014563248,8490.83688284206,35f6a6573ef9
11,42,0.04,-10%,14,7779.070813106922,7641.753195647851,35f6a6573ef9
11,42,0.04,-10%,15,8354.725855556206,8260.642371079482,35f6a6573ef9
11,42,0.04,-20%,1,18572.969742340185,18572.969742340185,35f6a6573ef9
11,42,0.04,-20%,2,14858.375793872148,14856.14269556666,35f6a6573ef9
11,42,0.04,-20%,3,11886.700635097719,11884.914156086194,35f6a6573ef9
11,42,0.04,-20%,4,9509.360508078176,9507.931326204427,35f6a6573ef9
11,42,0.04,-20%,5,7607.4884064625385,7606.345058890128,35f6a6573ef9
11,42,0.04,-20%,6,6085.990725170031,6085.076049009986,35f6a6573ef9
11,42,0.04,-20%,7,8631.597043593425,8631.597043593425,35f6a6573ef9
11,42,0.04,-20%,8,8544.917303690932,8352.362003724382,35f6a6573ef9
11,42,0.04,-20%,9,8508.093802457563,8785.280477584876,35f6a6573ef9
11,42,0.04,-20%,10,8428.246717613245,8514.451174868938,35f6a6573ef9
11,42,0.04,-20%,11,9211.925614689653,9045.944699914722,35f6a6573ef9
11,42,0.04,-20%,12,8318.655365303059,8313.800447661539,35f6a6573ef9
11,42,0.04,-20%,13,7733.439458068976,7638.88171902409,35f6a6573ef9
11,42,0.04,-20%,14,6186.751566455179,6111.105377940647,35f6a6573ef9
11,42,0.04,-20%,15,8000.59893029575,8193.1542302623,35f6a6573ef9
11,42,0.04,+/-10%,1,15278.501177075374,15278.501177075374,35f6a6573ef9
11,42,0.04,+/-10%,2,13750.651059367836,13742.063593696801,35f6a6573ef9
11,42,0.04,+/-10%,3,12375.585953431048,12353.660076985641,35f6a6573ef9
11,42,0.04,+/-10%,4,11138.02735808795,11118.294068665975,35f6a6573ef9
11,42,0.04,+/-10%,5,10024.224622279155,10006.464661425927,35f6a6573ef9
11,42,0.04,+/-10%,6,9021.802160051238,9005.81819498446,35f6a6573ef9
11,42,0.04,+/-10%,7,8119.621944046112,8119.621939280372,35f6a6573ef9
11,42,0.04,+/-10%,8,7816.524037072012,7909.316524937899,35f6a6573ef9
11,42,0.04,+/-10%,9,7034.871633364811,7118.384871391742,35f6a6573ef9
11,42,0.04,+/-10%,10,7726.948746060672,7734.764950926754,35f6a6573ef9
11,42,0.04,+/-10%,11,8499.643620666739,8493.920829292421,35f6a6573ef9
11,42,0.04,+/-10%,12,9337.088692024116,9343.312914835737,35f6a6573ef9
11,42,0.04,+/-10%,13,8576.005711485985,8408.981622825217,35f6a6573ef9
11,42,0.04,+/-10%,14,7729.679976154922,7568.08346432637,35f6a6573ef9
11,42,0.04,+/-10%,15,8502.647973770416,7934.147300484168,35f6a6573ef9
11,42,0.04,+/-20%,1,18565.572159766463,18565.572159766463,35f6a6573ef9
11,42,0.04,+/-20%,2,14852.457727813173,14850.248963823055,35f6a6573ef9
11,42,0.04,+/-20%,3,11881.966182250539,11880.263716355703,35f6a6573ef9
11,42,0.04,+/-20%,4,9505.572945800432,9473.981487166995,35f6a6573ef9
11,42,0.04,+/-20%,5,7604.4583566403435,7579.349557446891,35f6a6573ef9
11,42,0.04,+/-20%,6,6083.566685312275,6155.1871449391165,35f6a6573ef9
11,42,0.04,+/-20%,7,7300.280022374731,7871.698776192319,35f6a6573ef9
11,42,0.04,+/-20%,8,8760.33602684968,8263.239866634705,35f6a6573ef9
11,42,0.04,+/-20%,9,10512.403232219613,10259.817007864012,35f6a6573ef9
11,42,0.04,+/-20%,10,8672.898798099222,9078.64066063511,35f6a6573ef9
11,42,0.04,+/-20%,11,8738.243191447571,8260.01692168823,35f6a6573ef9
11,42,0.04,+/-20%,12,7894.980498264647,7863.606239692404,35f6a6573ef9
11,42,0.04,+/-20%,13,6315.984398611718,6397.648817079526,35f6a6573ef9
11,42,0.04,+/-20%,14,6959.11745482627,6671.055719216444,35f6a6573ef9
11,42,0.04,+/-20%,15,8350.940945791526,8727.066341553835,35f6a6573ef9
11,42,0.06,NHF,1,34221.64093836575,34221.64093836575,35f6a6573ef9
11,42,0.06,NHF,2,6014.948217446189,6014.948217446189,35f6a6573ef9
11,42,0.06,NHF,3,6122.261781292247,6122.261781292247,35f6a6573ef9
11,42,0.06,NHF,4,5260.5527153018475,5260.5527153018475,35f6a6573ef9
11,42,0.06,NHF,5,5992.467902773608,5992.467902773608,35f6a6573ef9
11,42,0.06,NHF,6,4982.690370259982,4982.690370259982,35f6a6573ef9
11,42,0.06,NHF,7,11446.675743721527,11446.675743721527,35f6a6573ef9
11,42,0.06,NHF,8,11085.673060655372,11085.67306065537,35f6a6573ef9
11,42,0.06,NHF,9,12745.276400980654,12745.276400980654,35f6a6573ef9
11,42,0.06,NHF,10,5279.726070304441,5279.726070304441,35f6a6573ef9
11,42,0.06,NHF,11,6684.448904209863,6684.448904209863,35f6a6573ef9
11,42,0.06,NHF,12,4828.655707244149,4828.655707244149,35f6a6573ef9
11,42,0.06,NHF,13,11378.11603037301,11378.11603037301,35f6a6573ef9
11,42,0.06,NHF,14,3424.2111464448576,3424.2111464448576,35f6a6573ef9
11,42,0.06,NHF,15,11695.885031845239,11695.885031845239,35f6a6573ef9
11,42,0.06,NDY,1,10082.694707278528,10082.694707278528,35f6a6573ef9
11,42,0.06,NDY,2,10082.694707278531,9978.994146559167,35f6a6573ef9
11,42,0.06,NDY,3,10082.694707278531,9876.705703890477,35f6a6573ef9
11,42,0.06,NDY,4,10082.694707278528,9789.266126644543,35f6a6573ef9
11,42,0.06,NDY,5,10082.694707278526,9674.853338820065,35f6a6573ef9
11,42,0.06,NDY,6,10082.694707278528,9591.003288319547,35f6a6573ef9
11,42,0.06,NDY,7,10082.694707278528,9491.280830041826,35f6a6573ef9
11,42,0.06,NDY,8,10082.69470727853,9402.24664599834,35f6a6573ef9
11,42,0.06,NDY,9,10082.69470727853,9326.34338181639,35f6a6573ef9
11,42,0.06,NDY,10,10082.694707278528,9246.999396473157,35f6a6573ef9
11,42,0.06,NDY,11,10082.69470727853,9179.612316468885,35f6a6573ef9
11,42,0.06,NDY,12,10082.69470727853,9111.282517367954,35f6a6573ef9
11,42,0.06,NDY,13,10082.694707278533,9043.982617876783,35f6a6573ef9
11,42,0.06,NDY,14,10082.694707278531,8982.06927905329,35f6a6573ef9
11,42,0.06,NDY,15,10082.69470727853,8916.771488938526,35f6a6573ef9
11,42,0.06,-10%,1,15250.916564358213,15250.916564358213,35f6a6573ef9
11,42,0.06,-10%,2,13725.824907922392,13687.877670481874,35f6a6573ef9
11,42,0.06,-10%,3,12353.24241713015,12286.675260276552,35f6a6573ef9
11,42,0.06,-10%,4,11117.918175417137,11041.852825555847,35f6a6573ef9
11,42,0.06,-10%,5,10006.126357875424,9936.968016592851,35f6a6573ef9
11,42,0.06,-10%,6,9005.51372208788,8943.271215957644,35f6a6573ef9
11,42,0.06,-10%,7,8104.962349879093,8104.962347873006,35f6a6573ef9
11,42,0.06,-10%,8,7454.926494382865,7294.466111466937,35f6a6573ef9
11,42,0.06,-10%,9,6709.433844944578,6982.366759040428,35f6a6573ef9
11,42,0.06,-10%,10,9353.713652292483,9560.433408498073,35f6a6573ef9
11,42,0.06,-10%,11,8418.342287063237,8917.651069907835,35f6a6573ef9
11,42,0.06,-10%,12,8326.531106480554,8025.885960577543,35f6a6573ef9
11,42,0.06,-10%,13,8536.431085610995,7998.9178602189795,35f6a6573ef9
11,42,0.06,-10%,14,7682.787977049895,7199.026075115089,35f6a6573ef9
11,42,0.06,-10%,15,7906.888645623954,7666.193787180355,35f6a6573ef9
11,42,0.06,-20%,1,18541.48080348613,18541.48080348613,35f6a6573ef9
11,42,0.06,-20%,2,14833.184642788901,14787.277413547154,35f6a6573ef9
11,42,0.06,-20%,3,11866.547714231125,11809.107288397092,35f6a6573ef9
11,42,0.06,-20%,4,9493.238171384897,9447.28583077709,35f6a6573ef9
11,42,0.06,-20%,5,7594.590537107917,7557.828665155966,35f6a6573ef9
11,42,0.06,-20%,6,6075.672429686334,6046.262934955261,35f6a6573ef9
11,42,0.06,-20%,7,7871.698776192319,7871.698776192319,35f6a6573ef9
11,42,0.06,-20%,8,9110.873219796253,8956.539005876148,35f6a6573ef9
11,42,0.06,-20%,9,8663.528024470876,9352.393223146903,35f6a6573ef9
11,42,0.06,-20%,10,9840.465712074032,8599.960514639226,35f6a6573ef9
11,42,0.06,-20%,11,7872.372569659228,8727.181620489857,35f6a6573ef9
11,42,0.06,-20%,12,8442.925441549829,8467.404791877598,35f6a6573ef9
11,42,0.06,-20%,13,7233.765836240941,7052.750296096762,35f6a6573ef9
11,42,0.06,-20%,14,5787.01266899275,5642.200233471403,35f6a6573ef9
11,42,0.06,-20%,15,8775.5970265143,8929.931240434407,35f6a6573ef9
11,42,0.06,+/-10%,1,15245.16207428585,15245.16207428585,35f6a6573ef9
11,42,0.06,+/-10%,2,13720.645866857261,13680.327675719705,35f6a6573ef9
11,42,0.06,+/-10%,3,12348.581280171535,12285.204591863276,35f6a6573ef9
11,42,0.06,+/-10%,4,11113.723152154385,11038.519483270276,35f6a6573ef9
11,42,0.06,+/-10%,5,10002.350836938946,9931.549006898525,35f6a6573ef9
11,42,0.06,+/-10%,6,9002.11575324505,8938.39410640153,35f6a6573ef9
11,42,0.06,+/-10%,7,8101.904177920545,8101.904176029426,35f6a6573ef9
11,42,0.06,+/-10%,8,7291.713760128491,7291.71376096322,35f6a6573ef9
11,42,0.06,+/-10%,9,7678.242391296562,7803.107035098942,35f6a6573ef9
11,42,0.06,+/-10%,10,8446.066630426218,8442.658777990233,35f6a6573ef9
11,42,0.06,+/-10%,11,8027.892107817447,8531.307111526594,35f6a6573ef9
11,42,0.06,+/-10%,12,8830.68131859919,8382.825335750864,35f6a6573ef9
11,42,0.06,+/-10%,13,8502.989695085524,8281.537063913962,35f6a6573ef9
11,42,0.06,+/-10%,14,7652.690725576969,7453.38335356835,35f6a6573ef9
11,42,0.06,+/-10%,15,8334.553770979428,8024.748123444246,35f6a6573ef9
11,42,0.06,+/-20%,1,18528.609324596484,18528.609324596484,35f6a6573ef9
11,42,0.06,+/-20%,2,14822.887459677186,14794.658645100684,35f6a6573ef9
11,42,0.06,+/-20%,3,11858.30996774175,11817.963552587034,35f6a6573ef9
11,42,0.06,+/-20%,4,9486.6479741934,9454.370841805612,35f6a6573ef9
11,42,0.06,+/-20%,5,7589.318379354718,7460.173142488642,35f6a6573ef9
11,42,0.06,+/-20%,6,6071.454703483774,6176.615219092754,35f6a6573ef9
11,42,0.06,+/-20%,7,7285.74564418053,7532.993098530547,35f6a6573ef9
11,42,0.06,+/-20%,8,8742.894773016638,8744.656376510373,35f6a6573ef9
11,42,0.06,+/-20%,9,10491.473727619963,10020.299096091327,35f6a6573ef9
11,42,0.06,+/-20%,10,9490.102742060615,9490.677979211272,35f6a6573ef9
11,42,0.06,+/-20%,11,7592.082193648495,7592.542384091333,35f6a6573ef9
11,42,0.06,+/-20%,12,8427.764043500465,8403.012242492247,35f6a6573ef9
11,42,0.06,+/-20%,13,6742.211234800371,6315.289438615699,35f6a6573ef9
11,42,0.06,+/-20%,14,5785.691485626323,6473.077685321788,35f6a6573ef9
11,42,0.06,+/-20%,15,6942.829782751589,8926.250536981315,35f6a6573ef9
11,1042,0.0,NHF,1,1985.3914102566669,1985.3914102566669,35f6a6573ef9
11,1042,0.0,NHF,2,2073.816965845,597.405452,35f6a6573ef9
11,1042,0.0,NHF,3,7172.150285372158,371.53096565,35f6a6573ef9
11,1042,0.0,NHF,4,5735.18153078,10997.127748135665,35f6a6573ef9
11,1042,0.0,NHF,5,28307.642136527706,15930.265328828209,35f6a6573ef9
11,1042,0.0,NHF,6,9465.540879414404,7299.033395023879,35f6a6573ef9
11,1042,0.0,NHF,7,22732.718808780504,9297.96809891888,35f6a6573ef9
11,1042,0.0,NHF,8,7562.116744804739,10283.986576812014,35f6a6573ef9
11,1042,0.0,NHF,9,5538.015282270915,12203.535723935765,35f6a6573ef9
11,1042,0.0,NHF,10,1183.6073213599998,9183.51908550453,35f6a6573ef9
11,1042,0.0,NHF,11,645.4155853899999,12163.175457560135,35f6a6573ef9
11,1042,0.0,NHF,12,1102.61853745,8616.65012846076,35f6a6573ef9
11,1042,0.0,NHF,13,2211.154477875,8515.498058448096,35f6a6573ef9
11,1042,0.0,NHF,14,5024.3663222402265,8045.072748731693,35f6a6573ef9
11,1042,0.0,NHF,15,73290.11187469229,6656.444866786873,35f6a6573ef9
11,1042,0.0,NDY,1,2752.0998347248765,2752.0998347248765,35f6a6573ef9
11,1042,0.0,NDY,2,10767.847309837329,9138.881046661101,35f6a6573ef9
11,1042,0.0,NDY,3,10767.847309837323,9047.038216044231,35f6a6573ef9
11,1042,0.0,NDY,4,10767.847309837329,9102.308857347662,35f6a6573ef9
11,1042,0.0,NDY,5,10767.847309837272,10549.654724941925,35f6a6573ef9
11,1042,0.0,NDY,6,10767.847309837282,10361.52210841015,35f6a6573ef9
11,1042,0.0,NDY,7,10767.847309837282,10168.165110795704,35f6a6573ef9
11,1042,0.0,NDY,8,10767.84730983728,9933.871130740741,35f6a6573ef9
11,1042,0.0,NDY,9,10767.84730983728,9660.013397068602,35f6a6573ef9
11,1042,0.0,NDY,10,10767.847309837282,9510.780690671434,35f6a6573ef9
11,1042,0.0,NDY,11,10767.847309837282,9186.104420124344,35f6a6573ef9
11,1042,0.0,NDY,12,10767.847309837282,9010.0554486571,35f6a6573ef9
11,1042,0.0,NDY,13,10767.847309837267,8782.331663783767,35f6a6573ef9
11,1042,0.0,NDY,14,10767.847309837276,7262.792997169376,35f6a6573ef9
11,1042,0.0,NDY,15,10767.847309837276,8948.785954559897,35f6a6573ef9
11,1042,0.0,-10%,1,2485.5410341053207,2485.5410341053207,35f6a6573ef9
11,1042,0.0,-10%,2,3710.298025714678,3710.2980213899996,35f6a6573ef9
11,1042,0.0,-10%,3,3526.0543088267113,5426.348790465,35f6a6573ef9
11,1042,0.0,-10%,4,15595.781592652569,14622.413700715526,35f6a6573ef9
11,1042,0.0,-10%,5,14036.20343338731,14261.649565430494,35f6a6573ef9
11,1042,0.0,-10%,6,12632.583090048583,12982.467578105523,35f6a6573ef9
11,1042,0.0,-10%,7,11369.324781043722,12001.928283760619,35f6a6573ef9
11,1042,0.0,-10%,8,10232.392302939352,9822.62981198151,35f6a6573ef9
11,1042,0.0,-10%,9,9209.153072645418,8825.449112239663,35f6a6573ef9
11,1042,0.0,-10%,10,8288.237765380874,8485.807479878395,35f6a6573ef9
11,1042,0.0,-10%,11,12181.055992736057,9275.871163192716,35f6a6573ef9
11,1042,0.0,-10%,12,14770.709615688993,7251.096103060068,35f6a6573ef9
11,1042,0.0,-10%,13,13293.638654120094,7129.881291259834,35f6a6573ef9
11,1042,0.0,-10%,14,11964.274788708088,5705.8686126025,35f6a6573ef9
11,1042,0.0,-10%,15,10767.847309837278,8003.902492288438,35f6a6573ef9
11,1042,0.0,-20%,1,2351.3252817899993,2351.3252817899993,35f6a6573ef9
11,1042,0.0,-20%,2,3809.6910868962027,3705.0538171700005,35f6a6573ef9
11,1042,0.0,-20%,3,3047.752869516964,7130.4434177175,35f6a6573ef9
11,1042,0.0,-20%,4,13398.876380469288,10600.4016413675,35f6a6573ef9
11,1042,0.0,-20%,5,17357.841371053153,18365.94101294034,35f6a6573ef9
11,1042,0.0,-20%,6,13886.273096842531,13341.79139753232,35f6a6573ef9
11,1042,0.0,-20%,7,11109.018477474023,8454.339629537788,35f6a6573ef9
11,1042,0.0,-20%,8,8918.470760104845,10308.40382477235,35f6a6573ef9
11,1042,0.0,-20%,9,8499.618113709663,10046.719465145745,35f6a6573ef9
11,1042,0.0,-20%,10,6799.6944909677295,6926.059663308477,35f6a6573ef9
11,1042,0.0,-20%,11,10102.644114019342,10721.676169941702,35f6a6573ef9
11,1042,0.0,-20%,12,13793.46769555578,8380.059760973194,35f6a6573ef9
11,1042,0.0,-20%,13,16824.761421620744,7099.653147429336,35f6a6573ef9
11,1042,0.0,-20%,14,13459.809137296594,7798.680337024732,35f6a6573ef9
11,1042,0.0,-20%,15,10767.847309837278,6719.035586563964,35f6a6573ef9
11,1042,0.0,+/-10%,1,6356.757458502951,6356.757458502951,35f6a6573ef9
11,1042,0.0,+/-10%,2,6992.433204353245,7123.457495638288,35f6a6573ef9
11,1042,0.0,+/-10%,3,7691.6765247885705,8163.503106873491,35f6a6573ef9
11,1042,0.0,+/-10%,4,8460.844177267427,9621.850643627035,35f6a6573ef9
11,1042,0.0,+/-10%,5,9306.92859499417,12372.339588089295,35f6a6573ef9
11,1042,0.0,+/-10%,6,10237.621454493592,10033.33144615907,35f6a6573ef9
11,1042,0.0,+/-10%,7,11261.383599942947,11209.554545236071,35f6a6573ef9
11,1042,0.0,+/-10%,8,10997.380288226861,10240.569832903553,35f6a6573ef9
11,1042,0.0,+/-10%,9,10325.900166900881,9214.020277409605,35f6a6573ef9
11,1042,0.0,+/-10%,10,11358.49018359097,8419.818936625059,35f6a6573ef9
11,1042,0.0,+/-10%,11,12494.339201950066,9345.426191854953,35f6a6573ef9
11,1042,0.0,+/-10%,12,13743.773122145076,7449.726532974757,35f6a6573ef9
11,1042,0.0,+/-10%,13,13293.638654120085,8817.933020921044,35f6a6573ef9
11,1042,0.0,+/-10%,14,11964.274788708084,8346.552346686,35f6a6573ef9
11,1042,0.0,+/-10%,15,10767.847309837276,8914.123814497541,35f6a6573ef9
11,1042,0.0,+/-20%,1,5258.768721944797,5258.768721944797,35f6a6573ef9
11,1042,0.0,+/-20%,2,6310.522466333756,6407.1791395856835,35f6a6573ef9
11,1042,0.0,+/-20%,3,7572.626959600508,8549.66096496899,35f6a6573ef9
11,1042,0.0,+/-20%,4,9087.15235152061,9813.535918462747,35f6a6573ef9
11,1042,0.0,+/-20%,5,10904.582821824732,13977.830714393369,35f6a6573ef9
11,1042,0.0,+/-20%,6,13085.49938618968,10246.088955336905,35f6a6573ef9
11,1042,0.0,+/-20%,7,10468.399508951743,10725.91357390818,35f6a6573ef9
11,1042,0.0,+/-20%,8,9628.596341013672,9300.270644004275,35f6a6573ef9
11,1042,0.0,+/-20%,9,8093.362069992815,10089.32913341606,35f6a6573ef9
11,1042,0.0,+/-20%,10,9474.021446400495,8009.914625342328,35f6a6573ef9
11,1042,0.0,+/-20%,11,11368.825735680595,7829.497865913235,35f6a6573ef9
11,1042,0.0,+/-20%,12,13642.59088281671,8625.623565949461,35f6a6573ef9
11,1042,0.0,+/-20%,13,16371.109059380053,8910.820390611043,35f6a6573ef9
11,1042,0.0,+/-20%,14,13459.809137296596,8539.481768439442,35f6a6573ef9
11,1042,0.0,+/-20%,15,10767.847309837278,8832.477456120489,35f6a6573ef9
11,1042,0.02,NHF,1,31400.335593817977,31400.335593817977,35f6a6573ef9
11,1042,0.02,NHF,2,4555.838637664391,5414.287107850573,35f6a6573ef9
11,1042,0.02,NHF,3,4975.3586121209855,4138.551381853304,35f6a6573ef9
11,1042,0.02,NHF,4,5274.35749980963,7450.856569089581,35f6a6573ef9
11,1042,0.02,NHF,5,16371.877174898522,13614.859772556136,35f6a6573ef9
11,1042,0.02,NHF,6,5679.9777039148785,5679.9777039148785,35f6a6573ef9
11,1042,0.02,NHF,7,9866.673587591235,9866.673587591235,35f6a6573ef9
11,1042,0.02,NHF,8,8802.852712143462,8802.852712143462,35f6a6573ef9
11,1042,0.02,NHF,9,10772.325351866744,10747.641047419065,35f6a6573ef9
11,1042,0.02,NHF,10,3549.457643875023,4485.952341249784,35f6a6573ef9
11,1042,0.02,NHF,11,3474.9167494433595,6159.080548503713,35f6a6573ef9
11,1042,0.02,NHF,12,6488.661093138183,5256.554452178308,35f6a6573ef9
11,1042,0.02,NHF,13,15725.553664155097,15364.777995091099,35f6a6573ef9
11,1042,0.02,NHF,14,8206.10634296505,5918.43474798226,35f6a6573ef9
11,1042,0.02,NHF,15,11846.352332880513,9289.358840325227,35f6a6573ef9
11,1042,0.02,NDY,1,10161.60907121135,10161.60907121135,35f6a6573ef9
11,1042,0.02,NDY,2,10161.609071211342,10063.274077269165,35f6a6573ef9
11,1042,0.02,NDY,3,10161.609071211344,9976.323779285829,35f6a6573ef9
11,1042,0.02,NDY,4,10161.609071211347,9888.906587208308,35f6a6573ef9
11,1042,0.02,NDY,5,10161.609071211347,9800.522837227529,35f6a6573ef9
11,1042,0.02,NDY,6,10161.60907121135,9721.826550160238,35f6a6573ef9
11,1042,0.02,NDY,7,10161.609071211347,9645.305356219478,35f6a6573ef9
11,1042,0.02,NDY,8,10161.609071211344,9573.728510279865,35f6a6573ef9
11,1042,0.02,NDY,9,10161.609071211347,9506.626983794364,35f6a6573ef9
11,1042,0.02,NDY,10,10161.609071211347,9444.45100560271,35f6a6573ef9
11,1042,0.02,NDY,11,10161.609071211347,9386.774879003926,35f6a6573ef9
11,1042,0.02,NDY,12,10161.609071211346,9326.004308949092,35f6a6573ef9
11,1042,0.02,NDY,13,10161.609071211344,9264.243751950584,35f6a6573ef9
11,1042,0.02,NDY,14,10161.609071211346,9215.720710521864,35f6a6573ef9
11,1042,0.02,NDY,15,10161.609071211346,9166.691409535939,35f6a6573ef9
11,1042,0.02,-10%,1,15370.249948859988,15370.249948859988,35f6a6573ef9
11,1042,0.02,-10%,2,13833.224953973982,13835.657661436819,35f6a6573ef9
11,1042,0.02,-10%,3,12449.902458576591,12428.636562512194,35f6a6573ef9
11,1042,0.02,-10%,4,11204.912212718928,11174.150451191896,35f6a6573ef9
11,1042,0.02,-10%,5,10084.420991447038,10042.972177328684,35f6a6573ef9
11,1042,0.02,-10%,6,9075.978892302332,9038.674960131291,35f6a6573ef9
11,1042,0.02,-10%,7,8168.3810030721,8134.807467499639,35f6a6573ef9
11,1042,0.02,-10%,8,7351.542902764891,7338.985602983753,35f6a6573ef9
11,1042,0.02,-10%,9,6616.388612488404,6605.087046585264,35f6a6573ef9
11,1042,0.02,-10%,10,6577.824053437059,7664.339586309747,35f6a6573ef9
11,1042,0.02,-10%,11,7625.620016318892,7076.420158075573,35f6a6573ef9
11,1042,0.02,-10%,12,10357.089653431864,8405.061581940148,35f6a6573ef9
11,1042,0.02,-10%,13,9578.284901828429,9995.678594575278,35f6a6573ef9
11,1042,0.02,-10%,14,8620.456411645586,8989.486634223082,35f6a6573ef9
11,1042,0.02,-10%,15,7758.41077048103,8094.4261660013235,35f6a6573ef9
11,1042,0.02,-20%,1,18784.47072337421,18784.47072337421,35f6a6573ef9
11,1042,0.02,-20%,2,15027.576578699378,14745.121084802628,35f6a6573ef9
11,1042,0.02,-20%,3,12022.0612629595,10753.23530231996,35f6a6573ef9
11,1042,0.02,-20%,4,9617.6490103676,10403.55597101853,35f6a6573ef9
11,1042,0.02,-20%,5,7694.11920829408,8322.844776051683,35f6a6573ef9
11,1042,0.02,-20%,6,6155.295366635264,6658.275822952377,35f6a6573ef9
11,1042,0.02,-20%,7,7859.873853630492,7859.873853630491,35f6a6573ef9
11,1042,0.02,-20%,8,8363.579922737263,8363.579922573392,35f6a6573ef9
11,1042,0.02,-20%,9,6690.863938189807,7984.898110414184,35f6a6573ef9
11,1042,0.02,-20%,10,8880.511608844748,7483.181263328739,35f6a6573ef9
11,1042,0.02,-20%,11,9381.625696462112,7412.455865714407,35f6a6573ef9
11,1042,0.02,-20%,12,8445.689493980073,9183.759941424369,35f6a6573ef9
11,1042,0.02,-20%,13,9054.588436371427,9890.442799753846,35f6a6573ef9
11,1042,0.02,-20%,14,7357.1322672693805,7912.354242375482,35f6a6573ef9
11,1042,0.02,-20%,15,8233.380010891991,7979.490746141656,35f6a6573ef9
11,1042,0.02,+/-10%,1,15343.05587284972,15343.05587284972,35f6a6573ef9
11,1042,0.02,+/-10%,2,13808.75028556475,13809.036076381899,35f6a6573ef9
11,1042,0.02,+/-10%,3,12427.875257008272,12408.261491610796,35f6a6573ef9
11,1042,0.02,+/-10%,4,11185.087731307447,11160.034244667977,35f6a6573ef9
11,1042,0.02,+/-10%,5,10066.578958176704,10030.793208941186,35f6a6573ef9
11,1042,0.02,+/-10%,6,9059.921062359032,9027.713889015378,35f6a6573ef9
11,1042,0.02,+/-10%,7,8153.928956123131,8124.942503615961,35f6a6573ef9
11,1042,0.02,+/-10%,8,7338.536060510819,7338.048027630944,35f6a6573ef9
11,1042,0.02,+/-10%,9,6668.329146623227,6766.2840576571225,35f6a6573ef9
11,1042,0.02,+/-10%,10,7335.16206128555,7442.912458941532,35f6a6573ef9
11,1042,0.02,+/-10%,11,8068.678267414107,7955.563071647694,35f6a6573ef9
11,1042,0.02,+/-10%,12,8875.54609415552,8751.11938061193,35f6a6573ef9
11,1042,0.02,+/-10%,13,9763.10070357107,9591.845147609178,35f6a6573ef9
11,1042,0.02,+/-10%,14,8786.790633213963,8609.593393548304,35f6a6573ef9
11,1042,0.02,+/-10%,15,7908.1115698925705,7691.0423491056945,35f6a6573ef9
11,1042,0.02,+/-20%,1,18769.326482669017,18769.326482669017,35f6a6573ef9
11,1042,0.02,+/-20%,2,15015.461186135217,14759.039635006777,35f6a6573ef9
11,1042,0.02,+/-20%,3,12012.368948908173,10771.996616727329,35f6a6573ef9
11,1042,0.02,+/-20%,4,9609.89515912654,10403.55597101853,35f6a6573ef9
11,1042,0.02,+/-20%,5,7755.78816606715,8320.062339634742,35f6a6573ef9
11,1042,0.02,+/-20%,6,6204.630532853719,6656.0498745773775,35f6a6573ef9
11,1042,0.02,+/-20%,7,7445.556639424463,7445.556638794154,35f6a6573ef9
11,1042,0.02,+/-20%,8,8774.193509887144,8797.948720881399,35f6a6573ef9
11,1042,0.02,+/-20%,9,7019.3548079097145,8357.031391962091,35f6a6573ef9
11,1042,0.02,+/-20%,10,8423.225769491657,7260.569093870468,35f6a6573ef9
11,1042,0.02,+/-20%,11,9521.659988416633,7242.883170153101,35f6a6573ef9
11,1042,0.02,+/-20%,12,8459.802548457825,9105.73075689729,35f6a6573ef9
11,1042,0.02,+/-20%,13,8618.622472422458,9489.584648676691,35f6a6573ef9
11,1042,0.02,+/-20%,14,7747.694272845842,8334.560796250107,35f6a6573ef9
11,1042,0.02,+/-20%,15,8209.789176733697,7999.542329613328,35f6a6573ef9
11,1042,0.04,NHF,1,35315.073503183885,35315.073503183885,35f6a6573ef9
11,1042,0.04,NHF,2,5704.314803869883,5704.314803869883,35f6a6573ef9
11,1042,0.04,NHF,3,5870.845731295069,5870.845731295069,35f6a6573ef9
11,1042,0.04,NHF,4,6222.739230267315,6222.739230267315,35f6a6573ef9
11,1042,0.04,NHF,5,4258.098940523783,4258.098940523783,35f6a6573ef9
11,1042,0.04,NHF,6,5679.9777039148785,5679.9777039148785,35f6a6573ef9
11,1042,0.04,NHF,7,10385.855458833104,10385.855458833104,35f6a6573ef9
11,1042,0.04,NHF,8,10158.42045432386,10158.42045432386,35f6a6573ef9
11,1042,0.04,NHF,9,13068.782499580779,13068.782499580779,35f6a6573ef9
11,1042,0.04,NHF,10,5360.918082876444,5360.918082876444,35f6a6573ef9
11,1042,0.04,NHF,11,6028.304442691855,6028.304442691855,35f6a6573ef9
11,1042,0.04,NHF,12,5876.3417338554245,5876.3417338554245,35f6a6573ef9
11,1042,0.04,NHF,13,10324.091883257068,10324.091883257068,35f6a6573ef9
11,1042,0.04,NHF,14,6737.026811717258,6737.026811717258,35f6a6573ef9
11,1042,0.04,NHF,15,9399.931687966071,9399.931687966071,35f6a6573ef9
11,1042,0.04,NDY,1,10114.841247495995,10114.841247495995,35f6a6573ef9
11,1042,0.04,NDY,2,10114.841247495995,10016.746693614463,35f6a6573ef9
11,1042,0.04,NDY,3,10114.841247495993,9905.925488430657,35f6a6573ef9
11,1042,0.04,NDY,4,10114.841247495993,9807.651575824952,35f6a6573ef9
11,1042,0.04,NDY,5,10114.841247495993,9704.801565990545,35f6a6573ef9
11,1042,0.04,NDY,6,10114.841247495995,9615.1626293182,35f6a6573ef9
11,1042,0.04,NDY,7,10114.841247495993,9527.153538733635,35f6a6573ef9
11,1042,0.04,NDY,8,10114.841247495995,9441.21997270366,35f6a6573ef9
11,1042,0.04,NDY,9,10114.841247495997,9352.177811819847,35f6a6573ef9
11,1042,0.04,NDY,10,10114.841247495997,9276.561381738806,35f6a6573ef9
11,1042,0.04,NDY,11,10114.841247495995,9194.004077730067,35f6a6573ef9
11,1042,0.04,NDY,12,10114.841247495999,9110.713119047292,35f6a6573ef9
11,1042,0.04,NDY,13,10114.841247495997,9049.335835365855,35f6a6573ef9
11,1042,0.04,NDY,14,10114.841247495997,8995.003642638725,35f6a6573ef9
11,1042,0.04,NDY,15,10114.841247495995,8943.402084799589,35f6a6573ef9
11,1042,0.04,-10%,1,15377.836729103645,15377.836729103645,35f6a6573ef9
11,1042,0.04,-10%,2,13840.053056193388,13830.72776963395,35f6a6573ef9
11,1042,0.04,-10%,3,12456.078027442793,12442.637781097113,35f6a6573ef9
11,1042,0.04,-10%,4,11210.407934851863,11179.846436394486,35f6a6573ef9
11,1042,0.04,-10%,5,10089.398677964942,10056.93196678175,35f6a6573ef9
11,1042,0.04,-10%,6,9080.458810168453,9050.268282767502,35f6a6573ef9
11,1042,0.04,-10%,7,8172.412929151608,8145.241458361349,35f6a6573ef9
11,1042,0.04,-10%,8,7355.17163623641,7347.253182205078,35f6a6573ef9
11,1042,0.04,-10%,9,6619.654472612834,6612.527862185811,35f6a6573ef9
11,1042,0.04,-10%,10,5957.689025351515,6189.71401971552,35f6a6573ef9
11,1042,0.04,-10%,11,7451.283416864675,8013.204095303702,35f6a6573ef9
11,1042,0.04,-10%,12,10021.547094567428,9821.277234091396,35f6a6573ef9
11,1042,0.04,-10%,13,9968.817344202034,9407.331925225188,35f6a6573ef9
11,1042,0.04,-10%,14,8971.935609781845,8463.657754382342,35f6a6573ef9
11,1042,0.04,-10%,15,8074.742048803618,7607.751695310794,35f6a6573ef9
11,1042,0.04,-20%,1,18809.95207734798,18809.95207734798,35f6a6573ef9
11,1042,0.04,-20%,2,15047.96166187839,15031.613283229102,35f6a6573ef9
11,1042,0.04,-20%,3,12038.369329502708,12023.93144072875,35f6a6573ef9
11,1042,0.04,-20%,4,9630.69546360217,9619.145150644323,35f6a6573ef9
11,1042,0.04,-20%,5,7704.556370881735,7695.316121578664,35f6a6573ef9
11,1042,0.04,-20%,6,6163.645096705388,6156.252897769878,35f6a6573ef9
11,1042,0.04,-20%,7,6295.788808892648,6295.788808892648,35f6a6573ef9
11,1042,0.04,-20%,8,8237.834156673345,8237.834156673345,35f6a6573ef9
11,1042,0.04,-20%,9,10101.498096106587,10172.899303637709,35f6a6573ef9
11,1042,0.04,-20%,10,8081.198476885268,8138.319442633158,35f6a6573ef9
11,1042,0.04,-20%,11,8290.10478056276,8348.722327563488,35f6a6573ef9
11,1042,0.04,-20%,12,8947.901992420817,8183.451899298755,35f6a6573ef9
11,1042,0.04,-20%,13,7158.321593936655,7735.631966778974,35f6a6573ef9
11,1042,0.04,-20%,14,8232.391559239892,8232.391559239892,35f6a6573ef9
11,1042,0.04,-20%,15,7541.968294112833,6973.297444138689,35f6a6573ef9
11,1042,0.04,+/-10%,1,15362.23238622108,15362.23238622108,35f6a6573ef9
11,1042,0.04,+/-10%,2,13826.009147598968,13816.396901467286,35f6a6573ef9
11,1042,0.04,+/-10%,3,12443.408232839074,12424.878468622795,35f6a6573ef9
11,1042,0.04,+/-10%,4,11199.067409555166,11182.201361301883,35f6a6573ef9
11,1042,0.04,+/-10%,5,10079.16066859965,10056.695251847364,35f6a6573ef9
11,1042,0.04,+/-10%,6,9071.244601739685,9051.025726887094,35f6a6573ef9
11,1042,0.04,+/-10%,7,8164.120141565718,8145.923155061696,35f6a6573ef9
11,1042,0.04,+/-10%,8,7347.708127409146,7335.984175441942,35f6a6573ef9
11,1042,0.04,+/-10%,9,6612.937314668232,6602.385756406871,35f6a6573ef9
11,1042,0.04,+/-10%,10,6810.824924390319,6937.177821490622,35f6a6573ef9
11,1042,0.04,+/-10%,11,7491.907416829352,7630.8956016462735,35f6a6573ef9
11,1042,0.04,+/-10%,12,8241.098158512286,8393.985166285496,35f6a6573ef9
11,1042,0.04,+/-10%,13,9065.207974363519,9803.924908765088,35f6a6573ef9
11,1042,0.04,+/-10%,14,9971.72877179987,8702.175628942658,35f6a6573ef9
11,1042,0.04,+/-10%,15,9323.716568876001,7831.93891992846,35f6a6573ef9
11,1042,0.04,+/-20%,1,18805.279851411677,18805.279851411677,35f6a6573ef9
11,1042,0.04,+/-20%,2,15044.223881129346,15028.20972652487,35f6a6573ef9
11,1042,0.04,+/-20%,3,12035.379104903477,12021.280546328335,35f6a6573ef9
11,1042,0.04,+/-20%,4,9628.303283922782,9617.02443441019,35f6a6573ef9
11,1042,0.04,+/-20%,5,7702.642627138226,7693.619549403911,35f6a6573ef9
11,1042,0.04,+/-20%,6,6162.114101710581,6154.895640284877,35f6a6573ef9
11,1042,0.04,+/-20%,7,6689.524584349978,6689.524582704303,35f6a6573ef9
11,1042,0.04,+/-20%,8,8027.429501219974,7925.052478918079,35f6a6573ef9
11,1042,0.04,+/-20%,9,9632.915401463968,9510.062976729358,35f6a6573ef9
11,1042,0.04,+/-20%,10,8210.30902865574,8701.992112820686,35f6a6573ef9
11,1042,0.04,+/-20%,11,8302.31314925222,8603.992185307323,35f6a6573ef9
11,1042,0.04,+/-20%,12,9119.460869364517,7948.3454979966955,35f6a6573ef9
11,1042,0.04,+/-20%,13,7524.43114662901,8127.413844813285,35f6a6573ef9
11,1042,0.04,+/-20%,14,7971.500962661863,7869.1239393554015,35f6a6573ef9
11,1042,0.04,+/-20%,15,7584.952203283789,6819.3086084241,35f6a6573ef9
11,1042,0.06,NHF,1,35315.073503183885,35315.073503183885,35f6a6573ef9
11,1042,0.06,NHF,2,5704.314803869883,5704.314803869883,35f6a6573ef9
11,1042,0.06,NHF,3,5870.845731295069,5870.845731295069,35f6a6573ef9
11,1042,0.06,NHF,4,6222.739230267315,6222.739230267315,35f6a6573ef9
11,1042,0.06,NHF,5,4258.098940523783,4258.098940523783,35f6a6573ef9
11,1042,0.06,NHF,6,5679.9777039148785,5679.9777039148785,35f6a6573ef9
11,1042,0.06,NHF,7,10385.855458833104,10385.855458833104,35f6a6573ef9
11,1042,0.06,NHF,8,10158.42045432386,10158.42045432386,35f6a6573ef9
11,1042,0.06,NHF,9,13068.782499580779,13068.782499580779,35f6a6573ef9
11,1042,0.06,NHF,10,5360.918082876444,5360.918082876444,35f6a6573ef9
11,1042,0.06,NHF,11,6028.304442691855,6028.304442691855,35f6a6573ef9
11,1042,0.06,NHF,12,5876.3417338554245,5876.3417338554245,35f6a6573ef9
11,1042,0.06,NHF,13,10324.091883257068,10324.091883257068,35f6a6573ef9
11,1042,0.06,NHF,14,6737.026811717258,6737.026811717258,35f6a6573ef9
11,1042,0.06,NHF,15,9399.931687966071,9399.931687966071,35f6a6573ef9
11,1042,0.06,NDY,1,10030.867003419437,10030.867003419437,35f6a6573ef9
11,1042,0.06,NDY,2,10030.867003419437,9916.03512287114,35f6a6573ef9
11,1042,0.06,NDY,3,10030.867003419435,9811.86267086105,35f6a6573ef9
11,1042,0.06,NDY,4,10030.867003419438,9700.147715936982,35f6a6573ef9
11,1042,0.06,NDY,5,10030.867003419437,9594.091112159314,35f6a6573ef9
11,1042,0.06,NDY,6,10030.86700341944,9504.996129989266,35f6a6573ef9
11,1042,0.06,NDY,7,10030.867003419433,9382.33858946344,35f6a6573ef9
11,1042,0.06,NDY,8,10030.867003419444,9295.451850182333,35f6a6573ef9
11,1042,0.06,NDY,9,10030.867003419442,9211.723566919803,35f6a6573ef9
11,1042,0.06,NDY,10,10030.867003419438,9136.928665213949,35f6a6573ef9
11,1042,0.06,NDY,11,10030.86700341944,9064.573922983347,35f6a6573ef9
11,1042,0.06,NDY,12,10030.867003419444,8991.032228624292,35f6a6573ef9
11,1042,0.06,NDY,13,10030.867003419437,8938.65130905404,35f6a6573ef9
11,1042,0.06,NDY,14,10030.867003419435,8868.194695599293,35f6a6573ef9
11,1042,0.06,NDY,15,10030.867003419427,8798.120704406025,35f6a6573ef9
11,1042,0.06,-10%,1,15298.834369975915,15298.834369975915,35f6a6573ef9
11,1042,0.06,-10%,2,13768.950932978325,13735.681918649503,35f6a6573ef9
11,1042,0.06,-10%,3,12392.055839680488,12340.337396455248,35f6a6573ef9
11,1042,0.06,-10%,4,11152.850255712443,11097.258744673885,35f6a6573ef9
11,1042,0.06,-10%,5,10037.5652301412,9987.532869710267,35f6a6573ef9
11,1042,0.06,-10%,6,9033.808707127082,8988.779576634308,35f6a6573ef9
11,1042,0.06,-10%,7,8130.427836414371,8096.495365063535,35f6a6573ef9
11,1042,0.06,-10%,8,7317.385052772935,7286.845830046527,35f6a6573ef9
11,1042,0.06,-10%,9,6585.646547495642,6558.161246576925,35f6a6573ef9
11,1042,0.06,-10%,10,5927.081892746078,5902.345121966463,35f6a6573ef9
11,1042,0.06,-10%,11,8572.033331295701,8704.153568314478,35f6a6573ef9
11,1042,0.06,-10%,12,8910.848941445232,10259.845962957612,35f6a6573ef9
11,1042,0.06,-10%,13,10092.53407999106,9233.590461531783,35f6a6573ef9
11,1042,0.06,-10%,14,9083.280671991954,8310.23141888752,35f6a6573ef9
11,1042,0.06,-10%,15,8174.952604792759,7478.472866026712,35f6a6573ef9
11,1042,0.06,-20%,1,18769.299307245023,18769.299307245023,35f6a6573ef9
11,1042,0.06,-20%,2,15015.439445796022,14971.280259530668,35f6a6573ef9
11,1042,0.06,-20%,3,12012.351556636817,11949.314007062827,35f6a6573ef9
11,1042,0.06,-20%,4,9609.881245309454,9554.890749578855,35f6a6573ef9
11,1042,0.06,-20%,5,7687.904996247562,7643.912599918589,35f6a6573ef9
11,1042,0.06,-20%,6,6150.3239969980505,6115.130077339877,35f6a6573ef9
11,1042,0.06,-20%,7,5551.6447094898585,5551.644708845284,35f6a6573ef9
11,1042,0.06,-20%,8,8807.667236942123,8807.667237586697,35f6a6573ef9
11,1042,0.06,-20%,9,10487.804398331975,10900.528349801365,35f6a6573ef9
11,1042,0.06,-20%,10,8390.243518665578,8720.422679355444,35f6a6573ef9
11,1042,0.06,-20%,11,8300.426878156153,6976.3381476391405,35f6a6573ef9
11,1042,0.06,-20%,12,8310.988054505577,7932.197075289274,35f6a6573ef9
11,1042,0.06,-20%,13,6648.790443604461,7479.70560691351,35f6a6573ef9
11,1042,0.06,-20%,14,8457.353787400813,8457.353788045388,35f6a6573ef9
11,1042,0.06,-20%,15,7376.448576587423,7599.941728815401,35f6a6573ef9
11,1042,0.06,+/-10%,1,15298.89762048815,15298.89762048815,35f6a6573ef9
11,1042,0.06,+/-10%,2,13769.007858439338,13729.810640594867,35f6a6573ef9
11,1042,0.06,+/-10%,3,12392.107072595401,12337.991822134429,35f6a6573ef9
11,1042,0.06,+/-10%,4,11152.896365335862,11079.065816497676,35f6a6573ef9
11,1042,0.06,+/-10%,5,10037.606728802277,9971.159231107247,35f6a6573ef9
11,1042,0.06,+/-10%,6,9033.846055922051,8974.043302301043,35f6a6573ef9
11,1042,0.06,+/-10%,7,8130.461450329844,8094.95643523129,35f6a6573ef9
11,1042,0.06,+/-10%,8,7317.41530529686,7285.4607912514975,35f6a6573ef9
11,1042,0.06,+/-10%,9,6585.673774767175,6556.9147152716305,35f6a6573ef9
11,1042,0.06,+/-10%,10,6850.72913288117,7117.0089888326975,35f6a6573ef9
11,1042,0.06,+/-10%,11,7535.802046169287,7828.709885995496,35f6a6573ef9
11,1042,0.06,+/-10%,12,8289.382250786215,8611.580876671209,35f6a6573ef9
11,1042,0.06,+/-10%,13,9118.320475864839,9677.46965500659,35f6a6573ef9
11,1042,0.06,+/-10%,14,10030.152523451321,8709.72268915381,35f6a6573ef9
11,1042,0.06,+/-10%,15,9142.36867845706,7638.248098751279,35f6a6573ef9
11,1042,0.06,+/-20%,1,18768.715942753428,18768.715942753428,35f6a6573ef9
11,1042,0.06,+/-20%,2,15014.972754202743,14976.898879267921,35f6a6573ef9
11,1042,0.06,+/-20%,3,12011.978203362194,11946.853091562087,35f6a6573ef9
11,1042,0.06,+/-20%,4,9609.582562689757,9557.482480266317,35f6a6573ef9
11,1042,0.06,+/-20%,5,7687.666050151805,7645.985977712406,35f6a6573ef9
11,1042,0.06,+/-20%,6,6150.132840121444,6116.788780269877,35f6a6573ef9
11,1042,0.06,+/-20%,7,6526.9599756509,6526.95997671117,35f6a6573ef9
11,1042,0.06,+/-20%,8,7832.35197078108,7832.351969720809,35f6a6573ef9
11,1042,0.06,+/-20%,9,9398.822364937296,9398.82236164136,35f6a6573ef9
11,1042,0.06,+/-20%,10,9356.023139997642,9872.049685552483,35f6a6573ef9
11,1042,0.06,+/-20%,11,8390.298488995668,7897.639746532692,35f6a6573ef9
11,1042,0.06,+/-20%,12,8703.455404032358,7683.680596681504,35f6a6573ef9
11,1042,0.06,+/-20%,13,7163.820701364357,8132.314736456578,35f6a6573ef9
11,1042,0.06,+/-20%,14,7482.03852123977,7482.0385201795,35f6a6573ef9
11,1042,0.06,+/-20%,15,7639.0209218532345,7416.251280640632,35f6a6573ef9
11,2042,0.0,NHF,1,2000.2126128033335,2000.2126128033335,35f6a6573ef9
11,2042,0.0,NHF,2,952.5165903750001,511.8368703466667,35f6a6573ef9
11,2042,0.0,NHF,3,9378.505711245853,540.3352487000001,35f6a6573ef9
11,2042,0.0,NHF,4,7641.750224569999,10321.371030924713,35f6a6573ef9
11,2042,0.0,NHF,5,26456.302855166825,16887.86339421169,35f6a6573ef9
11,2042,0.0,NHF,6,8433.132379221195,9802.063649996637,35f6a6573ef9
11,2042,0.0,NHF,7,21511.56961718569,7844.717269145956,35f6a6573ef9
11,2042,0.0,NHF,8,8965.782296019577,12386.296160034179,35f6a6573ef9
11,2042,0.0,NHF,9,5211.260215604136,9452.024866530368,35f6a6573ef9
11,2042,0.0,NHF,10,805.93602635,10890.832117914051,35f6a6573ef9
11,2042,0.0,NHF,11,1020.4821796699998,10739.502708147857,35f6a6573ef9
11,2042,0.0,NHF,12,1341.2337428199999,4909.6135124538005,35f6a6573ef9
11,2042,0.0,NHF,13,1874.71629184,8478.466080616576,35f6a6573ef9
11,2042,0.0,NHF,14,3239.3652311654546,8427.243719172522,35f6a6573ef9
11,2042,0.0,NHF,15,75762.694764283,8761.210013991122,35f6a6573ef9
11,2042,0.0,NDY,1,2552.717691513798,2552.717691513798,35f6a6573ef9
11,2042,0.0,NDY,2,10794.784088553113,9063.51203199742,35f6a6573ef9
11,2042,0.0,NDY,3,10794.78408855311,9006.505589066508,35f6a6573ef9
11,2042,0.0,NDY,4,10794.784088553111,9864.07241449665,35f6a6573ef9
11,2042,0.0,NDY,5,10794.784088553111,10462.458942392816,35f6a6573ef9
11,2042,0.0,NDY,6,10794.784088553113,10284.25103829461,35f6a6573ef9
11,2042,0.0,NDY,7,10794.784088553108,10130.292051153267,35f6a6573ef9
11,2042,0.0,NDY,8,10794.784088553113,10002.779551220274,35f6a6573ef9
11,2042,0.0,NDY,9,10794.784088553115,9571.054148891231,35f6a6573ef9
11,2042,0.0,NDY,10,10794.784088553113,9487.766942040871,35f6a6573ef9
11,2042,0.0,NDY,11,10794.784088553115,9286.471231860052,35f6a6573ef9
11,2042,0.0,NDY,12,10794.784088553108,9086.677978525518,35f6a6573ef9
11,2042,0.0,NDY,13,10794.784088553119,8689.962538236756,35f6a6573ef9
11,2042,0.0,NDY,14,10794.784088553115,8459.724559522107,35f6a6573ef9
11,2042,0.0,NDY,15,10794.78408855311,8301.339742580341,35f6a6573ef9
11,2042,0.0,-10%,1,3896.2009282950003,3896.2009282950003,35f6a6573ef9
11,2042,0.0,-10%,2,4118.603856085,4118.603856085,35f6a6573ef9
11,2042,0.0,-10%,3,3706.743470476499,5557.590548404999,35f6a6573ef9
11,2042,0.0,-10%,4,14963.940189816918,15133.488969282113,35f6a6573ef9
11,2042,0.0,-10%,5,13467.546170835227,13901.696882517028,35f6a6573ef9
11,2042,0.0,-10%,6,12120.791553751706,12498.500525321919,35f6a6573ef9
11,2042,0.0,-10%,7,10908.712398376532,10547.076042684912,35f6a6573ef9
11,2042,0.0,-10%,8,9817.841158538884,9490.523373956987,35f6a6573ef9
11,2042,0.0,-10%,9,8836.057042684994,9629.223342171663,35f6a6573ef9
11,2042,0.0,-10%,10,8717.90737504134,10039.52240265132,35f6a6573ef9
11,2042,0.0,-10%,11,12916.323526183973,7858.258309626752,35f6a6573ef9
11,2042,0.0,-10%,12,14807.659929428128,5822.472493870379,35f6a6573ef9
11,2042,0.0,-10%,13,13326.893936485316,6961.026832633972,35f6a6573ef9
11,2042,0.0,-10%,14,11994.204542836787,7148.290581887501,35f6a6573ef9
11,2042,0.0,-10%,15,10794.78408855311,8192.023717140717,35f6a6573ef9
11,2042,0.0,-20%,1,3896.2009282950003,3896.2009282950003,35f6a6573ef9
11,2042,0.0,-20%,2,3463.501138878347,4118.603856085,35f6a6573ef9
11,2042,0.0,-20%,3,2770.8009111026768,5557.590548404999,35f6a6573ef9
11,2042,0.0,-20%,4,13813.293474552469,11059.628634417582,35f6a6573ef9
11,2042,0.0,-20%,5,16948.863229051833,18568.365187362342,35f6a6573ef9
11,2042,0.0,-20%,6,13559.090583241468,13384.83101222223,35f6a6573ef9
11,2042,0.0,-20%,7,10847.272466593175,9057.82112746491,35f6a6573ef9
11,2042,0.0,-20%,8,8677.81797327454,9490.523373956987,35f6a6573ef9
11,2042,0.0,-20%,9,6942.254378619634,6992.6530064415865,35f6a6573ef9
11,2042,0.0,-20%,10,9431.136841654155,9634.637158424157,35f6a6573ef9
11,2042,0.0,-20%,11,9840.426132809904,10380.717450143258,35f6a6573ef9
11,2042,0.0,-20%,12,13140.577022353602,6866.299313209948,35f6a6573ef9
11,2042,0.0,-20%,13,16866.850138364232,8233.41239127397,35f6a6573ef9
11,2042,0.0,-20%,14,13493.480110691382,6547.6130588267015,35f6a6573ef9
11,2042,0.0,-20%,15,10794.784088553111,9470.447311326987,35f6a6573ef9
11,2042,0.0,+/-10%,1,6647.845647614493,6647.845647614493,35f6a6573ef9
11,2042,0.0,+/-10%,2,7312.630212375944,7389.307102065808,35f6a6573ef9
11,2042,0.0,+/-10%,3,8043.8932336135385,8541.833457679717,35f6a6573ef9
11,2042,0.0,+/-10%,4,8848.282556974891,9889.294882443995,35f6a6573ef9
11,2042,0.0,+/-10%,5,9733.110812672387,12415.75290805622,35f6a6573ef9
11,2042,0.0,+/-10%,6,10706.421893939621,11448.8043444657,35f6a6573ef9
11,2042,0.0,+/-10%,7,10491.09886954022,8896.037430600614,35f6a6573ef9
11,2042,0.0,+/-10%,8,9441.9889825862,9894.911261806987,35f6a6573ef9
11,2042,0.0,+/-10%,9,10386.187880844818,8308.644923732918,35f6a6573ef9
11,2042,0.0,+/-10%,10,11424.806668929301,9049.279635384804,35f6a6573ef9
11,2042,0.0,+/-10%,11,12567.287335822233,8946.143095952406,35f6a6573ef9
11,2042,0.0,+/-10%,12,13824.01606940446,7544.491038287119,35f6a6573ef9
11,2042,0.0,+/-10%,13,13326.893936485325,7970.859257470339,35f6a6573ef9
11,2042,0.0,+/-10%,14,11994.204542836791,9002.1084807266,35f6a6573ef9
11,2042,0.0,+/-10%,15,10794.78408855311,9264.781388480826,35f6a6573ef9
11,2042,0.0,+/-20%,1,5373.224878125,5373.224878125,35f6a6573ef9
11,2042,0.0,+/-20%,2,6447.8698537499995,6794.003173049287,35f6a6573ef9
11,2042,0.0,+/-20%,3,7737.443824499999,8741.24252804892,35f6a6573ef9
11,2042,0.0,+/-20%,4,9284.932589399998,10131.788883968951,35f6a6573ef9
11,2042,0.0,+/-20%,5,11141.919107279999,14680.695811220863,35f6a6573ef9
11,2042,0.0,+/-20%,6,13323.197285436287,10062.949260468695,35f6a6573ef9
11,2042,0.0,+/-20%,7,10658.557828349029,9265.24662905006,35f6a6573ef9
11,2042,0.0,+/-20%,8,9126.578715397663,10182.723455776986,35f6a6573ef9
11,2042,0.0,+/-20%,9,7859.280701378466,8006.526359623773,35f6a6573ef9
11,2042,0.0,+/-20%,10,9431.136841654155,9272.02745793412,35f6a6573ef9
11,2042,0.0,+/-20%,11,11243.845362635046,8410.40425591866,35f6a6573ef9
11,2042,0.0,+/-20%,12,13492.614435162053,8557.09681113538,35f6a6573ef9
11,2042,0.0,+/-20%,13,16191.137322194469,7589.053764633046,35f6a6573ef9
11,2042,0.0,+/-20%,14,13493.48011069139,8517.136226624241,35f6a6573ef9
11,2042,0.0,+/-20%,15,10794.784088553111,9416.650898377276,35f6a6573ef9
11,2042,0.02,NHF,1,33027.13237301713,33027.13237301713,35f6a6573ef9
11,2042,0.02,NHF,2,3567.8134988142506,4426.30152456154,35f6a6573ef9
11,2042,0.02,NHF,3,7009.213665670251,5947.346005800972,35f6a6573ef9
11,2042,0.02,NHF,4,2924.456539796115,4079.7161423817806,35f6a6573ef9
11,2042,0.02,NHF,5,16608.206492274705,15360.20799438349,35f6a6573ef9
11,2042,0.02,NHF,6,4782.271155117476,4782.271155117476,35f6a6573ef9
11,2042,0.02,NHF,7,9836.434714274295,9836.434714274295,35f6a6573ef9
11,2042,0.02,NHF,8,9011.053429064854,9011.053429064852,35f6a6573ef9
11,2042,0.02,NHF,9,11357.86627942958,11469.421210182207,35f6a6573ef9
11,2042,0.02,NHF,10,2620.834022584174,2838.1136162036614,35f6a6573ef9
11,2042,0.02,NHF,11,6116.762424912104,8608.3116041539,35f6a6573ef9
11,2042,0.02,NHF,12,5794.565463185456,4532.378905315109,35f6a6573ef9
11,2042,0.02,NHF,13,15344.482513201041,15578.419823867474,35f6a6573ef9
11,2042,0.02,NHF,14,6090.282572695888,3715.8437461353,35f6a6573ef9
11,2042,0.02,NHF,15,12164.205658204482,10348.405175764827,35f6a6573ef9
11,2042,0.02,NDY,1,10187.75627067361,10187.75627067361,35f6a6573ef9
11,2042,0.02,NDY,2,10187.756270673612,10085.346308169832,35f6a6573ef9
11,2042,0.02,NDY,3,10187.756270673608,10000.107719983005,35f6a6573ef9
11,2042,0.02,NDY,4,10187.756270673608,9912.940449807216,35f6a6573ef9
11,2042,0.02,NDY,5,10187.756270673608,9826.384050783847,35f6a6573ef9
11,2042,0.02,NDY,6,10187.75627067361,9748.559629207484,35f6a6573ef9
11,2042,0.02,NDY,7,10187.756270673608,9663.729473596894,35f6a6573ef9
11,2042,0.02,NDY,8,10187.756270673612,9594.259803598976,35f6a6573ef9
11,2042,0.02,NDY,9,10187.75627067361,9522.74562864639,35f6a6573ef9
11,2042,0.02,NDY,10,10187.75627067361,9462.545698144162,35f6a6573ef9
11,2042,0.02,NDY,11,10187.75627067361,9400.525686697854,35f6a6573ef9
11,2042,0.02,NDY,12,10187.756270673632,9344.64771740038,35f6a6573ef9
11,2042,0.02,NDY,13,10187.756270673583,9282.092096043936,35f6a6573ef9
11,2042,0.02,NDY,14,10187.756270673612,9235.43655624569,35f6a6573ef9
11,2042,0.02,NDY,15,10187.756270673612,9182.5298887096,35f6a6573ef9
11,2042,0.02,-10%,1,15460.5121977549,15460.5121977549,35f6a6573ef9
11,2042,0.02,-10%,2,13914.460977979415,13901.692272851184,35f6a6573ef9
11,2042,0.02,-10%,3,12523.01488018147,12502.171591262973,35f6a6573ef9
11,2042,0.02,-10%,4,11270.713392163327,11255.243376841288,35f6a6573ef9
11,2042,0.02,-10%,5,10143.642052946996,10127.42753124522,35f6a6573ef9
11,2042,0.02,-10%,6,9129.277847652294,9114.684778212199,35f6a6573ef9
11,2042,0.02,-10%,7,8216.350062887066,8203.216303458752,35f6a6573ef9
11,2042,0.02,-10%,8,7394.715056598361,7387.929242799159,35f6a6573ef9
11,2042,0.02,-10%,9,6655.243550938521,6649.136316986065,35f6a6573ef9
11,2042,0.02,-10%,10,5989.71919584467,6334.797284198667,35f6a6573ef9
11,2042,0.02,-10%,11,8154.357181323837,8338.677958072916,35f6a6573ef9
11,2042,0.02,-10%,12,10530.91801784637,9474.946016669302,35f6a6573ef9
11,2042,0.02,-10%,13,9477.826216061734,9631.787697275875,35f6a6573ef9
11,2042,0.02,-10%,14,8530.043594455561,8665.10193711974,35f6a6573ef9
11,2042,0.02,-10%,15,7713.011594031464,7796.013776978155,35f6a6573ef9
11,2042,0.02,-20%,1,18917.776056304203,18917.776056304203,35f6a6573ef9
11,2042,0.02,-20%,2,15134.220845043363,15023.361354299344,35f6a6573ef9
11,2042,0.02,-20%,3,12107.376676034688,11644.984746354912,35f6a6573ef9
11,2042,0.02,-20%,4,9685.901340827753,9113.006025674871,35f6a6573ef9
11,2042,0.02,-20%,5,7748.721072662204,8514.994607248129,35f6a6573ef9
11,2042,0.02,-20%,6,6198.976858129763,6811.9956876174765,35f6a6573ef9
11,2042,0.02,-20%,7,7078.234669840789,7078.234669840789,35f6a6573ef9
11,2042,0.02,-20%,8,9168.73828256308,9634.124352771138,35f6a6573ef9
11,2042,0.02,-20%,9,7334.990626050465,8337.760004395901,35f6a6573ef9
11,2042,0.02,-20%,10,8853.024139779058,6670.208004634181,35f6a6573ef9
11,2042,0.02,-20%,11,8011.260077501201,7126.114776838305,35f6a6573ef9
11,2042,0.02,-20%,12,9723.434082221223,9843.795817312504,35f6a6573ef9
11,2042,0.02,-20%,13,7993.463865868245,9098.59202484146,35f6a6573ef9
11,2042,0.02,-20%,14,6394.7710926945965,7278.873622823893,35f6a6573ef9
11,2042,0.02,-20%,15,10023.970309451148,8833.022320786846,35f6a6573ef9
11,2042,0.02,+/-10%,1,15435.27799446322,15435.27799446322,35f6a6573ef9
11,2042,0.02,+/-10%,2,13891.7501950169,13888.935711815697,35f6a6573ef9
11,2042,0.02,+/-10%,3,12502.57517551521,12496.59551974176,35f6a6573ef9
11,2042,0.02,+/-10%,4,11252.31765796369,11248.30965909094,35f6a6573ef9
11,2042,0.02,+/-10%,5,10127.085892167323,10120.762430723034,35f6a6573ef9
11,2042,0.02,+/-10%,6,9114.37730295059,9108.676418657113,35f6a6573ef9
11,2042,0.02,+/-10%,7,8202.93957265553,8197.829553310386,35f6a6573ef9
11,2042,0.02,+/-10%,8,7382.64561538998,7292.157119625095,35f6a6573ef9
11,2042,0.02,+/-10%,9,6644.381053850981,6562.941406062358,35f6a6573ef9
11,2042,0.02,+/-10%,10,7288.234671663828,7219.235544508762,35f6a6573ef9
11,2042,0.02,+/-10%,11,8017.058138830211,7941.159099084324,35f6a6573ef9
11,2042,0.02,+/-10%,12,8818.763952713232,9072.995842662931,35f6a6573ef9
11,2042,0.02,+/-10%,13,9578.792789912553,9571.735997370375,35f6a6573ef9
11,2042,0.02,+/-10%,14,8620.913510921302,8561.251873955594,35f6a6573ef9
11,2042,0.02,+/-10%,15,8290.698449378853,7703.2261138727135,35f6a6573ef9
11,2042,0.02,+/-20%,1,18904.136414676716,18904.136414676716,35f6a6573ef9
11,2042,0.02,+/-20%,2,15123.309131741371,15018.840012320054,35f6a6573ef9
11,2042,0.02,+/-20%,3,12098.647305393097,11652.679959382895,35f6a6573ef9
11,2042,0.02,+/-20%,4,9678.91784431448,9194.669436629632,35f6a6573ef9
11,2042,0.02,+/-20%,5,7743.134275451585,8453.699362150746,35f6a6573ef9
11,2042,0.02,+/-20%,6,6215.184935709765,6762.959488179251,35f6a6573ef9
11,2042,0.02,+/-20%,7,7458.221922851719,7458.221920285931,35f6a6573ef9
11,2042,0.02,+/-20%,8,8949.86630742206,8921.005295549889,35f6a6573ef9
11,2042,0.02,+/-20%,9,7159.89304593765,8564.781696274065,35f6a6573ef9
11,2042,0.02,+/-20%,10,8591.871655125178,6851.825354937808,35f6a6573ef9
11,2042,0.02,+/-20%,11,8178.053869673684,7582.940399397811,35f6a6573ef9
11,2042,0.02,+/-20%,12,9533.28458250326,9099.528476852025,35f6a6573ef9
11,2042,0.02,+/-20%,13,7626.62766600261,9252.225949562951,35f6a6573ef9
11,2042,0.02,+/-20%,14,7789.838967319544,7401.780761350421,35f6a6573ef9
11,2042,0.02,+/-20%,15,9347.806760783455,8844.451246056627,35f6a6573ef9
11,2042,0.04,NHF,1,36753.69923131608,36753.69923131608,35f6a6573ef9
11,2042,0.04,NHF,2,5422.474844694915,5422.474844694915,35f6a6573ef9
11,2042,0.04,NHF,3,5678.64222041466,5678.64222041466,35f6a6573ef9
11,2042,0.04,NHF,4,4839.0168603533,4839.0168603533,35f6a6573ef9
11,2042,0.04,NHF,5,5704.554017742194,5704.554017742194,35f6a6573ef9
11,2042,0.04,NHF,6,4782.271155117476,4782.271155117476,35f6a6573ef9
11,2042,0.04,NHF,7,10090.046228001756,10090.046228001755,35f6a6573ef9
11,2042,0.04,NHF,8,10105.23221379949,10105.232213799489,35f6a6573ef9
11,2042,0.04,NHF,9,14259.918277968178,14259.918277968178,35f6a6573ef9
11,2042,0.04,NHF,10,4813.713907867562,4813.713907867562,35f6a6573ef9
11,2042,0.04,NHF,11,6913.70032782016,6913.70032782016,35f6a6573ef9
11,2042,0.04,NHF,12,5316.898455130048,5316.898455130048,35f6a6573ef9
11,2042,0.04,NHF,13,10628.23540620177,10628.235406201768,35f6a6573ef9
11,2042,0.04,NHF,14,4602.703111135637,4602.703111135637,35f6a6573ef9
11,2042,0.04,NHF,15,10211.501608811588,10211.501608811586,35f6a6573ef9
11,2042,0.04,NDY,1,10122.27323793864,10122.27323793864,35f6a6573ef9
11,2042,0.04,NDY,2,10122.273237938643,10017.228493613604,35f6a6573ef9
11,2042,0.04,NDY,3,10122.273237938642,9924.024959374592,35f6a6573ef9
11,2042,0.04,NDY,4,10122.273237938642,9821.940087392411,35f6a6573ef9
11,2042,0.04,NDY,5,10122.273237938643,9729.804980397748,35f6a6573ef9
11,2042,0.04,NDY,6,10122.273237938643,9630.790535293925,35f6a6573ef9
11,2042,0.04,NDY,7,10122.273237938643,9537.406790530544,35f6a6573ef9
11,2042,0.04,NDY,8,10122.273237938645,9426.17352350745,35f6a6573ef9
11,2042,0.04,NDY,9,10122.273237938643,9349.027359239359,35f6a6573ef9
11,2042,0.04,NDY,10,10122.273237938645,9278.341619202394,35f6a6573ef9
11,2042,0.04,NDY,11,10122.273237938645,9204.900199890206,35f6a6573ef9
11,2042,0.04,NDY,12,10122.273237938645,9132.311209245625,35f6a6573ef9
11,2042,0.04,NDY,13,10122.273237938645,9056.797535660495,35f6a6573ef9
11,2042,0.04,NDY,14,10122.273237938645,8993.774894973358,35f6a6573ef9
11,2042,0.04,NDY,15,10122.273237938643,8928.094129548987,35f6a6573ef9
11,2042,0.04,-10%,1,15446.632144749392,15446.632144749392,35f6a6573ef9
11,2042,0.04,-10%,2,13901.968930274457,13892.161388818444,35f6a6573ef9
11,2042,0.04,-10%,3,12511.772037247007,12498.499565058413,35f6a6573ef9
11,2042,0.04,-10%,4,11260.594833522307,11236.787917667101,35f6a6573ef9
11,2042,0.04,-10%,5,10134.535350170077,10109.143470296583,35f6a6573ef9
11,2042,0.04,-10%,6,9121.08181515307,9098.229122406865,35f6a6573ef9
11,2042,0.04,-10%,7,8208.973633637763,8188.406209136584,35f6a6573ef9
11,2042,0.04,-10%,8,7388.0762702739885,7380.23900723244,35f6a6573ef9
11,2042,0.04,-10%,9,6649.26864324659,6642.215110004111,35f6a6573ef9
11,2042,0.04,-10%,10,5984.341778921929,5977.993598250939,35f6a6573ef9
11,2042,0.04,-10%,11,7754.626231464115,8494.954846930317,35f6a6573ef9
11,2042,0.04,-10%,12,10589.76309683001,10272.642930216536,35f6a6573ef9
11,2042,0.04,-10%,13,9583.83486362717,9247.052576721719,35f6a6573ef9
11,2042,0.04,-10%,14,8625.451377264453,8321.529948334359,35f6a6573ef9
11,2042,0.04,-10%,15,7762.906239538009,7489.376952457372,35f6a6573ef9
11,2042,0.04,-20%,1,18918.098464721254,18918.098464721254,35f6a6573ef9
11,2042,0.04,-20%,2,15134.478771777,15132.2360364289,35f6a6573ef9
11,2042,0.04,-20%,3,12107.583017421599,12106.112979845011,35f6a6573ef9
11,2042,0.04,-20%,4,9686.06641393728,9684.325530724356,35f6a6573ef9
11,2042,0.04,-20%,5,7748.853131149825,7747.463663805871,35f6a6573ef9
11,2042,0.04,-20%,6,6199.08250491986,6197.970935336012,35f6a6573ef9
11,2042,0.04,-20%,7,6089.28372732654,6089.283729294841,35f6a6573ef9
11,2042,0.04,-20%,8,9135.661525408388,9389.273037167548,35f6a6573ef9
11,2042,0.04,-20%,9,9402.231670930383,9148.620157202922,35f6a6573ef9
11,2042,0.04,-20%,10,8249.378721357203,8063.054545582432,35f6a6573ef9
11,2042,0.04,-20%,11,7100.531072352999,7123.154845214279,35f6a6573ef9
11,2042,0.04,-20%,12,9947.467829420146,10111.168232333635,35f6a6573ef9
11,2042,0.04,-20%,13,7957.974263536116,8091.849619593562,35f6a6573ef9
11,2042,0.04,-20%,14,6366.379410828892,6473.479692926445,35f6a6573ef9
11,2042,0.04,-20%,15,9126.294590853902,7931.54267026385,35f6a6573ef9
11,2042,0.04,+/-10%,1,15424.016664549486,15424.016664549486,35f6a6573ef9
11,2042,0.04,+/-10%,2,13881.614998094543,13878.772987616927,35f6a6573ef9
11,2042,0.04,+/-10%,3,12493.453498285086,12482.001543060915,35f6a6573ef9
11,2042,0.04,+/-10%,4,11244.108148456577,11233.610951807796,35f6a6573ef9
11,2042,0.04,+/-10%,5,10119.69733361092,10104.031372993859,35f6a6573ef9
11,2042,0.04,+/-10%,6,9107.727600249831,9093.628234546142,35f6a6573ef9
11,2042,0.04,+/-10%,7,8196.954840224846,8184.26541220795,35f6a6573ef9
11,2042,0.04,+/-10%,8,7377.259356202363,7369.829398752914,35f6a6573ef9
11,2042,0.04,+/-10%,9,6639.5334205821255,6632.846455711235,35f6a6573ef9
11,2042,0.04,+/-10%,10,7028.605083037926,7089.296524636335,35f6a6573ef9
11,2042,0.04,+/-10%,11,7731.46559134172,7798.226177066514,35f6a6573ef9
11,2042,0.04,+/-10%,12,8504.612150475894,8578.048791738629,35f6a6573ef9
11,2042,0.04,+/-10%,13,9355.073365523484,9750.71280727627,35f6a6573ef9
11,2042,0.04,+/-10%,14,9554.103834507549,8696.237702799175,35f6a6573ef9
11,2042,0.04,+/-10%,15,8598.693451056793,7664.382156642882,35f6a6573ef9
11,2042,0.04,+/-20%,1,18916.54021985441,18916.54021985441,35f6a6573ef9
11,2042,0.04,+/-20%,2,15133.232175883524,15132.583988624268,35f6a6573ef9
11,2042,0.04,+/-20%,3,12106.585740706822,12106.067209709487,35f6a6573ef9
11,2042,0.04,+/-20%,4,9685.268592565457,9682.10566267344,35f6a6573ef9
11,2042,0.04,+/-20%,5,7748.214874052368,7745.684528420105,35f6a6573ef9
11,2042,0.04,+/-20%,6,6198.571899241895,6196.5476225090715,35f6a6573ef9
11,2042,0.04,+/-20%,7,6691.0801329423775,6691.080131103661,35f6a6573ef9
11,2042,0.04,+/-20%,8,8029.296159530853,8029.29615475317,35f6a6573ef9
11,2042,0.04,+/-20%,9,9635.155391437023,9635.155398037557,35f6a6573ef9
11,2042,0.04,+/-20%,10,8488.910131943952,8449.126853796173,35f6a6573ef9
11,2042,0.04,+/-20%,11,7697.425312989761,7723.759139743718,35f6a6573ef9
11,2042,0.04,+/-20%,12,9236.910375587711,9268.510965997606,35f6a6573ef9
11,2042,0.04,+/-20%,13,7389.5283004701705,8052.987559860744,35f6a6573ef9
11,2042,0.04,+/-20%,14,7297.458402877701,6442.3900440262305,35f6a6573ef9
11,2042,0.04,+/-20%,15,8756.950083453241,7452.3145629523,35f6a6573ef9
11,2042,0.06,NHF,1,36753.69923131608,36753.69923131608,35f6a6573ef9
11,2042,0.06,NHF,2,5422.474844694915,5422.474844694915,35f6a6573ef9
11,2042,0.06,NHF,3,5678.64222041466,5678.64222041466,35f6a6573ef9
11,2042,0.06,NHF,4,4839.0168603533,4839.0168603533,35f6a6573ef9
11,2042,0.06,NHF,5,5704.554017742194,5704.554017742194,35f6a6573ef9
11,2042,0.06,NHF,6,4782.271155117476,4782.271155117476,35f6a6573ef9
11,2042,0.06,NHF,7,10090.046228001756,10090.046228001755,35f6a6573ef9
11,2042,0.06,NHF,8,10105.23221379949,10105.232213799489,35f6a6573ef9
11,2042,0.06,NHF,9,14259.918277968178,14259.918277968178,35f6a6573ef9
11,2042,0.06,NHF,10,4813.713907867562,4813.713907867562,35f6a6573ef9
11,2042,0.06,NHF,11,6913.70032782016,6913.70032782016,35f6a6573ef9
11,2042,0.06,NHF,12,5316.898455130048,5316.898455130048,35f6a6573ef9
11,2042,0.06,NHF,13,10628.23540620177,10628.235406201768,35f6a6573ef9
11,2042,0.06,NHF,14,4602.703111135637,4602.703111135637,35f6a6573ef9
11,2042,0.06,NHF,15,10211.501608811588,10211.501608811586,35f6a6573ef9
11,2042,0.06,NDY,1,10066.397630715262,10066.397630715262,35f6a6573ef9
11,2042,0.06,NDY,2,10066.397630715264,9918.247201888422,35f6a6573ef9
11,2042,0.06,NDY,3,10066.397630715264,9814.04202136231,35f6a6573ef9
11,2042,0.06,NDY,4,10066.397630715264,9717.790202332166,35f6a6573ef9
11,2042,0.06,NDY,5,10066.397630715266,9608.955717014556,35f6a6573ef9
11,2042,0.06,NDY,6,10066.397630715262,9498.445708777232,35f6a6573ef9
11,2042,0.06,NDY,7,10066.397630715262,9383.537784698954,35f6a6573ef9
11,2042,0.06,NDY,8,10066.397630715264,9282.907656346353,35f6a6573ef9
11,2042,0.06,NDY,9,10066.397630715264,9203.083770494484,35f6a6573ef9
11,2042,0.06,NDY,10,10066.397630715264,9129.21902122488,35f6a6573ef9
11,2042,0.06,NDY,11,10066.397630715264,9067.837116558789,35f6a6573ef9
11,2042,0.06,NDY,12,10066.397630715266,9003.43920453784,35f6a6573ef9
11,2042,0.06,NDY,13,10066.397630715268,8945.312605034896,35f6a6573ef9
11,2042,0.06,NDY,14,10066.397630715266,8880.747387235608,35f6a6573ef9
11,2042,0.06,NDY,15,10066.397630715266,8804.837454156677,35f6a6573ef9
11,2042,0.06,-10%,1,15388.480195729791,15388.480195729791,35f6a6573ef9
11,2042,0.06,-10%,2,13849.63217615681,13833.736703945695,35f6a6573ef9
11,2042,0.06,-10%,3,12464.668958541131,12423.99143965664,35f6a6573ef9
11,2042,0.06,-10%,4,11218.20206268702,11153.910187948974,35f6a6573ef9
11,2042,0.06,-10%,5,10096.381856418318,10038.510306087524,35f6a6573ef9
11,2042,0.06,-10%,6,9086.743670776488,9034.659274862202,35f6a6573ef9
11,2042,0.06,-10%,7,8178.069303698841,8131.19334473807,35f6a6573ef9
11,2042,0.06,-10%,8,7360.2623733289565,7336.242703716171,35f6a6573ef9
11,2042,0.06,-10%,9,6624.23613599606,6602.618432730882,35f6a6573ef9
11,2042,0.06,-10%,10,5961.812522396454,5942.356591489686,35f6a6573ef9
11,2042,0.06,-10%,11,8336.079042108817,8201.638999777653,35f6a6573ef9
11,2042,0.06,-10%,12,10153.890564580111,10451.58028864074,35f6a6573ef9
11,2042,0.06,-10%,13,9633.190837687309,9407.986616840353,35f6a6573ef9
11,2042,0.06,-10%,14,8669.871753918582,8467.187956421776,35f6a6573ef9
11,2042,0.06,-10%,15,7802.884578526719,7620.469160449059,35f6a6573ef9
11,2042,0.06,-20%,1,18881.651504244226,18881.651504244226,35f6a6573ef9
11,2042,0.06,-20%,2,15105.32120339538,15077.03922648439,35f6a6573ef9
11,2042,0.06,-20%,3,12084.256962716303,12048.847369605599,35f6a6573ef9
11,2042,0.06,-20%,4,9667.405570173041,9639.077896035267,35f6a6573ef9
11,2042,0.06,-20%,5,7733.924456138435,7711.262315233752,35f6a6573ef9
11,2042,0.06,-20%,6,6187.139564910747,6169.009854287724,35f6a6573ef9
11,2042,0.06,-20%,7,5829.753145275093,5829.753145275094,35f6a6573ef9
11,2042,0.06,-20%,8,8220.365793024937,8342.093726398227,35f6a6573ef9
11,2042,0.06,-20%,9,10767.920964785244,10746.719197662029,35f6a6573ef9
11,2042,0.06,-20%,10,8614.336771828195,8618.39292045439,35f6a6573ef9
11,2042,0.06,-20%,11,6891.4694174625565,7006.911604269944,35f6a6573ef9
11,2042,0.06,-20%,12,9648.663130392726,9484.306026245078,35f6a6573ef9
11,2042,0.06,-20%,13,7718.930504314181,7587.444818815916,35f6a6573ef9
11,2042,0.06,-20%,14,6175.144403451344,6069.955854872289,35f6a6573ef9
11,2042,0.06,-20%,15,8534.53715925607,8322.152440603397,35f6a6573ef9
11,2042,0.06,+/-10%,1,15371.654281594057,15371.654281594057,35f6a6573ef9
11,2042,0.06,+/-10%,2,13834.488853434652,13820.037198685508,35f6a6573ef9
11,2042,0.06,+/-10%,3,12451.039968091185,12405.972729252355,35f6a6573ef9
11,2042,0.06,+/-10%,4,11205.935971282066,11138.089041781119,35f6a6573ef9
11,2042,0.06,+/-10%,5,10085.342374153859,10024.280140498651,35f6a6573ef9
11,2042,0.06,+/-10%,6,9076.808136738475,9021.852118821436,35f6a6573ef9
11,2042,0.06,+/-10%,7,8169.127323064629,8119.666906734318,35f6a6573ef9
11,2042,0.06,+/-10%,8,7352.214590758167,7325.602837141949,35f6a6573ef9
11,2042,0.06,+/-10%,9,6616.993131682348,6593.042556438008,35f6a6573ef9
11,2042,0.06,+/-10%,10,6661.119733340839,7033.158778452459,35f6a6573ef9
11,2042,0.06,+/-10%,11,7327.231706674926,7736.474659583166,35f6a6573ef9
11,2042,0.06,+/-10%,12,8059.954877342417,8849.334020089656,35f6a6573ef9
11,2042,0.06,+/-10%,13,8865.950365076664,9811.85932779829,35f6a6573ef9
11,2042,0.06,+/-10%,14,9752.545401584326,8830.673394433496,35f6a6573ef9
11,2042,0.06,+/-10%,15,10727.799941742758,7947.606056653057,35f6a6573ef9
11,2042,0.06,+/-20%,1,18887.449807880916,18887.449807880916,35f6a6573ef9
11,2042,0.06,+/-20%,2,15109.959846304731,15083.585668905003,35f6a6573ef9
11,2042,0.06,+/-20%,3,12087.967877043786,12038.732263026555,35f6a6573ef9
11,2042,0.06,+/-20%,4,9670.374301635029,9630.985809251486,35f6a6573ef9
11,2042,0.06,+/-20%,5,7736.299441308025,7704.788649133277,35f6a6573ef9
11,2042,0.06,+/-20%,6,6189.039553046419,6163.830920017431,35f6a6573ef9
11,2042,0.06,+/-20%,7,6386.417699227286,6386.417696743142,35f6a6573ef9
11,2042,0.06,+/-20%,8,7663.701239072745,7663.701241556888,35f6a6573ef9
11,2042,0.06,+/-20%,9,9196.44148688729,9636.551282275706,35f6a6573ef9
11,2042,0.06,+/-20%,10,9857.713780810345,9683.820099929299,35f6a6573ef9
11,2042,0.06,+/-20%,11,7886.171024648277,7747.05607834573,35f6a6573ef9
11,2042,0.06,+/-20%,12,9463.40522957793,9228.928702588397,35f6a6573ef9
11,2042,0.06,+/-20%,13,7570.724183662344,7383.142960348378,35f6a6573ef9
11,2042,0.06,+/-20%,14,6056.579346929876,5906.514365290948,35f6a6573ef9
11,2042,0.06,+/-20%,15,7267.895216315853,7674.8838986278,35f6a6573ef9
11,3042,0.0,NHF,1,3063.8771484999997,3063.8771484999997,35f6a6573ef9
11,3042,0.0,NHF,2,1784.2977029625,1112.4930290133332,35f6a6573ef9
11,3042,0.0,NHF,3,7000.830570337329,453.00147035,35f6a6573ef9
11,3042,0.0,NHF,4,6190.3263315975,10726.898917110811,35f6a6573ef9
11,3042,0.0,NHF,5,24920.575693044808,16513.174005034674,35f6a6573ef9
11,3042,0.0,NHF,6,9826.124199805849,7867.656923362156,35f6a6573ef9
11,3042,0.0,NHF,7,23384.55336977938,6905.373277411081,35f6a6573ef9
11,3042,0.0,NHF,8,6667.226784444127,11301.465240769836,35f6a6573ef9
11,3042,0.0,NHF,9,5385.495906331786,8914.457668364797,35f6a6573ef9
11,3042,0.0,NHF,10,1067.12031559,10548.702398468267,35f6a6573ef9
11,3042,0.0,NHF,11,753.64845281,9157.09399881362,35f6a6573ef9
11,3042,0.0,NHF,12,1623.5109233525,10598.357397563941,35f6a6573ef9
11,3042,0.0,NHF,13,1730.1086055424998,8945.749723007413,35f6a6573ef9
11,3042,0.0,NHF,14,7206.646846774773,9500.234559005548,35f6a6573ef9
11,3042,0.0,NHF,15,71849.8381687597,9274.403626031992,35f6a6573ef9
11,3042,0.0,NDY,1,3012.6814833374624,3012.6814833374624,35f6a6573ef9
11,3042,0.0,NDY,2,10702.51597386047,8900.745709148781,35f6a6573ef9
11,3042,0.0,NDY,3,10702.51597386047,8856.918061906967,35f6a6573ef9
11,3042,0.0,NDY,4,10702.515973860467,8940.836547034465,35f6a6573ef9
11,3042,0.0,NDY,5,10702.515973860469,10421.431441138611,35f6a6573ef9
11,3042,0.0,NDY,6,10702.515973860473,10236.436362517414,35f6a6573ef9
11,3042,0.0,NDY,7,10702.515973860469,10095.761860559156,35f6a6573ef9
11,3042,0.0,NDY,8,10702.51597386047,9940.407562985125,35f6a6573ef9
11,3042,0.0,NDY,9,10702.51597386047,9814.471707465957,35f6a6573ef9
11,3042,0.0,NDY,10,10702.515973860473,9551.16698011493,35f6a6573ef9
11,3042,0.0,NDY,11,10702.51597386047,9417.710391357034,35f6a6573ef9
11,3042,0.0,NDY,12,10702.515973860465,9072.041596959583,35f6a6573ef9
11,3042,0.0,NDY,13,10702.515973860463,9059.007417153733,35f6a6573ef9
11,3042,0.0,NDY,14,10702.515973860467,8621.007753554737,35f6a6573ef9
11,3042,0.0,NDY,15,10702.51597386047,8296.992251739195,35f6a6573ef9
11,3042,0.0,-10%,1,4503.5895809977055,4503.5895809977055,35f6a6573ef9
11,3042,0.0,-10%,2,4053.230622897935,4053.2306280825,35f6a6573ef9
11,3042,0.0,-10%,3,5973.305235605012,5094.385336112074,35f6a6573ef9
11,3042,0.0,-10%,4,13722.771133030325,14735.336625506061,35f6a6573ef9
11,3042,0.0,-10%,5,12350.494019727294,13586.511247097656,35f6a6573ef9
11,3042,0.0,-10%,6,11115.444617754567,12290.496321086684,35f6a6573ef9
11,3042,0.0,-10%,7,10003.900155979109,9593.427709642667,35f6a6573ef9
11,3042,0.0,-10%,8,9003.5101403812,7613.652100725801,35f6a6573ef9
11,3042,0.0,-10%,9,8103.159126343079,11159.222795246813,35f6a6573ef9
11,3042,0.0,-10%,10,9197.51070249872,10050.304551126552,35f6a6573ef9
11,3042,0.0,-10%,11,15478.4710015095,7678.053060932184,35f6a6573ef9
11,3042,0.0,-10%,12,14681.09187086484,8371.338340856293,35f6a6573ef9
11,3042,0.0,-10%,13,13212.982683778357,8788.23526635323,35f6a6573ef9
11,3042,0.0,-10%,14,11891.684415400521,6379.4982308575,35f6a6573ef9
11,3042,0.0,-10%,15,10702.51597386047,8077.367451204287,35f6a6573ef9
11,3042,0.0,-20%,1,4600.25067983,4600.25067983,35f6a6573ef9
11,3042,0.0,-20%,2,3884.114175372216,3953.9487287225,35f6a6573ef9
11,3042,0.0,-20%,3,3107.291340297773,7189.26355573,35f6a6573ef9
11,3042,0.0,-20%,4,14831.75995835531,10664.452694998852,35f6a6573ef9
11,3042,0.0,-20%,5,14922.494377978603,16471.628426536303,35f6a6573ef9
11,3042,0.0,-20%,6,11937.995502382884,13058.04934850891,35f6a6573ef9
11,3042,0.0,-20%,7,9550.396401906308,9340.45707694835,35f6a6573ef9
11,3042,0.0,-20%,8,7640.317121525047,6644.199501875802,35f6a6573ef9
11,3042,0.0,-20%,9,8162.234401608616,9240.007518896116,35f6a6573ef9
11,3042,0.0,-20%,10,9120.659733171928,9423.919589131378,35f6a6573ef9
11,3042,0.0,-20%,11,10479.690603134684,10767.12642478454,35f6a6573ef9
11,3042,0.0,-20%,12,14928.993755212232,7734.557575681477,35f6a6573ef9
11,3042,0.0,-20%,13,16722.681209156977,8731.945323902295,35f6a6573ef9
11,3042,0.0,-20%,14,13378.144967325585,7393.85025960862,35f6a6573ef9
11,3042,0.0,-20%,15,10702.51597386047,6366.355040600961,35f6a6573ef9
11,3042,0.0,+/-10%,1,6453.864465072971,6453.864465072971,35f6a6573ef9
11,3042,0.0,+/-10%,2,7099.25091158027,7297.703825849971,35f6a6573ef9
11,3042,0.0,+/-10%,3,7809.176002738299,8547.886937766474,35f6a6573ef9
11,3042,0.0,+/-10%,4,8590.093603012128,10116.271167461598,35f6a6573ef9
11,3042,0.0,+/-10%,5,9449.10296331334,11970.28878862911,35f6a6573ef9
11,3042,0.0,+/-10%,6,10394.01325964468,9738.514365002071,35f6a6573ef9
11,3042,0.0,+/-10%,7,9354.611933680211,9593.479739166143,35f6a6573ef9
11,3042,0.0,+/-10%,8,9799.31398922879,9140.891494409287,35f6a6573ef9
11,3042,0.0,+/-10%,9,10779.24538815167,9311.874784916117,35f6a6573ef9
11,3042,0.0,+/-10%,10,11857.169926966839,10384.23948838959,35f6a6573ef9
11,3042,0.0,+/-10%,11,13042.88691966352,9509.594747950267,35f6a6573ef9
11,3042,0.0,+/-10%,12,14347.175611629877,7811.918626619022,35f6a6573ef9
11,3042,0.0,+/-10%,13,13212.982683778355,8392.02015919323,35f6a6573ef9
11,3042,0.0,+/-10%,14,11891.684415400523,8302.321636032686,35f6a6573ef9
11,3042,0.0,+/-10%,15,10702.51597386047,8844.107703980437,35f6a6573ef9
11,3042,0.0,+/-20%,1,5332.524415360687,5332.524415360687,35f6a6573ef9
11,3042,0.0,+/-20%,2,6399.029298432826,6728.247403014013,35f6a6573ef9
11,3042,0.0,+/-20%,3,7678.835158119391,8745.229843094412,35f6a6573ef9
11,3042,0.0,+/-20%,4,9214.602189743275,9908.61139802161,35f6a6573ef9
11,3042,0.0,+/-20%,5,11057.522627691924,13337.113924949204,35f6a6573ef9
11,3042,0.0,+/-20%,6,12450.237297947479,9786.452642258171,35f6a6573ef9
11,3042,0.0,+/-20%,7,9960.189838357981,9067.285737513599,35f6a6573ef9
11,3042,0.0,+/-20%,8,7968.1518706863835,8735.334575154066,35f6a6573ef9
11,3042,0.0,+/-20%,9,8647.831385589718,10353.77172865071,35f6a6573ef9
11,3042,0.0,+/-20%,10,9807.391075943427,9711.553282349863,35f6a6573ef9
11,3042,0.0,+/-20%,11,11624.471544330172,10840.913027307186,35f6a6573ef9
11,3042,0.0,+/-20%,12,13949.365853196208,7675.057285708127,35f6a6573ef9
11,3042,0.0,+/-20%,13,16722.681209156985,8027.496630363227,35f6a6573ef9
11,3042,0.0,+/-20%,14,13378.144967325588,7169.339857789103,35f6a6573ef9
11,3042,0.0,+/-20%,15,10702.51597386047,8477.04263071123,35f6a6573ef9
11,3042,0.02,NHF,1,30694.933785678393,30694.933785678393,35f6a6573ef9
11,3042,0.02,NHF,2,5202.649468886781,6128.327095347681,35f6a6573ef9
11,3042,0.02,NHF,3,6557.41636585533,6049.969357748798,35f6a6573ef9
11,3042,0.02,NHF,4,4531.45616251279,5481.244184783482,35f6a6573ef9
11,3042,0.02,NHF,5,15117.775148012497,13220.95480438161,35f6a6573ef9
11,3042,0.02,NHF,6,4554.441516038176,4554.441516038176,35f6a6573ef9
11,3042,0.02,NHF,7,9935.303414066788,9935.30341406679,35f6a6573ef9
11,3042,0.02,NHF,8,11450.409941197302,11450.409941197302,35f6a6573ef9
11,3042,0.02,NHF,9,10400.586877383952,10409.225942187406,35f6a6573ef9
11,3042,0.02,NHF,10,3401.49629985191,4257.154464628991,35f6a6573ef9
11,3042,0.02,NHF,11,4612.439777535371,7448.808627162789,35f6a6573ef9
11,3042,0.02,NHF,12,6057.413065238851,4146.300945500007,35f6a6573ef9
11,3042,0.02,NHF,13,13389.895064243861,13808.507186178776,35f6a6573ef9
11,3042,0.02,NHF,14,6835.048405284211,3692.7596703793647,35f6a6573ef9
11,3042,0.02,NHF,15,12472.377640327119,10480.640916088512,35f6a6573ef9
11,3042,0.02,NDY,1,10137.804354870452,10137.804354870452,35f6a6573ef9
11,3042,0.02,NDY,2,10137.804354870452,10031.928472793097,35f6a6573ef9
11,3042,0.02,NDY,3,10137.804354870454,9937.628096964603,35f6a6573ef9
11,3042,0.02,NDY,4,10137.804354870448,9858.095662421696,35f6a6573ef9
11,3042,0.02,NDY,5,10137.804354870446,9771.827973023976,35f6a6573ef9
11,3042,0.02,NDY,6,10137.80435487046,9696.077544203628,35f6a6573ef9
11,3042,0.02,NDY,7,10137.80435487046,9613.821455472935,35f6a6573ef9
11,3042,0.02,NDY,8,10137.804354870448,9545.61148439219,35f6a6573ef9
11,3042,0.02,NDY,9,10137.804354870443,9476.16372342968,35f6a6573ef9
11,3042,0.02,NDY,10,10137.804354870475,9412.162657360064,35f6a6573ef9
11,3042,0.02,NDY,11,10137.804354870404,9352.064057033074,35f6a6573ef9
11,3042,0.02,NDY,12,10137.804354870468,9287.234868893041,35f6a6573ef9
11,3042,0.02,NDY,13,10137.80435487046,9228.465354726726,35f6a6573ef9
11,3042,0.02,NDY,14,10137.804354870448,9168.738112883124,35f6a6573ef9
11,3042,0.02,NDY,15,10137.804354870455,9123.062203594774,35f6a6573ef9
11,3042,0.02,-10%,1,15183.986559589339,15183.986559589339,35f6a6573ef9
11,3042,0.02,-10%,2,13665.587903630409,13677.93030194095,35f6a6573ef9
11,3042,0.02,-10%,3,12299.029113267363,12280.740081540831,35f6a6573ef9
11,3042,0.02,-10%,4,11069.126201940631,11034.648844588519,35f6a6573ef9
11,3042,0.02,-10%,5,9962.213581746571,9911.866450912585,35f6a6573ef9
11,3042,0.02,-10%,6,8965.992223571911,8920.679807339058,35f6a6573ef9
11,3042,0.02,-10%,7,8271.522712877115,8271.522713829185,35f6a6573ef9
11,3042,0.02,-10%,8,8509.133332471476,8310.489070920388,35f6a6573ef9
11,3042,0.02,-10%,9,7658.219999224329,7479.440160572367,35f6a6573ef9
11,3042,0.02,-10%,10,6892.397999301895,7946.278550841969,35f6a6573ef9
11,3042,0.02,-10%,11,7701.65351652282,7151.650691742718,35f6a6573ef9
11,3042,0.02,-10%,12,7273.003927622775,7269.0695978563135,35f6a6573ef9
11,3042,0.02,-10%,13,9296.04395806074,9271.480968807564,35f6a6573ef9
11,3042,0.02,-10%,14,8366.439562254669,8344.332870862707,35f6a6573ef9
11,3042,0.02,-10%,15,9556.127620300178,8560.94545490983,35f6a6573ef9
11,3042,0.02,-20%,1,18487.616248579692,18487.616248579692,35f6a6573ef9
11,3042,0.02,-20%,2,14790.092998863756,14779.434640296591,35f6a6573ef9
11,3042,0.02,-20%,3,11832.074399091001,11786.168608317472,35f6a6573ef9
11,3042,0.02,-20%,4,9465.659519272805,9409.20804295521,35f6a6573ef9
11,3042,0.02,-20%,5,7572.527615418244,7596.601615146824,35f6a6573ef9
11,3042,0.02,-20%,6,6058.022092334595,6077.281288443176,35f6a6573ef9
11,3042,0.02,-20%,7,8547.48357778289,8547.48357778289,35f6a6573ef9
11,3042,0.02,-20%,8,9788.942038486352,9620.365177677517,35f6a6573ef9
11,3042,0.02,-20%,9,7831.153630789082,7696.292138272435,35f6a6573ef9
11,3042,0.02,-20%,10,7311.178578270467,9029.224123612155,35f6a6573ef9
11,3042,0.02,-20%,11,9358.617979709627,7600.100491225157,35f6a6573ef9
11,3042,0.02,-20%,12,8053.097146038359,7955.125765436542,35f6a6573ef9
11,3042,0.02,-20%,13,7806.821050435119,7824.950548551812,35f6a6573ef9
11,3042,0.02,-20%,14,6245.456840348096,6259.960434553735,35f6a6573ef9
11,3042,0.02,-20%,15,10702.515973860463,9732.61115607024,35f6a6573ef9
11,3042,0.02,+/-10%,1,15190.338179996616,15190.338179996616,35f6a6573ef9
11,3042,0.02,+/-10%,2,13671.304361996952,13673.629401201973,35f6a6573ef9
11,3042,0.02,+/-10%,3,12304.17392579725,12278.561083570552,35f6a6573ef9
11,3042,0.02,+/-10%,4,11073.75653321753,11049.174561207745,35f6a6573ef9
11,3042,0.02,+/-10%,5,9966.380879895778,9919.250688773873,35f6a6573ef9
11,3042,0.02,+/-10%,6,8969.7427919062,8927.325617873179,35f6a6573ef9
11,3042,0.02,+/-10%,7,8253.549701029917,8253.549700213263,35f6a6573ef9
11,3042,0.02,+/-10%,8,8426.511391759568,8322.901900255807,35f6a6573ef9
11,3042,0.02,+/-10%,9,7583.860252583611,7490.611715130017,35f6a6573ef9
11,3042,0.02,+/-10%,10,6825.4742273252505,7406.368595589653,35f6a6573ef9
11,3042,0.02,+/-10%,11,7440.856843987724,7571.2958378498715,35f6a6573ef9
11,3042,0.02,+/-10%,12,8184.942528386499,8328.425420612333,35f6a6573ef9
11,3042,0.02,+/-10%,13,9003.436781225148,8705.79655702181,35f6a6573ef9
11,3042,0.02,+/-10%,14,8480.66004613459,7835.216903261524,35f6a6573ef9
11,3042,0.02,+/-10%,15,9328.726050748046,8387.86364266135,35f6a6573ef9
11,3042,0.02,+/-20%,1,18351.76389123422,18351.76389123422,35f6a6573ef9
11,3042,0.02,+/-20%,2,14681.411112987376,14673.601122964157,35f6a6573ef9
11,3042,0.02,+/-20%,3,11745.128890389913,11218.575885976976,35f6a6573ef9
11,3042,0.02,+/-20%,4,9396.103112311937,8947.45531147418,35f6a6573ef9
11,3042,0.02,+/-20%,5,7516.88248984955,8628.613557358049,35f6a6573ef9
11,3042,0.02,+/-20%,6,6899.837358342575,6901.381313333004,35f6a6573ef9
11,3042,0.02,+/-20%,7,8279.804830011091,8281.657578675042,35f6a6573ef9
11,3042,0.02,+/-20%,8,9935.765796013311,9972.162381982193,35f6a6573ef9
11,3042,0.02,+/-20%,9,7948.612636810647,7977.729905525701,35f6a6573ef9
11,3042,0.02,+/-20%,10,7304.263988733702,8361.855117236355,35f6a6573ef9
11,3042,0.02,+/-20%,11,8765.116786480437,6706.139744230218,35f6a6573ef9
11,3042,0.02,+/-20%,12,7878.947797239508,7519.867060160266,35f6a6573ef9
11,3042,0.02,+/-20%,13,6982.404839563704,8965.75568242329,35f6a6573ef9
11,3042,0.02,+/-20%,14,8378.88580747644,7172.604542631756,35f6a6573ef9
11,3042,0.02,+/-20%,15,10054.662968971727,9142.1652083224,35f6a6573ef9
11,3042,0.04,NHF,1,34974.50173550093,34974.50173550093,35f6a6573ef9
11,3042,0.04,NHF,2,6544.34124340008,6544.34124340008,35f6a6573ef9
11,3042,0.04,NHF,3,6338.607833457372,6338.607833457372,35f6a6573ef9
11,3042,0.04,NHF,4,5097.177021971239,5097.177021971239,35f6a6573ef9
11,3042,0.04,NHF,5,3953.5384013016746,3953.5384013016746,35f6a6573ef9
11,3042,0.04,NHF,6,4554.441516038176,4554.441516038176,35f6a6573ef9
11,3042,0.04,NHF,7,10423.933655777912,10423.933655777913,35f6a6573ef9
11,3042,0.04,NHF,8,12498.81574325978,12498.81574325978,35f6a6573ef9
11,3042,0.04,NHF,9,13399.563603065393,13399.563603065393,35f6a6573ef9
11,3042,0.04,NHF,10,6423.148448585492,6423.148448585492,35f6a6573ef9
11,3042,0.04,NHF,11,5198.176869681449,5198.176869681449,35f6a6573ef9
11,3042,0.04,NHF,12,4410.051051005094,4410.051051005094,35f6a6573ef9
11,3042,0.04,NHF,13,9590.651391258063,9590.651391258065,35f6a6573ef9
11,3042,0.04,NHF,14,4340.019853146398,4340.019853146398,35f6a6573ef9
11,3042,0.04,NHF,15,10868.170230482152,10868.17023048215,35f6a6573ef9
11,3042,0.04,NDY,1,10069.440653977032,10069.440653977032,35f6a6573ef9
11,3042,0.04,NDY,2,10069.440653977035,9956.095088621947,35f6a6573ef9
11,3042,0.04,NDY,3,10069.440653977028,9853.56485295317,35f6a6573ef9
11,3042,0.04,NDY,4,10069.44065397703,9744.33926132045,35f6a6573ef9
11,3042,0.04,NDY,5,10069.440653977032,9643.971836794382,35f6a6573ef9
11,3042,0.04,NDY,6,10069.440653977033,9553.65184187206,35f6a6573ef9
11,3042,0.04,NDY,7,10069.440653977033,9465.801040229597,35f6a6573ef9
11,3042,0.04,NDY,8,10069.440653977035,9380.363230202749,35f6a6573ef9
11,3042,0.04,NDY,9,10069.440653977033,9306.280608253574,35f6a6573ef9
11,3042,0.04,NDY,10,10069.440653977033,9232.357688408702,35f6a6573ef9
11,3042,0.04,NDY,11,10069.440653977039,9149.268365086795,35f6a6573ef9
11,3042,0.04,NDY,12,10069.440653977039,9070.755313269146,35f6a6573ef9
11,3042,0.04,NDY,13,10069.440653977039,8998.861114691237,35f6a6573ef9
11,3042,0.04,NDY,14,10069.440653977035,8937.316286331315,35f6a6573ef9
11,3042,0.04,NDY,15,10069.440653977033,8878.533673338336,35f6a6573ef9
11,3042,0.04,-10%,1,15194.605888071601,15194.605888071601,35f6a6573ef9
11,3042,0.04,-10%,2,13675.145299264439,13675.145296200159,35f6a6573ef9
11,3042,0.04,-10%,3,12307.630769337995,12303.93725202727,35f6a6573ef9
11,3042,0.04,-10%,4,11076.867692404197,11055.160135489961,35f6a6573ef9
11,3042,0.04,-10%,5,9969.18092316378,9949.64412416969,35f6a6573ef9
11,3042,0.04,-10%,6,8972.2628308474,8954.679712797326,35f6a6573ef9
11,3042,0.04,-10%,7,8075.03654776266,8075.036545953233,35f6a6573ef9
11,3042,0.04,-10%,8,8044.129244776674,8044.129249156289,35f6a6573ef9
11,3042,0.04,-10%,9,7239.716320299006,7239.716324820563,35f6a6573ef9
11,3042,0.04,-10%,10,8448.135590045726,8341.849135551327,35f6a6573ef9
11,3042,0.04,-10%,11,7603.322031041153,7857.8587040785505,35f6a6573ef9
11,3042,0.04,-10%,12,7699.572398291652,8067.6511086291985,35f6a6573ef9
11,3042,0.04,-10%,13,8722.216894895933,8347.045891689348,35f6a6573ef9
11,3042,0.04,-10%,14,7849.995205406341,7512.341305898815,35f6a6573ef9
11,3042,0.04,-10%,15,8384.373903561085,8184.570905787821,35f6a6573ef9
11,3042,0.04,-20%,1,18512.188731437356,18512.188731437356,35f6a6573ef9
11,3042,0.04,-20%,2,14809.750985149883,14806.23265058139,35f6a6573ef9
11,3042,0.04,-20%,3,11847.800788119906,11845.713946597936,35f6a6573ef9
11,3042,0.04,-20%,4,9478.240630495928,9476.317340599444,35f6a6573ef9
11,3042,0.04,-20%,5,7582.592504396742,7581.053871722712,35f6a6573ef9
11,3042,0.04,-20%,6,6066.074003517393,6064.843095503075,35f6a6573ef9
11,3042,0.04,-20%,7,7612.470857394677,7612.47085948679,35f6a6573ef9
11,3042,0.04,-20%,8,9810.0581114058,9810.05810931369,35f6a6573ef9
11,3042,0.04,-20%,9,9045.911475520608,9439.816874763406,35f6a6573ef9
11,3042,0.04,-20%,10,7751.805115338307,7663.008187846403,35f6a6573ef9
11,3042,0.04,-20%,11,8903.022255182595,8294.607178273043,35f6a6573ef9
11,3042,0.04,-20%,12,7925.407719282202,7691.7763876742265,35f6a6573ef9
11,3042,0.04,-20%,13,7496.914954415385,7822.995875998697,35f6a6573ef9
11,3042,0.04,-20%,14,5997.531963532309,6258.396697150483,35f6a6573ef9
11,3042,0.04,-20%,15,7335.318947896138,7335.318947896138,35f6a6573ef9
11,3042,0.04,+/-10%,1,15196.365703868181,15196.365703868181,35f6a6573ef9
11,3042,0.04,+/-10%,2,13676.729133481365,13675.562244275827,35f6a6573ef9
11,3042,0.04,+/-10%,3,12309.056220133223,12300.211795831616,35f6a6573ef9
11,3042,0.04,+/-10%,4,11078.150598119904,11062.472507619508,35f6a6573ef9
11,3042,0.04,+/-10%,5,9970.335538307916,9951.091800280283,35f6a6573ef9
11,3042,0.04,+/-10%,6,8973.301984477122,8955.982621092957,35f6a6573ef9
11,3042,0.04,+/-10%,7,8075.971786029411,8075.971787049217,35f6a6573ef9
11,3042,0.04,+/-10%,8,8114.652881466799,8071.023018012499,35f6a6573ef9
11,3042,0.04,+/-10%,9,7345.746980797448,7278.002416610783,35f6a6573ef9
11,3042,0.04,+/-10%,10,8080.321678877193,7945.513862577001,35f6a6573ef9
11,3042,0.04,+/-10%,11,7617.999135779419,8284.601706144455,35f6a6573ef9
11,3042,0.04,+/-10%,12,7922.875497311807,8112.6172880538625,35f6a6573ef9
11,3042,0.04,+/-10%,13,8715.16304704299,8265.265968200676,35f6a6573ef9
11,3042,0.04,+/-10%,14,7843.64674233869,7438.739371122832,35f6a6573ef9
11,3042,0.04,+/-10%,15,8473.799583897653,7787.2063553887165,35f6a6573ef9
11,3042,0.04,+/-20%,1,18509.48164681708,18509.48164681708,35f6a6573ef9
11,3042,0.04,+/-20%,2,14807.585317453666,14797.413941292101,35f6a6573ef9
11,3042,0.04,+/-20%,3,11846.068253962929,11837.970362456948,35f6a6573ef9
11,3042,0.04,+/-20%,4,9476.854603170348,9464.735044172174,35f6a6573ef9
11,3042,0.04,+/-20%,5,7581.483682536275,7571.967693112419,35f6a6573ef9
11,3042,0.04,+/-20%,6,6065.186946029022,6109.096542475251,35f6a6573ef9
11,3042,0.04,+/-20%,7,7278.224335234827,7330.9158556551465,35f6a6573ef9
11,3042,0.04,+/-20%,8,8733.869202281794,9134.065353169568,35f6a6573ef9
11,3042,0.04,+/-20%,9,10480.64304273815,10092.875287679128,35f6a6573ef9
11,3042,0.04,+/-20%,10,8384.51443419052,9090.216103286473,35f6a6573ef9
11,3042,0.04,+/-20%,11,8889.103680893651,7614.8276923672765,35f6a6573ef9
11,3042,0.04,+/-20%,12,7855.350444701325,7845.875533782391,35f6a6573ef9
11,3042,0.04,+/-20%,13,6284.280355761062,6275.07800020821,35f6a6573ef9
11,3042,0.04,+/-20%,14,6379.16872020631,6400.236565127775,35f6a6573ef9
11,3042,0.04,+/-20%,15,7655.002464247573,8035.863129952413,35f6a6573ef9
11,3042,0.06,NHF,1,34974.50173550093,34974.50173550093,35f6a6573ef9
11,3042,0.06,NHF,2,6544.34124340008,6544.34124340008,35f6a6573ef9
11,3042,0.06,NHF,3,6338.607833457372,6338.607833457372,35f6a6573ef9
11,3042,0.06,NHF,4,5097.177021971239,5097.177021971239,35f6a6573ef9
11,3042,0.06,NHF,5,3953.5384013016746,3953.5384013016746,35f6a6573ef9
11,3042,0.06,NHF,6,4554.441516038176,4554.441516038176,35f6a6573ef9
11,3042,0.06,NHF,7,10423.933655777912,10423.933655777913,35f6a6573ef9
11,3042,0.06,NHF,8,12498.81574325978,12498.81574325978,35f6a6573ef9
11,3042,0.06,NHF,9,13399.563603065393,13399.563603065393,35f6a6573ef9
11,3042,0.06,NHF,10,6423.148448585492,6423.148448585492,35f6a6573ef9
11,3042,0.06,NHF,11,5198.176869681449,5198.176869681449,35f6a6573ef9
11,3042,0.06,NHF,12,4410.051051005094,4410.051051005094,35f6a6573ef9
11,3042,0.06,NHF,13,9590.651391258063,9590.651391258065,35f6a6573ef9
11,3042,0.06,NHF,14,4340.019853146398,4340.019853146398,35f6a6573ef9
11,3042,0.06,NHF,15,10868.170230482152,10868.17023048215,35f6a6573ef9
11,3042,0.06,NDY,1,9994.562360734799,9994.562360734799,35f6a6573ef9
11,3042,0.06,NDY,2,9994.5623607348,9830.839859292644,35f6a6573ef9
11,3042,0.06,NDY,3,9994.5623607348,9722.269444924053,35f6a6573ef9
11,3042,0.06,NDY,4,9994.562360734799,9627.525705790464,35f6a6573ef9
11,3042,0.06,NDY,5,9994.562360734799,9508.982373617957,35f6a6573ef9
11,3042,0.06,NDY,6,9994.562360734802,9424.53088359754,35f6a6573ef9
11,3042,0.06,NDY,7,9994.562360734802,9311.282230136305,35f6a6573ef9
11,3042,0.06,NDY,8,9994.562360734804,9224.64851580404,35f6a6573ef9
11,3042,0.06,NDY,9,9994.562360734799,9145.81409678231,35f6a6573ef9
11,3042,0.06,NDY,10,9994.5623607348,9077.845789018334,35f6a6573ef9
11,3042,0.06,NDY,11,9994.562360734802,8996.838313912745,35f6a6573ef9
11,3042,0.06,NDY,12,9994.562360734802,8933.313674535833,35f6a6573ef9
11,3042,0.06,NDY,13,9994.5623607348,8865.941249126254,35f6a6573ef9
11,3042,0.06,NDY,14,9994.562360734806,8803.727384256128,35f6a6573ef9
11,3042,0.06,NDY,15,9994.562360734802,8727.152570162523,35f6a6573ef9
11,3042,0.06,-10%,1,15138.61966212284,15138.61966212284,35f6a6573ef9
11,3042,0.06,-10%,2,13624.757695910555,13599.635822032926,35f6a6573ef9
11,3042,0.06,-10%,3,12262.281926319498,12184.099821811775,35f6a6573ef9
11,3042,0.06,-10%,4,11036.053733687551,10940.972407845022,35f6a6573ef9
11,3042,0.06,-10%,5,9932.448360318796,9843.038298655416,35f6a6573ef9
11,3042,0.06,-10%,6,8939.203524286919,8858.73446789674,35f6a6573ef9
11,3042,0.06,-10%,7,8045.283171858227,8045.283173692298,35f6a6573ef9
11,3042,0.06,-10%,8,7619.059551039897,7619.059549205826,35f6a6573ef9
11,3042,0.06,-10%,9,7109.3723878779765,6857.153593688981,35f6a6573ef9
11,3042,0.06,-10%,10,8880.931173787878,9334.376036991589,35f6a6573ef9
11,3042,0.06,-10%,11,7992.838056409089,8400.93843192314,35f6a6573ef9
11,3042,0.06,-10%,12,7781.634359712434,8122.192118471096,35f6a6573ef9
11,3042,0.06,-10%,13,8693.977723806227,7997.165554949114,35f6a6573ef9
11,3042,0.06,-10%,14,7824.579951425605,7197.448999750517,35f6a6573ef9
11,3042,0.06,-10%,15,7042.121956283045,6836.230780670676,35f6a6573ef9
11,3042,0.06,-20%,1,18479.41079918096,18479.41079918096,35f6a6573ef9
11,3042,0.06,-20%,2,14783.528639344775,14733.822487599198,35f6a6573ef9
11,3042,0.06,-20%,3,11826.822911475821,11778.75285845922,35f6a6573ef9
11,3042,0.06,-20%,4,9461.458329180658,9412.90838546705,35f6a6573ef9
11,3042,0.06,-20%,5,7569.1666633445275,7530.326706553992,35f6a6573ef9
11,3042,0.06,-20%,6,6055.333330675622,6024.261364467032,35f6a6573ef9
11,3042,0.06,-20%,7,7217.000121200463,7217.000120103694,35f6a6573ef9
11,3042,0.06,-20%,8,9377.759316380598,9309.36978499277,35f6a6573ef9
11,3042,0.06,-20%,9,9979.407014098,10330.622673797785,35f6a6573ef9
11,3042,0.06,-20%,10,7983.5256112784,8532.76615386209,35f6a6573ef9
11,3042,0.06,-20%,11,9348.297415027328,8265.035084229878,35f6a6573ef9
11,3042,0.06,-20%,12,7730.689741109465,6612.028064691417,35f6a6573ef9
11,3042,0.06,-20%,13,6715.430633553442,7502.896235399093,35f6a6573ef9
11,3042,0.06,-20%,14,5372.344506842754,6002.316985889057,35f6a6573ef9
11,3042,0.06,-20%,15,7336.800347742734,7422.022245524437,35f6a6573ef9
11,3042,0.06,+/-10%,1,15138.411396331832,15138.411396331832,35f6a6573ef9
11,3042,0.06,+/-10%,2,13624.57025669865,13597.024612808029,35f6a6573ef9
11,3042,0.06,+/-10%,3,12262.113231028783,12193.348744216386,35f6a6573ef9
11,3042,0.06,+/-10%,4,11035.901907925907,10949.069168445245,35f6a6573ef9
11,3042,0.06,+/-10%,5,9932.31171713332,9847.465533929173,35f6a6573ef9
11,3042,0.06,+/-10%,6,8939.080545419985,8862.71898109092,35f6a6573ef9
11,3042,0.06,+/-10%,7,8045.172490877985,8045.172492768932,35f6a6573ef9
11,3042,0.06,+/-10%,8,7314.349957900296,7314.349957213381,35f6a6573ef9
11,3042,0.06,+/-10%,9,7817.58264087222,7826.903826101614,35f6a6573ef9
11,3042,0.06,+/-10%,10,8599.340904959443,8620.210230737044,35f6a6573ef9
11,3042,0.06,+/-10%,11,7739.406814463499,8006.000570515377,35f6a6573ef9
11,3042,0.06,+/-10%,12,7877.77635309264,8580.048577968904,35f6a6573ef9
11,3042,0.06,+/-10%,13,8580.589814428218,7840.508619529119,35f6a6573ef9
11,3042,0.06,+/-10%,14,7722.530832985397,7056.457754473458,35f6a6573ef9
11,3042,0.06,+/-10%,15,7294.769360123539,7407.364478465153,35f6a6573ef9
11,3042,0.06,+/-20%,1,18481.225433740048,18481.225433740048,35f6a6573ef9
11,3042,0.06,+/-20%,2,14784.980346992043,14746.434561809863,35f6a6573ef9
11,3042,0.06,+/-20%,3,11827.984277593632,11789.331808089773,35f6a6573ef9
11,3042,0.06,+/-20%,4,9462.387422074906,9420.890304086068,35f6a6573ef9
11,3042,0.06,+/-20%,5,7569.909937659926,7531.089675024811,35f6a6573ef9
11,3042,0.06,+/-20%,6,6055.92795012794,6035.99759576964,35f6a6573ef9
11,3042,0.06,+/-20%,7,7267.11354015353,7267.113538909885,35f6a6573ef9
11,3042,0.06,+/-20%,8,8720.536248184235,9259.256366186579,35f6a6573ef9
11,3042,0.06,+/-20%,9,10442.685096428246,9714.37400027659,35f6a6573ef9
11,3042,0.06,+/-20%,10,8354.148077142594,8937.891573964976,35f6a6573ef9
11,3042,0.06,+/-20%,11,9253.793426282155,8486.651185839753,35f6a6573ef9
11,3042,0.06,+/-20%,12,7730.689741109465,7485.824643876227,35f6a6573ef9
11,3042,0.06,+/-20%,13,6485.309660293796,6491.153047076456,35f6a6573ef9
11,3042,0.06,+/-20%,14,5601.298524415427,6171.743728017866,35f6a6573ef9
11,3042,0.06,+/-20%,15,6721.558229298515,7406.092469901865,35f6a6573ef9
11,4042,0.0,NHF,1,4219.655043236667,4219.655043236667,35f6a6573ef9
11,4042,0.0,NHF,2,2352.3719703025,653.7633080533334,35f6a6573ef9
11,4042,0.0,NHF,3,5826.230298321875,858.7891006499999,35f6a6573ef9
11,4042,0.0,NHF,4,6933.3166579475,8719.969913998904,35f6a6573ef9
11,4042,0.0,NHF,5,27122.336635504667,15800.223145311611,35f6a6573ef9
11,4042,0.0,NHF,6,11222.496665635046,8445.888503471035,35f6a6573ef9
11,4042,0.0,NHF,7,21449.75076272872,13926.361489044439,35f6a6573ef9
11,4042,0.0,NHF,8,11556.690236567556,9964.265775417076,35f6a6573ef9
11,4042,0.0,NHF,9,4984.658179613048,9839.516816504507,35f6a6573ef9
11,4042,0.0,NHF,10,277.28434494,8646.409901099116,35f6a6573ef9
11,4042,0.0,NHF,11,636.75293517,8998.902064133306,35f6a6573ef9
11,4042,0.0,NHF,12,897.8437583375,11070.17279084689,35f6a6573ef9
11,4042,0.0,NHF,13,973.9216497525,11949.744269470824,35f6a6573ef9
11,4042,0.0,NHF,14,3692.2289640918184,7232.379977036904,35f6a6573ef9
11,4042,0.0,NHF,15,75595.31788259966,4307.916113481607,35f6a6573ef9
11,4042,0.0,NDY,1,4135.84316999,4135.84316999,35f6a6573ef9
11,4042,0.0,NDY,2,10912.440961107763,9165.418877660137,35f6a6573ef9
11,4042,0.0,NDY,3,10912.440961107774,9054.621942706914,35f6a6573ef9
11,4042,0.0,NDY,4,10912.440961107779,9138.13475306795,35f6a6573ef9
11,4042,0.0,NDY,5,10912.440961107772,10687.92582195408,35f6a6573ef9
11,4042,0.0,NDY,6,10912.440961107774,10525.219753714639,35f6a6573ef9
11,4042,0.0,NDY,7,10912.440961107774,10276.69138067294,35f6a6573ef9
11,4042,0.0,NDY,8,10912.440961107774,10124.423481177348,35f6a6573ef9
11,4042,0.0,NDY,9,10912.440961107777,9986.1601950478,35f6a6573ef9
11,4042,0.0,NDY,10,10912.440961107772,9708.09995249365,35f6a6573ef9
11,4042,0.0,NDY,11,10912.440961107774,9413.600911094669,35f6a6573ef9
11,4042,0.0,NDY,12,10912.44096110777,9081.812588642311,35f6a6573ef9
11,4042,0.0,NDY,13,10912.440961107772,8631.954719549214,35f6a6573ef9
11,4042,0.0,NDY,14,10912.44096110777,8424.870086206905,35f6a6573ef9
11,4042,0.0,NDY,15,10912.440961107772,8079.534955255677,35f6a6573ef9
11,4042,0.0,-10%,1,5349.142860344779,5349.142860344779,35f6a6573ef9
11,4042,0.0,-10%,2,4814.228574310302,4656.8075309825,35f6a6573ef9
11,4042,0.0,-10%,3,4332.805716879271,4175.2343676475,35f6a6573ef9
11,4042,0.0,-10%,4,13113.76437738549,13992.369975796015,35f6a6573ef9
11,4042,0.0,-10%,5,13822.38068235393,14597.760256245028,35f6a6573ef9
11,4042,0.0,-10%,6,12440.142614118535,13125.19198275325,35f6a6573ef9
11,4042,0.0,-10%,7,11196.128352706677,10545.547839326176,35f6a6573ef9
11,4042,0.0,-10%,8,10076.515517436012,11347.788627355994,35f6a6573ef9
11,4042,0.0,-10%,9,9068.863965692413,10145.789509394055,35f6a6573ef9
11,4042,0.0,-10%,10,8901.451749005006,10212.149087049678,35f6a6573ef9
11,4042,0.0,-10%,11,13101.322306927275,8616.65634462277,35f6a6573ef9
11,4042,0.0,-10%,12,14969.054816334396,7606.282284047664,35f6a6573ef9
11,4042,0.0,-10%,13,13472.149334700956,6845.654054941809,35f6a6573ef9
11,4042,0.0,-10%,14,12124.934401230861,4225.0952984575,35f6a6573ef9
11,4042,0.0,-10%,15,10912.440961107772,8181.221554466,35f6a6573ef9
11,4042,0.0,-20%,1,5602.116120385,5602.116120385,35f6a6573ef9
11,4042,0.0,-20%,2,4514.921629262823,4657.0546896825,35f6a6573ef9
11,4042,0.0,-20%,3,3611.9373034102587,5399.5326979275005,35f6a6573ef9
11,4042,0.0,-20%,4,11820.07369662428,9763.267477524998,35f6a6573ef9
11,4042,0.0,-20%,5,17134.605883079726,18035.381487654424,35f6a6573ef9
11,4042,0.0,-20%,6,13707.684706463782,12549.995405848598,35f6a6573ef9
11,4042,0.0,-20%,7,10966.147765171028,10457.635778391175,35f6a6573ef9
11,4042,0.0,-20%,8,8993.410670673162,9498.319292495662,35f6a6573ef9
11,4042,0.0,-20%,9,7254.358648096139,9342.89238237364,35f6a6573ef9
11,4042,0.0,-20%,10,8901.451749005006,13103.166656798063,35f6a6573ef9
11,4042,0.0,-20%,11,9305.00998422988,9417.809460126156,35f6a6573ef9
11,4042,0.0,-20%,12,14413.797031485354,7865.271113244749,35f6a6573ef9
11,4042,0.0,-20%,13,17050.6890017309,6119.724172724934,35f6a6573ef9
11,4042,0.0,-20%,14,13640.551201384718,5577.0897525906175,35f6a6573ef9
11,4042,0.0,-20%,15,10912.440961107774,5145.534406990214,35f6a6573ef9
11,4042,0.0,+/-10%,1,6920.502727910516,6920.502727910516,35f6a6573ef9
11,4042,0.0,+/-10%,2,7612.553000701568,7540.604939261346,35f6a6573ef9
11,4042,0.0,+/-10%,3,8373.808300771725,8654.58416522587,35f6a6573ef9
11,4042,0.0,+/-10%,4,9211.189130848896,9951.615945772139,35f6a6573ef9
11,4042,0.0,+/-10%,5,10132.30804393379,12162.6795056615,35f6a6573ef9
11,4042,0.0,+/-10%,6,11145.538848327173,10490.856609531718,35f6a6573ef9
11,4042,0.0,+/-10%,7,10593.274288651233,10127.710259506177,35f6a6573ef9
11,4042,0.0,+/-10%,8,9533.946859786107,10304.25086822566,35f6a6573ef9
11,4042,0.0,+/-10%,9,10487.341545764722,10271.50448978155,35f6a6573ef9
11,4042,0.0,+/-10%,10,11536.075700341193,10010.657632679899,35f6a6573ef9
11,4042,0.0,+/-10%,11,12689.683270375312,9304.773639592355,35f6a6573ef9
11,4042,0.0,+/-10%,12,13958.65159741285,8867.296518886656,35f6a6573ef9
11,4042,0.0,+/-10%,13,13472.149334700955,7533.949072676809,35f6a6573ef9
11,4042,0.0,+/-10%,14,12124.934401230863,7108.272228500965,35f6a6573ef9
11,4042,0.0,+/-10%,15,10912.440961107774,9012.01823043687,35f6a6573ef9
11,4042,0.0,+/-20%,1,5541.85306745285,5541.85306745285,35f6a6573ef9
11,4042,0.0,+/-20%,2,6650.223680943421,6695.612315214727,35f6a6573ef9
11,4042,0.0,+/-20%,3,7980.268417132104,8691.277952666866,35f6a6573ef9
11,4042,0.0,+/-20%,4,9576.322100558524,10429.533546307615,35f6a6573ef9
11,4042,0.0,+/-20%,5,11491.586520670227,13105.401427147639,35f6a6573ef9
11,4042,0.0,+/-20%,6,13789.903824804273,11431.937554355049,35f6a6573ef9
11,4042,0.0,+/-20%,7,11323.909032431871,10768.491010116175,35f6a6573ef9
11,4042,0.0,+/-20%,8,9059.1272259455,9799.76940258066,35f6a6573ef9
11,4042,0.0,+/-20%,9,8009.851717548809,9130.42622254786,35f6a6573ef9
11,4042,0.0,+/-20%,10,9534.58145673697,12166.027093005205,35f6a6573ef9
11,4042,0.0,+/-20%,11,11284.56701057101,9751.327468658728,35f6a6573ef9
11,4042,0.0,+/-20%,12,13541.480412685209,7142.043295543332,35f6a6573ef9
11,4042,0.0,+/-20%,13,16249.776495222251,7592.440140086808,35f6a6573ef9
11,4042,0.0,+/-20%,14,13640.55120138472,6618.367170633837,35f6a6573ef9
11,4042,0.0,+/-20%,15,10912.440961107774,7720.543888692962,35f6a6573ef9
11,4042,0.02,NHF,1,35430.429582652454,35430.429582652454,35f6a6573ef9
11,4042,0.02,NHF,2,3701.309196400505,4862.792407776497,35f6a6573ef9
11,4042,0.02,NHF,3,6689.448339988838,5627.408531141366,35f6a6573ef9
11,4042,0.02,NHF,4,3495.332827042067,4593.613258692298,35f6a6573ef9
11,4042,0.02,NHF,5,15171.803878612685,13479.096515320663,35f6a6573ef9
11,4042,0.02,NHF,6,4442.407455631044,4442.407455631044,35f6a6573ef9
11,4042,0.02,NHF,7,11809.436404893127,11809.436404893127,35f6a6573ef9
11,4042,0.02,NHF,8,8314.453122521574,8314.453122521574,35f6a6573ef9
11,4042,0.02,NHF,9,10881.104282186961,11094.805109067882,35f6a6573ef9
11,4042,0.02,NHF,10,3274.2582578169504,3807.322930407685,35f6a6573ef9
11,4042,0.02,NHF,11,7037.3742551484565,9604.28349205445,35f6a6573ef9
11,4042,0.02,NHF,12,5011.4176812088845,3935.1028468295335,35f6a6573ef9
11,4042,0.02,NHF,13,15382.829304469635,16285.901501953338,35f6a6573ef9
11,4042,0.02,NHF,14,8110.641174166743,3940.413845420653,35f6a6573ef9
11,4042,0.02,NHF,15,12002.968547028666,9752.627268539367,35f6a6573ef9
11,4042,0.02,NDY,1,10425.829654500412,10425.829654500412,35f6a6573ef9
11,4042,0.02,NDY,2,10425.829654500412,10319.84296948481,35f6a6573ef9
11,4042,0.02,NDY,3,10425.829654500412,10219.862452494624,35f6a6573ef9
11,4042,0.02,NDY,4,10425.829654500407,10122.36533239852,35f6a6573ef9
11,4042,0.02,NDY,5,10425.829654500409,10026.265617907844,35f6a6573ef9
11,4042,0.02,NDY,6,10425.82965450041,9936.526726326289,35f6a6573ef9
11,4042,0.02,NDY,7,10425.82965450041,9851.95415509676,35f6a6573ef9
11,4042,0.02,NDY,8,10425.829654500414,9777.624170703435,35f6a6573ef9
11,4042,0.02,NDY,9,10425.829654500416,9706.419483010017,35f6a6573ef9
11,4042,0.02,NDY,10,10425.829654500407,9647.441886200084,35f6a6573ef9
11,4042,0.02,NDY,11,10425.829654500409,9580.607891117501,35f6a6573ef9
11,4042,0.02,NDY,12,10425.829654500412,9509.385907689813,35f6a6573ef9
11,4042,0.02,NDY,13,10425.829654500409,9447.691187833698,35f6a6573ef9
11,4042,0.02,NDY,14,10425.829654500409,9393.0824132301,35f6a6573ef9
11,4042,0.02,NDY,15,10425.829654500403,9335.228245042596,35f6a6573ef9
11,4042,0.02,-10%,1,15924.909549585072,15924.909549585072,35f6a6573ef9
11,4042,0.02,-10%,2,14332.418594626564,14329.4510814136,35f6a6573ef9
11,4042,0.02,-10%,3,12899.176735163905,12870.022868190183,35f6a6573ef9
11,4042,0.02,-10%,4,11609.259061647519,11571.611592940713,35f6a6573ef9
11,4042,0.02,-10%,5,10448.333155482766,10399.98412545044,35f6a6573ef9
11,4042,0.02,-10%,6,9403.499839934488,9358.691844104718,35f6a6573ef9
11,4042,0.02,-10%,7,8463.149855941037,8422.82266002325,35f6a6573ef9
11,4042,0.02,-10%,8,7616.834870346935,7615.257811712601,35f6a6573ef9
11,4042,0.02,-10%,9,6855.151383312242,6853.732031021501,35f6a6573ef9
11,4042,0.02,-10%,10,6169.636244981018,7282.28453876564,35f6a6573ef9
11,4042,0.02,-10%,11,8560.52776244601,7688.51478002022,35f6a6573ef9
11,4042,0.02,-10%,12,10540.252157590205,9643.909633028154,35f6a6573ef9
11,4042,0.02,-10%,13,9486.226941831184,9794.85182853517,35f6a6573ef9
11,4042,0.02,-10%,14,8537.604247648063,8809.080515908423,35f6a6573ef9
11,4042,0.02,-10%,15,7683.843822883262,7928.197030356417,35f6a6573ef9
11,4042,0.02,-20%,1,19502.310844590927,19502.310844590927,35f6a6573ef9
11,4042,0.02,-20%,2,15601.848675672742,15558.812570956328,35f6a6573ef9
11,4042,0.02,-20%,3,12481.478940538196,12421.66542715499,35f6a6573ef9
11,4042,0.02,-20%,4,9985.183152430554,9932.813820127989,35f6a6573ef9
11,4042,0.02,-20%,5,7988.146521944447,7943.601525709654,35f6a6573ef9
11,4042,0.02,-20%,6,6390.517217555556,6354.881223255087,35f6a6573ef9
11,4042,0.02,-20%,7,9281.122749113505,9281.122749113505,35f6a6573ef9
11,4042,0.02,-20%,8,7424.898199290805,7424.898200437884,35f6a6573ef9
11,4042,0.02,-20%,9,6256.1860955077145,8279.493554346394,35f6a6573ef9
11,4042,0.02,-20%,10,8968.178408532696,7635.500113941909,35f6a6573ef9
11,4042,0.02,-20%,11,9520.329006919037,8446.758903151256,35f6a6573ef9
11,4042,0.02,-20%,12,10323.957131403746,8147.109014199253,35f6a6573ef9
11,4042,0.02,-20%,13,9166.268397023454,10749.091854792567,35f6a6573ef9
11,4042,0.02,-20%,14,7333.014717618762,8599.273487637334,35f6a6573ef9
11,4042,0.02,-20%,15,7253.179566212296,7299.894314569058,35f6a6573ef9
11,4042,0.02,+/-10%,1,15905.648754029802,15905.648754029802,35f6a6573ef9
11,4042,0.02,+/-10%,2,14315.083878626818,14312.236081921015,35f6a6573ef9
11,4042,0.02,+/-10%,3,12883.575490764135,12866.278672900125,35f6a6573ef9
11,4042,0.02,+/-10%,4,11595.217941687722,11572.775615429631,35f6a6573ef9
11,4042,0.02,+/-10%,5,10435.69614751895,10401.918532572996,35f6a6573ef9
11,4042,0.02,+/-10%,6,9392.126532767054,9360.029829677886,35f6a6573ef9
11,4042,0.02,+/-10%,7,8452.913879490347,8424.026844057189,35f6a6573ef9
11,4042,0.02,+/-10%,8,7607.622491541314,7595.263820028713,35f6a6573ef9
11,4042,0.02,+/-10%,9,6846.8602423871835,6828.250077444892,35f6a6573ef9
11,4042,0.02,+/-10%,10,7393.308338969771,7389.580789454678,35f6a6573ef9
11,4042,0.02,+/-10%,11,8132.639172866746,8128.53886210581,35f6a6573ef9
11,4042,0.02,+/-10%,12,8945.903090153426,9122.498170657005,35f6a6573ef9
11,4042,0.02,+/-10%,13,9840.493399168763,9713.95193758436,35f6a6573ef9
11,4042,0.02,+/-10%,14,8856.44405925189,8744.39656333169,35f6a6573ef9
11,4042,0.02,+/-10%,15,7970.799653326701,7863.920240475693,35f6a6573ef9
11,4042,0.02,+/-20%,1,19517.182657574016,19517.182657574016,35f6a6573ef9
11,4042,0.02,+/-20%,2,15613.746126059215,15569.775311159174,35f6a6573ef9
11,4042,0.02,+/-20%,3,12490.996900847374,12182.538524530955,35f6a6573ef9
11,4042,0.02,+/-20%,4,9992.797520677896,9853.855258772188,35f6a6573ef9
11,4042,0.02,+/-20%,5,7994.23801654232,8207.349107142081,35f6a6573ef9
11,4042,0.02,+/-20%,6,6395.390413233855,6565.879288175754,35f6a6573ef9
11,4042,0.02,+/-20%,7,7674.468495880626,8171.870419544892,35f6a6573ef9
11,4042,0.02,+/-20%,8,8776.736758124653,8162.803050742898,35f6a6573ef9
11,4042,0.02,+/-20%,9,7261.343873168131,9252.679144856758,35f6a6573ef9
11,4042,0.02,+/-20%,10,8713.612647801756,7402.143314691382,35f6a6573ef9
11,4042,0.02,+/-20%,11,9857.43538825847,7786.853980135658,35f6a6573ef9
11,4042,0.02,+/-20%,12,9296.187522487768,8616.181265733037,35f6a6573ef9
11,4042,0.02,+/-20%,13,9003.932786972491,10350.416036024708,35f6a6573ef9
11,4042,0.02,+/-20%,14,7203.146229577993,8280.332826538699,35f6a6573ef9
11,4042,0.02,+/-20%,15,7683.926251515287,7654.740843159486,35f6a6573ef9
11,4042,0.04,NHF,1,40214.239416784505,40214.239416784505,35f6a6573ef9
11,4042,0.04,NHF,2,4377.057512555259,4377.057512555259,35f6a6573ef9
11,4042,0.04,NHF,3,5110.257326183889,5110.257326183889,35f6a6573ef9
11,4042,0.04,NHF,4,4133.894871674071,4133.894871674071,35f6a6573ef9
11,4042,0.04,NHF,5,5933.287225814319,5933.287225814319,35f6a6573ef9
11,4042,0.04,NHF,6,4442.407455631044,4442.407455631044,35f6a6573ef9
11,4042,0.04,NHF,7,12232.277741479906,12232.277741479906,35f6a6573ef9
11,4042,0.04,NHF,8,9627.39751606699,9627.39751606699,35f6a6573ef9
11,4042,0.04,NHF,9,14269.761858797809,14269.761858797809,35f6a6573ef9
11,4042,0.04,NHF,10,4458.224256162264,4458.224256162264,35f6a6573ef9
11,4042,0.04,NHF,11,7197.583626849344,7197.583626849344,35f6a6573ef9
11,4042,0.04,NHF,12,4848.094206620385,4848.094206620385,35f6a6573ef9
11,4042,0.04,NHF,13,12640.807538337669,12640.80753833767,35f6a6573ef9
11,4042,0.04,NHF,14,4434.169281298044,4434.169281298044,35f6a6573ef9
11,4042,0.04,NHF,15,10776.670213082585,10776.670213082585,35f6a6573ef9
11,4042,0.04,NDY,1,10343.90513271763,10343.90513271763,35f6a6573ef9
11,4042,0.04,NDY,2,10343.90513271763,10227.48425322869,35f6a6573ef9
11,4042,0.04,NDY,3,10343.905132717633,10108.427042857094,35f6a6573ef9
11,4042,0.04,NDY,4,10343.90513271763,9995.509196537356,35f6a6573ef9
11,4042,0.04,NDY,5,10343.905132717628,9889.00402993889,35f6a6573ef9
11,4042,0.04,NDY,6,10343.905132717628,9793.449651085355,35f6a6573ef9
11,4042,0.04,NDY,7,10343.90513271763,9698.653763801594,35f6a6573ef9
11,4042,0.04,NDY,8,10343.905132717628,9607.627742533754,35f6a6573ef9
11,4042,0.04,NDY,9,10343.90513271763,9523.788050394875,35f6a6573ef9
11,4042,0.04,NDY,10,10343.905132717628,9447.29636335263,35f6a6573ef9
11,4042,0.04,NDY,11,10343.90513271763,9359.056783493232,35f6a6573ef9
11,4042,0.04,NDY,12,10343.905132717628,9287.94164972353,35f6a6573ef9
11,4042,0.04,NDY,13,10343.905132717626,9223.811483006544,35f6a6573ef9
11,4042,0.04,NDY,14,10343.905132717628,9154.765931200132,35f6a6573ef9
11,4042,0.04,NDY,15,10343.905132717626,9095.977425616513,35f6a6573ef9
11,4042,0.04,-10%,1,15916.354285235606,15916.354285235606,35f6a6573ef9
11,4042,0.04,-10%,2,14324.718856712043,14323.465940969587,35f6a6573ef9
11,4042,0.04,-10%,3,12892.246971040839,12878.313097239317,35f6a6573ef9
11,4042,0.04,-10%,4,11603.022273936755,11564.218599304064,35f6a6573ef9
11,4042,0.04,-10%,5,10442.720046543083,10407.802744399203,35f6a6573ef9
11,4042,0.04,-10%,6,9398.448041888772,9367.022465955142,35f6a6573ef9
11,4042,0.04,-10%,7,8458.603237699892,8449.461222936863,35f6a6573ef9
11,4042,0.04,-10%,8,7612.742913929903,7604.515098420456,35f6a6573ef9
11,4042,0.04,-10%,9,6851.468622536912,6844.063591633886,35f6a6573ef9
11,4042,0.04,-10%,10,6166.321760283222,6159.657232369395,35f6a6573ef9
11,4042,0.04,-10%,11,7266.56708267934,7917.106038594143,35f6a6573ef9
11,4042,0.04,-10%,12,10906.955074307582,10611.331600899968,35f6a6573ef9
11,4042,0.04,-10%,13,9816.25956687682,9559.309642933686,35f6a6573ef9
11,4042,0.04,-10%,14,8834.633610189143,8600.455946270775,35f6a6573ef9
11,4042,0.04,-10%,15,7951.170249170228,7738.535893441114,35f6a6573ef9
11,4042,0.04,-20%,1,19502.66605495553,19502.66605495553,35f6a6573ef9
11,4042,0.04,-20%,2,15602.132843964426,15599.815581472745,35f6a6573ef9
11,4042,0.04,-20%,3,12481.706275171546,12473.712015411635,35f6a6573ef9
11,4042,0.04,-20%,4,9985.365020137237,9978.969614056099,35f6a6573ef9
11,4042,0.04,-20%,5,7988.29201610979,7983.047171576285,35f6a6573ef9
11,4042,0.04,-20%,6,6390.633612887831,6386.437737022874,35f6a6573ef9
11,4042,0.04,-20%,7,7779.291174552817,7779.291174552816,35f6a6573ef9
11,4042,0.04,-20%,8,8158.210803585033,8156.809053297897,35f6a6573ef9
11,4042,0.04,-20%,9,8309.532410682756,7795.898844387103,35f6a6573ef9
11,4042,0.04,-20%,10,7736.625569792008,8840.931577495157,35f6a6573ef9
11,4042,0.04,-20%,11,9838.216972162561,9260.807433874288,35f6a6573ef9
11,4042,0.04,-20%,12,9901.90842034667,10018.916650814279,35f6a6573ef9
11,4042,0.04,-20%,13,8666.439058675302,8572.300745972196,35f6a6573ef9
11,4042,0.04,-20%,14,6933.151246940243,6857.8406053855615,35f6a6573ef9
11,4042,0.04,-20%,15,8087.899433384485,6986.017940914035,35f6a6573ef9
11,4042,0.04,+/-10%,1,15899.135818231118,15899.135818231118,35f6a6573ef9
11,4042,0.04,+/-10%,2,14309.22223640801,14301.02620774176,35f6a6573ef9
11,4042,0.04,+/-10%,3,12878.300012767208,12853.326975571925,35f6a6573ef9
11,4042,0.04,+/-10%,4,11590.47001149049,11567.832206613735,35f6a6573ef9
11,4042,0.04,+/-10%,5,10431.423010341436,10411.048986603995,35f6a6573ef9
11,4042,0.04,+/-10%,6,9388.280709307293,9369.944087796195,35f6a6573ef9
11,4042,0.04,+/-10%,7,8449.452638376562,8432.949676956872,35f6a6573ef9
11,4042,0.04,+/-10%,8,7604.507374538908,7589.761044156322,35f6a6573ef9
11,4042,0.04,+/-10%,9,6844.056637085017,6830.7849429978305,35f6a6573ef9
11,4042,0.04,+/-10%,10,7046.63279440253,7286.124484105158,35f6a6573ef9
11,4042,0.04,+/-10%,11,7751.296073842784,8014.736933517722,35f6a6573ef9
11,4042,0.04,+/-10%,12,8526.425681227063,8816.210627686256,35f6a6573ef9
11,4042,0.04,+/-10%,13,9379.068249349766,9802.278065725988,35f6a6573ef9
11,4042,0.04,+/-10%,14,9907.415291664238,8822.05025886752,35f6a6573ef9
11,4042,0.04,+/-10%,15,8916.673762497814,7939.845232635347,35f6a6573ef9
11,4042,0.04,+/-20%,1,19500.377312554087,19500.377312554087,35f6a6573ef9
11,4042,0.04,+/-20%,2,15600.301850043268,15596.581248767272,35f6a6573ef9
11,4042,0.04,+/-20%,3,12480.241480034621,12470.67979895337,35f6a6573ef9
11,4042,0.04,+/-20%,4,9984.193184027694,9974.236563289985,35f6a6573ef9
11,4042,0.04,+/-20%,5,7987.354547222156,7979.162352196512,35f6a6573ef9
11,4042,0.04,+/-20%,6,6389.883637777724,6383.329884376092,35f6a6573ef9
11,4042,0.04,+/-20%,7,7667.86036533327,7667.860363427279,35f6a6573ef9
11,4042,0.04,+/-20%,8,8139.934662696745,8271.672845303641,35f6a6573ef9
11,4042,0.04,+/-20%,9,8643.617537439284,7999.205950017781,35f6a6573ef9
11,4042,0.04,+/-20%,10,7828.707252859249,9193.190719638187,35f6a6573ef9
11,4042,0.04,+/-20%,11,9394.4487034311,8701.808205220372,35f6a6573ef9
11,4042,0.04,+/-20%,12,10049.831100741325,9366.621733410972,35f6a6573ef9
11,4042,0.04,+/-20%,13,8589.43655044062,8953.98411584409,35f6a6573ef9
11,4042,0.04,+/-20%,14,6871.549240352495,7163.1872942548525,35f6a6573ef9
11,4042,0.04,+/-20%,15,8245.859088422994,7115.26125878568,35f6a6573ef9
11,4042,0.06,NHF,1,40214.239416784505,40214.239416784505,35f6a6573ef9
11,4042,0.06,NHF,2,4377.057512555259,4377.057512555259,35f6a6573ef9
11,4042,0.06,NHF,3,5110.257326183889,5110.257326183889,35f6a6573ef9
11,4042,0.06,NHF,4,4133.894871674071,4133.894871674071,35f6a6573ef9
11,4042,0.06,NHF,5,5933.287225814319,5933.287225814319,35f6a6573ef9
11,4042,0.06,NHF,6,4442.407455631044,4442.407455631044,35f6a6573ef9
11,4042,0.06,NHF,7,12232.277741479906,12232.277741479906,35f6a6573ef9
11,4042,0.06,NHF,8,9627.39751606699,9627.39751606699,35f6a6573ef9
11,4042,0.06,NHF,9,14269.761858797809,14269.761858797809,35f6a6573ef9
11,4042,0.06,NHF,10,4458.224256162264,4458.224256162264,35f6a6573ef9
11,4042,0.06,NHF,11,7197.583626849344,7197.583626849344,35f6a6573ef9
11,4042,0.06,NHF,12,4848.094206620385,4848.094206620385,35f6a6573ef9
11,4042,0.06,NHF,13,12640.807538337669,12640.80753833767,35f6a6573ef9
11,4042,0.06,NHF,14,4434.169281298044,4434.169281298044,35f6a6573ef9
11,4042,0.06,NHF,15,10776.670213082585,10776.670213082585,35f6a6573ef9
11,4042,0.06,NDY,1,10272.564840466799,10272.564840466799,35f6a6573ef9
11,4042,0.06,NDY,2,10272.564840466803,10099.961227598704,35f6a6573ef9
11,4042,0.06,NDY,3,10272.5648404668,9988.66852804481,35f6a6573ef9
11,4042,0.06,NDY,4,10272.564840466797,9882.555129283543,35f6a6573ef9
11,4042,0.06,NDY,5,10272.564840466799,9758.05745130117,35f6a6573ef9
11,4042,0.06,NDY,6,10272.564840466799,9669.361901816032,35f6a6573ef9
11,4042,0.06,NDY,7,10272.564840466803,9538.900509411133,35f6a6573ef9
11,4042,0.06,NDY,8,10272.564840466803,9443.569376028338,35f6a6573ef9
11,4042,0.06,NDY,9,10272.564840466803,9359.24946882937,35f6a6573ef9
11,4042,0.06,NDY,10,10272.5648404668,9287.269556106625,35f6a6573ef9
11,4042,0.06,NDY,11,10272.564840466803,9221.528995662211,35f6a6573ef9
11,4042,0.06,NDY,12,10272.564840466805,9149.925487165858,35f6a6573ef9
11,4042,0.06,NDY,13,10272.5648404668,9090.797647655361,35f6a6573ef9
11,4042,0.06,NDY,14,10272.564840466805,9020.93853117162,35f6a6573ef9
11,4042,0.06,NDY,15,10272.564840466803,8952.893615803772,35f6a6573ef9
11,4042,0.06,-10%,1,15855.545786414354,15855.545786414354,35f6a6573ef9
11,4042,0.06,-10%,2,14269.99120777292,14252.234755235118,35f6a6573ef9
11,4042,0.06,-10%,3,12842.992086995626,12796.495536700444,35f6a6573ef9
11,4042,0.06,-10%,4,11558.692878296062,11499.22393087506,35f6a6573ef9
11,4042,0.06,-10%,5,10402.823590466458,10336.307952677367,35f6a6573ef9
11,4042,0.06,-10%,6,9362.541231419811,9302.677153608662,35f6a6573ef9
11,4042,0.06,-10%,7,8426.28710827783,8395.780721954628,35f6a6573ef9
11,4042,0.06,-10%,8,7583.658397450047,7556.202648707756,35f6a6573ef9
11,4042,0.06,-10%,9,6825.292557705044,6800.582382276383,35f6a6573ef9
11,4042,0.06,-10%,10,6142.76330193454,6120.52414777952,35f6a6573ef9
11,4042,0.06,-10%,11,7048.961170073915,8483.34159199597,35f6a6573ef9
11,4042,0.06,-10%,12,11056.717853844733,10374.418517080374,35f6a6573ef9
11,4042,0.06,-10%,13,9951.046068460257,9524.3990835694,35f6a6573ef9
11,4042,0.06,-10%,14,8955.941461614231,8571.959175616574,35f6a6573ef9
11,4042,0.06,-10%,15,8060.34731545281,7714.18474286697,35f6a6573ef9
11,4042,0.06,-20%,1,19448.399479500706,19448.399479500706,35f6a6573ef9
11,4042,0.06,-20%,2,15558.719583600569,15532.216250532105,35f6a6573ef9
11,4042,0.06,-20%,3,12446.975666880457,12396.079682228947,35f6a6573ef9
11,4042,0.06,-20%,4,9957.580533504366,9908.369535658318,35f6a6573ef9
11,4042,0.06,-20%,5,7966.064426803491,7926.69562838044,35f6a6573ef9
11,4042,0.06,-20%,6,6372.851541442794,6341.356499651847,35f6a6573ef9
11,4042,0.06,-20%,7,7002.273823750535,7002.273823750535,35f6a6573ef9
11,4042,0.06,-20%,8,8764.592262386634,8764.592262386632,35f6a6573ef9
11,4042,0.06,-20%,9,9112.258353866839,8657.37263243478,35f6a6573ef9
11,4042,0.06,-20%,10,8324.14107769932,9330.036836740252,35f6a6573ef9
11,4042,0.06,-20%,11,8775.887892774825,8514.071210142922,35f6a6573ef9
11,4042,0.06,-20%,12,9800.107338657379,8795.847946204924,35f6a6573ef9
11,4042,0.06,-20%,13,8027.605072488842,8612.208013548343,35f6a6573ef9
11,4042,0.06,-20%,14,6672.377643005753,6889.766409325132,35f6a6573ef9
11,4042,0.06,-20%,15,9019.711787196195,7674.176741645378,35f6a6573ef9
11,4042,0.06,+/-10%,1,15846.713592335811,15846.713592335811,35f6a6573ef9
11,4042,0.06,+/-10%,2,14262.042233102231,14255.295065233355,35f6a6573ef9
11,4042,0.06,+/-10%,3,12835.838009792005,12790.706801086271,35f6a6573ef9
11,4042,0.06,+/-10%,4,11552.254208812807,11497.272590606974,35f6a6573ef9
11,4042,0.06,+/-10%,5,10397.028787931526,10333.084024157222,35f6a6573ef9
11,4042,0.06,+/-10%,6,9357.325909138372,9299.775622055064,35f6a6573ef9
11,4042,0.06,+/-10%,7,8421.593318224534,8391.982732517434,35f6a6573ef9
11,4042,0.06,+/-10%,8,7579.433986402082,7552.784461103656,35f6a6573ef9
11,4042,0.06,+/-10%,9,6821.490587761875,6797.506014841667,35f6a6573ef9
11,4042,0.06,+/-10%,10,6449.075765701424,6712.127026953678,35f6a6573ef9
11,4042,0.06,+/-10%,11,7093.983342271565,7383.33972889467,35f6a6573ef9
11,4042,0.06,+/-10%,12,7803.381676498721,10676.612315120048,35f6a6573ef9
11,4042,0.06,+/-10%,13,8583.719844148596,9608.951084169195,35f6a6573ef9
11,4042,0.06,+/-10%,14,9442.091828563456,8648.055974882993,35f6a6573ef9
11,4042,0.06,+/-10%,15,10386.301011419804,7605.8388615529875,35f6a6573ef9
11,4042,0.06,+/-20%,1,19455.77812597874,19455.77812597874,35f6a6573ef9
11,4042,0.06,+/-20%,2,15564.622500782994,15538.718091191442,35f6a6573ef9
11,4042,0.06,+/-20%,3,12451.6980006264,12401.241301482134,35f6a6573ef9
11,4042,0.06,+/-20%,4,9961.35840050112,9912.49883246368,35f6a6573ef9
11,4042,0.06,+/-20%,5,7969.086720400895,7929.999067507613,35f6a6573ef9
11,4042,0.06,+/-20%,6,6375.269376320716,6343.999253614374,35f6a6573ef9
11,4042,0.06,+/-20%,7,7166.75731188053,7166.75731393731,35f6a6573ef9
11,4042,0.06,+/-20%,8,8600.108774256636,8600.108772199856,35f6a6573ef9
11,4042,0.06,+/-20%,9,8746.58105201156,8322.57359294244,35f6a6573ef9
11,4042,0.06,+/-20%,10,8689.818379554601,9659.038766983007,35f6a6573ef9
11,4042,0.06,+/-20%,11,8811.111878015576,8518.02721242897,35f6a6573ef9
11,4042,0.06,+/-20%,12,9687.829561751949,8782.37372412194,35f6a6573ef9
11,4042,0.06,+/-20%,13,7750.263649401558,8640.599508179039,35f6a6573ef9
11,4042,0.06,+/-20%,14,7157.750545583141,6912.479609048357,35f6a6573ef9
11,4042,0.06,+/-20%,15,8589.30065469977,7380.277824028349,35f6a6573ef9
12,42,0.0,NHF,1,2665.173456623333,2665.173456623333,35f6a6573ef9
12,42,0.0,NHF,2,2548.03567517,468.6175532266667,35f6a6573ef9
12,42,0.0,NHF,3,6960.440073583011,111.776886,35f6a6573ef9
12,42,0.0,NHF,4,5076.1695731925,9782.44434688126,35f6a6573ef9
12,42,0.0,NHF,5,26945.172191049183,15535.5459595234,35f6a6573ef9
12,42,0.0,NHF,6,8405.81480124856,8669.13424528638,35f6a6573ef9
12,42,0.0,NHF,7,21035.43788842252,6681.094407858253,35f6a6573ef9
12,42,0.0,NHF,8,11081.572867401639,11982.336136694483,35f6a6573ef9
12,42,0.0,NHF,9,5354.972189918042,9882.692278830144,35f6a6573ef9
12,42,0.0,NHF,10,124.64459534,10941.070516571324,35f6a6573ef9
12,42,0.0,NHF,11,937.8942569699999,11152.05964091234,35f6a6573ef9
12,42,0.0,NHF,12,838.2761846824999,7380.619901449475,35f6a6573ef9
12,42,0.0,NHF,13,1676.77525682,9786.683074793911,35f6a6573ef9
12,42,0.0,NHF,14,5875.717557952954,7661.739611493127,35f6a6573ef9
12,42,0.0,NHF,15,72634.17977932579,8536.484868173684,35f6a6573ef9
12,42,0.0,NDY,1,1538.070062330647,1538.070062330647,35f6a6573ef9
12,42,0.0,NDY,2,10717.28707991637,8977.301206055075,35f6a6573ef9
12,42,0.0,NDY,3,10717.287079916372,8897.589910122797,35f6a6573ef9
12,42,0.0,NDY,4,10717.287079916372,9092.024478052928,35f6a6573ef9
12,42,0.0,NDY,5,10717.28707991637,10510.07136464898,35f6a6573ef9
12,42,0.0,NDY,6,10717.28707991637,10315.553082009174,35f6a6573ef9
12,42,0.0,NDY,7,10717.287079916368,10142.094468965486,35f6a6573ef9
12,42,0.0,NDY,8,10717.287079916368,9997.208419788973,35f6a6573ef9
12,42,0.0,NDY,9,10717.287079916367,9716.42377415318,35f6a6573ef9
12,42,0.0,NDY,10,10717.28707991637,9522.624687851985,35f6a6573ef9
12,42,0.0,NDY,11,10717.287079916372,9328.876133575199,35f6a6573ef9
12,42,0.0,NDY,12,10717.287079916372,8973.603062524187,35f6a6573ef9
12,42,0.0,NDY,13,10717.287079916372,8705.800775152376,35f6a6573ef9
12,42,0.0,NDY,14,10717.287079916372,8663.564330751668,35f6a6573ef9
12,42,0.0,NDY,15,10717.287079916374,8048.009789892496,35f6a6573ef9
12,42,0.0,-10%,1,2994.0455657454104,2994.0455657454104,35f6a6573ef9
12,42,0.0,-10%,2,3660.8390732725047,3571.81614378,35f6a6573ef9
12,42,0.0,-10%,3,3294.755165945254,4699.734253286369,35f6a6573ef9
12,42,0.0,-10%,4,14842.870651615634,15195.200920912443,35f6a6573ef9
12,42,0.0,-10%,5,13358.583586454071,13784.52157930911,35f6a6573ef9
12,42,0.0,-10%,6,12022.725227808665,12546.15896013169,35f6a6573ef9
12,42,0.0,-10%,7,10820.4527050278,10012.62821563273,35f6a6573ef9
12,42,0.0,-10%,8,9738.407434525017,11404.321769857846,35f6a6573ef9
12,42,0.0,-10%,9,9487.006515399093,9275.1184925311,35f6a6573ef9
12,42,0.0,-10%,10,10953.168489886537,8493.228866559231,35f6a6573ef9
12,42,0.0,-10%,11,10446.672625953248,7747.042758817622,35f6a6573ef9
12,42,0.0,-10%,12,14701.354019089673,7505.10473137021,35f6a6573ef9
12,42,0.0,-10%,13,13231.218617180712,7940.067365236768,35f6a6573ef9
12,42,0.0,-10%,14,11908.096755462639,5851.0076272725,35f6a6573ef9
12,42,0.0,-10%,15,10717.287079916376,8503.3954867475,35f6a6573ef9
12,42,0.0,-20%,1,2959.894544295,2959.894544295,35f6a6573ef9
12,42,0.0,-20%,2,3705.7108758599998,3705.7108758599998,35f6a6573ef9
12,42,0.0,-20%,3,3092.6305865275,5830.969077735001,35f6a6573ef9
12,42,0.0,-20%,4,14795.335637531829,12057.047767880002,35f6a6573ef9
12,42,0.0,-20%,5,15351.506038784952,16861.78325891498,35f6a6573ef9
12,42,0.0,-20%,6,12281.204831027962,10594.408739337476,35f6a6573ef9
12,42,0.0,-20%,7,9824.963864822372,7824.098302624545,35f6a6573ef9
12,42,0.0,-20%,8,8279.356942598974,10714.540583418973,35f6a6573ef9
12,42,0.0,-20%,9,9560.49214949772,10420.578790839578,35f6a6573ef9
12,42,0.0,-20%,10,10841.3917956061,11669.376330955407,35f6a6573ef9
12,42,0.0,-20%,11,8673.11343648488,8961.306730205528,35f6a6573ef9
12,42,0.0,-20%,12,12114.089628523592,7486.659289846955,35f6a6573ef9
12,42,0.0,-20%,13,16745.761062369336,7376.790457469522,35f6a6573ef9
12,42,0.0,-20%,14,13396.608849895469,6912.729027034946,35f6a6573ef9
12,42,0.0,-20%,15,10717.287079916377,7420.615100950921,35f6a6573ef9
12,42,0.0,+/-10%,1,6250.470490024702,6250.470490024702,35f6a6573ef9
12,42,0.0,+/-10%,2,6875.517539027171,7131.273405884296,35f6a6573ef9
12,42,0.0,+/-10%,3,7563.069292929889,8112.214814979575,35f6a6573ef9
12,42,0.0,+/-10%,4,8319.376222222878,9426.944082464941,35f6a6573ef9
12,42,0.0,+/-10%,5,9151.313844445167,10778.12621742131,35f6a6573ef9
12,42,0.0,+/-10%,6,10066.445228889681,9905.149895267628,35f6a6573ef9
12,42,0.0,+/-10%,7,10645.422069332259,9838.54388446709,35f6a6573ef9
12,42,0.0,+/-10%,8,10676.279162264906,10975.067009352548,35f6a6573ef9
12,42,0.0,+/-10%,9,11743.9070784914,10242.141841300661,35f6a6573ef9
12,42,0.0,+/-10%,10,10944.168012885084,9677.282568202301,35f6a6573ef9
12,42,0.0,+/-10%,11,12038.584814173591,9118.537475435009,35f6a6573ef9
12,42,0.0,+/-10%,12,13242.44329559095,7241.417942737274,35f6a6573ef9
12,42,0.0,+/-10%,13,13231.21861718071,9021.998644356769,35f6a6573ef9
12,42,0.0,+/-10%,14,11908.096755462642,7530.904503645374,35f6a6573ef9
12,42,0.0,+/-10%,15,10717.287079916376,7987.71007227797,35f6a6573ef9
12,42,0.0,+/-20%,1,5005.627524204316,5005.627524204316,35f6a6573ef9
12,42,0.0,+/-20%,2,6006.753029045179,6176.121348685082,35f6a6573ef9
12,42,0.0,+/-20%,3,7208.103634854215,8755.0569769244,35f6a6573ef9
12,42,0.0,+/-20%,4,8649.724361825056,10377.671524345129,35f6a6573ef9
12,42,0.0,+/-20%,5,10379.669234190067,11287.919755304596,35f6a6573ef9
12,42,0.0,+/-20%,6,12455.60308102808,9348.44549355356,35f6a6573ef9
12,42,0.0,+/-20%,7,10467.24916581823,11084.801450031542,35f6a6573ef9
12,42,0.0,+/-20%,8,9669.168773273972,10111.092310660806,35f6a6573ef9
12,42,0.0,+/-20%,9,11253.09871278653,10511.163519661084,35f6a6573ef9
12,42,0.0,+/-20%,10,9110.405185257932,10685.531817117908,35f6a6573ef9
12,42,0.0,+/-20%,11,10697.733327740427,7225.096616277585,35f6a6573ef9
12,42,0.0,+/-20%,12,12837.27999328851,7172.509617363814,35f6a6573ef9
12,42,0.0,+/-20%,13,15404.73599194621,8581.26410449534,35f6a6573ef9
12,42,0.0,+/-20%,14,13396.608849895467,7365.89378913494,35f6a6573ef9
12,42,0.0,+/-20%,15,10717.287079916377,8321.505233427497,35f6a6573ef9
12,42,0.02,NHF,1,29900.28073532639,29900.28073532639,35f6a6573ef9
12,42,0.02,NHF,2,4356.223112434282,4930.324571333324,35f6a6573ef9
12,42,0.02,NHF,3,7045.0609826009,6586.976904777204,35f6a6573ef9
12,42,0.02,NHF,4,3850.5403157007104,5012.272320222981,35f6a6573ef9
12,42,0.02,NHF,5,16402.335850912947,14761.70536485662,35f6a6573ef9
12,42,0.02,NHF,6,5491.554569323195,5491.554569323195,35f6a6573ef9
12,42,0.02,NHF,7,10118.903002256027,10118.90300225603,35f6a6573ef9
12,42,0.02,NHF,8,9099.327319391326,9099.327319391326,35f6a6573ef9
12,42,0.02,NHF,9,9350.545107769842,8911.69295563502,35f6a6573ef9
12,42,0.02,NHF,10,2468.3219216635907,3337.085185138934,35f6a6573ef9
12,42,0.02,NHF,11,5151.517158884209,9173.243209766979,35f6a6573ef9
12,42,0.02,NHF,12,8664.1272743836,5147.492995057009,35f6a6573ef9
12,42,0.02,NHF,13,14298.26293020365,15845.586869217439,35f6a6573ef9
12,42,0.02,NHF,14,7027.156107357288,3922.820324391069,35f6a6573ef9
12,42,0.02,NHF,15,11513.826764852467,9109.931579196338,35f6a6573ef9
12,42,0.02,NDY,1,10022.770660283539,10022.770660283539,35f6a6573ef9
12,42,0.02,NDY,2,10022.77066028354,9924.73022412728,35f6a6573ef9
12,42,0.02,NDY,3,10022.770660283539,9846.362288874197,35f6a6573ef9
12,42,0.02,NDY,4,10022.770660283537,9768.1164425265,35f6a6573ef9
12,42,0.02,NDY,5,10022.77066028354,9682.575245491054,35f6a6573ef9
12,42,0.02,NDY,6,10022.770660283537,9608.350552811928,35f6a6573ef9
12,42,0.02,NDY,7,10022.770660283539,9525.205968486496,35f6a6573ef9
12,42,0.02,NDY,8,10022.770660283537,9456.389819306325,35f6a6573ef9
12,42,0.02,NDY,9,10022.770660283539,9392.890434238365,35f6a6573ef9
12,42,0.02,NDY,10,10022.77066028354,9339.709513712363,35f6a6573ef9
12,42,0.02,NDY,11,10022.770660283539,9283.236521796549,35f6a6573ef9
12,42,0.02,NDY,12,10022.770660283537,9227.16906738873,35f6a6573ef9
12,42,0.02,NDY,13,10022.770660283539,9170.536705921626,35f6a6573ef9
12,42,0.02,NDY,14,10022.77066028354,9122.400132164317,35f6a6573ef9
12,42,0.02,NDY,15,10022.770660283535,9077.49602647561,35f6a6573ef9
12,42,0.02,-10%,1,15097.584669773598,15097.584669773598,35f6a6573ef9
12,42,0.02,-10%,2,13587.826202796245,13586.39640318839,35f6a6573ef9
12,42,0.02,-10%,3,12229.04358251662,12204.061777842178,35f6a6573ef9
12,42,0.02,-10%,4,11006.139224264954,10979.348971938769,35f6a6573ef9
12,42,0.02,-10%,5,9905.52530183846,9869.42042988943,35f6a6573ef9
12,42,0.02,-10%,6,8914.972771654617,8882.478389720023,35f6a6573ef9
12,42,0.02,-10%,7,8023.475494489154,8023.475496869408,35f6a6573ef9
12,42,0.02,-10%,8,7221.127945040237,7294.127235277296,35f6a6573ef9
12,42,0.02,-10%,9,6499.015150536213,6564.714510729806,35f6a6573ef9
12,42,0.02,-10%,10,5849.113635482594,7032.560467825531,35f6a6573ef9
12,42,0.02,-10%,11,8664.408752223393,7496.133491810117,35f6a6573ef9
12,42,0.02,-10%,12,10401.894435645982,8957.415945873528,35f6a6573ef9
12,42,0.02,-10%,13,9361.704992081384,9885.138867597621,35f6a6573ef9
12,42,0.02,-10%,14,8425.534492873243,8895.363580824705,35f6a6573ef9
12,42,0.02,-10%,15,7582.98104358592,8007.284387361994,35f6a6573ef9
12,42,0.02,-20%,1,18238.620173718828,18238.620173718828,35f6a6573ef9
12,42,0.02,-20%,2,14590.896138975068,14047.424177298319,35f6a6573ef9
12,42,0.02,-20%,3,11672.716911180052,11214.616799303452,35f6a6573ef9
12,42,0.02,-20%,4,9338.173528944044,9168.840942004275,35f6a6573ef9
12,42,0.02,-20%,5,7817.225510872744,8804.447520587608,35f6a6573ef9
12,42,0.02,-20%,6,6253.780408698195,7043.558016188195,35f6a6573ef9
12,42,0.02,-20%,7,8636.097098458526,8636.097099383678,35f6a6573ef9
12,42,0.02,-20%,8,8209.674466019189,8064.700317974597,35f6a6573ef9
12,42,0.02,-20%,9,6567.739572815352,6451.760251477333,35f6a6573ef9
12,42,0.02,-20%,10,7394.644090003569,7468.526998983017,35f6a6573ef9
12,42,0.02,-20%,11,9418.505201955872,8287.795218529158,35f6a6573ef9
12,42,0.02,-20%,12,9101.065981308106,9398.269633056123,35f6a6573ef9
12,42,0.02,-20%,13,8826.294437451992,9373.958609838151,35f6a6573ef9
12,42,0.02,-20%,14,7061.0355499615935,7499.166886305493,35f6a6573ef9
12,42,0.02,-20%,15,8780.637317448278,8247.819247121213,35f6a6573ef9
12,42,0.02,+/-10%,1,15084.666440565295,15084.666440565295,35f6a6573ef9
12,42,0.02,+/-10%,2,13576.19979650877,13576.876397666327,35f6a6573ef9
12,42,0.02,+/-10%,3,12218.579816857897,12213.748147490885,35f6a6573ef9
12,42,0.02,+/-10%,4,10996.721835172106,10990.617582905561,35f6a6573ef9
12,42,0.02,+/-10%,5,9897.049651654897,9873.90680265457,35f6a6573ef9
12,42,0.02,+/-10%,6,8907.344686489409,8886.516123032434,35f6a6573ef9
12,42,0.02,+/-10%,7,8016.610217840469,8016.610219701184,35f6a6573ef9
12,42,0.02,+/-10%,8,7214.94919605642,7215.308771689186,35f6a6573ef9
12,42,0.02,+/-10%,9,6520.846912767674,6496.983698905911,35f6a6573ef9
12,42,0.02,+/-10%,10,7172.931604044443,7146.682067094509,35f6a6573ef9
12,42,0.02,+/-10%,11,7890.224764448887,7861.350275918021,35f6a6573ef9
12,42,0.02,+/-10%,12,8679.247240893776,8774.285225264462,35f6a6573ef9
12,42,0.02,+/-10%,13,9547.171964983156,9809.808392251412,35f6a6573ef9
12,42,0.02,+/-10%,14,9012.287017626293,8828.678074051591,35f6a6573ef9
12,42,0.02,+/-10%,15,8111.058315863666,7947.931435973712,35f6a6573ef9
12,42,0.02,+/-20%,1,18209.938379018015,18209.938379018015,35f6a6573ef9
12,42,0.02,+/-20%,2,14567.950703214408,14075.76956735786,35f6a6573ef9
12,42,0.02,+/-20%,3,11654.36056257153,11236.762525278355,35f6a6573ef9
12,42,0.02,+/-20%,4,9323.488450057224,9186.557517765703,35f6a6573ef9
12,42,0.02,+/-20%,5,7599.443964135618,8805.162499756958,35f6a6573ef9
12,42,0.02,+/-20%,6,6701.2021778106955,7044.129998845696,35f6a6573ef9
12,42,0.02,+/-20%,7,8041.442613372836,8041.442612297226,35f6a6573ef9
12,42,0.02,+/-20%,8,8799.747940917563,8661.47344931392,35f6a6573ef9
12,42,0.02,+/-20%,9,7039.798352734048,6929.178759245507,35f6a6573ef9
12,42,0.02,+/-20%,10,7348.529306132202,7048.77372408964,35f6a6573ef9
12,42,0.02,+/-20%,11,8818.235167358644,8054.009076511609,35f6a6573ef9
12,42,0.02,+/-20%,12,8708.149198157736,9664.810898406311,35f6a6573ef9
12,42,0.02,+/-20%,13,9097.857587472039,9252.037840320316,35f6a6573ef9
12,42,0.02,+/-20%,14,7303.217974422896,7401.630272982411,35f6a6573ef9
12,42,0.02,+/-20%,15,8763.861569307473,8199.894925782242,35f6a6573ef9
12,42,0.04,NHF,1,34663.3960505887,34663.3960505887,35f6a6573ef9
12,42,0.04,NHF,2,5631.860358477289,5631.860358477289,35f6a6573ef9
12,42,0.04,NHF,3,5114.322000374112,5114.322000374112,35f6a6573ef9
12,42,0.04,NHF,4,5049.641702047239,5049.641702047239,35f6a6573ef9
12,42,0.04,NHF,5,5970.512534946896,5970.512534946896,35f6a6573ef9
12,42,0.04,NHF,6,5491.554569323195,5491.554569323195,35f6a6573ef9
12,42,0.04,NHF,7,10869.763748140389,10869.763748140389,35f6a6573ef9
12,42,0.04,NHF,8,9782.846030738729,9782.846030738729,35f6a6573ef9
12,42,0.04,NHF,9,12309.868259276866,12309.868259276866,35f6a6573ef9
12,42,0.04,NHF,10,5760.854103209798,5760.854103209798,35f6a6573ef9
12,42,0.04,NHF,11,5495.014262056206,5495.014262056206,35f6a6573ef9
12,42,0.04,NHF,12,5944.209273904525,5944.209273904525,35f6a6573ef9
12,42,0.04,NHF,13,12221.636605020587,12221.636605020587,35f6a6573ef9
12,42,0.04,NHF,14,4024.530102092585,4024.530102092585,35f6a6573ef9
12,42,0.04,NHF,15,9947.339165440182,9947.33916544018,35f6a6573ef9
12,42,0.04,NDY,1,9984.767742878419,9984.767742878419,35f6a6573ef9
12,42,0.04,NDY,2,9984.767742878425,9880.18805992211,35f6a6573ef9
12,42,0.04,NDY,3,9984.767742878425,9789.127170895537,35f6a6573ef9
12,42,0.04,NDY,4,9984.767742878425,9694.414045449352,35f6a6573ef9
12,42,0.04,NDY,5,9984.767742878425,9600.852939426872,35f6a6573ef9
12,42,0.04,NDY,6,9984.767742878426,9507.749954564002,35f6a6573ef9
12,42,0.04,NDY,7,9984.767742878428,9416.645821425982,35f6a6573ef9
12,42,0.04,NDY,8,9984.767742878426,9327.781616663326,35f6a6573ef9
12,42,0.04,NDY,9,9984.767742878425,9250.509434795096,35f6a6573ef9
12,42,0.04,NDY,10,9984.76774287843,9184.063091361322,35f6a6573ef9
12,42,0.04,NDY,11,9984.767742878426,9113.198897252476,35f6a6573ef9
12,42,0.04,NDY,12,9984.767742878426,9036.363469216887,35f6a6573ef9
12,42,0.04,NDY,13,9984.767742878426,8961.882034040014,35f6a6573ef9
12,42,0.04,NDY,14,9984.767742878423,8916.52348370101,35f6a6573ef9
12,42,0.04,NDY,15,9984.767742878426,8853.765698468573,35f6a6573ef9
12,42,0.04,-10%,1,15092.123926437613,15092.123926437613,35f6a6573ef9
12,42,0.04,-10%,2,13582.911533793855,13575.108642332056,35f6a6573ef9
12,42,0.04,-10%,3,12224.620380414464,12203.493145769438,35f6a6573ef9
12,42,0.04,-10%,4,11002.158342373015,10983.143831983974,35f6a6573ef9
12,42,0.04,-10%,5,9901.942508135713,9880.959759014604,35f6a6573ef9
12,42,0.04,-10%,6,8911.748257322144,8892.863780297524,35f6a6573ef9
12,42,0.04,-10%,7,8020.573431589931,8015.96590031945,35f6a6573ef9
12,42,0.04,-10%,8,7218.516088430936,7214.369307001542,35f6a6573ef9
12,42,0.04,-10%,9,6496.664479587842,6492.932378317223,35f6a6573ef9
12,42,0.04,-10%,10,5896.34210715058,6352.249575983416,35f6a6573ef9
12,42,0.04,-10%,11,8410.215501986,8144.9478062338185,35f6a6573ef9
12,42,0.04,-10%,12,9934.825253378447,10320.634582873206,35f6a6573ef9
12,42,0.04,-10%,13,9612.931200818091,9299.96277039283,35f6a6573ef9
12,42,0.04,-10%,14,8651.63808073628,8369.467518044485,35f6a6573ef9
12,42,0.04,-10%,15,7786.474272662655,7532.218968782505,35f6a6573ef9
12,42,0.04,-20%,1,18362.86827417175,18362.86827417175,35f6a6573ef9
12,42,0.04,-20%,2,14690.294619337406,14686.11103185309,35f6a6573ef9
12,42,0.04,-20%,3,11752.235695469926,11748.888824399693,35f6a6573ef9
12,42,0.04,-20%,4,9401.788556375941,9399.11105888707,35f6a6573ef9
12,42,0.04,-20%,5,7521.430845100753,7519.288846937214,35f6a6573ef9
12,42,0.04,-20%,6,6017.144676080603,6015.431079643195,35f6a6573ef9
12,42,0.04,-20%,7,7164.727951066589,7164.727953153589,35f6a6573ef9
12,42,0.04,-20%,8,9105.625784919846,9105.625782832849,35f6a6573ef9
12,42,0.04,-20%,9,7964.809007962731,7937.429147109907,35f6a6573ef9
12,42,0.04,-20%,10,6924.74732668343,6955.024418405179,35f6a6573ef9
12,42,0.04,-20%,11,9630.103245022396,9975.22489510979,35f6a6573ef9
12,42,0.04,-20%,12,8971.956788435311,8281.02854098169,35f6a6573ef9
12,42,0.04,-20%,13,8268.877418138041,8477.073341419298,35f6a6573ef9
12,42,0.04,-20%,14,6615.101934510432,6781.658671000338,35f6a6573ef9
12,42,0.04,-20%,15,8288.951760011767,8006.259171415845,35f6a6573ef9
12,42,0.04,+/-10%,1,15085.116189967375,15085.116189967375,35f6a6573ef9
12,42,0.04,+/-10%,2,13576.60457097064,13567.053446453147,35f6a6573ef9
12,42,0.04,+/-10%,3,12218.944113873573,12200.834586482111,35f6a6573ef9
12,42,0.04,+/-10%,4,10997.04970248622,10980.751127654747,35f6a6573ef9
12,42,0.04,+/-10%,5,9897.344732237587,9882.6760216929,35f6a6573ef9
12,42,0.04,+/-10%,6,8907.610259013833,8894.408398675665,35f6a6573ef9
12,42,0.04,+/-10%,7,8016.849233112451,8004.967571573636,35f6a6573ef9
12,42,0.04,+/-10%,8,7215.164309801204,7204.470812504755,35f6a6573ef9
12,42,0.04,+/-10%,9,6493.647878821084,6484.023730484767,35f6a6573ef9
12,42,0.04,+/-10%,10,6993.657283485589,7088.577933074732,35f6a6573ef9
12,42,0.04,+/-10%,11,7693.023011834148,7797.435728666636,35f6a6573ef9
12,42,0.04,+/-10%,12,8462.325313017565,8577.179304938913,35f6a6573ef9
12,42,0.04,+/-10%,13,9308.557844319326,9779.797324876803,35f6a6573ef9
12,42,0.04,+/-10%,14,9514.011224996357,8678.830262427071,35f6a6573ef9
12,42,0.04,+/-10%,15,8562.610102496727,7720.132223558538,35f6a6573ef9
12,42,0.04,+/-20%,1,18360.856985823837,18360.856985823837,35f6a6573ef9
12,42,0.04,+/-20%,2,14688.685588659075,14687.874331559025,35f6a6573ef9
12,42,0.04,+/-20%,3,11750.948470927262,11750.299464741545,35f6a6573ef9
12,42,0.04,+/-20%,4,9400.758776741808,9400.239569262621,35f6a6573ef9
12,42,0.04,+/-20%,5,7520.607021393447,7520.191651879046,35f6a6573ef9
12,42,0.04,+/-20%,6,6016.4856171147585,6016.153324788196,35f6a6573ef9
12,42,0.04,+/-20%,7,7219.78274053771,7219.782742813851,35f6a6573ef9
12,42,0.04,+/-20%,8,8663.73928864525,8662.767782177898,35f6a6573ef9
12,42,0.04,+/-20%,9,7968.4616553775095,7978.137030746987,35f6a6573ef9
12,42,0.04,+/-20%,10,7844.318569819871,7840.739130485281,35f6a6573ef9
12,42,0.04,+/-20%,11,9413.182283783844,9408.886956166185,35f6a6573ef9
12,42,0.04,+/-20%,12,8652.485565926117,8651.656461700106,35f6a6573ef9
12,42,0.04,+/-20%,13,8177.449108366349,8176.972032580285,35f6a6573ef9
12,42,0.04,+/-20%,14,6541.959286693078,6541.577624017256,35f6a6573ef9
12,42,0.04,+/-20%,15,7850.351144031695,7746.0948440146,35f6a6573ef9
12,42,0.06,NHF,1,34663.3960505887,34663.3960505887,35f6a6573ef9
12,42,0.06,NHF,2,5631.860358477289,5631.860358477289,35f6a6573ef9
12,42,0.06,NHF,3,5114.322000374112,5114.322000374112,35f6a6573ef9
12,42,0.06,NHF,4,5049.641702047239,5049.641702047239,35f6a6573ef9
12,42,0.06,NHF,5,5970.512534946896,5970.512534946896,35f6a6573ef9
12,42,0.06,NHF,6,5491.554569323195,5491.554569323195,35f6a6573ef9
12,42,0.06,NHF,7,10869.763748140389,10869.763748140389,35f6a6573ef9
12,42,0.06,NHF,8,9782.846030738729,9782.846030738729,35f6a6573ef9
12,42,0.06,NHF,9,12309.868259276866,12309.868259276866,35f6a6573ef9
12,42,0.06,NHF,10,5760.854103209798,5760.854103209798,35f6a6573ef9
12,42,0.06,NHF,11,5495.014262056206,5495.014262056206,35f6a6573ef9
12,42,0.06,NHF,12,5944.209273904525,5944.209273904525,35f6a6573ef9
12,42,0.06,NHF,13,12221.636605020587,12221.636605020587,35f6a6573ef9
12,42,0.06,NHF,14,4024.530102092585,4024.530102092585,35f6a6573ef9
12,42,0.06,NHF,15,9947.339165440182,9947.33916544018,35f6a6573ef9
12,42,0.06,NDY,1,9915.648607648298,9915.648607648298,35f6a6573ef9
12,42,0.06,NDY,2,9915.648607648296,9790.43956522752,35f6a6573ef9
12,42,0.06,NDY,3,9915.648607648298,9697.301564195875,35f6a6573ef9
12,42,0.06,NDY,4,9915.648607648276,9594.538834919671,35f6a6573ef9
12,42,0.06,NDY,5,9915.648607648316,9493.353555589429,35f6a6573ef9
12,42,0.06,NDY,6,9915.648607648292,9397.016108722542,35f6a6573ef9
12,42,0.06,NDY,7,9915.6486076483,9288.22167661504,35f6a6573ef9
12,42,0.06,NDY,8,9915.648607648302,9198.395158947273,35f6a6573ef9
12,42,0.06,NDY,9,9915.648607648289,9126.85676706313,35f6a6573ef9
12,42,0.06,NDY,10,9915.648607648289,9064.843495181525,35f6a6573ef9
12,42,0.06,NDY,11,9915.64860764829,9004.730670189647,35f6a6573ef9
12,42,0.06,NDY,12,9915.64860764829,8930.768109475339,35f6a6573ef9
12,42,0.06,NDY,13,9915.648607648287,8861.43187845877,35f6a6573ef9
12,42,0.06,NDY,14,9915.648607648274,8796.947766504252,35f6a6573ef9
12,42,0.06,NDY,15,9915.648607648305,8731.664816169881,35f6a6573ef9
12,42,0.06,-10%,1,15039.827334654328,15039.827334654328,35f6a6573ef9
12,42,0.06,-10%,2,13535.844601188897,13492.068290568424,35f6a6573ef9
12,42,0.06,-10%,3,12182.260141070008,12112.547064536344,35f6a6573ef9
12,42,0.06,-10%,4,10964.034126963004,10884.27549764047,35f6a6573ef9
12,42,0.06,-10%,5,9867.630714266703,9795.847947397902,35f6a6573ef9
12,42,0.06,-10%,6,8880.867642840034,8816.263153615253,35f6a6573ef9
12,42,0.06,-10%,7,7992.780878556035,7966.931404713241,35f6a6573ef9
12,42,0.06,-10%,8,7193.502790700428,7170.23826082168,35f6a6573ef9
12,42,0.06,-10%,9,6474.1525116303865,6453.214438914946,35f6a6573ef9
12,42,0.06,-10%,10,6632.931678719672,7175.024871619046,35f6a6573ef9
12,42,0.06,-10%,11,7896.407695900589,7873.819404184294,35f6a6573ef9
12,42,0.06,-10%,12,9435.466044288578,9397.781271458953,35f6a6573ef9
12,42,0.06,-10%,13,9773.05996077818,9457.317755236125,35f6a6573ef9
12,42,0.06,-10%,14,8795.753964700365,8511.585978100811,35f6a6573ef9
12,42,0.06,-10%,15,7916.178568230328,7660.427382402232,35f6a6573ef9
12,42,0.06,-20%,1,18338.33392581842,18338.33392581842,35f6a6573ef9
12,42,0.06,-20%,2,14670.667140654748,14648.434340100908,35f6a6573ef9
12,42,0.06,-20%,3,11736.533712523795,11699.281011142017,35f6a6573ef9
12,42,0.06,-20%,4,9389.226970019035,9359.424809975882,35f6a6573ef9
12,42,0.06,-20%,5,7511.381576015228,7487.539849914954,35f6a6573ef9
12,42,0.06,-20%,6,6009.105260812181,5990.031883088195,35f6a6573ef9
12,42,0.06,-20%,7,6334.223163192965,6334.223165760254,35f6a6573ef9
12,42,0.06,-20%,8,9074.97323604945,8763.273052833261,35f6a6573ef9
12,42,0.06,-20%,9,9308.379508419182,9293.499291955055,35f6a6573ef9
12,42,0.06,-20%,10,7446.703606735344,9023.61991624532,35f6a6573ef9
12,42,0.06,-20%,11,9032.109101607237,7696.466791078395,35f6a6573ef9
12,42,0.06,-20%,12,8870.075185428854,8556.406662799156,35f6a6573ef9
12,42,0.06,-20%,13,7630.656585161962,7708.048592913943,35f6a6573ef9
12,42,0.06,-20%,14,6104.525268129568,6166.43887324541,35f6a6573ef9
12,42,0.06,-20%,15,8292.059642435412,8003.140557575171,35f6a6573ef9
12,42,0.06,+/-10%,1,15034.948668508801,15034.948668508801,35f6a6573ef9
12,42,0.06,+/-10%,2,13531.453801657926,13493.090876302633,35f6a6573ef9
12,42,0.06,+/-10%,3,12178.30842149213,12121.210116057659,35f6a6573ef9
12,42,0.06,+/-10%,4,10960.477579342916,10878.959584023873,35f6a6573ef9
12,42,0.06,+/-10%,5,9864.429821408625,9789.701997498767,35f6a6573ef9
12,42,0.06,+/-10%,6,8877.986839267764,8810.731803266464,35f6a6573ef9
12,42,0.06,+/-10%,7,7990.18815534099,7967.535229629947,35f6a6573ef9
12,42,0.06,+/-10%,8,7191.169339806888,7170.781707823988,35f6a6573ef9
12,42,0.06,+/-10%,9,6472.052405826202,6483.419439860701,35f6a6573ef9
12,42,0.06,+/-10%,10,6922.078883110966,7131.761388673852,35f6a6573ef9
12,42,0.06,+/-10%,11,7614.286771422065,7881.067201960856,35f6a6573ef9
12,42,0.06,+/-10%,12,8375.715448564271,8707.097061507227,35f6a6573ef9
12,42,0.06,+/-10%,13,9213.2869934207,9803.45305864313,35f6a6573ef9
12,42,0.06,+/-10%,14,9860.031121863394,8823.107753483835,35f6a6573ef9
12,42,0.06,+/-10%,15,8874.028009677053,7940.796979450371,35f6a6573ef9
12,42,0.06,+/-20%,1,18337.54804429583,18337.54804429583,35f6a6573ef9
12,42,0.06,+/-20%,2,14670.038435436669,14651.84235064128,35f6a6573ef9
12,42,0.06,+/-20%,3,11736.030748349332,11702.11641831096,35f6a6573ef9
12,42,0.06,+/-20%,4,9388.824598679468,9361.693133617033,35f6a6573ef9
12,42,0.06,+/-20%,5,7511.059678943573,7489.354504582467,35f6a6573ef9
12,42,0.06,+/-20%,6,6008.84774315486,5991.483607233195,35f6a6573ef9
12,42,0.06,+/-20%,7,6727.5450239965085,6727.545022128262,35f6a6573ef9
12,42,0.06,+/-20%,8,8073.054028795809,8273.855499293528,35f6a6573ef9
12,42,0.06,+/-20%,9,9687.664834554973,8903.168661653901,35f6a6573ef9
12,42,0.06,+/-20%,10,8142.52697533586,9206.696526859068,35f6a6573ef9
12,42,0.06,+/-20%,11,8632.875505589273,7996.11767542158,35f6a6573ef9
12,42,0.06,+/-20%,12,8703.990555187278,9055.172291970175,35f6a6573ef9
12,42,0.06,+/-20%,13,6963.192444149823,7329.974833037399,35f6a6573ef9
12,42,0.06,+/-20%,14,6757.882431536382,6018.668195705679,35f6a6573ef9
12,42,0.06,+/-20%,15,8109.458917843659,8099.236254746895,35f6a6573ef9
12,1042,0.0,NHF,1,2482.88455413,2482.88455413,35f6a6573ef9
12,1042,0.0,NHF,2,2367.6029705225,1101.6827647466666,35f6a6573ef9
12,1042,0.0,NHF,3,7518.825919066705,287.56534105,35f6a6573ef9
12,1042,0.0,NHF,4,7396.2149195625,11934.824814670223,35f6a6573ef9
12,1042,0.0,NHF,5,26321.43416616659,15258.955511324253,35f6a6573ef9
12,1042,0.0,NHF,6,7544.864669897914,6330.719492317758,35f6a6573ef9
12,1042,0.0,NHF,7,21663.01214226614,7829.643049927093,35f6a6573ef9
12,1042,0.0,NHF,8,9345.21526376237,11393.635538057408,35f6a6573ef9
12,1042,0.0,NHF,9,5126.805694425776,12393.547415239498,35f6a6573ef9
12,1042,0.0,NHF,10,115.45429691,7158.049335170643,35f6a6573ef9
12,1042,0.0,NHF,11,840.0432820699999,9272.559492135,35f6a6573ef9
12,1042,0.0,NHF,12,308.9326615425,10899.412490458903,35f6a6573ef9
12,1042,0.0,NHF,13,1368.290454825,8478.173167316756,35f6a6573ef9
12,1042,0.0,NHF,14,5119.226555723863,8106.558015088778,35f6a6573ef9
12,1042,0.0,NHF,15,77146.84361651137,9433.28443634758,35f6a6573ef9
12,1042,0.0,NDY,1,3105.37200952,3105.37200952,35f6a6573ef9
12,1042,0.0,NDY,2,9879.140254230399,7987.330248821088,35f6a6573ef9
12,1042,0.0,NDY,3,10866.235412637889,9038.597440530868,35f6a6573ef9
12,1042,0.0,NDY,4,10866.23541263789,9117.96037775139,35f6a6573ef9
12,1042,0.0,NDY,5,10866.23541263789,10648.839809226198,35f6a6573ef9
12,1042,0.0,NDY,6,10866.23541263789,10396.355397957726,35f6a6573ef9
12,1042,0.0,NDY,7,10866.23541263789,10224.941048574143,35f6a6573ef9
12,1042,0.0,NDY,8,10866.235412637889,10139.795573012922,35f6a6573ef9
12,1042,0.0,NDY,9,10866.235412637892,9879.59471814536,35f6a6573ef9
12,1042,0.0,NDY,10,10866.235412637889,9752.319508797282,35f6a6573ef9
12,1042,0.0,NDY,11,10866.23541263789,9472.358691678426,35f6a6573ef9
12,1042,0.0,NDY,12,10866.235412637889,9150.728049257565,35f6a6573ef9
12,1042,0.0,NDY,13,10866.235412637889,9159.182368325319,35f6a6573ef9
12,1042,0.0,NDY,14,10866.23541263789,8721.897472405835,35f6a6573ef9
12,1042,0.0,NDY,15,10866.235412637889,7699.9120862693735,35f6a6573ef9
12,1042,0.0,-10%,1,4514.521396877154,4514.521396877154,35f6a6573ef9
12,1042,0.0,-10%,2,4063.0692571894388,5060.303505088515,35f6a6573ef9
12,1042,0.0,-10%,3,3656.7623314704947,3638.7124434416774,35f6a6573ef9
12,1042,0.0,-10%,4,14646.459060583193,14459.24832103464,35f6a6573ef9
12,1042,0.0,-10%,5,13389.598471337464,13812.804112492544,35f6a6573ef9
12,1042,0.0,-10%,6,12050.638624203717,11695.451899355467,35f6a6573ef9
12,1042,0.0,-10%,7,10845.574761783346,12032.021113731049,35f6a6573ef9
12,1042,0.0,-10%,8,9761.01728560501,8371.335930811456,35f6a6573ef9
12,1042,0.0,-10%,9,9183.685364899757,11407.11348982354,35f6a6573ef9
12,1042,0.0,-10%,10,8265.316828409781,8404.460939848399,35f6a6573ef9
12,1042,0.0,-10%,11,13226.21663727363,9521.53743977606,35f6a6573ef9
12,1042,0.0,-10%,12,14905.672719667884,7535.171085054935,35f6a6573ef9
12,1042,0.0,-10%,13,13415.105447701097,7147.160427573027,35f6a6573ef9
12,1042,0.0,-10%,14,12073.594902930989,6390.673856727501,35f6a6573ef9
12,1042,0.0,-10%,15,10866.235412637889,7805.449518497499,35f6a6573ef9
12,1042,0.0,-20%,1,4746.159403190389,4746.159403190389,35f6a6573ef9
12,1042,0.0,-20%,2,4709.643311597476,5144.9622408675,35f6a6573ef9
12,1042,0.0,-20%,3,3767.7146492779802,6618.5403295725,35f6a6573ef9
12,1042,0.0,-20%,4,13681.553822060161,9106.931225209999,35f6a6573ef9
12,1042,0.0,-20%,5,15376.633674376753,17153.174525127295,35f6a6573ef9
12,1042,0.0,-20%,6,12301.306939501403,11846.278048363332,35f6a6573ef9
12,1042,0.0,-20%,7,9841.045551601124,7506.686704779487,35f6a6573ef9
12,1042,0.0,-20%,8,8041.938290020389,10919.294025132891,35f6a6573ef9
12,1042,0.0,-20%,9,9693.890107394187,10148.626140236634,35f6a6573ef9
12,1042,0.0,-20%,10,7755.112085915351,9082.777944522904,35f6a6573ef9
12,1042,0.0,-20%,11,8665.499745605337,11182.852133414308,35f6a6573ef9
12,1042,0.0,-20%,12,15350.684714577792,8430.817669141867,35f6a6573ef9
12,1042,0.0,-20%,13,16978.492832246702,7037.802287078449,35f6a6573ef9
12,1042,0.0,-20%,14,13582.794265797358,8308.295697830628,35f6a6573ef9
12,1042,0.0,-20%,15,10866.235412637889,7539.455674783634,35f6a6573ef9
12,1042,0.0,+/-10%,1,6385.42405503055,6385.42405503055,35f6a6573ef9
12,1042,0.0,+/-10%,2,7023.966460533607,7138.318914992962,35f6a6573ef9
12,1042,0.0,+/-10%,3,7726.363106586966,8476.869758471383,35f6a6573ef9
12,1042,0.0,+/-10%,4,8498.999417245666,9656.285034738283,35f6a6573ef9
12,1042,0.0,+/-10%,5,9348.899358970233,12329.777411409588,35f6a6573ef9
12,1042,0.0,+/-10%,6,10283.789294867254,10111.137092885157,35f6a6573ef9
12,1042,0.0,+/-10%,7,11312.168224353985,9766.110229329448,35f6a6573ef9
12,1042,0.0,+/-10%,8,10258.43690961289,10611.4798440926,35f6a6573ef9
12,1042,0.0,+/-10%,9,10509.015944227624,9595.357870223099,35f6a6573ef9
12,1042,0.0,+/-10%,10,11559.917538650385,8583.72987163426,35f6a6573ef9
12,1042,0.0,+/-10%,11,12715.909292515422,9828.735502978554,35f6a6573ef9
12,1042,0.0,+/-10%,12,13987.500221766972,9306.527601924934,35f6a6573ef9
12,1042,0.0,+/-10%,13,13415.1054477011,7224.682787924184,35f6a6573ef9
12,1042,0.0,+/-10%,14,12073.59490293099,8431.760986310903,35f6a6573ef9
12,1042,0.0,+/-10%,15,10866.23541263789,8804.975675133754,35f6a6573ef9
12,1042,0.0,+/-20%,1,5440.375248645439,5440.375248645439,35f6a6573ef9
12,1042,0.0,+/-20%,2,6528.450298374531,6650.885358710339,35f6a6573ef9
12,1042,0.0,+/-20%,3,7834.140358049472,7982.897309852323,35f6a6573ef9
12,1042,0.0,+/-20%,4,9400.968429659197,10511.467539944806,35f6a6573ef9
12,1042,0.0,+/-20%,5,11281.162115591218,12772.268311181964,35f6a6573ef9
12,1042,0.0,+/-20%,6,11210.274344525375,9369.70999973965,35f6a6573ef9
12,1042,0.0,+/-20%,7,10764.21249049878,9985.232237945582,35f6a6573ef9
12,1042,0.0,+/-20%,8,8683.48204797289,10075.81945153789,35f6a6573ef9
12,1042,0.0,+/-20%,9,10113.384109858664,10100.236753078289,35f6a6573ef9
12,1042,0.0,+/-20%,10,9400.876437383247,9627.563809197905,35f6a6573ef9
12,1042,0.0,+/-20%,11,11281.051724859852,10023.88380707812,35f6a6573ef9
12,1042,0.0,+/-20%,12,13537.262069831915,8936.077779717642,35f6a6573ef9
12,1042,0.0,+/-20%,13,16244.714483798256,7148.862223823027,35f6a6573ef9
12,1042,0.0,+/-20%,14,13582.794265797369,7882.210318027657,35f6a6573ef9
12,1042,0.0,+/-20%,15,10866.235412637894,8769.301018238777,35f6a6573ef9
12,1042,0.02,NHF,1,32779.514525128936,32779.514525128936,35f6a6573ef9
12,1042,0.02,NHF,2,3078.9119569165864,3590.8721083851015,35f6a6573ef9
12,1042,0.02,NHF,3,7188.019649635648,7143.5290087094145,35f6a6573ef9
12,1042,0.02,NHF,4,3118.874124194753,5464.994380125403,35f6a6573ef9
12,1042,0.02,NHF,5,16710.637028732726,13156.322806060241,35f6a6573ef9
12,1042,0.02,NHF,6,4502.516989226699,4502.516989226699,35f6a6573ef9
12,1042,0.02,NHF,7,9782.615719011319,9782.615719011319,35f6a6573ef9
12,1042,0.02,NHF,8,10273.59668499132,10273.59668499132,35f6a6573ef9
12,1042,0.02,NHF,9,11092.953409726415,11018.390184731266,35f6a6573ef9
12,1042,0.02,NHF,10,3237.6713495447198,3966.822759367264,35f6a6573ef9
12,1042,0.02,NHF,11,4737.918631023802,9166.770402809032,35f6a6573ef9
12,1042,0.02,NHF,12,7075.149972141091,4044.488702402066,35f6a6573ef9
12,1042,0.02,NHF,13,14776.69722405935,14831.579907759795,35f6a6573ef9
12,1042,0.02,NHF,14,6719.375934139625,3794.400432389637,35f6a6573ef9
12,1042,0.02,NHF,15,12695.157321549843,10902.719279020821,35f6a6573ef9
12,1042,0.02,NDY,1,10231.693718380497,10231.693718380497,35f6a6573ef9
12,1042,0.02,NDY,2,10231.693718380495,10138.495965063426,35f6a6573ef9
12,1042,0.02,NDY,3,10231.693718380495,10050.539720161953,35f6a6573ef9
12,1042,0.02,NDY,4,10231.693718380497,9962.330894306311,35f6a6573ef9
12,1042,0.02,NDY,5,10231.693718380497,9871.666943004213,35f6a6573ef9
12,1042,0.02,NDY,6,10231.693718380497,9790.583197802585,35f6a6573ef9
12,1042,0.02,NDY,7,10231.693718380497,9713.047232397183,35f6a6573ef9
12,1042,0.02,NDY,8,10231.693718380495,9648.080793499883,35f6a6573ef9
12,1042,0.02,NDY,9,10231.693718380497,9571.407991686265,35f6a6573ef9
12,1042,0.02,NDY,10,10231.6937183805,9512.76867909982,35f6a6573ef9
12,1042,0.02,NDY,11,10231.693718380497,9456.55514874739,35f6a6573ef9
12,1042,0.02,NDY,12,10231.693718380497,9398.018076652357,35f6a6573ef9
12,1042,0.02,NDY,13,10231.6937183805,9345.320282504223,35f6a6573ef9
12,1042,0.02,NDY,14,10231.6937183805,9292.614428789853,35f6a6573ef9
12,1042,0.02,NDY,15,10231.6937183805,9243.31186764703,35f6a6573ef9
12,1042,0.02,-10%,1,15329.833018238503,15329.833018238503,35f6a6573ef9
12,1042,0.02,-10%,2,13796.84971641465,13791.759108357117,35f6a6573ef9
12,1042,0.02,-10%,3,12417.16474477319,12392.526910739405,35f6a6573ef9
12,1042,0.02,-10%,4,11175.448270295872,11119.935536560193,35f6a6573ef9
12,1042,0.02,-10%,5,10057.903443266283,9996.93561521772,35f6a6573ef9
12,1042,0.02,-10%,6,9052.113098939655,8997.242055779512,35f6a6573ef9
12,1042,0.02,-10%,7,8146.901789045693,8097.517851244956,35f6a6573ef9
12,1042,0.02,-10%,8,7332.211610141124,7332.211611805131,35f6a6573ef9
12,1042,0.02,-10%,9,7930.518030288956,8420.984579456514,35f6a6573ef9
12,1042,0.02,-10%,10,7689.8358618911425,7594.036830712565,35f6a6573ef9
12,1042,0.02,-10%,11,7119.889559583648,8055.109897228969,35f6a6573ef9
12,1042,0.02,-10%,12,10235.716727586852,7766.614691456461,35f6a6573ef9
12,1042,0.02,-10%,13,9212.145054828166,9698.341274670149,35f6a6573ef9
12,1042,0.02,-10%,14,8290.93054934535,8728.507147694754,35f6a6573ef9
12,1042,0.02,-10%,15,8009.263299413773,7855.656431146228,35f6a6573ef9
12,1042,0.02,-20%,1,18745.519984233502,18745.519984233502,35f6a6573ef9
12,1042,0.02,-20%,2,14996.415987386801,14741.382142601506,35f6a6573ef9
12,1042,0.02,-20%,3,11997.132789909445,11822.916098671067,35f6a6573ef9
12,1042,0.02,-20%,4,9597.70623192756,9773.879965573364,35f6a6573ef9
12,1042,0.02,-20%,5,7678.164985542045,7811.895147652727,35f6a6573ef9
12,1042,0.02,-20%,6,6142.531988433636,6249.516113374535,35f6a6573ef9
12,1042,0.02,-20%,7,7777.1867408768285,7777.1867408768285,35f6a6573ef9
12,1042,0.02,-20%,8,9388.921660371103,9388.921662419552,35f6a6573ef9
12,1042,0.02,-20%,9,7511.137328296884,8138.872735287259,35f6a6573ef9
12,1042,0.02,-20%,10,8530.09158438307,8384.621740581331,35f6a6573ef9
12,1042,0.02,-20%,11,8882.223276271598,7666.402971297689,35f6a6573ef9
12,1042,0.02,-20%,12,9062.410034717657,9081.385913176806,35f6a6573ef9
12,1042,0.02,-20%,13,8488.930676384885,8891.748199244608,35f6a6573ef9
12,1042,0.02,-20%,14,6791.1445411079085,7113.398563481391,35f6a6573ef9
12,1042,0.02,-20%,15,9535.945973609329,8776.601462952549,35f6a6573ef9
12,1042,0.02,+/-10%,1,15325.131699896774,15325.131699896774,35f6a6573ef9
12,1042,0.02,+/-10%,2,13792.618529907097,13787.311447780288,35f6a6573ef9
12,1042,0.02,+/-10%,3,12413.35667691639,12395.95587016784,35f6a6573ef9
12,1042,0.02,+/-10%,4,11172.02100922475,11133.83072283474,35f6a6573ef9
12,1042,0.02,+/-10%,5,10054.818908302277,10016.18422412789,35f6a6573ef9
12,1042,0.02,+/-10%,6,9049.33701747205,9014.565800514598,35f6a6573ef9
12,1042,0.02,+/-10%,7,8144.403315724846,8113.109222785876,35f6a6573ef9
12,1042,0.02,+/-10%,8,7329.96298415236,7405.781533602178,35f6a6573ef9
12,1042,0.02,+/-10%,9,7984.534376624644,7977.591142034144,35f6a6573ef9
12,1042,0.02,+/-10%,10,7442.514473845785,7895.533946112357,35f6a6573ef9
12,1042,0.02,+/-10%,11,8186.765921230362,7610.119266261664,35f6a6573ef9
12,1042,0.02,+/-10%,12,9005.4425133534,8371.131192259767,35f6a6573ef9
12,1042,0.02,+/-10%,13,9315.222614717817,9624.405747865369,35f6a6573ef9
12,1042,0.02,+/-10%,14,8383.700353246035,8661.965171050739,35f6a6573ef9
12,1042,0.02,+/-10%,15,8221.577342781033,7795.768655521527,35f6a6573ef9
12,1042,0.02,+/-20%,1,18623.21202960155,18623.21202960155,35f6a6573ef9
12,1042,0.02,+/-20%,2,14898.56962368124,14807.142563520443,35f6a6573ef9
12,1042,0.02,+/-20%,3,11918.855698944993,11877.80415545176,35f6a6573ef9
12,1042,0.02,+/-20%,4,9535.084559155997,9511.565564222929,35f6a6573ef9
12,1042,0.02,+/-20%,5,8015.889561950314,8017.9781844917725,35f6a6573ef9
12,1042,0.02,+/-20%,6,6427.972586431778,6427.972583041981,35f6a6573ef9
12,1042,0.02,+/-20%,7,7713.5671037181355,7713.567104863359,35f6a6573ef9
12,1042,0.02,+/-20%,8,9256.280524461761,9256.28052504461,35f6a6573ef9
12,1042,0.02,+/-20%,9,7405.0244195694095,8345.163122730506,35f6a6573ef9
12,1042,0.02,+/-20%,10,8886.029303483292,8374.592126526497,35f6a6573ef9
12,1042,0.02,+/-20%,11,8474.895010834563,7749.769038742603,35f6a6573ef9
12,1042,0.02,+/-20%,12,9050.845706665428,8644.670190677809,35f6a6573ef9
12,1042,0.02,+/-20%,13,8070.141351097153,9070.40600529737,35f6a6573ef9
12,1042,0.02,+/-20%,14,7722.707435193502,7256.324803436463,35f6a6573ef9
12,1042,0.02,+/-20%,15,9267.248922232202,8747.44558904247,35f6a6573ef9
12,1042,0.04,NHF,1,36461.56921315647,36461.56921315647,35f6a6573ef9
12,1042,0.04,NHF,2,5201.773830919477,5201.773830919477,35f6a6573ef9
12,1042,0.04,NHF,3,6395.56719853158,6395.56719853158,35f6a6573ef9
12,1042,0.04,NHF,4,4590.567909918492,4590.567909918492,35f6a6573ef9
12,1042,0.04,NHF,5,5102.737829891725,5102.737829891725,35f6a6573ef9
12,1042,0.04,NHF,6,4502.516989226699,4502.516989226699,35f6a6573ef9
12,1042,0.04,NHF,7,10279.68808810598,10279.688088105979,35f6a6573ef9
12,1042,0.04,NHF,8,11751.551709497813,11751.551709497813,35f6a6573ef9
12,1042,0.04,NHF,9,12482.106208544623,12482.106208544621,35f6a6573ef9
12,1042,0.04,NHF,10,7197.346086918344,7197.346086918344,35f6a6573ef9
12,1042,0.04,NHF,11,6416.555060183064,6416.555060183064,35f6a6573ef9
12,1042,0.04,NHF,12,4211.0283473027175,4211.0283473027175,35f6a6573ef9
12,1042,0.04,NHF,13,11243.061229614184,11243.061229614184,35f6a6573ef9
12,1042,0.04,NHF,14,4623.178002083015,4623.178002083015,35f6a6573ef9
12,1042,0.04,NHF,15,10906.329039047012,10906.329039047012,35f6a6573ef9
12,1042,0.04,NDY,1,10173.80836043042,10173.80836043042,35f6a6573ef9
12,1042,0.04,NDY,2,10173.808360430423,10059.761266929403,35f6a6573ef9
12,1042,0.04,NDY,3,10173.808360430421,9956.589198183427,35f6a6573ef9
12,1042,0.04,NDY,4,10173.808360430425,9854.824094745141,35f6a6573ef9
12,1042,0.04,NDY,5,10173.808360430421,9740.598367394641,35f6a6573ef9
12,1042,0.04,NDY,6,10173.808360430423,9647.126831222822,35f6a6573ef9
12,1042,0.04,NDY,7,10173.808360430421,9551.079608491527,35f6a6573ef9
12,1042,0.04,NDY,8,10173.808360430421,9473.7781437887,35f6a6573ef9
12,1042,0.04,NDY,9,10173.808360430421,9397.28132918494,35f6a6573ef9
12,1042,0.04,NDY,10,10173.808360430425,9326.62904922957,35f6a6573ef9
12,1042,0.04,NDY,11,10173.808360430421,9250.668036793097,35f6a6573ef9
12,1042,0.04,NDY,12,10173.80836043042,9172.770531499282,35f6a6573ef9
12,1042,0.04,NDY,13,10173.808360430427,9105.645420404813,35f6a6573ef9
12,1042,0.04,NDY,14,10173.808360430421,9046.40450366749,35f6a6573ef9
12,1042,0.04,NDY,15,10173.808360430425,8989.109785129682,35f6a6573ef9
12,1042,0.04,-10%,1,15350.822465918893,15350.822465918893,35f6a6573ef9
12,1042,0.04,-10%,2,13815.740219327003,13814.654650678076,35f6a6573ef9
12,1042,0.04,-10%,3,12434.166197394301,12426.187106045742,35f6a6573ef9
12,1042,0.04,-10%,4,11190.749577654873,11175.155784059905,35f6a6573ef9
12,1042,0.04,-10%,5,10071.674619889383,10057.580609630939,35f6a6573ef9
12,1042,0.04,-10%,6,9064.507157900449,9051.822551063025,35f6a6573ef9
12,1042,0.04,-10%,7,8158.0564421104045,8157.415424327715,35f6a6573ef9
12,1042,0.04,-10%,8,7342.2507978993635,7341.673881328983,35f6a6573ef9
12,1042,0.04,-10%,9,6608.025718109428,6607.506493261454,35f6a6573ef9
12,1042,0.04,-10%,10,8337.933312208017,8107.486358506539,35f6a6573ef9
12,1042,0.04,-10%,11,7504.139980987216,8347.454303513528,35f6a6573ef9
12,1042,0.04,-10%,12,10096.281905341302,9810.712771735338,35f6a6573ef9
12,1042,0.04,-10%,13,9437.789272555357,9159.002295979964,35f6a6573ef9
12,1042,0.04,-10%,14,8494.010345299823,8243.102067117708,35f6a6573ef9
12,1042,0.04,-10%,15,7658.712861112107,7418.791859530024,35f6a6573ef9
12,1042,0.04,-20%,1,18763.679544389244,18763.679544389244,35f6a6573ef9
12,1042,0.04,-20%,2,15010.943635511394,15009.9747914836,35f6a6573ef9
12,1042,0.04,-20%,3,12008.754908409115,12006.422367034065,35f6a6573ef9
12,1042,0.04,-20%,4,9607.003926727299,9605.137892753759,35f6a6573ef9
12,1042,0.04,-20%,5,7685.603141381837,7683.346063848825,35f6a6573ef9
12,1042,0.04,-20%,6,6148.48251310547,6146.676855906646,35f6a6573ef9
12,1042,0.04,-20%,7,6800.4739619216,6800.473962341412,35f6a6573ef9
12,1042,0.04,-20%,8,8626.603328620944,8633.176104650205,35f6a6573ef9
12,1042,0.04,-20%,9,9948.11521440466,9941.542437955586,35f6a6573ef9
12,1042,0.04,-20%,10,9133.282991407446,9211.448719906699,35f6a6573ef9
12,1042,0.04,-20%,11,7996.0428042839985,7801.027026024299,35f6a6573ef9
12,1042,0.04,-20%,12,8498.467694805984,8796.2467295133,35f6a6573ef9
12,1042,0.04,-20%,13,8165.706498880459,8032.635759981459,35f6a6573ef9
12,1042,0.04,-20%,14,6532.565199104366,6426.108604402143,35f6a6573ef9
12,1042,0.04,-20%,15,8253.65770389395,8247.084927444877,35f6a6573ef9
12,1042,0.04,+/-10%,1,15344.497152654805,15344.497152654805,35f6a6573ef9
12,1042,0.04,+/-10%,2,13810.047437389323,13810.047438904941,35f6a6573ef9
12,1042,0.04,+/-10%,3,12429.042693650392,12422.717298686837,35f6a6573ef9
12,1042,0.04,+/-10%,4,11186.138424285355,11176.843370265526,35f6a6573ef9
12,1042,0.04,+/-10%,5,10067.524581856816,10059.159038573716,35f6a6573ef9
12,1042,0.04,+/-10%,6,9060.772123671137,9053.243130845118,35f6a6573ef9
12,1042,0.04,+/-10%,7,8154.694911304025,8150.764973086493,35f6a6573ef9
12,1042,0.04,+/-10%,8,7339.225420173621,7335.68847317695,35f6a6573ef9
12,1042,0.04,+/-10%,9,6949.924926603106,6998.360153654276,35f6a6573ef9
12,1042,0.04,+/-10%,10,7644.9174192634155,7698.196171398494,35f6a6573ef9
12,1042,0.04,+/-10%,11,8409.409161189758,8468.015784738214,35f6a6573ef9
12,1042,0.04,+/-10%,12,9250.350077308734,9314.817367737263,35f6a6573ef9
12,1042,0.04,+/-10%,13,9580.508097924856,9225.889014282371,35f6a6573ef9
12,1042,0.04,+/-10%,14,8622.457288132367,8244.768650843951,35f6a6573ef9
12,1042,0.04,+/-10%,15,7760.211559319129,7394.936573589667,35f6a6573ef9
12,1042,0.04,+/-20%,1,18763.12475085432,18763.12475085432,35f6a6573ef9
12,1042,0.04,+/-20%,2,15010.499800683458,15009.583490893016,35f6a6573ef9
12,1042,0.04,+/-20%,3,12008.399840546768,12006.110096797398,35f6a6573ef9
12,1042,0.04,+/-20%,4,9606.719872437418,9604.888079582663,35f6a6573ef9
12,1042,0.04,+/-20%,5,7685.3758979499335,7683.1466688150085,35f6a6573ef9
12,1042,0.04,+/-20%,6,6148.300718359947,6146.517337057024,35f6a6573ef9
12,1042,0.04,+/-20%,7,7015.295484996191,7015.295484994,35f6a6573ef9
12,1042,0.04,+/-20%,8,8418.354581995425,8418.354581997615,35f6a6573ef9
12,1042,0.04,+/-20%,9,9672.884552096306,9672.884552814035,35f6a6573ef9
12,1042,0.04,+/-20%,10,9396.762817301793,9480.61722430673,35f6a6573ef9
12,1042,0.04,+/-20%,11,8001.529183185719,7801.1780462697325,35f6a6573ef9
12,1042,0.04,+/-20%,12,8498.308275889407,8795.585090009385,35f6a6573ef9
12,1042,0.04,+/-20%,13,7936.943280872257,8057.58747013668,35f6a6573ef9
12,1042,0.04,+/-20%,14,6872.570772870732,6446.06998010031,35f6a6573ef9
12,1042,0.04,+/-20%,15,8247.084927444877,8247.084927444877,35f6a6573ef9
12,1042,0.06,NHF,1,36461.56921315647,36461.56921315647,35f6a6573ef9
12,1042,0.06,NHF,2,5201.773830919477,5201.773830919477,35f6a6573ef9
12,1042,0.06,NHF,3,6395.56719853158,6395.56719853158,35f6a6573ef9
12,1042,0.06,NHF,4,4590.567909918492,4590.567909918492,35f6a6573ef9
12,1042,0.06,NHF,5,5102.737829891725,5102.737829891725,35f6a6573ef9
12,1042,0.06,NHF,6,4502.516989226699,4502.516989226699,35f6a6573ef9
12,1042,0.06,NHF,7,10279.68808810598,10279.688088105979,35f6a6573ef9
12,1042,0.06,NHF,8,11751.551709497813,11751.551709497813,35f6a6573ef9
12,1042,0.06,NHF,9,12482.106208544623,12482.106208544621,35f6a6573ef9
12,1042,0.06,NHF,10,7197.346086918344,7197.346086918344,35f6a6573ef9
12,1042,0.06,NHF,11,6416.555060183064,6416.555060183064,35f6a6573ef9
12,1042,0.06,NHF,12,4211.0283473027175,4211.0283473027175,35f6a6573ef9
12,1042,0.06,NHF,13,11243.061229614184,11243.061229614184,35f6a6573ef9
12,1042,0.06,NHF,14,4623.178002083015,4623.178002083015,35f6a6573ef9
12,1042,0.06,NHF,15,10906.329039047012,10906.329039047012,35f6a6573ef9
12,1042,0.06,NDY,1,10082.260262384969,10082.260262384969,35f6a6573ef9
12,1042,0.06,NDY,2,10082.26026238497,9925.849766125993,35f6a6573ef9
12,1042,0.06,NDY,3,10082.260262384973,9811.395919726292,35f6a6573ef9
12,1042,0.06,NDY,4,10082.260262384973,9709.322275461811,35f6a6573ef9
12,1042,0.06,NDY,5,10082.26026238497,9613.955167756247,35f6a6573ef9
12,1042,0.06,NDY,6,10082.26026238497,9509.021389965845,35f6a6573ef9
12,1042,0.06,NDY,7,10082.260262384973,9408.014331984687,35f6a6573ef9
12,1042,0.06,NDY,8,10082.26026238497,9315.680196202245,35f6a6573ef9
12,1042,0.06,NDY,9,10082.260262384973,9248.249060657241,35f6a6573ef9
12,1042,0.06,NDY,10,10082.260262384967,9177.67654589458,35f6a6573ef9
12,1042,0.06,NDY,11,10082.260262384974,9120.784958938331,35f6a6573ef9
12,1042,0.06,NDY,12,10082.260262384967,9047.742320692192,35f6a6573ef9
12,1042,0.06,NDY,13,10082.260262384974,8986.547522927438,35f6a6573ef9
12,1042,0.06,NDY,14,10082.260262384974,8909.636780393572,35f6a6573ef9
12,1042,0.06,NDY,15,10082.26026238497,8833.634069964033,35f6a6573ef9
12,1042,0.06,-10%,1,15283.46625711944,15283.46625711944,35f6a6573ef9
12,1042,0.06,-10%,2,13755.119631407499,13740.900643939134,35f6a6573ef9
12,1042,0.06,-10%,3,12379.607668266739,12351.971109189584,35f6a6573ef9
12,1042,0.06,-10%,4,11141.646901440074,11102.323061475825,35f6a6573ef9
12,1042,0.06,-10%,5,10027.482211296065,9992.090751483182,35f6a6573ef9
12,1042,0.06,-10%,6,9024.73399016646,8992.881677076262,35f6a6573ef9
12,1042,0.06,-10%,7,8122.260591149815,8113.864420671667,35f6a6573ef9
12,1042,0.06,-10%,8,7310.034532034832,7302.477984954808,35f6a6573ef9
12,1042,0.06,-10%,9,6579.0310788313545,6572.230178246244,35f6a6573ef9
12,1042,0.06,-10%,10,8294.670277302705,7850.273472928868,35f6a6573ef9
12,1042,0.06,-10%,11,8099.706279606164,9194.993421052388,35f6a6573ef9
12,1042,0.06,-10%,12,9915.686591835029,9827.287908805612,35f6a6573ef9
12,1042,0.06,-10%,13,9169.080563570104,8844.559118925647,35f6a6573ef9
12,1042,0.06,-10%,14,8252.172507213096,7960.10320618434,35f6a6573ef9
12,1042,0.06,-10%,15,7426.955256491785,7164.092884469167,35f6a6573ef9
12,1042,0.06,-20%,1,18713.694905546912,18713.694905546912,35f6a6573ef9
12,1042,0.06,-20%,2,14970.95592443753,14926.480967099003,35f6a6573ef9
12,1042,0.06,-20%,3,11976.76473955002,11911.003914677454,35f6a6573ef9
12,1042,0.06,-20%,4,9581.411791640023,9526.133265782542,35f6a6573ef9
12,1042,0.06,-20%,5,7665.129433312016,7620.906613187578,35f6a6573ef9
12,1042,0.06,-20%,6,6132.103546649612,6096.725292246006,35f6a6573ef9
12,1042,0.06,-20%,7,6037.266952800593,6037.266951983307,35f6a6573ef9
12,1042,0.06,-20%,8,9131.395644059932,9131.395644877217,35f6a6573ef9
12,1042,0.06,-20%,9,11022.068446727802,10259.718930472312,35f6a6573ef9
12,1042,0.06,-20%,10,8817.654757382243,9949.512462841272,35f6a6573ef9
12,1042,0.06,-20%,11,7528.1950455021515,7959.609975417291,35f6a6573ef9
12,1042,0.06,-20%,12,8890.066029071351,7699.671614175293,35f6a6573ef9
12,1042,0.06,-20%,13,7403.018737281062,7619.919728635202,35f6a6573ef9
12,1042,0.06,-20%,14,5922.414989824851,6095.935782331996,35f6a6573ef9
12,1042,0.06,-20%,15,9519.65487639067,8709.92563620924,35f6a6573ef9
12,1042,0.06,+/-10%,1,15283.86305819551,15283.86305819551,35f6a6573ef9
12,1042,0.06,+/-10%,2,13755.476752375955,13735.202461439676,35f6a6573ef9
12,1042,0.06,+/-10%,3,12379.929077138364,12357.171572079584,35f6a6573ef9
12,1042,0.06,+/-10%,4,11141.936169424529,11104.909064559311,35f6a6573ef9
12,1042,0.06,+/-10%,5,10027.742552482072,9990.513148269725,35f6a6573ef9
12,1042,0.06,+/-10%,6,9024.968297233867,8991.461832160001,35f6a6573ef9
12,1042,0.06,+/-10%,7,8122.4714675104815,8110.49970093656,35f6a6573ef9
12,1042,0.06,+/-10%,8,7310.224320759431,7299.449733828862,35f6a6573ef9
12,1042,0.06,+/-10%,9,6840.318377538837,6914.146135638346,35f6a6573ef9
12,1042,0.06,+/-10%,10,7524.35021529272,7605.560750770578,35f6a6573ef9
12,1042,0.06,+/-10%,11,8276.785236821996,8366.116826029622,35f6a6573ef9
12,1042,0.06,+/-10%,12,9104.463760504193,10131.164275411462,35f6a6573ef9
12,1042,0.06,+/-10%,13,9906.93526549175,9131.025055576212,35f6a6573ef9
12,1042,0.06,+/-10%,14,8916.241738942575,8217.922551705278,35f6a6573ef9
12,1042,0.06,+/-10%,15,8024.6175650483165,7340.558070292475,35f6a6573ef9
12,1042,0.06,+/-20%,1,18716.131983356358,18716.131983356358,35f6a6573ef9
12,1042,0.06,+/-20%,2,14972.905586685087,14925.977951309902,35f6a6573ef9
12,1042,0.06,+/-20%,3,11978.324469348068,11921.352356465142,35f6a6573ef9
12,1042,0.06,+/-20%,4,9582.659575478461,9535.251306276905,35f6a6573ef9
12,1042,0.06,+/-20%,5,7666.127660382767,7628.201046450813,35f6a6573ef9
12,1042,0.06,+/-20%,6,6132.902128306213,6102.560836317953,35f6a6573ef9
12,1042,0.06,+/-20%,7,6894.846634936603,6894.8466343294185,35f6a6573ef9
12,1042,0.06,+/-20%,8,8273.815961923921,8273.815962531105,35f6a6573ef9
12,1042,0.06,+/-20%,9,9928.579154308707,9427.808915649137,35f6a6573ef9
12,1042,0.06,+/-20%,10,9739.255192514043,10453.368087611121,35f6a6573ef9
12,1042,0.06,+/-20%,11,7791.4041540112385,8362.694473719144,35f6a6573ef9
12,1042,0.06,+/-20%,12,8804.078046309185,7462.341354901264,35f6a6573ef9
12,1042,0.06,+/-20%,13,7043.262437047349,7818.005403373693,35f6a6573ef9
12,1042,0.06,+/-20%,14,6570.756751976997,6254.404326745885,35f6a6573ef9
12,1042,0.06,+/-20%,15,7884.9081023723975,8861.904547455233,35f6a6573ef9
12,2042,0.0,NHF,1,3107.529327006667,3107.529327006667,35f6a6573ef9
12,2042,0.0,NHF,2,2033.8340621900002,50.202571253333325,35f6a6573ef9
12,2042,0.0,NHF,3,8453.899660561818,606.58273585,35f6a6573ef9
12,2042,0.0,NHF,4,4598.2020901000005,7859.571863118957,35f6a6573ef9
12,2042,0.0,NHF,5,27393.90899155868,15343.895458641071,35f6a6573ef9
12,2042,0.0,NHF,6,7962.693504565507,9749.122091648534,35f6a6573ef9
12,2042,0.0,NHF,7,23488.656083489594,9987.185446229498,35f6a6573ef9
12,2042,0.0,NHF,8,9036.943386728099,11837.898807474647,35f6a6573ef9
12,2042,0.0,NHF,9,5368.94480645965,9580.025543900447,35f6a6573ef9
12,2042,0.0,NHF,10,736.74687975,9396.805823278784,35f6a6573ef9
12,2042,0.0,NHF,11,388.95280832000003,10119.364178885466,35f6a6573ef9
12,2042,0.0,NHF,12,1143.2463809375,10653.886014925016,35f6a6573ef9
12,2042,0.0,NHF,13,1708.2407770549999,8657.675806123276,35f6a6573ef9
12,2042,0.0,NHF,14,3594.704684677046,6446.356420355408,35f6a6573ef9
12,2042,0.0,NHF,15,75152.03918229185,7857.016130083307,35f6a6573ef9
12,2042,0.0,NDY,1,2631.048862759624,2631.048862759624,35f6a6573ef9
12,2042,0.0,NDY,2,10730.023629049234,9068.85785760777,35f6a6573ef9
12,2042,0.0,NDY,3,10730.02362904923,9090.072596918393,35f6a6573ef9
12,2042,0.0,NDY,4,10730.02362904924,9067.207293784875,35f6a6573ef9
12,2042,0.0,NDY,5,10730.023629049228,10465.592275116884,35f6a6573ef9
12,2042,0.0,NDY,6,10730.023629049234,10341.410498029945,35f6a6573ef9
12,2042,0.0,NDY,7,10730.02362904923,10154.965259742852,35f6a6573ef9
12,2042,0.0,NDY,8,10730.023629049228,10005.128475362271,35f6a6573ef9
12,2042,0.0,NDY,9,10730.023629049228,9738.71078923927,35f6a6573ef9
12,2042,0.0,NDY,10,10730.023629049227,9459.80123637427,35f6a6573ef9
12,2042,0.0,NDY,11,10730.023629049227,9364.3592546273,35f6a6573ef9
12,2042,0.0,NDY,12,10730.02362904923,9057.022047468578,35f6a6573ef9
12,2042,0.0,NDY,13,10730.023629049228,8648.959330688096,35f6a6573ef9
12,2042,0.0,NDY,14,10730.023629049227,8015.768329393018,35f6a6573ef9
12,2042,0.0,NDY,15,10730.023629049228,8386.922271521504,35f6a6573ef9
12,2042,0.0,-10%,1,5056.268227506751,5056.268227506751,35f6a6573ef9
12,2042,0.0,-10%,2,4550.6414047560775,5205.934879510525,35f6a6573ef9
12,2042,0.0,-10%,3,4095.5772642804695,4446.15525531,35f6a6573ef9
12,2042,0.0,-10%,4,11888.81556356508,12417.83605017565,35f6a6573ef9
12,2042,0.0,-10%,5,13630.427261083802,14029.980329382015,35f6a6573ef9
12,2042,0.0,-10%,6,12267.38453497542,11124.445320903054,35f6a6573ef9
12,2042,0.0,-10%,7,11040.646081477878,12311.870700009462,35f6a6573ef9
12,2042,0.0,-10%,8,9936.58147333009,11348.880736737956,35f6a6573ef9
12,2042,0.0,-10%,9,8942.923325997086,8649.656055543015,35f6a6573ef9
12,2042,0.0,-10%,10,9334.18601891738,10087.862651797317,35f6a6573ef9
12,2042,0.0,-10%,11,12569.371204397748,8884.14085646694,35f6a6573ef9
12,2042,0.0,-10%,12,14718.825279902921,6209.652324375168,35f6a6573ef9
12,2042,0.0,-10%,13,13246.942751912633,6488.011268057593,35f6a6573ef9
12,2042,0.0,-10%,14,11922.248476721365,6038.09907472,35f6a6573ef9
12,2042,0.0,-10%,15,10730.023629049232,9550.304672994873,35f6a6573ef9
12,2042,0.0,-20%,1,5434.643648875,5434.643648875,35f6a6573ef9
12,2042,0.0,-20%,2,4971.29964584,5241.37274543,35f6a6573ef9
12,2042,0.0,-20%,3,3977.039716672001,5818.63534979,35f6a6573ef9
12,2042,0.0,-20%,4,10001.178013381603,8510.505491729999,35f6a6573ef9
12,2042,0.0,-20%,5,16142.254679235342,17445.62541128594,35f6a6573ef9
12,2042,0.0,-20%,6,12913.803743388278,9404.426680548007,35f6a6573ef9
12,2042,0.0,-20%,7,10331.04299471062,9951.820999641895,35f6a6573ef9
12,2042,0.0,-20%,8,8264.834395768497,13174.609780688277,35f6a6573ef9
12,2042,0.0,-20%,9,9386.545434551683,8134.070725936681,35f6a6573ef9
12,2042,0.0,-20%,10,9033.356437494618,10633.449030161144,35f6a6573ef9
12,2042,0.0,-20%,11,9926.356549855784,11190.535152938515,35f6a6573ef9
12,2042,0.0,-20%,12,13069.893322514836,7133.196844194662,35f6a6573ef9
12,2042,0.0,-20%,13,16765.66192038942,6071.724032731838,35f6a6573ef9
12,2042,0.0,-20%,14,13412.529536311537,4441.767491546872,35f6a6573ef9
12,2042,0.0,-20%,15,10730.02362904923,9040.709277629994,35f6a6573ef9
12,2042,0.0,+/-10%,1,6485.491866669833,6485.491866669833,35f6a6573ef9
12,2042,0.0,+/-10%,2,7134.041053336816,7214.060348845968,35f6a6573ef9
12,2042,0.0,+/-10%,3,7847.4451586705,8391.823835262454,35f6a6573ef9
12,2042,0.0,+/-10%,4,8632.189674537549,9536.450917826254,35f6a6573ef9
12,2042,0.0,+/-10%,5,9495.408641991307,11721.309693734634,35f6a6573ef9
12,2042,0.0,+/-10%,6,10444.949506190438,9781.581184732464,35f6a6573ef9
12,2042,0.0,+/-10%,7,10694.84761110283,9808.625622776537,35f6a6573ef9
12,2042,0.0,+/-10%,8,9625.362849992547,9442.920883805338,35f6a6573ef9
12,2042,0.0,+/-10%,9,10496.792317058058,10848.954478490477,35f6a6573ef9
12,2042,0.0,+/-10%,10,11546.47154876386,9713.9078914307,35f6a6573ef9
12,2042,0.0,+/-10%,11,12701.11870364025,9235.77172431155,35f6a6573ef9
12,2042,0.0,+/-10%,12,13971.23057400428,8430.036167737451,35f6a6573ef9
12,2042,0.0,+/-10%,13,13246.942751912631,7353.392397664725,35f6a6573ef9
12,2042,0.0,+/-10%,14,11922.248476721365,8785.575836787184,35f6a6573ef9
12,2042,0.0,+/-10%,15,10730.02362904923,8882.201915508824,35f6a6573ef9
12,2042,0.0,+/-20%,1,5269.916495655896,5269.916495655896,35f6a6573ef9
12,2042,0.0,+/-20%,2,6323.899794787076,6647.0168930569835,35f6a6573ef9
12,2042,0.0,+/-20%,3,7588.679753744492,8312.529458574336,35f6a6573ef9
12,2042,0.0,+/-20%,4,9106.415704493385,10226.10147344451,35f6a6573ef9
12,2042,0.0,+/-20%,5,10927.698845392066,12900.385679088737,35f6a6573ef9
12,2042,0.0,+/-20%,6,13113.23861447048,8776.897118415707,35f6a6573ef9
12,2042,0.0,+/-20%,7,10637.555429998647,9589.201490018402,35f6a6573ef9
12,2042,0.0,+/-20%,8,8510.04434399892,11091.288912128679,35f6a6573ef9
12,2042,0.0,+/-20%,9,9589.3572449914,10366.465475854733,35f6a6573ef9
12,2042,0.0,+/-20%,10,9260.6189032996,11333.843798464284,35f6a6573ef9
12,2042,0.0,+/-20%,11,11112.742683959523,9685.591817637467,35f6a6573ef9
12,2042,0.0,+/-20%,12,13335.291220751435,6648.506543035168,35f6a6573ef9
12,2042,0.0,+/-20%,13,16002.349464901705,6382.687943367593,35f6a6573ef9
12,2042,0.0,+/-20%,14,13412.529536311533,7776.5736325948155,35f6a6573ef9
12,2042,0.0,+/-20%,15,10730.02362904923,8834.827899010712,35f6a6573ef9
12,2042,0.02,NHF,1,30940.23375722543,30940.23375722543,35f6a6573ef9
12,2042,0.02,NHF,2,4454.807548247034,5175.518149837642,35f6a6573ef9
12,2042,0.02,NHF,3,7324.259251559813,6584.192270322506,35f6a6573ef9
12,2042,0.02,NHF,4,4202.496520823685,6333.673338127967,35f6a6573ef9
12,2042,0.02,NHF,5,17182.63867722045,14568.658571898783,35f6a6573ef9
12,2042,0.02,NHF,6,4810.168889428009,4810.168889428009,35f6a6573ef9
12,2042,0.02,NHF,7,8268.146081168223,8268.146081168223,35f6a6573ef9
12,2042,0.02,NHF,8,7764.581547348898,7764.581547348897,35f6a6573ef9
12,2042,0.02,NHF,9,11257.905866188607,11001.004673132107,35f6a6573ef9
12,2042,0.02,NHF,10,4062.678803363562,4841.104795621282,35f6a6573ef9
12,2042,0.02,NHF,11,5318.489941082373,8592.903576248193,35f6a6573ef9
12,2042,0.02,NHF,12,6368.133324717914,4559.624750227044,35f6a6573ef9
12,2042,0.02,NHF,13,15823.619854582215,15250.216279099292,35f6a6573ef9
12,2042,0.02,NHF,14,7394.867909382365,5145.008071822967,35f6a6573ef9
12,2042,0.02,NHF,15,11944.98306445204,10109.150961060874,35f6a6573ef9
12,2042,0.02,NDY,1,10141.478168513699,10141.478168513699,35f6a6573ef9
12,2042,0.02,NDY,2,10141.478168513699,10048.76149387905,35f6a6573ef9
12,2042,0.02,NDY,3,10141.478168513699,9962.87881416863,35f6a6573ef9
12,2042,0.02,NDY,4,10141.4781685137,9871.554088184539,35f6a6573ef9
12,2042,0.02,NDY,5,10141.478168513702,9774.420795524547,35f6a6573ef9
12,2042,0.02,NDY,6,10141.478168513699,9687.735311144252,35f6a6573ef9
12,2042,0.02,NDY,7,10141.478168513702,9606.273510370354,35f6a6573ef9
12,2042,0.02,NDY,8,10141.4781685137,9542.239151136373,35f6a6573ef9
12,2042,0.02,NDY,9,10141.4781685137,9469.516079887793,35f6a6573ef9
12,2042,0.02,NDY,10,10141.478168513706,9406.391781487875,35f6a6573ef9
12,2042,0.02,NDY,11,10141.478168513702,9346.338602086036,35f6a6573ef9
12,2042,0.02,NDY,12,10141.478168513704,9291.03722683436,35f6a6573ef9
12,2042,0.02,NDY,13,10141.478168513702,9236.161434242562,35f6a6573ef9
12,2042,0.02,NDY,14,10141.4781685137,9189.42014495089,35f6a6573ef9
12,2042,0.02,NDY,15,10141.478168513702,9139.45155846408,35f6a6573ef9
12,2042,0.02,-10%,1,15349.114157965376,15349.114157965376,35f6a6573ef9
12,2042,0.02,-10%,2,13814.202742168838,13815.211037025296,35f6a6573ef9
12,2042,0.02,-10%,3,12432.78246795196,12410.900205469607,35f6a6573ef9
12,2042,0.02,-10%,4,11189.504221156762,11146.959015513476,35f6a6573ef9
12,2042,0.02,-10%,5,10070.553799041087,10021.787589360754,35f6a6573ef9
12,2042,0.02,-10%,6,9063.498419136977,9021.198025892261,35f6a6573ef9
12,2042,0.02,-10%,7,8157.148577223281,8119.078220784491,35f6a6573ef9
12,2042,0.02,-10%,8,7341.43371950095,7328.512463143363,35f6a6573ef9
12,2042,0.02,-10%,9,6607.290347550857,6595.661216276004,35f6a6573ef9
12,2042,0.02,-10%,10,5946.561312795771,7359.40146320605,35f6a6573ef9
12,2042,0.02,-10%,11,7633.300032777406,6828.347468488129,35f6a6573ef9
12,2042,0.02,-10%,12,10576.906563365936,8594.811500134398,35f6a6573ef9
12,2042,0.02,-10%,13,9779.844581726375,10396.94894025937,35f6a6573ef9
12,2042,0.02,-10%,14,8801.860123553739,9356.768795833348,35f6a6573ef9
12,2042,0.02,-10%,15,7921.674111198365,8412.367703219485,35f6a6573ef9
12,2042,0.02,-20%,1,18962.61381879102,18962.61381879102,35f6a6573ef9
12,2042,0.02,-20%,2,15170.091055032819,14693.485072789408,35f6a6573ef9
12,2042,0.02,-20%,3,12136.072844026252,11820.781231210896,35f6a6573ef9
12,2042,0.02,-20%,4,9708.858275221,10109.568057959577,35f6a6573ef9
12,2042,0.02,-20%,5,7767.086620176802,8088.635360682029,35f6a6573ef9
12,2042,0.02,-20%,6,6213.669296141443,6470.908289763009,35f6a6573ef9
12,2042,0.02,-20%,7,7375.01738838257,7375.01738838257,35f6a6573ef9
12,2042,0.02,-20%,8,5900.013910706055,5900.0139129319605,35f6a6573ef9
12,2042,0.02,-20%,9,8048.447379565406,9161.152090408343,35f6a6573ef9
12,2042,0.02,-20%,10,9749.129050091666,8176.309975926614,35f6a6573ef9
12,2042,0.02,-20%,11,8288.378277294334,7846.629927731012,35f6a6573ef9
12,2042,0.02,-20%,12,9471.769263949403,9367.907011188134,35f6a6573ef9
12,2042,0.02,-20%,13,9105.370239870872,9720.006494516436,35f6a6573ef9
12,2042,0.02,-20%,14,7284.296191896698,7776.005198867741,35f6a6573ef9
12,2042,0.02,-20%,15,8287.781040170195,8089.556238007617,35f6a6573ef9
12,2042,0.02,+/-10%,1,15327.269849101376,15327.269849101376,35f6a6573ef9
12,2042,0.02,+/-10%,2,13794.542864191239,13795.819347029787,35f6a6573ef9
12,2042,0.02,+/-10%,3,12415.088577772116,12400.964531537924,35f6a6573ef9
12,2042,0.02,+/-10%,4,11173.579719994905,11145.005690780647,35f6a6573ef9
12,2042,0.02,+/-10%,5,10056.221747995412,10022.710227092995,35f6a6573ef9
12,2042,0.02,+/-10%,6,9050.59957319587,9013.10966643033,35f6a6573ef9
12,2042,0.02,+/-10%,7,8145.539615876287,8111.798693564161,35f6a6573ef9
12,2042,0.02,+/-10%,8,7330.9856542886555,7322.645547175878,35f6a6573ef9
12,2042,0.02,+/-10%,9,6597.887088859791,6590.3809920748545,35f6a6573ef9
12,2042,0.02,+/-10%,10,7085.738531307076,7225.011273707436,35f6a6573ef9
12,2042,0.02,+/-10%,11,7794.312384437788,7659.18409722813,35f6a6573ef9
12,2042,0.02,+/-10%,12,8573.743622881568,8425.102505901481,35f6a6573ef9
12,2042,0.02,+/-10%,13,9431.11798516972,9786.480764986462,35f6a6573ef9
12,2042,0.02,+/-10%,14,9515.0813825789,9309.902130359658,35f6a6573ef9
12,2042,0.02,+/-10%,15,8563.573244321005,8356.0457486369,35f6a6573ef9
12,2042,0.02,+/-20%,1,18958.605838163625,18958.605838163625,35f6a6573ef9
12,2042,0.02,+/-20%,2,15166.8846705309,14744.08289463039,35f6a6573ef9
12,2042,0.02,+/-20%,3,12133.50773642472,11427.051583722554,35f6a6573ef9
12,2042,0.02,+/-20%,4,9706.806189139776,10266.58039684473,35f6a6573ef9
12,2042,0.02,+/-20%,5,7765.444951311822,8214.880796546116,35f6a6573ef9
12,2042,0.02,+/-20%,6,6212.355961049458,6571.9046399030085,35f6a6573ef9
12,2042,0.02,+/-20%,7,7199.461290469324,7166.791044737827,35f6a6573ef9
12,2042,0.02,+/-20%,8,6475.918541892852,6903.9879522008605,35f6a6573ef9
12,2042,0.02,+/-20%,9,7771.102250271421,8284.785547447302,35f6a6573ef9
12,2042,0.02,+/-20%,10,9325.322700325705,7940.950615180521,35f6a6573ef9
12,2042,0.02,+/-20%,11,8615.877653721696,8088.643383811129,35f6a6573ef9
12,2042,0.02,+/-20%,12,9445.991160567582,8925.708064116048,35f6a6573ef9
12,2042,0.02,+/-20%,13,9268.009637125026,10385.51590182428,35f6a6573ef9
12,2042,0.02,+/-20%,14,7414.407709700021,8308.41272129147,35f6a6573ef9
12,2042,0.02,+/-20%,15,7927.967335943054,7130.721122952797,35f6a6573ef9
12,2042,0.04,NHF,1,34675.89161178234,34675.89161178234,35f6a6573ef9
12,2042,0.04,NHF,2,6674.117986961251,6674.117986961251,35f6a6573ef9
12,2042,0.04,NHF,3,6437.712074242608,6437.712074242608,35f6a6573ef9
12,2042,0.04,NHF,4,6351.574114837304,6351.574114837304,35f6a6573ef9
12,2042,0.04,NHF,5,4758.9302042289155,4758.9302042289155,35f6a6573ef9
12,2042,0.04,NHF,6,4810.168889428009,4810.168889428009,35f6a6573ef9
12,2042,0.04,NHF,7,8318.49005326466,8318.49005326466,35f6a6573ef9
12,2042,0.04,NHF,8,9582.461090135363,9582.461090135363,35f6a6573ef9
12,2042,0.04,NHF,9,13481.450258938308,13481.450258938308,35f6a6573ef9
12,2042,0.04,NHF,10,6806.841059710054,6806.841059710054,35f6a6573ef9
12,2042,0.04,NHF,11,6844.913197614318,6844.913197614318,35f6a6573ef9
12,2042,0.04,NHF,12,5319.766659130131,5319.766659130131,35f6a6573ef9
12,2042,0.04,NHF,13,9974.003356148647,9974.003356148647,35f6a6573ef9
12,2042,0.04,NHF,14,6242.06100841192,6242.06100841192,35f6a6573ef9
12,2042,0.04,NHF,15,10906.835279302382,10906.835279302382,35f6a6573ef9
12,2042,0.04,NDY,1,10082.141767670753,10082.141767670753,35f6a6573ef9
12,2042,0.04,NDY,2,10082.141767670753,9977.818829187174,35f6a6573ef9
12,2042,0.04,NDY,3,10082.141767670752,9882.683494301438,35f6a6573ef9
12,2042,0.04,NDY,4,10082.141767670753,9774.171840978548,35f6a6573ef9
12,2042,0.04,NDY,5,10082.141767670753,9667.663815940145,35f6a6573ef9
12,2042,0.04,NDY,6,10082.141767670752,9567.786926671766,35f6a6573ef9
12,2042,0.04,NDY,7,10082.141767670753,9475.170243591749,35f6a6573ef9
12,2042,0.04,NDY,8,10082.14176767075,9383.224361536904,35f6a6573ef9
12,2042,0.04,NDY,9,10082.14176767075,9308.056057526326,35f6a6573ef9
12,2042,0.04,NDY,10,10082.141767670752,9243.224691457874,35f6a6573ef9
12,2042,0.04,NDY,11,10082.141767670752,9165.945538700114,35f6a6573ef9
12,2042,0.04,NDY,12,10082.141767670753,9090.28646313283,35f6a6573ef9
12,2042,0.04,NDY,13,10082.141767670752,9019.47364462344,35f6a6573ef9
12,2042,0.04,NDY,14,10082.14176767075,8954.143277710064,35f6a6573ef9
12,2042,0.04,NDY,15,10082.141767670752,8883.341322655431,35f6a6573ef9
12,2042,0.04,-10%,1,15327.216264771394,15327.216264771394,35f6a6573ef9
12,2042,0.04,-10%,2,13794.49463829425,13791.118888164117,35f6a6573ef9
12,2042,0.04,-10%,3,12415.045174464833,12403.095042992845,35f6a6573ef9
12,2042,0.04,-10%,4,11173.540657018348,11162.785541656853,35f6a6573ef9
12,2042,0.04,-10%,5,10056.186591316511,10040.15132207581,35f6a6573ef9
12,2042,0.04,-10%,6,9050.56793218486,9036.222624668668,35f6a6573ef9
12,2042,0.04,-10%,7,8145.511138966374,8132.600361299297,35f6a6573ef9
12,2042,0.04,-10%,8,7330.960025069735,7323.903593327031,35f6a6573ef9
12,2042,0.04,-10%,9,6597.864022562762,6591.513239395931,35f6a6573ef9
12,2042,0.04,-10%,10,5938.077620306485,5932.361909131508,35f6a6573ef9
12,2042,0.04,-10%,11,7135.833848322198,7710.500298755578,35f6a6573ef9
12,2042,0.04,-10%,12,10684.588952622724,10066.456468072507,35f6a6573ef9
12,2042,0.04,-10%,13,9905.026378094992,9845.235299795693,35f6a6573ef9
12,2042,0.04,-10%,14,8914.523740285493,8872.348434738853,35f6a6573ef9
12,2042,0.04,-10%,15,8023.071366256943,7977.698788314668,35f6a6573ef9
12,2042,0.04,-20%,1,18967.381585223247,18967.381585223247,35f6a6573ef9
12,2042,0.04,-20%,2,15173.905268178594,15170.957690436113,35f6a6573ef9
12,2042,0.04,-20%,3,12139.124214542875,12136.766152802325,35f6a6573ef9
12,2042,0.04,-20%,4,9711.299371634303,9709.412922441035,35f6a6573ef9
12,2042,0.04,-20%,5,7769.03949730744,7767.53034066554,35f6a6573ef9
12,2042,0.04,-20%,6,6215.231597845954,6214.0242681511445,35f6a6573ef9
12,2042,0.04,-20%,7,6400.844182237239,6400.844184540085,35f6a6573ef9
12,2042,0.04,-20%,8,6370.959399242167,6085.849374865254,35f6a6573ef9
12,2042,0.04,-20%,9,9291.857867864544,9408.863291296095,35f6a6573ef9
12,2042,0.04,-20%,10,9175.91488811292,9550.076142635447,35f6a6573ef9
12,2042,0.04,-20%,11,7490.310773907831,7640.060911451779,35f6a6573ef9
12,2042,0.04,-20%,12,10748.525999550015,10429.493821218772,35f6a6573ef9
12,2042,0.04,-20%,13,8598.820799640012,8433.208483220502,35f6a6573ef9
12,2042,0.04,-20%,14,6879.056639712009,6746.566787703188,35f6a6573ef9
12,2042,0.04,-20%,15,7780.825362825706,7683.337955589834,35f6a6573ef9
12,2042,0.04,+/-10%,1,15308.476701997695,15308.476701997695,35f6a6573ef9
12,2042,0.04,+/-10%,2,13777.629031797926,13774.04677671878,35f6a6573ef9
12,2042,0.04,+/-10%,3,12399.866128618134,12393.577542352785,35f6a6573ef9
12,2042,0.04,+/-10%,4,11159.879515756322,11138.540656063775,35f6a6573ef9
12,2042,0.04,+/-10%,5,10043.891564180685,10017.945744237137,35f6a6573ef9
12,2042,0.04,+/-10%,6,9039.502407762619,9016.151168212791,35f6a6573ef9
12,2042,0.04,+/-10%,7,8135.552166986357,8114.536049486249,35f6a6573ef9
12,2042,0.04,+/-10%,8,7321.996950287721,7318.283603795469,35f6a6573ef9
12,2042,0.04,+/-10%,9,6589.797255258951,6586.455246284514,35f6a6573ef9
12,2042,0.04,+/-10%,10,6846.877479695746,7047.672470709864,35f6a6573ef9
12,2042,0.04,+/-10%,11,7531.565227665319,7752.439718189331,35f6a6573ef9
12,2042,0.04,+/-10%,12,8284.721750431854,8527.683690467115,35f6a6573ef9
12,2042,0.04,+/-10%,13,9113.19392547504,9420.015215690013,35f6a6573ef9
12,2042,0.04,+/-10%,14,10024.513318022542,9239.661002617138,35f6a6573ef9
12,2042,0.04,+/-10%,15,9282.915497904227,8235.267993961199,35f6a6573ef9
12,2042,0.04,+/-20%,1,18967.085241550012,18967.085241550012,35f6a6573ef9
12,2042,0.04,+/-20%,2,15173.66819324001,15168.28289062802,35f6a6573ef9
12,2042,0.04,+/-20%,3,12138.934554592006,12134.626312489077,35f6a6573ef9
12,2042,0.04,+/-20%,4,9711.147643673603,9706.998251792618,35f6a6573ef9
12,2042,0.04,+/-20%,5,7768.918114938882,7765.598593833844,35f6a6573ef9
12,2042,0.04,+/-20%,6,6215.1344919511075,6212.478874301145,35f6a6573ef9
12,2042,0.04,+/-20%,7,6211.888966968907,6211.888966381708,35f6a6573ef9
12,2042,0.04,+/-20%,8,6885.406255529199,6892.81044152103,35f6a6573ef9
12,2042,0.04,+/-20%,9,8262.48750663504,8271.372527496736,35f6a6573ef9
12,2042,0.04,+/-20%,10,9860.50692402928,9925.647038141631,35f6a6573ef9
12,2042,0.04,+/-20%,11,8308.770428151116,8479.074022982144,35f6a6573ef9
12,2042,0.04,+/-20%,12,9970.524513781338,9329.912791444283,35f6a6573ef9
12,2042,0.04,+/-20%,13,8360.468412643422,8749.347219183572,35f6a6573ef9
12,2042,0.04,+/-20%,14,7178.926768724366,7186.330955375661,35f6a6573ef9
12,2042,0.04,+/-20%,15,7319.856509736355,7012.466969589563,35f6a6573ef9
12,2042,0.06,NHF,1,34675.89161178234,34675.89161178234,35f6a6573ef9
12,2042,0.06,NHF,2,6674.117986961251,6674.117986961251,35f6a6573ef9
12,2042,0.06,NHF,3,6437.712074242608,6437.712074242608,35f6a6573ef9
12,2042,0.06,NHF,4,6351.574114837304,6351.574114837304,35f6a6573ef9
12,2042,0.06,NHF,5,4758.9302042289155,4758.9302042289155,35f6a6573ef9
12,2042,0.06,NHF,6,4810.168889428009,4810.168889428009,35f6a6573ef9
12,2042,0.06,NHF,7,8318.49005326466,8318.49005326466,35f6a6573ef9
12,2042,0.06,NHF,8,9582.461090135363,9582.461090135363,35f6a6573ef9
12,2042,0.06,NHF,9,13481.450258938308,13481.450258938308,35f6a6573ef9
12,2042,0.06,NHF,10,6806.841059710054,6806.841059710054,35f6a6573ef9
12,2042,0.06,NHF,11,6844.913197614318,6844.913197614318,35f6a6573ef9
12,2042,0.06,NHF,12,5319.766659130131,5319.766659130131,35f6a6573ef9
12,2042,0.06,NHF,13,9974.003356148647,9974.003356148647,35f6a6573ef9
12,2042,0.06,NHF,14,6242.06100841192,6242.06100841192,35f6a6573ef9
12,2042,0.06,NHF,15,10906.835279302382,10906.835279302382,35f6a6573ef9
12,2042,0.06,NDY,1,10010.973569740383,10010.973569740383,35f6a6573ef9
12,2042,0.06,NDY,2,10010.973569740387,9864.04857133128,35f6a6573ef9
12,2042,0.06,NDY,3,10010.973569740388,9744.765234337097,35f6a6573ef9
12,2042,0.06,NDY,4,10010.973569740387,9645.292460227605,35f6a6573ef9
12,2042,0.06,NDY,5,10010.973569740385,9530.5855593048,35f6a6573ef9
12,2042,0.06,NDY,6,10010.973569740385,9427.326154121645,35f6a6573ef9
12,2042,0.06,NDY,7,10010.973569740385,9314.3245258742,35f6a6573ef9
12,2042,0.06,NDY,8,10010.973569740383,9218.920918366613,35f6a6573ef9
12,2042,0.06,NDY,9,10010.973569740383,9142.992838265653,35f6a6573ef9
12,2042,0.06,NDY,10,10010.973569740383,9071.903018468784,35f6a6573ef9
12,2042,0.06,NDY,11,10010.973569740383,9010.324720166254,35f6a6573ef9
12,2042,0.06,NDY,12,10010.973569740385,8940.821979513006,35f6a6573ef9
12,2042,0.06,NDY,13,10010.97356974038,8887.650937507091,35f6a6573ef9
12,2042,0.06,NDY,14,10010.973569740387,8818.536887491007,35f6a6573ef9
12,2042,0.06,NDY,15,10010.973569740383,8750.610809705116,35f6a6573ef9
12,2042,0.06,-10%,1,15264.852078041169,15264.852078041169,35f6a6573ef9
12,2042,0.06,-10%,2,13738.36687023705,13706.954078328412,35f6a6573ef9
12,2042,0.06,-10%,3,12364.530183213348,12273.974559287739,35f6a6573ef9
12,2042,0.06,-10%,4,11128.077164892014,11016.710218311708,35f6a6573ef9
12,2042,0.06,-10%,5,10015.26944840281,9915.039198056667,35f6a6573ef9
12,2042,0.06,-10%,6,9013.742503562531,8923.535276541581,35f6a6573ef9
12,2042,0.06,-10%,7,8112.368253206278,8031.181750839534,35f6a6573ef9
12,2042,0.06,-10%,8,7301.131427885649,7247.659236750736,35f6a6573ef9
12,2042,0.06,-10%,9,6571.018285097084,6522.893315799842,35f6a6573ef9
12,2042,0.06,-10%,10,5913.916456587377,6155.467046249895,35f6a6573ef9
12,2042,0.06,-10%,11,7925.014825174781,8708.105567366969,35f6a6573ef9
12,2042,0.06,-10%,12,10000.145545448957,9062.958761289423,35f6a6573ef9
12,2042,0.06,-10%,13,10005.33778895001,9790.398771276077,35f6a6573ef9
12,2042,0.06,-10%,14,9004.80401005501,8792.839419020984,35f6a6573ef9
12,2042,0.06,-10%,15,8104.323609049508,7912.86196592447,35f6a6573ef9
12,2042,0.06,-20%,1,18926.645732967878,18926.645732967878,35f6a6573ef9
12,2042,0.06,-20%,2,15141.3165863743,15097.866757286965,35f6a6573ef9
12,2042,0.06,-20%,3,12113.053269099442,12058.825511820954,35f6a6573ef9
12,2042,0.06,-20%,4,9690.442615279551,9640.744780844383,35f6a6573ef9
12,2042,0.06,-20%,5,7752.354092223641,7712.595822544214,35f6a6573ef9
12,2042,0.06,-20%,6,6201.883273778914,6170.076655238801,35f6a6573ef9
12,2042,0.06,-20%,7,5374.977163681751,5374.977163681751,35f6a6573ef9
12,2042,0.06,-20%,8,6981.423149586834,6920.211848311411,35f6a6573ef9
12,2042,0.06,-20%,9,10422.415057407372,10618.28545103539,35f6a6573ef9
12,2042,0.06,-20%,10,9104.565133269894,8972.472953754928,35f6a6573ef9
12,2042,0.06,-20%,11,7501.789363372994,7918.446649008855,35f6a6573ef9
12,2042,0.06,-20%,12,10002.613880230665,8871.512446483337,35f6a6573ef9
12,2042,0.06,-20%,13,8002.091104184533,8708.506273082903,35f6a6573ef9
12,2042,0.06,-20%,14,7155.91562570277,7094.704324427346,35f6a6573ef9
12,2042,0.06,-20%,15,7576.264331309489,7230.362126953909,35f6a6573ef9
12,2042,0.06,+/-10%,1,15251.532548442448,15251.532548442448,35f6a6573ef9
12,2042,0.06,+/-10%,2,13726.3792935982,13701.848366464606,35f6a6573ef9
12,2042,0.06,+/-10%,3,12353.741364238385,12288.189258399081,35f6a6573ef9
12,2042,0.06,+/-10%,4,11118.367227814546,11031.817041536548,35f6a6573ef9
12,2042,0.06,+/-10%,5,10006.53050503309,9924.342269304447,35f6a6573ef9
12,2042,0.06,+/-10%,6,9005.87745452978,8931.90803979565,35f6a6573ef9
12,2042,0.06,+/-10%,7,8105.289709076804,8038.717240303584,35f6a6573ef9
12,2042,0.06,+/-10%,8,7294.760738169122,7256.052874611294,35f6a6573ef9
12,2042,0.06,+/-10%,9,6565.284664352212,6530.447589447479,35f6a6573ef9
12,2042,0.06,+/-10%,10,6678.402403163974,7012.43379784673,35f6a6573ef9
12,2042,0.06,+/-10%,11,7346.242643480372,7713.677179968092,35f6a6573ef9
12,2042,0.06,+/-10%,12,8080.86690782841,8485.04489002276,35f6a6573ef9
12,2042,0.06,+/-10%,13,8888.953598611251,10092.333784625966,35f6a6573ef9
12,2042,0.06,+/-10%,14,9777.848958472376,9083.100408633347,35f6a6573ef9
12,2042,0.06,+/-10%,15,10730.023629049227,8174.790365752273,35f6a6573ef9
12,2042,0.06,+/-20%,1,18928.390974695845,18928.390974695845,35f6a6573ef9
12,2042,0.06,+/-20%,2,15142.712779756675,15104.490815218327,35f6a6573ef9
12,2042,0.06,+/-20%,3,12114.170223805337,12052.765971799987,35f6a6573ef9
12,2042,0.06,+/-20%,4,9691.336179044272,9635.720826512703,35f6a6573ef9
12,2042,0.06,+/-20%,5,7753.068943235416,7708.576661768758,35f6a6573ef9
12,2042,0.06,+/-20%,6,6202.455154588334,6166.861332814544,35f6a6573ef9
12,2042,0.06,+/-20%,7,5847.7864122008195,5847.7864122008195,35f6a6573ef9
12,2042,0.06,+/-20%,8,7017.343694640982,7017.3436942104745,35f6a6573ef9
12,2042,0.06,+/-20%,9,8420.812433569181,8420.812431072345,35f6a6573ef9
12,2042,0.06,+/-20%,10,10104.974920283019,10104.97491621072,35f6a6573ef9
12,2042,0.06,+/-20%,11,8427.792391854719,8972.405530086435,35f6a6573ef9
12,2042,0.06,+/-20%,12,9688.850894468318,8573.78913029278,35f6a6573ef9
12,2042,0.06,+/-20%,13,8446.81401509843,8818.395049846053,35f6a6573ef9
12,2042,0.06,+/-20%,14,6928.958011583032,7054.716039223349,35f6a6573ef9
12,2042,0.06,+/-20%,15,7593.290856084044,5675.26227108883,35f6a6573ef9
12,3042,0.0,NHF,1,2778.004119503333,2778.004119503333,35f6a6573ef9
12,3042,0.0,NHF,2,1579.4346013875002,334.02179738666666,35f6a6573ef9
12,3042,0.0,NHF,3,5405.190523004204,822.30552105,35f6a6573ef9
12,3042,0.0,NHF,4,7382.910317227499,10757.802383391088,35f6a6573ef9
12,3042,0.0,NHF,5,29638.849842053194,17299.684171673143,35f6a6573ef9
12,3042,0.0,NHF,6,11520.024450985939,9060.94217139414,35f6a6573ef9
12,3042,0.0,NHF,7,20727.25486461451,9598.246853458795,35f6a6573ef9
12,3042,0.0,NHF,8,9469.187097502441,11967.465211599443,35f6a6573ef9
12,3042,0.0,NHF,9,4476.581326753076,8506.557322894585,35f6a6573ef9
12,3042,0.0,NHF,10,357.75364077,7103.48023579837,35f6a6573ef9
12,3042,0.0,NHF,11,1092.6768258,14014.095177889896,35f6a6573ef9
12,3042,0.0,NHF,12,877.260133615,6358.589400734865,35f6a6573ef9
12,3042,0.0,NHF,13,588.363023055,8826.698107657816,35f6a6573ef9
12,3042,0.0,NHF,14,5405.164998007046,10010.435995915064,35f6a6573ef9
12,3042,0.0,NHF,15,75517.55139594975,7667.051775645266,35f6a6573ef9
12,3042,0.0,NDY,1,2201.486811342431,2201.486811342431,35f6a6573ef9
12,3042,0.0,NDY,2,10983.941982612028,9131.373232535296,35f6a6573ef9
12,3042,0.0,NDY,3,10983.941982612017,9020.35167320252,35f6a6573ef9
12,3042,0.0,NDY,4,10983.941982612034,10756.440725603119,35f6a6573ef9
12,3042,0.0,NDY,5,10983.941982612025,10563.838189451073,35f6a6573ef9
12,3042,0.0,NDY,6,10983.94198261202,10340.283282486953,35f6a6573ef9
12,3042,0.0,NDY,7,10983.941982612032,10177.920378469491,35f6a6573ef9
12,3042,0.0,NDY,8,10983.941982612048,10006.144439586247,35f6a6573ef9
12,3042,0.0,NDY,9,10983.941982612008,9812.907894216645,35f6a6573ef9
12,3042,0.0,NDY,10,10983.941982612017,9613.29317556902,35f6a6573ef9
12,3042,0.0,NDY,11,10983.941982612027,9440.677826769032,35f6a6573ef9
12,3042,0.0,NDY,12,10983.941982612028,9237.130604886475,35f6a6573ef9
12,3042,0.0,NDY,13,10983.941982612023,8906.332651755503,35f6a6573ef9
12,3042,0.0,NDY,14,10983.94198261204,8327.623757905625,35f6a6573ef9
12,3042,0.0,NDY,15,10983.941982612032,9054.91516450732,35f6a6573ef9
12,3042,0.0,-10%,1,4915.662422984833,4915.662422984833,35f6a6573ef9
12,3042,0.0,-10%,2,4424.09618068635,4424.096187802499,35f6a6573ef9
12,3042,0.0,-10%,3,5303.478818035323,4730.4623641175,35f6a6573ef9
12,3042,0.0,-10%,4,14569.801412952562,15198.60019809815,35f6a6573ef9
12,3042,0.0,-10%,5,13112.821271657305,13957.0837758835,35f6a6573ef9
12,3042,0.0,-10%,6,11801.539144491579,12558.79789394473,35f6a6573ef9
12,3042,0.0,-10%,7,10621.385230042419,10351.225963668738,35f6a6573ef9
12,3042,0.0,-10%,8,9559.246707038177,8610.489106232028,35f6a6573ef9
12,3042,0.0,-10%,9,8603.322036334359,8984.099761875887,35f6a6573ef9
12,3042,0.0,-10%,10,7742.989832700925,8896.67751404947,35f6a6573ef9
12,3042,0.0,-10%,11,14588.322865647559,10333.412421623358,35f6a6573ef9
12,3042,0.0,-10%,12,15067.135778617316,7986.927570854236,35f6a6573ef9
12,3042,0.0,-10%,13,13560.422200755584,7846.74983286401,35f6a6573ef9
12,3042,0.0,-10%,14,12204.379980680025,6762.848491668334,35f6a6573ef9
12,3042,0.0,-10%,15,10983.941982612027,10557.27728935318,35f6a6573ef9
12,3042,0.0,-20%,1,5056.443643526616,5056.443643526616,35f6a6573ef9
12,3042,0.0,-20%,2,4045.1549148212926,4074.8990953824996,35f6a6573ef9
12,3042,0.0,-20%,3,3236.1239318570347,4939.8426966775005,35f6a6573ef9
12,3042,0.0,-20%,4,14442.516330645523,13658.473666177499,35f6a6573ef9
12,3042,0.0,-20%,5,16158.120832092205,17006.726799826054,35f6a6573ef9
12,3042,0.0,-20%,6,12926.496665673769,12566.888223989707,35f6a6573ef9
12,3042,0.0,-20%,7,10341.197332539014,10252.197381739332,35f6a6573ef9
12,3042,0.0,-20%,8,8272.957866031215,8689.064961371218,35f6a6573ef9
12,3042,0.0,-20%,9,7911.6729026343655,7138.137202329238,35f6a6573ef9
12,3042,0.0,-20%,10,7833.837721753711,8583.48111872459,35f6a6573ef9
12,3042,0.0,-20%,11,10634.747517708392,10759.118670584148,35f6a6573ef9
12,3042,0.0,-20%,12,14374.612437737309,8822.575117265524,35f6a6573ef9
12,3042,0.0,-20%,13,17162.409347831286,7540.613715764369,35f6a6573ef9
12,3042,0.0,-20%,14,13729.927478265028,7692.880002978341,35f6a6573ef9
12,3042,0.0,-20%,15,10983.941982612027,7453.577032103927,35f6a6573ef9
12,3042,0.0,+/-10%,1,6877.396438938,6877.396438938,35f6a6573ef9
12,3042,0.0,+/-10%,2,7565.136082831799,7623.226305168323,35f6a6573ef9
12,3042,0.0,+/-10%,3,8321.64969111498,8620.220477425932,35f6a6573ef9
12,3042,0.0,+/-10%,4,9153.81466022648,10255.203111968309,35f6a6573ef9
12,3042,0.0,+/-10%,5,10069.19612624913,12636.41508654669,35f6a6573ef9
12,3042,0.0,+/-10%,6,11076.115738874045,9958.021499556751,35f6a6573ef9
12,3042,0.0,+/-10%,7,9968.504164986638,9731.624218433652,35f6a6573ef9
12,3042,0.0,+/-10%,8,9496.916958026031,8298.77827913998,35f6a6573ef9
12,3042,0.0,+/-10%,9,10446.608653828638,10092.110073329168,35f6a6573ef9
12,3042,0.0,+/-10%,10,11491.2695192115,9092.490984631735,35f6a6573ef9
12,3042,0.0,+/-10%,11,12640.396471132652,10291.71042426087,35f6a6573ef9
12,3042,0.0,+/-10%,12,13904.43611824592,8916.850854646407,35f6a6573ef9
12,3042,0.0,+/-10%,13,13560.422200755587,7504.331592841632,35f6a6573ef9
12,3042,0.0,+/-10%,14,12204.379980680029,9055.095132449338,35f6a6573ef9
12,3042,0.0,+/-10%,15,10983.941982612025,9729.067753829037,35f6a6573ef9
12,3042,0.0,+/-20%,1,5612.535456145575,5612.535456145575,35f6a6573ef9
12,3042,0.0,+/-20%,2,6735.042547374689,6773.984154227487,35f6a6573ef9
12,3042,0.0,+/-20%,3,8082.0510568496275,8489.245315620044,35f6a6573ef9
12,3042,0.0,+/-20%,4,9698.461268219551,10543.056181548654,35f6a6573ef9
12,3042,0.0,+/-20%,5,11638.15352186346,14416.710440487197,35f6a6573ef9
12,3042,0.0,+/-20%,6,13149.312010937007,9842.645294627595,35f6a6573ef9
12,3042,0.0,+/-20%,7,10519.449608749605,10723.003759763738,35f6a6573ef9
12,3042,0.0,+/-20%,8,8415.559686999684,7725.4358743337025,35f6a6573ef9
12,3042,0.0,+/-20%,9,8212.384864334288,8436.21992247174,35f6a6573ef9
12,3042,0.0,+/-20%,10,9527.100919317896,10318.604618295121,35f6a6573ef9
12,3042,0.0,+/-20%,11,11432.521103181472,8917.714285817723,35f6a6573ef9
12,3042,0.0,+/-20%,12,13719.025323817767,9822.117126064235,35f6a6573ef9
12,3042,0.0,+/-20%,13,16462.83038858132,8083.262102224369,35f6a6573ef9
12,3042,0.0,+/-20%,14,13729.927478265032,8423.474971156546,35f6a6573ef9
12,3042,0.0,+/-20%,15,10983.941982612028,9195.726663157997,35f6a6573ef9
12,3042,0.02,NHF,1,32133.180729876523,32133.180729876523,35f6a6573ef9
12,3042,0.02,NHF,2,5953.155399248477,6717.771163557827,35f6a6573ef9
12,3042,0.02,NHF,3,5709.210654618667,5070.41176699924,35f6a6573ef9
12,3042,0.02,NHF,4,3247.58631998719,5777.826849969166,35f6a6573ef9
12,3042,0.02,NHF,5,17372.51266212117,14024.243057628917,35f6a6573ef9
12,3042,0.02,NHF,6,4480.152075951182,4480.152075951182,35f6a6573ef9
12,3042,0.02,NHF,7,9807.778447856232,9807.778447856232,35f6a6573ef9
12,3042,0.02,NHF,8,10055.092328088025,10055.092328088027,35f6a6573ef9
12,3042,0.02,NHF,9,10531.540573741388,10878.127874095198,35f6a6573ef9
12,3042,0.02,NHF,10,3928.4955361239713,4280.511696904971,35f6a6573ef9
12,3042,0.02,NHF,11,4845.322002748465,8838.38404990493,35f6a6573ef9
12,3042,0.02,NHF,12,6763.945478592044,4750.738135398256,35f6a6573ef9
12,3042,0.02,NHF,13,14473.645667931154,13102.00155937272,35f6a6573ef9
12,3042,0.02,NHF,14,6773.822002714444,4794.922034069127,35f6a6573ef9
12,3042,0.02,NHF,15,12789.978257171268,10619.648221859705,35f6a6573ef9
12,3042,0.02,NDY,1,10339.933294138871,10339.933294138871,35f6a6573ef9
12,3042,0.02,NDY,2,10339.93329413887,10239.310632767963,35f6a6573ef9
12,3042,0.02,NDY,3,10339.933294138867,10152.841725574428,35f6a6573ef9
12,3042,0.02,NDY,4,10339.93329413887,10070.378105904538,35f6a6573ef9
12,3042,0.02,NDY,5,10339.93329413887,9982.774808932387,35f6a6573ef9
12,3042,0.02,NDY,6,10339.933294138866,9899.211108882153,35f6a6573ef9
12,3042,0.02,NDY,7,10339.933294138866,9823.588308664934,35f6a6573ef9
12,3042,0.02,NDY,8,10339.933294138867,9748.338317361184,35f6a6573ef9
12,3042,0.02,NDY,9,10339.93329413887,9673.665898935029,35f6a6573ef9
12,3042,0.02,NDY,10,10339.933294138867,9605.62117461112,35f6a6573ef9
12,3042,0.02,NDY,11,10339.933294138866,9548.652849920063,35f6a6573ef9
12,3042,0.02,NDY,12,10339.93329413887,9490.149637921055,35f6a6573ef9
12,3042,0.02,NDY,13,10339.933294138867,9430.753498890039,35f6a6573ef9
12,3042,0.02,NDY,14,10339.933294138866,9376.69072018476,35f6a6573ef9
12,3042,0.02,NDY,15,10339.933294138858,9331.621813991258,35f6a6573ef9
12,3042,0.02,-10%,1,15691.530255558357,15691.530255558357,35f6a6573ef9
12,3042,0.02,-10%,2,14122.377230002518,14112.102078782385,35f6a6573ef9
12,3042,0.02,-10%,3,12710.13950700227,12684.824349242108,35f6a6573ef9
12,3042,0.02,-10%,4,11439.125556302044,11408.201574825229,35f6a6573ef9
12,3042,0.02,-10%,5,10295.21300067184,10257.043524086368,35f6a6573ef9
12,3042,0.02,-10%,6,9265.691700604655,9231.339170180547,35f6a6573ef9
12,3042,0.02,-10%,7,8339.12253054419,8308.205252481399,35f6a6573ef9
12,3042,0.02,-10%,8,7505.21027748977,7499.7496384022525,35f6a6573ef9
12,3042,0.02,-10%,9,6754.689249740797,6997.718104328211,35f6a6573ef9
12,3042,0.02,-10%,10,6181.429309606932,6382.466129549142,35f6a6573ef9
12,3042,0.02,-10%,11,9270.163463898009,9041.871945601919,35f6a6573ef9
12,3042,0.02,-10%,12,10304.751687957665,9121.09483606235,35f6a6573ef9
12,3042,0.02,-10%,13,9274.276519161896,9666.801269292351,35f6a6573ef9
12,3042,0.02,-10%,14,8346.84886724571,8700.121141576825,35f6a6573ef9
12,3042,0.02,-10%,15,7512.163980521137,7830.109030239006,35f6a6573ef9
12,3042,0.02,-20%,1,19118.92593070549,19118.92593070549,35f6a6573ef9
12,3042,0.02,-20%,2,15295.140744564393,14925.802552491685,35f6a6573ef9
12,3042,0.02,-20%,3,12236.112595651517,11882.192421395439,35f6a6573ef9
12,3042,0.02,-20%,4,9788.890076521217,10165.349738251405,35f6a6573ef9
12,3042,0.02,-20%,5,7831.112061216972,8126.786521887413,35f6a6573ef9
12,3042,0.02,-20%,6,6264.889648973578,6501.429217983903,35f6a6573ef9
12,3042,0.02,-20%,7,8718.260368640102,8718.260368822055,35f6a6573ef9
12,3042,0.02,-20%,8,8310.848831308229,8344.8315189378,35f6a6573ef9
12,3042,0.02,-20%,9,6648.679065046584,7262.140610836451,35f6a6573ef9
12,3042,0.02,-20%,10,9654.119452871242,8644.526842732012,35f6a6573ef9
12,3042,0.02,-20%,11,8702.36255658098,8665.573069563676,35f6a6573ef9
12,3042,0.02,-20%,12,9187.260944621852,8261.570998281353,35f6a6573ef9
12,3042,0.02,-20%,13,8266.50238136971,9037.569499534437,35f6a6573ef9
12,3042,0.02,-20%,14,6613.201905095768,7230.055595850057,35f6a6573ef9
12,3042,0.02,-20%,15,9770.736238301186,8894.755754405012,35f6a6573ef9
12,3042,0.02,+/-10%,1,15664.1814138228,15664.1814138228,35f6a6573ef9
12,3042,0.02,+/-10%,2,14097.763272440518,14089.397584590233,35f6a6573ef9
12,3042,0.02,+/-10%,3,12687.986945196468,12674.25723552972,35f6a6573ef9
12,3042,0.02,+/-10%,4,11419.188250676818,11391.626232916571,35f6a6573ef9
12,3042,0.02,+/-10%,5,10277.269425609136,10242.765491926748,35f6a6573ef9
12,3042,0.02,+/-10%,6,9249.542483048224,9218.488941975453,35f6a6573ef9
12,3042,0.02,+/-10%,7,8324.5882347434,8296.640046960087,35f6a6573ef9
12,3042,0.02,+/-10%,8,7492.129411269063,7487.683541409535,35f6a6573ef9
12,3042,0.02,+/-10%,9,6863.822319599353,7070.980079600279,35f6a6573ef9
12,3042,0.02,+/-10%,10,7550.2045515592945,7398.776402884682,35f6a6573ef9
12,3042,0.02,+/-10%,11,8305.225006715224,8138.6540394101485,35f6a6573ef9
12,3042,0.02,+/-10%,12,9135.74750738675,8952.519439101086,35f6a6573ef9
12,3042,0.02,+/-10%,13,9616.434586579551,9683.441387411054,35f6a6573ef9
12,3042,0.02,+/-10%,14,8654.791127921597,8714.882392698599,35f6a6573ef9
12,3042,0.02,+/-10%,15,7792.331652805531,7841.145509753483,35f6a6573ef9
12,3042,0.02,+/-20%,1,19045.005516812063,19045.005516812063,35f6a6573ef9
12,3042,0.02,+/-20%,2,15236.004413449653,14977.12295829688,35f6a6573ef9
12,3042,0.02,+/-20%,3,12188.803530759727,11923.17611169177,35f6a6573ef9
12,3042,0.02,+/-20%,4,9751.042824607786,10180.771330483914,35f6a6573ef9
12,3042,0.02,+/-20%,5,8079.015809914015,8140.596870984698,35f6a6573ef9
12,3042,0.02,+/-20%,6,6463.212647931212,6512.477496128259,35f6a6573ef9
12,3042,0.02,+/-20%,7,7755.855177517455,7755.855176809377,35f6a6573ef9
12,3042,0.02,+/-20%,8,9247.469359614941,9247.469359663144,35f6a6573ef9
12,3042,0.02,+/-20%,9,7397.975487691955,8303.048843104525,35f6a6573ef9
12,3042,0.02,+/-20%,10,8603.300811040159,7621.732887081768,35f6a6573ef9
12,3042,0.02,+/-20%,11,8946.152182815938,8583.37004453023,35f6a6573ef9
12,3042,0.02,+/-20%,12,9029.150710810436,8368.061745118082,35f6a6573ef9
12,3042,0.02,+/-20%,13,7223.32056864835,8947.15754106781,35f6a6573ef9
12,3042,0.02,+/-20%,14,7964.429476444356,7157.726035901128,35f6a6573ef9
12,3042,0.02,+/-20%,15,9557.315371733228,8887.915372404597,35f6a6573ef9
12,3042,0.04,NHF,1,37247.93875720413,37247.93875720413,35f6a6573ef9
12,3042,0.04,NHF,2,6234.2033076434755,6234.2033076434755,35f6a6573ef9
12,3042,0.04,NHF,3,4089.5116782158652,4089.5116782158652,35f6a6573ef9
12,3042,0.04,NHF,4,5278.199637759745,5278.199637759745,35f6a6573ef9
12,3042,0.04,NHF,5,6483.824855610703,6483.824855610703,35f6a6573ef9
12,3042,0.04,NHF,6,4480.152075951182,4480.152075951182,35f6a6573ef9
12,3042,0.04,NHF,7,10654.325849038472,10654.325849038469,35f6a6573ef9
12,3042,0.04,NHF,8,10614.411140465145,10614.411140465145,35f6a6573ef9
12,3042,0.04,NHF,9,13990.527420067077,13990.527420067077,35f6a6573ef9
12,3042,0.04,NHF,10,6726.228568211244,6726.228568211244,35f6a6573ef9
12,3042,0.04,NHF,11,5309.405301244418,5309.405301244418,35f6a6573ef9
12,3042,0.04,NHF,12,4727.202146787791,4727.202146787791,35f6a6573ef9
12,3042,0.04,NHF,13,10537.081066988425,10537.081066988423,35f6a6573ef9
12,3042,0.04,NHF,14,4532.4537916562385,4532.4537916562385,35f6a6573ef9
12,3042,0.04,NHF,15,11570.241580479065,11570.241580479065,35f6a6573ef9
12,3042,0.04,NDY,1,10291.527146006323,10291.527146006323,35f6a6573ef9
12,3042,0.04,NDY,2,10291.527146006325,10180.10653109865,35f6a6573ef9
12,3042,0.04,NDY,3,10291.527146006323,10085.14652836597,35f6a6573ef9
12,3042,0.04,NDY,4,10291.527146006325,9989.34255281654,35f6a6573ef9
12,3042,0.04,NDY,5,10291.527146006325,9885.31992899357,35f6a6573ef9
12,3042,0.04,NDY,6,10291.527146006325,9786.767949280245,35f6a6573ef9
12,3042,0.04,NDY,7,10291.527146006323,9698.068830496562,35f6a6573ef9
12,3042,0.04,NDY,8,10291.527146006323,9600.656886558201,35f6a6573ef9
12,3042,0.04,NDY,9,10291.527146006323,9520.111135904712,35f6a6573ef9
12,3042,0.04,NDY,10,10291.527146006321,9443.15734917671,35f6a6573ef9
12,3042,0.04,NDY,11,10291.527146006321,9371.514822834912,35f6a6573ef9
12,3042,0.04,NDY,12,10291.527146006321,9298.17892580006,35f6a6573ef9
12,3042,0.04,NDY,13,10291.527146006323,9235.793994298634,35f6a6573ef9
12,3042,0.04,NDY,14,10291.527146006321,9162.152308676074,35f6a6573ef9
12,3042,0.04,NDY,15,10291.527146006323,9100.199567716803,35f6a6573ef9
12,3042,0.04,-10%,1,15684.455479742071,15684.455479742071,35f6a6573ef9
12,3042,0.04,-10%,2,14116.009931767765,14106.937399658003,35f6a6573ef9
12,3042,0.04,-10%,3,12704.408938591185,12686.40226383934,35f6a6573ef9
12,3042,0.04,-10%,4,11433.968044731972,11415.145459701433,35f6a6573ef9
12,3042,0.04,-10%,5,10290.571240258774,10273.630916743032,35f6a6573ef9
12,3042,0.04,-10%,6,9261.5141162329,9246.267822594797,35f6a6573ef9
12,3042,0.04,-10%,7,8335.362704609608,8323.548524847989,35f6a6573ef9
12,3042,0.04,-10%,8,7501.8264341486465,7491.1936712684565,35f6a6573ef9
12,3042,0.04,-10%,9,6751.643790733782,6742.074305174552,35f6a6573ef9
12,3042,0.04,-10%,10,6076.479411660347,6067.866878423958,35f6a6573ef9
12,3042,0.04,-10%,11,8899.299416707967,9462.96648645641,35f6a6573ef9
12,3042,0.04,-10%,12,10444.959665408598,10192.685571606853,35f6a6573ef9
12,3042,0.04,-10%,13,9400.46369886774,9173.417026538082,35f6a6573ef9
12,3042,0.04,-10%,14,8460.417328980977,8256.075315346847,35f6a6573ef9
12,3042,0.04,-10%,15,7614.375596082853,7430.467784052251,35f6a6573ef9
12,3042,0.04,-20%,1,19141.098269155074,19141.098269155074,35f6a6573ef9
12,3042,0.04,-20%,2,15312.878615324064,15306.989425686306,35f6a6573ef9
12,3042,0.04,-20%,3,12250.302892259251,12244.009619437356,35f6a6573ef9
12,3042,0.04,-20%,4,9800.242313807405,9795.207695409983,35f6a6573ef9
12,3042,0.04,-20%,5,7840.193851045923,7835.881996823097,35f6a6573ef9
12,3042,0.04,-20%,6,6272.155080836739,6268.705598059598,35f6a6573ef9
12,3042,0.04,-20%,7,8001.339599121398,8001.339599121398,35f6a6573ef9
12,3042,0.04,-20%,8,7448.921508878981,8042.227600520944,35f6a6573ef9
12,3042,0.04,-20%,9,8460.305931137522,7866.999841807825,35f6a6573ef9
12,3042,0.04,-20%,10,9594.9265462848,9303.475054723167,35f6a6573ef9
12,3042,0.04,-20%,11,9576.386163630816,9582.448582745294,35f6a6573ef9
12,3042,0.04,-20%,12,7804.692248389529,8138.263960516471,35f6a6573ef9
12,3042,0.04,-20%,13,8122.394862902743,8374.660724457239,35f6a6573ef9
12,3042,0.04,-20%,14,6497.915890322196,6699.72858009244,35f6a6573ef9
12,3042,0.04,-20%,15,8237.993808845667,7621.202096258041,35f6a6573ef9
12,3042,0.04,+/-10%,1,15657.051103190786,15657.051103190786,35f6a6573ef9
12,3042,0.04,+/-10%,2,14091.345992871704,14085.699380952017,35f6a6573ef9
12,3042,0.04,+/-10%,3,12682.211393584535,12675.970037301371,35f6a6573ef9
12,3042,0.04,+/-10%,4,11413.990254226084,11403.605454297462,35f6a6573ef9
12,3042,0.04,+/-10%,5,10272.591228803474,10258.629089180302,35f6a6573ef9
12,3042,0.04,+/-10%,6,9245.332105923126,9232.766180515577,35f6a6573ef9
12,3042,0.04,+/-10%,7,8320.798895330814,8309.489558278025,35f6a6573ef9
12,3042,0.04,+/-10%,8,7488.719005797731,7485.033547513618,35f6a6573ef9
12,3042,0.04,+/-10%,9,6739.847105217959,6736.530191679536,35f6a6573ef9
12,3042,0.04,+/-10%,10,7390.838813854494,7410.183209894009,35f6a6573ef9
12,3042,0.04,+/-10%,11,8129.922695239946,8151.201530447742,35f6a6573ef9
12,3042,0.04,+/-10%,12,8942.914964763939,8997.74966119633,35f6a6573ef9
12,3042,0.04,+/-10%,13,9837.206461240336,9638.156119560434,35f6a6573ef9
12,3042,0.04,+/-10%,14,8853.4858151163,8674.340507437306,35f6a6573ef9
12,3042,0.04,+/-10%,15,7968.137233604673,7795.994405290465,35f6a6573ef9
12,3042,0.04,+/-20%,1,19139.81915120642,19139.81915120642,35f6a6573ef9
12,3042,0.04,+/-20%,2,15311.855320965136,15309.023134315315,35f6a6573ef9
12,3042,0.04,+/-20%,3,12249.484256772112,12246.280203503387,35f6a6573ef9
12,3042,0.04,+/-20%,4,9799.58740541769,9796.586653821814,35f6a6573ef9
12,3042,0.04,+/-20%,5,7839.669924334151,7836.982654088994,35f6a6573ef9
12,3042,0.04,+/-20%,6,6271.735939467322,6269.586123051818,35f6a6573ef9
12,3042,0.04,+/-20%,7,7526.083127360785,7526.083125423496,35f6a6573ef9
12,3042,0.04,+/-20%,8,8259.613858485258,8517.484074218848,35f6a6573ef9
12,3042,0.04,+/-20%,9,8715.168841524848,8457.298628618366,35f6a6573ef9
12,3042,0.04,+/-20%,10,8730.330013767732,8683.949419678658,35f6a6573ef9
12,3042,0.04,+/-20%,11,9808.65104786634,9636.231808290906,35f6a6573ef9
12,3042,0.04,+/-20%,12,7846.920838293076,8113.707583204825,35f6a6573ef9
12,3042,0.04,+/-20%,13,8231.831178125005,8319.407238531903,35f6a6573ef9
12,3042,0.04,+/-20%,14,6585.464942500004,6655.525787214781,35f6a6573ef9
12,3042,0.04,+/-20%,15,7902.557931000003,6393.3296270125065,35f6a6573ef9
12,3042,0.06,NHF,1,37247.93875720413,37247.93875720413,35f6a6573ef9
12,3042,0.06,NHF,2,6234.2033076434755,6234.2033076434755,35f6a6573ef9
12,3042,0.06,NHF,3,4089.5116782158652,4089.5116782158652,35f6a6573ef9
12,3042,0.06,NHF,4,5278.199637759745,5278.199637759745,35f6a6573ef9
12,3042,0.06,NHF,5,6483.824855610703,6483.824855610703,35f6a6573ef9
12,3042,0.06,NHF,6,4480.152075951182,4480.152075951182,35f6a6573ef9
12,3042,0.06,NHF,7,10654.325849038472,10654.325849038469,35f6a6573ef9
12,3042,0.06,NHF,8,10614.411140465145,10614.411140465145,35f6a6573ef9
12,3042,0.06,NHF,9,13990.527420067077,13990.527420067077,35f6a6573ef9
12,3042,0.06,NHF,10,6726.228568211244,6726.228568211244,35f6a6573ef9
12,3042,0.06,NHF,11,5309.405301244418,5309.405301244418,35f6a6573ef9
12,3042,0.06,NHF,12,4727.202146787791,4727.202146787791,35f6a6573ef9
12,3042,0.06,NHF,13,10537.081066988425,10537.081066988423,35f6a6573ef9
12,3042,0.06,NHF,14,4532.4537916562385,4532.4537916562385,35f6a6573ef9
12,3042,0.06,NHF,15,11570.241580479065,11570.241580479065,35f6a6573ef9
12,3042,0.06,NDY,1,10203.487952736368,10203.487952736368,35f6a6573ef9
12,3042,0.06,NDY,2,10203.487952736368,10077.694428671135,35f6a6573ef9
12,3042,0.06,NDY,3,10203.487952736366,9976.576628052371,35f6a6573ef9
12,3042,0.06,NDY,4,10203.487952736368,9881.517123620712,35f6a6573ef9
12,3042,0.06,NDY,5,10203.487952736366,9755.386427017525,35f6a6573ef9
12,3042,0.06,NDY,6,10203.487952736368,9665.91017895899,35f6a6573ef9
12,3042,0.06,NDY,7,10203.487952736366,9537.620536519686,35f6a6573ef9
12,3042,0.06,NDY,8,10203.487952736366,9444.141959660199,35f6a6573ef9
12,3042,0.06,NDY,9,10203.487952736368,9372.545221275359,35f6a6573ef9
12,3042,0.06,NDY,10,10203.487952736366,9306.075518576046,35f6a6573ef9
12,3042,0.06,NDY,11,10203.487952736366,9244.249891477883,35f6a6573ef9
12,3042,0.06,NDY,12,10203.487952736366,9174.1097608616,35f6a6573ef9
12,3042,0.06,NDY,13,10203.487952736366,9113.301543864178,35f6a6573ef9
12,3042,0.06,NDY,14,10203.487952736368,9043.21481425269,35f6a6573ef9
12,3042,0.06,NDY,15,10203.487952736365,8960.212955075007,35f6a6573ef9
12,3042,0.06,-10%,1,15632.107884812394,15632.107884812394,35f6a6573ef9
12,3042,0.06,-10%,2,14068.897096331157,14042.192012806652,35f6a6573ef9
12,3042,0.06,-10%,3,12662.007386698042,12619.53024467552,35f6a6573ef9
12,3042,0.06,-10%,4,11395.806648028238,11332.318947217978,35f6a6573ef9
12,3042,0.06,-10%,5,10256.225983225413,10199.087051447354,35f6a6573ef9
12,3042,0.06,-10%,6,9230.603384902872,9179.178347112293,35f6a6573ef9
12,3042,0.06,-10%,7,8307.543046412584,8279.673793783428,35f6a6573ef9
12,3042,0.06,-10%,8,7476.788741771326,7451.706413424778,35f6a6573ef9
12,3042,0.06,-10%,9,6729.109867594194,6706.535769748321,35f6a6573ef9
12,3042,0.06,-10%,10,6056.198880834779,6035.882194162429,35f6a6573ef9
12,3042,0.06,-10%,11,9079.65155713856,10088.621263363957,35f6a6573ef9
12,3042,0.06,-10%,12,10452.278838813565,9891.793951777849,35f6a6573ef9
12,3042,0.06,-10%,13,9407.050954932209,8902.578050152597,35f6a6573ef9
12,3042,0.06,-10%,14,8466.345859438987,8012.320243442248,35f6a6573ef9
12,3042,0.06,-10%,15,7619.711273495086,7211.088220979122,35f6a6573ef9
12,3042,0.06,-20%,1,19110.014545720864,19110.014545720864,35f6a6573ef9
12,3042,0.06,-20%,2,15288.011636576693,15253.435799575418,35f6a6573ef9
12,3042,0.06,-20%,3,12230.409309261357,12181.290006018193,35f6a6573ef9
12,3042,0.06,-20%,4,9784.32744740909,9745.032006964826,35f6a6573ef9
12,3042,0.06,-20%,5,7827.4619579272685,7796.0256076157875,35f6a6573ef9
12,3042,0.06,-20%,6,6261.969566341817,6236.82048888118,35f6a6573ef9
12,3042,0.06,-20%,7,6682.943561657782,6682.943561657782,35f6a6573ef9
12,3042,0.06,-20%,8,8251.568978592351,8251.56897859235,35f6a6573ef9
12,3042,0.06,-20%,9,10572.101169651934,10711.140658916996,35f6a6573ef9
12,3042,0.06,-20%,10,8457.68093572155,8946.252937988555,35f6a6573ef9
12,3042,0.06,-20%,11,9244.862186402543,8101.480618936954,35f6a6573ef9
12,3042,0.06,-20%,12,8495.764475328051,8421.320791782398,35f6a6573ef9
12,3042,0.06,-20%,13,6882.877898067671,7473.091657546844,35f6a6573ef9
12,3042,0.06,-20%,14,5992.251036207947,5992.251036207947,35f6a6573ef9
12,3042,0.06,-20%,15,8886.716948276642,8584.865631607478,35f6a6573ef9
12,3042,0.06,+/-10%,1,15624.42799411214,15624.42799411214,35f6a6573ef9
12,3042,0.06,+/-10%,2,14061.985194700892,14035.859386559341,35f6a6573ef9
12,3042,0.06,+/-10%,3,12655.786675230822,12604.8570319458,35f6a6573ef9
12,3042,0.06,+/-10%,4,11390.208007707743,11334.174498568604,35f6a6573ef9
12,3042,0.06,+/-10%,5,10251.187206936964,10196.619374966496,35f6a6573ef9
12,3042,0.06,+/-10%,6,9226.068486243268,9176.957436528868,35f6a6573ef9
12,3042,0.06,+/-10%,7,8303.46163761895,8270.046698764714,35f6a6573ef9
12,3042,0.06,+/-10%,8,7473.1154738570385,7443.042029311326,35f6a6573ef9
12,3042,0.06,+/-10%,9,6725.803926471343,6698.737828023149,35f6a6573ef9
12,3042,0.06,+/-10%,10,6923.339449011473,7359.140177980685,35f6a6573ef9
12,3042,0.06,+/-10%,11,7615.673393912622,8095.054197472173,35f6a6573ef9
12,3042,0.06,+/-10%,12,8377.240733303883,9882.190471776275,35f6a6573ef9
12,3042,0.06,+/-10%,13,9214.964806634276,9304.682274081553,35f6a6573ef9
12,3042,0.06,+/-10%,14,10136.461287297701,8374.214048025397,35f6a6573ef9
12,3042,0.06,+/-10%,15,9634.89361286005,7536.79264414715,35f6a6573ef9
12,3042,0.06,+/-20%,1,19109.79313101484,19109.79313101484,35f6a6573ef9
12,3042,0.06,+/-20%,2,15287.834504811872,15254.484454411266,35f6a6573ef9
12,3042,0.06,+/-20%,3,12230.267603849503,12182.128930385119,35f6a6573ef9
12,3042,0.06,+/-20%,4,9784.214083079605,9745.703144170435,35f6a6573ef9
12,3042,0.06,+/-20%,5,7827.371266463682,7796.562514583757,35f6a6573ef9
12,3042,0.06,+/-20%,6,6261.8970131709475,6237.250010256188,35f6a6573ef9
12,3042,0.06,+/-20%,7,6884.913407538563,6884.913406313093,35f6a6573ef9
12,3042,0.06,+/-20%,8,8261.896089046277,8261.896088052461,35f6a6573ef9
12,3042,0.06,+/-20%,9,9914.275306855532,9914.275303217342,35f6a6573ef9
12,3042,0.06,+/-20%,10,8826.546168575496,9416.854081060506,35f6a6573ef9
12,3042,0.06,+/-20%,11,9321.64881382496,8213.623632049532,35f6a6573ef9
12,3042,0.06,+/-20%,12,8495.7009466006,8674.219102781772,35f6a6573ef9
12,3042,0.06,+/-20%,13,6796.560757280484,7423.987436602487,35f6a6573ef9
12,3042,0.06,+/-20%,14,6358.936364152824,6002.578145668058,35f6a6573ef9
12,3042,0.06,+/-20%,15,7630.723636983387,7299.435883047099,35f6a6573ef9
12,4042,0.0,NHF,1,3007.20127256,3007.20127256,35f6a6573ef9
12,4042,0.0,NHF,2,1298.9981242674999,1004.0905093333333,35f6a6573ef9
12,4042,0.0,NHF,3,7782.763093689943,964.49613455,35f6a6573ef9
12,4042,0.0,NHF,4,7438.172163402499,9106.729067961149,35f6a6573ef9
12,4042,0.0,NHF,5,26501.178712408942,15902.49716147185,35f6a6573ef9
12,4042,0.0,NHF,6,10001.543657149929,9259.778380816035,35f6a6573ef9
12,4042,0.0,NHF,7,23765.51952834264,10757.077703176928,35f6a6573ef9
12,4042,0.0,NHF,8,9397.424063688954,12121.962149691528,35f6a6573ef9
12,4042,0.0,NHF,9,4848.218287881112,8879.440515025517,35f6a6573ef9
12,4042,0.0,NHF,10,1036.05724511,10720.32732164756,35f6a6573ef9
12,4042,0.0,NHF,11,948.2178350699999,10058.34903932398,35f6a6573ef9
12,4042,0.0,NHF,12,1777.451740885,10520.929233323697,35f6a6573ef9
12,4042,0.0,NHF,13,1357.60170348,8064.028591913149,35f6a6573ef9
12,4042,0.0,NHF,14,2721.2561261452274,7288.177238256261,35f6a6573ef9
12,4042,0.0,NHF,15,74007.24162872754,8405.277745507054,35f6a6573ef9
12,4042,0.0,NDY,1,4966.537148493761,4966.537148493761,35f6a6573ef9
12,4042,0.0,NDY,2,10764.951174911525,9174.644489655799,35f6a6573ef9
12,4042,0.0,NDY,3,10764.951174911526,9009.405535457088,35f6a6573ef9
12,4042,0.0,NDY,4,10764.951174911526,9126.167524032411,35f6a6573ef9
12,4042,0.0,NDY,5,10764.951174911528,10561.485488556873,35f6a6573ef9
12,4042,0.0,NDY,6,10764.95117491152,10364.23593660919,35f6a6573ef9
12,4042,0.0,NDY,7,10764.951174911523,10185.565379930265,35f6a6573ef9
12,4042,0.0,NDY,8,10764.951174911525,10035.293210762757,35f6a6573ef9
12,4042,0.0,NDY,9,10764.951174911523,9896.824992431062,35f6a6573ef9
12,4042,0.0,NDY,10,10764.951174911525,9641.089655905598,35f6a6573ef9
12,4042,0.0,NDY,11,10764.95117491152,9266.181928432812,35f6a6573ef9
12,4042,0.0,NDY,12,10764.951174911523,9046.66736952334,35f6a6573ef9
12,4042,0.0,NDY,13,10764.951174911517,8636.848869398258,35f6a6573ef9
12,4042,0.0,NDY,14,10764.951174911517,7823.3597496530465,35f6a6573ef9
12,4042,0.0,NDY,15,10764.951174911514,7823.359745284076,35f6a6573ef9
12,4042,0.0,-10%,1,4432.873904165001,4432.873904165001,35f6a6573ef9
12,4042,0.0,-10%,2,4711.155043986219,4793.552097994881,35f6a6573ef9
12,4042,0.0,-10%,3,5335.173656798927,6874.187490085001,35f6a6573ef9
12,4042,0.0,-10%,4,14742.066346881544,13788.49484210991,35f6a6573ef9
12,4042,0.0,-10%,5,13267.859712193387,13954.681131625925,35f6a6573ef9
12,4042,0.0,-10%,6,11941.073740974052,12004.827647349097,35f6a6573ef9
12,4042,0.0,-10%,7,10746.966366876646,10600.606068110208,35f6a6573ef9
12,4042,0.0,-10%,8,9672.269730188982,9329.409677489157,35f6a6573ef9
12,4042,0.0,-10%,9,8705.042757170084,9948.22867425069,35f6a6573ef9
12,4042,0.0,-10%,10,7834.538481453075,10309.582409936473,35f6a6573ef9
12,4042,0.0,-10%,11,14295.704705164462,8562.723840227049,35f6a6573ef9
12,4042,0.0,-10%,12,14766.73686544789,7585.367790994816,35f6a6573ef9
12,4042,0.0,-10%,13,13290.063178903103,7418.418993177489,35f6a6573ef9
12,4042,0.0,-10%,14,11961.056861012794,5912.04678777,35f6a6573ef9
12,4042,0.0,-10%,15,10764.951174911512,6745.0036026116795,35f6a6573ef9
12,4042,0.0,-20%,1,4890.0987619727,4890.0987619727,35f6a6573ef9
12,4042,0.0,-20%,2,3912.0790095781604,3814.1361806325003,35f6a6573ef9
12,4042,0.0,-20%,3,3129.6632076625274,7397.803874565,35f6a6573ef9
12,4042,0.0,-20%,4,14598.556598702735,10431.0702721375,35f6a6573ef9
12,4042,0.0,-20%,5,16618.310769277297,17860.21183048877,35f6a6573ef9
12,4042,0.0,-20%,6,13294.648615421842,11525.36025177243,35f6a6573ef9
12,4042,0.0,-20%,7,10635.718892337472,10512.99400329582,35f6a6573ef9
12,4042,0.0,-20%,8,8508.57511386998,8752.51893524792,35f6a6573ef9
12,4042,0.0,-20%,9,8082.409409765944,9492.432833992623,35f6a6573ef9
12,4042,0.0,-20%,10,7209.084613335805,10588.585798753624,35f6a6573ef9
12,4042,0.0,-20%,11,9854.932353282937,10980.709072503512,35f6a6573ef9
12,4042,0.0,-20%,12,14688.853556559838,8105.396442129815,35f6a6573ef9
12,4042,0.0,-20%,13,16820.236210799238,6049.684362847488,35f6a6573ef9
12,4042,0.0,-20%,14,13456.188968639393,5273.012910942554,35f6a6573ef9
12,4042,0.0,-20%,15,10764.95117491151,7345.250253347555,35f6a6573ef9
12,4042,0.0,+/-10%,1,6875.091022570225,6875.091022570225,35f6a6573ef9
12,4042,0.0,+/-10%,2,7562.600124827248,7611.535265996073,35f6a6573ef9
12,4042,0.0,+/-10%,3,8318.860137309975,8998.199642236676,35f6a6573ef9
12,4042,0.0,+/-10%,4,9150.746151040968,10244.86840701743,35f6a6573ef9
12,4042,0.0,+/-10%,5,10065.82076614507,12379.283079947987,35f6a6573ef9
12,4042,0.0,+/-10%,6,11072.402842759582,9893.598891143343,35f6a6573ef9
12,4042,0.0,+/-10%,7,10652.93113713872,9726.097045565819,35f6a6573ef9
12,4042,0.0,+/-10%,8,9587.63802342485,9584.232977769301,35f6a6573ef9
12,4042,0.0,+/-10%,9,10372.872865773144,10117.391807991276,35f6a6573ef9
12,4042,0.0,+/-10%,10,11410.160152350458,9907.632058700972,35f6a6573ef9
12,4042,0.0,+/-10%,11,12551.176167585509,9526.080344871152,35f6a6573ef9
12,4042,0.0,+/-10%,12,13806.293784344058,8665.885472769281,35f6a6573ef9
12,4042,0.0,+/-10%,13,13290.06317890309,8085.0355640525,35f6a6573ef9
12,4042,0.0,+/-10%,14,11961.056861012788,7312.4966420969395,35f6a6573ef9
12,4042,0.0,+/-10%,15,10764.951174911512,8352.768159964999,35f6a6573ef9
12,4042,0.0,+/-20%,1,5617.017892991932,5617.017892991932,35f6a6573ef9
12,4042,0.0,+/-20%,2,6740.421471590316,6968.554030473195,35f6a6573ef9
12,4042,0.0,+/-20%,3,8088.505765908385,8979.192000470299,35f6a6573ef9
12,4042,0.0,+/-20%,4,9706.206919090058,10433.193287797176,35f6a6573ef9
12,4042,0.0,+/-20%,5,11647.448302908071,13605.564681635677,35f6a6573ef9
12,4042,0.0,+/-20%,6,13539.79829160173,9905.488733896507,35f6a6573ef9
12,4042,0.0,+/-20%,7,10831.838633281382,10976.82637309059,35f6a6573ef9
12,4042,0.0,+/-20%,8,8665.470906625107,8944.703253165508,35f6a6573ef9
12,4042,0.0,+/-20%,9,7945.046375256634,9151.815139427885,35f6a6573ef9
12,4042,0.0,+/-20%,10,9384.229924481428,9990.857318827122,35f6a6573ef9
12,4042,0.0,+/-20%,11,11261.075909377716,8977.687197675952,35f6a6573ef9
12,4042,0.0,+/-20%,12,13513.291091253253,9543.389909786454,35f6a6573ef9
12,4042,0.0,+/-20%,13,16215.94930950391,7634.711930167489,35f6a6573ef9
12,4042,0.0,+/-20%,14,13456.188968639393,7030.794890246662,35f6a6573ef9
12,4042,0.0,+/-20%,15,10764.951174911514,8199.317020823279,35f6a6573ef9
12,4042,0.02,NHF,1,32250.183860114157,32250.183860114157,35f6a6573ef9
12,4042,0.02,NHF,2,6024.923977559362,6944.576142776895,35f6a6573ef9
12,4042,0.02,NHF,3,7264.271754048256,6228.920030796671,35f6a6573ef9
12,4042,0.02,NHF,4,3701.235020342723,5060.287891368034,35f6a6573ef9
12,4042,0.02,NHF,5,16197.066990733829,14563.943850195004,35f6a6573ef9
12,4042,0.02,NHF,6,5855.5950982438235,5855.5950982438235,35f6a6573ef9
12,4042,0.02,NHF,7,10048.676961535,10048.676961535,35f6a6573ef9
12,4042,0.02,NHF,8,6377.301067375989,6377.301067375989,35f6a6573ef9
12,4042,0.02,NHF,9,10428.60670909656,10669.559021440584,35f6a6573ef9
12,4042,0.02,NHF,10,3660.042817403158,3849.006931845803,35f6a6573ef9
12,4042,0.02,NHF,11,6294.71174902233,8612.139424311417,35f6a6573ef9
12,4042,0.02,NHF,12,5576.206925289075,5082.939049729664,35f6a6573ef9
12,4042,0.02,NHF,13,16759.11364466181,17021.912597685176,35f6a6573ef9
12,4042,0.02,NHF,14,8212.0793970726,5033.136053666318,35f6a6573ef9
12,4042,0.02,NHF,15,10224.278170217074,8185.599260465691,35f6a6573ef9
12,4042,0.02,NDY,1,10349.390270596026,10349.390270596026,35f6a6573ef9
12,4042,0.02,NDY,2,10349.390270596028,10245.81166412428,35f6a6573ef9
12,4042,0.02,NDY,3,10349.390270596028,10146.862914984486,35f6a6573ef9
12,4042,0.02,NDY,4,10349.390270596024,10053.549287332455,35f6a6573ef9
12,4042,0.02,NDY,5,10349.39027059603,9959.292668167362,35f6a6573ef9
12,4042,0.02,NDY,6,10349.390270596028,9864.863344406787,35f6a6573ef9
12,4042,0.02,NDY,7,10349.390270596028,9779.295320066909,35f6a6573ef9
12,4042,0.02,NDY,8,10349.390270596028,9703.821399322482,35f6a6573ef9
12,4042,0.02,NDY,9,10349.390270596028,9623.388974643593,35f6a6573ef9
12,4042,0.02,NDY,10,10349.390270596026,9556.975781405683,35f6a6573ef9
12,4042,0.02,NDY,11,10349.390270596028,9488.587111433571,35f6a6573ef9
12,4042,0.02,NDY,12,10349.390270596024,9424.327109745858,35f6a6573ef9
12,4042,0.02,NDY,13,10349.390270596024,9364.42836369653,35f6a6573ef9
12,4042,0.02,NDY,14,10349.39027059603,9306.308417043374,35f6a6573ef9
12,4042,0.02,NDY,15,10349.390270596028,9253.7538208193,35f6a6573ef9
12,4042,0.02,-10%,1,15896.352470583368,15896.352470583368,35f6a6573ef9
12,4042,0.02,-10%,2,14306.717223525031,14306.263812506451,35f6a6573ef9
12,4042,0.02,-10%,3,12876.045501172528,12869.526363344608,35f6a6573ef9
12,4042,0.02,-10%,4,11588.440951055272,11570.3987568258,35f6a6573ef9
12,4042,0.02,-10%,5,10429.596855949749,10406.979323417281,35f6a6573ef9
12,4042,0.02,-10%,6,9386.637170354772,9368.068888631382,35f6a6573ef9
12,4042,0.02,-10%,7,8447.973453319297,8431.261999319815,35f6a6573ef9
12,4042,0.02,-10%,8,7603.176107987364,7588.135797964341,35f6a6573ef9
12,4042,0.02,-10%,9,6842.858497188629,6832.204761075538,35f6a6573ef9
12,4042,0.02,-10%,10,6158.572647469766,6148.984281328027,35f6a6573ef9
12,4042,0.02,-10%,11,5542.715382722789,6469.617070703289,35f6a6573ef9
12,4042,0.02,-10%,12,11101.139582701655,8866.283029818478,35f6a6573ef9
12,4042,0.02,-10%,13,10008.533254772365,10528.575253651912,35f6a6573ef9
12,4042,0.02,-10%,14,9007.679929295125,9476.722153206209,35f6a6573ef9
12,4042,0.02,-10%,15,8106.911936365614,8504.484477216787,35f6a6573ef9
12,4042,0.02,-20%,1,19709.536268590546,19709.536268590546,35f6a6573ef9
12,4042,0.02,-20%,2,15767.629014872444,15477.28868467523,35f6a6573ef9
12,4042,0.02,-20%,3,12614.103211897955,12260.6937995317,35f6a6573ef9
12,4042,0.02,-20%,4,10091.282569518362,10108.770831212523,35f6a6573ef9
12,4042,0.02,-20%,5,8073.026055614691,8507.087366030773,35f6a6573ef9
12,4042,0.02,-20%,6,6458.420844491755,6805.669895606325,35f6a6573ef9
12,4042,0.02,-20%,7,7900.15643801109,7900.15643801109,35f6a6573ef9
12,4042,0.02,-20%,8,6476.531982119557,6476.5319831654715,35f6a6573ef9
12,4042,0.02,-20%,9,6516.790010267155,7858.371994636682,35f6a6573ef9
12,4042,0.02,-20%,10,7893.448990064406,6324.147589978742,35f6a6573ef9
12,4042,0.02,-20%,11,9851.627874708496,9128.60155107463,35f6a6573ef9
12,4042,0.02,-20%,12,10494.667255332743,10194.84472933853,35f6a6573ef9
12,4042,0.02,-20%,13,9472.025824226443,10212.544115237779,35f6a6573ef9
12,4042,0.02,-20%,14,7577.620659381155,8170.035293035993,35f6a6573ef9
12,4042,0.02,-20%,15,6959.2335867239735,6967.796579959737,35f6a6573ef9
12,4042,0.02,+/-10%,1,15861.187381673994,15861.187381673994,35f6a6573ef9
12,4042,0.02,+/-10%,2,14275.06864350659,14280.779000072096,35f6a6573ef9
12,4042,0.02,+/-10%,3,12847.561779155934,12858.463029691684,35f6a6573ef9
12,4042,0.02,+/-10%,4,11562.805601240338,11564.42961040169,35f6a6573ef9
12,4042,0.02,+/-10%,5,10406.525041116305,10402.167576845362,35f6a6573ef9
12,4042,0.02,+/-10%,6,9365.872537004672,9364.682699254197,35f6a6573ef9
12,4042,0.02,+/-10%,7,8429.285283304207,8428.221755566634,35f6a6573ef9
12,4042,0.02,+/-10%,8,7586.356754973785,7585.399581627122,35f6a6573ef9
12,4042,0.02,+/-10%,9,6827.721079476409,6667.1630287335365,35f6a6573ef9
12,4042,0.02,+/-10%,10,6786.764737765916,6614.74579009397,35f6a6573ef9
12,4042,0.02,+/-10%,11,7465.441211542507,7276.3344630843285,35f6a6573ef9
12,4042,0.02,+/-10%,12,8211.985332696759,8003.967911752633,35f6a6573ef9
12,4042,0.02,+/-10%,13,9033.183865966434,10430.102831383816,35f6a6573ef9
12,4042,0.02,+/-10%,14,9936.502252563077,9364.157617495126,35f6a6573ef9
12,4042,0.02,+/-10%,15,8942.85202730677,8411.975392505137,35f6a6573ef9
12,4042,0.02,+/-20%,1,19711.13889099801,19711.13889099801,35f6a6573ef9
12,4042,0.02,+/-20%,2,15768.911112798407,15479.338415720762,35f6a6573ef9
12,4042,0.02,+/-20%,3,12615.128890238726,12285.830224791884,35f6a6573ef9
12,4042,0.02,+/-20%,4,10092.10311219098,10368.509666843867,35f6a6573ef9
12,4042,0.02,+/-20%,5,8073.682489752784,8294.807733483245,35f6a6573ef9
12,4042,0.02,+/-20%,6,6458.945991802229,6635.846186418823,35f6a6573ef9
12,4042,0.02,+/-20%,7,7750.7351901626735,7750.735193633932,35f6a6573ef9
12,4042,0.02,+/-20%,8,6595.22721357227,6636.7491820030355,35f6a6573ef9
12,4042,0.02,+/-20%,9,6642.736665074853,7664.376007664038,35f6a6573ef9
12,4042,0.02,+/-20%,10,7971.283998089822,7146.33855135597,35f6a6573ef9
12,4042,0.02,+/-20%,11,9565.540797707785,8575.606260168739,35f6a6573ef9
12,4042,0.02,+/-20%,12,10607.33148555759,9761.876905427718,35f6a6573ef9
12,4042,0.02,+/-20%,13,9437.267688397282,10460.034446014151,35f6a6573ef9
12,4042,0.02,+/-20%,14,7549.814150717826,8368.02755279193,35f6a6573ef9
12,4042,0.02,+/-20%,15,7008.551364051127,7118.650733553714,35f6a6573ef9
12,4042,0.04,NHF,1,37891.72471258789,37891.72471258789,35f6a6573ef9
12,4042,0.04,NHF,2,6128.0387205204115,6128.0387205204115,35f6a6573ef9
12,4042,0.04,NHF,3,5456.060137529029,5456.060137529029,35f6a6573ef9
12,4042,0.04,NHF,4,5142.170980590663,5142.170980590663,35f6a6573ef9
12,4042,0.04,NHF,5,5668.567883051498,5668.567883051498,35f6a6573ef9
12,4042,0.04,NHF,6,5855.5950982438235,5855.5950982438235,35f6a6573ef9
12,4042,0.04,NHF,7,10850.693221872727,10850.693221872727,35f6a6573ef9
12,4042,0.04,NHF,8,6936.637366099744,6936.637366099744,35f6a6573ef9
12,4042,0.04,NHF,9,14515.836057164752,14515.836057164752,35f6a6573ef9
12,4042,0.04,NHF,10,4917.491352056875,4917.491352056875,35f6a6573ef9
12,4042,0.04,NHF,11,6565.057558850812,6565.057558850811,35f6a6573ef9
12,4042,0.04,NHF,12,6057.774794858375,6057.774794858375,35f6a6573ef9
12,4042,0.04,NHF,13,12620.060963358077,12620.060963358077,35f6a6573ef9
12,4042,0.04,NHF,14,5067.4326904941045,5067.4326904941045,35f6a6573ef9
12,4042,0.04,NHF,15,8653.204722312215,8653.204722312215,35f6a6573ef9
12,4042,0.04,NDY,1,10266.66243190544,10266.66243190544,35f6a6573ef9
12,4042,0.04,NDY,2,10266.66243190544,10145.886234486425,35f6a6573ef9
12,4042,0.04,NDY,3,10266.662431905439,10033.658581662643,35f6a6573ef9
12,4042,0.04,NDY,4,10266.66243190544,9916.387670721508,35f6a6573ef9
12,4042,0.04,NDY,5,10266.66243190544,9808.252110107243,35f6a6573ef9
12,4042,0.04,NDY,6,10266.66243190544,9691.763660245242,35f6a6573ef9
12,4042,0.04,NDY,7,10266.662431905443,9601.152029911513,35f6a6573ef9
12,4042,0.04,NDY,8,10266.662431905444,9516.117602376042,35f6a6573ef9
12,4042,0.04,NDY,9,10266.66243190544,9429.375197364097,35f6a6573ef9
12,4042,0.04,NDY,10,10266.662431905439,9355.178812105747,35f6a6573ef9
12,4042,0.04,NDY,11,10266.66243190544,9268.231022784536,35f6a6573ef9
12,4042,0.04,NDY,12,10266.662431905437,9187.788510452987,35f6a6573ef9
12,4042,0.04,NDY,13,10266.662431905437,9123.145441595814,35f6a6573ef9
12,4042,0.04,NDY,14,10266.662431905434,9056.440869206252,35f6a6573ef9
12,4042,0.04,NDY,15,10266.662431905437,8989.714526686817,35f6a6573ef9
12,4042,0.04,-10%,1,15870.966264363171,15870.966264363171,35f6a6573ef9
12,4042,0.04,-10%,2,14283.869637926853,14280.71905954258,35f6a6573ef9
12,4042,0.04,-10%,3,12855.482674134168,12849.609571351317,35f6a6573ef9
12,4042,0.04,-10%,4,11569.934406720753,11559.820313240007,35f6a6573ef9
12,4042,0.04,-10%,5,10412.940966048676,10400.500143170355,35f6a6573ef9
12,4042,0.04,-10%,6,9371.646869443808,9356.894833831135,35f6a6573ef9
12,4042,0.04,-10%,7,8434.482182499427,8421.20535016634,35f6a6573ef9
12,4042,0.04,-10%,8,7591.033964249483,7584.398107046007,35f6a6573ef9
12,4042,0.04,-10%,9,6831.930567824535,6825.958296797927,35f6a6573ef9
12,4042,0.04,-10%,10,6148.737511042082,6143.3624652148155,35f6a6573ef9
12,4042,0.04,-10%,11,5924.082514138611,6124.848738539902,35f6a6573ef9
12,4042,0.04,-10%,12,9902.827422410946,9918.592742949868,35f6a6573ef9
12,4042,0.04,-10%,13,10333.50775961381,10137.070205896847,35f6a6573ef9
12,4042,0.04,-10%,14,9300.15698365243,9149.192497937502,35f6a6573ef9
12,4042,0.04,-10%,15,8370.141285287185,8234.27324905199,35f6a6573ef9
12,4042,0.04,-20%,1,19706.9717404864,19706.9717404864,35f6a6573ef9
12,4042,0.04,-20%,2,15765.577392389117,15762.538226112358,35f6a6573ef9
12,4042,0.04,-20%,3,12612.461913911293,12605.152004399173,35f6a6573ef9
12,4042,0.04,-20%,4,10089.969531129036,10084.130755290493,35f6a6573ef9
12,4042,0.04,-20%,5,8071.97562490323,8067.304604709706,35f6a6573ef9
12,4042,0.04,-20%,6,6457.580499922584,6453.843681383823,35f6a6573ef9
12,4042,0.04,-20%,7,6440.00269801892,6440.00269988093,35f6a6573ef9
12,4042,0.04,-20%,8,6990.80242660687,7380.387824101441,35f6a6573ef9
12,4042,0.04,-20%,9,8785.664706077006,8396.079306720423,35f6a6573ef9
12,4042,0.04,-20%,10,7713.682485488587,7654.979976093322,35f6a6573ef9
12,4042,0.04,-20%,11,8626.714601316306,8724.33984646094,35f6a6573ef9
12,4042,0.04,-20%,12,10100.933734382745,9639.984414359486,35f6a6573ef9
12,4042,0.04,-20%,13,9203.99390364197,9651.53840858545,35f6a6573ef9
12,4042,0.04,-20%,14,7363.195122913576,7721.230729554874,35f6a6573ef9
12,4042,0.04,-20%,15,7738.526070394042,6564.477037237216,35f6a6573ef9
12,4042,0.04,+/-10%,1,15842.681110593157,15842.681110593157,35f6a6573ef9
12,4042,0.04,+/-10%,2,14258.41299953384,14260.245010638075,35f6a6573ef9
12,4042,0.04,+/-10%,3,12832.571699580458,12828.438291564242,35f6a6573ef9
12,4042,0.04,+/-10%,4,11549.31452962241,11532.59102646195,35f6a6573ef9
12,4042,0.04,+/-10%,5,10394.38307666017,10376.867150670432,35f6a6573ef9
12,4042,0.04,+/-10%,6,9354.944768994152,9339.180435651158,35f6a6573ef9
12,4042,0.04,+/-10%,7,8419.450292094738,8405.262387736913,35f6a6573ef9
12,4042,0.04,+/-10%,8,7577.5052628852645,7564.736153532324,35f6a6573ef9
12,4042,0.04,+/-10%,9,6819.754736596739,6808.262537839911,35f6a6573ef9
12,4042,0.04,+/-10%,10,6544.25713844695,6583.47015031437,35f6a6573ef9
12,4042,0.04,+/-10%,11,7198.682852291644,7241.817161192186,35f6a6573ef9
12,4042,0.04,+/-10%,12,7918.551137520807,7965.998879614532,35f6a6573ef9
12,4042,0.04,+/-10%,13,8710.40625127289,10277.187713043213,35f6a6573ef9
12,4042,0.04,+/-10%,14,9581.446876400178,9230.971987530127,35f6a6573ef9
12,4042,0.04,+/-10%,15,10539.591564040198,8249.3465651389,35f6a6573ef9
12,4042,0.04,+/-20%,1,19705.802489105256,19705.802489105256,35f6a6573ef9
12,4042,0.04,+/-20%,2,15764.6419912842,15763.645348262824,35f6a6573ef9
12,4042,0.04,+/-20%,3,12611.713593027362,12610.400474255695,35f6a6573ef9
12,4042,0.04,+/-20%,4,10089.370874421891,10088.32038084831,35f6a6573ef9
12,4042,0.04,+/-20%,5,8071.4966995375125,8070.656302851857,35f6a6573ef9
12,4042,0.04,+/-20%,6,6457.19735963001,6456.525039008822,35f6a6573ef9
12,4042,0.04,+/-20%,7,6439.4428563551155,6439.442853873976,35f6a6573ef9
12,4042,0.04,+/-20%,8,7171.375897430762,7299.133464829523,35f6a6573ef9
12,4042,0.04,+/-20%,9,8605.651076916916,8477.893511999295,35f6a6573ef9
12,4042,0.04,+/-20%,10,7546.358271112694,7425.473267351334,35f6a6573ef9
12,4042,0.04,+/-20%,11,8795.018844020871,8910.567926469683,35f6a6573ef9
12,4042,0.04,+/-20%,12,10099.953706054073,10105.289627366621,35f6a6573ef9
12,4042,0.04,+/-20%,13,9292.327844829797,9309.555586937362,35f6a6573ef9
12,4042,0.04,+/-20%,14,7433.862275863838,7447.644471207805,35f6a6573ef9
12,4042,0.04,+/-20%,15,7558.512441233952,5955.481662292983,35f6a6573ef9
12,4042,0.06,NHF,1,37891.72471258789,37891.72471258789,35f6a6573ef9
12,4042,0.06,NHF,2,6128.0387205204115,6128.0387205204115,35f6a6573ef9
12,4042,0.06,NHF,3,5456.060137529029,5456.060137529029,35f6a6573ef9
12,4042,0.06,NHF,4,5142.170980590663,5142.170980590663,35f6a6573ef9
12,4042,0.06,NHF,5,5668.567883051498,5668.567883051498,35f6a6573ef9
12,4042,0.06,NHF,6,5855.5950982438235,5855.5950982438235,35f6a6573ef9
12,4042,0.06,NHF,7,10850.693221872727,10850.693221872727,35f6a6573ef9
12,4042,0.06,NHF,8,6936.637366099744,6936.637366099744,35f6a6573ef9
12,4042,0.06,NHF,9,14515.836057164752,14515.836057164752,35f6a6573ef9
12,4042,0.06,NHF,10,4917.491352056875,4917.491352056875,35f6a6573ef9
12,4042,0.06,NHF,11,6565.057558850812,6565.057558850811,35f6a6573ef9
12,4042,0.06,NHF,12,6057.774794858375,6057.774794858375,35f6a6573ef9
12,4042,0.06,NHF,13,12620.060963358077,12620.060963358077,35f6a6573ef9
12,4042,0.06,NHF,14,5067.4326904941045,5067.4326904941045,35f6a6573ef9
12,4042,0.06,NHF,15,8653.204722312215,8653.204722312215,35f6a6573ef9
12,4042,0.06,NDY,1,10192.844560876167,10192.844560876167,35f6a6573ef9
12,4042,0.06,NDY,2,10192.844560876167,10043.747339967165,35f6a6573ef9
12,4042,0.06,NDY,3,10192.844560876165,9904.586367417629,35f6a6573ef9
12,4042,0.06,NDY,4,10192.844560876167,9803.87978182039,35f6a6573ef9
12,4042,0.06,NDY,5,10192.844560876167,9674.459160707782,35f6a6573ef9
12,4042,0.06,NDY,6,10192.844560876165,9570.603371968607,35f6a6573ef9
12,4042,0.06,NDY,7,10192.844560876165,9446.888936585196,35f6a6573ef9
12,4042,0.06,NDY,8,10192.844560876165,9345.378925152652,35f6a6573ef9
12,4042,0.06,NDY,9,10192.844560876167,9269.912307385088,35f6a6573ef9
12,4042,0.06,NDY,10,10192.844560876165,9189.379263259954,35f6a6573ef9
12,4042,0.06,NDY,11,10192.844560876165,9120.290853535214,35f6a6573ef9
12,4042,0.06,NDY,12,10192.844560876167,9049.937933624367,35f6a6573ef9
12,4042,0.06,NDY,13,10192.844560876167,8989.84955691551,35f6a6573ef9
12,4042,0.06,NDY,14,10192.844560876163,8917.54633650307,35f6a6573ef9
12,4042,0.06,NDY,15,10192.844560876167,8854.041901609042,35f6a6573ef9
12,4042,0.06,-10%,1,15821.263488501609,15821.263488501609,35f6a6573ef9
12,4042,0.06,-10%,2,14239.13713965145,14195.533863917899,35f6a6573ef9
12,4042,0.06,-10%,3,12815.223425686305,12752.477375215378,35f6a6573ef9
12,4042,0.06,-10%,4,11533.701083117676,11464.113346268683,35f6a6573ef9
12,4042,0.06,-10%,5,10380.330974805902,10314.814207177225,35f6a6573ef9
12,4042,0.06,-10%,6,9342.297877325316,9283.332788685611,35f6a6573ef9
12,4042,0.06,-10%,7,8408.068089592784,8354.999512615146,35f6a6573ef9
12,4042,0.06,-10%,8,7567.261280633506,7530.210364748343,35f6a6573ef9
12,4042,0.06,-10%,9,6810.535152570156,6777.189329212051,35f6a6573ef9
12,4042,0.06,-10%,10,6129.481637313142,6099.470394831787,35f6a6573ef9
12,4042,0.06,-10%,11,5516.533473581828,6271.336529533263,35f6a6573ef9
12,4042,0.06,-10%,12,9369.55102277536,10135.318437744316,35f6a6573ef9
12,4042,0.06,-10%,13,10844.714331375832,10119.145721287548,35f6a6573ef9
12,4042,0.06,-10%,14,9760.242898238244,9107.23115051517,35f6a6573ef9
12,4042,0.06,-10%,15,8784.21860841442,8196.50803555652,35f6a6573ef9
12,4042,0.06,-20%,1,19669.699996906507,19669.699996906507,35f6a6573ef9
12,4042,0.06,-20%,2,15735.759997525209,15708.646782344003,35f6a6573ef9
12,4042,0.06,-20%,3,12588.607998020167,12551.73920073347,35f6a6573ef9
12,4042,0.06,-20%,4,10070.886398416136,10032.669357048944,35f6a6573ef9
12,4042,0.06,-20%,5,8056.70911873291,8026.135485007949,35f6a6573ef9
12,4042,0.06,-20%,6,6445.367294986327,6420.908392228823,35f6a6573ef9
12,4042,0.06,-20%,7,5797.807311270074,5797.807311270074,35f6a6573ef9
12,4042,0.06,-20%,8,6966.509494358129,6966.509494358131,35f6a6573ef9
12,4042,0.06,-20%,9,9937.523652737598,9969.782508618076,35f6a6573ef9
12,4042,0.06,-20%,10,7950.01892219008,8202.829155975067,35f6a6573ef9
12,4042,0.06,-20%,11,8489.117957126477,8880.838567314448,35f6a6573ef9
12,4042,0.06,-20%,12,10154.163772666681,8365.895123540942,35f6a6573ef9
12,4042,0.06,-20%,13,8123.331018133342,8965.035928662013,35f6a6573ef9
12,4042,0.06,-20%,14,6848.138118044813,7172.028743964815,35f6a6573ef9
12,4042,0.06,-20%,15,8334.69132822278,7253.599471735624,35f6a6573ef9
12,4042,0.06,+/-10%,1,15810.571022333355,15810.571022333355,35f6a6573ef9
12,4042,0.06,+/-10%,2,14229.513920100022,14202.201491715969,35f6a6573ef9
12,4042,0.06,+/-10%,3,12806.562528090024,12751.908171568492,35f6a6573ef9
12,4042,0.06,+/-10%,4,11525.90627528102,11451.754343390898,35f6a6573ef9
12,4042,0.06,+/-10%,5,10373.315647752917,10302.451125306603,35f6a6573ef9
12,4042,0.06,+/-10%,6,9335.984082977626,9272.206012599894,35f6a6573ef9
12,4042,0.06,+/-10%,7,8402.385674679861,8344.985414479166,35f6a6573ef9
12,4042,0.06,+/-10%,8,7562.147107211875,7529.874255675259,35f6a6573ef9
12,4042,0.06,+/-10%,9,6805.932396490688,6776.886833060678,35f6a6573ef9
12,4042,0.06,+/-10%,10,6125.339156841621,6187.249967566431,35f6a6573ef9
12,4042,0.06,+/-10%,11,6737.873072525784,6805.974965013103,35f6a6573ef9
12,4042,0.06,+/-10%,12,7411.660379778361,8933.705068214711,35f6a6573ef9
12,4042,0.06,+/-10%,13,8152.826417756197,10326.26631280214,35f6a6573ef9
12,4042,0.06,+/-10%,14,8968.109059531813,9293.63968008059,35f6a6573ef9
12,4042,0.06,+/-10%,15,9864.919965485005,8364.275711578824,35f6a6573ef9
12,4042,0.06,+/-20%,1,19673.79143620879,19673.79143620879,35f6a6573ef9
12,4042,0.06,+/-20%,2,15739.033148967032,15716.880580333282,35f6a6573ef9
12,4042,0.06,+/-20%,3,12591.226519173628,12547.969824110696,35f6a6573ef9
12,4042,0.06,+/-20%,4,10072.981215338905,10029.721941423033,35f6a6573ef9
12,4042,0.06,+/-20%,5,8058.384972271122,8023.777553313012,35f6a6573ef9
12,4042,0.06,+/-20%,6,6446.707977816897,6419.022044843823,35f6a6573ef9
12,4042,0.06,+/-20%,7,5892.9801376289915,5892.980136681938,35f6a6573ef9
12,4042,0.06,+/-20%,8,7071.57616515479,7071.576165355972,35f6a6573ef9
12,4042,0.06,+/-20%,9,8485.891398185748,9274.752732234452,35f6a6573ef9
12,4042,0.06,+/-20%,10,8894.789232101837,8272.485612833374,35f6a6573ef9
12,4042,0.06,+/-20%,11,9075.732831029227,9462.925782355444,35f6a6573ef9
12,4042,0.06,+/-20%,12,10203.302919751239,8455.74255942638,35f6a6573ef9
12,4042,0.06,+/-20%,13,8162.64233580099,8924.570525934101,35f6a6573ef9
12,4042,0.06,+/-20%,14,6953.2047888414745,7139.656418002656,35f6a6573ef9
12,4042,0.06,+/-20%,15,7600.361433929328,6085.650720269381,35f6a6573ef9
13,42,0.0,NHF,1,4475.823300256667,4475.823300256667,35f6a6573ef9
13,42,0.0,NHF,2,1408.1520481950001,217.89975610666664,35f6a6573ef9
13,42,0.0,NHF,3,6473.988465181534,579.5031255,35f6a6573ef9
13,42,0.0,NHF,4,5439.7505141374995,7818.53300638522,35f6a6573ef9
13,42,0.0,NHF,5,23778.69937986749,15347.74320381233,35f6a6573ef9
13,42,0.0,NHF,6,10776.236477264405,9345.185863405775,35f6a6573ef9
13,42,0.0,NHF,7,23978.136863688796,11632.442553878622,35f6a6573ef9
13,42,0.0,NHF,8,9579.763755644195,8350.500737490085,35f6a6573ef9
13,42,0.0,NHF,9,6251.302678574674,10777.062099324232,35f6a6573ef9
13,42,0.0,NHF,10,577.03839738,8078.239042496332,35f6a6573ef9
13,42,0.0,NHF,11,737.3026119599999,11526.532003651315,35f6a6573ef9
13,42,0.0,NHF,12,522.9916679774999,9036.264102346371,35f6a6573ef9
13,42,0.0,NHF,13,1476.1172845649999,12320.206259449506,35f6a6573ef9
13,42,0.0,NHF,14,6671.47223346659,8657.356786402626,35f6a6573ef9
13,42,0.0,NHF,15,72319.32484633655,7334.167799358283,35f6a6573ef9
13,42,0.0,NDY,1,1350.5709749008627,1350.5709749008627,35f6a6573ef9
13,42,0.0,NDY,2,10863.676544430014,9215.823737972823,35f6a6573ef9
13,42,0.0,NDY,3,10863.676544430013,9026.864910007498,35f6a6573ef9
13,42,0.0,NDY,4,10863.67654443001,9239.733135650082,35f6a6573ef9
13,42,0.0,NDY,5,10863.676544430014,10650.381013006267,35f6a6573ef9
13,42,0.0,NDY,6,10863.676544430016,10441.761187821003,35f6a6573ef9
13,42,0.0,NDY,7,10863.676544430018,10274.860516416387,35f6a6573ef9
13,42,0.0,NDY,8,10863.676544430013,10085.005140698717,35f6a6573ef9
13,42,0.0,NDY,9,10863.676544430014,9881.92181804304,35f6a6573ef9
13,42,0.0,NDY,10,10863.676544430018,9714.566481559466,35f6a6573ef9
13,42,0.0,NDY,11,10863.676544430014,9383.222977274207,35f6a6573ef9
13,42,0.0,NDY,12,10863.676544430014,9091.212710364416,35f6a6573ef9
13,42,0.0,NDY,13,10863.676544430013,8736.882910696913,35f6a6573ef9
13,42,0.0,NDY,14,10863.676544430014,7983.086078425552,35f6a6573ef9
13,42,0.0,NDY,15,10863.676544430016,7983.086081657838,35f6a6573ef9
13,42,0.0,-10%,1,2654.6243822100005,2654.6243822100005,35f6a6573ef9
13,42,0.0,-10%,2,4435.535744784515,4102.755830847589,35f6a6573ef9
13,42,0.0,-10%,3,3991.9821703060647,4931.3205842170955,35f6a6573ef9
13,42,0.0,-10%,4,13350.23012597968,13518.29129230035,35f6a6573ef9
13,42,0.0,-10%,5,13942.962301573383,14300.180447467314,35f6a6573ef9
13,42,0.0,-10%,6,12548.666071416048,13138.090607449616,35f6a6573ef9
13,42,0.0,-10%,7,11293.799464274443,11541.18534827615,35f6a6573ef9
13,42,0.0,-10%,8,10164.419517846996,8926.725358189131,35f6a6573ef9
13,42,0.0,-10%,9,9147.977566062298,10031.373336157729,35f6a6573ef9
13,42,0.0,-10%,10,8233.17980945607,8253.771398786199,35f6a6573ef9
13,42,0.0,-10%,11,13236.352268389244,10190.593859568717,35f6a6573ef9
13,42,0.0,-10%,12,14902.162612386848,8844.622371714418,35f6a6573ef9
13,42,0.0,-10%,13,13411.946351148166,7689.932007105386,35f6a6573ef9
13,42,0.0,-10%,14,12070.751716033346,5886.297423284166,35f6a6573ef9
13,42,0.0,-10%,15,10863.676544430014,8667.857927452253,35f6a6573ef9
13,42,0.0,-20%,1,2816.8578645244247,2816.8578645244247,35f6a6573ef9
13,42,0.0,-20%,2,4008.40265813595,4008.40266191,35f6a6573ef9
13,42,0.0,-20%,3,3748.945778925,6976.217613897573,35f6a6573ef9
13,42,0.0,-20%,4,11527.34256527381,8300.129389040989,35f6a6573ef9
13,42,0.0,-20%,5,16909.904633277725,18068.748313891374,35f6a6573ef9
13,42,0.0,-20%,6,13527.923706622181,13762.044283083473,35f6a6573ef9
13,42,0.0,-20%,7,10822.338965297746,9864.930148038378,35f6a6573ef9
13,42,0.0,-20%,8,8657.871172238196,8687.808863389848,35f6a6573ef9
13,42,0.0,-20%,9,9613.50507724978,10453.952435665908,35f6a6573ef9
13,42,0.0,-20%,10,7690.804061799826,8508.3383692262,35f6a6573ef9
13,42,0.0,-20%,11,9379.138910658323,10633.3643895649,35f6a6573ef9
13,42,0.0,-20%,12,14383.432041621903,8883.507448611523,35f6a6573ef9
13,42,0.0,-20%,13,16974.494600671896,7722.035256149852,35f6a6573ef9
13,42,0.0,-20%,14,13579.595680537517,6628.157846479835,35f6a6573ef9
13,42,0.0,-20%,15,10863.676544430014,6921.037044408466,35f6a6573ef9
13,42,0.0,+/-10%,1,6321.575741660294,6321.575741660294,35f6a6573ef9
13,42,0.0,+/-10%,2,6953.733315826324,7009.745554368461,35f6a6573ef9
13,42,0.0,+/-10%,3,7649.106647408957,7878.434894363723,35f6a6573ef9
13,42,0.0,+/-10%,4,8414.017312149856,9156.227194750501,35f6a6573ef9
13,42,0.0,+/-10%,5,9255.419043364842,10891.131600512503,35f6a6573ef9
13,42,0.0,+/-10%,6,10180.960947701327,10703.855040123019,35f6a6573ef9
13,42,0.0,+/-10%,7,11199.057042471462,10642.891905066686,35f6a6573ef9
13,42,0.0,+/-10%,8,10079.151338224316,10914.306805509073,35f6a6573ef9
13,42,0.0,+/-10%,9,10583.857182341118,9701.120617440907,35f6a6573ef9
13,42,0.0,+/-10%,10,11642.242900575235,9567.954672996198,35f6a6573ef9
13,42,0.0,+/-10%,11,12806.467190632757,9629.03223083714,35f6a6573ef9
13,42,0.0,+/-10%,12,14087.113909696032,8324.456250611935,35f6a6573ef9
13,42,0.0,+/-10%,13,13411.946351148172,8440.508955776524,35f6a6573ef9
13,42,0.0,+/-10%,14,12070.751716033352,7519.676453558385,35f6a6573ef9
13,42,0.0,+/-10%,15,10863.676544430014,8698.425749315691,35f6a6573ef9
13,42,0.0,+/-20%,1,5083.232612621639,5083.232612621639,35f6a6573ef9
13,42,0.0,+/-20%,2,6099.879135145965,6124.645019986748,35f6a6573ef9
13,42,0.0,+/-20%,3,7319.854962175159,7939.615978915272,35f6a6573ef9
13,42,0.0,+/-20%,4,8783.825954610193,9641.03687652492,35f6a6573ef9
13,42,0.0,+/-20%,5,10540.591145532228,11043.99862995957,35f6a6573ef9
13,42,0.0,+/-20%,6,12648.709374638674,12322.319679186903,35f6a6573ef9
13,42,0.0,+/-20%,7,11534.557940666502,10432.006045100157,35f6a6573ef9
13,42,0.0,+/-20%,8,9227.646352533202,10257.568411893615,35f6a6573ef9
13,42,0.0,+/-20%,9,9117.52330712264,9735.54374995875,35f6a6573ef9
13,42,0.0,+/-20%,10,9450.624316531032,9319.8320872662,35f6a6573ef9
13,42,0.0,+/-20%,11,11340.74917983724,9113.2568308492,35f6a6573ef9
13,42,0.0,+/-20%,12,13608.899015804684,9554.200692655158,35f6a6573ef9
13,42,0.0,+/-20%,13,16330.678818965624,8879.525410037337,35f6a6573ef9
13,42,0.0,+/-20%,14,13579.595680537515,7146.94830888548,35f6a6573ef9
13,42,0.0,+/-20%,15,10863.676544430016,7909.29063102738,35f6a6573ef9
13,42,0.02,NHF,1,29593.820219809375,29593.820219809375,35f6a6573ef9
13,42,0.02,NHF,2,4947.669886105723,6242.246729041545,35f6a6573ef9
13,42,0.02,NHF,3,7100.3698796201925,6516.043211415236,35f6a6573ef9
13,42,0.02,NHF,4,5002.922965741626,4665.330803923166,35f6a6573ef9
13,42,0.02,NHF,5,14672.6020357277,13747.896028575258,35f6a6573ef9
13,42,0.02,NHF,6,6009.050883676176,6009.050883676176,35f6a6573ef9
13,42,0.02,NHF,7,10769.209770672649,10769.209770672649,35f6a6573ef9
13,42,0.02,NHF,8,9524.616024955669,9524.616024955669,35f6a6573ef9
13,42,0.02,NHF,9,9404.82087408197,10428.637289576845,35f6a6573ef9
13,42,0.02,NHF,10,2774.8389847206236,2734.5584352463957,35f6a6573ef9
13,42,0.02,NHF,11,5463.744675104015,7408.715814952806,35f6a6573ef9
13,42,0.02,NHF,12,6712.95887230352,4405.073779110533,35f6a6573ef9
13,42,0.02,NHF,13,13469.307659332075,16241.255213752045,35f6a6573ef9
13,42,0.02,NHF,14,9831.795172918453,5727.287001321036,35f6a6573ef9
13,42,0.02,NHF,15,11699.836522534859,9945.39056571304,35f6a6573ef9
13,42,0.02,NDY,1,10148.667739771063,10148.667739771063,35f6a6573ef9
13,42,0.02,NDY,2,10148.667739771063,10051.995406739044,35f6a6573ef9
13,42,0.02,NDY,3,10148.667739771061,9962.978887204148,35f6a6573ef9
13,42,0.02,NDY,4,10148.66773977106,9882.306262850962,35f6a6573ef9
13,42,0.02,NDY,5,10148.667739771061,9798.113026916282,35f6a6573ef9
13,42,0.02,NDY,6,10148.667739771063,9724.49158317814,35f6a6573ef9
13,42,0.02,NDY,7,10148.667739771061,9643.078673870448,35f6a6573ef9
13,42,0.02,NDY,8,10148.667739771057,9577.246118551591,35f6a6573ef9
13,42,0.02,NDY,9,10148.667739771057,9503.888647179316,35f6a6573ef9
13,42,0.02,NDY,10,10148.667739771063,9446.039561401782,35f6a6573ef9
13,42,0.02,NDY,11,10148.66773977106,9385.076622304741,35f6a6573ef9
13,42,0.02,NDY,12,10148.667739771063,9332.868230480799,35f6a6573ef9
13,42,0.02,NDY,13,10148.667739771061,9278.960563735625,35f6a6573ef9
13,42,0.02,NDY,14,10148.667739771063,9225.655439267795,35f6a6573ef9
13,42,0.02,NDY,15,10148.667739771061,9181.960550423188,35f6a6573ef9
13,42,0.02,-10%,1,15206.887522744533,15206.887522744533,35f6a6573ef9
13,42,0.02,-10%,2,13686.198770470082,13678.802590163281,35f6a6573ef9
13,42,0.02,-10%,3,12317.578893423071,12283.510701836994,35f6a6573ef9
13,42,0.02,-10%,4,11085.821004080764,11054.929183458296,35f6a6573ef9
13,42,0.02,-10%,5,9977.238903672687,9945.98326324126,35f6a6573ef9
13,42,0.02,-10%,6,8979.515013305421,8951.384936636174,35f6a6573ef9
13,42,0.02,-10%,7,8374.771198621693,8374.771197921273,35f6a6573ef9
13,42,0.02,-10%,8,7537.294078759524,7537.294076355032,35f6a6573ef9
13,42,0.02,-10%,9,6783.564670883572,7388.850708332023,35f6a6573ef9
13,42,0.02,-10%,10,6224.84586320994,6649.965640028237,35f6a6573ef9
13,42,0.02,-10%,11,7743.743039753256,6237.489647745942,35f6a6573ef9
13,42,0.02,-10%,12,10341.065178075969,9454.503896134713,35f6a6573ef9
13,42,0.02,-10%,13,9813.067421174053,10352.306547854583,35f6a6573ef9
13,42,0.02,-10%,14,8831.760679056617,9313.618100773385,35f6a6573ef9
13,42,0.02,-10%,15,7948.584611150988,8382.256288307339,35f6a6573ef9
13,42,0.02,-20%,1,18489.045192938534,18489.045192938534,35f6a6573ef9
13,42,0.02,-20%,2,14791.236154350838,14583.219591674992,35f6a6573ef9
13,42,0.02,-20%,3,11832.988923480665,11560.910600488698,35f6a6573ef9
13,42,0.02,-20%,4,9466.391138784535,9686.136543843962,35f6a6573ef9
13,42,0.02,-20%,5,7573.112911027628,7778.219865740617,35f6a6573ef9
13,42,0.02,-20%,6,6058.490328822103,6222.5758948261755,35f6a6573ef9
13,42,0.02,-20%,7,9020.700274530915,9020.700274530915,35f6a6573ef9
13,42,0.02,-20%,8,8897.815178169578,8702.396899978077,35f6a6573ef9
13,42,0.02,-20%,9,7118.252142535664,7909.176261917313,35f6a6573ef9
13,42,0.02,-20%,10,6783.172087019557,6327.3410076618875,35f6a6573ef9
13,42,0.02,-20%,11,8767.127070646004,8166.482295796445,35f6a6573ef9
13,42,0.02,-20%,12,9082.090997919835,8864.829816042393,35f6a6573ef9
13,42,0.02,-20%,13,9577.54129980873,9884.724744696654,35f6a6573ef9
13,42,0.02,-20%,14,7662.033039846981,7907.779791569015,35f6a6573ef9
13,42,0.02,-20%,15,8852.631668619604,8582.520185136904,35f6a6573ef9
13,42,0.02,+/-10%,1,15207.044743452992,15207.044743452992,35f6a6573ef9
13,42,0.02,+/-10%,2,13686.340269107699,13684.846436117794,35f6a6573ef9
13,42,0.02,+/-10%,3,12317.706242196928,12297.066548055793,35f6a6573ef9
13,42,0.02,+/-10%,4,11085.935617977237,11058.216130496825,35f6a6573ef9
13,42,0.02,+/-10%,5,9977.34205617951,9940.426951481502,35f6a6573ef9
13,42,0.02,+/-10%,6,8979.607850561557,8946.384259529117,35f6a6573ef9
13,42,0.02,+/-10%,7,8198.421165782685,8198.421163097179,35f6a6573ef9
13,42,0.02,+/-10%,8,7378.579049204419,7378.579049117255,35f6a6573ef9
13,42,0.02,+/-10%,9,6690.562991621241,7059.50518826379,35f6a6573ef9
13,42,0.02,+/-10%,10,7359.619290783363,7463.923096904329,35f6a6573ef9
13,42,0.02,+/-10%,11,8095.581219861701,7594.646133026386,35f6a6573ef9
13,42,0.02,+/-10%,12,8905.139341847873,8354.110753545265,35f6a6573ef9
13,42,0.02,+/-10%,13,9795.653276032657,10038.359084400532,35f6a6573ef9
13,42,0.02,+/-10%,14,9040.828436666392,9035.087958332397,35f6a6573ef9
13,42,0.02,+/-10%,15,8136.745592999751,8131.579163336901,35f6a6573ef9
13,42,0.02,+/-20%,1,18372.499912316533,18372.499912316533,35f6a6573ef9
13,42,0.02,+/-20%,2,14697.999929853233,14369.303340425588,35f6a6573ef9
13,42,0.02,+/-20%,3,11758.399943882585,11129.289465028747,35f6a6573ef9
13,42,0.02,+/-20%,4,9406.71995510607,9596.100556899828,35f6a6573ef9
13,42,0.02,+/-20%,5,7525.375964084854,8558.42304271356,35f6a6573ef9
13,42,0.02,+/-20%,6,6846.709787273021,6846.738438083674,35f6a6573ef9
13,42,0.02,+/-20%,7,8216.051744727623,8216.051745523215,35f6a6573ef9
13,42,0.02,+/-20%,8,9475.441269670444,9475.441268167775,35f6a6573ef9
13,42,0.02,+/-20%,9,7580.353015736357,7843.882766190338,35f6a6573ef9
13,42,0.02,+/-20%,10,6674.64923037513,6361.495484356262,35f6a6573ef9
13,42,0.02,+/-20%,11,8009.579076450154,7130.646846921239,35f6a6573ef9
13,42,0.02,+/-20%,12,9361.163362277672,8556.776216283877,35f6a6573ef9
13,42,0.02,+/-20%,13,9490.668754182467,10742.777037059974,35f6a6573ef9
13,42,0.02,+/-20%,14,7797.446424275244,8594.221628344652,35f6a6573ef9
13,42,0.02,+/-20%,15,8825.035566019837,7868.248173096327,35f6a6573ef9
13,42,0.04,NHF,1,34695.22407824382,34695.22407824382,35f6a6573ef9
13,42,0.04,NHF,2,6683.325043829204,6683.325043829204,35f6a6573ef9
13,42,0.04,NHF,3,4196.096454608575,4196.096454608575,35f6a6573ef9
13,42,0.04,NHF,4,4928.355100233229,4928.355100233229,35f6a6573ef9
13,42,0.04,NHF,5,5829.8033320192935,5829.8033320192935,35f6a6573ef9
13,42,0.04,NHF,6,6009.050883676176,6009.050883676176,35f6a6573ef9
13,42,0.04,NHF,7,11485.725660151382,11485.725660151382,35f6a6573ef9
13,42,0.04,NHF,8,10868.903646692237,10868.903646692239,35f6a6573ef9
13,42,0.04,NHF,9,12567.376153540961,12567.37615354096,35f6a6573ef9
13,42,0.04,NHF,10,4368.469459485738,4368.469459485738,35f6a6573ef9
13,42,0.04,NHF,11,5761.164433843695,5761.164433843695,35f6a6573ef9
13,42,0.04,NHF,12,4904.229035354147,4904.229035354147,35f6a6573ef9
13,42,0.04,NHF,13,12272.713828677513,12272.713828677513,35f6a6573ef9
13,42,0.04,NHF,14,6435.869617918994,6435.869617918994,35f6a6573ef9
13,42,0.04,NHF,15,9645.016684508684,9645.016684508686,35f6a6573ef9
13,42,0.04,NDY,1,10105.514838830262,10105.514838830262,35f6a6573ef9
13,42,0.04,NDY,2,10105.514838830262,9999.193041569804,35f6a6573ef9
13,42,0.04,NDY,3,10105.51483883026,9891.939075046817,35f6a6573ef9
13,42,0.04,NDY,4,10105.514838830262,9804.960510233586,35f6a6573ef9
13,42,0.04,NDY,5,10105.514838830259,9708.04687310446,35f6a6573ef9
13,42,0.04,NDY,6,10105.514838830266,9615.735607868213,35f6a6573ef9
13,42,0.04,NDY,7,10105.514838830257,9526.860528531097,35f6a6573ef9
13,42,0.04,NDY,8,10105.514838830259,9443.717176804548,35f6a6573ef9
13,42,0.04,NDY,9,10105.514838830262,9363.991000593722,35f6a6573ef9
13,42,0.04,NDY,10,10105.514838830262,9293.625600256597,35f6a6573ef9
13,42,0.04,NDY,11,10105.51483883026,9220.51344650634,35f6a6573ef9
13,42,0.04,NDY,12,10105.514838830273,9158.271215207227,35f6a6573ef9
13,42,0.04,NDY,13,10105.514838830279,9095.187434842259,35f6a6573ef9
13,42,0.04,NDY,14,10105.51483883027,9035.584320385988,35f6a6573ef9
13,42,0.04,NDY,15,10105.514838830277,8985.448826433347,35f6a6573ef9
13,42,0.04,-10%,1,15198.80986499278,15198.80986499278,35f6a6573ef9
13,42,0.04,-10%,2,13678.928878493503,13674.298435305676,35f6a6573ef9
13,42,0.04,-10%,3,12311.035990644157,12292.259421117653,35f6a6573ef9
13,42,0.04,-10%,4,11079.932391579741,11063.01511182276,35f6a6573ef9
13,42,0.04,-10%,5,9971.939152421766,9954.52147454908,35f6a6573ef9
13,42,0.04,-10%,6,8974.745237179592,8959.069329609796,35f6a6573ef9
13,42,0.04,-10%,7,8077.270713461629,8077.270714100323,35f6a6573ef9
13,42,0.04,-10%,8,7269.543642115469,7269.543643354751,35f6a6573ef9
13,42,0.04,-10%,9,7187.259734191539,6926.723863344016,35f6a6573ef9
13,42,0.04,-10%,10,6645.057183084955,7846.471969835764,35f6a6573ef9
13,42,0.04,-10%,11,7325.049473115946,7061.824769854692,35f6a6573ef9
13,42,0.04,-10%,12,10500.113315986837,9364.749299076628,35f6a6573ef9
13,42,0.04,-10%,13,9770.055896072852,9641.192244852473,35f6a6573ef9
13,42,0.04,-10%,14,8793.050306465566,8677.073019296542,35f6a6573ef9
13,42,0.04,-10%,15,7913.74527581901,7809.365715702046,35f6a6573ef9
13,42,0.04,-20%,1,18502.13189406983,18502.13189406983,35f6a6573ef9
13,42,0.04,-20%,2,14801.705515255873,14798.33004148302,35f6a6573ef9
13,42,0.04,-20%,3,11841.364412204695,11838.487260047596,35f6a6573ef9
13,42,0.04,-20%,4,9473.091529763758,9470.789806864317,35f6a6573ef9
13,42,0.04,-20%,5,7578.473223811007,7576.631845779524,35f6a6573ef9
13,42,0.04,-20%,6,6062.778579048805,6061.305475301175,35f6a6573ef9
13,42,0.04,-20%,7,8327.086431900818,8327.086431900818,35f6a6573ef9
13,42,0.04,-20%,8,8009.339789503735,7724.071360564811,35f6a6573ef9
13,42,0.04,-20%,9,9047.426387234573,9394.959493007154,35f6a6573ef9
13,42,0.04,-20%,10,7266.411487987754,7515.967594557964,35f6a6573ef9
13,42,0.04,-20%,11,8817.159459758555,8530.843359603112,35f6a6573ef9
13,42,0.04,-20%,12,8236.132965827057,8210.628282578635,35f6a6573ef9
13,42,0.04,-20%,13,9366.386467282617,9247.072806458089,35f6a6573ef9
13,42,0.04,-20%,14,7535.4098881999835,7397.658243426058,35f6a6573ef9
13,42,0.04,-20%,15,6537.43850758623,6727.530342959495,35f6a6573ef9
13,42,0.04,+/-10%,1,15201.21274120254,15201.21274120254,35f6a6573ef9
13,42,0.04,+/-10%,2,13681.09146708229,13670.29134319124,35f6a6573ef9
13,42,0.04,+/-10%,3,12312.982320374062,12295.272513900702,35f6a6573ef9
13,42,0.04,+/-10%,4,11081.684088336655,11065.239081539446,35f6a6573ef9
13,42,0.04,+/-10%,5,9973.515679502989,9958.715178631233,35f6a6573ef9
13,42,0.04,+/-10%,6,8976.16411155269,8962.843653636748,35f6a6573ef9
13,42,0.04,+/-10%,7,8078.547700397421,8078.547701542035,35f6a6573ef9
13,42,0.04,+/-10%,8,7270.69293035768,7270.692933608183,35f6a6573ef9
13,42,0.04,+/-10%,9,6668.576006620489,6920.821353700574,35f6a6573ef9
13,42,0.04,+/-10%,10,7335.433607282539,7300.603345434747,35f6a6573ef9
13,42,0.04,+/-10%,11,8068.976968010793,8030.66368467703,35f6a6573ef9
13,42,0.04,+/-10%,12,8875.874664811874,8833.730049598562,35f6a6573ef9
13,42,0.04,+/-10%,13,9763.462131293061,9669.085720934227,35f6a6573ef9
13,42,0.04,+/-10%,14,9034.022358179716,8702.177148379657,35f6a6573ef9
13,42,0.04,+/-10%,15,8130.6201223617445,7787.546922567256,35f6a6573ef9
13,42,0.04,+/-20%,1,18501.364875150266,18501.364875150266,35f6a6573ef9
13,42,0.04,+/-20%,2,14801.091900120222,14798.966496378749,35f6a6573ef9
13,42,0.04,+/-20%,3,11840.873520096176,11839.173200011728,35f6a6573ef9
13,42,0.04,+/-20%,4,9472.698816076942,9471.338558964555,35f6a6573ef9
13,42,0.04,+/-20%,5,7578.159052861553,7577.07084683105,35f6a6573ef9
13,42,0.04,+/-20%,6,6062.527242289243,6061.656678526175,35f6a6573ef9
13,42,0.04,+/-20%,7,7275.032690747091,7668.688820721785,35f6a6573ef9
13,42,0.04,+/-20%,8,8730.039228896507,8240.786214575943,35f6a6573ef9
13,42,0.04,+/-20%,9,9856.158695408283,9956.58623495789,35f6a6573ef9
13,42,0.04,+/-20%,10,7884.926956326627,7965.268989345225,35f6a6573ef9
13,42,0.04,+/-20%,11,7891.7900687383735,7449.0688367404655,35f6a6573ef9
13,42,0.04,+/-20%,12,8158.6605330893035,8423.157425871186,35f6a6573ef9
13,42,0.04,+/-20%,13,8314.33272612889,8707.988856103586,35f6a6573ef9
13,42,0.04,+/-20%,14,7811.748989605028,7415.547626278154,35f6a6573ef9
13,42,0.04,+/-20%,15,7601.499360307106,7571.830474115472,35f6a6573ef9
13,42,0.06,NHF,1,34695.22407824382,34695.22407824382,35f6a6573ef9
13,42,0.06,NHF,2,6683.325043829204,6683.325043829204,35f6a6573ef9
13,42,0.06,NHF,3,4196.096454608575,4196.096454608575,35f6a6573ef9
13,42,0.06,NHF,4,4928.355100233229,4928.355100233229,35f6a6573ef9
13,42,0.06,NHF,5,5829.8033320192935,5829.8033320192935,35f6a6573ef9
13,42,0.06,NHF,6,6009.050883676176,6009.050883676176,35f6a6573ef9
13,42,0.06,NHF,7,11485.725660151382,11485.725660151382,35f6a6573ef9
13,42,0.06,NHF,8,10868.903646692237,10868.903646692239,35f6a6573ef9
13,42,0.06,NHF,9,12567.376153540961,12567.37615354096,35f6a6573ef9
13,42,0.06,NHF,10,4368.469459485738,4368.469459485738,35f6a6573ef9
13,42,0.06,NHF,11,5761.164433843695,5761.164433843695,35f6a6573ef9
13,42,0.06,NHF,12,4904.229035354147,4904.229035354147,35f6a6573ef9
13,42,0.06,NHF,13,12272.713828677513,12272.713828677513,35f6a6573ef9
13,42,0.06,NHF,14,6435.869617918994,6435.869617918994,35f6a6573ef9
13,42,0.06,NHF,15,9645.016684508684,9645.016684508686,35f6a6573ef9
13,42,0.06,NDY,1,10010.138521153753,10010.138521153753,35f6a6573ef9
13,42,0.06,NDY,2,10010.138521153754,9907.410759248192,35f6a6573ef9
13,42,0.06,NDY,3,10010.13852115375,9809.564222736803,35f6a6573ef9
13,42,0.06,NDY,4,10010.13852115375,9712.521695867743,35f6a6573ef9
13,42,0.06,NDY,5,10010.138521153753,9601.32411845855,35f6a6573ef9
13,42,0.06,NDY,6,10010.138521153749,9511.795315679301,35f6a6573ef9
13,42,0.06,NDY,7,10010.13852115375,9402.8486120102,35f6a6573ef9
13,42,0.06,NDY,8,10010.13852115375,9324.968008845899,35f6a6573ef9
13,42,0.06,NDY,9,10010.138521153753,9257.204532579613,35f6a6573ef9
13,42,0.06,NDY,10,10010.138521153747,9183.047075234423,35f6a6573ef9
13,42,0.06,NDY,11,10010.138521153753,9121.090993962645,35f6a6573ef9
13,42,0.06,NDY,12,10010.138521153754,9051.598173246237,35f6a6573ef9
13,42,0.06,NDY,13,10010.138521153753,8994.11905522607,35f6a6573ef9
13,42,0.06,NDY,14,10010.138521153753,8919.679505165048,35f6a6573ef9
13,42,0.06,NDY,15,10010.138521153753,8848.688580134833,35f6a6573ef9
13,42,0.06,-10%,1,15157.09434336197,15157.09434336197,35f6a6573ef9
13,42,0.06,-10%,2,13641.384909025772,13629.985531710263,35f6a6573ef9
13,42,0.06,-10%,3,12277.246418123195,12255.474834366876,35f6a6573ef9
13,42,0.06,-10%,4,11049.521776310874,11014.610845784338,35f6a6573ef9
13,42,0.06,-10%,5,9944.569598679785,9913.149764037093,35f6a6573ef9
13,42,0.06,-10%,6,8950.112638811812,8921.83478666343,35f6a6573ef9
13,42,0.06,-10%,7,8055.101374930628,8048.370156146151,35f6a6573ef9
13,42,0.06,-10%,8,7249.591237437566,7243.533139675942,35f6a6573ef9
13,42,0.06,-10%,9,6524.6321136938095,6519.179826263374,35f6a6573ef9
13,42,0.06,-10%,10,8106.697285087523,8063.552455090416,35f6a6573ef9
13,42,0.06,-10%,11,7296.027556578772,8224.196390198094,35f6a6573ef9
13,42,0.06,-10%,12,9486.764287763413,8566.048623879575,35f6a6573ef9
13,42,0.06,-10%,13,9723.55824143914,9523.74308059816,35f6a6573ef9
13,42,0.06,-10%,14,8751.202417295224,8571.368771979705,35f6a6573ef9
13,42,0.06,-10%,15,7876.0821755657025,7714.231893378526,35f6a6573ef9
13,42,0.06,-20%,1,18455.417200205393,18455.417200205393,35f6a6573ef9
13,42,0.06,-20%,2,14764.33376016432,14754.261811781986,35f6a6573ef9
13,42,0.06,-20%,3,11811.46700813146,11786.546722454632,35f6a6573ef9
13,42,0.06,-20%,4,9449.173606505166,9429.237377962456,35f6a6573ef9
13,42,0.06,-20%,5,7559.338885204134,7543.389902999813,35f6a6573ef9
13,42,0.06,-20%,6,6047.471108163309,6034.711926631175,35f6a6573ef9
13,42,0.06,-20%,7,7442.701102477001,7442.701101597689,35f6a6573ef9
13,42,0.06,-20%,8,7968.145147367579,7968.145148246891,35f6a6573ef9
13,42,0.06,-20%,9,10630.108778094049,10445.424402550043,35f6a6573ef9
13,42,0.06,-20%,10,8504.08702247524,8356.33952000902,35f6a6573ef9
13,42,0.06,-20%,11,6898.585391445081,7788.92857035233,35f6a6573ef9
13,42,0.06,-20%,12,8480.3272380575,7856.288280511137,35f6a6573ef9
13,42,0.06,-20%,13,8261.60298015484,8327.73063592487,35f6a6573ef9
13,42,0.06,-20%,14,7095.7025684450455,7095.702569324358,35f6a6573ef9
13,42,0.06,-20%,15,7971.852905272048,7741.220538487625,35f6a6573ef9
13,42,0.06,+/-10%,1,15156.45005081887,15156.45005081887,35f6a6573ef9
13,42,0.06,+/-10%,2,13640.805045736986,13626.159166027632,35f6a6573ef9
13,42,0.06,+/-10%,3,12276.724541163288,12257.159217854358,35f6a6573ef9
13,42,0.06,+/-10%,4,11049.05208704696,11023.056194691637,35f6a6573ef9
13,42,0.06,+/-10%,5,9944.14687834226,9920.750579405913,35f6a6573ef9
13,42,0.06,+/-10%,6,8949.732190508039,8928.675525871955,35f6a6573ef9
13,42,0.06,+/-10%,7,8054.758971457232,8046.11072729026,35f6a6573ef9
13,42,0.06,+/-10%,8,7249.283074311512,7241.499652282477,35f6a6573ef9
13,42,0.06,+/-10%,9,6747.348636842759,6844.708416533938,35f6a6573ef9
13,42,0.06,+/-10%,10,7422.083500527035,7529.179254875884,35f6a6573ef9
13,42,0.06,+/-10%,11,8164.291850579739,8326.743066038245,35f6a6573ef9
13,42,0.06,+/-10%,12,8980.721035637715,8677.092616481947,35f6a6573ef9
13,42,0.06,+/-10%,13,9826.133301606655,9560.679843551654,35f6a6573ef9
13,42,0.06,+/-10%,14,8843.519971445989,8604.611857412736,35f6a6573ef9
13,42,0.06,+/-10%,15,7959.16797430139,7744.150670991273,35f6a6573ef9
13,42,0.06,+/-20%,1,18460.565689523213,18460.565689523213,35f6a6573ef9
13,42,0.06,+/-20%,2,14768.45255161858,14749.046550333516,35f6a6573ef9
13,42,0.06,+/-20%,3,11814.762041294865,11789.28227510199,35f6a6573ef9
13,42,0.06,+/-20%,4,9451.809633035893,9431.42582051264,35f6a6573ef9
13,42,0.06,+/-20%,5,7561.447706428713,7545.140653683302,35f6a6573ef9
13,42,0.06,+/-20%,6,6049.1581651429715,6036.112526311175,35f6a6573ef9
13,42,0.06,+/-20%,7,7258.989798171565,7258.989797363738,35f6a6573ef9
13,42,0.06,+/-20%,8,8575.406559093688,8596.00493558384,35f6a6573ef9
13,42,0.06,+/-20%,9,10290.487870912422,10197.559199092733,35f6a6573ef9
13,42,0.06,+/-20%,10,8232.39029672994,8158.047361636994,35f6a6573ef9
13,42,0.06,+/-20%,11,7196.366499681767,7602.306122317544,35f6a6573ef9
13,42,0.06,+/-20%,12,8237.544238201479,7800.693907525934,35f6a6573ef9
13,42,0.06,+/-20%,13,8220.21925537959,8388.245031437244,35f6a6573ef9
13,42,0.06,+/-20%,14,7458.903525141895,7479.501900324127,35f6a6573ef9
13,42,0.06,+/-20%,15,8175.351016529604,7491.9848425731325,35f6a6573ef9
13,1042,0.0,NHF,1,3887.17230931,3887.17230931,35f6a6573ef9
13,1042,0.0,NHF,2,908.150129385,1196.7575386666665,35f6a6573ef9
13,1042,0.0,NHF,3,8230.334036605966,32.215839499999994,35f6a6573ef9
13,1042,0.0,NHF,4,6243.56553575,9140.528257173733,35f6a6573ef9
13,1042,0.0,NHF,5,23980.666279532546,16006.644254382742,35f6a6573ef9
13,1042,0.0,NHF,6,9194.329939014013,6672.390808294569,35f6a6573ef9
13,1042,0.0,NHF,7,18086.433191641707,10067.957495819106,35f6a6573ef9
13,1042,0.0,NHF,8,10862.68205131951,11471.625519902296,35f6a6573ef9
13,1042,0.0,NHF,9,5283.085051600803,6934.157788042547,35f6a6573ef9
13,1042,0.0,NHF,10,998.16858912,8904.72019271131,35f6a6573ef9
13,1042,0.0,NHF,11,189.26546811,9136.084938988675,35f6a6573ef9
13,1042,0.0,NHF,12,1663.6519749075,10996.41862788851,35f6a6573ef9
13,1042,0.0,NHF,13,1832.671885965,9880.457038475079,35f6a6573ef9
13,1042,0.0,NHF,14,7337.459285029545,9102.95328176765,35f6a6573ef9
13,1042,0.0,NHF,15,72720.40971372042,10707.062251757076,35f6a6573ef9
13,1042,0.0,NDY,1,2124.55981592,2124.55981592,35f6a6573ef9
13,1042,0.0,NDY,2,8911.241565965369,6873.3949987945625,35f6a6573ef9
13,1042,0.0,NDY,3,10786.898577680015,8929.929002029232,35f6a6573ef9
13,1042,0.0,NDY,4,10786.898577680022,9185.447697587757,35f6a6573ef9
13,1042,0.0,NDY,5,10786.89857768002,10515.359191354546,35f6a6573ef9
13,1042,0.0,NDY,6,10786.89857768002,10326.13535386942,35f6a6573ef9
13,1042,0.0,NDY,7,10786.898577680022,10179.26367166828,35f6a6573ef9
13,1042,0.0,NDY,8,10786.898577680024,10104.368455171503,35f6a6573ef9
13,1042,0.0,NDY,9,10786.898577680018,9978.358259019971,35f6a6573ef9
13,1042,0.0,NDY,10,10786.898577680016,9726.923085126386,35f6a6573ef9
13,1042,0.0,NDY,11,10786.898577680015,9597.27817584515,35f6a6573ef9
13,1042,0.0,NDY,12,10786.898577680016,9039.953181974292,35f6a6573ef9
13,1042,0.0,NDY,13,10786.898577680015,8834.818570784046,35f6a6573ef9
13,1042,0.0,NDY,14,10786.898577680015,8656.760961766926,35f6a6573ef9
13,1042,0.0,NDY,15,10786.898577680011,7813.7286545417555,35f6a6573ef9
13,1042,0.0,-10%,1,4358.65715981151,4358.65715981151,35f6a6573ef9
13,1042,0.0,-10%,2,3922.791443830354,3922.7914336050003,35f6a6573ef9
13,1042,0.0,-10%,3,4132.067621638941,4466.140213455154,35f6a6573ef9
13,1042,0.0,-10%,4,13660.685032859317,13835.934709636897,35f6a6573ef9
13,1042,0.0,-10%,5,12294.616529573384,13338.398747955784,35f6a6573ef9
13,1042,0.0,-10%,6,11065.154876616047,10153.95718023401,35f6a6573ef9
13,1042,0.0,-10%,7,9958.63938895444,9874.940523895979,35f6a6573ef9
13,1042,0.0,-10%,8,8962.775450059,10390.274892056765,35f6a6573ef9
13,1042,0.0,-10%,9,8319.816369643095,11657.468589308493,35f6a6573ef9
13,1042,0.0,-10%,10,8770.554017686387,9636.913791378807,35f6a6573ef9
13,1042,0.0,-10%,11,16134.381822006024,9500.841940874401,35f6a6573ef9
13,1042,0.0,-10%,12,14796.843042085067,8563.941519363729,35f6a6573ef9
13,1042,0.0,-10%,13,13317.158737876558,7707.547363829938,35f6a6573ef9
13,1042,0.0,-10%,14,11985.442864088904,6085.6523127475,35f6a6573ef9
13,1042,0.0,-10%,15,10786.898577680013,5595.3384736225,35f6a6573ef9
13,1042,0.0,-20%,1,5207.28123221,5207.28123221,35f6a6573ef9
13,1042,0.0,-20%,2,4165.824985768,3056.686343685,35f6a6573ef9
13,1042,0.0,-20%,3,3332.6599886144004,6643.802395105,35f6a6573ef9
13,1042,0.0,-20%,4,11845.40790227795,9762.86644112,35f6a6573ef9
13,1042,0.0,-20%,5,14721.034644417112,15605.219698715584,35f6a6573ef9
13,1042,0.0,-20%,6,11776.827715533687,11486.491543137297,35f6a6573ef9
13,1042,0.0,-20%,7,9421.46217242695,8322.345088109863,35f6a6573ef9
13,1042,0.0,-20%,8,7537.169737941558,9028.664407905864,35f6a6573ef9
13,1042,0.0,-20%,9,9137.772431326159,9827.142324281158,35f6a6573ef9
13,1042,0.0,-20%,10,8834.425090099616,8421.447153800824,35f6a6573ef9
13,1042,0.0,-20%,11,10677.70823696506,12302.853483368228,35f6a6573ef9
13,1042,0.0,-20%,12,15021.342485876517,10021.4147073577,35f6a6573ef9
13,1042,0.0,-20%,13,16854.529027625016,8017.131764149938,35f6a6573ef9
13,1042,0.0,-20%,14,13483.623222100015,8198.438690991528,35f6a6573ef9
13,1042,0.0,-20%,15,10786.898577680013,6101.537097210199,35f6a6573ef9
13,1042,0.0,+/-10%,1,6148.0825719528975,6148.0825719528975,35f6a6573ef9
13,1042,0.0,+/-10%,2,6762.8908291481885,6903.218997476438,35f6a6573ef9
13,1042,0.0,+/-10%,3,7439.179912063013,8285.23398371798,35f6a6573ef9
13,1042,0.0,+/-10%,4,8183.097903269318,9102.18269518293,35f6a6573ef9
13,1042,0.0,+/-10%,5,9001.407693596244,11159.735529362884,35f6a6573ef9
13,1042,0.0,+/-10%,6,9901.548462955872,9705.396329408964,35f6a6573ef9
13,1042,0.0,+/-10%,7,9775.091973828394,9325.92684266257,35f6a6573ef9
13,1042,0.0,+/-10%,8,9841.729871983964,9501.19351232096,35f6a6573ef9
13,1042,0.0,+/-10%,9,10825.902859182355,9815.573615410056,35f6a6573ef9
13,1042,0.0,+/-10%,10,11908.493145100594,10744.43375164774,35f6a6573ef9
13,1042,0.0,+/-10%,11,13099.34245961066,9809.713521875652,35f6a6573ef9
13,1042,0.0,+/-10%,12,14409.276705571723,9123.879463808687,35f6a6573ef9
13,1042,0.0,+/-10%,13,13317.158737876562,8673.550389199938,35f6a6573ef9
13,1042,0.0,+/-10%,14,11985.442864088895,7888.538736111965,35f6a6573ef9
13,1042,0.0,+/-10%,15,10786.898577680015,7890.254170808784,35f6a6573ef9
13,1042,0.0,+/-20%,1,5161.767588171153,5161.767588171153,35f6a6573ef9
13,1042,0.0,+/-20%,2,6194.121105805384,6551.632655155413,35f6a6573ef9
13,1042,0.0,+/-20%,3,7432.945326966461,7999.097677928321,35f6a6573ef9
13,1042,0.0,+/-20%,4,8919.534392359752,9202.461936347994,35f6a6573ef9
13,1042,0.0,+/-20%,5,10703.4412708317,12132.416876582034,35f6a6573ef9
13,1042,0.0,+/-20%,6,11776.827715533687,9367.144207743744,35f6a6573ef9
13,1042,0.0,+/-20%,7,9421.46217242695,9455.60994731066,35f6a6573ef9
13,1042,0.0,+/-20%,8,8106.985929418232,9370.883242596688,35f6a6573ef9
13,1042,0.0,+/-20%,9,9013.119723084388,10803.146545819378,35f6a6573ef9
13,1042,0.0,+/-20%,10,9802.783500284519,9735.252135437586,35f6a6573ef9
13,1042,0.0,+/-20%,11,11763.340200341423,9680.522286541931,35f6a6573ef9
13,1042,0.0,+/-20%,12,14116.008240409737,9750.332096727456,35f6a6573ef9
13,1042,0.0,+/-20%,13,16854.52902762501,9231.169345509938,35f6a6573ef9
13,1042,0.0,+/-20%,14,13483.623222099977,7221.732224230111,35f6a6573ef9
13,1042,0.0,+/-20%,15,10786.898577680013,8025.408361405978,35f6a6573ef9
13,1042,0.02,NHF,1,31903.001897392372,31903.001897392372,35f6a6573ef9
13,1042,0.02,NHF,2,3172.589806239344,3774.6331800330963,35f6a6573ef9
13,1042,0.02,NHF,3,6219.060234870034,5123.6879149622155,35f6a6573ef9
13,1042,0.02,NHF,4,3493.937775814854,6382.049871078505,35f6a6573ef9
13,1042,0.02,NHF,5,13634.571819932347,10811.153507456978,35f6a6573ef9
13,1042,0.02,NHF,6,5973.316974898627,5973.316974898627,35f6a6573ef9
13,1042,0.02,NHF,7,11784.401996176217,11784.401996176217,35f6a6573ef9
13,1042,0.02,NHF,8,10221.50660692863,10221.506606928631,35f6a6573ef9
13,1042,0.02,NHF,9,11182.238915991042,10677.120390537195,35f6a6573ef9
13,1042,0.02,NHF,10,2744.8762018567404,3582.631072137475,35f6a6573ef9
13,1042,0.02,NHF,11,4188.911547157286,7444.964027046015,35f6a6573ef9
13,1042,0.02,NHF,12,5075.100895062766,4144.678330015174,35f6a6573ef9
13,1042,0.02,NHF,13,13702.49654816719,14504.540778614126,35f6a6573ef9
13,1042,0.02,NHF,14,9192.805408963359,4782.454374387799,35f6a6573ef9
13,1042,0.02,NHF,15,12142.0765926627,9766.623333300618,35f6a6573ef9
13,1042,0.02,NDY,1,10023.993460108639,10023.993460108639,35f6a6573ef9
13,1042,0.02,NDY,2,10023.993460108635,9932.324100722308,35f6a6573ef9
13,1042,0.02,NDY,3,10023.993460108637,9849.078900954757,35f6a6573ef9
13,1042,0.02,NDY,4,10023.993460108637,9771.63739602022,35f6a6573ef9
13,1042,0.02,NDY,5,10023.993460108633,9694.988827193129,35f6a6573ef9
13,1042,0.02,NDY,6,10023.993460108637,9620.283866907424,35f6a6573ef9
13,1042,0.02,NDY,7,10023.993460108635,9554.046688560607,35f6a6573ef9
13,1042,0.02,NDY,8,10023.993460108633,9494.299662368605,35f6a6573ef9
13,1042,0.02,NDY,9,10023.993460108635,9428.144451643202,35f6a6573ef9
13,1042,0.02,NDY,10,10023.993460108633,9363.616512636132,35f6a6573ef9
13,1042,0.02,NDY,11,10023.993460108637,9302.367481493413,35f6a6573ef9
13,1042,0.02,NDY,12,10023.993460108633,9250.327410839764,35f6a6573ef9
13,1042,0.02,NDY,13,10023.993460108633,9193.796439520915,35f6a6573ef9
13,1042,0.02,NDY,14,10023.993460108635,9152.458704321645,35f6a6573ef9
13,1042,0.02,NDY,15,10023.993460108635,9109.05950621668,35f6a6573ef9
13,1042,0.02,-10%,1,14726.926292607688,14726.926292607688,35f6a6573ef9
13,1042,0.02,-10%,2,13254.233663346919,13247.23560433385,35f6a6573ef9
13,1042,0.02,-10%,3,11928.810297012227,11906.890117764782,35f6a6573ef9
13,1042,0.02,-10%,4,10735.929267311005,10694.000679092578,35f6a6573ef9
13,1042,0.02,-10%,5,9662.336340579905,9606.460585148187,35f6a6573ef9
13,1042,0.02,-10%,6,8696.102706521913,8645.814530142541,35f6a6573ef9
13,1042,0.02,-10%,7,9020.346193737363,9020.346196445855,35f6a6573ef9
13,1042,0.02,-10%,8,8118.311574363628,8183.993917456515,35f6a6573ef9
13,1042,0.02,-10%,9,7306.480416927267,7365.594524315991,35f6a6573ef9
13,1042,0.02,-10%,10,6865.579918995345,7531.763489973495,35f6a6573ef9
13,1042,0.02,-10%,11,8051.818556696821,8024.386079940423,35f6a6573ef9
13,1042,0.02,-10%,12,8955.911762353795,7221.947474926744,35f6a6573ef9
13,1042,0.02,-10%,13,9036.645156262475,9589.647919845247,35f6a6573ef9
13,1042,0.02,-10%,14,8132.980640636227,8630.683125235097,35f6a6573ef9
13,1042,0.02,-10%,15,8536.054902366966,7821.409613509308,35f6a6573ef9
13,1042,0.02,-20%,1,17898.19230199157,17898.19230199157,35f6a6573ef9
13,1042,0.02,-20%,2,14318.553841593255,14008.356148124964,35f6a6573ef9
13,1042,0.02,-20%,3,11454.843073274606,10723.246733229416,35f6a6573ef9
13,1042,0.02,-20%,4,9163.87445861968,8997.143777266743,35f6a6573ef9
13,1042,0.02,-20%,5,7331.099566895746,8296.731222531576,35f6a6573ef9
13,1042,0.02,-20%,6,5973.316974898627,6637.384976086128,35f6a6573ef9
13,1042,0.02,-20%,7,9661.503865248022,9661.50386524802,35f6a6573ef9
13,1042,0.02,-20%,8,9350.068178954105,9350.068178954105,35f6a6573ef9
13,1042,0.02,-20%,9,7480.0545431632845,7480.05454192604,35f6a6573ef9
13,1042,0.02,-20%,10,8250.097591557927,7960.111039215718,35f6a6573ef9
13,1042,0.02,-20%,11,7723.518457666263,7867.559138423585,35f6a6573ef9
13,1042,0.02,-20%,12,7726.10743210408,6294.047311147164,35f6a6573ef9
13,1042,0.02,-20%,13,9072.445950165513,10025.086274860205,35f6a6573ef9
13,1042,0.02,-20%,14,7257.95676013241,8020.069020980466,35f6a6573ef9
13,1042,0.02,-20%,15,9609.90940932702,8204.906173061687,35f6a6573ef9
13,1042,0.02,+/-10%,1,14726.622854801804,14726.622854801804,35f6a6573ef9
13,1042,0.02,+/-10%,2,13253.960569321624,13245.777922041552,35f6a6573ef9
13,1042,0.02,+/-10%,3,11928.564512389463,11911.219987435366,35f6a6573ef9
13,1042,0.02,+/-10%,4,10735.708061150517,10712.180305822048,35f6a6573ef9
13,1042,0.02,+/-10%,5,9662.137255035464,9627.081540288644,35f6a6573ef9
13,1042,0.02,+/-10%,6,8695.923529531918,8664.373384830555,35f6a6573ef9
13,1042,0.02,+/-10%,7,9016.498608258908,9016.498608117803,35f6a6573ef9
13,1042,0.02,+/-10%,8,8114.848747433016,8115.914128535729,35f6a6573ef9
13,1042,0.02,+/-10%,9,7303.363872689715,7304.322713981916,35f6a6573ef9
13,1042,0.02,+/-10%,10,7118.652080184549,7724.493234497057,35f6a6573ef9
13,1042,0.02,+/-10%,11,7830.517288203006,7411.245572207012,35f6a6573ef9
13,1042,0.02,+/-10%,12,8613.569017023307,8049.470415590904,35f6a6573ef9
13,1042,0.02,+/-10%,13,9227.577176322491,9445.899996225342,35f6a6573ef9
13,1042,0.02,+/-10%,14,8304.81945869024,8501.309998066961,35f6a6573ef9
13,1042,0.02,+/-10%,15,8513.205728519171,7807.929278101319,35f6a6573ef9
13,1042,0.02,+/-20%,1,17718.860918101313,17718.860918101313,35f6a6573ef9
13,1042,0.02,+/-20%,2,14175.088734481053,13901.72532960769,35f6a6573ef9
13,1042,0.02,+/-20%,3,11340.070987584844,10763.997312825084,35f6a6573ef9
13,1042,0.02,+/-20%,4,9072.056790067872,8773.567919274157,35f6a6573ef9
13,1042,0.02,+/-20%,5,7257.645432054298,8682.286599316558,35f6a6573ef9
13,1042,0.02,+/-20%,6,7157.885875800817,7157.885876858542,35f6a6573ef9
13,1042,0.02,+/-20%,7,8589.463050960981,8589.463053363643,35f6a6573ef9
13,1042,0.02,+/-20%,8,10307.35566115318,10307.355657238273,35f6a6573ef9
13,1042,0.02,+/-20%,9,8245.884528922543,8245.884524919105,35f6a6573ef9
13,1042,0.02,+/-20%,10,6902.706516951446,6596.707620921621,35f6a6573ef9
13,1042,0.02,+/-20%,11,7976.138554617336,7116.211212379035,35f6a6573ef9
13,1042,0.02,+/-20%,12,7892.459184620915,7387.97382187853,35f6a6573ef9
13,1042,0.02,+/-20%,13,8662.75003153545,10261.626685842639,35f6a6573ef9
13,1042,0.02,+/-20%,14,7769.189091692487,8209.30134543817,35f6a6573ef9
13,1042,0.02,+/-20%,15,9323.026910030987,7887.655775840536,35f6a6573ef9
13,1042,0.04,NHF,1,36008.92762890187,36008.92762890187,35f6a6573ef9
13,1042,0.04,NHF,2,4061.3937774286865,4061.3937774286865,35f6a6573ef9
13,1042,0.04,NHF,3,5013.673400550166,5013.673400550166,35f6a6573ef9
13,1042,0.04,NHF,4,4453.838919021533,4453.838919021533,35f6a6573ef9
13,1042,0.04,NHF,5,4404.683097433662,4404.683097433662,35f6a6573ef9
13,1042,0.04,NHF,6,5973.316974898627,5973.316974898627,35f6a6573ef9
13,1042,0.04,NHF,7,12366.155223669977,12366.155223669979,35f6a6573ef9
13,1042,0.04,NHF,8,11116.628306737082,11116.628306737082,35f6a6573ef9
13,1042,0.04,NHF,9,13615.072651650591,13615.072651650591,35f6a6573ef9
13,1042,0.04,NHF,10,5063.442588955284,5063.442588955284,35f6a6573ef9
13,1042,0.04,NHF,11,4700.611101143149,4700.611101143149,35f6a6573ef9
13,1042,0.04,NHF,12,3982.3598675850862,3982.3598675850862,35f6a6573ef9
13,1042,0.04,NHF,13,12097.326689207419,12097.326689207419,35f6a6573ef9
13,1042,0.04,NHF,14,4944.283617818002,4944.283617818002,35f6a6573ef9
13,1042,0.04,NHF,15,10950.074899886513,10950.074899886513,35f6a6573ef9
13,1042,0.04,NDY,1,9962.92706653957,9962.92706653957,35f6a6573ef9
13,1042,0.04,NDY,2,9962.92706653957,9860.141975243254,35f6a6573ef9
13,1042,0.04,NDY,3,9962.92706653957,9760.841041636986,35f6a6573ef9
13,1042,0.04,NDY,4,9962.927066539572,9669.146456304954,35f6a6573ef9
13,1042,0.04,NDY,5,9962.927066539569,9574.95353393374,35f6a6573ef9
13,1042,0.04,NDY,6,9962.92706653957,9483.253511291883,35f6a6573ef9
13,1042,0.04,NDY,7,9962.92706653957,9402.609241221937,35f6a6573ef9
13,1042,0.04,NDY,8,9962.92706653957,9332.770420384912,35f6a6573ef9
13,1042,0.04,NDY,9,9962.927066539574,9259.87389451655,35f6a6573ef9
13,1042,0.04,NDY,10,9962.92706653957,9180.293099558488,35f6a6573ef9
13,1042,0.04,NDY,11,9962.927066539569,9103.123429624404,35f6a6573ef9
13,1042,0.04,NDY,12,9962.927066539569,9036.238842763594,35f6a6573ef9
13,1042,0.04,NDY,13,9962.927066539576,8972.596276755794,35f6a6573ef9
13,1042,0.04,NDY,14,9962.927066539567,8912.817810826771,35f6a6573ef9
13,1042,0.04,NDY,15,9962.92706653957,8863.231959996978,35f6a6573ef9
13,1042,0.04,-10%,1,14731.64508315616,14731.64508315616,35f6a6573ef9
13,1042,0.04,-10%,2,13258.480574840543,13253.58586842791,35f6a6573ef9
13,1042,0.04,-10%,3,11932.632517356491,11925.712493186087,35f6a6573ef9
13,1042,0.04,-10%,4,10739.369265620842,10727.126018952638,35f6a6573ef9
13,1042,0.04,-10%,5,9665.43233905876,9653.078543567912,35f6a6573ef9
13,1042,0.04,-10%,6,8698.88910515288,8687.770689606841,35f6a6573ef9
13,1042,0.04,-10%,7,8385.483873587202,8385.483873587202,35f6a6573ef9
13,1042,0.04,-10%,8,7546.935486228482,7619.9759994724345,35f6a6573ef9
13,1042,0.04,-10%,9,7917.195837932899,7723.8336823207965,35f6a6573ef9
13,1042,0.04,-10%,10,8540.623793259796,8624.236589349803,35f6a6573ef9
13,1042,0.04,-10%,11,8139.255174507173,8330.101847849548,35f6a6573ef9
13,1042,0.04,-10%,12,7325.329657056456,7497.09166035592,35f6a6573ef9
13,1042,0.04,-10%,13,9007.035560830445,8804.300920128815,35f6a6573ef9
13,1042,0.04,-10%,14,8106.3320047474,7923.870828478413,35f6a6573ef9
13,1042,0.04,-10%,15,7520.4393868122825,7327.077229049624,35f6a6573ef9
13,1042,0.04,-20%,1,17939.730615279477,17939.730615279477,35f6a6573ef9
13,1042,0.04,-20%,2,14351.784492223584,14350.858972217762,35f6a6573ef9
13,1042,0.04,-20%,3,11481.427593778866,11478.077442600415,35f6a6573ef9
13,1042,0.04,-20%,4,9185.142075023094,9182.461952291706,35f6a6573ef9
13,1042,0.04,-20%,5,7348.113660018474,7345.969561359803,35f6a6573ef9
13,1042,0.04,-20%,6,5973.316974898627,5973.316974898627,35f6a6573ef9
13,1042,0.04,-20%,7,8892.726022873389,8892.726024268279,35f6a6573ef9
13,1042,0.04,-20%,8,7898.731724123403,8069.255913029727,35f6a6573ef9
13,1042,0.04,-20%,9,9737.31647903136,9566.792288730148,35f6a6573ef9
13,1042,0.04,-20%,10,9045.489541877447,8928.985443639633,35f6a6573ef9
13,1042,0.04,-20%,11,8294.458185580268,8351.801020084844,35f6a6573ef9
13,1042,0.04,-20%,12,6635.566548464213,6681.440817651849,35f6a6573ef9
13,1042,0.04,-20%,13,8428.651491212768,8520.457598921184,35f6a6573ef9
13,1042,0.04,-20%,14,6742.921192970215,6816.366075881754,35f6a6573ef9
13,1042,0.04,-20%,15,7278.7718593524105,7108.247669051198,35f6a6573ef9
13,1042,0.04,+/-10%,1,14730.5352078682,14730.5352078682,35f6a6573ef9
13,1042,0.04,+/-10%,2,13257.481687081383,13252.15946485197,35f6a6573ef9
13,1042,0.04,+/-10%,3,11931.733518373245,11921.238483395318,35f6a6573ef9
13,1042,0.04,+/-10%,4,10738.560166535919,10726.318101921644,35f6a6573ef9
13,1042,0.04,+/-10%,5,9664.704149882327,9653.686294107238,35f6a6573ef9
13,1042,0.04,+/-10%,6,8698.233734894093,8688.317668327007,35f6a6573ef9
13,1042,0.04,+/-10%,7,8385.483873587202,8385.483873587202,35f6a6573ef9
13,1042,0.04,+/-10%,8,7546.935486228482,7599.158183764498,35f6a6573ef9
13,1042,0.04,+/-10%,9,8080.206327821636,8010.783398934574,35f6a6573ef9
13,1042,0.04,+/-10%,10,8376.101669143745,8127.859983031975,35f6a6573ef9
13,1042,0.04,+/-10%,11,7823.70144744445,8417.848683491182,35f6a6573ef9
13,1042,0.04,+/-10%,12,7990.0493740033335,7869.284309315323,35f6a6573ef9
13,1042,0.04,+/-10%,13,8789.054311403666,8656.212742754875,35f6a6573ef9
13,1042,0.04,+/-10%,14,7910.148880263299,7790.591467361016,35f6a6573ef9
13,1042,0.04,+/-10%,15,7684.394924207,7591.301806219217,35f6a6573ef9
13,1042,0.04,+/-20%,1,17932.15468627385,17932.15468627385,35f6a6573ef9
13,1042,0.04,+/-20%,2,14345.723749019076,14291.103118997857,35f6a6573ef9
13,1042,0.04,+/-20%,3,11476.578999215262,11423.643539425266,35f6a6573ef9
13,1042,0.04,+/-20%,4,9181.263199372208,9095.84418352962,35f6a6573ef9
13,1042,0.04,+/-20%,5,7345.010559497766,7276.675349660355,35f6a6573ef9
13,1042,0.04,+/-20%,6,5973.316974898627,6356.697445181531,35f6a6573ef9
13,1042,0.04,+/-20%,7,7167.980369878353,7989.424749449416,35f6a6573ef9
13,1042,0.04,+/-20%,8,8601.576443854023,8706.832367167592,35f6a6573ef9
13,1042,0.04,+/-20%,9,10321.891732624834,10448.19884348769,35f6a6573ef9
13,1042,0.04,+/-20%,10,10406.339609337689,9166.703513632992,35f6a6573ef9
13,1042,0.04,+/-20%,11,8325.071687470152,7333.362807438876,35f6a6573ef9
13,1042,0.04,+/-20%,12,6660.057349976122,6660.261600680633,35f6a6573ef9
13,1042,0.04,+/-20%,13,7081.843696686928,8272.350863955955,35f6a6573ef9
13,1042,0.04,+/-20%,14,6983.206479374031,6617.880693871831,35f6a6573ef9
13,1042,0.04,+/-20%,15,8379.847775248836,8024.309613179388,35f6a6573ef9
13,1042,0.06,NHF,1,36008.92762890187,36008.92762890187,35f6a6573ef9
13,1042,0.06,NHF,2,4061.3937774286865,4061.3937774286865,35f6a6573ef9
13,1042,0.06,NHF,3,5013.673400550166,5013.673400550166,35f6a6573ef9
13,1042,0.06,NHF,4,4453.838919021533,4453.838919021533,35f6a6573ef9
13,1042,0.06,NHF,5,4404.683097433662,4404.683097433662,35f6a6573ef9
13,1042,0.06,NHF,6,5973.316974898627,5973.316974898627,35f6a6573ef9
13,1042,0.06,NHF,7,12366.155223669977,12366.155223669979,35f6a6573ef9
13,1042,0.06,NHF,8,11116.628306737082,11116.628306737082,35f6a6573ef9
13,1042,0.06,NHF,9,13615.072651650591,13615.072651650591,35f6a6573ef9
13,1042,0.06,NHF,10,5063.442588955284,5063.442588955284,35f6a6573ef9
13,1042,0.06,NHF,11,4700.611101143149,4700.611101143149,35f6a6573ef9
13,1042,0.06,NHF,12,3982.3598675850862,3982.3598675850862,35f6a6573ef9
13,1042,0.06,NHF,13,12097.326689207419,12097.326689207419,35f6a6573ef9
13,1042,0.06,NHF,14,4944.283617818002,4944.283617818002,35f6a6573ef9
13,1042,0.06,NHF,15,10950.074899886513,10950.074899886513,35f6a6573ef9
13,1042,0.06,NDY,1,9862.218812304485,9862.218812304485,35f6a6573ef9
13,1042,0.06,NDY,2,9862.218812304485,9728.051380308867,35f6a6573ef9
13,1042,0.06,NDY,3,9862.218812304485,9623.175551955688,35f6a6573ef9
13,1042,0.06,NDY,4,9862.218812304485,9537.10286609937,35f6a6573ef9
13,1042,0.06,NDY,5,9862.218812304489,9442.953589634224,35f6a6573ef9
13,1042,0.06,NDY,6,9862.218812304487,9350.871691145496,35f6a6573ef9
13,1042,0.06,NDY,7,9862.218812304487,9255.812539500377,35f6a6573ef9
13,1042,0.06,NDY,8,9862.218812304485,9166.226370057064,35f6a6573ef9
13,1042,0.06,NDY,9,9862.21881230449,9102.942447727815,35f6a6573ef9
13,1042,0.06,NDY,10,9862.218812304489,9036.591483705075,35f6a6573ef9
13,1042,0.06,NDY,11,9862.218812304487,8982.428228463565,35f6a6573ef9
13,1042,0.06,NDY,12,9862.218812304485,8916.293974147704,35f6a6573ef9
13,1042,0.06,NDY,13,9862.218812304487,8860.20084957261,35f6a6573ef9
13,1042,0.06,NDY,14,9862.218812304483,8785.911981546047,35f6a6573ef9
13,1042,0.06,NDY,15,9862.21881230447,8728.376583511856,35f6a6573ef9
13,1042,0.06,-10%,1,14694.170783065201,14694.170783065201,35f6a6573ef9
13,1042,0.06,-10%,2,13224.753704758683,13207.106416986946,35f6a6573ef9
13,1042,0.06,-10%,3,11902.278334282815,11858.098256684754,35f6a6573ef9
13,1042,0.06,-10%,4,10712.050500854535,10670.537824561949,35f6a6573ef9
13,1042,0.06,-10%,5,9640.84545076908,9603.484040014773,35f6a6573ef9
13,1042,0.06,-10%,6,8676.760905692172,8643.135636014944,35f6a6573ef9
13,1042,0.06,-10%,7,7851.793209241419,7851.7932092682895,35f6a6573ef9
13,1042,0.06,-10%,8,7999.709263593633,7999.709263566763,35f6a6573ef9
13,1042,0.06,-10%,9,8032.792096525096,7959.154212697013,35f6a6573ef9
13,1042,0.06,-10%,10,8970.750180416351,8733.855518156799,35f6a6573ef9
13,1042,0.06,-10%,11,8073.675162374718,8574.494966426633,35f6a6573ef9
13,1042,0.06,-10%,12,7266.307646137244,7717.045470341905,35f6a6573ef9
13,1042,0.06,-10%,13,8612.34511956413,8199.449356166824,35f6a6573ef9
13,1042,0.06,-10%,14,7751.110607607717,7379.504422100248,35f6a6573ef9
13,1042,0.06,-10%,15,7722.632357537877,7648.994473709794,35f6a6573ef9
13,1042,0.06,-20%,1,17895.222326028095,17895.222326028095,35f6a6573ef9
13,1042,0.06,-20%,2,14316.177860822481,14293.36298298913,35f6a6573ef9
13,1042,0.06,-20%,3,11452.942288657981,11401.718776549531,35f6a6573ef9
13,1042,0.06,-20%,4,9162.353830926384,9111.297781362115,35f6a6573ef9
13,1042,0.06,-20%,5,7329.883064741106,7289.03822768581,35f6a6573ef9
13,1042,0.06,-20%,6,5973.316974898627,5973.316974898627,35f6a6573ef9
13,1042,0.06,-20%,7,8368.895212552856,8368.895214287812,35f6a6573ef9
13,1042,0.06,-20%,8,8269.812172650632,8269.812170915677,35f6a6573ef9
13,1042,0.06,-20%,9,10620.656873614289,9880.24774385838,35f6a6573ef9
13,1042,0.06,-20%,10,8496.52549889143,9765.722207547324,35f6a6573ef9
13,1042,0.06,-20%,11,8294.117428326255,8088.960742426018,35f6a6573ef9
13,1042,0.06,-20%,12,6635.293942661002,6471.168596166046,35f6a6573ef9
13,1042,0.06,-20%,13,8069.719298268744,7958.798733431099,35f6a6573ef9
13,1042,0.06,-20%,14,6455.7754386149945,6367.038984489019,35f6a6573ef9
13,1042,0.06,-20%,15,7999.929144050763,7360.1791794557685,35f6a6573ef9
13,1042,0.06,+/-10%,1,14694.223402675067,14694.223402675067,35f6a6573ef9
13,1042,0.06,+/-10%,2,13224.801062407563,13205.208588139722,35f6a6573ef9
13,1042,0.06,+/-10%,3,11902.320956166808,11856.528056428793,35f6a6573ef9
13,1042,0.06,+/-10%,4,10712.088860550126,10667.106400864946,35f6a6573ef9
13,1042,0.06,+/-10%,5,9640.87997449511,9600.39576681065,35f6a6573ef9
13,1042,0.06,+/-10%,6,8676.7919770456,8640.35617582046,35f6a6573ef9
13,1042,0.06,+/-10%,7,7851.83036875074,7851.830370225396,35f6a6573ef9
13,1042,0.06,+/-10%,8,7999.672104084315,7845.513616243385,35f6a6573ef9
13,1042,0.06,+/-10%,9,8032.792096525096,8110.725879313752,35f6a6573ef9
13,1042,0.06,+/-10%,10,8836.071306177606,8910.700293701853,35f6a6573ef9
13,1042,0.06,+/-10%,11,8180.751850537772,8482.780249856705,35f6a6573ef9
13,1042,0.06,+/-10%,12,7362.676665483993,7634.502231116313,35f6a6573ef9
13,1042,0.06,+/-10%,13,8098.9443320323935,8127.557954421129,35f6a6573ef9
13,1042,0.06,+/-10%,14,8341.480155965513,7314.8021556672265,35f6a6573ef9
13,1042,0.06,+/-10%,15,7722.632357537877,7800.566140326532,35f6a6573ef9
13,1042,0.06,+/-20%,1,17892.203267691908,17892.203267691908,35f6a6573ef9
13,1042,0.06,+/-20%,2,14313.762614153531,14287.811447858587,35f6a6573ef9
13,1042,0.06,+/-20%,3,11451.010091322825,11412.017005832255,35f6a6573ef9
13,1042,0.06,+/-20%,4,9160.80807305826,9019.206026114032,35f6a6573ef9
13,1042,0.06,+/-20%,5,7328.6464584466075,7133.283259995198,35f6a6573ef9
13,1042,0.06,+/-20%,6,5973.316974898627,6319.735923193627,35f6a6573ef9
13,1042,0.06,+/-20%,7,7167.980369878353,8116.858176357911,35f6a6573ef9
13,1042,0.06,+/-20%,8,8601.576443854025,8441.213807458285,35f6a6573ef9
13,1042,0.06,+/-20%,9,10321.891732624828,10378.30185498458,35f6a6573ef9
13,1042,0.06,+/-20%,10,10474.469199172907,8963.53447678288,35f6a6573ef9
13,1042,0.06,+/-20%,11,8379.575359338325,8301.44473342618,35f6a6573ef9
13,1042,0.06,+/-20%,12,6703.66028747066,6641.155789350802,35f6a6573ef9
13,1042,0.06,+/-20%,13,7081.8436966869285,7926.511501219502,35f6a6573ef9
13,1042,0.06,+/-20%,14,6373.769082256908,6341.209198846629,35f6a6573ef9
13,1042,0.06,+/-20%,15,7648.522898708289,7403.322442020432,35f6a6573ef9
13,2042,0.0,NHF,1,2546.2294030400003,2546.2294030400003,35f6a6573ef9
13,2042,0.0,NHF,2,634.4631319275,550.38776128,35f6a6573ef9
13,2042,0.0,NHF,3,4732.833196226022,918.00942545,35f6a6573ef9
13,2042,0.0,NHF,4,7457.793134869999,6856.7343743242345,35f6a6573ef9
13,2042,0.0,NHF,5,26767.404773124505,17018.523558296405,35f6a6573ef9
13,2042,0.0,NHF,6,9193.511177499622,9932.674188279054,35f6a6573ef9
13,2042,0.0,NHF,7,25338.404843994726,8822.94457960612,35f6a6573ef9
13,2042,0.0,NHF,8,9582.29224903086,12967.895196051277,35f6a6573ef9
13,2042,0.0,NHF,9,6095.179519006552,10508.56258808873,35f6a6573ef9
13,2042,0.0,NHF,10,1044.5567473499998,11118.492375950173,35f6a6573ef9
13,2042,0.0,NHF,11,459.04776422,9165.15851374767,35f6a6573ef9
13,2042,0.0,NHF,12,1778.1451654675,11999.892350889766,35f6a6573ef9
13,2042,0.0,NHF,13,2000.2457294749997,5445.768039767053,35f6a6573ef9
13,2042,0.0,NHF,14,3406.057821905455,8003.315015308301,35f6a6573ef9
13,2042,0.0,NHF,15,72466.6301175009,8089.686103104419,35f6a6573ef9
13,2042,0.0,NDY,1,2123.354499364003,2123.354499364003,35f6a6573ef9
13,2042,0.0,NDY,2,10808.281482433202,9149.72656138162,35f6a6573ef9
13,2042,0.0,NDY,3,10808.2814824332,9183.827740619203,35f6a6573ef9
13,2042,0.0,NDY,4,10808.281482433204,9182.749993562627,35f6a6573ef9
13,2042,0.0,NDY,5,10808.2814824332,10606.350964364688,35f6a6573ef9
13,2042,0.0,NDY,6,10808.2814824332,10379.361089270362,35f6a6573ef9
13,2042,0.0,NDY,7,10808.281482433204,10194.043152648032,35f6a6573ef9
13,2042,0.0,NDY,8,10808.281482433198,10032.003268352159,35f6a6573ef9
13,2042,0.0,NDY,9,10808.281482433198,9886.984842076137,35f6a6573ef9
13,2042,0.0,NDY,10,10808.2814824332,9620.7340837669,35f6a6573ef9
13,2042,0.0,NDY,11,10808.281482433202,9255.126007539013,35f6a6573ef9
13,2042,0.0,NDY,12,10808.281482433198,8755.439944621665,35f6a6573ef9
13,2042,0.0,NDY,13,10808.281482433196,8612.839699046803,35f6a6573ef9
13,2042,0.0,NDY,14,10808.281482433198,7787.4014255868115,35f6a6573ef9
13,2042,0.0,NDY,15,10808.2814824332,7721.360589780497,35f6a6573ef9
13,2042,0.0,-10%,1,3341.8904274244824,3341.8904274244824,35f6a6573ef9
13,2042,0.0,-10%,2,3007.7013846820346,2778.1065105475,35f6a6573ef9
13,2042,0.0,-10%,3,2706.931246213828,3156.1952241625004,35f6a6573ef9
13,2042,0.0,-10%,4,13132.470386153236,16099.009029548817,35f6a6573ef9
13,2042,0.0,-10%,5,14835.654400954005,14719.351869332037,35f6a6573ef9
13,2042,0.0,-10%,6,13352.088960858604,13356.94401411183,35f6a6573ef9
13,2042,0.0,-10%,7,12016.880064772744,12154.449158576033,35f6a6573ef9
13,2042,0.0,-10%,8,10815.19205829547,11078.859314385623,35f6a6573ef9
13,2042,0.0,-10%,9,9733.672852465923,9703.322991204725,35f6a6573ef9
13,2042,0.0,-10%,10,10462.146569722965,8735.807032945937,35f6a6573ef9
13,2042,0.0,-10%,11,9836.156062080598,8442.20446612069,35f6a6573ef9
13,2042,0.0,-10%,12,14826.174873022219,7256.3644171437545,35f6a6573ef9
13,2042,0.0,-10%,13,13343.557385720002,6530.72797656689,35f6a6573ef9
13,2042,0.0,-10%,14,12009.201647148,4884.22556578,35f6a6573ef9
13,2042,0.0,-10%,15,10808.281482433198,5283.918987174865,35f6a6573ef9
13,2042,0.0,-20%,1,4106.222656925,4106.222656925,35f6a6573ef9
13,2042,0.0,-20%,2,3284.9781255400003,3465.1238005274995,35f6a6573ef9
13,2042,0.0,-20%,3,2627.9825004320005,2841.5311021525004,35f6a6573ef9
13,2042,0.0,-20%,4,11497.04077598904,11208.667869347499,35f6a6573ef9
13,2042,0.0,-20%,5,17540.654593027706,18671.295266837213,35f6a6573ef9
13,2042,0.0,-20%,6,14032.523674422166,11118.065601359254,35f6a6573ef9
13,2042,0.0,-20%,7,11226.018939537731,12311.309023934558,35f6a6573ef9
13,2042,0.0,-20%,8,8980.815151630186,11012.940698932473,35f6a6573ef9
13,2042,0.0,-20%,9,9506.740126875058,10541.609675700056,35f6a6573ef9
13,2042,0.0,-20%,10,9854.459781196636,10157.154977604137,35f6a6573ef9
13,2042,0.0,-20%,11,7883.567824957309,8743.39691303988,35f6a6573ef9
13,2042,0.0,-20%,12,12832.431135704965,8169.711150181661,35f6a6573ef9
13,2042,0.0,-20%,13,16887.93981630187,6731.53186415689,35f6a6573ef9
13,2042,0.0,-20%,14,13510.351853041502,5100.834697801761,35f6a6573ef9
13,2042,0.0,-20%,15,10808.281482433202,5786.622066799009,35f6a6573ef9
13,2042,0.0,+/-10%,1,6277.63787719087,6277.63787719087,35f6a6573ef9
13,2042,0.0,+/-10%,2,6905.4016649099585,6860.742827236296,35f6a6573ef9
13,2042,0.0,+/-10%,3,7595.941831400954,7805.729458392333,35f6a6573ef9
13,2042,0.0,+/-10%,4,8355.536014541049,9135.428144515194,35f6a6573ef9
13,2042,0.0,+/-10%,5,9191.089615995157,10713.925557731092,35f6a6573ef9
13,2042,0.0,+/-10%,6,10110.198577594672,12894.610523779349,35f6a6573ef9
13,2042,0.0,+/-10%,7,11121.218435354142,11513.69933218995,35f6a6573ef9
13,2042,0.0,+/-10%,8,11453.918844937603,10314.814433692098,35f6a6573ef9
13,2042,0.0,+/-10%,9,12020.777246279362,9671.528368474017,35f6a6573ef9
13,2042,0.0,+/-10%,10,10981.901027149937,8685.78620450056,35f6a6573ef9
13,2042,0.0,+/-10%,11,12080.091129864935,8421.910634095557,35f6a6573ef9
13,2042,0.0,+/-10%,12,13288.100242851426,8191.2981821752655,35f6a6573ef9
13,2042,0.0,+/-10%,13,13343.557385719998,7532.161630698004,35f6a6573ef9
13,2042,0.0,+/-10%,14,12009.201647148002,7186.5484667532,35f6a6573ef9
13,2042,0.0,+/-10%,15,10808.281482433202,8132.114024111645,35f6a6573ef9
13,2042,0.0,+/-20%,1,4895.778958633765,4895.778958633765,35f6a6573ef9
13,2042,0.0,+/-20%,2,5874.934750360517,6043.961390703772,35f6a6573ef9
13,2042,0.0,+/-20%,3,7049.92170043262,7984.651557757129,35f6a6573ef9
13,2042,0.0,+/-20%,4,8459.906040519145,9610.776136645822,35f6a6573ef9
13,2042,0.0,+/-20%,5,10151.887248622972,11675.655734182203,35f6a6573ef9
13,2042,0.0,+/-20%,6,12182.264698347566,10927.26730389688,35f6a6573ef9
13,2042,0.0,+/-20%,7,13503.782580490591,11364.761559884559,35f6a6573ef9
13,2042,0.0,+/-20%,8,10803.02606439247,11109.981653762472,35f6a6573ef9
13,2042,0.0,+/-20%,9,9836.911268820953,10693.337895340057,35f6a6573ef9
13,2042,0.0,+/-20%,10,10016.53490316315,10958.345471634135,35f6a6573ef9
13,2042,0.0,+/-20%,11,10522.152632637988,8654.47453512672,35f6a6573ef9
13,2042,0.0,+/-20%,12,12626.583159165582,8087.132608239319,35f6a6573ef9
13,2042,0.0,+/-20%,13,15151.899790998701,7653.724715141891,35f6a6573ef9
13,2042,0.0,+/-20%,14,13510.351853041502,6195.210492999746,35f6a6573ef9
13,2042,0.0,+/-20%,15,10808.2814824332,8149.191707324505,35f6a6573ef9
13,2042,0.02,NHF,1,30694.504671256225,30694.504671256225,35f6a6573ef9
13,2042,0.02,NHF,2,3542.3325655822327,4417.369911916201,35f6a6573ef9
13,2042,0.02,NHF,3,7389.316912222832,6592.774039188345,35f6a6573ef9
13,2042,0.02,NHF,4,4614.5202645277595,6342.786088756684,35f6a6573ef9
13,2042,0.02,NHF,5,17018.146195210666,14718.917260290273,35f6a6573ef9
13,2042,0.02,NHF,6,4756.318372014481,4756.318372014481,35f6a6573ef9
13,2042,0.02,NHF,7,10442.257050251006,10442.257050251006,35f6a6573ef9
13,2042,0.02,NHF,8,7949.728515252799,7949.728515252801,35f6a6573ef9
13,2042,0.02,NHF,9,11370.566774928222,11131.913995438996,35f6a6573ef9
13,2042,0.02,NHF,10,3138.3587774539906,4284.516575576438,35f6a6573ef9
13,2042,0.02,NHF,11,4815.950876915922,7763.585437848569,35f6a6573ef9
13,2042,0.02,NHF,12,6534.7006715172765,4407.223834607212,35f6a6573ef9
13,2042,0.02,NHF,13,15189.250722863153,15242.948060904471,35f6a6573ef9
13,2042,0.02,NHF,14,7375.9071170298585,4791.59727042485,35f6a6573ef9
13,2042,0.02,NHF,15,11614.819469577076,9327.294070121648,35f6a6573ef9
13,2042,0.02,NDY,1,10149.813782396564,10149.813782396564,35f6a6573ef9
13,2042,0.02,NDY,2,10149.813782396564,10053.201135389025,35f6a6573ef9
13,2042,0.02,NDY,3,10149.813782396564,9962.360255902708,35f6a6573ef9
13,2042,0.02,NDY,4,10149.813782396564,9874.767372181737,35f6a6573ef9
13,2042,0.02,NDY,5,10149.813782396564,9789.196183619335,35f6a6573ef9
13,2042,0.02,NDY,6,10149.813782396563,9714.07255576936,35f6a6573ef9
13,2042,0.02,NDY,7,10149.813782396563,9634.848720300264,35f6a6573ef9
13,2042,0.02,NDY,8,10149.813782396564,9565.460375305702,35f6a6573ef9
13,2042,0.02,NDY,9,10149.813782396564,9493.817783023977,35f6a6573ef9
13,2042,0.02,NDY,10,10149.813782396566,9431.920403720454,35f6a6573ef9
13,2042,0.02,NDY,11,10149.813782396566,9373.22548379868,35f6a6573ef9
13,2042,0.02,NDY,12,10149.813782396564,9309.441262589831,35f6a6573ef9
13,2042,0.02,NDY,13,10149.813782396564,9253.807446495111,35f6a6573ef9
13,2042,0.02,NDY,14,10149.813782396566,9201.05053684842,35f6a6573ef9
13,2042,0.02,NDY,15,10149.81378239656,9150.08160131763,35f6a6573ef9
13,2042,0.02,-10%,1,15348.278376156699,15348.278376156699,35f6a6573ef9
13,2042,0.02,-10%,2,13813.450538541028,13794.495896615388,35f6a6573ef9
13,2042,0.02,-10%,3,12432.105484686928,12396.942879842782,35f6a6573ef9
13,2042,0.02,-10%,4,11188.894936218237,11155.099741051867,35f6a6573ef9
13,2042,0.02,-10%,5,10070.005442596412,10036.124679137902,35f6a6573ef9
13,2042,0.02,-10%,6,9063.00489833677,9032.512209235574,35f6a6573ef9
13,2042,0.02,-10%,7,8156.704408503094,8129.260987143436,35f6a6573ef9
13,2042,0.02,-10%,8,7341.033967652785,7330.960696284456,35f6a6573ef9
13,2042,0.02,-10%,9,6606.930570887507,7243.593116470506,35f6a6573ef9
13,2042,0.02,-10%,10,7029.291535738281,6519.233804512636,35f6a6573ef9
13,2042,0.02,-10%,11,7967.99548222212,8468.57217093251,35f6a6573ef9
13,2042,0.02,-10%,12,10271.674070106435,8512.918639423337,35f6a6573ef9
13,2042,0.02,-10%,13,9244.506663095794,9565.514810810226,35f6a6573ef9
13,2042,0.02,-10%,14,8320.05599678621,8599.58611400257,35f6a6573ef9
13,2042,0.02,-10%,15,7488.05039710759,7739.661940129932,35f6a6573ef9
13,2042,0.02,-20%,1,18696.625737976727,18696.625737976727,35f6a6573ef9
13,2042,0.02,-20%,2,14957.300590381386,14045.17764681139,35f6a6573ef9
13,2042,0.02,-20%,3,11965.840472305104,12028.383003868677,35f6a6573ef9
13,2042,0.02,-20%,4,9572.672377844086,10037.377516145643,35f6a6573ef9
13,2042,0.02,-20%,5,7658.137902275271,8030.278825638103,35f6a6573ef9
13,2042,0.02,-20%,6,6126.510321820216,6424.22306453948,35f6a6573ef9
13,2042,0.02,-20%,7,8346.878480836109,8346.87848283322,35f6a6573ef9
13,2042,0.02,-20%,8,7954.768692769671,7954.7686915429485,35f6a6573ef9
13,2042,0.02,-20%,9,6577.549793105825,7510.00765741671,35f6a6573ef9
13,2042,0.02,-20%,10,10549.032012500524,9020.155402886216,35f6a6573ef9
13,2042,0.02,-20%,11,9185.502321110172,8469.425185670838,35f6a6573ef9
13,2042,0.02,-20%,12,7348.401856888137,7785.316447209387,35f6a6573ef9
13,2042,0.02,-20%,13,8511.277428423216,9023.661870346543,35f6a6573ef9
13,2042,0.02,-20%,14,6809.0219427385755,7218.92949690093,35f6a6573ef9
13,2042,0.02,-20%,15,9286.626209385859,8245.197130507619,35f6a6573ef9
13,2042,0.02,+/-10%,1,15340.146379200096,15340.146379200096,35f6a6573ef9
13,2042,0.02,+/-10%,2,13806.131741280087,13791.056609441346,35f6a6573ef9
13,2042,0.02,+/-10%,3,12425.518567152078,12394.789139051029,35f6a6573ef9
13,2042,0.02,+/-10%,4,11182.966710436873,11148.169312979458,35f6a6573ef9
13,2042,0.02,+/-10%,5,10064.670039393188,10025.388836717333,35f6a6573ef9
13,2042,0.02,+/-10%,6,9058.203035453867,9022.849954214757,35f6a6573ef9
13,2042,0.02,+/-10%,7,8152.382731908481,8120.5649613046935,35f6a6573ef9
13,2042,0.02,+/-10%,8,7337.144458717635,7329.132916184587,35f6a6573ef9
13,2042,0.02,+/-10%,9,6693.349267295021,7307.483683515112,35f6a6573ef9
13,2042,0.02,+/-10%,10,7362.684194024523,7108.221186652075,35f6a6573ef9
13,2042,0.02,+/-10%,11,8098.952613426978,7635.921362605773,35f6a6573ef9
13,2042,0.02,+/-10%,12,8908.847874769677,8399.513498293414,35f6a6573ef9
13,2042,0.02,+/-10%,13,9609.855354213272,9496.655784817814,35f6a6573ef9
13,2042,0.02,+/-10%,14,8648.869818791945,8527.801098835638,35f6a6573ef9
13,2042,0.02,+/-10%,15,7783.982836912752,7651.450388798973,35f6a6573ef9
13,2042,0.02,+/-20%,1,18708.282792738028,18708.282792738028,35f6a6573ef9
13,2042,0.02,+/-20%,2,14966.626234190424,14064.491530527177,35f6a6573ef9
13,2042,0.02,+/-20%,3,11973.300987352339,12041.119787149164,35f6a6573ef9
13,2042,0.02,+/-20%,4,9578.640789881872,10037.377516145643,35f6a6573ef9
13,2042,0.02,+/-20%,5,7664.938052201976,8031.377297522785,35f6a6573ef9
13,2042,0.02,+/-20%,6,6131.95044176158,6425.101841309481,35f6a6573ef9
13,2042,0.02,+/-20%,7,7358.340530113895,7358.340531607493,35f6a6573ef9
13,2042,0.02,+/-20%,8,8830.008636136674,8830.00863655347,35f6a6573ef9
13,2042,0.02,+/-20%,9,7823.425100837701,8680.833891744684,35f6a6573ef9
13,2042,0.02,+/-20%,10,9388.110121005242,7954.158915090886,35f6a6573ef9
13,2042,0.02,+/-20%,11,9172.640924364428,8230.934777934779,35f6a6573ef9
13,2042,0.02,+/-20%,12,7338.112739491542,8174.449170467056,35f6a6573ef9
13,2042,0.02,+/-20%,13,7570.430671480666,8090.560067612207,35f6a6573ef9
13,2042,0.02,+/-20%,14,7801.363804942085,7963.146537361655,35f6a6573ef9
13,2042,0.02,+/-20%,15,9248.377276698673,8232.811873060858,35f6a6573ef9
13,2042,0.04,NHF,1,34795.56565026284,34795.56565026284,35f6a6573ef9
13,2042,0.04,NHF,2,5931.269494777835,5931.269494777835,35f6a6573ef9
13,2042,0.04,NHF,3,6268.07641660244,6268.07641660244,35f6a6573ef9
13,2042,0.04,NHF,4,5539.612016588813,5539.612016588813,35f6a6573ef9
13,2042,0.04,NHF,5,5337.306744594366,5337.306744594366,35f6a6573ef9
13,2042,0.04,NHF,6,4756.318372014481,4756.318372014481,35f6a6573ef9
13,2042,0.04,NHF,7,10448.576342118224,10448.576342118224,35f6a6573ef9
13,2042,0.04,NHF,8,10234.06286489373,10234.06286489373,35f6a6573ef9
13,2042,0.04,NHF,9,13694.859259237812,13694.85925923781,35f6a6573ef9
13,2042,0.04,NHF,10,5409.207503285335,5409.207503285335,35f6a6573ef9
13,2042,0.04,NHF,11,6411.946592336093,6411.946592336092,35f6a6573ef9
13,2042,0.04,NHF,12,5223.105432169559,5223.105432169559,35f6a6573ef9
13,2042,0.04,NHF,13,9806.73476770596,9806.73476770596,35f6a6573ef9
13,2042,0.04,NHF,14,6247.6188471741925,6247.6188471741925,35f6a6573ef9
13,2042,0.04,NHF,15,10073.04667958226,10073.046679582261,35f6a6573ef9
13,2042,0.04,NDY,1,10109.507094123195,10109.507094123195,35f6a6573ef9
13,2042,0.04,NDY,2,10109.507094123193,10006.008462225984,35f6a6573ef9
13,2042,0.04,NDY,3,10109.507094123193,9901.39007839121,35f6a6573ef9
13,2042,0.04,NDY,4,10109.507094123195,9800.008619384742,35f6a6573ef9
13,2042,0.04,NDY,5,10109.507094123193,9709.410461186379,35f6a6573ef9
13,2042,0.04,NDY,6,10109.507094123193,9607.4481694248,35f6a6573ef9
13,2042,0.04,NDY,7,10109.507094123192,9523.094309449403,35f6a6573ef9
13,2042,0.04,NDY,8,10109.507094123193,9441.80131748109,35f6a6573ef9
13,2042,0.04,NDY,9,10109.507094123193,9359.193009673165,35f6a6573ef9
13,2042,0.04,NDY,10,10109.507094123193,9275.972631178502,35f6a6573ef9
13,2042,0.04,NDY,11,10109.507094123193,9192.222388516124,35f6a6573ef9
13,2042,0.04,NDY,12,10109.507094123197,9122.286577192865,35f6a6573ef9
13,2042,0.04,NDY,13,10109.507094123192,9047.510612095282,35f6a6573ef9
13,2042,0.04,NDY,14,10109.507094123193,8990.573324641187,35f6a6573ef9
13,2042,0.04,NDY,15,10109.507094123193,8937.322321978783,35f6a6573ef9
13,2042,0.04,-10%,1,15348.433471424054,15348.433471424054,35f6a6573ef9
13,2042,0.04,-10%,2,13813.590124281649,13808.628241989876,35f6a6573ef9
13,2042,0.04,-10%,3,12432.231111853484,12420.488649548854,35f6a6573ef9
13,2042,0.04,-10%,4,11189.008000668138,11172.439831067059,35f6a6573ef9
13,2042,0.04,-10%,5,10070.107200601324,10055.195849914058,35f6a6573ef9
13,2042,0.04,-10%,6,9063.096480541188,9049.67625707489,35f6a6573ef9
13,2042,0.04,-10%,7,8156.786832487071,8153.856891648336,35f6a6573ef9
13,2042,0.04,-10%,8,7341.108149238365,7338.471205952294,35f6a6573ef9
13,2042,0.04,-10%,9,6606.9973343145275,6604.624081910788,35f6a6573ef9
13,2042,0.04,-10%,10,5946.297600883074,5976.189621277049,35f6a6573ef9
13,2042,0.04,-10%,11,8532.855214618927,8936.054155348644,35f6a6573ef9
13,2042,0.04,-10%,12,10419.257466256824,10068.595950197318,35f6a6573ef9
13,2042,0.04,-10%,13,9377.33171963114,9059.016041002285,35f6a6573ef9
13,2042,0.04,-10%,14,8439.598547668025,8149.431623850556,35f6a6573ef9
13,2042,0.04,-10%,15,7595.638692901222,7334.488460999836,35f6a6573ef9
13,2042,0.04,-20%,1,18710.88581694718,18710.88581694718,35f6a6573ef9
13,2042,0.04,-20%,2,14968.708653557747,14965.526816449928,35f6a6573ef9
13,2042,0.04,-20%,3,11974.966922846193,11969.806173027928,35f6a6573ef9
13,2042,0.04,-20%,4,9579.973538276958,9575.844937833335,35f6a6573ef9
13,2042,0.04,-20%,5,7663.978830621566,7660.675947189296,35f6a6573ef9
13,2042,0.04,-20%,6,6131.183064497252,6128.540759452862,35f6a6573ef9
13,2042,0.04,-20%,7,7304.155216307852,7304.155216307852,35f6a6573ef9
13,2042,0.04,-20%,8,7642.84695494598,7535.246416367084,35f6a6573ef9
13,2042,0.04,-20%,9,10120.00078904859,10379.024994115978,35f6a6573ef9
13,2042,0.04,-20%,10,8444.252515161668,8303.219991430266,35f6a6573ef9
13,2042,0.04,-20%,11,7339.578503412002,7394.831276659154,35f6a6573ef9
13,2042,0.04,-20%,12,9597.823833954664,9537.55207810234,35f6a6573ef9
13,2042,0.04,-20%,13,7678.2590671637345,7630.041662953665,35f6a6573ef9
13,2042,0.04,-20%,14,7198.360892435888,7090.760353856993,35f6a6573ef9
13,2042,0.04,-20%,15,7344.9870997359085,7363.708860125931,35f6a6573ef9
13,2042,0.04,+/-10%,1,15336.201225480932,15336.201225480932,35f6a6573ef9
13,2042,0.04,+/-10%,2,13802.581102932834,13797.254252762577,35f6a6573ef9
13,2042,0.04,+/-10%,3,12422.322992639547,12411.413535510961,35f6a6573ef9
13,2042,0.04,+/-10%,4,11180.090693375618,11165.150565349903,35f6a6573ef9
13,2042,0.04,+/-10%,5,10062.08162403802,10048.635514928996,35f6a6573ef9
13,2042,0.04,+/-10%,6,9055.873461634234,9043.771959796883,35f6a6573ef9
13,2042,0.04,+/-10%,7,8150.286115470811,8143.128420162844,35f6a6573ef9
13,2042,0.04,+/-10%,8,7335.257503923734,7328.815578487528,35f6a6573ef9
13,2042,0.04,+/-10%,9,6601.731753531352,6595.934021712963,35f6a6573ef9
13,2042,0.04,+/-10%,10,7145.852134459595,7235.761551813101,35f6a6573ef9
13,2042,0.04,+/-10%,11,7860.437347905554,7959.337710443876,35f6a6573ef9
13,2042,0.04,+/-10%,12,8646.481082696122,8755.271471260785,35f6a6573ef9
13,2042,0.04,+/-10%,13,9511.129190965721,9391.018275383109,35f6a6573ef9
13,2042,0.04,+/-10%,14,9146.600258204164,8439.69851287141,35f6a6573ef9
13,2042,0.04,+/-10%,15,8231.940232383755,7595.665557045391,35f6a6573ef9
13,2042,0.04,+/-20%,1,18712.162728194297,18712.162728194297,35f6a6573ef9
13,2042,0.04,+/-20%,2,14969.730182555439,14966.280393242285,35f6a6573ef9
13,2042,0.04,+/-20%,3,11975.784146044349,11972.752201329351,35f6a6573ef9
13,2042,0.04,+/-20%,4,9580.62731683548,9578.20176236445,35f6a6573ef9
13,2042,0.04,+/-20%,5,7664.501853468385,7662.561409264549,35f6a6573ef9
13,2042,0.04,+/-20%,6,6131.601482774708,6130.049124185393,35f6a6573ef9
13,2042,0.04,+/-20%,7,7304.155216307852,7304.155216307852,35f6a6573ef9
13,2042,0.04,+/-20%,8,7834.967262770832,7813.461997260248,35f6a6573ef9
13,2042,0.04,+/-20%,9,9401.960715324996,9376.15439742295,35f6a6573ef9
13,2042,0.04,+/-20%,10,8961.658251615669,8905.8851665054,35f6a6573ef9
13,2042,0.04,+/-20%,11,7778.901958834491,7949.970187165116,35f6a6573ef9
13,2042,0.04,+/-20%,12,9334.682350601386,9296.913705600267,35f6a6573ef9
13,2042,0.04,+/-20%,13,7467.745880481113,7437.530965674502,35f6a6573ef9
13,2042,0.04,+/-20%,14,7198.360892435888,7176.855626886197,35f6a6573ef9
13,2042,0.04,+/-20%,15,7218.669735691785,6864.020627277959,35f6a6573ef9
13,2042,0.06,NHF,1,34795.56565026284,34795.56565026284,35f6a6573ef9
13,2042,0.06,NHF,2,5931.269494777835,5931.269494777835,35f6a6573ef9
13,2042,0.06,NHF,3,6268.07641660244,6268.07641660244,35f6a6573ef9
13,2042,0.06,NHF,4,5539.612016588813,5539.612016588813,35f6a6573ef9
13,2042,0.06,NHF,5,5337.306744594366,5337.306744594366,35f6a6573ef9
13,2042,0.06,NHF,6,4756.318372014481,4756.318372014481,35f6a6573ef9
13,2042,0.06,NHF,7,10448.576342118224,10448.576342118224,35f6a6573ef9
13,2042,0.06,NHF,8,10234.06286489373,10234.06286489373,35f6a6573ef9
13,2042,0.06,NHF,9,13694.859259237812,13694.85925923781,35f6a6573ef9
13,2042,0.06,NHF,10,5409.207503285335,5409.207503285335,35f6a6573ef9
13,2042,0.06,NHF,11,6411.946592336093,6411.946592336092,35f6a6573ef9
13,2042,0.06,NHF,12,5223.105432169559,5223.105432169559,35f6a6573ef9
13,2042,0.06,NHF,13,9806.73476770596,9806.73476770596,35f6a6573ef9
13,2042,0.06,NHF,14,6247.6188471741925,6247.6188471741925,35f6a6573ef9
13,2042,0.06,NHF,15,10073.04667958226,10073.046679582261,35f6a6573ef9
13,2042,0.06,NDY,1,10020.58447527387,10020.58447527387,35f6a6573ef9
13,2042,0.06,NDY,2,10020.584475273869,9912.813870628064,35f6a6573ef9
13,2042,0.06,NDY,3,10020.58447527387,9808.67353867936,35f6a6573ef9
13,2042,0.06,NDY,4,10020.58447527387,9709.943391539466,35f6a6573ef9
13,2042,0.06,NDY,5,10020.58447527387,9600.695777611907,35f6a6573ef9
13,2042,0.06,NDY,6,10020.584475273867,9499.991357513609,35f6a6573ef9
13,2042,0.06,NDY,7,10020.584475273869,9382.322741157395,35f6a6573ef9
13,2042,0.06,NDY,8,10020.584475273869,9305.829205317572,35f6a6573ef9
13,2042,0.06,NDY,9,10020.584475273867,9225.914772692424,35f6a6573ef9
13,2042,0.06,NDY,10,10020.584475273869,9148.662070651651,35f6a6573ef9
13,2042,0.06,NDY,11,10020.58447527387,9072.554203976226,35f6a6573ef9
13,2042,0.06,NDY,12,10020.58447527387,9002.697466805224,35f6a6573ef9
13,2042,0.06,NDY,13,10020.584475273869,8937.05499888799,35f6a6573ef9
13,2042,0.06,NDY,14,10020.584475273869,8866.93964855511,35f6a6573ef9
13,2042,0.06,NDY,15,10020.584475273869,8796.138282503814,35f6a6573ef9
13,2042,0.06,-10%,1,15295.197145103923,15295.197145103923,35f6a6573ef9
13,2042,0.06,-10%,2,13765.67743059353,13720.892685556608,35f6a6573ef9
13,2042,0.06,-10%,3,12389.109687534177,12324.55767746507,35f6a6573ef9
13,2042,0.06,-10%,4,11150.19871878076,11072.55022773757,35f6a6573ef9
13,2042,0.06,-10%,5,10035.178846902683,9965.295207635098,35f6a6573ef9
13,2042,0.06,-10%,6,9031.660962212414,8968.765688564738,35f6a6573ef9
13,2042,0.06,-10%,7,8128.494865991174,8099.091974067059,35f6a6573ef9
13,2042,0.06,-10%,8,7315.645379392056,7289.1827788885175,35f6a6573ef9
13,2042,0.06,-10%,9,6584.080841452851,6560.264497528831,35f6a6573ef9
13,2042,0.06,-10%,10,6119.513658636818,5904.238048468652,35f6a6573ef9
13,2042,0.06,-10%,11,8947.364562910623,10183.900948790637,35f6a6573ef9
13,2042,0.06,-10%,12,10284.496519341097,9625.103807587351,35f6a6573ef9
13,2042,0.06,-10%,13,9256.046867406985,8662.593427312262,35f6a6573ef9
13,2042,0.06,-10%,14,8330.442180666287,7793.6104948501215,35f6a6573ef9
13,2042,0.06,-10%,15,7497.397962599658,7013.220777382759,35f6a6573ef9
13,2042,0.06,-20%,1,18685.762353338832,18685.762353338832,35f6a6573ef9
13,2042,0.06,-20%,2,14948.609882671068,14895.287642161156,35f6a6573ef9
13,2042,0.06,-20%,3,11958.887906136853,11900.41644093771,35f6a6573ef9
13,2042,0.06,-20%,4,9567.110324909481,9520.333154045911,35f6a6573ef9
13,2042,0.06,-20%,5,7653.688259927588,7616.266521571535,35f6a6573ef9
13,2042,0.06,-20%,6,6122.950607942069,6093.013215288336,35f6a6573ef9
13,2042,0.06,-20%,7,6756.135855765307,6756.135855765306,35f6a6573ef9
13,2042,0.06,-20%,8,7820.731683893829,7820.731683893829,35f6a6573ef9
13,2042,0.06,-20%,9,10049.2700109916,10632.831391074345,35f6a6573ef9
13,2042,0.06,-20%,10,9549.816213852557,8976.267291364391,35f6a6573ef9
13,2042,0.06,-20%,11,7639.852971082044,7181.013834291245,35f6a6573ef9
13,2042,0.06,-20%,12,8798.177307349903,9003.000713095316,35f6a6573ef9
13,2042,0.06,-20%,13,7038.541845879925,7202.400573399431,35f6a6573ef9
13,2042,0.06,-20%,14,6954.248509253174,6954.248509253174,35f6a6573ef9
13,2042,0.06,-20%,15,7757.076418021954,7608.4206135736,35f6a6573ef9
13,2042,0.06,+/-10%,1,15292.469086921987,15292.469086921987,35f6a6573ef9
13,2042,0.06,+/-10%,2,13763.222178229787,13735.20376805397,35f6a6573ef9
13,2042,0.06,+/-10%,3,12386.899960406807,12343.292660724777,35f6a6573ef9
13,2042,0.06,+/-10%,4,11148.20996436613,11084.33189984321,35f6a6573ef9
13,2042,0.06,+/-10%,5,10033.388967929515,9965.31790992734,35f6a6573ef9
13,2042,0.06,+/-10%,6,9030.050071136562,8968.786116827072,35f6a6573ef9
13,2042,0.06,+/-10%,7,8127.045064022907,8098.434314432201,35f6a6573ef9
13,2042,0.06,+/-10%,8,7314.340557620618,7288.590885224355,35f6a6573ef9
13,2042,0.06,+/-10%,9,6582.906501858555,6559.731795392667,35f6a6573ef9
13,2042,0.06,+/-10%,10,7051.190764613594,7215.704974337364,35f6a6573ef9
13,2042,0.06,+/-10%,11,7756.309841074955,7937.275472542056,35f6a6573ef9
13,2042,0.06,+/-10%,12,8531.940825182453,10020.914486069565,35f6a6573ef9
13,2042,0.06,+/-10%,13,9385.134907700696,9018.823038702983,35f6a6573ef9
13,2042,0.06,+/-10%,14,9619.173392708391,8116.940734511925,35f6a6573ef9
13,2042,0.06,+/-10%,15,8657.256053437552,7211.669356163984,35f6a6573ef9
13,2042,0.06,+/-20%,1,18675.520703945567,18675.520703945567,35f6a6573ef9
13,2042,0.06,+/-20%,2,14940.416563156456,14906.781704399289,35f6a6573ef9
13,2042,0.06,+/-20%,3,11952.333250525164,11896.853237371188,35f6a6573ef9
13,2042,0.06,+/-20%,4,9561.866600420133,9517.482590804439,35f6a6573ef9
13,2042,0.06,+/-20%,5,7649.493280336107,7613.9860729233205,35f6a6573ef9
13,2042,0.06,+/-20%,6,6119.594624268884,6091.188859325762,35f6a6573ef9
13,2042,0.06,+/-20%,7,6719.3938375952075,6719.393839712086,35f6a6573ef9
13,2042,0.06,+/-20%,8,8063.27260511425,8046.159602250643,35f6a6573ef9
13,2042,0.06,+/-20%,9,9675.927126137096,9655.391520389061,35f6a6573ef9
13,2042,0.06,+/-20%,10,9677.372640416934,9583.30292516418,35f6a6573ef9
13,2042,0.06,+/-20%,11,7741.898112333546,7666.642336880663,35f6a6573ef9
13,2042,0.06,+/-20%,12,8742.456487208481,8872.044774987682,35f6a6573ef9
13,2042,0.06,+/-20%,13,6993.965189766788,7097.6358185833815,35f6a6573ef9
13,2042,0.06,+/-20%,14,7014.422816879805,6997.309817173612,35f6a6573ef9
13,2042,0.06,+/-20%,15,7916.010742159212,6093.15310793626,35f6a6573ef9
13,3042,0.0,NHF,1,2093.285096506667,2093.285096506667,35f6a6573ef9
13,3042,0.0,NHF,2,1314.0270846274998,695.6027123733334,35f6a6573ef9
13,3042,0.0,NHF,3,7864.888664056364,25.07201905,35f6a6573ef9
13,3042,0.0,NHF,4,7042.1633213225,11145.17367429937,35f6a6573ef9
13,3042,0.0,NHF,5,27878.05847090751,16749.290016100946,35f6a6573ef9
13,3042,0.0,NHF,6,8837.966424608894,8395.099791960174,35f6a6573ef9
13,3042,0.0,NHF,7,19726.808191014516,10778.807321823102,35f6a6573ef9
13,3042,0.0,NHF,8,8411.856924734757,8267.040246014083,35f6a6573ef9
13,3042,0.0,NHF,9,5927.688841500289,10284.80107991514,35f6a6573ef9
13,3042,0.0,NHF,10,668.02911306,7595.4765639201805,35f6a6573ef9
13,3042,0.0,NHF,11,571.7450047,8049.486989513033,35f6a6573ef9
13,3042,0.0,NHF,12,1278.0140637099998,10442.80092673786,35f6a6573ef9
13,3042,0.0,NHF,13,3037.814925915,10186.601664713487,35f6a6573ef9
13,3042,0.0,NHF,14,5524.548527117498,8649.183728502414,35f6a6573ef9
13,3042,0.0,NHF,15,71388.85945064577,8036.926962994107,35f6a6573ef9
13,3042,0.0,NDY,1,3233.1271977855636,3233.1271977855636,35f6a6573ef9
13,3042,0.0,NDY,2,10555.426736738556,8935.54902571696,35f6a6573ef9
13,3042,0.0,NDY,3,10555.426736738558,8838.415320222839,35f6a6573ef9
13,3042,0.0,NDY,4,10555.426736738555,8963.35260430033,35f6a6573ef9
13,3042,0.0,NDY,5,10555.426736738553,10319.793125807357,35f6a6573ef9
13,3042,0.0,NDY,6,10555.426736738553,10125.915547054978,35f6a6573ef9
13,3042,0.0,NDY,7,10555.426736738555,9915.987825758573,35f6a6573ef9
13,3042,0.0,NDY,8,10555.426736738553,9674.169785682434,35f6a6573ef9
13,3042,0.0,NDY,9,10555.426736738553,9497.314585483797,35f6a6573ef9
13,3042,0.0,NDY,10,10555.426736738555,9424.470669245764,35f6a6573ef9
13,3042,0.0,NDY,11,10555.426736738556,9101.139680894385,35f6a6573ef9
13,3042,0.0,NDY,12,10555.426736738555,8692.803645952074,35f6a6573ef9
13,3042,0.0,NDY,13,10555.426736738556,8704.02701870749,35f6a6573ef9
13,3042,0.0,NDY,14,10555.426736738553,7498.3116479571445,35f6a6573ef9
13,3042,0.0,NDY,15,10555.426736738553,8610.723005107648,35f6a6573ef9
13,3042,0.0,-10%,1,3695.7783316923405,3695.7783316923405,35f6a6573ef9
13,3042,0.0,-10%,2,3326.2004985231065,3326.2004974624997,35f6a6573ef9
13,3042,0.0,-10%,3,5435.351144757842,6662.669540949973,35f6a6573ef9
13,3042,0.0,-10%,4,14492.904311891565,14421.762466285005,35f6a6573ef9
13,3042,0.0,-10%,5,13043.61388070241,13389.413376333161,35f6a6573ef9
13,3042,0.0,-10%,6,11739.252492632168,12241.62794010859,35f6a6573ef9
13,3042,0.0,-10%,7,10565.327243368949,10362.09958078052,35f6a6573ef9
13,3042,0.0,-10%,8,9508.794519032055,8246.02216111707,35f6a6573ef9
13,3042,0.0,-10%,9,8557.915067128848,10754.651485878712,35f6a6573ef9
13,3042,0.0,-10%,10,7702.123560415964,5958.238274263854,35f6a6573ef9
13,3042,0.0,-10%,11,14043.603891899504,9742.9763628696,35f6a6573ef9
13,3042,0.0,-10%,12,14479.32337001173,8783.80077012317,35f6a6573ef9
13,3042,0.0,-10%,13,13031.391033010552,7888.618981293663,35f6a6573ef9
13,3042,0.0,-10%,14,11728.251929709504,5009.6659081766675,35f6a6573ef9
13,3042,0.0,-10%,15,10555.426736738553,7126.112525662749,35f6a6573ef9
13,3042,0.0,-20%,1,3615.5661475903767,3615.5661475903767,35f6a6573ef9
13,3042,0.0,-20%,2,3132.7322821179932,3174.3426084225,35f6a6573ef9
13,3042,0.0,-20%,3,2506.185825694395,6665.896996762501,35f6a6573ef9
13,3042,0.0,-20%,4,15388.373500147529,11271.425815697397,35f6a6573ef9
13,3042,0.0,-20%,5,15967.451170399669,17395.328191761542,35f6a6573ef9
13,3042,0.0,-20%,6,12773.960936319734,12734.030176646394,35f6a6573ef9
13,3042,0.0,-20%,7,10219.168749055787,7250.247537834985,35f6a6573ef9
13,3042,0.0,-20%,8,8922.276658990539,10280.271342586124,35f6a6573ef9
13,3042,0.0,-20%,9,8104.909020574957,9669.12310267607,35f6a6573ef9
13,3042,0.0,-20%,10,6483.927216459965,7236.1480869638535,35f6a6573ef9
13,3042,0.0,-20%,11,9201.617280859939,10602.794990759148,35f6a6573ef9
13,3042,0.0,-20%,12,15280.662958950403,8702.043067733852,35f6a6573ef9
13,3042,0.0,-20%,13,16492.854276153983,7218.442539158863,35f6a6573ef9
13,3042,0.0,-20%,14,13194.283420923193,6270.873648109495,35f6a6573ef9
13,3042,0.0,-20%,15,10555.426736738555,5505.258544500434,35f6a6573ef9
13,3042,0.0,+/-10%,1,6428.640692287643,6428.640692287643,35f6a6573ef9
13,3042,0.0,+/-10%,2,7071.504761516408,7234.362842134863,35f6a6573ef9
13,3042,0.0,+/-10%,3,7778.65523766805,8229.042603518965,35f6a6573ef9
13,3042,0.0,+/-10%,4,8556.520761434853,9455.319276034626,35f6a6573ef9
13,3042,0.0,+/-10%,5,9412.17283757834,12087.133662567443,35f6a6573ef9
13,3042,0.0,+/-10%,6,10353.390121336175,10320.292896632638,35f6a6573ef9
13,3042,0.0,+/-10%,7,10334.751183446679,9593.426602286048,35f6a6573ef9
13,3042,0.0,+/-10%,8,9428.046751279602,9937.923354505445,35f6a6573ef9
13,3042,0.0,+/-10%,9,10370.851426407566,8983.126633351072,35f6a6573ef9
13,3042,0.0,+/-10%,10,11407.936569048325,8035.873783965376,35f6a6573ef9
13,3042,0.0,+/-10%,11,12548.730225953153,9142.996269271724,35f6a6573ef9
13,3042,0.0,+/-10%,12,13803.603248548472,8350.62609756775,35f6a6573ef9
13,3042,0.0,+/-10%,13,13031.39103301056,7811.6345129739875,35f6a6573ef9
13,3042,0.0,+/-10%,14,11728.251929709502,8632.258640667333,35f6a6573ef9
13,3042,0.0,+/-10%,15,10555.426736738556,8960.635246095608,35f6a6573ef9
13,3042,0.0,+/-20%,1,5221.399148440909,5221.399148440909,35f6a6573ef9
13,3042,0.0,+/-20%,2,6265.678978129091,6642.737908220711,35f6a6573ef9
13,3042,0.0,+/-20%,3,7518.814773754911,8545.65252940982,35f6a6573ef9
13,3042,0.0,+/-20%,4,9022.577728505888,11246.912393148123,35f6a6573ef9
13,3042,0.0,+/-20%,5,10827.093274207069,12609.463051166915,35f6a6573ef9
13,3042,0.0,+/-20%,6,12992.511929048484,9611.189018566394,35f6a6573ef9
13,3042,0.0,+/-20%,7,10394.009543238788,8831.423056769212,35f6a6573ef9
13,3042,0.0,+/-20%,8,8315.20763459103,9185.000962237584,35f6a6573ef9
13,3042,0.0,+/-20%,9,7875.455565392699,9438.647545633117,35f6a6573ef9
13,3042,0.0,+/-20%,10,9450.54667847124,8859.91795171232,35f6a6573ef9
13,3042,0.0,+/-20%,11,11340.656014165485,8710.307064862638,35f6a6573ef9
13,3042,0.0,+/-20%,12,13608.787216998582,8134.861317745086,35f6a6573ef9
13,3042,0.0,+/-20%,13,16330.544660398305,9153.467603821486,35f6a6573ef9
13,3042,0.0,+/-20%,14,13194.283420923188,7414.370511638582,35f6a6573ef9
13,3042,0.0,+/-20%,15,10555.426736738555,9038.981003922405,35f6a6573ef9
13,3042,0.02,NHF,1,33122.087616045574,33122.087616045574,35f6a6573ef9
13,3042,0.02,NHF,2,3873.7630867900225,4486.766124813038,35f6a6573ef9
13,3042,0.02,NHF,3,5760.427641943006,5196.6117164148,35f6a6573ef9
13,3042,0.02,NHF,4,3946.1921078338514,4715.693723482796,35f6a6573ef9
13,3042,0.02,NHF,5,13119.459651838939,12057.020407000622,35f6a6573ef9
13,3042,0.02,NHF,6,6879.485512840398,6879.485512840398,35f6a6573ef9
13,3042,0.02,NHF,7,9420.309963332958,9420.30996333296,35f6a6573ef9
13,3042,0.02,NHF,8,7801.424109772772,7801.424109772772,35f6a6573ef9
13,3042,0.02,NHF,9,14174.78680603332,13683.711023414951,35f6a6573ef9
13,3042,0.02,NHF,10,3155.8855622887513,4373.361788915083,35f6a6573ef9
13,3042,0.02,NHF,11,3688.478372101134,5207.840703920746,35f6a6573ef9
13,3042,0.02,NHF,12,4692.024762750825,4052.8893292843727,35f6a6573ef9
13,3042,0.02,NHF,13,13739.588102648959,14404.836071776554,35f6a6573ef9
13,3042,0.02,NHF,14,7630.213878168071,4974.998687591361,35f6a6573ef9
13,3042,0.02,NHF,15,11706.906417706425,9438.251796090119,35f6a6573ef9
13,3042,0.02,NDY,1,10012.350774596725,10012.350774596725,35f6a6573ef9
13,3042,0.02,NDY,2,10012.350774596729,9913.206018091758,35f6a6573ef9
13,3042,0.02,NDY,3,10012.350774596729,9828.563387002014,35f6a6573ef9
13,3042,0.02,NDY,4,10012.350774596724,9740.659484155683,35f6a6573ef9
13,3042,0.02,NDY,5,10012.350774596727,9650.532560367194,35f6a6573ef9
13,3042,0.02,NDY,6,10012.350774596729,9567.900358029761,35f6a6573ef9
13,3042,0.02,NDY,7,10012.350774596727,9494.584556379732,35f6a6573ef9
13,3042,0.02,NDY,8,10012.350774596729,9425.560272706503,35f6a6573ef9
13,3042,0.02,NDY,9,10012.350774596729,9354.907863623046,35f6a6573ef9
13,3042,0.02,NDY,10,10012.350774596727,9293.638855859772,35f6a6573ef9
13,3042,0.02,NDY,11,10012.350774596729,9233.157700647751,35f6a6573ef9
13,3042,0.02,NDY,12,10012.350774596733,9170.247541389846,35f6a6573ef9
13,3042,0.02,NDY,13,10012.350774596729,9111.419061327504,35f6a6573ef9
13,3042,0.02,NDY,14,10012.350774596727,9063.41662541586,35f6a6573ef9
13,3042,0.02,NDY,15,10012.350774596729,9015.85096254408,35f6a6573ef9
13,3042,0.02,-10%,1,15170.842630887008,15170.842630887008,35f6a6573ef9
13,3042,0.02,-10%,2,13653.758367798308,13644.23461754988,35f6a6573ef9
13,3042,0.02,-10%,3,12288.382531018478,12267.115588352799,35f6a6573ef9
13,3042,0.02,-10%,4,11059.544277916628,11034.857629267588,35f6a6573ef9
13,3042,0.02,-10%,5,9953.589850124963,9925.930875554055,35f6a6573ef9
13,3042,0.02,-10%,6,8958.230865112471,8933.337787989749,35f6a6573ef9
13,3042,0.02,-10%,7,8062.407778601221,8040.004007921437,35f6a6573ef9
13,3042,0.02,-10%,8,7256.1670007411,7251.105691583012,35f6a6573ef9
13,3042,0.02,-10%,9,6530.5503006669915,6525.995123196929,35f6a6573ef9
13,3042,0.02,-10%,10,5877.495270600292,7447.341062331584,35f6a6573ef9
13,3042,0.02,-10%,11,9640.94558416127,7830.983580392836,35f6a6573ef9
13,3042,0.02,-10%,12,8676.851025745142,7978.774618155771,35f6a6573ef9
13,3042,0.02,-10%,13,9218.335206346463,9582.678121466053,35f6a6573ef9
13,3042,0.02,-10%,14,8296.501685711819,8626.181544349341,35f6a6573ef9
13,3042,0.02,-10%,15,7466.851517140635,7763.563392651574,35f6a6573ef9
13,3042,0.02,-20%,1,18475.76409241876,18475.76409241876,35f6a6573ef9
13,3042,0.02,-20%,2,14780.61127393501,14526.362011683264,35f6a6573ef9
13,3042,0.02,-20%,3,11824.48901914801,11261.746005827246,35f6a6573ef9
13,3042,0.02,-20%,4,9459.591215318409,9468.2824015601,35f6a6573ef9
13,3042,0.02,-20%,5,7567.672972254726,8599.356893660772,35f6a6573ef9
13,3042,0.02,-20%,6,6879.485512840398,6879.485512840398,35f6a6573ef9
13,3042,0.02,-20%,7,7359.639628608061,7359.639628608061,35f6a6573ef9
13,3042,0.02,-20%,8,7936.534767003136,7900.953834859678,35f6a6573ef9
13,3042,0.02,-20%,9,7310.892945886697,7655.7288913254515,35f6a6573ef9
13,3042,0.02,-20%,10,9192.324713409946,8728.139484297073,35f6a6573ef9
13,3042,0.02,-20%,11,7353.859770727958,7651.749837529184,35f6a6573ef9
13,3042,0.02,-20%,12,9013.573148281353,7095.307487400783,35f6a6573ef9
13,3042,0.02,-20%,13,8493.474074676655,9555.56661971578,35f6a6573ef9
13,3042,0.02,-20%,14,6794.7792597413245,7644.4532970010105,35f6a6573ef9
13,3042,0.02,-20%,15,8868.881314177825,7819.315379137192,35f6a6573ef9
13,3042,0.02,+/-10%,1,15163.215266773646,15163.215266773646,35f6a6573ef9
13,3042,0.02,+/-10%,2,13646.893740096284,13636.311846338524,35f6a6573ef9
13,3042,0.02,+/-10%,3,12282.204366086653,12264.489413805484,35f6a6573ef9
13,3042,0.02,+/-10%,4,11053.983929477987,11033.273617138831,35f6a6573ef9
13,3042,0.02,+/-10%,5,9948.585536530189,9923.516746276417,35f6a6573ef9
13,3042,0.02,+/-10%,6,8953.726982877171,8931.16507428658,35f6a6573ef9
13,3042,0.02,+/-10%,7,8058.354284589453,8038.048557921814,35f6a6573ef9
13,3042,0.02,+/-10%,8,7252.518856130507,7246.895205870503,35f6a6573ef9
13,3042,0.02,+/-10%,9,6527.2669705174585,6684.581854054953,35f6a6573ef9
13,3042,0.02,+/-10%,10,7142.679209048729,7421.692997707266,35f6a6573ef9
13,3042,0.02,+/-10%,11,7856.9471299536035,7525.24561911197,35f6a6573ef9
13,3042,0.02,+/-10%,12,8642.641842948964,8277.770180391808,35f6a6573ef9
13,3042,0.02,+/-10%,13,9463.184595510456,9556.795751434052,35f6a6573ef9
13,3042,0.02,+/-10%,14,8516.866135959415,8602.12512756776,35f6a6573ef9
13,3042,0.02,+/-10%,15,7665.179522363472,7741.79271832952,35f6a6573ef9
13,3042,0.02,+/-20%,1,18475.655420868487,18475.655420868487,35f6a6573ef9
13,3042,0.02,+/-20%,2,14780.524336694789,14527.117183743674,35f6a6573ef9
13,3042,0.02,+/-20%,3,11824.419469355831,11249.342824246074,35f6a6573ef9
13,3042,0.02,+/-20%,4,9459.535575484666,9483.367998066218,35f6a6573ef9
13,3042,0.02,+/-20%,5,7567.628460387733,8599.356893660772,35f6a6573ef9
13,3042,0.02,+/-20%,6,6879.485512840398,6879.485512840398,35f6a6573ef9
13,3042,0.02,+/-20%,7,7359.639628608061,7359.639628608061,35f6a6573ef9
13,3042,0.02,+/-20%,8,7904.524767090092,7868.322789724416,35f6a6573ef9
13,3042,0.02,+/-20%,9,7507.111753946653,7729.290005353583,35f6a6573ef9
13,3042,0.02,+/-20%,10,9008.534104735983,8687.209415404202,35f6a6573ef9
13,3042,0.02,+/-20%,11,7382.228852692807,7392.076732205201,35f6a6573ef9
13,3042,0.02,+/-20%,12,8858.674623231369,7411.688471222239,35f6a6573ef9
13,3042,0.02,+/-20%,13,8180.620219820988,9555.26164470717,35f6a6573ef9
13,3042,0.02,+/-20%,14,7355.099039179517,7644.209318381492,35f6a6573ef9
13,3042,0.02,+/-20%,15,8826.118847015417,7787.926422800968,35f6a6573ef9
13,3042,0.04,NHF,1,37872.42419284732,37872.42419284732,35f6a6573ef9
13,3042,0.04,NHF,2,3221.013659646467,3221.013659646467,35f6a6573ef9
13,3042,0.04,NHF,3,6467.211003012084,6467.211003012084,35f6a6573ef9
13,3042,0.04,NHF,4,4374.191285113383,4374.191285113383,35f6a6573ef9
13,3042,0.04,NHF,5,3286.219595912164,3286.219595912164,35f6a6573ef9
13,3042,0.04,NHF,6,6879.485512840398,6879.485512840398,35f6a6573ef9
13,3042,0.04,NHF,7,9856.049749847014,9856.049749847014,35f6a6573ef9
13,3042,0.04,NHF,8,8898.841214329319,8898.841214329319,35f6a6573ef9
13,3042,0.04,NHF,9,17286.471651566968,17286.471651566968,35f6a6573ef9
13,3042,0.04,NHF,10,3758.873599945522,3758.873599945522,35f6a6573ef9
13,3042,0.04,NHF,11,4958.146979781952,4958.146979781952,35f6a6573ef9
13,3042,0.04,NHF,12,4732.783965750741,4732.783965750741,35f6a6573ef9
13,3042,0.04,NHF,13,9888.945615709976,9888.945615709976,35f6a6573ef9
13,3042,0.04,NHF,14,5555.48116850535,5555.48116850535,35f6a6573ef9
13,3042,0.04,NHF,15,10059.13487401636,10059.13487401636,35f6a6573ef9
13,3042,0.04,NDY,1,9943.389193896943,9943.389193896943,35f6a6573ef9
13,3042,0.04,NDY,2,9943.389193896945,9834.717848765456,35f6a6573ef9
13,3042,0.04,NDY,3,9943.389193896946,9735.163881872191,35f6a6573ef9
13,3042,0.04,NDY,4,9943.389193896943,9632.58713568429,35f6a6573ef9
13,3042,0.04,NDY,5,9943.389193896945,9523.871412775656,35f6a6573ef9
13,3042,0.04,NDY,6,9943.389193896945,9423.542072626018,35f6a6573ef9
13,3042,0.04,NDY,7,9943.389193896943,9335.697366430126,35f6a6573ef9
13,3042,0.04,NDY,8,9943.389193896943,9254.329420892305,35f6a6573ef9
13,3042,0.04,NDY,9,9943.389193896943,9176.594355312296,35f6a6573ef9
13,3042,0.04,NDY,10,9943.389193896945,9103.848661548855,35f6a6573ef9
13,3042,0.04,NDY,11,9943.389193896945,9024.14886755918,35f6a6573ef9
13,3042,0.04,NDY,12,9943.389193896946,8952.689443163763,35f6a6573ef9
13,3042,0.04,NDY,13,9943.389193896945,8877.76074545662,35f6a6573ef9
13,3042,0.04,NDY,14,9943.389193896945,8823.674160236525,35f6a6573ef9
13,3042,0.04,NDY,15,9943.389193896945,8759.794396112336,35f6a6573ef9
13,3042,0.04,-10%,1,15157.857035023737,15157.857035023737,35f6a6573ef9
13,3042,0.04,-10%,2,13642.071331521362,13636.987679712649,35f6a6573ef9
13,3042,0.04,-10%,3,12277.864198369229,12271.975151259183,35f6a6573ef9
13,3042,0.04,-10%,4,11050.077778532303,11033.146477972961,35f6a6573ef9
13,3042,0.04,-10%,5,9945.070000679072,9925.462860631787,35f6a6573ef9
13,3042,0.04,-10%,6,8950.563000611166,8929.736436013236,35f6a6573ef9
13,3042,0.04,-10%,7,8055.506700550049,8036.762791317608,35f6a6573ef9
13,3042,0.04,-10%,8,7249.956030495044,7246.478605887588,35f6a6573ef9
13,3042,0.04,-10%,9,6524.960427445542,6521.830745129534,35f6a6573ef9
13,3042,0.04,-10%,10,5872.4643847009875,5869.647674519141,35f6a6573ef9
13,3042,0.04,-10%,11,8517.578509236611,9016.612013403708,35f6a6573ef9
13,3042,0.04,-10%,12,9136.393466954802,8963.747371594116,35f6a6573ef9
13,3042,0.04,-10%,13,9407.87753288758,9124.133914084165,35f6a6573ef9
13,3042,0.04,-10%,14,8467.089779598822,8211.287953409454,35f6a6573ef9
13,3042,0.04,-10%,15,7620.3808016389385,7390.156394259098,35f6a6573ef9
13,3042,0.04,-20%,1,18491.967696649503,18491.967696649503,35f6a6573ef9
13,3042,0.04,-20%,2,14793.574157319603,14783.810295178844,35f6a6573ef9
13,3042,0.04,-20%,3,11834.859325855683,11829.447035044113,35f6a6573ef9
13,3042,0.04,-20%,4,9467.887460684547,9463.557630884268,35f6a6573ef9
13,3042,0.04,-20%,5,7574.309968547638,7570.846105183336,35f6a6573ef9
13,3042,0.04,-20%,6,6879.485512840398,6879.485512840398,35f6a6573ef9
13,3042,0.04,-20%,7,6352.190010200329,6352.190010200329,35f6a6573ef9
13,3042,0.04,-20%,8,6852.489991025316,7351.546510881932,35f6a6573ef9
13,3042,0.04,-20%,9,10140.432458767522,9641.375940134925,35f6a6573ef9
13,3042,0.04,-20%,10,9365.195924371084,9050.970085074672,35f6a6573ef9
13,3042,0.04,-20%,11,7736.422755164731,7882.238491926511,35f6a6573ef9
13,3042,0.04,-20%,12,7840.296977940138,8006.116027852209,35f6a6573ef9
13,3042,0.04,-20%,13,7589.224919815679,7591.815971214228,35f6a6573ef9
13,3042,0.04,-20%,14,6442.119690099751,6941.176209956366,35f6a6573ef9
13,3042,0.04,-20%,15,7866.943366393082,7367.886846536467,35f6a6573ef9
13,3042,0.04,+/-10%,1,15143.54990911296,15143.54990911296,35f6a6573ef9
13,3042,0.04,+/-10%,2,13629.194918201669,13618.470999629462,35f6a6573ef9
13,3042,0.04,+/-10%,3,12266.275426381499,12251.388939492663,35f6a6573ef9
13,3042,0.04,+/-10%,4,11039.647883743348,11018.538508222802,35f6a6573ef9
13,3042,0.04,+/-10%,5,9935.68309536901,9911.228217442776,35f6a6573ef9
13,3042,0.04,+/-10%,6,8942.114785832111,8920.105395594193,35f6a6573ef9
13,3042,0.04,+/-10%,7,8047.903307248901,8028.094853081317,35f6a6573ef9
13,3042,0.04,+/-10%,8,7243.112976524009,7234.322654760258,35f6a6573ef9
13,3042,0.04,+/-10%,9,6518.801678871611,6510.890393978167,35f6a6573ef9
13,3042,0.04,+/-10%,10,6928.719269896615,7068.646953637592,35f6a6573ef9
13,3042,0.04,+/-10%,11,7621.591196886277,7775.51165056081,35f6a6573ef9
13,3042,0.04,+/-10%,12,8383.750316574908,8553.062813798037,35f6a6573ef9
13,3042,0.04,+/-10%,13,9222.125348232395,9403.957267271198,35f6a6573ef9
13,3042,0.04,+/-10%,14,9068.652120013718,8463.561540316985,35f6a6573ef9
13,3042,0.04,+/-10%,15,8161.786908012344,7617.205385018443,35f6a6573ef9
13,3042,0.04,+/-20%,1,18487.228196419655,18487.228196419655,35f6a6573ef9
13,3042,0.04,+/-20%,2,14789.782557135724,14782.89968985463,35f6a6573ef9
13,3042,0.04,+/-20%,3,11831.82604570858,11826.177196132994,35f6a6573ef9
13,3042,0.04,+/-20%,4,9465.460836566863,9460.941751240134,35f6a6573ef9
13,3042,0.04,+/-20%,5,7572.368669253493,7568.753402115957,35f6a6573ef9
13,3042,0.04,+/-20%,6,6879.485512840398,6879.485512840398,35f6a6573ef9
13,3042,0.04,+/-20%,7,6352.190010200329,6352.190010200329,35f6a6573ef9
13,3042,0.04,+/-20%,8,7497.948663960058,7622.6280136258865,35f6a6573ef9
13,3042,0.04,+/-20%,9,8997.53839675207,9147.153614927463,35f6a6573ef9
13,3042,0.04,+/-20%,10,9777.252260342515,9646.600195853629,35f6a6573ef9
13,3042,0.04,+/-20%,11,7821.801808274013,7717.280155252356,35f6a6573ef9
13,3042,0.04,+/-20%,12,7841.959020086986,7039.154047116252,35f6a6573ef9
13,3042,0.04,+/-20%,13,7587.562877668831,8351.247000308887,35f6a6573ef9
13,3042,0.04,+/-20%,14,6982.316719736579,7106.99607006256,35f6a6573ef9
13,3042,0.04,+/-20%,15,7432.007980054168,6723.836484834442,35f6a6573ef9
13,3042,0.06,NHF,1,37872.42419284732,37872.42419284732,35f6a6573ef9
13,3042,0.06,NHF,2,3221.013659646467,3221.013659646467,35f6a6573ef9
13,3042,0.06,NHF,3,6467.211003012084,6467.211003012084,35f6a6573ef9
13,3042,0.06,NHF,4,4374.191285113383,4374.191285113383,35f6a6573ef9
13,3042,0.06,NHF,5,3286.219595912164,3286.219595912164,35f6a6573ef9
13,3042,0.06,NHF,6,6879.485512840398,6879.485512840398,35f6a6573ef9
13,3042,0.06,NHF,7,9856.049749847014,9856.049749847014,35f6a6573ef9
13,3042,0.06,NHF,8,8898.841214329319,8898.841214329319,35f6a6573ef9
13,3042,0.06,NHF,9,17286.471651566968,17286.471651566968,35f6a6573ef9
13,3042,0.06,NHF,10,3758.873599945522,3758.873599945522,35f6a6573ef9
13,3042,0.06,NHF,11,4958.146979781952,4958.146979781952,35f6a6573ef9
13,3042,0.06,NHF,12,4732.783965750741,4732.783965750741,35f6a6573ef9
13,3042,0.06,NHF,13,9888.945615709976,9888.945615709976,35f6a6573ef9
13,3042,0.06,NHF,14,5555.48116850535,5555.48116850535,35f6a6573ef9
13,3042,0.06,NHF,15,10059.13487401636,10059.13487401636,35f6a6573ef9
13,3042,0.06,NDY,1,9898.252445048782,9898.252445048782,35f6a6573ef9
13,3042,0.06,NDY,2,9898.252445048784,9719.704550888595,35f6a6573ef9
13,3042,0.06,NDY,3,9898.252445048784,9623.62170154875,35f6a6573ef9
13,3042,0.06,NDY,4,9898.252445048782,9517.192582104006,35f6a6573ef9
13,3042,0.06,NDY,5,9898.252445048782,9401.758763434016,35f6a6573ef9
13,3042,0.06,NDY,6,9898.252445048784,9303.655959604397,35f6a6573ef9
13,3042,0.06,NDY,7,9898.252445048782,9204.918275711932,35f6a6573ef9
13,3042,0.06,NDY,8,9898.252445048782,9106.413225625296,35f6a6573ef9
13,3042,0.06,NDY,9,9898.252445048784,9035.466315168196,35f6a6573ef9
13,3042,0.06,NDY,10,9898.252445048784,8973.025959909615,35f6a6573ef9
13,3042,0.06,NDY,11,9898.252445048784,8909.865740066394,35f6a6573ef9
13,3042,0.06,NDY,12,9898.252445048784,8838.624881756914,35f6a6573ef9
13,3042,0.06,NDY,13,9898.252445048782,8775.69114049318,35f6a6573ef9
13,3042,0.06,NDY,14,9898.252445048782,8718.37392127846,35f6a6573ef9
13,3042,0.06,NDY,15,9898.252445048778,8628.111492063936,35f6a6573ef9
13,3042,0.06,-10%,1,15089.674175970706,15089.674175970706,35f6a6573ef9
13,3042,0.06,-10%,2,13580.706758373633,13544.413612016788,35f6a6573ef9
13,3042,0.06,-10%,3,12222.636082536274,12177.367259960298,35f6a6573ef9
13,3042,0.06,-10%,4,11000.372474282643,10956.02356251217,35f6a6573ef9
13,3042,0.06,-10%,5,9900.33522685438,9860.421210163413,35f6a6573ef9
13,3042,0.06,-10%,6,8910.301704168944,8874.379083946615,35f6a6573ef9
13,3042,0.06,-10%,7,8019.271533752048,7986.941177860105,35f6a6573ef9
13,3042,0.06,-10%,8,7217.344380376843,7190.613592062812,35f6a6573ef9
13,3042,0.06,-10%,9,6495.609942339159,6471.552236411281,35f6a6573ef9
13,3042,0.06,-10%,10,5846.048948105243,5824.397009037423,35f6a6573ef9
13,3042,0.06,-10%,11,9248.121372431438,9189.517564134652,35f6a6573ef9
13,3042,0.06,-10%,12,8615.345729033399,9680.928936464987,35f6a6573ef9
13,3042,0.06,-10%,13,9451.876769084138,8712.662465955402,35f6a6573ef9
13,3042,0.06,-10%,14,8506.689092175722,7841.396217676258,35f6a6573ef9
13,3042,0.06,-10%,15,7656.02018295815,7057.256597130906,35f6a6573ef9
13,3042,0.06,-20%,1,18450.992110485044,18450.992110485044,35f6a6573ef9
13,3042,0.06,-20%,2,14760.793688388037,14740.552816062771,35f6a6573ef9
13,3042,0.06,-20%,3,11808.63495071043,11786.715560045199,35f6a6573ef9
13,3042,0.06,-20%,4,9446.907960568346,9429.372450823525,35f6a6573ef9
13,3042,0.06,-20%,5,7557.526368454676,7543.497959162877,35f6a6573ef9
13,3042,0.06,-20%,6,6879.485512840398,6879.485512840398,35f6a6573ef9
13,3042,0.06,-20%,7,6036.724116122636,6036.724116122636,35f6a6573ef9
13,3042,0.06,-20%,8,6824.707746168392,6824.707746168392,35f6a6573ef9
13,3042,0.06,-20%,9,11274.963245909068,10875.06354870868,35f6a6573ef9
13,3042,0.06,-20%,10,9019.970596727255,9690.523269611878,35f6a6573ef9
13,3042,0.06,-20%,11,7506.18258121267,7752.4186139747635,35f6a6573ef9
13,3042,0.06,-20%,12,7515.123336616181,6520.696857236729,35f6a6573ef9
13,3042,0.06,-20%,13,7383.115520450905,7814.639452596782,35f6a6573ef9
13,3042,0.06,-20%,14,6194.82143480179,6251.71156079679,35f6a6573ef9
13,3042,0.06,-20%,15,8582.650237139927,8155.880552181877,35f6a6573ef9
13,3042,0.06,+/-10%,1,15087.043235213087,15087.043235213087,35f6a6573ef9
13,3042,0.06,+/-10%,2,13578.338911691775,13545.432335584914,35f6a6573ef9
13,3042,0.06,+/-10%,3,12220.505020522602,12167.070211484803,35f6a6573ef9
13,3042,0.06,+/-10%,4,10998.454518470338,10945.09144435544,35f6a6573ef9
13,3042,0.06,+/-10%,5,9898.609066623301,9850.582300866197,35f6a6573ef9
13,3042,0.06,+/-10%,6,8908.748159960975,8865.524069978168,35f6a6573ef9
13,3042,0.06,+/-10%,7,8017.873343964876,7978.971665438007,35f6a6573ef9
13,3042,0.06,+/-10%,8,7216.086009568388,7184.533287897611,35f6a6573ef9
13,3042,0.06,+/-10%,9,6494.477408611549,6466.079954788933,35f6a6573ef9
13,3042,0.06,+/-10%,10,6960.188878591018,7089.887563049662,35f6a6573ef9
13,3042,0.06,+/-10%,11,7656.20776645012,7798.876320219896,35f6a6573ef9
13,3042,0.06,+/-10%,12,8421.828543095135,8653.991524971136,35f6a6573ef9
13,3042,0.06,+/-10%,13,9264.011397404647,9327.405689360678,35f6a6573ef9
13,3042,0.06,+/-10%,14,9066.036634539105,8394.665121505908,35f6a6573ef9
13,3042,0.06,+/-10%,15,8159.432971085194,7555.1986089096035,35f6a6573ef9
13,3042,0.06,+/-20%,1,18446.645510958286,18446.645510958286,35f6a6573ef9
13,3042,0.06,+/-20%,2,14757.31640876662,14751.690968459216,35f6a6573ef9
13,3042,0.06,+/-20%,3,11805.853127013299,11775.563788580448,35f6a6573ef9
13,3042,0.06,+/-20%,4,9444.68250161064,9410.789995947207,35f6a6573ef9
13,3042,0.06,+/-20%,5,7555.746001288511,7528.631996530283,35f6a6573ef9
13,3042,0.06,+/-20%,6,6879.485512840398,6879.485512840398,35f6a6573ef9
13,3042,0.06,+/-20%,7,6125.607401731876,6125.607401210078,35f6a6573ef9
13,3042,0.06,+/-20%,8,7350.728882078254,7350.728882922843,35f6a6573ef9
13,3042,0.06,+/-20%,9,8820.874658493907,9303.617503845373,35f6a6573ef9
13,3042,0.06,+/-20%,10,10507.018931509,9988.683973801424,35f6a6573ef9
13,3042,0.06,+/-20%,11,8405.615145207199,8468.03967141342,35f6a6573ef9
13,3042,0.06,+/-20%,12,7221.409191212164,7550.811009492478,35f6a6573ef9
13,3042,0.06,+/-20%,13,7524.586284774017,6862.181985608935,35f6a6573ef9
13,3042,0.06,+/-20%,14,6720.842570711652,6720.842571556241,35f6a6573ef9
13,3042,0.06,+/-20%,15,7128.678443497516,6024.380039736119,35f6a6573ef9
13,4042,0.0,NHF,1,2926.2206418366663,2926.2206418366663,35f6a6573ef9
13,4042,0.0,NHF,2,1899.6371208474998,214.6082112533333,35f6a6573ef9
13,4042,0.0,NHF,3,9113.13853904466,20.78533405,35f6a6573ef9
13,4042,0.0,NHF,4,6432.3827040925,11264.366486454737,35f6a6573ef9
13,4042,0.0,NHF,5,25204.14857942351,15312.271576471601,35f6a6573ef9
13,4042,0.0,NHF,6,10591.199129164746,7036.27345077681,35f6a6573ef9
13,4042,0.0,NHF,7,19433.06022879537,9822.642668280288,35f6a6573ef9
13,4042,0.0,NHF,8,10630.275148211387,12129.101176087712,35f6a6573ef9
13,4042,0.0,NHF,9,6333.517290237856,10421.615453154334,35f6a6573ef9
13,4042,0.0,NHF,10,1114.04927136,8901.05125287033,35f6a6573ef9
13,4042,0.0,NHF,11,108.57433877,10959.509135973902,35f6a6573ef9
13,4042,0.0,NHF,12,1707.7898549849997,10984.58253463003,35f6a6573ef9
13,4042,0.0,NHF,13,1926.2516308199997,6674.961355570376,35f6a6573ef9
13,4042,0.0,NHF,14,4727.518388190909,9047.093175541426,35f6a6573ef9
13,4042,0.0,NHF,15,73841.04274617195,8274.250250728119,35f6a6573ef9
13,4042,0.0,NDY,1,2253.3302204725624,2253.3302204725624,35f6a6573ef9
13,4042,0.0,NDY,2,10883.256995585896,9040.539631295645,35f6a6573ef9
13,4042,0.0,NDY,3,10883.256995585902,9013.56652282595,35f6a6573ef9
13,4042,0.0,NDY,4,10883.256995585907,10173.819273434397,35f6a6573ef9
13,4042,0.0,NDY,5,10883.256995585905,10527.632074526788,35f6a6573ef9
13,4042,0.0,NDY,6,10883.256995585907,10245.751503572912,35f6a6573ef9
13,4042,0.0,NDY,7,10883.256995585909,10095.527802528739,35f6a6573ef9
13,4042,0.0,NDY,8,10883.256995585907,10030.346151801057,35f6a6573ef9
13,4042,0.0,NDY,9,10883.256995585905,9946.882892162355,35f6a6573ef9
13,4042,0.0,NDY,10,10883.256995585907,9587.282430465231,35f6a6573ef9
13,4042,0.0,NDY,11,10883.256995585909,9268.268049708027,35f6a6573ef9
13,4042,0.0,NDY,12,10883.256995585905,9095.006370092078,35f6a6573ef9
13,4042,0.0,NDY,13,10883.256995585907,8951.36501454209,35f6a6573ef9
13,4042,0.0,NDY,14,10883.256995585907,8833.501780369439,35f6a6573ef9
13,4042,0.0,NDY,15,10883.256995585907,7107.961370634099,35f6a6573ef9
13,4042,0.0,-10%,1,4886.5855270900365,4886.5855270900365,35f6a6573ef9
13,4042,0.0,-10%,2,4397.9269743810355,4312.7714936625,35f6a6573ef9
13,4042,0.0,-10%,3,3958.1342769429284,4644.810852374296,35f6a6573ef9
13,4042,0.0,-10%,4,14425.167925426413,15006.615239056075,35f6a6573ef9
13,4042,0.0,-10%,5,12982.651132883771,13766.2534367771,35f6a6573ef9
13,4042,0.0,-10%,6,11684.386019595393,12089.46319321891,35f6a6573ef9
13,4042,0.0,-10%,7,10515.947417635856,11185.792859876678,35f6a6573ef9
13,4042,0.0,-10%,8,9464.35267587227,7520.587047274372,35f6a6573ef9
13,4042,0.0,-10%,9,8517.917408285046,10578.130729754264,35f6a6573ef9
13,4042,0.0,-10%,10,8237.054026706479,9770.895561426507,35f6a6573ef9
13,4042,0.0,-10%,11,15216.123556822206,9362.332304050065,35f6a6573ef9
13,4042,0.0,-10%,12,14929.021941818799,6776.311333757626,35f6a6573ef9
13,4042,0.0,-10%,13,13436.11974763692,8622.398843235784,35f6a6573ef9
13,4042,0.0,-10%,14,12092.507772873229,5782.7382574375,35f6a6573ef9
13,4042,0.0,-10%,15,10883.256995585907,8200.815981292077,35f6a6573ef9
13,4042,0.0,-20%,1,4961.39315038,4961.39315038,35f6a6573ef9
13,4042,0.0,-20%,2,4174.947438757047,4556.882805684643,35f6a6573ef9
13,4042,0.0,-20%,3,3339.9579510056383,5236.597239729594,35f6a6573ef9
13,4042,0.0,-20%,4,13549.404893232151,11369.81937236729,35f6a6573ef9
13,4042,0.0,-20%,5,15840.26867563153,17183.585685652106,35f6a6573ef9
13,4042,0.0,-20%,6,12672.214940505222,11588.006001060323,35f6a6573ef9
13,4042,0.0,-20%,7,10137.77195240418,9077.52075693094,35f6a6573ef9
13,4042,0.0,-20%,8,8110.217561923344,12263.408669263745,35f6a6573ef9
13,4042,0.0,-20%,9,7414.81479616062,7447.7712902531175,35f6a6573ef9
13,4042,0.0,-20%,10,8237.054026706479,9155.266221640815,35f6a6573ef9
13,4042,0.0,-20%,11,11860.993388217867,11517.061952238822,35f6a6573ef9
13,4042,0.0,-20%,12,13977.310481858725,7962.25450336246,35f6a6573ef9
13,4042,0.0,-20%,13,17005.089055602977,6523.062569379415,35f6a6573ef9
13,4042,0.0,-20%,14,13604.071244482386,6050.606126954404,35f6a6573ef9
13,4042,0.0,-20%,15,10883.256995585905,8800.02985726781,35f6a6573ef9
13,4042,0.0,+/-10%,1,6559.8296649899985,6559.8296649899985,35f6a6573ef9
13,4042,0.0,+/-10%,2,7215.812631488999,7372.789423737667,35f6a6573ef9
13,4042,0.0,+/-10%,3,7937.393894637901,8431.865205415768,35f6a6573ef9
13,4042,0.0,+/-10%,4,8731.13328410169,9948.74000344026,35f6a6573ef9
13,4042,0.0,+/-10%,5,9604.246612511859,12160.297369948812,35f6a6573ef9
13,4042,0.0,+/-10%,6,10564.671273763048,10146.321845110946,35f6a6573ef9
13,4042,0.0,+/-10%,7,10260.280873837366,11308.090091908203,35f6a6573ef9
13,4042,0.0,+/-10%,8,9703.13794956244,8460.578727707865,35f6a6573ef9
13,4042,0.0,+/-10%,9,10673.451744518683,9778.9884652145,35f6a6573ef9
13,4042,0.0,+/-10%,10,11740.796918970555,9473.256144368053,35f6a6573ef9
13,4042,0.0,+/-10%,11,12914.876610867612,9975.303968482749,35f6a6573ef9
13,4042,0.0,+/-10%,12,14206.364271954375,7882.685591164091,35f6a6573ef9
13,4042,0.0,+/-10%,13,13436.119747636927,8287.42429144578,35f6a6573ef9
13,4042,0.0,+/-10%,14,12092.507772873232,8418.09803249873,35f6a6573ef9
13,4042,0.0,+/-10%,15,10883.256995585907,8746.096395254468,35f6a6573ef9
13,4042,0.0,+/-20%,1,5366.965937647447,5366.965937647447,35f6a6573ef9
13,4042,0.0,+/-20%,2,6440.359125176936,6687.959153747949,35f6a6573ef9
13,4042,0.0,+/-20%,3,7728.430950212324,8508.384281825498,35f6a6573ef9
13,4042,0.0,+/-20%,4,9274.117140254788,10405.20101227954,35f6a6573ef9
13,4042,0.0,+/-20%,5,11128.940568305741,13933.185236675477,35f6a6573ef9
13,4042,0.0,+/-20%,6,13212.171497066282,9231.507285917247,35f6a6573ef9
13,4042,0.0,+/-20%,7,10569.737197653028,9817.002386444155,35f6a6573ef9
13,4042,0.0,+/-20%,8,8474.786994618627,9113.404928425727,35f6a6573ef9
13,4042,0.0,+/-20%,9,8040.118035694978,10151.96484051944,35f6a6573ef9
13,4042,0.0,+/-20%,10,9648.141642833973,9537.941385944863,35f6a6573ef9
13,4042,0.0,+/-20%,11,11577.769971400769,12068.737634302634,35f6a6573ef9
13,4042,0.0,+/-20%,12,13893.323965680918,6946.140987028754,35f6a6573ef9
13,4042,0.0,+/-20%,13,16671.988758817104,8335.369186055781,35f6a6573ef9
13,4042,0.0,+/-20%,14,13604.07124448238,7094.948750596541,35f6a6573ef9
13,4042,0.0,+/-20%,15,10883.256995585903,7898.922063119861,35f6a6573ef9
13,4042,0.02,NHF,1,33842.465220746,33842.465220746,35f6a6573ef9
13,4042,0.02,NHF,2,4571.7901769136015,5483.9217293461625,35f6a6573ef9
13,4042,0.02,NHF,3,5278.794791125472,4957.166375384467,35f6a6573ef9
13,4042,0.02,NHF,4,3184.3451018374953,4837.399458025669,35f6a6573ef9
13,4042,0.02,NHF,5,16156.749197074763,13140.820230179446,35f6a6573ef9
13,4042,0.02,NHF,6,5666.138451194274,5666.138451194274,35f6a6573ef9
13,4042,0.02,NHF,7,9969.89330503144,9969.893305031439,35f6a6573ef9
13,4042,0.02,NHF,8,9643.171402025218,9643.171402025217,35f6a6573ef9
13,4042,0.02,NHF,9,9253.718859446226,10000.834579455435,35f6a6573ef9
13,4042,0.02,NHF,10,3986.8889997664905,3877.0744602310483,35f6a6573ef9
13,4042,0.02,NHF,11,6263.242014469138,9518.254604687387,35f6a6573ef9
13,4042,0.02,NHF,12,6289.319606190296,4951.182513053181,35f6a6573ef9
13,4042,0.02,NHF,13,15989.222321259047,15128.457756051877,35f6a6573ef9
13,4042,0.02,NHF,14,6874.6071973188755,5172.012296401257,35f6a6573ef9
13,4042,0.02,NHF,15,11167.291249746217,8763.078289029245,35f6a6573ef9
13,4042,0.02,NDY,1,10270.37462075262,10270.37462075262,35f6a6573ef9
13,4042,0.02,NDY,2,10270.374620752624,10175.718782915745,35f6a6573ef9
13,4042,0.02,NDY,3,10270.374620752624,10082.688948344532,35f6a6573ef9
13,4042,0.02,NDY,4,10270.374620752624,9988.920487924286,35f6a6573ef9
13,4042,0.02,NDY,5,10270.37462075262,9901.224412625228,35f6a6573ef9
13,4042,0.02,NDY,6,10270.374620752624,9816.240548407559,35f6a6573ef9
13,4042,0.02,NDY,7,10270.374620752624,9735.845808311748,35f6a6573ef9
13,4042,0.02,NDY,8,10270.374620752624,9667.083388732342,35f6a6573ef9
13,4042,0.02,NDY,9,10270.374620752622,9599.187665691748,35f6a6573ef9
13,4042,0.02,NDY,10,10270.374620752624,9536.541966649504,35f6a6573ef9
13,4042,0.02,NDY,11,10270.374620752622,9476.27532781642,35f6a6573ef9
13,4042,0.02,NDY,12,10270.374620752624,9415.555479462777,35f6a6573ef9
13,4042,0.02,NDY,13,10270.374620752622,9354.739754852808,35f6a6573ef9
13,4042,0.02,NDY,14,10270.374620752624,9300.85650930341,35f6a6573ef9
13,4042,0.02,NDY,15,10270.374620752626,9241.945119034153,35f6a6573ef9
13,4042,0.02,-10%,1,15594.085392475883,15594.085392475883,35f6a6573ef9
13,4042,0.02,-10%,2,14034.676853228299,14034.30832655856,35f6a6573ef9
13,4042,0.02,-10%,3,12631.209167905476,12603.808037949644,35f6a6573ef9
13,4042,0.02,-10%,4,11368.088251114921,11326.019618184597,35f6a6573ef9
13,4042,0.02,-10%,5,10231.279426003432,10180.335036784692,35f6a6573ef9
13,4042,0.02,-10%,6,9208.15148340309,9162.301532240726,35f6a6573ef9
13,4042,0.02,-10%,7,8287.33633506278,8246.071376101896,35f6a6573ef9
13,4042,0.02,-10%,8,7458.602701556503,7458.406853234639,35f6a6573ef9
13,4042,0.02,-10%,9,6712.742431400853,6712.566166699529,35f6a6573ef9
13,4042,0.02,-10%,10,6041.468188260769,7134.123548086308,35f6a6573ef9
13,4042,0.02,-10%,11,9279.755120901078,8423.727620644026,35f6a6573ef9
13,4042,0.02,-10%,12,10332.311624672962,9021.022368895574,35f6a6573ef9
13,4042,0.02,-10%,13,9299.080462205671,9689.735671517179,35f6a6573ef9
13,4042,0.02,-10%,14,8369.172415985102,8721.55216890977,35f6a6573ef9
13,4042,0.02,-10%,15,7532.255174386592,7849.694279425133,35f6a6573ef9
13,4042,0.02,-20%,1,19165.60244431055,19165.60244431055,35f6a6573ef9
13,4042,0.02,-20%,2,15332.481955448447,15049.92785629844,35f6a6573ef9
13,4042,0.02,-20%,3,12265.985564358763,11863.76649481539,35f6a6573ef9
13,4042,0.02,-20%,4,9812.788451487006,9594.415871268044,35f6a6573ef9
13,4042,0.02,-20%,5,7850.230761189606,8449.707241053975,35f6a6573ef9
13,4042,0.02,-20%,6,6280.184608951685,6759.765796631775,35f6a6573ef9
13,4042,0.02,-20%,7,7454.216054123794,7454.216054123794,35f6a6573ef9
13,4042,0.02,-20%,8,8382.740886811522,8049.882074338888,35f6a6573ef9
13,4042,0.02,-20%,9,6706.1927094492185,8595.138011531311,35f6a6573ef9
13,4042,0.02,-20%,10,8931.909941443535,7543.387327175166,35f6a6573ef9
13,4042,0.02,-20%,11,9287.527171706965,8282.459126546637,35f6a6573ef9
13,4042,0.02,-20%,12,10613.71729809773,9601.251081418603,35f6a6573ef9
13,4042,0.02,-20%,13,8740.891591425103,9656.962336537472,35f6a6573ef9
13,4042,0.02,-20%,14,6992.71327314008,7725.569867356492,35f6a6573ef9
13,4042,0.02,-20%,15,7377.148439210125,7259.576053335042,35f6a6573ef9
13,4042,0.02,+/-10%,1,15568.518858827727,15568.518858827727,35f6a6573ef9
13,4042,0.02,+/-10%,2,14011.666972944957,14011.768540379624,35f6a6573ef9
13,4042,0.02,+/-10%,3,12610.50027565047,12601.222251863079,35f6a6573ef9
13,4042,0.02,+/-10%,4,11349.450248085423,11321.202203234052,35f6a6573ef9
13,4042,0.02,+/-10%,5,10214.505223276876,10150.766972988302,35f6a6573ef9
13,4042,0.02,+/-10%,6,9193.054700949191,9135.368471186504,35f6a6573ef9
13,4042,0.02,+/-10%,7,8273.749230854271,8221.831622345204,35f6a6573ef9
13,4042,0.02,+/-10%,8,7446.374307768845,7390.843812255714,35f6a6573ef9
13,4042,0.02,+/-10%,9,6802.9773255481905,6897.681996958226,35f6a6573ef9
13,4042,0.02,+/-10%,10,7483.275058103009,7587.450200413393,35f6a6573ef9
13,4042,0.02,+/-10%,11,8231.60256391331,8524.706103748547,35f6a6573ef9
13,4042,0.02,+/-10%,12,9054.762820304642,8962.99090442823,35f6a6573ef9
13,4042,0.02,+/-10%,13,9674.753707883228,9333.477071578109,35f6a6573ef9
13,4042,0.02,+/-10%,14,8707.27833709491,8407.663019442627,35f6a6573ef9
13,4042,0.02,+/-10%,15,7836.550503385415,7452.8332830073405,35f6a6573ef9
13,4042,0.02,+/-20%,1,19161.449366616558,19161.449366616558,35f6a6573ef9
13,4042,0.02,+/-20%,2,15329.15949329325,15052.735951782526,35f6a6573ef9
13,4042,0.02,+/-20%,3,12263.327594634606,11867.070829088596,35f6a6573ef9
13,4042,0.02,+/-20%,4,9810.662075707682,9597.059339961454,35f6a6573ef9
13,4042,0.02,+/-20%,5,7848.529660566145,8449.707241053975,35f6a6573ef9
13,4042,0.02,+/-20%,6,6278.823728452917,6759.765796631775,35f6a6573ef9
13,4042,0.02,+/-20%,7,7454.216054123794,7454.216054123794,35f6a6573ef9
13,4042,0.02,+/-20%,8,8529.628207364798,7870.010596301907,35f6a6573ef9
13,4042,0.02,+/-20%,9,6877.925620145327,8934.088230649031,35f6a6573ef9
13,4042,0.02,+/-20%,10,8253.510744174391,7590.832560848221,35f6a6573ef9
13,4042,0.02,+/-20%,11,9506.590991997331,8074.19972285602,35f6a6573ef9
13,4042,0.02,+/-20%,12,10755.384016404516,9317.945979061564,35f6a6573ef9
13,4042,0.02,+/-20%,13,8904.547574056878,9830.023449222826,35f6a6573ef9
13,4042,0.02,+/-20%,14,7123.6380592455025,7864.018757481491,35f6a6573ef9
13,4042,0.02,+/-20%,15,7030.05965386386,7079.704575298061,35f6a6573ef9
13,4042,0.04,NHF,1,38333.99023787489,38333.99023787489,35f6a6573ef9
13,4042,0.04,NHF,2,4354.877593860518,4354.877593860518,35f6a6573ef9
13,4042,0.04,NHF,3,5219.865756992813,5219.865756992813,35f6a6573ef9
13,4042,0.04,NHF,4,5903.176077768887,5903.176077768887,35f6a6573ef9
13,4042,0.04,NHF,5,4427.219439108483,4427.219439108483,35f6a6573ef9
13,4042,0.04,NHF,6,5666.138451194274,5666.138451194274,35f6a6573ef9
13,4042,0.04,NHF,7,10761.087109001475,10761.087109001473,35f6a6573ef9
13,4042,0.04,NHF,8,9931.656270526631,9931.656270526631,35f6a6573ef9
13,4042,0.04,NHF,9,12547.184473881884,12547.184473881884,35f6a6573ef9
13,4042,0.04,NHF,10,5872.548772945598,5872.548772945598,35f6a6573ef9
13,4042,0.04,NHF,11,7603.604605557901,7603.604605557901,35f6a6573ef9
13,4042,0.04,NHF,12,5816.2087346047465,5816.2087346047465,35f6a6573ef9
13,4042,0.04,NHF,13,11347.772457987392,11347.772457987388,35f6a6573ef9
13,4042,0.04,NHF,14,4910.543817873651,4910.543817873651,35f6a6573ef9
13,4042,0.04,NHF,15,9221.131175559942,9221.13117555994,35f6a6573ef9
13,4042,0.04,NDY,1,10207.829454438828,10207.829454438828,35f6a6573ef9
13,4042,0.04,NDY,2,10207.82945443883,10095.221164742266,35f6a6573ef9
13,4042,0.04,NDY,3,10207.829454438832,9984.458886957584,35f6a6573ef9
13,4042,0.04,NDY,4,10207.82945443883,9876.888087300831,35f6a6573ef9
13,4042,0.04,NDY,5,10207.82945443883,9779.065699085104,35f6a6573ef9
13,4042,0.04,NDY,6,10207.829454438832,9682.032087146645,35f6a6573ef9
13,4042,0.04,NDY,7,10207.829454438835,9592.753638084925,35f6a6573ef9
13,4042,0.04,NDY,8,10207.829454438832,9508.417271403876,35f6a6573ef9
13,4042,0.04,NDY,9,10207.829454438834,9438.371191761287,35f6a6573ef9
13,4042,0.04,NDY,10,10207.829454438832,9367.525494377123,35f6a6573ef9
13,4042,0.04,NDY,11,10207.82945443883,9295.626110750636,35f6a6573ef9
13,4042,0.04,NDY,12,10207.829454438832,9213.982630305198,35f6a6573ef9
13,4042,0.04,NDY,13,10207.82945443883,9143.141311503172,35f6a6573ef9
13,4042,0.04,NDY,14,10207.829454438832,9067.086891897878,35f6a6573ef9
13,4042,0.04,NDY,15,10207.829454438832,9001.629764146564,35f6a6573ef9
13,4042,0.04,-10%,1,15590.659738723733,15590.659738723733,35f6a6573ef9
13,4042,0.04,-10%,2,14031.593764851357,14021.601703448283,35f6a6573ef9
13,4042,0.04,-10%,3,12628.434388366228,12602.680597339635,35f6a6573ef9
13,4042,0.04,-10%,4,11365.590949529605,11341.101683280976,35f6a6573ef9
13,4042,0.04,-10%,5,10229.031854576642,10196.603901072027,35f6a6573ef9
13,4042,0.04,-10%,6,9206.12866911898,9176.943509971965,35f6a6573ef9
13,4042,0.04,-10%,7,8285.515802207081,8259.249159346113,35f6a6573ef9
13,4042,0.04,-10%,8,7456.964221986373,7441.756866325502,35f6a6573ef9
13,4042,0.04,-10%,9,6711.267799787736,6697.58117554685,35f6a6573ef9
13,4042,0.04,-10%,10,6040.141019808963,6027.823064189876,35f6a6573ef9
13,4042,0.04,-10%,11,8041.0409472155925,8458.061462548261,35f6a6573ef9
13,4042,0.04,-10%,12,10677.774507925154,10428.294622938547,35f6a6573ef9
13,4042,0.04,-10%,13,9609.997057132641,9383.302319094262,35f6a6573ef9
13,4042,0.04,-10%,14,8648.997351419375,8433.801350466541,35f6a6573ef9
13,4042,0.04,-10%,15,7784.0976162774405,7582.328154477579,35f6a6573ef9
13,4042,0.04,-20%,1,19173.323068710302,19173.323068710302,35f6a6573ef9
13,4042,0.04,-20%,2,15338.658454968248,15333.332287872374,35f6a6573ef9
13,4042,0.04,-20%,3,12270.926763974603,12266.408424557558,35f6a6573ef9
13,4042,0.04,-20%,4,9816.741411179679,9813.099477045844,35f6a6573ef9
13,4042,0.04,-20%,5,7853.393128943743,7850.479581298467,35f6a6573ef9
13,4042,0.04,-20%,6,6282.714503154995,6280.38366729064,35f6a6573ef9
13,4042,0.04,-20%,7,6375.002174037751,6375.002174037751,35f6a6573ef9
13,4042,0.04,-20%,8,8720.739939286725,8720.739939286725,35f6a6573ef9
13,4042,0.04,-20%,9,7998.375069747715,8129.2400326382485,35f6a6573ef9
13,4042,0.04,-20%,10,8676.34605869138,8766.675876646306,35f6a6573ef9
13,4042,0.04,-20%,11,9297.045503205238,8858.516332665526,35f6a6573ef9
13,4042,0.04,-20%,12,10236.92708031838,10245.15347600323,35f6a6573ef9
13,4042,0.04,-20%,13,8189.541664254705,8398.649658264108,35f6a6573ef9
13,4042,0.04,-20%,14,7238.955655676088,7238.955655676088,35f6a6573ef9
13,4042,0.04,-20%,15,6851.220038196836,6556.590375668697,35f6a6573ef9
13,4042,0.04,+/-10%,1,15568.763669872951,15568.763669872951,35f6a6573ef9
13,4042,0.04,+/-10%,2,14011.887302885654,13999.192892491668,35f6a6573ef9
13,4042,0.04,+/-10%,3,12610.698572597095,12585.677227168238,35f6a6573ef9
13,4042,0.04,+/-10%,4,11349.628715337383,11326.762033039784,35f6a6573ef9
13,4042,0.04,+/-10%,5,10214.665843803647,10183.765302108144,35f6a6573ef9
13,4042,0.04,+/-10%,6,9193.199259423282,9165.388771955526,35f6a6573ef9
13,4042,0.04,+/-10%,7,8273.879333480954,8248.849896679332,35f6a6573ef9
13,4042,0.04,+/-10%,8,7446.491400132858,7431.339821872297,35f6a6573ef9
13,4042,0.04,+/-10%,9,6701.842260119574,6688.205841265853,35f6a6573ef9
13,4042,0.04,+/-10%,10,7087.601418207824,7224.706095666065,35f6a6573ef9
13,4042,0.04,+/-10%,11,7796.361560028609,7947.176703519799,35f6a6573ef9
13,4042,0.04,+/-10%,12,8575.99771603147,8741.894372678056,35f6a6573ef9
13,4042,0.04,+/-10%,13,9433.597487634619,9740.1472173691,35f6a6573ef9
13,4042,0.04,+/-10%,14,9677.792392330712,8728.68727786668,35f6a6573ef9
13,4042,0.04,+/-10%,15,8710.01315309764,7739.101449701725,35f6a6573ef9
13,4042,0.04,+/-20%,1,19175.31843015926,19175.31843015926,35f6a6573ef9
13,4042,0.04,+/-20%,2,15340.254744127416,15328.171180157125,35f6a6573ef9
13,4042,0.04,+/-20%,3,12272.203795301935,12262.686044054048,35f6a6573ef9
13,4042,0.04,+/-20%,4,9817.763036241542,9810.148836879993,35f6a6573ef9
13,4042,0.04,+/-20%,5,7854.210428993235,7848.119070941172,35f6a6573ef9
13,4042,0.04,+/-20%,6,6283.368343194588,6278.495256064378,35f6a6573ef9
13,4042,0.04,+/-20%,7,6660.813947423687,6660.813946162856,35f6a6573ef9
13,4042,0.04,+/-20%,8,7992.976736908424,7992.976734455449,35f6a6573ef9
13,4042,0.04,+/-20%,9,8380.841455731304,8661.19993625575,35f6a6573ef9
13,4042,0.04,+/-20%,10,8734.795617534483,8676.667405734974,35f6a6573ef9
13,4042,0.04,+/-20%,11,9407.107985450119,8989.989725142912,35f6a6573ef9
13,4042,0.04,+/-20%,12,10292.805726712133,10123.961498299232,35f6a6573ef9
13,4042,0.04,+/-20%,13,8234.244581369707,8452.981712258132,35f6a6573ef9
13,4042,0.04,+/-20%,14,6587.395665095763,6762.3853654770655,35f6a6573ef9
13,4042,0.04,+/-20%,15,7293.171467189202,6539.402839555594,35f6a6573ef9
13,4042,0.06,NHF,1,38333.99023787489,38333.99023787489,35f6a6573ef9
13,4042,0.06,NHF,2,4354.877593860518,4354.877593860518,35f6a6573ef9
13,4042,0.06,NHF,3,5219.865756992813,5219.865756992813,35f6a6573ef9
13,4042,0.06,NHF,4,5903.176077768887,5903.176077768887,35f6a6573ef9
13,4042,0.06,NHF,5,4427.219439108483,4427.219439108483,35f6a6573ef9
13,4042,0.06,NHF,6,5666.138451194274,5666.138451194274,35f6a6573ef9
13,4042,0.06,NHF,7,10761.087109001475,10761.087109001473,35f6a6573ef9
13,4042,0.06,NHF,8,9931.656270526631,9931.656270526631,35f6a6573ef9
13,4042,0.06,NHF,9,12547.184473881884,12547.184473881884,35f6a6573ef9
13,4042,0.06,NHF,10,5872.548772945598,5872.548772945598,35f6a6573ef9
13,4042,0.06,NHF,11,7603.604605557901,7603.604605557901,35f6a6573ef9
13,4042,0.06,NHF,12,5816.2087346047465,5816.2087346047465,35f6a6573ef9
13,4042,0.06,NHF,13,11347.772457987392,11347.772457987388,35f6a6573ef9
13,4042,0.06,NHF,14,4910.543817873651,4910.543817873651,35f6a6573ef9
13,4042,0.06,NHF,15,9221.131175559942,9221.13117555994,35f6a6573ef9
13,4042,0.06,NDY,1,10134.446493116306,10134.446493116306,35f6a6573ef9
13,4042,0.06,NDY,2,10134.446493116304,9976.540295163484,35f6a6573ef9
13,4042,0.06,NDY,3,10134.44649311631,9867.885135484952,35f6a6573ef9
13,4042,0.06,NDY,4,10134.44649311631,9761.951283628325,35f6a6573ef9
13,4042,0.06,NDY,5,10134.446493116306,9645.254708922123,35f6a6573ef9
13,4042,0.06,NDY,6,10134.446493116307,9559.835637591603,35f6a6573ef9
13,4042,0.06,NDY,7,10134.446493116311,9450.236697889206,35f6a6573ef9
13,4042,0.06,NDY,8,10134.44649311631,9353.028251123906,35f6a6573ef9
13,4042,0.06,NDY,9,10134.446493116311,9283.972996007013,35f6a6573ef9
13,4042,0.06,NDY,10,10134.446493116313,9208.850266993035,35f6a6573ef9
13,4042,0.06,NDY,11,10134.44649311631,9149.05545821551,35f6a6573ef9
13,4042,0.06,NDY,12,10134.446493116313,9072.752802420953,35f6a6573ef9
13,4042,0.06,NDY,13,10134.44649311631,9020.058137197138,35f6a6573ef9
13,4042,0.06,NDY,14,10134.446493116311,8950.438304341415,35f6a6573ef9
13,4042,0.06,NDY,15,10134.446493116313,8881.52299957115,35f6a6573ef9
13,4042,0.06,-10%,1,15519.66666008518,15519.66666008518,35f6a6573ef9
13,4042,0.06,-10%,2,13967.699994076664,13947.061278522291,35f6a6573ef9
13,4042,0.06,-10%,3,12570.929994669,12519.560804688645,35f6a6573ef9
13,4042,0.06,-10%,4,11313.836995202097,11241.225811373573,35f6a6573ef9
13,4042,0.06,-10%,5,10182.453295681888,10117.103228587697,35f6a6573ef9
13,4042,0.06,-10%,6,9164.2079661137,9105.392906086174,35f6a6573ef9
13,4042,0.06,-10%,7,8247.787169502328,8194.853611702596,35f6a6573ef9
13,4042,0.06,-10%,8,7423.008452552095,7392.675460763768,35f6a6573ef9
13,4042,0.06,-10%,9,6680.707607296887,6653.407914345407,35f6a6573ef9
13,4042,0.06,-10%,10,6012.6368465671985,5988.067125347057,35f6a6573ef9
13,4042,0.06,-10%,11,8090.434913203037,8754.377734264697,35f6a6573ef9
13,4042,0.06,-10%,12,10741.323856732712,10355.278439990258,35f6a6573ef9
13,4042,0.06,-10%,13,9667.191471059443,9316.526941027723,35f6a6573ef9
13,4042,0.06,-10%,14,8700.472323953498,8384.28272211902,35f6a6573ef9
13,4042,0.06,-10%,15,7830.425091558146,7544.189570230597,35f6a6573ef9
13,4042,0.06,-20%,1,19136.294093247307,19136.294093247307,35f6a6573ef9
13,4042,0.06,-20%,2,15309.035274597849,15259.936676761119,35f6a6573ef9
13,4042,0.06,-20%,3,12247.228219678283,12180.651486252338,35f6a6573ef9
13,4042,0.06,-20%,4,9797.782575742624,9735.851824619831,35f6a6573ef9
13,4042,0.06,-20%,5,7838.226060594099,7788.681460773076,35f6a6573ef9
13,4042,0.06,-20%,6,6270.58084847528,6230.945170504996,35f6a6573ef9
13,4042,0.06,-20%,7,5701.034078849843,5701.034078849843,35f6a6573ef9
13,4042,0.06,-20%,8,8424.640475193815,8327.158914529846,35f6a6573ef9
13,4042,0.06,-20%,9,10126.766640621756,9864.110599263133,35f6a6573ef9
13,4042,0.06,-20%,10,8210.891886061501,9229.156179883126,35f6a6573ef9
13,4042,0.06,-20%,11,8669.613091922469,8597.322700170138,35f6a6573ef9
13,4042,0.06,-20%,12,9945.170400954892,9378.430654730264,35f6a6573ef9
13,4042,0.06,-20%,13,7956.136320763915,7722.7962669276385,35f6a6573ef9
13,4042,0.06,-20%,14,6712.025254866266,6614.543694202297,35f6a6573ef9
13,4042,0.06,-20%,15,7992.136040341333,7383.0762838347255,35f6a6573ef9
13,4042,0.06,+/-10%,1,15510.663982292323,15510.663982292323,35f6a6573ef9
13,4042,0.06,+/-10%,2,13959.597584063093,13941.638011964102,35f6a6573ef9
13,4042,0.06,+/-10%,3,12563.637825656786,12519.844833169553,35f6a6573ef9
13,4042,0.06,+/-10%,4,11307.274043091105,11241.158436439637,35f6a6573ef9
13,4042,0.06,+/-10%,5,10176.546638781992,10117.042591381854,35f6a6573ef9
13,4042,0.06,+/-10%,6,9158.891974903796,9105.338331991965,35f6a6573ef9
13,4042,0.06,+/-10%,7,8243.002777413418,8194.804499563406,35f6a6573ef9
13,4042,0.06,+/-10%,8,7418.702499672076,7392.843176148384,35f6a6573ef9
13,4042,0.06,+/-10%,9,6676.832249704868,6653.558859314362,35f6a6573ef9
13,4042,0.06,+/-10%,10,6694.739977757912,6875.819458562,35f6a6573ef9
13,4042,0.06,+/-10%,11,7364.213975533705,7563.401402345175,35f6a6573ef9
13,4042,0.06,+/-10%,12,8100.635373087075,9993.364801766334,35f6a6573ef9
13,4042,0.06,+/-10%,13,8910.698910395784,9649.834849458692,35f6a6573ef9
13,4042,0.06,+/-10%,14,9801.768801435368,8684.85136479072,35f6a6573ef9
13,4042,0.06,+/-10%,15,10781.945681578902,7570.361507721066,35f6a6573ef9
13,4042,0.06,+/-20%,1,19138.371764022777,19138.371764022777,35f6a6573ef9
13,4042,0.06,+/-20%,2,15310.697411218225,15261.205870534559,35f6a6573ef9
13,4042,0.06,+/-20%,3,12248.55792897458,12184.607997321627,35f6a6573ef9
13,4042,0.06,+/-20%,4,9798.846343179663,9736.852734610215,35f6a6573ef9
13,4042,0.06,+/-20%,5,7839.077074543732,7789.48218966855,35f6a6573ef9
13,4042,0.06,+/-20%,6,6271.261659634985,6231.585754545082,35f6a6573ef9
13,4042,0.06,+/-20%,7,6375.002174037751,6375.002174037751,35f6a6573ef9
13,4042,0.06,+/-20%,8,7650.002608845301,7650.002606925626,35f6a6573ef9
13,4042,0.06,+/-20%,9,9180.003130614363,8957.315389183826,35f6a6573ef9
13,4042,0.06,+/-20%,10,9564.503856826846,10137.744139189119,35f6a6573ef9
13,4042,0.06,+/-20%,11,8361.684196313014,8598.192106126331,35f6a6573ef9
13,4042,0.06,+/-20%,12,10034.021035575617,9377.82078551898,35f6a6573ef9
13,4042,0.06,+/-20%,13,8027.216828460494,8015.9748159647015,35f6a6573ef9
13,4042,0.06,+/-20%,14,6552.828173625653,6412.779856094388,35f6a6573ef9
13,4042,0.06,+/-20%,15,7863.393808350782,6424.01695375871,35f6a6573ef9
14,42,0.0,NHF,1,3039.77673154,3039.77673154,35f6a6573ef9
14,42,0.0,NHF,2,1482.1935561675,991.4634979199999,35f6a6573ef9
14,42,0.0,NHF,3,6092.511409751476,537.2011027499999,35f6a6573ef9
14,42,0.0,NHF,4,7005.131222150001,8761.921184327126,35f6a6573ef9
14,42,0.0,NHF,5,25540.58853561709,16568.044105980243,35f6a6573ef9
14,42,0.0,NHF,6,8115.598164541977,7559.004522922673,35f6a6573ef9
14,42,0.0,NHF,7,21962.274057210543,9813.582899974319,35f6a6573ef9
14,42,0.0,NHF,8,10639.664912238872,10809.304029868495,35f6a6573ef9
14,42,0.0,NHF,9,6880.323846665833,9107.15560506757,35f6a6573ef9
14,42,0.0,NHF,10,502.9969775,7518.836449036709,35f6a6573ef9
14,42,0.0,NHF,11,755.13619268,9255.847711896442,35f6a6573ef9
14,42,0.0,NHF,12,1412.433861045,11827.965219196081,35f6a6573ef9
14,42,0.0,NHF,13,1631.70818446,8669.661028181898,35f6a6573ef9
14,42,0.0,NHF,14,5122.505768123637,9675.933714548033,35f6a6573ef9
14,42,0.0,NHF,15,73870.06523984965,10367.265125622507,35f6a6573ef9
14,42,0.0,NDY,1,908.12848392,908.12848392,35f6a6573ef9
14,42,0.0,NDY,2,9624.776550811896,7708.551244685332,35f6a6573ef9
14,42,0.0,NDY,3,10984.492450349504,9013.539157063815,35f6a6573ef9
14,42,0.0,NDY,4,10984.492450349506,9538.63121505009,35f6a6573ef9
14,42,0.0,NDY,5,10984.492450349502,10707.546705894185,35f6a6573ef9
14,42,0.0,NDY,6,10984.492450349502,10510.702388217844,35f6a6573ef9
14,42,0.0,NDY,7,10984.492450349504,10313.02526910257,35f6a6573ef9
14,42,0.0,NDY,8,10984.492450349504,10156.19163722376,35f6a6573ef9
14,42,0.0,NDY,9,10984.492450349504,9933.695339805181,35f6a6573ef9
14,42,0.0,NDY,10,10984.4924503495,9825.123754950026,35f6a6573ef9
14,42,0.0,NDY,11,10984.492450349504,9518.843876787058,35f6a6573ef9
14,42,0.0,NDY,12,10984.492450349504,9283.397751424216,35f6a6573ef9
14,42,0.0,NDY,13,10984.492450349504,9165.134123060005,35f6a6573ef9
14,42,0.0,NDY,14,10984.492450349504,8947.446345762723,35f6a6573ef9
14,42,0.0,NDY,15,10984.492450349502,8513.16728248905,35f6a6573ef9
14,42,0.0,-10%,1,4323.797115119256,4323.797115119256,35f6a6573ef9
14,42,0.0,-10%,2,3891.417403607332,3506.385966253838,35f6a6573ef9
14,42,0.0,-10%,3,3502.2756632465985,4262.8214973525,35f6a6573ef9
14,42,0.0,-10%,4,14369.958507587075,14153.530708512075,35f6a6573ef9
14,42,0.0,-10%,5,12932.962656828367,13899.691863272667,35f6a6573ef9
14,42,0.0,-10%,6,11639.666391145533,12076.976999193645,35f6a6573ef9
14,42,0.0,-10%,7,10475.69975203098,9604.212298921002,35f6a6573ef9
14,42,0.0,-10%,8,9428.12977682788,8843.090372253047,35f6a6573ef9
14,42,0.0,-10%,9,8485.316799145096,11315.84901503195,35f6a6573ef9
14,42,0.0,-10%,10,9090.665962720152,9258.990071124728,35f6a6573ef9
14,42,0.0,-10%,11,14553.088492923,10293.608055707116,35f6a6573ef9
14,42,0.0,-10%,12,15067.890878394379,8524.80097643538,35f6a6573ef9
14,42,0.0,-10%,13,13561.101790554943,7997.2990725328655,35f6a6573ef9
14,42,0.0,-10%,14,12204.991611499445,5792.0090620825,35f6a6573ef9
14,42,0.0,-10%,15,10984.492450349502,9207.628661931354,35f6a6573ef9
14,42,0.0,-20%,1,4375.6060813799995,4375.6060813799995,35f6a6573ef9
14,42,0.0,-20%,2,3825.983187165757,3838.2037285325005,35f6a6573ef9
14,42,0.0,-20%,3,3060.7865497326065,3775.6101312425003,35f6a6573ef9
14,42,0.0,-20%,4,12983.21008021774,11528.213331837995,35f6a6573ef9
14,42,0.0,-20%,5,15548.539468418485,17124.324424065668,35f6a6573ef9
14,42,0.0,-20%,6,12438.83157473479,11952.018534321145,35f6a6573ef9
14,42,0.0,-20%,7,9951.06525978783,11107.624181493318,35f6a6573ef9
14,42,0.0,-20%,8,7960.852207830264,6093.596258908272,35f6a6573ef9
14,42,0.0,-20%,9,8860.37012315625,9990.356942686249,35f6a6573ef9
14,42,0.0,-20%,10,9049.474942495302,11763.025500173007,35f6a6573ef9
14,42,0.0,-20%,11,10168.684676709314,10884.006597053261,35f6a6573ef9
14,42,0.0,-20%,12,14603.847942227121,7444.707610442099,35f6a6573ef9
14,42,0.0,-20%,13,17163.26945367109,8481.965561072866,35f6a6573ef9
14,42,0.0,-20%,14,13730.615562936873,6913.955247302043,35f6a6573ef9
14,42,0.0,-20%,15,10984.492450349502,7983.666740564134,35f6a6573ef9
14,42,0.0,+/-10%,1,6336.961531277986,6336.961531277986,35f6a6573ef9
14,42,0.0,+/-10%,2,6970.657684405787,7049.402274153726,35f6a6573ef9
14,42,0.0,+/-10%,3,7667.723452846363,8097.807553566483,35f6a6573ef9
14,42,0.0,+/-10%,4,8434.495798131,9367.140615612352,35f6a6573ef9
14,42,0.0,+/-10%,5,9277.945377944105,11896.222336574876,35f6a6573ef9
14,42,0.0,+/-10%,6,10205.739915738513,9585.317294458377,35f6a6573ef9
14,42,0.0,+/-10%,7,9922.75643329902,9368.632940207537,35f6a6573ef9
14,42,0.0,+/-10%,8,9818.408992135495,9539.114348215642,35f6a6573ef9
14,42,0.0,+/-10%,9,10800.249891349044,10280.38002430414,35f6a6573ef9
14,42,0.0,+/-10%,10,11880.27488048395,9391.327703983337,35f6a6573ef9
14,42,0.0,+/-10%,11,13068.302368532346,10427.595466537858,35f6a6573ef9
14,42,0.0,+/-10%,12,14375.132605385586,9194.203741871286,35f6a6573ef9
14,42,0.0,+/-10%,13,13561.10179055494,8364.829924840365,35f6a6573ef9
14,42,0.0,+/-10%,14,12204.991611499445,8217.965524449653,35f6a6573ef9
14,42,0.0,+/-10%,15,10984.492450349502,8711.043732490749,35f6a6573ef9
14,42,0.0,+/-20%,1,5150.504427720416,5150.504427720416,35f6a6573ef9
14,42,0.0,+/-20%,2,6180.605313264498,6269.081221272672,35f6a6573ef9
14,42,0.0,+/-20%,3,7416.726375917398,7828.151983370477,35f6a6573ef9
14,42,0.0,+/-20%,4,8900.071651100874,9402.75561883722,35f6a6573ef9
14,42,0.0,+/-20%,5,10680.08598132105,13605.224393153214,35f6a6573ef9
14,42,0.0,+/-20%,6,12816.103177585263,9563.064235829475,35f6a6573ef9
14,42,0.0,+/-20%,7,10252.88254206821,9221.628912691,35f6a6573ef9
14,42,0.0,+/-20%,8,8202.306033654566,9231.541222373273,35f6a6573ef9
14,42,0.0,+/-20%,9,9155.063956056667,10013.435557532219,35f6a6573ef9
14,42,0.0,+/-20%,10,9689.448392482573,9823.114503903096,35f6a6573ef9
14,42,0.0,+/-20%,11,11627.338070979087,10927.020793069107,35f6a6573ef9
14,42,0.0,+/-20%,12,13952.805685174904,8993.248761072507,35f6a6573ef9
14,42,0.0,+/-20%,13,16743.366822209882,9027.231002772865,35f6a6573ef9
14,42,0.0,+/-20%,14,13730.61556293688,7322.682919751911,35f6a6573ef9
14,42,0.0,+/-20%,15,10984.492450349502,8306.39346616527,35f6a6573ef9
14,42,0.02,NHF,1,32570.9740198435,32570.9740198435,35f6a6573ef9
14,42,0.02,NHF,2,3475.607154674005,4007.338786713759,35f6a6573ef9
14,42,0.02,NHF,3,6826.2570297900065,6244.789105749324,35f6a6573ef9
14,42,0.02,NHF,4,2096.4167587293346,4007.7819746799028,35f6a6573ef9
14,42,0.02,NHF,5,15388.863774618325,13143.524036384299,35f6a6573ef9
14,42,0.02,NHF,6,5025.847288576255,5025.847288576255,35f6a6573ef9
14,42,0.02,NHF,7,11396.871380231298,11396.871380231298,35f6a6573ef9
14,42,0.02,NHF,8,11071.87396622426,11071.87396622426,35f6a6573ef9
14,42,0.02,NHF,9,9268.292669050565,8951.357606880543,35f6a6573ef9
14,42,0.02,NHF,10,3682.1300102863415,4676.973271163565,35f6a6573ef9
14,42,0.02,NHF,11,5825.861412516676,8077.995883544533,35f6a6573ef9
14,42,0.02,NHF,12,4564.011042504272,4106.756420400895,35f6a6573ef9
14,42,0.02,NHF,13,15609.561500216281,15183.81441510598,35f6a6573ef9
14,42,0.02,NHF,14,6551.1605882996355,3912.9987159234815,35f6a6573ef9
14,42,0.02,NHF,15,13590.810995807236,11321.713064180232,35f6a6573ef9
14,42,0.02,NDY,1,10145.675046668084,10145.675046668084,35f6a6573ef9
14,42,0.02,NDY,2,10145.675046668084,10051.980082517417,35f6a6573ef9
14,42,0.02,NDY,3,10145.675046668084,9968.63541517817,35f6a6573ef9
14,42,0.02,NDY,4,10145.675046668084,9889.547335060402,35f6a6573ef9
14,42,0.02,NDY,5,10145.675046668084,9808.220010326235,35f6a6573ef9
14,42,0.02,NDY,6,10145.675046668082,9731.321075461665,35f6a6573ef9
14,42,0.02,NDY,7,10145.675046668082,9657.739744873776,35f6a6573ef9
14,42,0.02,NDY,8,10145.675046668084,9592.410182994907,35f6a6573ef9
14,42,0.02,NDY,9,10145.67504666808,9527.041324599026,35f6a6573ef9
14,42,0.02,NDY,10,10145.675046668088,9467.847929454012,35f6a6573ef9
14,42,0.02,NDY,11,10145.675046668086,9414.032798461832,35f6a6573ef9
14,42,0.02,NDY,12,10145.675046668084,9361.385178724837,35f6a6573ef9
14,42,0.02,NDY,13,10145.675046668086,9304.965529584724,35f6a6573ef9
14,42,0.02,NDY,14,10145.675046668086,9256.929032683132,35f6a6573ef9
14,42,0.02,NDY,15,10145.67504666809,9210.442682089975,35f6a6573ef9
14,42,0.02,-10%,1,15037.418474083543,15037.418474083543,35f6a6573ef9
14,42,0.02,-10%,2,13533.676626675193,13526.258956569014,35f6a6573ef9
14,42,0.02,-10%,3,12180.308964007672,12154.602147087331,35f6a6573ef9
14,42,0.02,-10%,4,10962.278067606909,10917.119623749822,35f6a6573ef9
14,42,0.02,-10%,5,9866.050260846214,9797.537934188182,35f6a6573ef9
14,42,0.02,-10%,6,8879.445234761593,8817.78414364999,35f6a6573ef9
14,42,0.02,-10%,7,8597.307878551568,8597.30787645339,35f6a6573ef9
14,42,0.02,-10%,8,7737.57709069641,8115.831620337446,35f6a6573ef9
14,42,0.02,-10%,9,6963.8193816267685,7304.24845871532,35f6a6573ef9
14,42,0.02,-10%,10,8294.631729028226,8009.296141716225,35f6a6573ef9
14,42,0.02,-10%,11,7465.168556125404,7208.366530304006,35f6a6573ef9
14,42,0.02,-10%,12,9647.576930997815,8770.519504446074,35f6a6573ef9
14,42,0.02,-10%,13,8684.742792191024,9066.78414975372,35f6a6573ef9
14,42,0.02,-10%,14,7816.268512971922,8334.316696836404,35f6a6573ef9
14,42,0.02,-10%,15,9041.237959444825,8482.134163731045,35f6a6573ef9
14,42,0.02,-20%,1,18311.2211505142,18311.2211505142,35f6a6573ef9
14,42,0.02,-20%,2,14648.976920411364,14638.756158777442,35f6a6573ef9
14,42,0.02,-20%,3,11719.181536329092,11157.911012226592,35f6a6573ef9
14,42,0.02,-20%,4,9375.345229063278,9347.838267972607,35f6a6573ef9
14,42,0.02,-20%,5,7500.27618325062,7936.614973179854,35f6a6573ef9
14,42,0.02,-20%,6,6000.220946600496,6349.291974038925,35f6a6573ef9
14,42,0.02,-20%,7,9251.082174188392,9251.082172085331,35f6a6573ef9
14,42,0.02,-20%,8,9019.199474530558,9165.538189334553,35f6a6573ef9
14,42,0.02,-20%,9,7215.359579624446,7332.430555484745,35f6a6573ef9
14,42,0.02,-20%,10,9006.38314369968,8621.752153354368,35f6a6573ef9
14,42,0.02,-20%,11,7732.507950467529,6897.4017214178075,35f6a6573ef9
14,42,0.02,-20%,12,8716.081032756958,9471.348545034076,35f6a6573ef9
14,42,0.02,-20%,13,8676.15922177123,8862.665405727568,35f6a6573ef9
14,42,0.02,-20%,14,6940.927377416984,7090.132327459397,35f6a6573ef9
14,42,0.02,-20%,15,9873.25531350297,9082.528706366265,35f6a6573ef9
14,42,0.02,+/-10%,1,15033.56633422172,15033.56633422172,35f6a6573ef9
14,42,0.02,+/-10%,2,13530.209700799547,13523.9814126107,35f6a6573ef9
14,42,0.02,+/-10%,3,12177.188730719592,12146.20639429528,35f6a6573ef9
14,42,0.02,+/-10%,4,10959.469857647633,10926.106382488513,35f6a6573ef9
14,42,0.02,+/-10%,5,9863.52287188287,9793.914279647615,35f6a6573ef9
14,42,0.02,+/-10%,6,8877.170584694584,8814.522852767972,35f6a6573ef9
14,42,0.02,+/-10%,7,8705.263598075791,8705.263599092854,35f6a6573ef9
14,42,0.02,+/-10%,8,7834.737238268211,8023.440240974179,35f6a6573ef9
14,42,0.02,+/-10%,9,7051.263514441391,7257.766968296843,35f6a6573ef9
14,42,0.02,+/-10%,10,7639.1600354022585,8200.938245445761,35f6a6573ef9
14,42,0.02,+/-10%,11,8151.336855789192,7460.707029416173,35f6a6573ef9
14,42,0.02,+/-10%,12,8966.470541368111,8361.538870900615,35f6a6573ef9
14,42,0.02,+/-10%,13,8942.884992200072,8214.562487115492,35f6a6573ef9
14,42,0.02,+/-10%,14,8048.596492980065,9246.283437343356,35f6a6573ef9
14,42,0.02,+/-10%,15,8853.456142278073,8452.146188306644,35f6a6573ef9
14,42,0.02,+/-20%,1,18176.326449338376,18176.326449338376,35f6a6573ef9
14,42,0.02,+/-20%,2,14541.061159470704,14531.887162865169,35f6a6573ef9
14,42,0.02,+/-20%,3,11632.848927576564,11114.52908012583,35f6a6573ef9
14,42,0.02,+/-20%,4,9306.279142061252,8868.392643948837,35f6a6573ef9
14,42,0.02,+/-20%,5,7445.023313649001,8583.699435895303,35f6a6573ef9
14,42,0.02,+/-20%,6,6880.463693571135,6880.463693255735,35f6a6573ef9
14,42,0.02,+/-20%,7,8256.556432285362,8256.556432585954,35f6a6573ef9
14,42,0.02,+/-20%,8,9907.867718742435,9907.867718241783,35f6a6573ef9
14,42,0.02,+/-20%,9,7926.294174993946,8134.707878280781,35f6a6573ef9
14,42,0.02,+/-20%,10,8100.877351556089,7986.511935763991,35f6a6573ef9
14,42,0.02,+/-20%,11,7747.077916949664,7070.18966051097,35f6a6573ef9
14,42,0.02,+/-20%,12,8371.005138360268,8484.227593918891,35f6a6573ef9
14,42,0.02,+/-20%,13,8166.880497494425,9131.525456889607,35f6a6573ef9
14,42,0.02,+/-20%,14,8030.765444059533,7305.220364877918,35f6a6573ef9
14,42,0.02,+/-20%,15,9636.91853287144,9015.556836059604,35f6a6573ef9
14,42,0.04,NHF,1,36415.46988908768,36415.46988908768,35f6a6573ef9
14,42,0.04,NHF,2,4284.559371250594,4284.559371250594,35f6a6573ef9
14,42,0.04,NHF,3,5653.837812986466,5653.837812986466,35f6a6573ef9
14,42,0.04,NHF,4,4039.000030347178,4039.000030347178,35f6a6573ef9
14,42,0.04,NHF,5,5767.723376637069,5767.723376637069,35f6a6573ef9
14,42,0.04,NHF,6,5025.847288576255,5025.847288576255,35f6a6573ef9
14,42,0.04,NHF,7,11704.75352174746,11704.75352174746,35f6a6573ef9
14,42,0.04,NHF,8,12500.119174820224,12500.11917482022,35f6a6573ef9
14,42,0.04,NHF,9,11323.24316882797,11323.243168827968,35f6a6573ef9
14,42,0.04,NHF,10,6123.1349917095,6123.1349917095,35f6a6573ef9
14,42,0.04,NHF,11,5769.340196646356,5769.340196646356,35f6a6573ef9
14,42,0.04,NHF,12,4325.427200251448,4325.427200251448,35f6a6573ef9
14,42,0.04,NHF,13,12027.506831064284,12027.506831064282,35f6a6573ef9
14,42,0.04,NHF,14,4759.305180834448,4759.305180834448,35f6a6573ef9
14,42,0.04,NHF,15,11820.605573533361,11820.605573533361,35f6a6573ef9
14,42,0.04,NDY,1,10089.138425224623,10089.138425224623,35f6a6573ef9
14,42,0.04,NDY,2,10089.138425224623,9984.397826274511,35f6a6573ef9
14,42,0.04,NDY,3,10089.13842522462,9876.727194835568,35f6a6573ef9
14,42,0.04,NDY,4,10089.138425224623,9788.80739045577,35f6a6573ef9
14,42,0.04,NDY,5,10089.138425224624,9694.146614309804,35f6a6573ef9
14,42,0.04,NDY,6,10089.138425224624,9601.556529899122,35f6a6573ef9
14,42,0.04,NDY,7,10089.138425224623,9514.710653787208,35f6a6573ef9
14,42,0.04,NDY,8,10089.138425224626,9436.651989940701,35f6a6573ef9
14,42,0.04,NDY,9,10089.138425224623,9360.97311725243,35f6a6573ef9
14,42,0.04,NDY,10,10089.138425224624,9295.172125082454,35f6a6573ef9
14,42,0.04,NDY,11,10089.138425224624,9227.325312472874,35f6a6573ef9
14,42,0.04,NDY,12,10089.138425224623,9160.36663560158,35f6a6573ef9
14,42,0.04,NDY,13,10089.138425224626,9091.296556573927,35f6a6573ef9
14,42,0.04,NDY,14,10089.138425224626,9031.451829253236,35f6a6573ef9
14,42,0.04,NDY,15,10089.138425224628,8977.407153813865,35f6a6573ef9
14,42,0.04,-10%,1,15034.962779790692,15034.962779790692,35f6a6573ef9
14,42,0.04,-10%,2,13531.466501811623,13527.15791108507,35f6a6573ef9
14,42,0.04,-10%,3,12178.319851630466,12168.769522626977,35f6a6573ef9
14,42,0.04,-10%,4,10960.487866467418,10935.577089716668,35f6a6573ef9
14,42,0.04,-10%,5,9864.439079820673,9840.96685698353,35f6a6573ef9
14,42,0.04,-10%,6,8877.995171838607,8856.870166931976,35f6a6573ef9
14,42,0.04,-10%,7,7990.195654654747,7990.1956540433575,35f6a6573ef9
14,42,0.04,-10%,8,7945.43149972603,8075.3263280805,35f6a6573ef9
14,42,0.04,-10%,9,7150.888349753426,7267.793698154099,35f6a6573ef9
14,42,0.04,-10%,10,8856.884995152515,8689.448636010655,35f6a6573ef9
14,42,0.04,-10%,11,7971.196495637265,7829.91673241912,35f6a6573ef9
14,42,0.04,-10%,12,8006.464551802004,8850.311069275047,35f6a6573ef9
14,42,0.04,-10%,13,8981.534844408601,8430.1239349817,35f6a6573ef9
14,42,0.04,-10%,14,8083.381359967742,7587.111538957099,35f6a6573ef9
14,42,0.04,-10%,15,9056.737991704545,8583.531624167226,35f6a6573ef9
14,42,0.04,-20%,1,18320.981373975294,18320.981373975294,35f6a6573ef9
14,42,0.04,-20%,2,14656.785099180237,14650.973787498833,35f6a6573ef9
14,42,0.04,-20%,3,11725.428079344189,11721.315242653254,35f6a6573ef9
14,42,0.04,-20%,4,9380.342463475352,9376.785383305396,35f6a6573ef9
14,42,0.04,-20%,5,7504.273970780283,7501.428304901725,35f6a6573ef9
14,42,0.04,-20%,6,6003.419176624225,6001.142644754262,35f6a6573ef9
14,42,0.04,-20%,7,8160.091327106061,8160.091325320541,35f6a6573ef9
14,42,0.04,-20%,8,9440.74368506142,9440.74368684694,35f6a6573ef9
14,42,0.04,-20%,9,7930.270306363898,8202.19433393778,35f6a6573ef9
14,42,0.04,-20%,10,9055.718446407544,8840.552584176261,35f6a6573ef9
14,42,0.04,-20%,11,8749.360494427965,8705.366251348873,35f6a6573ef9
14,42,0.04,-20%,12,8006.269828134699,7588.375941867211,35f6a6573ef9
14,42,0.04,-20%,13,8282.563877348513,8528.687311045913,35f6a6573ef9
14,42,0.04,-20%,14,6626.051101878808,6822.949851486116,35f6a6573ef9
14,42,0.04,-20%,15,8217.685521561096,8217.685521561096,35f6a6573ef9
14,42,0.04,+/-10%,1,15036.546115628173,15036.546115628173,35f6a6573ef9
14,42,0.04,+/-10%,2,13532.891504065357,13524.62805405989,35f6a6573ef9
14,42,0.04,+/-10%,3,12179.602353658822,12168.759848275293,35f6a6573ef9
14,42,0.04,+/-10%,4,10961.64211829294,10928.197533862362,35f6a6573ef9
14,42,0.04,+/-10%,5,9865.477906463644,9834.765936929216,35f6a6573ef9
14,42,0.04,+/-10%,6,8878.930115817282,8851.289348408598,35f6a6573ef9
14,42,0.04,+/-10%,7,7991.037104235554,7991.037106009585,35f6a6573ef9
14,42,0.04,+/-10%,8,8150.279782404439,8195.880942605809,35f6a6573ef9
14,42,0.04,+/-10%,9,7335.251804163995,7376.292845923103,35f6a6573ef9
14,42,0.04,+/-10%,10,8068.776984580396,8113.922138263305,35f6a6573ef9
14,42,0.04,+/-10%,11,8005.439174537476,8152.311190451139,35f6a6573ef9
14,42,0.04,+/-10%,12,8369.482413295578,8804.988242507272,35f6a6573ef9
14,42,0.04,+/-10%,13,9083.958360379198,8543.702936209704,35f6a6573ef9
14,42,0.04,+/-10%,14,8175.56252434128,7689.332646881211,35f6a6573ef9
14,42,0.04,+/-10%,15,8993.118776775405,8352.820280749967,35f6a6573ef9
14,42,0.04,+/-20%,1,18315.80625889813,18315.80625889813,35f6a6573ef9
14,42,0.04,+/-20%,2,14652.645007118505,14652.566087188592,35f6a6573ef9
14,42,0.04,+/-20%,3,11722.116005694807,11705.632141823628,35f6a6573ef9
14,42,0.04,+/-20%,4,9377.692804555843,9222.853143227527,35f6a6573ef9
14,42,0.04,+/-20%,5,7502.154243644676,7377.077823739564,35f6a6573ef9
14,42,0.04,+/-20%,6,6001.72339491574,6409.599897267993,35f6a6573ef9
14,42,0.04,+/-20%,7,7202.068073898889,7934.0406548329765,35f6a6573ef9
14,42,0.04,+/-20%,8,8642.481688678665,8929.976509832502,35f6a6573ef9
14,42,0.04,+/-20%,9,10370.978026414403,9312.228407391596,35f6a6573ef9
14,42,0.04,+/-20%,10,9723.116610041083,9032.31928130403,35f6a6573ef9
14,42,0.04,+/-20%,11,7778.493288032864,7962.118412698357,35f6a6573ef9
14,42,0.04,+/-20%,12,8004.533653569139,8108.119530551876,35f6a6573ef9
14,42,0.04,+/-20%,13,6826.611533736719,7891.113688231707,35f6a6573ef9
14,42,0.04,+/-20%,14,7462.010162276961,6324.306189695866,35f6a6573ef9
14,42,0.04,+/-20%,15,8954.412194732351,8954.503369063097,35f6a6573ef9
14,42,0.06,NHF,1,36415.46988908768,36415.46988908768,35f6a6573ef9
14,42,0.06,NHF,2,4284.559371250594,4284.559371250594,35f6a6573ef9
14,42,0.06,NHF,3,5653.837812986466,5653.837812986466,35f6a6573ef9
14,42,0.06,NHF,4,4039.000030347178,4039.000030347178,35f6a6573ef9
14,42,0.06,NHF,5,5767.723376637069,5767.723376637069,35f6a6573ef9
14,42,0.06,NHF,6,5025.847288576255,5025.847288576255,35f6a6573ef9
14,42,0.06,NHF,7,11704.75352174746,11704.75352174746,35f6a6573ef9
14,42,0.06,NHF,8,12500.119174820224,12500.11917482022,35f6a6573ef9
14,42,0.06,NHF,9,11323.24316882797,11323.243168827968,35f6a6573ef9
14,42,0.06,NHF,10,6123.1349917095,6123.1349917095,35f6a6573ef9
14,42,0.06,NHF,11,5769.340196646356,5769.340196646356,35f6a6573ef9
14,42,0.06,NHF,12,4325.427200251448,4325.427200251448,35f6a6573ef9
14,42,0.06,NHF,13,12027.506831064284,12027.506831064282,35f6a6573ef9
14,42,0.06,NHF,14,4759.305180834448,4759.305180834448,35f6a6573ef9
14,42,0.06,NHF,15,11820.605573533361,11820.605573533361,35f6a6573ef9
14,42,0.06,NDY,1,10027.867508319607,10027.867508319607,35f6a6573ef9
14,42,0.06,NDY,2,10027.867508319605,9900.978545292417,35f6a6573ef9
14,42,0.06,NDY,3,10027.867508319605,9806.266115560718,35f6a6573ef9
14,42,0.06,NDY,4,10027.867508319609,9713.515171707573,35f6a6573ef9
14,42,0.06,NDY,5,10027.867508319607,9599.365180963643,35f6a6573ef9
14,42,0.06,NDY,6,10027.867508319607,9503.04249691241,35f6a6573ef9
14,42,0.06,NDY,7,10027.867508319607,9413.272626326012,35f6a6573ef9
14,42,0.06,NDY,8,10027.867508319607,9329.457185010979,35f6a6573ef9
14,42,0.06,NDY,9,10027.867508319607,9265.034737324842,35f6a6573ef9
14,42,0.06,NDY,10,10027.867508319607,9200.637459581914,35f6a6573ef9
14,42,0.06,NDY,11,10027.867508319607,9132.270399960309,35f6a6573ef9
14,42,0.06,NDY,12,10027.867508319607,9065.615257945707,35f6a6573ef9
14,42,0.06,NDY,13,10027.867508319607,9010.039516201283,35f6a6573ef9
14,42,0.06,NDY,14,10027.867508319609,8945.096138079096,35f6a6573ef9
14,42,0.06,NDY,15,10027.867508319609,8886.248560073482,35f6a6573ef9
14,42,0.06,-10%,1,14981.701607908446,14981.701607908446,35f6a6573ef9
14,42,0.06,-10%,2,13483.531447117599,13471.960433671311,35f6a6573ef9
14,42,0.06,-10%,3,12135.17830240584,12096.83908634303,35f6a6573ef9
14,42,0.06,-10%,4,10921.660472165255,10869.070870210053,35f6a6573ef9
14,42,0.06,-10%,5,9829.49442494873,9780.115695149272,35f6a6573ef9
14,42,0.06,-10%,6,8846.54498245386,8802.104122563484,35f6a6573ef9
14,42,0.06,-10%,7,7961.890484208473,7961.890484693092,35f6a6573ef9
14,42,0.06,-10%,8,7783.91551554274,7733.613407373561,35f6a6573ef9
14,42,0.06,-10%,9,7005.523963988466,6960.252066515329,35f6a6573ef9
14,42,0.06,-10%,10,8879.970147177983,9056.761264705372,35f6a6573ef9
14,42,0.06,-10%,11,7991.973132460185,8694.023067628988,35f6a6573ef9
14,42,0.06,-10%,12,8673.586554282809,8694.390713905417,35f6a6573ef9
14,42,0.06,-10%,13,8945.37117984572,8277.544682186968,35f6a6573ef9
14,42,0.06,-10%,14,8050.834061861147,7449.790213133266,35f6a6573ef9
14,42,0.06,-10%,15,8203.61999061576,7921.079818107743,35f6a6573ef9
14,42,0.06,-20%,1,18283.003151202185,18283.003151202185,35f6a6573ef9
14,42,0.06,-20%,2,14626.40252096175,14601.412873595908,35f6a6573ef9
14,42,0.06,-20%,3,11701.1220167694,11664.313389310642,35f6a6573ef9
14,42,0.06,-20%,4,9360.897613415518,9331.450711842246,35f6a6573ef9
14,42,0.06,-20%,5,7488.718090732416,7465.160565659571,35f6a6573ef9
14,42,0.06,-20%,6,5990.974472585931,5972.128456201273,35f6a6573ef9
14,42,0.06,-20%,7,7588.738594330033,7588.738594330035,35f6a6573ef9
14,42,0.06,-20%,8,9388.084532863892,9380.989946130636,35f6a6573ef9
14,42,0.06,-20%,9,9901.548788539689,9286.860380663644,35f6a6573ef9
14,42,0.06,-20%,10,8003.746597748216,9496.79619145895,35f6a6573ef9
14,42,0.06,-20%,11,8655.208795238259,7597.436954013532,35f6a6573ef9
14,42,0.06,-20%,12,7751.390139208348,7858.567761959826,35f6a6573ef9
14,42,0.06,-20%,13,7907.4794988929825,7952.158991999755,35f6a6573ef9
14,42,0.06,-20%,14,6325.983599114384,6361.72719142365,35f6a6573ef9
14,42,0.06,-20%,15,8920.015944237757,8235.06091582989,35f6a6573ef9
14,42,0.06,+/-10%,1,14978.328603491414,14978.328603491414,35f6a6573ef9
14,42,0.06,+/-10%,2,13480.495743142272,13467.831543513294,35f6a6573ef9
14,42,0.06,+/-10%,3,12132.446168828044,12096.88541134269,35f6a6573ef9
14,42,0.06,+/-10%,4,10919.201551945243,10868.157985227734,35f6a6573ef9
14,42,0.06,+/-10%,5,9827.281396750715,9781.01280877161,35f6a6573ef9
14,42,0.06,+/-10%,6,8844.553257075644,8802.911530510635,35f6a6573ef9
14,42,0.06,+/-10%,7,7960.097931368081,7960.097931911859,35f6a6573ef9
14,42,0.06,+/-10%,8,7596.241546328976,7436.241170422301,35f6a6573ef9
14,42,0.06,+/-10%,9,7634.766021905722,7830.083053362215,35f6a6573ef9
14,42,0.06,+/-10%,10,8398.242624096294,8506.329960726638,35f6a6573ef9
14,42,0.06,+/-10%,11,7943.227169673288,8385.665277966054,35f6a6573ef9
14,42,0.06,+/-10%,12,8737.549886640618,8982.513610432692,35f6a6573ef9
14,42,0.06,+/-10%,13,8875.706317238904,8157.048703594256,35f6a6573ef9
14,42,0.06,+/-10%,14,7988.135685515014,7341.343836028095,35f6a6573ef9
14,42,0.06,+/-10%,15,8507.86370037204,8240.372991666314,35f6a6573ef9
14,42,0.06,+/-20%,1,18282.74147282164,18282.74147282164,35f6a6573ef9
14,42,0.06,+/-20%,2,14626.193178257316,14598.716894279803,35f6a6573ef9
14,42,0.06,+/-20%,3,11700.95454260585,11666.341609799856,35f6a6573ef9
14,42,0.06,+/-20%,4,9360.763634084682,9333.072615583542,35f6a6573ef9
14,42,0.06,+/-20%,5,7488.610907267746,7346.620804955244,35f6a6573ef9
14,42,0.06,+/-20%,6,5990.888725814196,6114.375427056143,35f6a6573ef9
14,42,0.06,+/-20%,7,7189.066470977036,7588.738594330035,35f6a6573ef9
14,42,0.06,+/-20%,8,8626.879765172442,9380.989946130636,35f6a6573ef9
14,42,0.06,+/-20%,9,10352.25571820693,8894.37050624227,35f6a6573ef9
14,42,0.06,+/-20%,10,9581.662503876676,9812.1698101983,35f6a6573ef9
14,42,0.06,+/-20%,11,8297.50758125248,7965.11146873516,35f6a6573ef9
14,42,0.06,+/-20%,12,7751.314946400049,7793.788171637316,35f6a6573ef9
14,42,0.06,+/-20%,13,7727.469782004402,7815.078460148949,35f6a6573ef9
14,42,0.06,+/-20%,14,6181.975825603521,6252.06276789365,35f6a6573ef9
14,42,0.06,+/-20%,15,7418.370990724224,8097.69107263682,35f6a6573ef9
14,1042,0.0,NHF,1,1908.5723296066667,1908.5723296066667,35f6a6573ef9
14,1042,0.0,NHF,2,2001.37080107,879.3544797333333,35f6a6573ef9
14,1042,0.0,NHF,3,8691.725147038349,361.5064336,35f6a6573ef9
14,1042,0.0,NHF,4,7800.66329542,10500.300809400685,35f6a6573ef9
14,1042,0.0,NHF,5,30092.950732162222,16643.798011739513,35f6a6573ef9
14,1042,0.0,NHF,6,8446.953841018376,9024.58147286362,35f6a6573ef9
14,1042,0.0,NHF,7,19295.523254935677,9762.680916311481,35f6a6573ef9
14,1042,0.0,NHF,8,6792.163660016524,12328.099653107576,35f6a6573ef9
14,1042,0.0,NHF,9,6031.914991486542,6444.341120691433,35f6a6573ef9
14,1042,0.0,NHF,10,1086.35037321,10582.99400591173,35f6a6573ef9
14,1042,0.0,NHF,11,1058.78257719,9915.534976725887,35f6a6573ef9
14,1042,0.0,NHF,12,1404.7550737325,9177.489029937531,35f6a6573ef9
14,1042,0.0,NHF,13,703.9755243225,8006.037859681278,35f6a6573ef9
14,1042,0.0,NHF,14,3479.841637134318,7183.949421516732,35f6a6573ef9
14,1042,0.0,NHF,15,75465.56411364485,8057.380522163706,35f6a6573ef9
14,1042,0.0,NDY,1,5412.477799791809,5412.477799791809,35f6a6573ef9
14,1042,0.0,NDY,2,10619.454486150724,8954.321875701738,35f6a6573ef9
14,1042,0.0,NDY,3,10619.454486150718,8910.327905519338,35f6a6573ef9
14,1042,0.0,NDY,4,10619.454486150718,10392.973611552783,35f6a6573ef9
14,1042,0.0,NDY,5,10619.45448615072,10211.21187261596,35f6a6573ef9
14,1042,0.0,NDY,6,10619.454486150722,9876.362181643028,35f6a6573ef9
14,1042,0.0,NDY,7,10619.454486150713,9708.447564497255,35f6a6573ef9
14,1042,0.0,NDY,8,10619.45448615072,9652.784059885658,35f6a6573ef9
14,1042,0.0,NDY,9,10619.454486150718,9446.191798573504,35f6a6573ef9
14,1042,0.0,NDY,10,10619.454486150717,9148.151341384288,35f6a6573ef9
14,1042,0.0,NDY,11,10619.454486150717,9063.924975912514,35f6a6573ef9
14,1042,0.0,NDY,12,10619.454486150718,8677.290220573692,35f6a6573ef9
14,1042,0.0,NDY,13,10619.454486150713,8585.566600629676,35f6a6573ef9
14,1042,0.0,NDY,14,10619.454486150717,6799.135012134167,35f6a6573ef9
14,1042,0.0,NDY,15,10619.454486150718,8998.342593889824,35f6a6573ef9
14,1042,0.0,-10%,1,3754.0707447549994,3754.0707447549994,35f6a6573ef9
14,1042,0.0,-10%,2,5227.387716598384,4887.4897268350005,35f6a6573ef9
14,1042,0.0,-10%,3,4880.319971605082,7008.752215200001,35f6a6573ef9
14,1042,0.0,-10%,4,14821.422245897835,14813.722018326278,35f6a6573ef9
14,1042,0.0,-10%,5,13339.280021308048,13556.147738847407,35f6a6573ef9
14,1042,0.0,-10%,6,12005.352019177246,12237.746189495143,35f6a6573ef9
14,1042,0.0,-10%,7,10804.816817259521,11075.128331843287,35f6a6573ef9
14,1042,0.0,-10%,8,9724.33513553357,8635.876040095563,35f6a6573ef9
14,1042,0.0,-10%,9,8751.901621980212,9405.910990617902,35f6a6573ef9
14,1042,0.0,-10%,10,7876.711459782193,9928.98332496108,35f6a6573ef9
14,1042,0.0,-10%,11,13405.30224955703,8697.950701720823,35f6a6573ef9
14,1042,0.0,-10%,12,14567.152930247901,6133.078873562095,35f6a6573ef9
14,1042,0.0,-10%,13,13110.437637223107,5778.598503277976,35f6a6573ef9
14,1042,0.0,-10%,14,11799.393873500798,6031.5368175975,35f6a6573ef9
14,1042,0.0,-10%,15,10619.454486150718,7983.587971663921,35f6a6573ef9
14,1042,0.0,-20%,1,3386.6632157949994,3386.6632157949994,35f6a6573ef9
14,1042,0.0,-20%,2,4632.2973536,5276.130965875001,35f6a6573ef9
14,1042,0.0,-20%,3,3705.83788288,6417.927208645001,35f6a6573ef9
14,1042,0.0,-20%,4,16077.080938163579,12718.948626245981,35f6a6573ef9
14,1042,0.0,-20%,5,16016.386609938381,17183.9644693088,35f6a6573ef9
14,1042,0.0,-20%,6,12813.109287950705,12540.286810857126,35f6a6573ef9
14,1042,0.0,-20%,7,10250.487430360563,9666.855856801096,35f6a6573ef9
14,1042,0.0,-20%,8,8200.389944288452,9381.279987605272,35f6a6573ef9
14,1042,0.0,-20%,9,6713.74381668991,8094.234682612409,35f6a6573ef9
14,1042,0.0,-20%,10,8725.174671196204,8732.6553323545,35f6a6573ef9
14,1042,0.0,-20%,11,8696.509751525175,10857.212470490302,35f6a6573ef9
14,1042,0.0,-20%,12,15105.716676386937,6883.585100077523,35f6a6573ef9
14,1042,0.0,-20%,13,16592.897634610494,5456.563396827977,35f6a6573ef9
14,1042,0.0,-20%,14,13274.3181076884,5909.823181904646,35f6a6573ef9
14,1042,0.0,-20%,15,10619.454486150722,6646.748751391376,35f6a6573ef9
14,1042,0.0,+/-10%,1,6899.312060456623,6899.312060456623,35f6a6573ef9
14,1042,0.0,+/-10%,2,7589.243266502288,7659.09979660703,35f6a6573ef9
14,1042,0.0,+/-10%,3,8348.167593152515,9041.524483001145,35f6a6573ef9
14,1042,0.0,+/-10%,4,9182.984352467773,10582.435426210019,35f6a6573ef9
14,1042,0.0,+/-10%,5,10101.282787714546,12089.304989034266,35f6a6573ef9
14,1042,0.0,+/-10%,6,11111.411066486004,10214.822546506839,35f6a6573ef9
14,1042,0.0,+/-10%,7,10324.624268035817,10626.079643081108,35f6a6573ef9
14,1042,0.0,+/-10%,8,9292.161841232237,9205.515613750562,35f6a6573ef9
14,1042,0.0,+/-10%,9,10200.971430529973,8270.475194879613,35f6a6573ef9
14,1042,0.0,+/-10%,10,11221.068573582972,9555.005506288082,35f6a6573ef9
14,1042,0.0,+/-10%,11,12343.175430941268,9113.939962528895,35f6a6573ef9
14,1042,0.0,+/-10%,12,13577.492974035396,6539.121130047914,35f6a6573ef9
14,1042,0.0,+/-10%,13,13110.437637223113,7259.070111475385,35f6a6573ef9
14,1042,0.0,+/-10%,14,11799.393873500794,8235.47044818858,35f6a6573ef9
14,1042,0.0,+/-10%,15,10619.454486150717,9550.064697713531,35f6a6573ef9
14,1042,0.0,+/-20%,1,5459.778961517532,5459.778961517532,35f6a6573ef9
14,1042,0.0,+/-20%,2,6551.734753821038,7091.907147586242,35f6a6573ef9
14,1042,0.0,+/-20%,3,7862.081704585246,9499.863212861324,35f6a6573ef9
14,1042,0.0,+/-20%,4,9434.498045502298,10979.498669360668,35f6a6573ef9
14,1042,0.0,+/-20%,5,11321.397654602759,13817.993098599172,35f6a6573ef9
14,1042,0.0,+/-20%,6,13564.68564858783,10036.68009997487,35f6a6573ef9
14,1042,0.0,+/-20%,7,10851.748518870265,9385.267123235133,35f6a6573ef9
14,1042,0.0,+/-20%,8,8681.398815096212,9434.933795280562,35f6a6573ef9
14,1042,0.0,+/-20%,9,8368.390042508703,7993.948384472409,35f6a6573ef9
14,1042,0.0,+/-20%,10,9243.909703549907,9920.68730447102,35f6a6573ef9
14,1042,0.0,+/-20%,11,11092.691644259889,8459.208399004121,35f6a6573ef9
14,1042,0.0,+/-20%,12,13311.229973111864,7349.085421452522,35f6a6573ef9
14,1042,0.0,+/-20%,13,15973.475967734234,7298.617030892977,35f6a6573ef9
14,1042,0.0,+/-20%,14,13274.318107688396,7683.64378403851,35f6a6573ef9
14,1042,0.0,+/-20%,15,10619.454486150718,9669.688183602328,35f6a6573ef9
14,1042,0.02,NHF,1,35917.822814888,35917.822814888,35f6a6573ef9
14,1042,0.02,NHF,2,3320.7638303886815,3512.384043674042,35f6a6573ef9
14,1042,0.02,NHF,3,7658.124159466805,6623.3300244046,35f6a6573ef9
14,1042,0.02,NHF,4,4085.0143923353203,6428.959174120178,35f6a6573ef9
14,1042,0.02,NHF,5,12555.489738941818,10956.511637739499,35f6a6573ef9
14,1042,0.02,NHF,6,4510.3628779117125,4510.3628779117125,35f6a6573ef9
14,1042,0.02,NHF,7,9640.778637255862,9640.778637255862,35f6a6573ef9
14,1042,0.02,NHF,8,9323.3593460863,9323.3593460863,35f6a6573ef9
14,1042,0.02,NHF,9,13180.95785139415,12234.130232457792,35f6a6573ef9
14,1042,0.02,NHF,10,2711.55233607822,3436.7672370040036,35f6a6573ef9
14,1042,0.02,NHF,11,6595.759902922718,9007.862472766108,35f6a6573ef9
14,1042,0.02,NHF,12,4138.633260777619,4292.302347110465,35f6a6573ef9
14,1042,0.02,NHF,13,13764.228839185724,12925.038704497578,35f6a6573ef9
14,1042,0.02,NHF,14,5820.2070159273035,3618.114189263918,35f6a6573ef9
14,1042,0.02,NHF,15,12669.157945084127,10908.384730984284,35f6a6573ef9
14,1042,0.02,NDY,1,10251.90260601547,10251.90260601547,35f6a6573ef9
14,1042,0.02,NDY,2,10251.902606015468,10142.34453743614,35f6a6573ef9
14,1042,0.02,NDY,3,10251.902606015468,10044.248288962233,35f6a6573ef9
14,1042,0.02,NDY,4,10251.90260601547,9950.747765166778,35f6a6573ef9
14,1042,0.02,NDY,5,10251.902606015468,9857.977982556045,35f6a6573ef9
14,1042,0.02,NDY,6,10251.90260601547,9765.365347988867,35f6a6573ef9
14,1042,0.02,NDY,7,10251.90260601547,9671.772483364075,35f6a6573ef9
14,1042,0.02,NDY,8,10251.902606015467,9597.41085905369,35f6a6573ef9
14,1042,0.02,NDY,9,10251.902606015467,9521.554706454997,35f6a6573ef9
14,1042,0.02,NDY,10,10251.902606015465,9450.717570166082,35f6a6573ef9
14,1042,0.02,NDY,11,10251.902606015472,9377.085133047067,35f6a6573ef9
14,1042,0.02,NDY,12,10251.902606015463,9312.617647655738,35f6a6573ef9
14,1042,0.02,NDY,13,10251.902606015468,9245.706994044916,35f6a6573ef9
14,1042,0.02,NDY,14,10251.902606015467,9188.582177019629,35f6a6573ef9
14,1042,0.02,NDY,15,10251.902606015463,9131.561200095506,35f6a6573ef9
14,1042,0.02,-10%,1,15784.415456632749,15784.415456632749,35f6a6573ef9
14,1042,0.02,-10%,2,14205.973910969464,14206.647468918618,35f6a6573ef9
14,1042,0.02,-10%,3,12785.376519872525,12772.689330590241,35f6a6573ef9
14,1042,0.02,-10%,4,11506.83886788527,11478.293115560195,35f6a6573ef9
14,1042,0.02,-10%,5,10356.154981096744,10313.454348401094,35f6a6573ef9
14,1042,0.02,-10%,6,9320.53948298707,9282.108912204878,35f6a6573ef9
14,1042,0.02,-10%,7,8388.485534688367,8353.89802369352,35f6a6573ef9
14,1042,0.02,-10%,8,7549.636981219524,7549.994935714227,35f6a6573ef9
14,1042,0.02,-10%,9,6794.673283097576,6794.995445469285,35f6a6573ef9
14,1042,0.02,-10%,10,6115.20595478782,6984.44375447765,35f6a6573ef9
14,1042,0.02,-10%,11,7611.516948860923,6983.290326342413,35f6a6573ef9
14,1042,0.02,-10%,12,9122.872694355205,8186.2633499633985,35f6a6573ef9
14,1042,0.02,-10%,13,9744.20296635527,9898.726804455873,35f6a6573ef9
14,1042,0.02,-10%,14,8769.782669719738,8907.649358956989,35f6a6573ef9
14,1042,0.02,-10%,15,7920.870498451349,8016.206040168518,35f6a6573ef9
14,1042,0.02,-20%,1,19410.291187046674,19410.291187046674,35f6a6573ef9
14,1042,0.02,-20%,2,15528.232949637346,15514.427618078253,35f6a6573ef9
14,1042,0.02,-20%,3,12422.586359709878,12410.06955188991,35f6a6573ef9
14,1042,0.02,-20%,4,9938.069087767903,9909.037338748643,35f6a6573ef9
14,1042,0.02,-20%,5,7950.455270214323,7918.2133639538215,35f6a6573ef9
14,1042,0.02,-20%,6,6360.364216171457,6334.570689631377,35f6a6573ef9
14,1042,0.02,-20%,7,7664.160285703777,7664.160285703777,35f6a6573ef9
14,1042,0.02,-20%,8,8601.18544758148,8433.841674420648,35f6a6573ef9
14,1042,0.02,-20%,9,6880.948358065185,7682.323373291632,35f6a6573ef9
14,1042,0.02,-20%,10,8762.290166975747,7973.515534746432,35f6a6573ef9
14,1042,0.02,-20%,11,7009.8321335805995,8569.203687137138,35f6a6573ef9
14,1042,0.02,-20%,12,10250.995664878767,7398.961321548222,35f6a6573ef9
14,1042,0.02,-20%,13,8200.796531903012,8955.19241237226,35f6a6573ef9
14,1042,0.02,-20%,14,6560.6372255224105,7164.153931703769,35f6a6573ef9
14,1042,0.02,-20%,15,9654.61824074276,9039.92476119824,35f6a6573ef9
14,1042,0.02,+/-10%,1,15769.890381892317,15769.890381892317,35f6a6573ef9
14,1042,0.02,+/-10%,2,14192.901343703088,14192.323377158124,35f6a6573ef9
14,1042,0.02,+/-10%,3,12773.611209332777,12771.366536484189,35f6a6573ef9
14,1042,0.02,+/-10%,4,11496.250088399496,11484.70833734737,35f6a6573ef9
14,1042,0.02,+/-10%,5,10346.625079559553,10318.052229738998,35f6a6573ef9
14,1042,0.02,+/-10%,6,9311.962571603597,9286.247005785437,35f6a6573ef9
14,1042,0.02,+/-10%,7,8380.766314443239,8357.622307767157,35f6a6573ef9
14,1042,0.02,+/-10%,8,7542.689682998912,7541.36422581519,35f6a6573ef9
14,1042,0.02,+/-10%,9,6788.420714699024,6406.181478767014,35f6a6573ef9
14,1042,0.02,+/-10%,10,6867.6252176531025,7046.799626089613,35f6a6573ef9
14,1042,0.02,+/-10%,11,7554.387739418412,7751.4795856895,35f6a6573ef9
14,1042,0.02,+/-10%,12,8309.826513360254,8681.150373762095,35f6a6573ef9
14,1042,0.02,+/-10%,13,9140.80916469628,9355.659090288473,35f6a6573ef9
14,1042,0.02,+/-10%,14,9256.307814298141,8605.453526471465,35f6a6573ef9
14,1042,0.02,+/-10%,15,8330.677032868329,7679.704057384913,35f6a6573ef9
14,1042,0.02,+/-20%,1,19406.356062504383,19406.356062504383,35f6a6573ef9
14,1042,0.02,+/-20%,2,15525.084850003514,15519.347299087536,35f6a6573ef9
14,1042,0.02,+/-20%,3,12420.067880002813,12407.25799452514,35f6a6573ef9
14,1042,0.02,+/-20%,4,9936.05430400225,9912.884850785373,35f6a6573ef9
14,1042,0.02,+/-20%,5,7948.843443201802,7922.67901042094,35f6a6573ef9
14,1042,0.02,+/-20%,6,6359.074754561441,6338.143206607092,35f6a6573ef9
14,1042,0.02,+/-20%,7,7630.889705473731,7630.889706978293,35f6a6573ef9
14,1042,0.02,+/-20%,8,8676.926303777716,8321.474122383428,35f6a6573ef9
14,1042,0.02,+/-20%,9,6941.541043022175,7840.000999509404,35f6a6573ef9
14,1042,0.02,+/-20%,10,8329.849251626609,8058.242818067539,35f6a6573ef9
14,1042,0.02,+/-20%,11,7898.012428114504,8473.306273003476,35f6a6573ef9
14,1042,0.02,+/-20%,12,9477.614913737405,7398.09195690571,35f6a6573ef9
14,1042,0.02,+/-20%,13,7582.091930989923,8957.063916898496,35f6a6573ef9
14,1042,0.02,+/-20%,14,7775.164791102046,7165.65113461505,35f6a6573ef9
14,1042,0.02,+/-20%,15,9330.197749322455,8739.456100256286,35f6a6573ef9
14,1042,0.04,NHF,1,40326.271469169216,40326.271469169216,35f6a6573ef9
14,1042,0.04,NHF,2,4476.421982482051,4476.421982482051,35f6a6573ef9
14,1042,0.04,NHF,3,4808.990067507349,4808.990067507349,35f6a6573ef9
14,1042,0.04,NHF,4,5575.063994405075,5575.063994405075,35f6a6573ef9
14,1042,0.04,NHF,5,4083.617154172069,4083.617154172069,35f6a6573ef9
14,1042,0.04,NHF,6,4510.3628779117125,4510.3628779117125,35f6a6573ef9
14,1042,0.04,NHF,7,9729.83503993784,9729.83503993784,35f6a6573ef9
14,1042,0.04,NHF,8,10553.528975294155,10553.528975294155,35f6a6573ef9
14,1042,0.04,NHF,9,15965.61228800052,15965.612288000519,35f6a6573ef9
14,1042,0.04,NHF,10,4811.95829160797,4811.95829160797,35f6a6573ef9
14,1042,0.04,NHF,11,5439.886517733575,5439.886517733576,35f6a6573ef9
14,1042,0.04,NHF,12,5645.921822708517,5645.921822708517,35f6a6573ef9
14,1042,0.04,NHF,13,8802.552444577515,8802.552444577515,35f6a6573ef9
14,1042,0.04,NHF,14,4470.074135721799,4470.074135721799,35f6a6573ef9
14,1042,0.04,NHF,15,11535.667859796122,11535.667859796122,35f6a6573ef9
14,1042,0.04,NDY,1,10182.507176549912,10182.507176549912,35f6a6573ef9
14,1042,0.04,NDY,2,10182.507176549912,10045.074139741559,35f6a6573ef9
14,1042,0.04,NDY,3,10182.507176549909,9890.045679055038,35f6a6573ef9
14,1042,0.04,NDY,4,10182.50717654991,9766.289865469344,35f6a6573ef9
14,1042,0.04,NDY,5,10182.507176549909,9664.009885514755,35f6a6573ef9
14,1042,0.04,NDY,6,10182.507176549909,9546.911643731502,35f6a6573ef9
14,1042,0.04,NDY,7,10182.507176549907,9445.259642979261,35f6a6573ef9
14,1042,0.04,NDY,8,10182.50717654991,9364.578513104338,35f6a6573ef9
14,1042,0.04,NDY,9,10182.507176549909,9275.446729591511,35f6a6573ef9
14,1042,0.04,NDY,10,10182.507176549909,9200.437636340164,35f6a6573ef9
14,1042,0.04,NDY,11,10182.507176549909,9123.037255272155,35f6a6573ef9
14,1042,0.04,NDY,12,10182.507176549909,9042.541271559661,35f6a6573ef9
14,1042,0.04,NDY,13,10182.507176549909,8974.64809508895,35f6a6573ef9
14,1042,0.04,NDY,14,10182.507176549909,8905.958198336595,35f6a6573ef9
14,1042,0.04,NDY,15,10182.507176549905,8841.237738392043,35f6a6573ef9
14,1042,0.04,-10%,1,15761.952109167407,15761.952109167407,35f6a6573ef9
14,1042,0.04,-10%,2,14185.756898250667,14178.796619818362,35f6a6573ef9
14,1042,0.04,-10%,3,12767.181208425598,12759.155971818618,35f6a6573ef9
14,1042,0.04,-10%,4,11490.46308758304,11483.213381339341,35f6a6573ef9
14,1042,0.04,-10%,5,10341.41677882474,10334.54692797309,35f6a6573ef9
14,1042,0.04,-10%,6,9307.275100942266,9300.540788002414,35f6a6573ef9
14,1042,0.04,-10%,7,8376.54759084804,8370.486707250697,35f6a6573ef9
14,1042,0.04,-10%,8,7538.8928317632335,7534.154009089826,35f6a6573ef9
14,1042,0.04,-10%,9,6785.003548586913,6780.738611709445,35f6a6573ef9
14,1042,0.04,-10%,10,6106.503193728222,6102.664744220818,35f6a6573ef9
14,1042,0.04,-10%,11,6834.217810135007,6949.377701500786,35f6a6573ef9
14,1042,0.04,-10%,12,9966.745399717887,10057.628764193147,35f6a6573ef9
14,1042,0.04,-10%,13,9629.999565925278,9427.33003494999,35f6a6573ef9
14,1042,0.04,-10%,14,8666.99960933275,8483.959230536311,35f6a6573ef9
14,1042,0.04,-10%,15,7800.299648399475,7635.563309273945,35f6a6573ef9
14,1042,0.04,-20%,1,19412.480941048034,19412.480941048034,35f6a6573ef9
14,1042,0.04,-20%,2,15529.984752838434,15525.4960851409,35f6a6573ef9
14,1042,0.04,-20%,3,12423.987802270745,12412.563069205606,35f6a6573ef9
14,1042,0.04,-20%,4,9939.190241816594,9928.825682842285,35f6a6573ef9
14,1042,0.04,-20%,5,7951.352193453278,7942.4494406999665,35f6a6573ef9
14,1042,0.04,-20%,6,6361.081754762622,6353.959552027544,35f6a6573ef9
14,1042,0.04,-20%,7,6972.225104560518,6972.225104560518,35f6a6573ef9
14,1042,0.04,-20%,8,7339.234218827641,7186.889873926361,35f6a6573ef9
14,1042,0.04,-20%,9,10053.132424243067,10060.564300825168,35f6a6573ef9
14,1042,0.04,-20%,10,8042.505939394453,8569.379594726148,35f6a6573ef9
14,1042,0.04,-20%,11,7489.374795903826,7306.748601372052,35f6a6573ef9
14,1042,0.04,-20%,12,8589.453442845026,8605.733939146585,35f6a6573ef9
14,1042,0.04,-20%,13,8215.417292392867,7960.245022732963,35f6a6573ef9
14,1042,0.04,-20%,14,6572.333833914295,6368.196022281415,35f6a6573ef9
14,1042,0.04,-20%,15,8534.751123277385,8542.183004357114,35f6a6573ef9
14,1042,0.04,+/-10%,1,15743.297810569837,15743.297810569837,35f6a6573ef9
14,1042,0.04,+/-10%,2,14168.968029512853,14162.281777343123,35f6a6573ef9
14,1042,0.04,+/-10%,3,12752.071226561568,12744.808682564042,35f6a6573ef9
14,1042,0.04,+/-10%,4,11476.864103905411,11457.261841465046,35f6a6573ef9
14,1042,0.04,+/-10%,5,10329.177693514872,10311.535658861605,35f6a6573ef9
14,1042,0.04,+/-10%,6,9296.259924163385,9278.468102387722,35f6a6573ef9
14,1042,0.04,+/-10%,7,8366.633931747047,8350.621288112468,35f6a6573ef9
14,1042,0.04,+/-10%,8,7529.97053857234,7525.682077911207,35f6a6573ef9
14,1042,0.04,+/-10%,9,6776.973484715107,6773.113867138963,35f6a6573ef9
14,1042,0.04,+/-10%,10,6668.51002518092,6829.235832688004,35f6a6573ef9
14,1042,0.04,+/-10%,11,7335.361027699011,7512.1594175902865,35f6a6573ef9
14,1042,0.04,+/-10%,12,8068.897130468912,8263.375360338134,35f6a6573ef9
14,1042,0.04,+/-10%,13,8875.786843515807,9454.30918333061,35f6a6573ef9
14,1042,0.04,+/-10%,14,9763.365527867383,8508.878261829417,35f6a6573ef9
14,1042,0.04,+/-10%,15,8787.028975080648,7989.489539730127,35f6a6573ef9
14,1042,0.04,+/-20%,1,19411.905399721287,19411.905399721287,35f6a6573ef9
14,1042,0.04,+/-20%,2,15529.524319777034,15522.148208826733,35f6a6573ef9
14,1042,0.04,+/-20%,3,12423.619455821628,12412.890259635637,35f6a6573ef9
14,1042,0.04,+/-20%,4,9938.895564657301,9928.022542021858,35f6a6573ef9
14,1042,0.04,+/-20%,5,7951.116451725843,7941.80692819154,35f6a6573ef9
14,1042,0.04,+/-20%,6,6360.893161380674,6353.445540915044,35f6a6573ef9
14,1042,0.04,+/-20%,7,6972.225104560518,6972.225104560518,35f6a6573ef9
14,1042,0.04,+/-20%,8,7712.750585070112,7539.085842000989,35f6a6573ef9
14,1042,0.04,+/-20%,9,9255.300702084136,9046.90300857787,35f6a6573ef9
14,1042,0.04,+/-20%,10,8466.82129531091,9230.844918898818,35f6a6573ef9
14,1042,0.04,+/-20%,11,7489.686813829742,7948.928671130314,35f6a6573ef9
14,1042,0.04,+/-20%,12,8575.251843385931,7636.331363339541,35f6a6573ef9
14,1042,0.04,+/-20%,13,8225.061977333193,8303.764610289212,35f6a6573ef9
14,1042,0.04,+/-20%,14,6896.555469899109,6643.011688246429,35f6a6573ef9
14,1042,0.04,+/-20%,15,8275.86656387893,7727.018428367758,35f6a6573ef9
14,1042,0.06,NHF,1,40326.271469169216,40326.271469169216,35f6a6573ef9
14,1042,0.06,NHF,2,4476.421982482051,4476.421982482051,35f6a6573ef9
14,1042,0.06,NHF,3,4808.990067507349,4808.990067507349,35f6a6573ef9
14,1042,0.06,NHF,4,5575.063994405075,5575.063994405075,35f6a6573ef9
14,1042,0.06,NHF,5,4083.617154172069,4083.617154172069,35f6a6573ef9
14,1042,0.06,NHF,6,4510.3628779117125,4510.3628779117125,35f6a6573ef9
14,1042,0.06,NHF,7,9729.83503993784,9729.83503993784,35f6a6573ef9
14,1042,0.06,NHF,8,10553.528975294155,10553.528975294155,35f6a6573ef9
14,1042,0.06,NHF,9,15965.61228800052,15965.612288000519,35f6a6573ef9
14,1042,0.06,NHF,10,4811.95829160797,4811.95829160797,35f6a6573ef9
14,1042,0.06,NHF,11,5439.886517733575,5439.886517733576,35f6a6573ef9
14,1042,0.06,NHF,12,5645.921822708517,5645.921822708517,35f6a6573ef9
14,1042,0.06,NHF,13,8802.552444577515,8802.552444577515,35f6a6573ef9
14,1042,0.06,NHF,14,4470.074135721799,4470.074135721799,35f6a6573ef9
14,1042,0.06,NHF,15,11535.667859796122,11535.667859796122,35f6a6573ef9
14,1042,0.06,NDY,1,10111.789256648659,10111.789256648659,35f6a6573ef9
14,1042,0.06,NDY,2,10111.789256648659,9918.744774835593,35f6a6573ef9
14,1042,0.06,NDY,3,10111.789256648655,9747.231946528143,35f6a6573ef9
14,1042,0.06,NDY,4,10111.789256648659,9645.629822957102,35f6a6573ef9
14,1042,0.06,NDY,5,10111.789256648657,9524.232998113755,35f6a6573ef9
14,1042,0.06,NDY,6,10111.78925664866,9411.65909044466,35f6a6573ef9
14,1042,0.06,NDY,7,10111.78925664866,9313.284789668523,35f6a6573ef9
14,1042,0.06,NDY,8,10111.78925664868,9213.261972201932,35f6a6573ef9
14,1042,0.06,NDY,9,10111.789256648652,9125.22018226967,35f6a6573ef9
14,1042,0.06,NDY,10,10111.789256648652,9047.232303938243,35f6a6573ef9
14,1042,0.06,NDY,11,10111.789256648664,8974.075637800086,35f6a6573ef9
14,1042,0.06,NDY,12,10111.789256648664,8906.090899816729,35f6a6573ef9
14,1042,0.06,NDY,13,10111.789256648664,8859.968676533173,35f6a6573ef9
14,1042,0.06,NDY,14,10111.789256648675,8801.342114229356,35f6a6573ef9
14,1042,0.06,NDY,15,10111.789256648652,8725.700681411001,35f6a6573ef9
14,1042,0.06,-10%,1,15698.7057386101,15698.7057386101,35f6a6573ef9
14,1042,0.06,-10%,2,14128.835164749093,14120.880903207904,35f6a6573ef9
14,1042,0.06,-10%,3,12715.95164827418,12658.273205503894,35f6a6573ef9
14,1042,0.06,-10%,4,11444.356483446765,11378.554123108102,35f6a6573ef9
14,1042,0.06,-10%,5,10299.92083510209,10221.525516067215,35f6a6573ef9
14,1042,0.06,-10%,6,9269.92875159188,9199.372965220868,35f6a6573ef9
14,1042,0.06,-10%,7,8342.935876432693,8279.435669670258,35f6a6573ef9
14,1042,0.06,-10%,8,7508.642288789423,7474.583746180667,35f6a6573ef9
14,1042,0.06,-10%,9,6757.778059910482,6727.125369439831,35f6a6573ef9
14,1042,0.06,-10%,10,6082.000253919434,6054.412834158829,35f6a6573ef9
14,1042,0.06,-10%,11,7223.787615788935,7108.292636310109,35f6a6573ef9
14,1042,0.06,-10%,12,9805.973830989646,10391.501338351856,35f6a6573ef9
14,1042,0.06,-10%,13,9660.510406191339,9350.653647904166,35f6a6573ef9
14,1042,0.06,-10%,14,8694.459365572206,8415.58828432103,35f6a6573ef9
14,1042,0.06,-10%,15,7825.0134290149845,7574.029456668143,35f6a6573ef9
14,1042,0.06,-20%,1,19347.58543115549,19347.58543115549,35f6a6573ef9
14,1042,0.06,-20%,2,15478.068344924392,15460.15288627407,35f6a6573ef9
14,1042,0.06,-20%,3,12382.45467593951,12345.444323550642,35f6a6573ef9
14,1042,0.06,-20%,4,9905.963740751613,9859.39122061324,35f6a6573ef9
14,1042,0.06,-20%,5,7924.770992601295,7887.268364235478,35f6a6573ef9
14,1042,0.06,-20%,6,6339.816794081034,6309.814692535548,35f6a6573ef9
14,1042,0.06,-20%,7,6056.894392153229,6056.894392153228,35f6a6573ef9
14,1042,0.06,-20%,8,8542.965625606066,8417.195894931585,35f6a6573ef9
14,1042,0.06,-20%,9,9336.611186750908,9536.188688905428,35f6a6573ef9
14,1042,0.06,-20%,10,9568.527074457406,9619.61677557634,35f6a6573ef9
14,1042,0.06,-20%,11,7654.821659565925,8227.794119901926,35f6a6573ef9
14,1042,0.06,-20%,12,7356.887263575844,6582.23530040461,35f6a6573ef9
14,1042,0.06,-20%,13,7942.049470539966,7873.753751024318,35f6a6573ef9
14,1042,0.06,-20%,14,6353.639576431974,6299.0030044998475,35f6a6573ef9
14,1042,0.06,-20%,15,8523.322758215349,8248.326316275841,35f6a6573ef9
14,1042,0.06,+/-10%,1,15697.905161491384,15697.905161491384,35f6a6573ef9
14,1042,0.06,+/-10%,2,14128.11464534224,14123.870627297923,35f6a6573ef9
14,1042,0.06,+/-10%,3,12715.303180808018,12652.763463073277,35f6a6573ef9
14,1042,0.06,+/-10%,4,11443.77286272722,11346.000772549727,35f6a6573ef9
14,1042,0.06,+/-10%,5,10299.395576454499,10196.2541552677,35f6a6573ef9
14,1042,0.06,+/-10%,6,9269.456018809047,9176.628736348697,35f6a6573ef9
14,1042,0.06,+/-10%,7,8342.510416928144,8258.965863774012,35f6a6573ef9
14,1042,0.06,+/-10%,8,7508.259375235327,7471.330298196254,35f6a6573ef9
14,1042,0.06,+/-10%,9,6757.433437711797,6724.19727089668,35f6a6573ef9
14,1042,0.06,+/-10%,10,6201.005045782852,6504.410684966563,35f6a6573ef9
14,1042,0.06,+/-10%,11,6821.105550361137,7154.851754996086,35f6a6573ef9
14,1042,0.06,+/-10%,12,7503.21610539725,10040.186105987712,35f6a6573ef9
14,1042,0.06,+/-10%,13,8253.537715936976,9036.16749358537,35f6a6573ef9
14,1042,0.06,+/-10%,14,9078.891487530675,8132.5507412132665,35f6a6573ef9
14,1042,0.06,+/-10%,15,9986.780636283744,7816.324489357732,35f6a6573ef9
14,1042,0.06,+/-20%,1,19361.104306844893,19361.104306844893,35f6a6573ef9
14,1042,0.06,+/-20%,2,15488.88344547592,15473.810126649747,35f6a6573ef9
14,1042,0.06,+/-20%,3,12391.106756380736,12356.00617227467,35f6a6573ef9
14,1042,0.06,+/-20%,4,9912.885405104587,9868.57011281708,35f6a6573ef9
14,1042,0.06,+/-20%,5,7930.308324083673,7894.8560929860105,35f6a6573ef9
14,1042,0.06,+/-20%,6,6344.246659266939,6315.884877452358,35f6a6573ef9
14,1042,0.06,+/-20%,7,6460.776546218339,6460.776544602232,35f6a6573ef9
14,1042,0.06,+/-20%,8,7752.931855462004,7752.93185862136,35f6a6573ef9
14,1042,0.06,+/-20%,9,9217.269436300006,9181.904706610952,35f6a6573ef9
14,1042,0.06,+/-20%,10,10074.648461997693,10068.701752699755,35f6a6573ef9
14,1042,0.06,+/-20%,11,8059.718769598153,8487.510587099241,35f6a6573ef9
14,1042,0.06,+/-20%,12,6948.819299248847,6790.008469653035,35f6a6573ef9
14,1042,0.06,+/-20%,13,7119.9917897310415,7675.15257377212,35f6a6573ef9
14,1042,0.06,+/-20%,14,7188.146190619204,6140.122056707932,35f6a6573ef9
14,1042,0.06,+/-20%,15,8625.775428743045,7733.921397935716,35f6a6573ef9
14,2042,0.0,NHF,1,2433.469204456667,2433.469204456667,35f6a6573ef9
14,2042,0.0,NHF,2,1171.4983443875,704.57805152,35f6a6573ef9
14,2042,0.0,NHF,3,8368.55754572159,443.09223789999993,35f6a6573ef9
14,2042,0.0,NHF,4,5353.402109494999,8773.72457280005,35f6a6573ef9
14,2042,0.0,NHF,5,27628.1377951619,17065.69475686781,35f6a6573ef9
14,2042,0.0,NHF,6,8918.046466735179,6989.472553070948,35f6a6573ef9
14,2042,0.0,NHF,7,23338.724951979875,10414.07258470895,35f6a6573ef9
14,2042,0.0,NHF,8,5532.481231672648,8982.763429919198,35f6a6573ef9
14,2042,0.0,NHF,9,6236.97223932043,11255.667701365304,35f6a6573ef9
14,2042,0.0,NHF,10,489.63976571999996,7941.976384963487,35f6a6573ef9
14,2042,0.0,NHF,11,402.96845950999995,9320.045001698032,35f6a6573ef9
14,2042,0.0,NHF,12,2252.0760161324997,12309.172227918323,35f6a6573ef9
14,2042,0.0,NHF,13,932.2319761875,6600.708885960376,35f6a6573ef9
14,2042,0.0,NHF,14,7682.074380553863,9939.743399071018,35f6a6573ef9
14,2042,0.0,NHF,15,71889.33725459556,8406.746881303785,35f6a6573ef9
14,2042,0.0,NDY,1,1592.8874928231635,1592.8874928231635,35f6a6573ef9
14,2042,0.0,NDY,2,10765.976668083691,8835.008562040664,35f6a6573ef9
14,2042,0.0,NDY,3,10765.976668083687,8900.94791695531,35f6a6573ef9
14,2042,0.0,NDY,4,10765.976668083687,10562.593061205132,35f6a6573ef9
14,2042,0.0,NDY,5,10765.976668083686,10365.538219003258,35f6a6573ef9
14,2042,0.0,NDY,6,10765.976668083687,10048.809368214515,35f6a6573ef9
14,2042,0.0,NDY,7,10765.97666808369,9968.258924754651,35f6a6573ef9
14,2042,0.0,NDY,8,10765.976668083687,9871.040147232432,35f6a6573ef9
14,2042,0.0,NDY,9,10765.976668083726,9721.15016069307,35f6a6573ef9
14,2042,0.0,NDY,10,10765.976668083691,9626.112219603627,35f6a6573ef9
14,2042,0.0,NDY,11,10765.976668083695,9340.928378240791,35f6a6573ef9
14,2042,0.0,NDY,12,10765.976668083696,9011.653094913332,35f6a6573ef9
14,2042,0.0,NDY,13,10765.976668083695,9004.10827369275,35f6a6573ef9
14,2042,0.0,NDY,14,10765.976668083707,8511.379798844564,35f6a6573ef9
14,2042,0.0,NDY,15,10765.976668083695,8462.539168951242,35f6a6573ef9
14,2042,0.0,-10%,1,4588.786407530613,4588.786407530613,35f6a6573ef9
14,2042,0.0,-10%,2,4129.907766777552,3909.3845528531256,35f6a6573ef9
14,2042,0.0,-10%,3,4882.3313320000525,4772.9401424275,35f6a6573ef9
14,2042,0.0,-10%,4,14082.408091563051,14735.32753515237,35f6a6573ef9
14,2042,0.0,-10%,5,12674.167282406743,13599.48667320012,35f6a6573ef9
14,2042,0.0,-10%,6,11406.750554166076,12238.883170010875,35f6a6573ef9
14,2042,0.0,-10%,7,10266.075498749464,11190.492730654662,35f6a6573ef9
14,2042,0.0,-10%,8,9239.467948874517,6179.29815549394,35f6a6573ef9
14,2042,0.0,-10%,9,8315.521153987067,10287.110723482694,35f6a6573ef9
14,2042,0.0,-10%,10,7483.9690385883605,9254.567802156827,35f6a6573ef9
14,2042,0.0,-10%,11,15657.843697302003,10122.40756035647,35f6a6573ef9
14,2042,0.0,-10%,12,14768.14357761823,8706.22331111442,35f6a6573ef9
14,2042,0.0,-10%,13,13291.329219856409,8150.80853396377,35f6a6573ef9
14,2042,0.0,-10%,14,11962.196297870772,6274.2925479075,35f6a6573ef9
14,2042,0.0,-10%,15,10765.976668083693,8336.690281245721,35f6a6573ef9
14,2042,0.0,-20%,1,4839.860081275635,4839.860081275635,35f6a6573ef9
14,2042,0.0,-20%,2,3871.8880650205083,3495.6426575425003,35f6a6573ef9
14,2042,0.0,-20%,3,3097.510452016406,6007.45562412,35f6a6573ef9
14,2042,0.0,-20%,4,13064.19615782016,10219.172728242955,35f6a6573ef9
14,2042,0.0,-20%,5,15912.691752770494,17332.61289280084,35f6a6573ef9
14,2042,0.0,-20%,6,12730.153402216396,12722.695544634345,35f6a6573ef9
14,2042,0.0,-20%,7,10184.12272177312,8660.812599199913,35f6a6573ef9
14,2042,0.0,-20%,8,8147.2981774184955,8434.682922091148,35f6a6573ef9
14,2042,0.0,-20%,9,7691.494770314831,10050.859996312694,35f6a6573ef9
14,2042,0.0,-20%,10,7352.1762706312165,6861.4252569488035,35f6a6573ef9
14,2042,0.0,-20%,11,9976.811433158737,12553.195940966409,35f6a6573ef9
14,2042,0.0,-20%,12,15760.805930178161,9449.339893322618,35f6a6573ef9
14,2042,0.0,-20%,13,16821.838543880764,7559.47191565479,35f6a6573ef9
14,2042,0.0,-20%,14,13457.470835104616,6870.586163663482,35f6a6573ef9
14,2042,0.0,-20%,15,10765.976668083693,7112.516779008848,35f6a6573ef9
14,2042,0.0,+/-10%,1,6511.173988725482,6511.173988725482,35f6a6573ef9
14,2042,0.0,+/-10%,2,7162.291387598029,7210.470446516953,35f6a6573ef9
14,2042,0.0,+/-10%,3,7878.520526357834,8471.894728425075,35f6a6573ef9
14,2042,0.0,+/-10%,4,8666.372578993618,9776.987830932336,35f6a6573ef9
14,2042,0.0,+/-10%,5,9533.00983689298,11415.245158814587,35f6a6573ef9
14,2042,0.0,+/-10%,6,10486.310820582268,9891.78581367268,35f6a6573ef9
14,2042,0.0,+/-10%,7,9437.679738524048,9713.88910549367,35f6a6573ef9
14,2042,0.0,+/-10%,8,9608.996068211565,10043.245879943406,35f6a6573ef9
14,2042,0.0,+/-10%,9,10569.895675032725,9161.099109307695,35f6a6573ef9
14,2042,0.0,+/-10%,10,11626.885242536,8973.110231081619,35f6a6573ef9
14,2042,0.0,+/-10%,11,12789.573766789597,10064.453405679902,35f6a6573ef9
14,2042,0.0,+/-10%,12,14068.53114346856,9086.89344564817,35f6a6573ef9
14,2042,0.0,+/-10%,13,13291.329219856414,8178.20409591729,35f6a6573ef9
14,2042,0.0,+/-10%,14,11962.19629787077,7852.6352297588355,35f6a6573ef9
14,2042,0.0,+/-10%,15,10765.976668083693,8896.738548522755,35f6a6573ef9
14,2042,0.0,+/-20%,1,5417.512661872102,5417.512661872102,35f6a6573ef9
14,2042,0.0,+/-20%,2,6501.015194246524,6593.79685078765,35f6a6573ef9
14,2042,0.0,+/-20%,3,7801.218233095827,8480.402025776624,35f6a6573ef9
14,2042,0.0,+/-20%,4,9361.461879714994,9892.054320754363,35f6a6573ef9
14,2042,0.0,+/-20%,5,11233.75425565799,13183.276174465584,35f6a6573ef9
14,2042,0.0,+/-20%,6,12111.331423120355,9562.962985697679,35f6a6573ef9
14,2042,0.0,+/-20%,7,9689.065138496286,10013.393812278771,35f6a6573ef9
14,2042,0.0,+/-20%,8,7751.252110797029,8492.290440249688,35f6a6573ef9
14,2042,0.0,+/-20%,9,8902.581034379438,10062.577322602694,35f6a6573ef9
14,2042,0.0,+/-20%,10,9604.461838127603,9171.554680328654,35f6a6573ef9
14,2042,0.0,+/-20%,11,11525.354205753121,9898.074531011818,35f6a6573ef9
14,2042,0.0,+/-20%,12,13830.425046903745,9351.038900905713,35f6a6573ef9
14,2042,0.0,+/-20%,13,16596.510056284496,8857.42069847479,35f6a6573ef9
14,2042,0.0,+/-20%,14,13457.470835104616,6962.194549921711,35f6a6573ef9
14,2042,0.0,+/-20%,15,10765.976668083693,8262.093065952507,35f6a6573ef9
14,2042,0.02,NHF,1,31181.433002835034,31181.433002835034,35f6a6573ef9
14,2042,0.02,NHF,2,4541.523812341033,5155.897287657335,35f6a6573ef9
14,2042,0.02,NHF,3,6478.235032325707,6280.399494869209,35f6a6573ef9
14,2042,0.02,NHF,4,3615.2738804660967,4293.211797001046,35f6a6573ef9
14,2042,0.02,NHF,5,15993.800578923745,14479.65133113281,35f6a6573ef9
14,2042,0.02,NHF,6,6061.160915584554,6061.160915584554,35f6a6573ef9
14,2042,0.02,NHF,7,8888.527576091125,8888.527576091125,35f6a6573ef9
14,2042,0.02,NHF,8,9682.065719679194,9682.065719679194,35f6a6573ef9
14,2042,0.02,NHF,9,10684.918973675918,11218.635590042983,35f6a6573ef9
14,2042,0.02,NHF,10,3193.7102236201126,3450.148229798132,35f6a6573ef9
14,2042,0.02,NHF,11,5623.3486314817155,7178.421677045915,35f6a6573ef9
14,2042,0.02,NHF,12,5933.899344402963,4827.319028619429,35f6a6573ef9
14,2042,0.02,NHF,13,14322.498918710415,15148.799851014423,35f6a6573ef9
14,2042,0.02,NHF,14,7713.949745845116,4940.773586132539,35f6a6573ef9
14,2042,0.02,NHF,15,10544.091971254491,9523.86497448929,35f6a6573ef9
14,2042,0.02,NDY,1,10102.689608801866,10102.689608801866,35f6a6573ef9
14,2042,0.02,NDY,2,10102.689608801866,10004.99178172995,35f6a6573ef9
14,2042,0.02,NDY,3,10102.689608801868,9918.160272124362,35f6a6573ef9
14,2042,0.02,NDY,4,10102.689608801866,9834.158409288999,35f6a6573ef9
14,2042,0.02,NDY,5,10102.689608801866,9751.420264496228,35f6a6573ef9
14,2042,0.02,NDY,6,10102.689608801875,9675.495927656553,35f6a6573ef9
14,2042,0.02,NDY,7,10102.689608801873,9593.258367768465,35f6a6573ef9
14,2042,0.02,NDY,8,10102.689608801847,9523.335123663283,35f6a6573ef9
14,2042,0.02,NDY,9,10102.689608801875,9452.645992871849,35f6a6573ef9
14,2042,0.02,NDY,10,10102.689608801864,9389.574837654794,35f6a6573ef9
14,2042,0.02,NDY,11,10102.689608801857,9332.755273068118,35f6a6573ef9
14,2042,0.02,NDY,12,10102.689608801868,9274.50080247512,35f6a6573ef9
14,2042,0.02,NDY,13,10102.68960880186,9217.323334909772,35f6a6573ef9
14,2042,0.02,NDY,14,10102.689608801866,9168.309565949405,35f6a6573ef9
14,2042,0.02,NDY,15,10102.689608801882,9115.283157394346,35f6a6573ef9
14,2042,0.02,-10%,1,15260.24850390765,15260.24850390765,35f6a6573ef9
14,2042,0.02,-10%,2,13734.223653516889,13727.356674830873,35f6a6573ef9
14,2042,0.02,-10%,3,12360.8012881652,12347.142951307043,35f6a6573ef9
14,2042,0.02,-10%,4,11124.721159348679,11112.933444314833,35f6a6573ef9
14,2042,0.02,-10%,5,10012.249043413813,9991.974761933581,35f6a6573ef9
14,2042,0.02,-10%,6,9011.02413907243,8992.777284722393,35f6a6573ef9
14,2042,0.02,-10%,7,8109.921725165187,8093.499553357263,35f6a6573ef9
14,2042,0.02,-10%,8,7298.929552648668,7290.8644413951515,35f6a6573ef9
14,2042,0.02,-10%,9,6569.0365973838,6561.777993751725,35f6a6573ef9
14,2042,0.02,-10%,10,5912.132937645421,6662.309656122984,35f6a6573ef9
14,2042,0.02,-10%,11,9004.359982481546,7503.787588809331,35f6a6573ef9
14,2042,0.02,-10%,12,9681.434597426776,10203.807432802967,35f6a6573ef9
14,2042,0.02,-10%,13,9510.457992174363,9558.68832288196,35f6a6573ef9
14,2042,0.02,-10%,14,8559.412192956926,8600.33214986526,35f6a6573ef9
14,2042,0.02,-10%,15,7921.1954172645155,7741.912027587278,35f6a6573ef9
14,2042,0.02,-20%,1,18654.867820029485,18654.867820029485,35f6a6573ef9
14,2042,0.02,-20%,2,14923.8942560236,14597.264624656995,35f6a6573ef9
14,2042,0.02,-20%,3,11939.11540481888,11456.707734727192,35f6a6573ef9
14,2042,0.02,-20%,4,9551.292323855105,9344.60585828495,35f6a6573ef9
14,2042,0.02,-20%,5,7641.033859084085,8421.62397838203,35f6a6573ef9
14,2042,0.02,-20%,6,6112.8270872672665,6737.299182609553,35f6a6573ef9
14,2042,0.02,-20%,7,6975.632047592485,6975.632045609621,35f6a6573ef9
14,2042,0.02,-20%,8,9213.075104007446,9596.897079592814,35f6a6573ef9
14,2042,0.02,-20%,9,7370.460083205956,7677.517661216,35f6a6573ef9
14,2042,0.02,-20%,10,7832.347063973054,6607.096516184581,35f6a6573ef9
14,2042,0.02,-20%,11,8807.512623885981,8191.065878788919,35f6a6573ef9
14,2042,0.02,-20%,12,10100.261750587837,10404.567090667393,35f6a6573ef9
14,2042,0.02,-20%,13,8080.209400470271,8326.186934122536,35f6a6573ef9
14,2042,0.02,-20%,14,6464.167520376216,6660.949549576478,35f6a6573ef9
14,2042,0.02,-20%,15,9512.591291883798,8710.232776614648,35f6a6573ef9
14,2042,0.02,+/-10%,1,15240.369439225165,15240.369439225165,35f6a6573ef9
14,2042,0.02,+/-10%,2,13716.332495302653,13714.273001212629,35f6a6573ef9
14,2042,0.02,+/-10%,3,12344.69924577239,12336.747422839106,35f6a6573ef9
14,2042,0.02,+/-10%,4,11110.229321195147,11100.769497056417,35f6a6573ef9
14,2042,0.02,+/-10%,5,9999.206389075633,9975.484586444485,35f6a6573ef9
14,2042,0.02,+/-10%,6,8999.28575016807,8977.936128570575,35f6a6573ef9
14,2042,0.02,+/-10%,7,8099.357175151264,8080.142514538101,35f6a6573ef9
14,2042,0.02,+/-10%,8,7289.4214576361355,7288.326955558872,35f6a6573ef9
14,2042,0.02,+/-10%,9,6606.185665360182,6638.4832270621355,35f6a6573ef9
14,2042,0.02,+/-10%,10,7266.804231896201,7302.331547784171,35f6a6573ef9
14,2042,0.02,+/-10%,11,7993.484655085822,8032.564702445744,35f6a6573ef9
14,2042,0.02,+/-10%,12,8792.833120594405,8895.002232008985,35f6a6573ef9
14,2042,0.02,+/-10%,13,9672.116432653847,9405.961319854037,35f6a6573ef9
14,2042,0.02,+/-10%,14,8704.904789388464,8446.314661689597,35f6a6573ef9
14,2042,0.02,+/-10%,15,8310.209450748835,7596.766417550457,35f6a6573ef9
14,2042,0.02,+/-20%,1,18654.179130199886,18654.179130199886,35f6a6573ef9
14,2042,0.02,+/-20%,2,14923.343304159916,14601.174546241598,35f6a6573ef9
14,2042,0.02,+/-20%,3,11938.674643327933,11458.032856535396,35f6a6573ef9
14,2042,0.02,+/-20%,4,9550.939714662347,9345.665950784898,35f6a6573ef9
14,2042,0.02,+/-20%,5,7640.751771729879,8398.150883521412,35f6a6573ef9
14,2042,0.02,+/-20%,6,6112.601417383902,6492.278090484195,35f6a6573ef9
14,2042,0.02,+/-20%,7,7334.621325484487,7670.733382801488,35f6a6573ef9
14,2042,0.02,+/-20%,8,8801.545590581383,9202.377855480308,35f6a6573ef9
14,2042,0.02,+/-20%,9,7041.236472465106,7361.902292367061,35f6a6573ef9
14,2042,0.02,+/-20%,10,8208.978109371028,6907.195431673209,35f6a6573ef9
14,2042,0.02,+/-20%,11,8807.67284062734,8205.87984027399,35f6a6573ef9
14,2042,0.02,+/-20%,12,9728.771553820961,10355.187082753748,35f6a6573ef9
14,2042,0.02,+/-20%,13,7783.01724305677,8475.956864117938,35f6a6573ef9
14,2042,0.02,+/-20%,14,7619.2916351473705,6780.765491734715,35f6a6573ef9
14,2042,0.02,+/-20%,15,9143.149962176842,8436.08789899943,35f6a6573ef9
14,2042,0.04,NHF,1,35605.69428547511,35605.69428547511,35f6a6573ef9
14,2042,0.04,NHF,2,5504.858521091942,5504.858521091942,35f6a6573ef9
14,2042,0.04,NHF,3,5231.839567411433,5231.839567411433,35f6a6573ef9
14,2042,0.04,NHF,4,5202.935163973825,5202.935163973825,35f6a6573ef9
14,2042,0.04,NHF,5,5605.779328272344,5605.779328272344,35f6a6573ef9
14,2042,0.04,NHF,6,6061.160915584554,6061.160915584554,35f6a6573ef9
14,2042,0.04,NHF,7,9379.437971322652,9379.437971322652,35f6a6573ef9
14,2042,0.04,NHF,8,11180.224667230774,11180.224667230776,35f6a6573ef9
14,2042,0.04,NHF,9,13031.626623188444,13031.626623188444,35f6a6573ef9
14,2042,0.04,NHF,10,4479.2574965552085,4479.2574965552085,35f6a6573ef9
14,2042,0.04,NHF,11,6739.9451668797,6739.9451668797,35f6a6573ef9
14,2042,0.04,NHF,12,6087.809962991113,6087.809962991113,35f6a6573ef9
14,2042,0.04,NHF,13,9986.526179354834,9986.526179354834,35f6a6573ef9
14,2042,0.04,NHF,14,5735.733254019095,5735.733254019095,35f6a6573ef9
14,2042,0.04,NHF,15,9170.590803231778,9170.59080323178,35f6a6573ef9
14,2042,0.04,NDY,1,10047.07817066164,10047.07817066164,35f6a6573ef9
14,2042,0.04,NDY,2,10047.078170661638,9930.650654127534,35f6a6573ef9
14,2042,0.04,NDY,3,10047.078170661638,9840.189611331512,35f6a6573ef9
14,2042,0.04,NDY,4,10047.078170661638,9739.403332091484,35f6a6573ef9
14,2042,0.04,NDY,5,10047.078170661638,9645.783516937425,35f6a6573ef9
14,2042,0.04,NDY,6,10047.078170661638,9556.270620785644,35f6a6573ef9
14,2042,0.04,NDY,7,10047.07817066164,9465.483836652926,35f6a6573ef9
14,2042,0.04,NDY,8,10047.078170661638,9376.514555830683,35f6a6573ef9
14,2042,0.04,NDY,9,10047.078170661638,9298.351723441905,35f6a6573ef9
14,2042,0.04,NDY,10,10047.078170661638,9227.086747940686,35f6a6573ef9
14,2042,0.04,NDY,11,10047.078170661638,9156.00394232358,35f6a6573ef9
14,2042,0.04,NDY,12,10047.078170661642,9085.076950510347,35f6a6573ef9
14,2042,0.04,NDY,13,10047.07817066164,9026.591602728124,35f6a6573ef9
14,2042,0.04,NDY,14,10047.078170661642,8969.085622743341,35f6a6573ef9
14,2042,0.04,NDY,15,10047.078170661638,8905.075859835053,35f6a6573ef9
14,2042,0.04,-10%,1,15254.582456639115,15254.582456639115,35f6a6573ef9
14,2042,0.04,-10%,2,13729.124210975207,13724.031617762092,35f6a6573ef9
14,2042,0.04,-10%,3,12356.211789877685,12347.514114118669,35f6a6573ef9
14,2042,0.04,-10%,4,11120.590610889913,11110.064673832157,35f6a6573ef9
14,2042,0.04,-10%,5,10008.531549800926,9996.689070605886,35f6a6573ef9
14,2042,0.04,-10%,6,9007.678394820832,8997.020162620207,35f6a6573ef9
14,2042,0.04,-10%,7,8106.91055533875,8101.204010359866,35f6a6573ef9
14,2042,0.04,-10%,8,7296.219499804874,7291.083609145366,35f6a6573ef9
14,2042,0.04,-10%,9,6566.597549824387,6561.975246540323,35f6a6573ef9
14,2042,0.04,-10%,10,5909.937794841947,5905.777721836759,35f6a6573ef9
14,2042,0.04,-10%,11,7706.026348243398,7858.109530494901,35f6a6573ef9
14,2042,0.04,-10%,12,10694.132517590248,10389.50663441305,35f6a6573ef9
14,2042,0.04,-10%,13,9624.719265831225,9367.456412613352,35f6a6573ef9
14,2042,0.04,-10%,14,8662.2473392481,8426.718265809475,35f6a6573ef9
14,2042,0.04,-10%,15,7796.022605323294,7579.999694839788,35f6a6573ef9
14,2042,0.04,-20%,1,18674.55942560817,18674.55942560817,35f6a6573ef9
14,2042,0.04,-20%,2,14939.647540486543,14935.684643174747,35f6a6573ef9
14,2042,0.04,-20%,3,11951.718032389237,11942.763524679103,35f6a6573ef9
14,2042,0.04,-20%,4,9561.374425911386,9554.05326285722,35f6a6573ef9
14,2042,0.04,-20%,5,7649.099540729112,7643.242609034156,35f6a6573ef9
14,2042,0.04,-20%,6,6119.279632583289,6114.594085864554,35f6a6573ef9
14,2042,0.04,-20%,7,6401.941824508164,6401.941824508162,35f6a6573ef9
14,2042,0.04,-20%,8,9429.144982729165,9429.144982729165,35f6a6573ef9
14,2042,0.04,-20%,9,7543.315986183332,7720.456566313894,35f6a6573ef9
14,2042,0.04,-20%,10,8163.00265972754,8206.58717181543,35f6a6573ef9
14,2042,0.04,-20%,11,9479.246778621977,9252.325098965126,35f6a6573ef9
14,2042,0.04,-20%,12,9383.710938298922,8843.972700130085,35f6a6573ef9
14,2042,0.04,-20%,13,7506.968750639141,8052.903576246377,35f6a6573ef9
14,2042,0.04,-20%,14,6723.852272092808,6723.852272092808,35f6a6573ef9
14,2042,0.04,-20%,15,7394.84154873267,7393.414493785459,35f6a6573ef9
14,2042,0.04,+/-10%,1,15237.98233721198,15237.98233721198,35f6a6573ef9
14,2042,0.04,+/-10%,2,13714.184103490787,13709.548979509973,35f6a6573ef9
14,2042,0.04,+/-10%,3,12342.76569314171,12330.007243127482,35f6a6573ef9
14,2042,0.04,+/-10%,4,11108.489123827536,11095.956453754789,35f6a6573ef9
14,2042,0.04,+/-10%,5,9997.640211444786,9980.06750857426,35f6a6573ef9
14,2042,0.04,+/-10%,6,8997.876190300307,8982.06076679203,35f6a6573ef9
14,2042,0.04,+/-10%,7,8098.088571270276,8083.8546735910195,35f6a6573ef9
14,2042,0.04,+/-10%,8,7288.279714143249,7280.745975602742,35f6a6573ef9
14,2042,0.04,+/-10%,9,6559.451742728924,6552.671379439135,35f6a6573ef9
14,2042,0.04,+/-10%,10,7030.153317850354,7130.770423739462,35f6a6573ef9
14,2042,0.04,+/-10%,11,7733.1686496353905,7843.847468863649,35f6a6573ef9
14,2042,0.04,+/-10%,12,8506.485514598931,8628.232214289346,35f6a6573ef9
14,2042,0.04,+/-10%,13,9357.134066058827,9649.736903970737,35f6a6573ef9
14,2042,0.04,+/-10%,14,9606.870188174778,8552.93004092856,35f6a6573ef9
14,2042,0.04,+/-10%,15,8646.183169357297,7578.210907657729,35f6a6573ef9
14,2042,0.04,+/-20%,1,18668.405357981464,18668.405357981464,35f6a6573ef9
14,2042,0.04,+/-20%,2,14934.724286385177,14930.127598546855,35f6a6573ef9
14,2042,0.04,+/-20%,3,11947.779429108143,11938.80171994671,35f6a6573ef9
14,2042,0.04,+/-20%,4,9558.223543286515,9551.0592198131,35f6a6573ef9
14,2042,0.04,+/-20%,5,7646.578834629214,7640.847374073955,35f6a6573ef9
14,2042,0.04,+/-20%,6,6117.263067703369,6112.677897739553,35f6a6573ef9
14,2042,0.04,+/-20%,7,7079.2540373730435,7079.254035197518,35f6a6573ef9
14,2042,0.04,+/-20%,8,8495.10484484765,8495.104842937018,35f6a6573ef9
14,2042,0.04,+/-20%,9,7315.931337833351,7557.651583600099,35f6a6573ef9
14,2042,0.04,+/-20%,10,8647.115233094157,8438.027813705668,35f6a6573ef9
14,2042,0.04,+/-20%,11,9441.727981162023,9577.767618888569,35f6a6573ef9
14,2042,0.04,+/-20%,12,9657.528462701926,8868.15317936928,35f6a6573ef9
14,2042,0.04,+/-20%,13,7726.022770161544,8102.879774034373,35f6a6573ef9
14,2042,0.04,+/-20%,14,6180.818216129235,6482.303817179167,35f6a6573ef9
14,2042,0.04,+/-20%,15,7416.9818593550835,7288.1014501261625,35f6a6573ef9
14,2042,0.06,NHF,1,35605.69428547511,35605.69428547511,35f6a6573ef9
14,2042,0.06,NHF,2,5504.858521091942,5504.858521091942,35f6a6573ef9
14,2042,0.06,NHF,3,5231.839567411433,5231.839567411433,35f6a6573ef9
14,2042,0.06,NHF,4,5202.935163973825,5202.935163973825,35f6a6573ef9
14,2042,0.06,NHF,5,5605.779328272344,5605.779328272344,35f6a6573ef9
14,2042,0.06,NHF,6,6061.160915584554,6061.160915584554,35f6a6573ef9
14,2042,0.06,NHF,7,9379.437971322652,9379.437971322652,35f6a6573ef9
14,2042,0.06,NHF,8,11180.224667230774,11180.224667230776,35f6a6573ef9
14,2042,0.06,NHF,9,13031.626623188444,13031.626623188444,35f6a6573ef9
14,2042,0.06,NHF,10,4479.2574965552085,4479.2574965552085,35f6a6573ef9
14,2042,0.06,NHF,11,6739.9451668797,6739.9451668797,35f6a6573ef9
14,2042,0.06,NHF,12,6087.809962991113,6087.809962991113,35f6a6573ef9
14,2042,0.06,NHF,13,9986.526179354834,9986.526179354834,35f6a6573ef9
14,2042,0.06,NHF,14,5735.733254019095,5735.733254019095,35f6a6573ef9
14,2042,0.06,NHF,15,9170.590803231778,9170.59080323178,35f6a6573ef9
14,2042,0.06,NDY,1,9969.552968727432,9969.552968727432,35f6a6573ef9
14,2042,0.06,NDY,2,9969.552968727434,9856.015407563076,35f6a6573ef9
14,2042,0.06,NDY,3,9969.552968727432,9760.482788854928,35f6a6573ef9
14,2042,0.06,NDY,4,9969.552968727432,9665.757450391751,35f6a6573ef9
14,2042,0.06,NDY,5,9969.55296872743,9557.475146467927,35f6a6573ef9
14,2042,0.06,NDY,6,9969.552968727434,9475.751870352966,35f6a6573ef9
14,2042,0.06,NDY,7,9969.552968727436,9350.862821732346,35f6a6573ef9
14,2042,0.06,NDY,8,9969.552968727436,9259.162517456482,35f6a6573ef9
14,2042,0.06,NDY,9,9969.552968727436,9184.31545057222,35f6a6573ef9
14,2042,0.06,NDY,10,9969.552968727432,9116.542646829612,35f6a6573ef9
14,2042,0.06,NDY,11,9969.552968727432,9052.213997080024,35f6a6573ef9
14,2042,0.06,NDY,12,9969.552968727434,8983.350192223073,35f6a6573ef9
14,2042,0.06,NDY,13,9969.552968727434,8930.194354343797,35f6a6573ef9
14,2042,0.06,NDY,14,9969.552968727432,8855.791949199787,35f6a6573ef9
14,2042,0.06,NDY,15,9969.552968727436,8781.615528075059,35f6a6573ef9
14,2042,0.06,-10%,1,15194.772078138678,15194.772078138678,35f6a6573ef9
14,2042,0.06,-10%,2,13675.294870324813,13634.612960228502,35f6a6573ef9
14,2042,0.06,-10%,3,12307.76538329233,12256.42635930606,35f6a6573ef9
14,2042,0.06,-10%,4,11076.988844963094,11027.36846262979,35f6a6573ef9
14,2042,0.06,-10%,5,9969.289960466787,9924.631618356823,35f6a6573ef9
14,2042,0.06,-10%,6,8972.36096442011,8932.16846017173,35f6a6573ef9
14,2042,0.06,-10%,7,8075.124867978099,8041.441334227825,35f6a6573ef9
14,2042,0.06,-10%,8,7267.612381180288,7237.297202304939,35f6a6573ef9
14,2042,0.06,-10%,9,6540.851143062259,6513.567483662452,35f6a6573ef9
14,2042,0.06,-10%,10,5886.766028756033,5862.210730803965,35f6a6573ef9
14,2042,0.06,-10%,11,7601.213700940332,8679.208057464071,35f6a6573ef9
14,2042,0.06,-10%,12,10590.892819558725,10226.764111192271,35f6a6573ef9
14,2042,0.06,-10%,13,9788.482812227263,9201.4622209937,35f6a6573ef9
14,2042,0.06,-10%,14,8809.634531004536,8279.949010895696,35f6a6573ef9
14,2042,0.06,-10%,15,7928.671077904085,7449.778069750896,35f6a6573ef9
14,2042,0.06,-20%,1,18649.365928362018,18649.365928362018,35f6a6573ef9
14,2042,0.06,-20%,2,14919.49274268962,14899.523337164363,35f6a6573ef9
14,2042,0.06,-20%,3,11935.594194151696,11910.058637486954,35f6a6573ef9
14,2042,0.06,-20%,4,9548.475355321356,9528.046909053675,35f6a6573ef9
14,2042,0.06,-20%,5,7638.780284257087,7622.437527942421,35f6a6573ef9
14,2042,0.06,-20%,6,6111.024227405669,6097.950021404553,35f6a6573ef9
14,2042,0.06,-20%,7,5932.842702606745,5932.842702606745,35f6a6573ef9
14,2042,0.06,-20%,8,9606.035281811053,9556.796657722429,35f6a6573ef9
14,2042,0.06,-20%,9,8239.74373681384,8527.707636513132,35f6a6573ef9
14,2042,0.06,-20%,10,8189.085434762748,8152.648810701112,35f6a6573ef9
14,2042,0.06,-20%,11,8938.52575809211,8929.36246392142,35f6a6573ef9
14,2042,0.06,-20%,12,9266.087672447646,9082.402439903004,35f6a6573ef9
14,2042,0.06,-20%,13,7412.87013795812,7265.921955933058,35f6a6573ef9
14,2042,0.06,-20%,14,6702.040998762697,6652.802374674072,35f6a6573ef9
14,2042,0.06,-20%,15,8083.026461428989,7970.535288545135,35f6a6573ef9
14,2042,0.06,+/-10%,1,15190.443339604302,15190.443339604302,35f6a6573ef9
14,2042,0.06,+/-10%,2,13671.399005643878,13634.021186471318,35f6a6573ef9
14,2042,0.06,+/-10%,3,12304.259105079484,12253.710614678386,35f6a6573ef9
14,2042,0.06,+/-10%,4,11073.833194571536,11025.027700813622,35f6a6573ef9
14,2042,0.06,+/-10%,5,9966.449875114384,9922.524931139498,35f6a6573ef9
14,2042,0.06,+/-10%,6,8969.804887602946,8930.272441661275,35f6a6573ef9
14,2042,0.06,+/-10%,7,8072.824398842652,8039.659534398871,35f6a6573ef9
14,2042,0.06,+/-10%,8,7265.541958958387,7235.693580038769,35f6a6573ef9
14,2042,0.06,+/-10%,9,6538.987763062548,6512.1242196868925,35f6a6573ef9
14,2042,0.06,+/-10%,10,6302.631200504823,6690.681202598404,35f6a6573ef9
14,2042,0.06,+/-10%,11,6932.894320555306,7359.74932327237,35f6a6573ef9
14,2042,0.06,+/-10%,12,7626.183752610949,10177.288621041014,35f6a6573ef9
14,2042,0.06,+/-10%,13,8388.802127871922,9398.6475582428,35f6a6573ef9
14,2042,0.06,+/-10%,14,9227.682340659112,8456.343167969599,35f6a6573ef9
14,2042,0.06,+/-10%,15,10150.450574724864,7329.261792456132,35f6a6573ef9
14,2042,0.06,+/-20%,1,18646.479452118405,18646.479452118405,35f6a6573ef9
14,2042,0.06,+/-20%,2,14917.183561694728,14905.187381535048,35f6a6573ef9
14,2042,0.06,+/-20%,3,11933.746849355786,11915.414969522848,35f6a6573ef9
14,2042,0.06,+/-20%,4,9546.997479484628,9532.331971831958,35f6a6573ef9
14,2042,0.06,+/-20%,5,7637.597983587703,7625.8655737175695,35f6a6573ef9
14,2042,0.06,+/-20%,6,6110.078386870162,6100.692462014553,35f6a6573ef9
14,2042,0.06,+/-20%,7,6401.941824508162,6401.941824508162,35f6a6573ef9
14,2042,0.06,+/-20%,8,7682.330189409795,8381.673203389484,35f6a6573ef9
14,2042,0.06,+/-20%,9,9218.796227291754,8392.557648296399,35f6a6573ef9
14,2042,0.06,+/-20%,10,9839.812678121394,10004.997315038647,35f6a6573ef9
14,2042,0.06,+/-20%,11,7892.666910652102,8003.9978511716845,35f6a6573ef9
14,2042,0.06,+/-20%,12,9323.71010074775,9147.129395462134,35f6a6573ef9
14,2042,0.06,+/-20%,13,7458.968080598202,7317.703514224349,35f6a6573ef9
14,2042,0.06,+/-20%,14,5967.1744644785595,5854.162813965709,35f6a6573ef9
14,2042,0.06,+/-20%,15,7160.609357374274,7473.5832868757,35f6a6573ef9
14,3042,0.0,NHF,1,4438.132798483333,4438.132798483333,35f6a6573ef9
14,3042,0.0,NHF,2,2700.7082949600003,390.82271312,35f6a6573ef9
14,3042,0.0,NHF,3,6692.135855789887,404.52453405,35f6a6573ef9
14,3042,0.0,NHF,4,7161.9920118875,9908.726015026203,35f6a6573ef9
14,3042,0.0,NHF,5,26263.506153357557,14404.413505593791,35f6a6573ef9
14,3042,0.0,NHF,6,10990.776145758313,10405.223406266381,35f6a6573ef9
14,3042,0.0,NHF,7,21125.267053805204,13709.796243419407,35f6a6573ef9
14,3042,0.0,NHF,8,9764.604181758703,8636.594912740597,35f6a6573ef9
14,3042,0.0,NHF,9,5177.047351118586,7532.438040186276,35f6a6573ef9
14,3042,0.0,NHF,10,568.7757034399999,8424.203269284773,35f6a6573ef9
14,3042,0.0,NHF,11,166.87174789,11807.34324412243,35f6a6573ef9
14,3042,0.0,NHF,12,733.1452452325,9856.798450214372,35f6a6573ef9
14,3042,0.0,NHF,13,1173.5038783625,10517.347300607116,35f6a6573ef9
14,3042,0.0,NHF,14,4287.1769912820455,8237.73080194351,35f6a6573ef9
14,3042,0.0,NHF,15,76130.29002855522,6367.894575966841,35f6a6573ef9
14,3042,0.0,NDY,1,3710.631979010702,3710.631979010702,35f6a6573ef9
14,3042,0.0,NDY,2,10904.678766540988,9092.805348352174,35f6a6573ef9
14,3042,0.0,NDY,3,10904.67876654099,9034.879178406038,35f6a6573ef9
14,3042,0.0,NDY,4,10904.678766540987,10625.043916277606,35f6a6573ef9
14,3042,0.0,NDY,5,10904.678766540988,10513.033709030175,35f6a6573ef9
14,3042,0.0,NDY,6,10904.678766540985,10346.820083788481,35f6a6573ef9
14,3042,0.0,NDY,7,10904.678766540987,10177.96304903528,35f6a6573ef9
14,3042,0.0,NDY,8,10904.67876654099,10039.255540513861,35f6a6573ef9
14,3042,0.0,NDY,9,10904.678766540987,9849.84572748771,35f6a6573ef9
14,3042,0.0,NDY,10,10904.67876654099,9646.69713330367,35f6a6573ef9
14,3042,0.0,NDY,11,10904.678766540987,9323.434755923903,35f6a6573ef9
14,3042,0.0,NDY,12,10904.67876654099,9001.035158428964,35f6a6573ef9
14,3042,0.0,NDY,13,10904.678766540992,8616.558516467618,35f6a6573ef9
14,3042,0.0,NDY,14,10904.678766540988,7921.83843710016,35f6a6573ef9
14,3042,0.0,NDY,15,10904.67876654099,7921.838436714999,35f6a6573ef9
14,3042,0.0,-10%,1,5391.5768012762355,5391.5768012762355,35f6a6573ef9
14,3042,0.0,-10%,2,4852.419121148613,5279.9698735473685,35f6a6573ef9
14,3042,0.0,-10%,3,4367.177209033752,4037.096500446864,35f6a6573ef9
14,3042,0.0,-10%,4,14127.886787636482,14829.351255451684,35f6a6573ef9
14,3042,0.0,-10%,5,13520.171938187128,14128.814318120063,35f6a6573ef9
14,3042,0.0,-10%,6,12168.154744368418,12762.520552242115,35f6a6573ef9
14,3042,0.0,-10%,7,10951.339269931575,10241.450546376027,35f6a6573ef9
14,3042,0.0,-10%,8,9856.205342938418,8009.712306281681,35f6a6573ef9
14,3042,0.0,-10%,9,8870.584808644577,11511.801324550332,35f6a6573ef9
14,3042,0.0,-10%,10,7983.526327780119,10640.751049003109,35f6a6573ef9
14,3042,0.0,-10%,11,13687.015788730438,9128.749059558788,35f6a6573ef9
14,3042,0.0,-10%,12,14958.407087161853,7288.244340104635,35f6a6573ef9
14,3042,0.0,-10%,13,13462.566378445666,6652.371822195259,35f6a6573ef9
14,3042,0.0,-10%,14,12116.309740601097,5735.8865592375005,35f6a6573ef9
14,3042,0.0,-10%,15,10904.678766540988,7480.3385074299995,35f6a6573ef9
14,3042,0.0,-20%,1,5783.58165914,5783.58165914,35f6a6573ef9
14,3042,0.0,-20%,2,4877.89829155,4908.116042790304,35f6a6573ef9
14,3042,0.0,-20%,3,3902.31863324,5697.60516998454,35f6a6573ef9
14,3042,0.0,-20%,4,11401.669008732582,10039.383839775002,35f6a6573ef9
14,3042,0.0,-20%,5,16734.14979240758,17991.608715967373,35f6a6573ef9
14,3042,0.0,-20%,6,13387.319833926063,11473.490361248314,35f6a6573ef9
14,3042,0.0,-20%,7,10709.855867140852,8471.401336682173,35f6a6573ef9
14,3042,0.0,-20%,8,8567.884693712682,10586.011492022224,35f6a6573ef9
14,3042,0.0,-20%,9,8817.661898931356,12349.612818965159,35f6a6573ef9
14,3042,0.0,-20%,10,7671.860583529583,9412.940497422664,35f6a6573ef9
14,3042,0.0,-20%,11,11972.434063543747,10695.877006181185,35f6a6573ef9
14,3042,0.0,-20%,12,12026.343355797082,7293.5776886439435,35f6a6573ef9
14,3042,0.0,-20%,13,17038.560572720293,6048.234031386975,35f6a6573ef9
14,3042,0.0,-20%,14,13630.848458176233,6789.400506660664,35f6a6573ef9
14,3042,0.0,-20%,15,10904.67876654099,6241.3578203303105,35f6a6573ef9
14,3042,0.0,+/-10%,1,6902.811174173574,6902.811174173574,35f6a6573ef9
14,3042,0.0,+/-10%,2,7593.0922915909305,7738.378731345126,35f6a6573ef9
14,3042,0.0,+/-10%,3,8352.401520750022,8856.02633833528,35f6a6573ef9
14,3042,0.0,+/-10%,4,9187.641672825026,10491.587111012155,35f6a6573ef9
14,3042,0.0,+/-10%,5,10106.405840107529,11946.075481239472,35f6a6573ef9
14,3042,0.0,+/-10%,6,11117.046424118284,11048.983392730886,35f6a6573ef9
14,3042,0.0,+/-10%,7,10705.667524606639,9434.377292145871,35f6a6573ef9
14,3042,0.0,+/-10%,8,9635.100772145974,9315.434944005498,35f6a6573ef9
14,3042,0.0,+/-10%,9,10350.312846790503,10658.735956778706,35f6a6573ef9
14,3042,0.0,+/-10%,10,11385.344131469557,9843.223402525073,35f6a6573ef9
14,3042,0.0,+/-10%,11,12523.878544616515,9351.681729276279,35f6a6573ef9
14,3042,0.0,+/-10%,12,13776.266399078166,8185.715777589652,35f6a6573ef9
14,3042,0.0,+/-10%,13,13462.566378445668,7367.144201812758,35f6a6573ef9
14,3042,0.0,+/-10%,14,12116.309740601098,7733.577729523262,35f6a6573ef9
14,3042,0.0,+/-10%,15,10904.678766540992,8904.009554033184,35f6a6573ef9
14,3042,0.0,+/-20%,1,5650.734485951092,5650.734485951092,35f6a6573ef9
14,3042,0.0,+/-20%,2,6780.881383141311,7023.7724641835475,35f6a6573ef9
14,3042,0.0,+/-20%,3,8137.0576597695745,8926.342390533684,35f6a6573ef9
14,3042,0.0,+/-20%,4,9764.469191723489,11263.362000455778,35f6a6573ef9
14,3042,0.0,+/-20%,5,11717.363030068185,13049.307510177596,35f6a6573ef9
14,3042,0.0,+/-20%,6,13510.420000536653,9656.026691868314,35f6a6573ef9
14,3042,0.0,+/-20%,7,10808.336000429323,10014.34049590151,35f6a6573ef9
14,3042,0.0,+/-20%,8,8646.66880034346,9859.43236454376,35f6a6573ef9
14,3042,0.0,+/-20%,9,8712.040980534752,10137.986251013677,35f6a6573ef9
14,3042,0.0,+/-20%,10,9286.390461445164,9448.8356350315,35f6a6573ef9
14,3042,0.0,+/-20%,11,11143.668553734195,11271.059322307297,35f6a6573ef9
14,3042,0.0,+/-20%,12,13372.402264481036,7650.86106359788,35f6a6573ef9
14,3042,0.0,+/-20%,13,16046.88271737724,7251.487888930258,35f6a6573ef9
14,3042,0.0,+/-20%,14,13630.848458176235,6900.059183587439,35f6a6573ef9
14,3042,0.0,+/-20%,15,10904.678766540992,8208.968208564998,35f6a6573ef9
14,3042,0.02,NHF,1,33342.272777228056,33342.272777228056,35f6a6573ef9
14,3042,0.02,NHF,2,6232.043082033062,6620.532726360469,35f6a6573ef9
14,3042,0.02,NHF,3,5548.253670672841,5710.725972003255,35f6a6573ef9
14,3042,0.02,NHF,4,2676.1917828005276,4345.563125287126,35f6a6573ef9
14,3042,0.02,NHF,5,16673.54015774133,13847.692446134593,35f6a6573ef9
14,3042,0.02,NHF,6,5114.4428755034805,5114.4428755034805,35f6a6573ef9
14,3042,0.02,NHF,7,10553.143829321933,10553.143829321933,35f6a6573ef9
14,3042,0.02,NHF,8,8715.159518632638,8715.159518632638,35f6a6573ef9
14,3042,0.02,NHF,9,10895.84414861161,11017.001516733872,35f6a6573ef9
14,3042,0.02,NHF,10,3207.046214624188,3938.869449019267,35f6a6573ef9
14,3042,0.02,NHF,11,5372.492182490766,8083.14169736002,35f6a6573ef9
14,3042,0.02,NHF,12,6308.179042359358,5204.844617097262,35f6a6573ef9
14,3042,0.02,NHF,13,15026.093009211461,15025.677186857163,35f6a6573ef9
14,3042,0.02,NHF,14,7948.834389018843,4997.248016189501,35f6a6573ef9
14,3042,0.02,NHF,15,12324.775858128869,10238.813185871286,35f6a6573ef9
14,3042,0.02,NDY,1,10387.855342935558,10387.855342935558,35f6a6573ef9
14,3042,0.02,NDY,2,10387.855342935563,10286.571846903262,35f6a6573ef9
14,3042,0.02,NDY,3,10387.85534293555,10192.782445716679,35f6a6573ef9
14,3042,0.02,NDY,4,10387.85534293556,10101.320261265466,35f6a6573ef9
14,3042,0.02,NDY,5,10387.855342935558,10007.980114005784,35f6a6573ef9
14,3042,0.02,NDY,6,10387.855342935558,9915.550706284896,35f6a6573ef9
14,3042,0.02,NDY,7,10387.855342935558,9827.515265136397,35f6a6573ef9
14,3042,0.02,NDY,8,10387.855342935562,9750.896107936613,35f6a6573ef9
14,3042,0.02,NDY,9,10387.855342935569,9681.63520872028,35f6a6573ef9
14,3042,0.02,NDY,10,10387.855342935565,9617.91046094874,35f6a6573ef9
14,3042,0.02,NDY,11,10387.855342935563,9554.114444641047,35f6a6573ef9
14,3042,0.02,NDY,12,10387.855342935565,9492.464368467874,35f6a6573ef9
14,3042,0.02,NDY,13,10387.855342935572,9431.429835625499,35f6a6573ef9
14,3042,0.02,NDY,14,10387.855342935578,9378.457412667627,35f6a6573ef9
14,3042,0.02,NDY,15,10387.855342935536,9326.503805666991,35f6a6573ef9
14,3042,0.02,-10%,1,15856.385369649155,15856.385369649155,35f6a6573ef9
14,3042,0.02,-10%,2,14270.746832684234,14274.108912777117,35f6a6573ef9
14,3042,0.02,-10%,3,12843.672149415812,12827.571492527768,35f6a6573ef9
14,3042,0.02,-10%,4,11559.304934474236,11523.749308657603,35f6a6573ef9
14,3042,0.02,-10%,5,10403.374441026814,10353.94298377624,35f6a6573ef9
14,3042,0.02,-10%,6,9363.03699692413,9318.548686678481,35f6a6573ef9
14,3042,0.02,-10%,7,8426.73329723172,8386.693820750552,35f6a6573ef9
14,3042,0.02,-10%,8,7584.059967508547,7585.8467146545,35f6a6573ef9
14,3042,0.02,-10%,9,6825.653970757693,6827.262044161701,35f6a6573ef9
14,3042,0.02,-10%,10,6143.088573681925,6748.009236187185,35f6a6573ef9
14,3042,0.02,-10%,11,7670.464318435112,7543.560764371304,35f6a6573ef9
14,3042,0.02,-10%,12,10370.57625376566,9363.998289547415,35f6a6573ef9
14,3042,0.02,-10%,13,9901.690346268964,10138.87688229732,35f6a6573ef9
14,3042,0.02,-10%,14,8911.521311642067,9128.137483853983,35f6a6573ef9
14,3042,0.02,-10%,15,8020.369180477862,8219.332685546156,35f6a6573ef9
14,3042,0.02,-20%,1,19454.555237819208,19454.555237819208,35f6a6573ef9
14,3042,0.02,-20%,2,15563.644190255369,15399.912948538826,35f6a6573ef9
14,3042,0.02,-20%,3,12450.915352204298,12289.486148095217,35f6a6573ef9
14,3042,0.02,-20%,4,9960.732281763436,9459.706692489779,35f6a6573ef9
14,3042,0.02,-20%,5,7968.585825410748,8496.8079813483,35f6a6573ef9
14,3042,0.02,-20%,6,6374.8686603286005,6797.44638298598,35f6a6573ef9
14,3042,0.02,-20%,7,8903.293859213803,8903.293859213803,35f6a6573ef9
14,3042,0.02,-20%,8,7273.464757756299,7273.4647577563,35f6a6573ef9
14,3042,0.02,-20%,9,6380.415423111423,7779.574501135146,35f6a6573ef9
14,3042,0.02,-20%,10,8826.231607891079,6743.003301307017,35f6a6573ef9
14,3042,0.02,-20%,11,8637.117031099791,9119.289497894266,35f6a6573ef9
14,3042,0.02,-20%,12,10962.229134447549,9619.008868073654,35f6a6573ef9
14,3042,0.02,-20%,13,8925.465847497357,9855.833851434978,35f6a6573ef9
14,3042,0.02,-20%,14,7140.372677997884,7884.667078671508,35f6a6573ef9
14,3042,0.02,-20%,15,8149.279337597924,7549.255464266176,35f6a6573ef9
14,3042,0.02,+/-10%,1,15829.140174107255,15829.140174107255,35f6a6573ef9
14,3042,0.02,+/-10%,2,14246.226156696526,14247.241618132784,35f6a6573ef9
14,3042,0.02,+/-10%,3,12821.60354102688,12812.072164476149,35f6a6573ef9
14,3042,0.02,+/-10%,4,11539.443186924189,11515.422873112351,35f6a6573ef9
14,3042,0.02,+/-10%,5,10385.49886823177,10349.749577278832,35f6a6573ef9
14,3042,0.02,+/-10%,6,9346.94898140859,9313.747568775249,35f6a6573ef9
14,3042,0.02,+/-10%,7,8412.254083267731,8382.372808405866,35f6a6573ef9
14,3042,0.02,+/-10%,8,7571.028674940959,7571.568334521624,35f6a6573ef9
14,3042,0.02,+/-10%,9,6813.925807446862,6814.411496507536,35f6a6573ef9
14,3042,0.02,+/-10%,10,7184.41981960762,7427.208246294024,35f6a6573ef9
14,3042,0.02,+/-10%,11,7902.861801568382,7831.262453784594,35f6a6573ef9
14,3042,0.02,+/-10%,12,8693.147981725224,8532.99471528699,35f6a6573ef9
14,3042,0.02,+/-10%,13,9562.462779897745,9386.294184329867,35f6a6573ef9
14,3042,0.02,+/-10%,14,9449.578653825438,9365.50963454621,35f6a6573ef9
14,3042,0.02,+/-10%,15,8504.620788442893,8427.582641775887,35f6a6573ef9
14,3042,0.02,+/-20%,1,19464.695173900935,19464.695173900935,35f6a6573ef9
14,3042,0.02,+/-20%,2,15571.756139120751,15382.200514863667,35f6a6573ef9
14,3042,0.02,+/-20%,3,12457.404911296606,12275.76882995235,35f6a6573ef9
14,3042,0.02,+/-20%,4,9965.923929037284,9794.097816922522,35f6a6573ef9
14,3042,0.02,+/-20%,5,7972.739143229822,8293.571792885086,35f6a6573ef9
14,3042,0.02,+/-20%,6,6378.191314583861,6634.857430275981,35f6a6573ef9
14,3042,0.02,+/-20%,7,7653.829577500634,7960.454652858027,35f6a6573ef9
14,3042,0.02,+/-20%,8,8633.75988667568,8082.952308927338,35f6a6573ef9
14,3042,0.02,+/-20%,9,6907.007909340545,8486.659917093497,35f6a6573ef9
14,3042,0.02,+/-20%,10,8288.409491208655,7174.592618285347,35f6a6573ef9
14,3042,0.02,+/-20%,11,8924.563032930988,8331.59878028688,35f6a6573ef9
14,3042,0.02,+/-20%,12,10607.049108519148,8968.908028570571,35f6a6573ef9
14,3042,0.02,+/-20%,13,8485.639286815322,9869.736911795599,35f6a6573ef9
14,3042,0.02,+/-20%,14,7134.166822875939,7895.789525702679,35f6a6573ef9
14,3042,0.02,+/-20%,15,8561.000187451125,7982.936166940651,35f6a6573ef9
14,3042,0.04,NHF,1,39091.779741496175,39091.779741496175,35f6a6573ef9
14,3042,0.04,NHF,2,4762.458362172451,4762.458362172451,35f6a6573ef9
14,3042,0.04,NHF,3,5070.287106032143,5070.287106032143,35f6a6573ef9
14,3042,0.04,NHF,4,5009.344672986855,5009.344672986855,35f6a6573ef9
14,3042,0.04,NHF,5,5521.261956716586,5521.261956716586,35f6a6573ef9
14,3042,0.04,NHF,6,5114.4428755034805,5114.4428755034805,35f6a6573ef9
14,3042,0.04,NHF,7,11282.48535352931,11282.48535352931,35f6a6573ef9
14,3042,0.04,NHF,8,10076.142568341424,10076.142568341424,35f6a6573ef9
14,3042,0.04,NHF,9,13823.108437354007,13823.108437354007,35f6a6573ef9
14,3042,0.04,NHF,10,3761.9882132636603,3761.9882132636603,35f6a6573ef9
14,3042,0.04,NHF,11,7195.204754135767,7195.204754135767,35f6a6573ef9
14,3042,0.04,NHF,12,5870.690111595204,5870.690111595204,35f6a6573ef9
14,3042,0.04,NHF,13,11257.559901010161,11257.55990101016,35f6a6573ef9
14,3042,0.04,NHF,14,5537.920590542553,5537.920590542553,35f6a6573ef9
14,3042,0.04,NHF,15,10295.046597243252,10295.046597243252,35f6a6573ef9
14,3042,0.04,NDY,1,10320.9982498031,10320.9982498031,35f6a6573ef9
14,3042,0.04,NDY,2,10320.9982498031,10193.73622430981,35f6a6573ef9
14,3042,0.04,NDY,3,10320.9982498031,10077.462418493065,35f6a6573ef9
14,3042,0.04,NDY,4,10320.998249803099,9976.557491310237,35f6a6573ef9
14,3042,0.04,NDY,5,10320.9982498031,9868.465084459383,35f6a6573ef9
14,3042,0.04,NDY,6,10320.9982498031,9759.799324775367,35f6a6573ef9
14,3042,0.04,NDY,7,10320.998249803099,9668.731517729602,35f6a6573ef9
14,3042,0.04,NDY,8,10320.998249803099,9580.886418904505,35f6a6573ef9
14,3042,0.04,NDY,9,10320.9982498031,9498.71201595155,35f6a6573ef9
14,3042,0.04,NDY,10,10320.998249803102,9433.840276967174,35f6a6573ef9
14,3042,0.04,NDY,11,10320.9982498031,9352.199494970093,35f6a6573ef9
14,3042,0.04,NDY,12,10320.9982498031,9275.422206241106,35f6a6573ef9
14,3042,0.04,NDY,13,10320.998249803099,9202.39321248409,35f6a6573ef9
14,3042,0.04,NDY,14,10320.9982498031,9139.436000433432,35f6a6573ef9
14,3042,0.04,NDY,15,10320.9982498031,9071.351480715402,35f6a6573ef9
14,3042,0.04,-10%,1,15847.302013639184,15847.302013639184,35f6a6573ef9
14,3042,0.04,-10%,2,14262.571812275268,14254.583963227586,35f6a6573ef9
14,3042,0.04,-10%,3,12836.314631047746,12824.986932724245,35f6a6573ef9
14,3042,0.04,-10%,4,11552.683167942972,11529.376077443849,35f6a6573ef9
14,3042,0.04,-10%,5,10397.414851148673,10376.438471925476,35f6a6573ef9
14,3042,0.04,-10%,6,9357.673366033805,9338.84299549784,35f6a6573ef9
14,3042,0.04,-10%,7,8421.906029430425,8404.958702374288,35f6a6573ef9
14,3042,0.04,-10%,8,7579.715426487383,7573.0265338985755,35f6a6573ef9
14,3042,0.04,-10%,9,6821.743883838645,6815.723879500868,35f6a6573ef9
14,3042,0.04,-10%,10,6139.569495454782,6134.151491374798,35f6a6573ef9
14,3042,0.04,-10%,11,6627.687371071136,6966.138204097175,35f6a6573ef9
14,3042,0.04,-10%,12,11075.367685242116,11010.903376719652,35f6a6573ef9
14,3042,0.04,-10%,13,9967.830916717905,9920.394321314541,35f6a6573ef9
14,3042,0.04,-10%,14,8971.047825046116,8926.95347548659,35f6a6573ef9
14,3042,0.04,-10%,15,8073.943042541504,8034.2581275801995,35f6a6573ef9
14,3042,0.04,-20%,1,19462.956748273704,19462.956748273704,35f6a6573ef9
14,3042,0.04,-20%,2,15570.365398618966,15566.805242882723,35f6a6573ef9
14,3042,0.04,-20%,3,12456.292318895175,12450.134390156081,35f6a6573ef9
14,3042,0.04,-20%,4,9965.033855116137,9959.777617375394,35f6a6573ef9
14,3042,0.04,-20%,5,7972.027084092909,7967.82209511201,35f6a6573ef9
14,3042,0.04,-20%,6,6377.621667274327,6374.257679035914,35f6a6573ef9
14,3042,0.04,-20%,7,7960.454652858027,7960.454652858027,35f6a6573ef9
14,3042,0.04,-20%,8,7148.434712107306,7488.56404424358,35f6a6573ef9
14,3042,0.04,-20%,9,8151.8201347360855,7705.745965786509,35f6a6573ef9
14,3042,0.04,-20%,10,8789.101330807085,8864.616234068983,35f6a6573ef9
14,3042,0.04,-20%,11,8099.793692644292,7932.975213330598,35f6a6573ef9
14,3042,0.04,-20%,12,10441.577020627086,10638.825433492188,35f6a6573ef9
14,3042,0.04,-20%,13,8802.847650926074,8970.09672955587,35f6a6573ef9
14,3042,0.04,-20%,14,7042.278120740861,7176.077386168077,35f6a6573ef9
14,3042,0.04,-20%,15,7728.677232682005,7282.603065443589,35f6a6573ef9
14,3042,0.04,+/-10%,1,15830.66488884595,15830.66488884595,35f6a6573ef9
14,3042,0.04,+/-10%,2,14247.598399961356,14237.191161165192,35f6a6573ef9
14,3042,0.04,+/-10%,3,12822.838559965221,12808.555688045819,35f6a6573ef9
14,3042,0.04,+/-10%,4,11540.554703968703,11526.473445706863,35f6a6573ef9
14,3042,0.04,+/-10%,5,10386.499233571833,10364.201020613957,35f6a6573ef9
14,3042,0.04,+/-10%,6,9347.849310214646,9327.780921019086,35f6a6573ef9
14,3042,0.04,+/-10%,7,8413.064379193183,8395.002833292674,35f6a6573ef9
14,3042,0.04,+/-10%,8,7571.757941273864,7555.502545017011,35f6a6573ef9
14,3042,0.04,+/-10%,9,6814.582147146478,6799.952291245605,35f6a6573ef9
14,3042,0.04,+/-10%,10,6730.335197411466,6881.527317884153,35f6a6573ef9
14,3042,0.04,+/-10%,11,7403.368717152613,7569.68005241188,35f6a6573ef9
14,3042,0.04,+/-10%,12,8143.705588867873,8326.648053570063,35f6a6573ef9
14,3042,0.04,+/-10%,13,8958.076147754662,10426.531324910944,35f6a6573ef9
14,3042,0.04,+/-10%,14,9853.883762530131,9378.64493748111,35f6a6573ef9
14,3042,0.04,+/-10%,15,10556.284914822632,8344.007996857787,35f6a6573ef9
14,3042,0.04,+/-20%,1,19461.063433694424,19461.063433694424,35f6a6573ef9
14,3042,0.04,+/-20%,2,15568.850746955544,15566.134833124614,35f6a6573ef9
14,3042,0.04,+/-20%,3,12455.080597564436,12450.768257258325,35f6a6573ef9
14,3042,0.04,+/-20%,4,9964.064478051549,9956.415221580351,35f6a6573ef9
14,3042,0.04,+/-20%,5,7971.251582441237,7965.132177165067,35f6a6573ef9
14,3042,0.04,+/-20%,6,6377.001265952991,6372.105741748415,35f6a6573ef9
14,3042,0.04,+/-20%,7,7652.401519143589,7652.4015178056925,35f6a6573ef9
14,3042,0.04,+/-20%,8,7787.246942614934,8058.067708507066,35f6a6573ef9
14,3042,0.04,+/-20%,9,7978.0700500289795,7711.399392343941,35f6a6573ef9
14,3042,0.04,+/-20%,10,8572.024091518773,8412.558327998162,35f6a6573ef9
14,3042,0.04,+/-20%,11,8417.517381868845,8434.807682451621,35f6a6573ef9
14,3042,0.04,+/-20%,12,10101.020858242617,10121.769223430509,35f6a6573ef9
14,3042,0.04,+/-20%,13,8843.203375623018,9034.73210176839,35f6a6573ef9
14,3042,0.04,+/-20%,14,7074.562700498413,7271.131732281394,35f6a6573ef9
14,3042,0.04,+/-20%,15,7920.819201009021,6706.360614380245,35f6a6573ef9
14,3042,0.06,NHF,1,39091.779741496175,39091.779741496175,35f6a6573ef9
14,3042,0.06,NHF,2,4762.458362172451,4762.458362172451,35f6a6573ef9
14,3042,0.06,NHF,3,5070.287106032143,5070.287106032143,35f6a6573ef9
14,3042,0.06,NHF,4,5009.344672986855,5009.344672986855,35f6a6573ef9
14,3042,0.06,NHF,5,5521.261956716586,5521.261956716586,35f6a6573ef9
14,3042,0.06,NHF,6,5114.4428755034805,5114.4428755034805,35f6a6573ef9
14,3042,0.06,NHF,7,11282.48535352931,11282.48535352931,35f6a6573ef9
14,3042,0.06,NHF,8,10076.142568341424,10076.142568341424,35f6a6573ef9
14,3042,0.06,NHF,9,13823.108437354007,13823.108437354007,35f6a6573ef9
14,3042,0.06,NHF,10,3761.9882132636603,3761.9882132636603,35f6a6573ef9
14,3042,0.06,NHF,11,7195.204754135767,7195.204754135767,35f6a6573ef9
14,3042,0.06,NHF,12,5870.690111595204,5870.690111595204,35f6a6573ef9
14,3042,0.06,NHF,13,11257.559901010161,11257.55990101016,35f6a6573ef9
14,3042,0.06,NHF,14,5537.920590542553,5537.920590542553,35f6a6573ef9
14,3042,0.06,NHF,15,10295.046597243252,10295.046597243252,35f6a6573ef9
14,3042,0.06,NDY,1,10224.013169333602,10224.013169333602,35f6a6573ef9
14,3042,0.06,NDY,2,10224.013169333602,10080.252144860986,35f6a6573ef9
14,3042,0.06,NDY,3,10224.013169333602,9953.066988020524,35f6a6573ef9
14,3042,0.06,NDY,4,10224.0131693336,9858.730287957373,35f6a6573ef9
14,3042,0.06,NDY,5,10224.013169333602,9729.691447518197,35f6a6573ef9
14,3042,0.06,NDY,6,10224.013169333604,9637.3147844125,35f6a6573ef9
14,3042,0.06,NDY,7,10224.013169333606,9508.575874030515,35f6a6573ef9
14,3042,0.06,NDY,8,10224.013169333604,9418.671654342437,35f6a6573ef9
14,3042,0.06,NDY,9,10224.013169333604,9338.256359302888,35f6a6573ef9
14,3042,0.06,NDY,10,10224.013169333606,9274.105404504495,35f6a6573ef9
14,3042,0.06,NDY,11,10224.013169333602,9208.269573328917,35f6a6573ef9
14,3042,0.06,NDY,12,10224.013169333604,9126.853645563893,35f6a6573ef9
14,3042,0.06,NDY,13,10224.013169333604,9080.155368932004,35f6a6573ef9
14,3042,0.06,NDY,14,10224.013169333604,9002.677881586817,35f6a6573ef9
14,3042,0.06,NDY,15,10224.013169333604,8928.432776347521,35f6a6573ef9
14,3042,0.06,-10%,1,15795.878492715998,15795.878492715998,35f6a6573ef9
14,3042,0.06,-10%,2,14216.290643444398,14199.154495317216,35f6a6573ef9
14,3042,0.06,-10%,3,12794.661579099959,12748.833583094027,35f6a6573ef9
14,3042,0.06,-10%,4,11515.19542118996,11454.02977285115,35f6a6573ef9
14,3042,0.06,-10%,5,10363.675879070968,10307.800119161562,35f6a6573ef9
14,3042,0.06,-10%,6,9327.308291163868,9277.020106703403,35f6a6573ef9
14,3042,0.06,-10%,7,8394.577462047482,8349.31809853459,35f6a6573ef9
14,3042,0.06,-10%,8,7555.119715842735,7514.988934470376,35f6a6573ef9
14,3042,0.06,-10%,9,6799.607744258463,6763.490041914492,35f6a6573ef9
14,3042,0.06,-10%,10,6119.646969832616,6087.141035487006,35f6a6573ef9
14,3042,0.06,-10%,11,6479.083375148643,7464.656661516811,35f6a6573ef9
14,3042,0.06,-10%,12,11098.125607977234,10646.669837899082,35f6a6573ef9
14,3042,0.06,-10%,13,10091.197249832387,9865.544699413213,35f6a6573ef9
14,3042,0.06,-10%,14,9082.077524849148,8876.417749491917,35f6a6573ef9
14,3042,0.06,-10%,15,8173.86977236423,7987.594365871467,35f6a6573ef9
14,3042,0.06,-20%,1,19419.4735025325,19419.4735025325,35f6a6573ef9
14,3042,0.06,-20%,2,15535.578802026004,15502.700710018107,35f6a6573ef9
14,3042,0.06,-20%,3,12428.463041620806,12380.026782464925,35f6a6573ef9
14,3042,0.06,-20%,4,9942.770433296642,9897.636024096702,35f6a6573ef9
14,3042,0.06,-20%,5,7954.216346637315,7918.108818822679,35f6a6573ef9
14,3042,0.06,-20%,6,6363.373077309852,6334.487052276474,35f6a6573ef9
14,3042,0.06,-20%,7,7445.87326042653,7445.873259017233,35f6a6573ef9
14,3042,0.06,-20%,8,6675.832011757337,6675.832013166634,35f6a6573ef9
14,3042,0.06,-20%,9,9978.337027084024,9581.753231922272,35f6a6573ef9
14,3042,0.06,-20%,10,8840.167011079222,9357.382508259936,35f6a6573ef9
14,3042,0.06,-20%,11,7382.040586557314,8023.686946143816,35f6a6573ef9
14,3042,0.06,-20%,12,10343.746682774441,9207.998544109685,35f6a6573ef9
14,3042,0.06,-20%,13,8274.997346219556,8459.982079918278,35f6a6573ef9
14,3042,0.06,-20%,14,6619.9978769756435,6767.985666339575,35f6a6573ef9
14,3042,0.06,-20%,15,8179.835699163361,7617.238522614121,35f6a6573ef9
14,3042,0.06,+/-10%,1,15794.724964647907,15794.724964647907,35f6a6573ef9
14,3042,0.06,+/-10%,2,14215.252468183122,14197.4804546342,35f6a6573ef9
14,3042,0.06,+/-10%,3,12793.72722136481,12753.840090879366,35f6a6573ef9
14,3042,0.06,+/-10%,4,11514.354499228326,11452.839204020715,35f6a6573ef9
14,3042,0.06,+/-10%,5,10362.919049305498,10307.55528778015,35f6a6573ef9
14,3042,0.06,+/-10%,6,9326.627144374945,9276.799752667515,35f6a6573ef9
14,3042,0.06,+/-10%,7,8393.96442993745,8349.119776940463,35f6a6573ef9
14,3042,0.06,+/-10%,8,7554.567986943706,7514.207801857854,35f6a6573ef9
14,3042,0.06,+/-10%,9,6799.111188249335,6762.787021471884,35f6a6573ef9
14,3042,0.06,+/-10%,10,6119.200069424403,6416.124125286815,35f6a6573ef9
14,3042,0.06,+/-10%,11,6731.120076366844,7057.736540038188,35f6a6573ef9
14,3042,0.06,+/-10%,12,7404.232084003528,10175.291942217653,35f6a6573ef9
14,3042,0.06,+/-10%,13,8144.655292403882,10103.750424044056,35f6a6573ef9
14,3042,0.06,+/-10%,14,8959.120821644272,9093.375380331781,35f6a6573ef9
14,3042,0.06,+/-10%,15,9855.032903808702,8184.037842333782,35f6a6573ef9
14,3042,0.06,+/-20%,1,19418.154620960482,19418.154620960482,35f6a6573ef9
14,3042,0.06,+/-20%,2,15534.523696768389,15495.949971198539,35f6a6573ef9
14,3042,0.06,+/-20%,3,12427.618957414714,12377.00881416097,35f6a6573ef9
14,3042,0.06,+/-20%,4,9942.095165931769,9895.291418801922,35f6a6573ef9
14,3042,0.06,+/-20%,5,7953.676132745415,7916.233135538902,35f6a6573ef9
14,3042,0.06,+/-20%,6,6362.940906196332,6332.986509489558,35f6a6573ef9
14,3042,0.06,+/-20%,7,7487.687947022986,7487.6879475944,35f6a6573ef9
14,3042,0.06,+/-20%,8,7322.339003120306,7214.728700763131,35f6a6573ef9
14,3042,0.06,+/-20%,9,8786.806803744366,8657.67443971736,35f6a6573ef9
14,3042,0.06,+/-20%,10,8863.448589929676,9704.018607285609,35f6a6573ef9
14,3042,0.06,+/-20%,11,8236.431208083797,8022.721729508976,35f6a6573ef9
14,3042,0.06,+/-20%,12,9883.717449700558,8712.877503261689,35f6a6573ef9
14,3042,0.06,+/-20%,13,8588.266392293617,9009.434416294896,35f6a6573ef9
14,3042,0.06,+/-20%,14,6870.613113834894,7207.547532675893,35f6a6573ef9
14,3042,0.06,+/-20%,15,7591.388276316443,6738.746602172076,35f6a6573ef9
14,4042,0.0,NHF,1,3042.47131677,3042.47131677,35f6a6573ef9
14,4042,0.0,NHF,2,1339.465565085,1301.6297746666667,35f6a6573ef9
14,4042,0.0,NHF,3,6951.515356553238,543.57093635,35f6a6573ef9
14,4042,0.0,NHF,4,6278.047313695,7640.950225998497,35f6a6573ef9
14,4042,0.0,NHF,5,29501.664805750846,19644.18165433454,35f6a6573ef9
14,4042,0.0,NHF,6,9839.88336649739,8095.079743609915,35f6a6573ef9
14,4042,0.0,NHF,7,24313.874090745492,10568.79624372177,35f6a6573ef9
14,4042,0.0,NHF,8,8080.731437059721,11768.764443686412,35f6a6573ef9
14,4042,0.0,NHF,9,5064.961302433368,10823.735888768239,35f6a6573ef9
14,4042,0.0,NHF,10,2.10954972,8793.366135986998,35f6a6573ef9
14,4042,0.0,NHF,11,507.51931392999995,11666.951773820649,35f6a6573ef9
14,4042,0.0,NHF,12,690.00565319,7221.233881402116,35f6a6573ef9
14,4042,0.0,NHF,13,1622.6441873474998,6973.436351650234,35f6a6573ef9
14,4042,0.0,NHF,14,5100.4639004025,9605.544394341638,35f6a6573ef9
14,4042,0.0,NHF,15,76452.84911543987,6926.043318930094,35f6a6573ef9
14,4042,0.0,NDY,1,3272.7223747941334,3272.7223747941334,35f6a6573ef9
14,4042,0.0,NDY,2,11030.397725885834,9210.194851175456,35f6a6573ef9
14,4042,0.0,NDY,3,11030.397725885823,9209.968134790148,35f6a6573ef9
14,4042,0.0,NDY,4,11030.397725885832,10490.487453476466,35f6a6573ef9
14,4042,0.0,NDY,5,11030.39772588582,10647.283525353478,35f6a6573ef9
14,4042,0.0,NDY,6,11030.397725885825,10457.452801973976,35f6a6573ef9
14,4042,0.0,NDY,7,11030.397725885823,10289.083868102942,35f6a6573ef9
14,4042,0.0,NDY,8,11030.39772588582,10139.650159988185,35f6a6573ef9
14,4042,0.0,NDY,9,11030.397725885832,9867.927316676629,35f6a6573ef9
14,4042,0.0,NDY,10,11030.397725885825,9773.262182539027,35f6a6573ef9
14,4042,0.0,NDY,11,11030.39772588582,9488.218357698339,35f6a6573ef9
14,4042,0.0,NDY,12,11030.397725885825,9152.871642565378,35f6a6573ef9
14,4042,0.0,NDY,13,11030.397725885832,9132.222192392222,35f6a6573ef9
14,4042,0.0,NDY,14,11030.397725885825,8567.472367546749,35f6a6573ef9
14,4042,0.0,NDY,15,11030.39772588583,7729.368413741237,35f6a6573ef9
14,4042,0.0,-10%,1,4847.514494465391,4847.514494465391,35f6a6573ef9
14,4042,0.0,-10%,2,4362.763045018852,3580.68912233,35f6a6573ef9
14,4042,0.0,-10%,3,4788.306255367569,4122.083893425944,35f6a6573ef9
14,4042,0.0,-10%,4,15138.315213584525,15908.035395383347,35f6a6573ef9
14,4042,0.0,-10%,5,13624.483692226073,14376.855044258862,35f6a6573ef9
14,4042,0.0,-10%,6,12262.035323003463,13205.425517102422,35f6a6573ef9
14,4042,0.0,-10%,7,11035.83179070312,9564.167670408859,35f6a6573ef9
14,4042,0.0,-10%,8,9932.248611632805,12155.24895551532,35f6a6573ef9
14,4042,0.0,-10%,9,8939.023750469527,11065.726584434951,35f6a6573ef9
14,4042,0.0,-10%,10,10255.384932283623,8159.225534341498,35f6a6573ef9
14,4042,0.0,-10%,11,11317.547175229247,8323.583840382678,35f6a6573ef9
14,4042,0.0,-10%,12,15130.861078032689,7174.600650173783,35f6a6573ef9
14,4042,0.0,-10%,13,13617.774970229415,8361.071482540763,35f6a6573ef9
14,4042,0.0,-10%,14,12255.997473206477,6592.4857242125,35f6a6573ef9
14,4042,0.0,-10%,15,11030.39772588583,7580.4444717100005,35f6a6573ef9
14,4042,0.0,-20%,1,5112.592878991656,5112.592878991656,35f6a6573ef9
14,4042,0.0,-20%,2,4090.0743031933243,3490.0799332007355,35f6a6573ef9
14,4042,0.0,-20%,3,3542.0311949633688,5585.988003365,35f6a6573ef9
14,4042,0.0,-20%,4,12441.954157118285,10373.386345775001,35f6a6573ef9
14,4042,0.0,-20%,5,17294.51770836425,19260.46003837408,35f6a6573ef9
14,4042,0.0,-20%,6,13835.614166691395,13028.241415046556,35f6a6573ef9
14,4042,0.0,-20%,7,11068.49133335312,8799.097273803858,35f6a6573ef9
14,4042,0.0,-20%,8,8854.793066682496,11287.758538730326,35f6a6573ef9
14,4042,0.0,-20%,9,9326.214533653012,9111.299923854462,35f6a6573ef9
14,4042,0.0,-20%,10,9281.90847522728,10870.78237949591,35f6a6573ef9
14,4042,0.0,-20%,11,7425.526780181825,7143.0463124542175,35f6a6573ef9
14,4042,0.0,-20%,12,14231.668112755036,9678.202184396883,35f6a6573ef9
14,4042,0.0,-20%,13,17234.996446696598,7742.561753203799,35f6a6573ef9
14,4042,0.0,-20%,14,13787.997157357282,7179.314054846533,35f6a6573ef9
14,4042,0.0,-20%,15,11030.397725885827,7309.417178245431,35f6a6573ef9
14,4042,0.0,+/-10%,1,6995.173953661233,6995.173953661233,35f6a6573ef9
14,4042,0.0,+/-10%,2,7694.691349027357,7748.23736294234,35f6a6573ef9
14,4042,0.0,+/-10%,3,8464.16048393009,8592.749961603895,35f6a6573ef9
14,4042,0.0,+/-10%,4,9310.5765323231,10059.940547751537,35f6a6573ef9
14,4042,0.0,+/-10%,5,10241.634185555411,12256.358250635238,35f6a6573ef9
14,4042,0.0,+/-10%,6,11265.797604110954,9920.957909099663,35f6a6573ef9
14,4042,0.0,+/-10%,7,10884.957173539253,10289.098472335565,35f6a6573ef9
14,4042,0.0,+/-10%,8,9796.461456185327,11305.288859456576,35f6a6573ef9
14,4042,0.0,+/-10%,9,10335.685145856223,10463.447883751804,35f6a6573ef9
14,4042,0.0,+/-10%,10,11369.253660441844,9715.905368713022,35f6a6573ef9
14,4042,0.0,+/-10%,11,12506.179026486032,8735.403998200041,35f6a6573ef9
14,4042,0.0,+/-10%,12,13756.796929134642,7761.231785193781,35f6a6573ef9
14,4042,0.0,+/-10%,13,13617.774970229411,8513.76095509088,35f6a6573ef9
14,4042,0.0,+/-10%,14,12255.997473206473,7937.0678242369995,35f6a6573ef9
14,4042,0.0,+/-10%,15,11030.397725885827,8399.783570970338,35f6a6573ef9
14,4042,0.0,+/-20%,1,5565.608408664215,5565.608408664215,35f6a6573ef9
14,4042,0.0,+/-20%,2,6678.730090397062,6959.858144849541,35f6a6573ef9
14,4042,0.0,+/-20%,3,8014.476108476487,9085.748173041951,35f6a6573ef9
14,4042,0.0,+/-20%,4,9617.37133017176,10763.954361904274,35f6a6573ef9
14,4042,0.0,+/-20%,5,11540.84559620611,13606.009927278727,35f6a6573ef9
14,4042,0.0,+/-20%,6,13818.393127906085,9621.424681894892,35f6a6573ef9
14,4042,0.0,+/-20%,7,11054.714502324869,9497.349583670422,35f6a6573ef9
14,4042,0.0,+/-20%,8,8843.7716018599,11088.421698892556,35f6a6573ef9
14,4042,0.0,+/-20%,9,9452.429044496805,10387.02633859568,35f6a6573ef9
14,4042,0.0,+/-20%,10,9797.035738416047,9992.354339517273,35f6a6573ef9
14,4042,0.0,+/-20%,11,11002.597839420834,8819.892614196999,35f6a6573ef9
14,4042,0.0,+/-20%,12,13203.117407304997,8574.472512733782,35f6a6573ef9
14,4042,0.0,+/-20%,13,15843.74088876599,8690.255082923799,35f6a6573ef9
14,4042,0.0,+/-20%,14,13787.997157357284,8840.777398324082,35f6a6573ef9
14,4042,0.0,+/-20%,15,11030.397725885829,6954.94364189256,35f6a6573ef9
14,4042,0.02,NHF,1,33949.585659417615,33949.585659417615,35f6a6573ef9
14,4042,0.02,NHF,2,3468.505539863703,4379.809496754802,35f6a6573ef9
14,4042,0.02,NHF,3,8084.821449145322,6903.789537191453,35f6a6573ef9
14,4042,0.02,NHF,4,3577.9133630715114,4952.128745021932,35f6a6573ef9
14,4042,0.02,NHF,5,16358.09132045,14959.598250746578,35f6a6573ef9
14,4042,0.02,NHF,6,5174.36020346971,5174.36020346971,35f6a6573ef9
14,4042,0.02,NHF,7,9245.56570098364,9245.56570098364,35f6a6573ef9
14,4042,0.02,NHF,8,8943.548318153353,8943.548318153353,35f6a6573ef9
14,4042,0.02,NHF,9,11568.057755462036,10835.786830245095,35f6a6573ef9
14,4042,0.02,NHF,10,3617.655773658044,5111.510310262856,35f6a6573ef9
14,4042,0.02,NHF,11,5216.8375173251525,8034.0942501395775,35f6a6573ef9
14,4042,0.02,NHF,12,6416.671486481656,4032.1652537599634,35f6a6573ef9
14,4042,0.02,NHF,13,15825.546554191145,17300.496513025013,35f6a6573ef9
14,4042,0.02,NHF,14,7568.845607805079,4548.14421240298,35f6a6573ef9
14,4042,0.02,NHF,15,13354.88609433242,10192.984116854648,35f6a6573ef9
14,4042,0.02,NDY,1,10464.555303581941,10464.555303581941,35f6a6573ef9
14,4042,0.02,NDY,2,10464.555303581941,10362.843476613614,35f6a6573ef9
14,4042,0.02,NDY,3,10464.55530358194,10268.268445077976,35f6a6573ef9
14,4042,0.02,NDY,4,10464.555303581941,10173.069273997256,35f6a6573ef9
14,4042,0.02,NDY,5,10464.555303581938,10071.570736688753,35f6a6573ef9
14,4042,0.02,NDY,6,10464.555303581938,9981.51338420346,35f6a6573ef9
14,4042,0.02,NDY,7,10464.55530358194,9893.113513092023,35f6a6573ef9
14,4042,0.02,NDY,8,10464.555303581938,9828.583530680362,35f6a6573ef9
14,4042,0.02,NDY,9,10464.55530358194,9756.60485477598,35f6a6573ef9
14,4042,0.02,NDY,10,10464.55530358194,9692.864394744385,35f6a6573ef9
14,4042,0.02,NDY,11,10464.55530358194,9633.181492464171,35f6a6573ef9
14,4042,0.02,NDY,12,10464.555303581936,9571.061849755635,35f6a6573ef9
14,4042,0.02,NDY,13,10464.55530358194,9514.233103731882,35f6a6573ef9
14,4042,0.02,NDY,14,10464.555303581941,9457.632798007246,35f6a6573ef9
14,4042,0.02,NDY,15,10464.555303581936,9404.821964929053,35f6a6573ef9
14,4042,0.02,-10%,1,15901.833740212112,15901.833740212112,35f6a6573ef9
14,4042,0.02,-10%,2,14311.6503661909,14314.411765558138,35f6a6573ef9
14,4042,0.02,-10%,3,12880.48532957181,12850.240542926555,35f6a6573ef9
14,4042,0.02,-10%,4,11592.43679661463,11549.888135234487,35f6a6573ef9
14,4042,0.02,-10%,5,10433.193116953164,10387.73325737067,35f6a6573ef9
14,4042,0.02,-10%,6,9389.87380525785,9341.093249996955,35f6a6573ef9
14,4042,0.02,-10%,7,8450.886424732065,8406.983926185072,35f6a6573ef9
14,4042,0.02,-10%,8,7605.7977822588555,7587.938538748404,35f6a6573ef9
14,4042,0.02,-10%,9,6845.218004032971,6829.144688802434,35f6a6573ef9
14,4042,0.02,-10%,10,6160.696203629674,8220.209988175633,35f6a6573ef9
14,4042,0.02,-10%,11,9588.189361267157,7398.188986612157,35f6a6573ef9
14,4042,0.02,-10%,12,9348.765569232712,8241.31061023921,35f6a6573ef9
14,4042,0.02,-10%,13,9929.626142168114,10516.366040777206,35f6a6573ef9
14,4042,0.02,-10%,14,8936.663527951303,9458.64105484772,35f6a6573ef9
14,4042,0.02,-10%,15,8042.997175156173,8514.61213322464,35f6a6573ef9
14,4042,0.02,-20%,1,19659.195198282716,19659.195198282716,35f6a6573ef9
14,4042,0.02,-20%,2,15727.356158626175,15703.6989619561,35f6a6573ef9
14,4042,0.02,-20%,3,12581.88492690094,12526.750243491077,35f6a6573ef9
14,4042,0.02,-20%,4,10065.507941520753,10054.106707643135,35f6a6573ef9
14,4042,0.02,-20%,5,8052.406353216602,8043.6124762771615,35f6a6573ef9
14,4042,0.02,-20%,6,6441.925082573282,6434.88998248471,35f6a6573ef9
14,4042,0.02,-20%,7,7524.158324763402,7524.158322706765,35f6a6573ef9
14,4042,0.02,-20%,8,7774.90353580142,7879.928238937858,35f6a6573ef9
14,4042,0.02,-20%,9,6219.922828641138,7316.31223722034,35f6a6573ef9
14,4042,0.02,-20%,10,10740.472692601477,9335.756541600887,35f6a6573ef9
14,4042,0.02,-20%,11,9073.711660005838,8987.157613664982,35f6a6573ef9
14,4042,0.02,-20%,12,8818.375036689715,8410.650792855437,35f6a6573ef9
14,4042,0.02,-20%,13,9903.337606136538,10398.9522244429,35f6a6573ef9
14,4042,0.02,-20%,14,7922.6700849092285,8319.161776112456,35f6a6573ef9
14,4042,0.02,-20%,15,7693.766031487886,7867.053495237881,35f6a6573ef9
14,4042,0.02,+/-10%,1,15887.461961142617,15887.461961142617,35f6a6573ef9
14,4042,0.02,+/-10%,2,14298.715765028353,14296.322861465189,35f6a6573ef9
14,4042,0.02,+/-10%,3,12868.844188525516,12847.731937214447,35f6a6573ef9
14,4042,0.02,+/-10%,4,11581.959769672962,11546.612906456947,35f6a6573ef9
14,4042,0.02,+/-10%,5,10423.763792705678,10378.533771118775,35f6a6573ef9
14,4042,0.02,+/-10%,6,9381.387413435104,9330.597227057482,35f6a6573ef9
14,4042,0.02,+/-10%,7,8443.248672091595,8397.53750171466,35f6a6573ef9
14,4042,0.02,+/-10%,8,7598.923804882434,7235.536504053936,35f6a6573ef9
14,4042,0.02,+/-10%,9,6839.031424394193,7307.981497420475,35f6a6573ef9
14,4042,0.02,+/-10%,10,7462.515580437785,8043.435266717675,35f6a6573ef9
14,4042,0.02,+/-10%,11,8208.767138481562,7780.086460324538,35f6a6573ef9
14,4042,0.02,+/-10%,12,9029.643852329715,8558.095106842802,35f6a6573ef9
14,4042,0.02,+/-10%,13,9932.608237562696,10325.035595293952,35f6a6573ef9
14,4042,0.02,+/-10%,14,9198.936747220057,9252.27388630363,35f6a6573ef9
14,4042,0.02,+/-10%,15,8279.043072498072,8285.082454309158,35f6a6573ef9
14,4042,0.02,+/-20%,1,19661.722424848173,19661.722424848173,35f6a6573ef9
14,4042,0.02,+/-20%,2,15729.377939878541,15709.483025940182,35f6a6573ef9
14,4042,0.02,+/-20%,3,12583.502351902833,12533.325627946504,35f6a6573ef9
14,4042,0.02,+/-20%,4,10066.801881522268,10056.572040586283,35f6a6573ef9
14,4042,0.02,+/-20%,5,8053.441505217814,8046.3649752164965,35f6a6573ef9
14,4042,0.02,+/-20%,6,6442.753204174252,6437.09198690221,35f6a6573ef9
14,4042,0.02,+/-20%,7,6944.364527428356,6944.364528547782,35f6a6573ef9
14,4042,0.02,+/-20%,8,8333.237432914028,8333.237433916322,35f6a6573ef9
14,4042,0.02,+/-20%,9,7349.047157659942,8118.10300269859,35f6a6573ef9
14,4042,0.02,+/-20%,10,8818.85658919193,8733.045977929996,35f6a6573ef9
14,4042,0.02,+/-20%,11,10260.691740543594,8736.135737030574,35f6a6573ef9
14,4042,0.02,+/-20%,12,8443.898323905334,8685.997063451332,35f6a6573ef9
14,4042,0.02,+/-20%,13,9833.69861705823,10210.694027535956,35f6a6573ef9
14,4042,0.02,+/-20%,14,7866.958893646581,8168.555224030921,35f6a6573ef9
14,4042,0.02,+/-20%,15,7758.0509081504015,7993.538094418399,35f6a6573ef9
14,4042,0.04,NHF,1,38137.66246693902,38137.66246693902,35f6a6573ef9
14,4042,0.04,NHF,2,5152.691408898433,5152.691408898433,35f6a6573ef9
14,4042,0.04,NHF,3,6800.0392667289925,6800.0392667289925,35f6a6573ef9
14,4042,0.04,NHF,4,5521.716945930164,5521.716945930164,35f6a6573ef9
14,4042,0.04,NHF,5,4735.336653486417,4735.336653486417,35f6a6573ef9
14,4042,0.04,NHF,6,5174.36020346971,5174.36020346971,35f6a6573ef9
14,4042,0.04,NHF,7,9995.058032290459,9995.058032290459,35f6a6573ef9
14,4042,0.04,NHF,8,9901.522863858201,9901.522863858201,35f6a6573ef9
14,4042,0.04,NHF,9,14133.6622170807,14133.662217080702,35f6a6573ef9
14,4042,0.04,NHF,10,5729.7729785783595,5729.7729785783595,35f6a6573ef9
14,4042,0.04,NHF,11,6612.389628924121,6612.389628924121,35f6a6573ef9
14,4042,0.04,NHF,12,5619.348846832761,5619.348846832761,35f6a6573ef9
14,4042,0.04,NHF,13,12260.90494031171,12260.90494031171,35f6a6573ef9
14,4042,0.04,NHF,14,4938.045460077211,4938.045460077211,35f6a6573ef9
14,4042,0.04,NHF,15,11290.30709241937,11290.30709241937,35f6a6573ef9
14,4042,0.04,NDY,1,10398.421613395301,10398.421613395301,35f6a6573ef9
14,4042,0.04,NDY,2,10398.421613395298,10281.26332151508,35f6a6573ef9
14,4042,0.04,NDY,3,10398.421613395305,10176.829416117758,35f6a6573ef9
14,4042,0.04,NDY,4,10398.421613395303,10072.646870269582,35f6a6573ef9
14,4042,0.04,NDY,5,10398.421613395292,9956.343014201786,35f6a6573ef9
14,4042,0.04,NDY,6,10398.42161339531,9842.293051226547,35f6a6573ef9
14,4042,0.04,NDY,7,10398.4216133953,9756.529303709023,35f6a6573ef9
14,4042,0.04,NDY,8,10398.4216133953,9672.018743532914,35f6a6573ef9
14,4042,0.04,NDY,9,10398.421613395301,9590.638674244696,35f6a6573ef9
14,4042,0.04,NDY,10,10398.421613395301,9522.990409476124,35f6a6573ef9
14,4042,0.04,NDY,11,10398.421613395303,9444.802297221016,35f6a6573ef9
14,4042,0.04,NDY,12,10398.421613395294,9359.575821771423,35f6a6573ef9
14,4042,0.04,NDY,13,10398.421613395316,9285.397711904541,35f6a6573ef9
14,4042,0.04,NDY,14,10398.421613395309,9220.215061377787,35f6a6573ef9
14,4042,0.04,NDY,15,10398.421613395305,9164.458361458526,35f6a6573ef9
14,4042,0.04,-10%,1,15887.083730262832,15887.083730262832,35f6a6573ef9
14,4042,0.04,-10%,2,14298.375357236544,14295.341709924061,35f6a6573ef9
14,4042,0.04,-10%,3,12868.53782151289,12859.28088097301,35f6a6573ef9
14,4042,0.04,-10%,4,11581.684039361604,11565.937772272893,35f6a6573ef9
14,4042,0.04,-10%,5,10423.515635425443,10406.928557826044,35f6a6573ef9
14,4042,0.04,-10%,6,9381.164071882898,9363.796870297667,35f6a6573ef9
14,4042,0.04,-10%,7,8443.047664694612,8427.417178924901,35f6a6573ef9
14,4042,0.04,-10%,8,7598.742898225147,7593.2767663915265,35f6a6573ef9
14,4042,0.04,-10%,9,6838.868608402632,6833.949086527275,35f6a6573ef9
14,4042,0.04,-10%,10,6154.981747562369,6150.554180601627,35f6a6573ef9
14,4042,0.04,-10%,11,7440.904086277983,7722.275553195171,35f6a6573ef9
14,4042,0.04,-10%,12,10943.878190441725,10913.268649715426,35f6a6573ef9
14,4042,0.04,-10%,13,10075.34737751823,9980.134526323103,35f6a6573ef9
14,4042,0.04,-10%,14,9067.81263976641,8977.571290295717,35f6a6573ef9
14,4042,0.04,-10%,15,8161.031375789766,8079.8141614049555,35f6a6573ef9
14,4042,0.04,-20%,1,19657.263901730126,19657.263901730126,35f6a6573ef9
14,4042,0.04,-20%,2,15725.811121384102,15723.121426728541,35f6a6573ef9
14,4042,0.04,-20%,3,12580.648897107281,12573.875601088728,35f6a6573ef9
14,4042,0.04,-20%,4,10064.519117685828,10059.100480215002,35f6a6573ef9
14,4042,0.04,-20%,5,8051.61529414866,8046.469367468719,35f6a6573ef9
14,4042,0.04,-20%,6,6441.29223531893,6437.1754968576015,35f6a6573ef9
14,4042,0.04,-20%,7,5932.766254662213,5932.766254662213,35f6a6573ef9
14,4042,0.04,-20%,8,8528.145237859695,8528.145237000024,35f6a6573ef9
14,4042,0.04,-20%,9,8567.835790344001,8814.327494484794,35f6a6573ef9
14,4042,0.04,-20%,10,9725.04306920306,9557.29027689359,35f6a6573ef9
14,4042,0.04,-20%,11,7780.034455362449,7645.832218228662,35f6a6573ef9
14,4042,0.04,-20%,12,10625.365085744827,10271.208655717908,35f6a6573ef9
14,4042,0.04,-20%,13,8844.256866335589,9141.047395246998,35f6a6573ef9
14,4042,0.04,-20%,14,7181.086818339604,7312.837914857417,35f6a6573ef9
14,4042,0.04,-20%,15,8198.337212481634,7752.146421773238,35f6a6573ef9
14,4042,0.04,+/-10%,1,15882.49616942221,15882.49616942221,35f6a6573ef9
14,4042,0.04,+/-10%,2,14294.246552479988,14294.0782381731,35f6a6573ef9
14,4042,0.04,+/-10%,3,12864.821897231988,12855.057260848795,35f6a6573ef9
14,4042,0.04,+/-10%,4,11578.33970750879,11558.715337712667,35f6a6573ef9
14,4042,0.04,+/-10%,5,10420.50573675791,10396.029004932634,35f6a6573ef9
14,4042,0.04,+/-10%,6,9378.455163082122,9356.426104465405,35f6a6573ef9
14,4042,0.04,+/-10%,7,8440.609646773912,8420.783498009976,35f6a6573ef9
14,4042,0.04,+/-10%,8,7596.548682096516,7590.782761027073,35f6a6573ef9
14,4042,0.04,+/-10%,9,6836.893813886867,6831.704486188941,35f6a6573ef9
14,4042,0.04,+/-10%,10,7057.30428219389,7237.267140096122,35f6a6573ef9
14,4042,0.04,+/-10%,11,7763.034710413281,7960.993855740509,35f6a6573ef9
14,4042,0.04,+/-10%,12,8539.338181454608,8757.093238028192,35f6a6573ef9
14,4042,0.04,+/-10%,13,9393.271999600069,10227.06831912186,35f6a6573ef9
14,4042,0.04,+/-10%,14,10332.599199560076,9134.603040952203,35f6a6573ef9
14,4042,0.04,+/-10%,15,9326.126114324445,8195.452550458273,35f6a6573ef9
14,4042,0.04,+/-20%,1,19665.321700769236,19665.321700769236,35f6a6573ef9
14,4042,0.04,+/-20%,2,15732.257360615393,15727.884730067213,35f6a6573ef9
14,4042,0.04,+/-20%,3,12585.805888492318,12579.905482326216,35f6a6573ef9
14,4042,0.04,+/-20%,4,10068.644710793851,10063.673132891328,35f6a6573ef9
14,4042,0.04,+/-20%,5,8054.915768635081,8050.9385088154695,35f6a6573ef9
14,4042,0.04,+/-20%,6,6443.932614908065,6440.7507996461945,35f6a6573ef9
14,4042,0.04,+/-20%,7,6262.149356555004,6262.149358173673,35f6a6573ef9
14,4042,0.04,+/-20%,8,7514.579227866,7514.5792326725195,35f6a6573ef9
14,4042,0.04,+/-20%,9,8856.78486427776,9017.49507215073,35f6a6573ef9
14,4042,0.04,+/-20%,10,10303.680094122552,10120.183762764571,35f6a6573ef9
14,4042,0.04,+/-20%,11,8242.944075298043,8155.481426984213,35f6a6573ef9
14,4042,0.04,+/-20%,12,9891.53289035765,9786.577713078941,35f6a6573ef9
14,4042,0.04,+/-20%,13,8706.60348308533,8837.263619570318,35f6a6573ef9
14,4042,0.04,+/-20%,14,6965.282786468263,7069.8108915664225,35f6a6573ef9
14,4042,0.04,+/-20%,15,8358.339343761918,8091.864355912699,35f6a6573ef9
14,4042,0.06,NHF,1,38137.66246693902,38137.66246693902,35f6a6573ef9
14,4042,0.06,NHF,2,5152.691408898433,5152.691408898433,35f6a6573ef9
14,4042,0.06,NHF,3,6800.0392667289925,6800.0392667289925,35f6a6573ef9
14,4042,0.06,NHF,4,5521.716945930164,5521.716945930164,35f6a6573ef9
14,4042,0.06,NHF,5,4735.336653486417,4735.336653486417,35f6a6573ef9
14,4042,0.06,NHF,6,5174.36020346971,5174.36020346971,35f6a6573ef9
14,4042,0.06,NHF,7,9995.058032290459,9995.058032290459,35f6a6573ef9
14,4042,0.06,NHF,8,9901.522863858201,9901.522863858201,35f6a6573ef9
14,4042,0.06,NHF,9,14133.6622170807,14133.662217080702,35f6a6573ef9
14,4042,0.06,NHF,10,5729.7729785783595,5729.7729785783595,35f6a6573ef9
14,4042,0.06,NHF,11,6612.389628924121,6612.389628924121,35f6a6573ef9
14,4042,0.06,NHF,12,5619.348846832761,5619.348846832761,35f6a6573ef9
14,4042,0.06,NHF,13,12260.90494031171,12260.90494031171,35f6a6573ef9
14,4042,0.06,NHF,14,4938.045460077211,4938.045460077211,35f6a6573ef9
14,4042,0.06,NHF,15,11290.30709241937,11290.30709241937,35f6a6573ef9
14,4042,0.06,NDY,1,10324.02257838149,10324.02257838149,35f6a6573ef9
14,4042,0.06,NDY,2,10324.022578381488,10189.753856003612,35f6a6573ef9
14,4042,0.06,NDY,3,10324.022578381486,10089.026994883108,35f6a6573ef9
14,4042,0.06,NDY,4,10324.022578381488,9971.224742806104,35f6a6573ef9
14,4042,0.06,NDY,5,10324.022578381484,9828.789636768595,35f6a6573ef9
14,4042,0.06,NDY,6,10324.022578381484,9725.94468742894,35f6a6573ef9
14,4042,0.06,NDY,7,10324.022578381486,9607.94195631454,35f6a6573ef9
14,4042,0.06,NDY,8,10324.022578381488,9514.388089631637,35f6a6573ef9
14,4042,0.06,NDY,9,10324.022578381488,9436.161238814047,35f6a6573ef9
14,4042,0.06,NDY,10,10324.022578381486,9362.022606650033,35f6a6573ef9
14,4042,0.06,NDY,11,10324.022578381491,9295.960434741603,35f6a6573ef9
14,4042,0.06,NDY,12,10324.022578381484,9212.145522269975,35f6a6573ef9
14,4042,0.06,NDY,13,10324.022578381488,9158.405037334443,35f6a6573ef9
14,4042,0.06,NDY,14,10324.022578381488,9099.079282405919,35f6a6573ef9
14,4042,0.06,NDY,15,10324.022578381488,9035.215802923372,35f6a6573ef9
14,4042,0.06,-10%,1,15824.555260161196,15824.555260161196,35f6a6573ef9
14,4042,0.06,-10%,2,14242.09973414508,14217.361493438813,35f6a6573ef9
14,4042,0.06,-10%,3,12817.88976073057,12764.05696554363,35f6a6573ef9
14,4042,0.06,-10%,4,11536.100784657516,11467.065715507713,35f6a6573ef9
14,4042,0.06,-10%,5,10382.490706191764,10320.359146090212,35f6a6573ef9
14,4042,0.06,-10%,6,9344.241635572587,9288.323229424554,35f6a6573ef9
14,4042,0.06,-10%,7,8409.817472015333,8359.490908998025,35f6a6573ef9
14,4042,0.06,-10%,8,7568.835724813794,7537.047997687284,35f6a6573ef9
14,4042,0.06,-10%,9,6811.9521523324165,6783.343195742493,35f6a6573ef9
14,4042,0.06,-10%,10,6130.756937099173,6105.008877626816,35f6a6573ef9
14,4042,0.06,-10%,11,8361.188957150385,8854.577026463685,35f6a6573ef9
14,4042,0.06,-10%,12,9602.505382664705,9428.037552316586,35f6a6573ef9
14,4042,0.06,-10%,13,10367.928966952464,10209.6289280963,35f6a6573ef9
14,4042,0.06,-10%,14,9331.136070257224,9183.429141005607,35f6a6573ef9
14,4042,0.06,-10%,15,8398.022463231498,8265.086226042537,35f6a6573ef9
14,4042,0.06,-20%,1,19625.995416859303,19625.995416859303,35f6a6573ef9
14,4042,0.06,-20%,2,15700.796333487446,15655.178959605022,35f6a6573ef9
14,4042,0.06,-20%,3,12560.63706678996,12521.324908559194,35f6a6573ef9
14,4042,0.06,-20%,4,10048.509653431965,10002.958776380343,35f6a6573ef9
14,4042,0.06,-20%,5,8038.8077227455715,8002.367019952034,35f6a6573ef9
14,4042,0.06,-20%,6,6431.046178196459,6401.893614393678,35f6a6573ef9
14,4042,0.06,-20%,7,5411.677420131494,5411.677417915341,35f6a6573ef9
14,4042,0.06,-20%,8,8385.364712932975,7714.082944148017,35f6a6573ef9
14,4042,0.06,-20%,9,9933.438802397837,10935.67565550961,35f6a6573ef9
14,4042,0.06,-20%,10,9486.903325421848,9331.777934283487,35f6a6573ef9
14,4042,0.06,-20%,11,7589.522660337478,7891.424262226462,35f6a6573ef9
14,4042,0.06,-20%,12,10405.169035961624,9967.598782769219,35f6a6573ef9
14,4042,0.06,-20%,13,8457.202938534087,8103.174366260694,35f6a6573ef9
14,4042,0.06,-20%,14,6765.762350827268,6482.539488702314,35f6a6573ef9
14,4042,0.06,-20%,15,8587.261725789116,8548.479642614519,35f6a6573ef9
14,4042,0.06,+/-10%,1,15814.566190007183,15814.566190007183,35f6a6573ef9
14,4042,0.06,+/-10%,2,14233.10957100647,14218.00582591701,35f6a6573ef9
14,4042,0.06,+/-10%,3,12809.798613905818,12768.034595495212,35f6a6573ef9
14,4042,0.06,+/-10%,4,11528.818752515239,11462.12869622839,35f6a6573ef9
14,4042,0.06,+/-10%,5,10375.936877263715,10315.915825601136,35f6a6573ef9
14,4042,0.06,+/-10%,6,9338.343189537343,9284.324245625507,35f6a6573ef9
14,4042,0.06,+/-10%,7,8404.508870583611,8355.891821694739,35f6a6573ef9
14,4042,0.06,+/-10%,8,7564.057983525246,7539.396747414779,35f6a6573ef9
14,4042,0.06,+/-10%,9,6807.652185172723,6785.45707264724,35f6a6573ef9
14,4042,0.06,+/-10%,10,6800.640350101532,7087.875312430166,35f6a6573ef9
14,4042,0.06,+/-10%,11,7480.704385111688,7796.662839709447,35f6a6573ef9
14,4042,0.06,+/-10%,12,8228.774823622862,8576.329122705145,35f6a6573ef9
14,4042,0.06,+/-10%,13,9051.65230598514,10583.128618216071,35f6a6573ef9
14,4042,0.06,+/-10%,14,9956.81753658366,9524.815757916967,35f6a6573ef9
14,4042,0.06,+/-10%,15,10952.499290241962,8572.334179406811,35f6a6573ef9
14,4042,0.06,+/-20%,1,19644.733452397842,19644.733452397842,35f6a6573ef9
14,4042,0.06,+/-20%,2,15715.786761918278,15687.89917028146,35f6a6573ef9
14,4042,0.06,+/-20%,3,12572.629409534624,12545.491989083623,35f6a6573ef9
14,4042,0.06,+/-20%,4,10058.1035276277,10023.900317589145,35f6a6573ef9
14,4042,0.06,+/-20%,5,8046.482822102158,8019.12025239387,35f6a6573ef9
14,4042,0.06,+/-20%,6,6437.1862576817275,6415.296199621851,35f6a6573ef9
14,4042,0.06,+/-20%,7,6115.105245485917,6115.105247178576,35f6a6573ef9
14,4042,0.06,+/-20%,8,7338.126294583098,7338.126294315146,35f6a6573ef9
14,4042,0.06,+/-20%,9,8805.751553499718,8805.751550886682,35f6a6573ef9
14,4042,0.06,+/-20%,10,10566.901864199664,10720.767422967258,35f6a6573ef9
14,4042,0.06,+/-20%,11,8453.52149135973,8750.571412710122,35f6a6573ef9
14,4042,0.06,+/-20%,12,10144.225789631677,9540.609420827921,35f6a6573ef9
14,4042,0.06,+/-20%,13,8470.275674367851,8431.392913638238,35f6a6573ef9
14,4042,0.06,+/-20%,14,6776.220539494279,6745.114333367819,35f6a6573ef9
14,4042,0.06,+/-20%,15,8131.464647393136,6899.591382589985,35f6a6573ef9
15,42,0.0,NHF,1,2237.62667743,2237.62667743,35f6a6573ef9
15,42,0.0,NHF,2,2427.5285945975,26.770752213333335,35f6a6573ef9
15,42,0.0,NHF,3,8021.065512223636,639.8446327,35f6a6573ef9
15,42,0.0,NHF,4,6160.047154112499,10309.437639918147,35f6a6573ef9
15,42,0.0,NHF,5,24309.930186042955,15148.842798636602,35f6a6573ef9
15,42,0.0,NHF,6,9781.509311589833,6778.072836984913,35f6a6573ef9
15,42,0.0,NHF,7,20097.658149149578,11981.793122592477,35f6a6573ef9
15,42,0.0,NHF,8,9738.365063897068,10027.924940236397,35f6a6573ef9
15,42,0.0,NHF,9,4608.807495856157,9381.251512959974,35f6a6573ef9
15,42,0.0,NHF,10,566.91398499,7498.207178808433,35f6a6573ef9
15,42,0.0,NHF,11,927.50491216,6685.294037446591,35f6a6573ef9
15,42,0.0,NHF,12,289.66962571,11679.124915703534,35f6a6573ef9
15,42,0.0,NHF,13,1963.7757333724999,9078.002845383988,35f6a6573ef9
15,42,0.0,NHF,14,5964.740878545227,11243.478733101605,35f6a6573ef9
15,42,0.0,NHF,15,74514.89989808833,8915.117297742501,35f6a6573ef9
15,42,0.0,NDY,1,1188.61604544,1188.61604544,35f6a6573ef9
15,42,0.0,NDY,2,9815.670777019639,7913.271386231901,35f6a6573ef9
15,42,0.0,NDY,3,10772.07426881298,8788.663434942664,35f6a6573ef9
15,42,0.0,NDY,4,10772.07426881298,9721.61834766896,35f6a6573ef9
15,42,0.0,NDY,5,10772.074268812978,10350.414446621253,35f6a6573ef9
15,42,0.0,NDY,6,10772.07426881298,10136.04926950915,35f6a6573ef9
15,42,0.0,NDY,7,10772.074268812976,10015.4065932225,35f6a6573ef9
15,42,0.0,NDY,8,10772.074268812981,9919.998166199455,35f6a6573ef9
15,42,0.0,NDY,9,10772.074268812983,9710.950099002774,35f6a6573ef9
15,42,0.0,NDY,10,10772.074268812978,9525.008867128923,35f6a6573ef9
15,42,0.0,NDY,11,10772.07426881298,9281.913627394455,35f6a6573ef9
15,42,0.0,NDY,12,10772.074268812978,9178.524538707912,35f6a6573ef9
15,42,0.0,NDY,13,10772.07426881298,9124.990771291554,35f6a6573ef9
15,42,0.0,NDY,14,10772.074268812983,8744.668285337515,35f6a6573ef9
15,42,0.0,NDY,15,10772.074268812978,8105.954009196779,35f6a6573ef9
15,42,0.0,-10%,1,4578.67501689,4578.67501689,35f6a6573ef9
15,42,0.0,-10%,2,4120.807515201,4553.7635257075,35f6a6573ef9
15,42,0.0,-10%,3,3711.107985715,5201.562061997874,35f6a6573ef9
15,42,0.0,-10%,4,13803.419356305312,12236.754239963584,35f6a6573ef9
15,42,0.0,-10%,5,12423.077420674781,13148.146658303132,35f6a6573ef9
15,42,0.0,-10%,6,11180.769678607301,12081.029643357446,35f6a6573ef9
15,42,0.0,-10%,7,10062.692710746569,8955.95658205675,35f6a6573ef9
15,42,0.0,-10%,8,9056.423439671915,10064.881379812181,35f6a6573ef9
15,42,0.0,-10%,9,8150.781095704723,10086.767725979986,35f6a6573ef9
15,42,0.0,-10%,10,7921.715233789696,7621.800044565218,35f6a6573ef9
15,42,0.0,-10%,11,16418.34212591522,10394.858761083651,35f6a6573ef9
15,42,0.0,-10%,12,14776.5079133237,7236.538428148165,35f6a6573ef9
15,42,0.0,-10%,13,13298.857121991328,8686.715526596381,35f6a6573ef9
15,42,0.0,-10%,14,11968.971409792197,7605.0341276625,35f6a6573ef9
15,42,0.0,-10%,15,10772.074268812976,7518.5432521024995,35f6a6573ef9
15,42,0.0,-20%,1,4578.67501689,4578.67501689,35f6a6573ef9
15,42,0.0,-20%,2,4553.7635257075,4777.3172474075,35f6a6573ef9
15,42,0.0,-20%,3,3643.010820566001,4600.2180273232,35f6a6573ef9
15,42,0.0,-20%,4,11332.242640605466,10578.990248684187,35f6a6573ef9
15,42,0.0,-20%,5,15406.1912644958,16249.686736454349,35f6a6573ef9
15,42,0.0,-20%,6,12324.953011596639,12117.593785116496,35f6a6573ef9
15,42,0.0,-20%,7,9859.96240927731,7126.982441765316,35f6a6573ef9
15,42,0.0,-20%,8,8256.02832927271,10661.175440699833,35f6a6573ef9
15,42,0.0,-20%,9,6604.822663418166,7174.439200245667,35f6a6573ef9
15,42,0.0,-20%,10,6822.966376720585,8324.054433668083,35f6a6573ef9
15,42,0.0,-20%,11,11521.676497142435,13476.199041527849,35f6a6573ef9
15,42,0.0,-20%,12,16578.871398846226,9119.507017020807,35f6a6573ef9
15,42,0.0,-20%,13,16831.366045020277,7455.827936626452,35f6a6573ef9
15,42,0.0,-20%,14,13465.092836016222,7672.087557778925,35f6a6573ef9
15,42,0.0,-20%,15,10772.07426881298,7142.86459688604,35f6a6573ef9
15,42,0.0,+/-10%,1,6249.950805120429,6249.950805120429,35f6a6573ef9
15,42,0.0,+/-10%,2,6874.945885632473,7003.576223727179,35f6a6573ef9
15,42,0.0,+/-10%,3,7562.4404741957205,8016.0719972890365,35f6a6573ef9
15,42,0.0,+/-10%,4,8318.684521615294,8949.986054197354,35f6a6573ef9
15,42,0.0,+/-10%,5,9150.552973776821,11739.841804631333,35f6a6573ef9
15,42,0.0,+/-10%,6,10065.608271154506,10287.584148985203,35f6a6573ef9
15,42,0.0,+/-10%,7,10200.133086733023,9313.789087365962,35f6a6573ef9
15,42,0.0,+/-10%,8,9599.793866915035,9398.772880755654,35f6a6573ef9
15,42,0.0,+/-10%,9,10559.773253606541,9137.662281561683,35f6a6573ef9
15,42,0.0,+/-10%,10,11615.750578967194,8854.92331624433,35f6a6573ef9
15,42,0.0,+/-10%,11,12777.325636863912,9483.811238706161,35f6a6573ef9
15,42,0.0,+/-10%,12,14055.058200550302,9458.679038348035,35f6a6573ef9
15,42,0.0,+/-10%,13,13298.857121991332,8194.648785797726,35f6a6573ef9
15,42,0.0,+/-10%,14,11968.971409792199,8415.0670686657,35f6a6573ef9
15,42,0.0,+/-10%,15,10772.074268812978,8758.185059496023,35f6a6573ef9
15,42,0.0,+/-20%,1,5169.100304010161,5169.100304010161,35f6a6573ef9
15,42,0.0,+/-20%,2,6202.920364812192,6384.965796758789,35f6a6573ef9
15,42,0.0,+/-20%,3,7443.504437774631,8045.158388288231,35f6a6573ef9
15,42,0.0,+/-20%,4,8932.205325329558,9669.313461507438,35f6a6573ef9
15,42,0.0,+/-20%,5,10718.646390395465,12897.470754797394,35f6a6573ef9
15,42,0.0,+/-20%,6,11820.379690794829,10134.94425071483,35f6a6573ef9
15,42,0.0,+/-20%,7,9456.303752635866,8677.0842276207,35f6a6573ef9
15,42,0.0,+/-20%,8,8546.268528113389,9622.012058720653,35f6a6573ef9
15,42,0.0,+/-20%,9,8186.434508450443,8929.203573756764,35f6a6573ef9
15,42,0.0,+/-20%,10,9823.72141014053,10159.867869188362,35f6a6573ef9
15,42,0.0,+/-20%,11,11788.465692168636,9725.21462005521,35f6a6573ef9
15,42,0.0,+/-20%,12,14146.158830602362,8367.756478583166,35f6a6573ef9
15,42,0.0,+/-20%,13,16831.366045020277,8071.727311588446,35f6a6573ef9
15,42,0.0,+/-20%,14,13465.092836016222,7202.269589804048,35f6a6573ef9
15,42,0.0,+/-20%,15,10772.07426881298,8169.222245912609,35f6a6573ef9
15,42,0.02,NHF,1,31785.964855334343,31785.964855334343,35f6a6573ef9
15,42,0.02,NHF,2,3982.936047314635,4750.065243110766,35f6a6573ef9
15,42,0.02,NHF,3,5193.520067321999,4752.829176803684,35f6a6573ef9
15,42,0.02,NHF,4,3335.8922181967614,5078.266759907913,35f6a6573ef9
15,42,0.02,NHF,5,14054.479742091346,11415.07757546177,35f6a6573ef9
15,42,0.02,NHF,6,5418.6330758160875,5418.6330758160875,35f6a6573ef9
15,42,0.02,NHF,7,11591.535949284038,11591.535949284038,35f6a6573ef9
15,42,0.02,NHF,8,9500.124790803646,9500.124790803646,35f6a6573ef9
15,42,0.02,NHF,9,10374.958666102884,10298.933548253468,35f6a6573ef9
15,42,0.02,NHF,10,4599.684014885228,5659.063443104018,35f6a6573ef9
15,42,0.02,NHF,11,5750.827159154341,8773.36356642815,35f6a6573ef9
15,42,0.02,NHF,12,5373.487480221276,2954.0727808217466,35f6a6573ef9
15,42,0.02,NHF,13,13442.342034883246,13547.19909431701,35f6a6573ef9
15,42,0.02,NHF,14,7187.324055354351,4710.136972545101,35f6a6573ef9
15,42,0.02,NHF,15,11831.876963136037,9905.176778136718,35f6a6573ef9
15,42,0.02,NDY,1,9981.628631302121,9981.628631302121,35f6a6573ef9
15,42,0.02,NDY,2,9981.628631302123,9891.85977542894,35f6a6573ef9
15,42,0.02,NDY,3,9981.628631302121,9809.801252188367,35f6a6573ef9
15,42,0.02,NDY,4,9981.628631302125,9724.128690053607,35f6a6573ef9
15,42,0.02,NDY,5,9981.62863130212,9641.35617148877,35f6a6573ef9
15,42,0.02,NDY,6,9981.628631302121,9566.447633536609,35f6a6573ef9
15,42,0.02,NDY,7,9981.628631302125,9496.44905223043,35f6a6573ef9
15,42,0.02,NDY,8,9981.628631302121,9440.646800397944,35f6a6573ef9
15,42,0.02,NDY,9,9981.628631302121,9378.397843718383,35f6a6573ef9
15,42,0.02,NDY,10,9981.628631302121,9320.690052436867,35f6a6573ef9
15,42,0.02,NDY,11,9981.62863130212,9265.344228114198,35f6a6573ef9
15,42,0.02,NDY,12,9981.628631302123,9208.070342247638,35f6a6573ef9
15,42,0.02,NDY,13,9981.628631302121,9150.836076916756,35f6a6573ef9
15,42,0.02,NDY,14,9981.628631302121,9103.918915659211,35f6a6573ef9
15,42,0.02,NDY,15,9981.62863130212,9051.37496218429,35f6a6573ef9
15,42,0.02,-10%,1,14632.029593859801,14632.029593859801,35f6a6573ef9
15,42,0.02,-10%,2,13168.826634473824,13143.764455586022,35f6a6573ef9
15,42,0.02,-10%,3,11851.943971026441,11816.403433666143,35f6a6573ef9
15,42,0.02,-10%,4,10666.749573923797,10615.873929324222,35f6a6573ef9
15,42,0.02,-10%,5,9600.074616531418,9545.376470843124,35f6a6573ef9
15,42,0.02,-10%,6,8640.067154878276,8590.83882274884,35f6a6573ef9
15,42,0.02,-10%,7,8790.649807654527,8790.64980821261,35f6a6573ef9
15,42,0.02,-10%,8,7911.584826889076,8307.349666198625,35f6a6573ef9
15,42,0.02,-10%,9,7120.426344200168,7476.614700863317,35f6a6573ef9
15,42,0.02,-10%,10,7262.147487631786,7293.6277623266315,35f6a6573ef9
15,42,0.02,-10%,11,8361.502774363295,7827.629742887495,35f6a6573ef9
15,42,0.02,-10%,12,9568.003136924262,7615.8618171255075,35f6a6573ef9
15,42,0.02,-10%,13,8611.202823231835,9738.527589708241,35f6a6573ef9
15,42,0.02,-10%,14,7750.082540908653,8764.674830799915,35f6a6573ef9
15,42,0.02,-10%,15,8713.554209574146,7888.20735147753,35f6a6573ef9
15,42,0.02,-20%,1,17826.670011787348,17826.670011787348,35f6a6573ef9
15,42,0.02,-20%,2,14261.336009429879,14240.267010180869,35f6a6573ef9
15,42,0.02,-20%,3,11409.068807543905,11377.254800282917,35f6a6573ef9
15,42,0.02,-20%,4,9127.255046035125,9095.029629514607,35f6a6573ef9
15,42,0.02,-20%,5,7301.8040368281,7275.089995980482,35f6a6573ef9
15,42,0.02,-20%,6,5841.4432294624785,5820.071995353586,35f6a6573ef9
15,42,0.02,-20%,7,9314.86130331265,9314.86130331265,35f6a6573ef9
15,42,0.02,-20%,8,9036.702068618406,9051.085018910891,35f6a6573ef9
15,42,0.02,-20%,9,7229.361654894728,7551.84350602346,35f6a6573ef9
15,42,0.02,-20%,10,8332.572738662575,9170.908993417326,35f6a6573ef9
15,42,0.02,-20%,11,9088.29757027434,7941.041837665878,35f6a6573ef9
15,42,0.02,-20%,12,8924.130938967743,7574.193107046722,35f6a6573ef9
15,42,0.02,-20%,13,7749.060813012018,8550.007546773031,35f6a6573ef9
15,42,0.02,-20%,14,6199.248650409614,6840.006033231612,35f6a6573ef9
15,42,0.02,-20%,15,10320.39412833862,9064.065171165279,35f6a6573ef9
15,42,0.02,+/-10%,1,14631.234742234632,14631.234742234632,35f6a6573ef9
15,42,0.02,+/-10%,2,13168.111268011176,13147.477012162757,35f6a6573ef9
15,42,0.02,+/-10%,3,11851.300141210055,11820.418626412677,35f6a6573ef9
15,42,0.02,+/-10%,4,10666.170127089039,10622.006989728725,35f6a6573ef9
15,42,0.02,+/-10%,5,9599.55311438014,9551.184321749486,35f6a6573ef9
15,42,0.02,+/-10%,6,8639.597802942128,8596.065891323915,35f6a6573ef9
15,42,0.02,+/-10%,7,8789.543004195386,8789.54300416527,35f6a6573ef9
15,42,0.02,+/-10%,8,7910.588703775847,8196.970377830838,35f6a6573ef9
15,42,0.02,+/-10%,9,7119.529833398265,7377.273341763636,35f6a6573ef9
15,42,0.02,+/-10%,10,7496.528630865898,7446.63234146218,35f6a6573ef9
15,42,0.02,+/-10%,11,8246.181493952476,7502.171672733819,35f6a6573ef9
15,42,0.02,+/-10%,12,9070.799643347731,8252.388837621353,35f6a6573ef9
15,42,0.02,+/-10%,13,8824.491292900646,9628.061720819824,35f6a6573ef9
15,42,0.02,+/-10%,14,7942.042163610581,8665.255550955679,35f6a6573ef9
15,42,0.02,+/-10%,15,8705.985736562192,7798.7299931085045,35f6a6573ef9
15,42,0.02,+/-20%,1,17665.852591859475,17665.852591859475,35f6a6573ef9
15,42,0.02,+/-20%,2,14132.682073487586,13997.69916592854,35f6a6573ef9
15,42,0.02,+/-20%,3,11306.145658790068,10757.491231308608,35f6a6573ef9
15,42,0.02,+/-20%,4,9044.91652703206,9356.426883118122,35f6a6573ef9
15,42,0.02,+/-20%,5,7235.933221625646,7671.321995781401,35f6a6573ef9
15,42,0.02,+/-20%,6,6896.656820696471,6876.347568562345,35f6a6573ef9
15,42,0.02,+/-20%,7,8275.988184835764,8275.988186537563,35f6a6573ef9
15,42,0.02,+/-20%,8,9931.185821802917,9872.185376426625,35f6a6573ef9
15,42,0.02,+/-20%,9,7944.94865744233,8795.28667720696,35f6a6573ef9
15,42,0.02,+/-20%,10,7627.229436763565,7065.204117494788,35f6a6573ef9
15,42,0.02,+/-20%,11,8726.211643286428,8263.180247937926,35f6a6573ef9
15,42,0.02,+/-20%,12,8523.838478389429,7362.559534408366,35f6a6573ef9
15,42,0.02,+/-20%,13,6832.088448111683,8698.089390396757,35f6a6573ef9
15,42,0.02,+/-20%,14,8198.50613773402,7529.610148090205,35f6a6573ef9
15,42,0.02,+/-20%,15,9838.207365280821,9032.57100432299,35f6a6573ef9
15,42,0.04,NHF,1,36584.901795739825,36584.901795739825,35f6a6573ef9
15,42,0.04,NHF,2,2639.781570634934,2639.781570634934,35f6a6573ef9
15,42,0.04,NHF,3,6116.726792359021,6116.726792359021,35f6a6573ef9
15,42,0.04,NHF,4,5145.034722803192,5145.034722803192,35f6a6573ef9
15,42,0.04,NHF,5,3388.476297810426,3388.476297810426,35f6a6573ef9
15,42,0.04,NHF,6,5418.6330758160875,5418.6330758160875,35f6a6573ef9
15,42,0.04,NHF,7,11716.451309672268,11716.451309672268,35f6a6573ef9
15,42,0.04,NHF,8,10539.283307770835,10539.283307770835,35f6a6573ef9
15,42,0.04,NHF,9,14280.446657336564,14280.446657336564,35f6a6573ef9
15,42,0.04,NHF,10,5637.827082513043,5637.827082513043,35f6a6573ef9
15,42,0.04,NHF,11,6802.4366409823615,6802.4366409823615,35f6a6573ef9
15,42,0.04,NHF,12,3861.6638133572874,3861.6638133572874,35f6a6573ef9
15,42,0.04,NHF,13,9611.099721767949,9611.099721767947,35f6a6573ef9
15,42,0.04,NHF,14,5067.892137532486,5067.892137532486,35f6a6573ef9
15,42,0.04,NHF,15,11180.703122057581,11180.70312205758,35f6a6573ef9
15,42,0.04,NDY,1,9930.52318625028,9930.52318625028,35f6a6573ef9
15,42,0.04,NDY,2,9930.523186250284,9835.298323928757,35f6a6573ef9
15,42,0.04,NDY,3,9930.523186250284,9729.857009500742,35f6a6573ef9
15,42,0.04,NDY,4,9930.523186250284,9636.18144889921,35f6a6573ef9
15,42,0.04,NDY,5,9930.523186250284,9540.31023387517,35f6a6573ef9
15,42,0.04,NDY,6,9930.523186250282,9456.955494036967,35f6a6573ef9
15,42,0.04,NDY,7,9930.523186250282,9363.280722308964,35f6a6573ef9
15,42,0.04,NDY,8,9930.52318625028,9278.974210064214,35f6a6573ef9
15,42,0.04,NDY,9,9930.523186250284,9214.137142375364,35f6a6573ef9
15,42,0.04,NDY,10,9930.523186250282,9150.240101673333,35f6a6573ef9
15,42,0.04,NDY,11,9930.523186250284,9073.947273956654,35f6a6573ef9
15,42,0.04,NDY,12,9930.523186250284,9003.125649132726,35f6a6573ef9
15,42,0.04,NDY,13,9930.523186250286,8950.656242549298,35f6a6573ef9
15,42,0.04,NDY,14,9930.523186250284,8880.726371655754,35f6a6573ef9
15,42,0.04,NDY,15,9930.52318625028,8825.286415654204,35f6a6573ef9
15,42,0.04,-10%,1,14632.750204632517,14632.750204632517,35f6a6573ef9
15,42,0.04,-10%,2,13169.47518416927,13171.917522774918,35f6a6573ef9
15,42,0.04,-10%,3,11852.52766575234,11852.527669122686,35f6a6573ef9
15,42,0.04,-10%,4,10667.274899177106,10647.143046331614,35f6a6573ef9
15,42,0.04,-10%,5,9600.547409259398,9582.301814275193,35f6a6573ef9
15,42,0.04,-10%,6,8640.492668333456,8624.071631425868,35f6a6573ef9
15,42,0.04,-10%,7,7776.4434015001125,7776.4434037114,35f6a6573ef9
15,42,0.04,-10%,8,8372.539070103203,8121.2502616542515,35f6a6573ef9
15,42,0.04,-10%,9,7535.285163092884,7309.125234642804,35f6a6573ef9
15,42,0.04,-10%,10,8223.635949491752,9006.805910632298,35f6a6573ef9
15,42,0.04,-10%,11,7401.272354542578,8378.447065869415,35f6a6573ef9
15,42,0.04,-10%,12,9512.286785574845,7927.637181395735,35f6a6573ef9
15,42,0.04,-10%,13,8567.030899529052,8573.436134605974,35f6a6573ef9
15,42,0.04,-10%,14,7710.327809576145,7716.092524377829,35f6a6573ef9
15,42,0.04,-10%,15,8127.255958869674,7515.513544354856,35f6a6573ef9
15,42,0.04,-20%,1,17849.47302155318,17849.47302155318,35f6a6573ef9
15,42,0.04,-20%,2,14279.57841724255,14277.726916427815,35f6a6573ef9
15,42,0.04,-20%,3,11423.662733794043,11422.339595958905,35f6a6573ef9
15,42,0.04,-20%,4,9138.930187035234,9137.503959030142,35f6a6573ef9
15,42,0.04,-20%,5,7311.144149628188,7310.003168127342,35f6a6573ef9
15,42,0.04,-20%,6,5848.91531970255,5848.002535035697,35f6a6573ef9
15,42,0.04,-20%,7,8123.654212532188,8123.654210960573,35f6a6573ef9
15,42,0.04,-20%,8,8762.940612589777,8887.85597454962,35f6a6573ef9
15,42,0.04,-20%,9,9667.07698903708,9542.16162864885,35f6a6573ef9
15,42,0.04,-20%,10,7809.846305021623,8279.631819652257,35f6a6573ef9
15,42,0.04,-20%,11,9072.788227225781,8173.047314391181,35f6a6573ef9
15,42,0.04,-20%,12,8566.725049918761,8719.953867109576,35f6a6573ef9
15,42,0.04,-20%,13,6853.380039935013,7130.106619376552,35f6a6573ef9
15,42,0.04,-20%,14,6847.940451535775,6972.855813495618,35f6a6573ef9
15,42,0.04,-20%,15,8157.7096353102925,8032.794274922065,35f6a6573ef9
15,42,0.04,+/-10%,1,14629.36720306614,14629.36720306614,35f6a6573ef9
15,42,0.04,+/-10%,2,13166.430482759528,13166.430485788114,35f6a6573ef9
15,42,0.04,+/-10%,3,11849.787434483573,11848.479706930219,35f6a6573ef9
15,42,0.04,+/-10%,4,10664.808691035216,10648.656703269784,35f6a6573ef9
15,42,0.04,+/-10%,5,9598.327821931698,9580.213230054813,35f6a6573ef9
15,42,0.04,+/-10%,6,8638.495039738526,8622.191906984935,35f6a6573ef9
15,42,0.04,+/-10%,7,7774.645535764675,7774.645537553025,35f6a6573ef9
15,42,0.04,+/-10%,8,8320.053061205432,8334.591107359056,35f6a6573ef9
15,42,0.04,+/-10%,9,7488.047755084889,7501.131995009239,35f6a6573ef9
15,42,0.04,+/-10%,10,8236.85253059338,8196.273953968319,35f6a6573ef9
15,42,0.04,+/-10%,11,8053.1327407591525,8612.419885890764,35f6a6573ef9
15,42,0.04,+/-10%,12,8858.446014835068,8164.662746190737,35f6a6573ef9
15,42,0.04,+/-10%,13,8588.596910138227,8492.815545630656,35f6a6573ef9
15,42,0.04,+/-10%,14,7729.737219124405,7944.239924834335,35f6a6573ef9
15,42,0.04,+/-10%,15,7901.427051510332,7314.257112473791,35f6a6573ef9
15,42,0.04,+/-20%,1,17847.729940398065,17847.729940398065,35f6a6573ef9
15,42,0.04,+/-20%,2,14278.18395231845,14235.74732480183,35f6a6573ef9
15,42,0.04,+/-20%,3,11422.547161854765,11381.293233753333,35f6a6573ef9
15,42,0.04,+/-20%,4,9138.037729483813,9053.125993077754,35f6a6573ef9
15,42,0.04,+/-20%,5,7310.43018358705,7242.50079411131,35f6a6573ef9
15,42,0.04,+/-20%,6,5848.34414686964,6196.952230069455,35f6a6573ef9
15,42,0.04,+/-20%,7,7018.012976243567,7524.394696596478,35f6a6573ef9
15,42,0.04,+/-20%,8,8421.61557149228,8814.745633294844,35f6a6573ef9
15,42,0.04,+/-20%,9,10105.938685790738,10035.106113290454,35f6a6573ef9
15,42,0.04,+/-20%,10,10168.88362334121,9157.049911848719,35f6a6573ef9
15,42,0.04,+/-20%,11,9257.987341641232,8469.359246090027,35f6a6573ef9
15,42,0.04,+/-20%,12,7453.8485511475965,7852.22170004008,35f6a6573ef9
15,42,0.04,+/-20%,13,5963.078840918079,6369.829378180066,35f6a6573ef9
15,42,0.04,+/-20%,14,7155.694609101693,7027.97770207471,35f6a6573ef9
15,42,0.04,+/-20%,15,8586.83353092203,8180.057108988899,35f6a6573ef9
15,42,0.06,NHF,1,36584.901795739825,36584.901795739825,35f6a6573ef9
15,42,0.06,NHF,2,2639.781570634934,2639.781570634934,35f6a6573ef9
15,42,0.06,NHF,3,6116.726792359021,6116.726792359021,35f6a6573ef9
15,42,0.06,NHF,4,5145.034722803192,5145.034722803192,35f6a6573ef9
15,42,0.06,NHF,5,3388.476297810426,3388.476297810426,35f6a6573ef9
15,42,0.06,NHF,6,5418.6330758160875,5418.6330758160875,35f6a6573ef9
15,42,0.06,NHF,7,11716.451309672268,11716.451309672268,35f6a6573ef9
15,42,0.06,NHF,8,10539.283307770835,10539.283307770835,35f6a6573ef9
15,42,0.06,NHF,9,14280.446657336564,14280.446657336564,35f6a6573ef9
15,42,0.06,NHF,10,5637.827082513043,5637.827082513043,35f6a6573ef9
15,42,0.06,NHF,11,6802.4366409823615,6802.4366409823615,35f6a6573ef9
15,42,0.06,NHF,12,3861.6638133572874,3861.6638133572874,35f6a6573ef9
15,42,0.06,NHF,13,9611.099721767949,9611.099721767947,35f6a6573ef9
15,42,0.06,NHF,14,5067.892137532486,5067.892137532486,35f6a6573ef9
15,42,0.06,NHF,15,11180.703122057581,11180.70312205758,35f6a6573ef9
15,42,0.06,NDY,1,9865.482043145703,9865.482043145703,35f6a6573ef9
15,42,0.06,NDY,2,9865.482043145701,9741.57705044143,35f6a6573ef9
15,42,0.06,NDY,3,9865.4820431457,9646.896350394582,35f6a6573ef9
15,42,0.06,NDY,4,9865.482043145701,9555.16851803377,35f6a6573ef9
15,42,0.06,NDY,5,9865.4820431457,9453.023573876268,35f6a6573ef9
15,42,0.06,NDY,6,9865.482043145697,9357.739659728579,35f6a6573ef9
15,42,0.06,NDY,7,9865.4820431457,9255.644526830183,35f6a6573ef9
15,42,0.06,NDY,8,9865.482043145697,9173.56051715849,35f6a6573ef9
15,42,0.06,NDY,9,9865.482043145701,9115.028774067547,35f6a6573ef9
15,42,0.06,NDY,10,9865.4820431457,9059.196717183186,35f6a6573ef9
15,42,0.06,NDY,11,9865.482043145696,8996.021579951903,35f6a6573ef9
15,42,0.06,NDY,12,9865.482043145697,8925.739548684536,35f6a6573ef9
15,42,0.06,NDY,13,9865.482043145697,8864.126460862331,35f6a6573ef9
15,42,0.06,NDY,14,9865.482043145697,8798.258325846253,35f6a6573ef9
15,42,0.06,NDY,15,9865.482043145697,8719.474550415307,35f6a6573ef9
15,42,0.06,-10%,1,14609.899627713648,14609.899627713648,35f6a6573ef9
15,42,0.06,-10%,2,13148.909664942286,13130.969375831486,35f6a6573ef9
15,42,0.06,-10%,3,11834.018698448053,11796.304160765634,35f6a6573ef9
15,42,0.06,-10%,4,10650.61682860325,10605.466966898515,35f6a6573ef9
15,42,0.06,-10%,5,9585.55514574293,9543.00957298601,35f6a6573ef9
15,42,0.06,-10%,6,8626.999631168632,8588.708610964144,35f6a6573ef9
15,42,0.06,-10%,7,7764.299668051771,7764.299667535422,35f6a6573ef9
15,42,0.06,-10%,8,7956.996419621729,7956.996420138079,35f6a6573ef9
15,42,0.06,-10%,9,7679.0452765589525,7451.640683366771,35f6a6573ef9
15,42,0.06,-10%,10,8775.986653804492,8459.34244962226,35f6a6573ef9
15,42,0.06,-10%,11,8083.671262582218,9456.33714873522,35f6a6573ef9
15,42,0.06,-10%,12,8961.81256105503,8592.39185705612,35f6a6573ef9
15,42,0.06,-10%,13,8135.568905003026,7869.38521651072,35f6a6573ef9
15,42,0.06,-10%,14,7322.012014502723,7082.446696232967,35f6a6573ef9
15,42,0.06,-10%,15,7650.158715693208,7103.038032177877,35f6a6573ef9
15,42,0.06,-20%,1,17812.2238939299,17812.2238939299,35f6a6573ef9
15,42,0.06,-20%,2,14249.779115143923,14231.313973966711,35f6a6573ef9
15,42,0.06,-20%,3,11399.823292115141,11363.088566253466,35f6a6573ef9
15,42,0.06,-20%,4,9119.858633692109,9089.843467354074,35f6a6573ef9
15,42,0.06,-20%,5,7295.88690695369,7271.874773087397,35f6a6573ef9
15,42,0.06,-20%,6,5836.709525562952,5817.4998166574915,35f6a6573ef9
15,42,0.06,-20%,7,7524.394696596478,7524.394696596478,35f6a6573ef9
15,42,0.06,-20%,8,9280.495554479623,9280.495554479623,35f6a6573ef9
15,42,0.06,-20%,9,10171.103946848649,9783.071693105103,35f6a6573ef9
15,42,0.06,-20%,10,8136.883157478919,8827.652566149654,35f6a6573ef9
15,42,0.06,-20%,11,8404.980251519753,8628.709589637454,35f6a6573ef9
15,42,0.06,-20%,12,8258.692667957352,7896.015457627301,35f6a6573ef9
15,42,0.06,-20%,13,6606.954134365884,6316.812362728895,35f6a6573ef9
15,42,0.06,-20%,14,6993.5324610908665,6993.5324610908665,35f6a6573ef9
15,42,0.06,-20%,15,8497.11085243802,8122.735239773893,35f6a6573ef9
15,42,0.06,+/-10%,1,14606.320673414919,14606.320673414919,35f6a6573ef9
15,42,0.06,+/-10%,2,13145.688606073427,13131.10882508835,35f6a6573ef9
15,42,0.06,+/-10%,3,11831.119745466087,11800.364314416063,35f6a6573ef9
15,42,0.06,+/-10%,4,10648.007770919477,10610.430008537067,35f6a6573ef9
15,42,0.06,+/-10%,5,9583.206993827534,9544.48910120037,35f6a6573ef9
15,42,0.06,+/-10%,6,8624.886294444776,8590.040190279533,35f6a6573ef9
15,42,0.06,+/-10%,7,7762.3976650003,7762.397662984979,35f6a6573ef9
15,42,0.06,+/-10%,8,7958.8984226732,7918.487399039368,35f6a6573ef9
15,42,0.06,+/-10%,9,7679.725753195453,7752.647721868544,35f6a6573ef9
15,42,0.06,+/-10%,10,8447.698328515,8453.980499942854,35f6a6573ef9
15,42,0.06,+/-10%,11,8772.293352741215,9145.274249366026,35f6a6573ef9
15,42,0.06,+/-10%,12,8609.885100261521,8230.746823710111,35f6a6573ef9
15,42,0.06,+/-10%,13,8142.611724196123,8067.839347826423,35f6a6573ef9
15,42,0.06,+/-10%,14,7328.350551776503,7261.055408810095,35f6a6573ef9
15,42,0.06,+/-10%,15,7650.158715693208,6686.663829046498,35f6a6573ef9
15,42,0.06,+/-20%,1,17810.788028080176,17810.788028080176,35f6a6573ef9
15,42,0.06,+/-20%,2,14248.630422464146,14226.489320480727,35f6a6573ef9
15,42,0.06,+/-20%,3,11398.904337971317,11363.337029845225,35f6a6573ef9
15,42,0.06,+/-20%,4,9119.123470377053,9033.743552585996,35f6a6573ef9
15,42,0.06,+/-20%,5,7295.2987763016445,7063.83895918609,35f6a6573ef9
15,42,0.06,+/-20%,6,5836.239021041314,6147.703650101297,35f6a6573ef9
15,42,0.06,+/-20%,7,7003.486825249577,7398.736882513188,35f6a6573ef9
15,42,0.06,+/-20%,8,8404.184190299493,9406.153368562911,35f6a6573ef9
15,42,0.06,+/-20%,9,10085.021028359391,9470.032527115723,35f6a6573ef9
15,42,0.06,+/-20%,10,10292.15160538218,9514.969527181394,35f6a6573ef9
15,42,0.06,+/-20%,11,8723.823804944856,8137.586630828523,35f6a6573ef9
15,42,0.06,+/-20%,12,7922.893814457832,7915.480074556226,35f6a6573ef9
15,42,0.06,+/-20%,13,6338.315051566269,6332.384056406171,35f6a6573ef9
15,42,0.06,+/-20%,14,6483.521044002364,7119.1902751741545,35f6a6573ef9
15,42,0.06,+/-20%,15,7780.2252528028375,7172.492866236059,35f6a6573ef9
15,1042,0.0,NHF,1,2050.2933365533336,2050.2933365533336,35f6a6573ef9
15,1042,0.0,NHF,2,1904.7047677474998,439.0682994133333,35f6a6573ef9
15,1042,0.0,NHF,3,7272.524370700567,724.51760355,35f6a6573ef9
15,1042,0.0,NHF,4,6850.0923330325,10661.114570572692,35f6a6573ef9
15,1042,0.0,NHF,5,27972.46101593075,18095.334376052255,35f6a6573ef9
15,1042,0.0,NHF,6,9368.988953219648,10891.239834216896,35f6a6573ef9
15,1042,0.0,NHF,7,20946.32378678217,7714.741155594255,35f6a6573ef9
15,1042,0.0,NHF,8,7913.495699765653,8313.74443970023,35f6a6573ef9
15,1042,0.0,NHF,9,4815.686507382912,8296.091503692367,35f6a6573ef9
15,1042,0.0,NHF,10,869.11496626,9131.978825859467,35f6a6573ef9
15,1042,0.0,NHF,11,869.5890542699999,9420.088401222782,35f6a6573ef9
15,1042,0.0,NHF,12,1230.455561535,11191.956772597965,35f6a6573ef9
15,1042,0.0,NHF,13,2168.6399048949997,7848.6492624060575,35f6a6573ef9
15,1042,0.0,NHF,14,3305.6281198750003,8586.3056379475,35f6a6573ef9
15,1042,0.0,NHF,15,74579.3313506941,7851.9270357970845,35f6a6573ef9
15,1042,0.0,NDY,1,3531.755441723675,3531.755441723675,35f6a6573ef9
15,1042,0.0,NDY,2,10613.774329953556,8861.771783988626,35f6a6573ef9
15,1042,0.0,NDY,3,10613.774329953554,8766.60920111026,35f6a6573ef9
15,1042,0.0,NDY,4,10613.774329953556,9131.88693277495,35f6a6573ef9
15,1042,0.0,NDY,5,10613.774329953558,10312.35044893097,35f6a6573ef9
15,1042,0.0,NDY,6,10613.774329953558,10163.86731655362,35f6a6573ef9
15,1042,0.0,NDY,7,10613.774329953554,9980.688739273624,35f6a6573ef9
15,1042,0.0,NDY,8,10613.77432995356,9837.59545659918,35f6a6573ef9
15,1042,0.0,NDY,9,10613.77432995356,9566.073956786871,35f6a6573ef9
15,1042,0.0,NDY,10,10613.774329953554,9464.04563096225,35f6a6573ef9
15,1042,0.0,NDY,11,10613.774329953556,9132.609721668034,35f6a6573ef9
15,1042,0.0,NDY,12,10613.774329953558,8713.694113874384,35f6a6573ef9
15,1042,0.0,NDY,13,10613.774329953554,8227.342814800351,35f6a6573ef9
15,1042,0.0,NDY,14,10613.774329953554,8212.292815101875,35f6a6573ef9
15,1042,0.0,NDY,15,10613.774329953556,8592.312938516872,35f6a6573ef9
15,1042,0.0,-10%,1,4376.343318180426,4376.343318180426,35f6a6573ef9
15,1042,0.0,-10%,2,3938.708986362383,3938.7089843825,35f6a6573ef9
15,1042,0.0,-10%,3,6262.609861052822,5333.317908637911,35f6a6573ef9
15,1042,0.0,-10%,4,13848.344754979891,14852.200319335103,35f6a6573ef9
15,1042,0.0,-10%,5,12463.510279481905,13448.572842845126,35f6a6573ef9
15,1042,0.0,-10%,6,11217.159251533714,12294.888145793906,35f6a6573ef9
15,1042,0.0,-10%,7,10095.44332638034,9800.76435634565,35f6a6573ef9
15,1042,0.0,-10%,8,9085.898993742308,7976.331713585367,35f6a6573ef9
15,1042,0.0,-10%,9,8177.309094368079,11166.670314951753,35f6a6573ef9
15,1042,0.0,-10%,10,8548.491032335054,9968.841723484818,35f6a6573ef9
15,1042,0.0,-10%,11,15114.554766740834,8439.284037069296,35f6a6573ef9
15,1042,0.0,-10%,12,14559.36122078677,6823.129278727253,35f6a6573ef9
15,1042,0.0,-10%,13,13103.425098708096,6390.668415989325,35f6a6573ef9
15,1042,0.0,-10%,14,11793.082588837282,5392.4151288575,35f6a6573ef9
15,1042,0.0,-10%,15,10613.774329953558,11895.595267625893,35f6a6573ef9
15,1042,0.0,-20%,1,4793.332505235,4793.332505235,35f6a6573ef9
15,1042,0.0,-20%,2,3834.666004188,3509.7363532824997,35f6a6573ef9
15,1042,0.0,-20%,3,3067.7328033504,6024.496007299922,35f6a6573ef9
15,1042,0.0,-20%,4,14094.171981826506,11471.197765802499,35f6a6573ef9
15,1042,0.0,-20%,5,15468.87908838398,17251.003789679406,35f6a6573ef9
15,1042,0.0,-20%,6,12375.103270707183,12565.687889186313,35f6a6573ef9
15,1042,0.0,-20%,7,9900.082616565745,8327.549048067318,35f6a6573ef9
15,1042,0.0,-20%,8,7920.066093252597,7778.312575865031,35f6a6573ef9
15,1042,0.0,-20%,9,7889.939730089164,10326.38701592323,35f6a6573ef9
15,1042,0.0,-20%,10,8806.828242823718,8857.609607497476,35f6a6573ef9
15,1042,0.0,-20%,11,11448.7416613001,10876.043690935965,35f6a6573ef9
15,1042,0.0,-20%,12,13272.633376169066,8210.705801565364,35f6a6573ef9
15,1042,0.0,-20%,13,16584.02239055243,6568.564646545351,35f6a6573ef9
15,1042,0.0,-20%,14,13267.217912441945,5855.478839755805,35f6a6573ef9
15,1042,0.0,-20%,15,10613.774329953556,9800.81681426007,35f6a6573ef9
15,1042,0.0,+/-10%,1,6494.7646771607915,6494.7646771607915,35f6a6573ef9
15,1042,0.0,+/-10%,2,7144.241144876873,7377.418636185537,35f6a6573ef9
15,1042,0.0,+/-10%,3,7858.66525936456,8997.352112973087,35f6a6573ef9
15,1042,0.0,+/-10%,4,8644.531785301018,10422.38064911667,35f6a6573ef9
15,1042,0.0,+/-10%,5,9508.98496383112,11784.778369363261,35f6a6573ef9
15,1042,0.0,+/-10%,6,10459.883460214234,9967.907764519648,35f6a6573ef9
15,1042,0.0,+/-10%,7,9413.89511419281,8647.751478218835,35f6a6573ef9
15,1042,0.0,+/-10%,8,9652.85818556973,8484.517698854523,35f6a6573ef9
15,1042,0.0,+/-10%,9,10618.144004126705,9212.826824015301,35f6a6573ef9
15,1042,0.0,+/-10%,10,11679.958404539375,10036.569088599861,35f6a6573ef9
15,1042,0.0,+/-10%,11,12847.954244993312,9485.444533911474,35f6a6573ef9
15,1042,0.0,+/-10%,12,14132.74966949265,8332.253025497252,35f6a6573ef9
15,1042,0.0,+/-10%,13,13103.42509870809,7011.849933021119,35f6a6573ef9
15,1042,0.0,+/-10%,14,11793.082588837286,8842.27330157438,35f6a6573ef9
15,1042,0.0,+/-10%,15,10613.774329953556,10189.166630880574,35f6a6573ef9
15,1042,0.0,+/-20%,1,5452.101158184378,5452.101158184378,35f6a6573ef9
15,1042,0.0,+/-20%,2,6542.521389821254,6845.934800556111,35f6a6573ef9
15,1042,0.0,+/-20%,3,7851.025667785503,8995.811083953144,35f6a6573ef9
15,1042,0.0,+/-20%,4,9421.230801342605,10547.989303971919,35f6a6573ef9
15,1042,0.0,+/-20%,5,11305.476961611126,13452.822657749133,35f6a6573ef9
15,1042,0.0,+/-20%,6,12110.368670752841,10294.886643329648,35f6a6573ef9
15,1042,0.0,+/-20%,7,9688.294936602273,7652.605129850883,35f6a6573ef9
15,1042,0.0,+/-20%,8,7750.635949281819,8808.220042573526,35f6a6573ef9
15,1042,0.0,+/-20%,9,8989.488195875472,9744.432977008648,35f6a6573ef9
15,1042,0.0,+/-20%,10,9549.971101351035,10029.957611719754,35f6a6573ef9
15,1042,0.0,+/-20%,11,11459.965321621241,8227.715873325833,35f6a6573ef9
15,1042,0.0,+/-20%,12,13751.958385945489,8885.48945610073,35f6a6573ef9
15,1042,0.0,+/-20%,13,16502.350063134585,8830.872719579793,35f6a6573ef9
15,1042,0.0,+/-20%,14,13267.217912441945,7187.57394410977,35f6a6573ef9
15,1042,0.0,+/-20%,15,10613.774329953556,8905.18540459318,35f6a6573ef9
15,1042,0.02,NHF,1,33199.04835909127,33199.04835909127,35f6a6573ef9
15,1042,0.02,NHF,2,4571.619944862408,5467.429605409028,35f6a6573ef9
15,1042,0.02,NHF,3,4620.440840263358,3671.468435260139,35f6a6573ef9
15,1042,0.02,NHF,4,4281.332415395229,5397.099444931988,35f6a6573ef9
15,1042,0.02,NHF,5,15423.80849073337,14003.161913961394,35f6a6573ef9
15,1042,0.02,NHF,6,4443.313341335659,4443.313341335659,35f6a6573ef9
15,1042,0.02,NHF,7,9803.055753555695,9803.055753555695,35f6a6573ef9
15,1042,0.02,NHF,8,8852.085216405203,8852.085216405203,35f6a6573ef9
15,1042,0.02,NHF,9,12994.199264367711,12752.605238929846,35f6a6573ef9
15,1042,0.02,NHF,10,3576.2900924017213,4589.964205082055,35f6a6573ef9
15,1042,0.02,NHF,11,3764.348374753256,6060.638961130173,35f6a6573ef9
15,1042,0.02,NHF,12,5061.353589093737,3244.7979365064593,35f6a6573ef9
15,1042,0.02,NHF,13,13447.21971062994,14391.661455388263,35f6a6573ef9
15,1042,0.02,NHF,14,8101.348820137119,5710.611225521995,35f6a6573ef9
15,1042,0.02,NHF,15,12457.565907928378,9708.355918731735,35f6a6573ef9
15,1042,0.02,NDY,1,10085.91444260664,10085.91444260664,35f6a6573ef9
15,1042,0.02,NDY,2,10085.91444260664,9988.183310268156,35f6a6573ef9
15,1042,0.02,NDY,3,10085.914442606641,9898.334742296134,35f6a6573ef9
15,1042,0.02,NDY,4,10085.91444260664,9814.032133848033,35f6a6573ef9
15,1042,0.02,NDY,5,10085.91444260664,9723.689461594331,35f6a6573ef9
15,1042,0.02,NDY,6,10085.91444260664,9643.656593589787,35f6a6573ef9
15,1042,0.02,NDY,7,10085.91444260664,9563.441536746732,35f6a6573ef9
15,1042,0.02,NDY,8,10085.914442606641,9493.865894302138,35f6a6573ef9
15,1042,0.02,NDY,9,10085.91444260664,9426.256266582139,35f6a6573ef9
15,1042,0.02,NDY,10,10085.91444260664,9358.378554335339,35f6a6573ef9
15,1042,0.02,NDY,11,10085.914442606638,9293.23914218518,35f6a6573ef9
15,1042,0.02,NDY,12,10085.914442606641,9227.252967061002,35f6a6573ef9
15,1042,0.02,NDY,13,10085.914442606638,9168.8843422665,35f6a6573ef9
15,1042,0.02,NDY,14,10085.914442606638,9119.009218926965,35f6a6573ef9
15,1042,0.02,NDY,15,10085.91444260664,9070.673632643224,35f6a6573ef9
15,1042,0.02,-10%,1,15278.807588252337,15278.807588252337,35f6a6573ef9
15,1042,0.02,-10%,2,13750.926829427106,13749.190662636796,35f6a6573ef9
15,1042,0.02,-10%,3,12375.834146484394,12344.829585275183,35f6a6573ef9
15,1042,0.02,-10%,4,11138.250731835959,11114.04118613636,35f6a6573ef9
15,1042,0.02,-10%,5,10024.425658652359,9998.212062577255,35f6a6573ef9
15,1042,0.02,-10%,6,9021.983092787123,8998.39085690816,35f6a6573ef9
15,1042,0.02,-10%,7,8119.784783508411,8098.5517691766245,35f6a6573ef9
15,1042,0.02,-10%,8,7307.806305157572,7306.883632394795,35f6a6573ef9
15,1042,0.02,-10%,9,6577.025674641814,6576.195269237307,35f6a6573ef9
15,1042,0.02,-10%,10,6151.5534201067985,7273.703218496259,35f6a6573ef9
15,1042,0.02,-10%,11,9415.194792485876,8006.4115507720635,35f6a6573ef9
15,1042,0.02,-10%,12,8473.675313237289,7922.730328580567,35f6a6573ef9
15,1042,0.02,-10%,13,9507.40934866297,9705.631136867532,35f6a6573ef9
15,1042,0.02,-10%,14,8556.668413796673,8730.460623472907,35f6a6573ef9
15,1042,0.02,-10%,15,7701.001572417009,7858.686946051306,35f6a6573ef9
15,1042,0.02,-20%,1,18650.97580167267,18650.97580167267,35f6a6573ef9
15,1042,0.02,-20%,2,14920.780641338139,14506.775127589215,35f6a6573ef9
15,1042,0.02,-20%,3,11936.62451307051,11754.855291134016,35f6a6573ef9
15,1042,0.02,-20%,4,9549.29961045641,9506.198176733442,35f6a6573ef9
15,1042,0.02,-20%,5,7639.439688365126,8114.014912715253,35f6a6573ef9
15,1042,0.02,-20%,6,6111.551750692101,6491.211932960659,35f6a6573ef9
15,1042,0.02,-20%,7,8386.162456537133,8386.162453965937,35f6a6573ef9
15,1042,0.02,-20%,8,7771.703376220798,8001.702630265012,35f6a6573ef9
15,1042,0.02,-20%,9,6217.36270097664,7131.747349901266,35f6a6573ef9
15,1042,0.02,-20%,10,10707.566837675864,8678.295425990753,35f6a6573ef9
15,1042,0.02,-20%,11,8638.672609964953,8439.513789807394,35f6a6573ef9
15,1042,0.02,-20%,12,7053.795925109058,7339.723215989852,35f6a6573ef9
15,1042,0.02,-20%,13,8788.115444085617,9362.575497688895,35f6a6573ef9
15,1042,0.02,-20%,14,7030.492355268495,7490.060394091471,35f6a6573ef9
15,1042,0.02,-20%,15,9254.371342452867,8174.259140010836,35f6a6573ef9
15,1042,0.02,+/-10%,1,15266.439309660873,15266.439309660873,35f6a6573ef9
15,1042,0.02,+/-10%,2,13739.79537869479,13731.73724182064,35f6a6573ef9
15,1042,0.02,+/-10%,3,12365.815840825308,12330.076546140477,35f6a6573ef9
15,1042,0.02,+/-10%,4,11129.234256742779,11103.053826284926,35f6a6573ef9
15,1042,0.02,+/-10%,5,10016.310831068498,9982.98845555605,35f6a6573ef9
15,1042,0.02,+/-10%,6,9014.679747961649,8984.689611640502,35f6a6573ef9
15,1042,0.02,+/-10%,7,8113.2117731654835,8086.220653379727,35f6a6573ef9
15,1042,0.02,+/-10%,8,7301.890595848937,7297.608173305719,35f6a6573ef9
15,1042,0.02,+/-10%,9,6571.701536264042,6964.770663152609,35f6a6573ef9
15,1042,0.02,+/-10%,10,7221.624664971661,7290.772817691264,35f6a6573ef9
15,1042,0.02,+/-10%,11,7943.787131468829,7588.942028354195,35f6a6573ef9
15,1042,0.02,+/-10%,12,8738.165844615714,8347.836234903652,35f6a6573ef9
15,1042,0.02,+/-10%,13,9611.982429077281,9572.936584940733,35f6a6573ef9
15,1042,0.02,+/-10%,14,8650.784186169554,8601.806792298778,35f6a6573ef9
15,1042,0.02,+/-10%,15,7785.705767552598,7447.305135225105,35f6a6573ef9
15,1042,0.02,+/-20%,1,18668.597293978466,18668.597293978466,35f6a6573ef9
15,1042,0.02,+/-20%,2,14934.877835182768,14525.776877930806,35f6a6573ef9
15,1042,0.02,+/-20%,3,11947.90226814622,11788.78538923014,35f6a6573ef9
15,1042,0.02,+/-20%,4,9558.32181451698,9496.887125424611,35f6a6573ef9
15,1042,0.02,+/-20%,5,7646.657451613581,8115.343189418674,35f6a6573ef9
15,1042,0.02,+/-20%,6,6117.325961290865,6492.2745511781595,35f6a6573ef9
15,1042,0.02,+/-20%,7,7340.791153549038,7340.791151668547,35f6a6573ef9
15,1042,0.02,+/-20%,8,8709.45279894612,8808.949380905124,35f6a6573ef9
15,1042,0.02,+/-20%,9,7593.182660251828,8283.768529561159,35f6a6573ef9
15,1042,0.02,+/-20%,10,9111.819192302191,7901.382067799518,35f6a6573ef9
15,1042,0.02,+/-20%,11,8651.054524615283,8010.876225322597,35f6a6573ef9
15,1042,0.02,+/-20%,12,7366.090443683906,7867.030724605107,35f6a6573ef9
15,1042,0.02,+/-20%,13,8028.197025652844,8106.552486617808,35f6a6573ef9
15,1042,0.02,+/-20%,14,7720.420051742566,8301.153867742636,35f6a6573ef9
15,1042,0.02,+/-20%,15,9264.504062091079,8293.321458510733,35f6a6573ef9
15,1042,0.04,NHF,1,37456.907620841856,37456.907620841856,35f6a6573ef9
15,1042,0.04,NHF,2,4518.7832420117975,4518.7832420117975,35f6a6573ef9
15,1042,0.04,NHF,3,4607.96038715434,4607.96038715434,35f6a6573ef9
15,1042,0.04,NHF,4,5240.071727833987,5240.071727833987,35f6a6573ef9
15,1042,0.04,NHF,5,5930.510404465933,5930.510404465933,35f6a6573ef9
15,1042,0.04,NHF,6,4443.313341335659,4443.313341335659,35f6a6573ef9
15,1042,0.04,NHF,7,10325.142558350493,10325.142558350493,35f6a6573ef9
15,1042,0.04,NHF,8,9327.867187813557,9327.867187813557,35f6a6573ef9
15,1042,0.04,NHF,9,16525.727859096078,16525.727859096078,35f6a6573ef9
15,1042,0.04,NHF,10,4353.715032895414,4353.715032895414,35f6a6573ef9
15,1042,0.04,NHF,11,5080.852246202679,5080.852246202679,35f6a6573ef9
15,1042,0.04,NHF,12,4531.023347843087,4531.023347843087,35f6a6573ef9
15,1042,0.04,NHF,13,10072.567339591182,10072.567339591182,35f6a6573ef9
15,1042,0.04,NHF,14,5859.7333559458975,5859.7333559458975,35f6a6573ef9
15,1042,0.04,NHF,15,10600.418034588307,10600.418034588307,35f6a6573ef9
15,1042,0.04,NDY,1,10018.751245249161,10018.751245249161,35f6a6573ef9
15,1042,0.04,NDY,2,10018.75124524916,9906.060948882787,35f6a6573ef9
15,1042,0.04,NDY,3,10018.751245249161,9805.309780323561,35f6a6573ef9
15,1042,0.04,NDY,4,10018.75124524916,9683.59279369575,35f6a6573ef9
15,1042,0.04,NDY,5,10018.75124524916,9575.160304587678,35f6a6573ef9
15,1042,0.04,NDY,6,10018.751245249161,9483.539997687953,35f6a6573ef9
15,1042,0.04,NDY,7,10018.751245249157,9383.789783610857,35f6a6573ef9
15,1042,0.04,NDY,8,10018.751245249163,9306.554136159517,35f6a6573ef9
15,1042,0.04,NDY,9,10018.751245249161,9230.181319767415,35f6a6573ef9
15,1042,0.04,NDY,10,10018.751245249166,9158.455813300103,35f6a6573ef9
15,1042,0.04,NDY,11,10018.751245249166,9068.893114492079,35f6a6573ef9
15,1042,0.04,NDY,12,10018.751245249168,8995.646365227012,35f6a6573ef9
15,1042,0.04,NDY,13,10018.751245249165,8922.673596184104,35f6a6573ef9
15,1042,0.04,NDY,14,10018.751245249168,8866.932711696547,35f6a6573ef9
15,1042,0.04,NDY,15,10018.751245249166,8803.786449016661,35f6a6573ef9
15,1042,0.04,-10%,1,15262.66214921088,15262.66214921088,35f6a6573ef9
15,1042,0.04,-10%,2,13736.395934289792,13733.054567556717,35f6a6573ef9
15,1042,0.04,-10%,3,12362.756340860815,12356.570506632092,35f6a6573ef9
15,1042,0.04,-10%,4,11126.480706774733,11119.842470973641,35f6a6573ef9
15,1042,0.04,-10%,5,10013.832636097259,10007.543811081478,35f6a6573ef9
15,1042,0.04,-10%,6,9012.449372487534,9006.78942945851,35f6a6573ef9
15,1042,0.04,-10%,7,8111.204435238778,8107.145909259325,35f6a6573ef9
15,1042,0.04,-10%,8,7300.083991714902,7296.431320609849,35f6a6573ef9
15,1042,0.04,-10%,9,6570.075592543411,6566.78819080364,35f6a6573ef9
15,1042,0.04,-10%,10,6081.069213435292,6053.559337672172,35f6a6573ef9
15,1042,0.04,-10%,11,9008.239674955463,9160.122614829252,35f6a6573ef9
15,1042,0.04,-10%,12,8696.058711961807,8937.988172854382,35f6a6573ef9
15,1042,0.04,-10%,13,9611.764685295111,9135.08093857103,35f6a6573ef9
15,1042,0.04,-10%,14,8650.588216765598,8215.525684173008,35f6a6573ef9
15,1042,0.04,-10%,15,7785.529395089039,7393.973117478009,35f6a6573ef9
15,1042,0.04,-20%,1,18665.190409325613,18665.190409325613,35f6a6573ef9
15,1042,0.04,-20%,2,14932.152327460492,14927.253173827808,35f6a6573ef9
15,1042,0.04,-20%,3,11945.721861968395,11941.19707586144,35f6a6573ef9
15,1042,0.04,-20%,4,9556.577489574718,9552.851969576606,35f6a6573ef9
15,1042,0.04,-20%,5,7645.261991659774,7642.281574447563,35f6a6573ef9
15,1042,0.04,-20%,6,6116.20959332782,6113.825256809017,35f6a6573ef9
15,1042,0.04,-20%,7,6613.375775238897,6613.375777444975,35f6a6573ef9
15,1042,0.04,-20%,8,8528.165453637586,8528.165451431507,35f6a6573ef9
15,1042,0.04,-20%,9,9137.972291059259,9036.055108321458,35f6a6573ef9
15,1042,0.04,-20%,10,9109.13727625601,9250.199644156703,35f6a6573ef9
15,1042,0.04,-20%,11,7287.309821004809,7400.159721727859,35f6a6573ef9
15,1042,0.04,-20%,12,8490.064728386762,8219.66029842137,35f6a6573ef9
15,1042,0.04,-20%,13,7339.103443097574,7457.5127893831095,35f6a6573ef9
15,1042,0.04,-20%,14,7816.8397422046655,7816.839739998587,35f6a6573ef9
15,1042,0.04,-20%,15,8209.557409572973,7681.465932572877,35f6a6573ef9
15,1042,0.04,+/-10%,1,15259.026361284881,15259.026361284881,35f6a6573ef9
15,1042,0.04,+/-10%,2,13733.123725156394,13725.624893589747,35f6a6573ef9
15,1042,0.04,+/-10%,3,12359.811352640754,12341.548847606377,35f6a6573ef9
15,1042,0.04,+/-10%,4,11123.83021737668,11105.773346853017,35f6a6573ef9
15,1042,0.04,+/-10%,5,10011.447195639012,9986.208302667594,35f6a6573ef9
15,1042,0.04,+/-10%,6,9010.30247607511,8987.587469290385,35f6a6573ef9
15,1042,0.04,+/-10%,7,8109.272228467598,8088.828721414873,35f6a6573ef9
15,1042,0.04,+/-10%,8,7298.345005620839,7287.561179169922,35f6a6573ef9
15,1042,0.04,+/-10%,9,6568.5105050587545,6558.805060839755,35f6a6573ef9
15,1042,0.04,+/-10%,10,7032.777828277172,7129.51225511581,35f6a6573ef9
15,1042,0.04,+/-10%,11,7736.055611104893,7842.463483209293,35f6a6573ef9
15,1042,0.04,+/-10%,12,8509.661172215381,8626.709829720272,35f6a6573ef9
15,1042,0.04,+/-10%,13,9360.62728943692,9330.805220031167,35f6a6573ef9
15,1042,0.04,+/-10%,14,9157.42654420547,8282.123877481159,35f6a6573ef9
15,1042,0.04,+/-10%,15,8241.683889784921,7447.229284222207,35f6a6573ef9
15,1042,0.04,+/-20%,1,18664.269663873667,18664.269663873667,35f6a6573ef9
15,1042,0.04,+/-20%,2,14931.415731098934,14926.274100677461,35f6a6573ef9
15,1042,0.04,+/-20%,3,11945.13258487915,11940.818586398385,35f6a6573ef9
15,1042,0.04,+/-20%,4,9556.106067903323,9552.701431358846,35f6a6573ef9
15,1042,0.04,+/-20%,5,7644.884854322658,7642.1376062691,35f6a6573ef9
15,1042,0.04,+/-20%,6,6115.907883458127,6113.614183382606,35f6a6573ef9
15,1042,0.04,+/-20%,7,6882.518740398402,6882.51874112165,35f6a6573ef9
15,1042,0.04,+/-20%,8,8259.022488478082,8259.022487754833,35f6a6573ef9
15,1042,0.04,+/-20%,9,8864.943545783653,8801.548446748751,35f6a6573ef9
15,1042,0.04,+/-20%,10,9316.734973886447,9393.522493094697,35f6a6573ef9
15,1042,0.04,+/-20%,11,7453.387979109158,7514.817994679024,35f6a6573ef9
15,1042,0.04,+/-20%,12,8389.417617927584,8166.231268156535,35f6a6573ef9
15,1042,0.04,+/-20%,13,7539.155867802812,7756.610323008158,35f6a6573ef9
15,1042,0.04,+/-20%,14,7616.787317499427,7547.696776321913,35f6a6573ef9
15,1042,0.04,+/-20%,15,8273.256432890727,7578.128677286244,35f6a6573ef9
15,1042,0.06,NHF,1,37456.907620841856,37456.907620841856,35f6a6573ef9
15,1042,0.06,NHF,2,4518.7832420117975,4518.7832420117975,35f6a6573ef9
15,1042,0.06,NHF,3,4607.96038715434,4607.96038715434,35f6a6573ef9
15,1042,0.06,NHF,4,5240.071727833987,5240.071727833987,35f6a6573ef9
15,1042,0.06,NHF,5,5930.510404465933,5930.510404465933,35f6a6573ef9
15,1042,0.06,NHF,6,4443.313341335659,4443.313341335659,35f6a6573ef9
15,1042,0.06,NHF,7,10325.142558350493,10325.142558350493,35f6a6573ef9
15,1042,0.06,NHF,8,9327.867187813557,9327.867187813557,35f6a6573ef9
15,1042,0.06,NHF,9,16525.727859096078,16525.727859096078,35f6a6573ef9
15,1042,0.06,NHF,10,4353.715032895414,4353.715032895414,35f6a6573ef9
15,1042,0.06,NHF,11,5080.852246202679,5080.852246202679,35f6a6573ef9
15,1042,0.06,NHF,12,4531.023347843087,4531.023347843087,35f6a6573ef9
15,1042,0.06,NHF,13,10072.567339591182,10072.567339591182,35f6a6573ef9
15,1042,0.06,NHF,14,5859.7333559458975,5859.7333559458975,35f6a6573ef9
15,1042,0.06,NHF,15,10600.418034588307,10600.418034588307,35f6a6573ef9
15,1042,0.06,NDY,1,9946.748329334538,9946.748329334538,35f6a6573ef9
15,1042,0.06,NDY,2,9946.748329334541,9799.645966798475,35f6a6573ef9
15,1042,0.06,NDY,3,9946.74832933454,9682.087970649995,35f6a6573ef9
15,1042,0.06,NDY,4,9946.74832933454,9579.540909281528,35f6a6573ef9
15,1042,0.06,NDY,5,9946.74832933454,9469.07394223779,35f6a6573ef9
15,1042,0.06,NDY,6,9946.748329334541,9363.890611123163,35f6a6573ef9
15,1042,0.06,NDY,7,9946.748329334538,9255.64036434079,35f6a6573ef9
15,1042,0.06,NDY,8,9946.74832933454,9165.493974076557,35f6a6573ef9
15,1042,0.06,NDY,9,9946.74832933454,9085.483665451835,35f6a6573ef9
15,1042,0.06,NDY,10,9946.748329334538,9006.516542156289,35f6a6573ef9
15,1042,0.06,NDY,11,9946.748329334541,8941.305273728054,35f6a6573ef9
15,1042,0.06,NDY,12,9946.748329334541,8866.723272727022,35f6a6573ef9
15,1042,0.06,NDY,13,9946.748329334541,8814.316191463471,35f6a6573ef9
15,1042,0.06,NDY,14,9946.74832933454,8740.073769976016,35f6a6573ef9
15,1042,0.06,NDY,15,9946.74832933454,8656.553612274485,35f6a6573ef9
15,1042,0.06,-10%,1,15192.335248177975,15192.335248177975,35f6a6573ef9
15,1042,0.06,-10%,2,13673.101723360172,13645.795094079826,35f6a6573ef9
15,1042,0.06,-10%,3,12305.791551024158,12263.8695658928,35f6a6573ef9
15,1042,0.06,-10%,4,11075.212395921744,11003.269177563137,35f6a6573ef9
15,1042,0.06,-10%,5,9967.691156329569,9902.942260108894,35f6a6573ef9
15,1042,0.06,-10%,6,8970.922040696612,8912.648034996988,35f6a6573ef9
15,1042,0.06,-10%,7,8073.829836626952,8046.324822303355,35f6a6573ef9
15,1042,0.06,-10%,8,7266.446852964257,7241.692340686351,35f6a6573ef9
15,1042,0.06,-10%,9,6539.802167667831,6517.523106603002,35f6a6573ef9
15,1042,0.06,-10%,10,5885.82195090105,5865.770798791759,35f6a6573ef9
15,1042,0.06,-10%,11,9573.171857478239,9860.482716644648,35f6a6573ef9
15,1042,0.06,-10%,12,8615.854671730416,9581.15051924698,35f6a6573ef9
15,1042,0.06,-10%,13,9571.072550744948,8626.458943063262,35f6a6573ef9
15,1042,0.06,-10%,14,8613.965295670454,7758.626264408537,35f6a6573ef9
15,1042,0.06,-10%,15,7752.56876610341,6982.763637284724,35f6a6573ef9
15,1042,0.06,-20%,1,18627.78266884935,18627.78266884935,35f6a6573ef9
15,1042,0.06,-20%,2,14902.226135079478,14884.616693946251,35f6a6573ef9
15,1042,0.06,-20%,3,11921.780908063583,11864.532930755695,35f6a6573ef9
15,1042,0.06,-20%,4,9537.424726450869,9487.82523923434,35f6a6573ef9
15,1042,0.06,-20%,5,7629.939781160694,7590.2601885339,35f6a6573ef9
15,1042,0.06,-20%,6,6103.951824928557,6072.208153982251,35f6a6573ef9
15,1042,0.06,-20%,7,5839.013409991674,5839.013409991674,35f6a6573ef9
15,1042,0.06,-20%,8,8639.216597717608,8639.216597717608,35f6a6573ef9
15,1042,0.06,-20%,9,10626.455312354608,9969.426558434327,35f6a6573ef9
15,1042,0.06,-20%,10,8889.884555102304,9754.666948385626,35f6a6573ef9
15,1042,0.06,-20%,11,7111.9076440818435,7803.733555542672,35f6a6573ef9
15,1042,0.06,-20%,12,8167.193754873013,7232.56022973093,35f6a6573ef9
15,1042,0.06,-20%,13,6533.755003898412,6492.149123630838,35f6a6573ef9
15,1042,0.06,-20%,14,7747.177465927308,7747.177465927308,35f6a6573ef9
15,1042,0.06,-20%,15,8794.359541082264,7531.796724180671,35f6a6573ef9
15,1042,0.06,+/-10%,1,15189.582982263455,15189.582982263455,35f6a6573ef9
15,1042,0.06,+/-10%,2,13670.624684037108,13647.874913179627,35f6a6573ef9
15,1042,0.06,+/-10%,3,12303.562215633403,12260.818799681521,35f6a6573ef9
15,1042,0.06,+/-10%,4,11073.205994070056,11025.43703994147,35f6a6573ef9
15,1042,0.06,+/-10%,5,9965.885394663052,9902.375678859084,35f6a6573ef9
15,1042,0.06,+/-10%,6,8969.296855196746,8912.138115588823,35f6a6573ef9
15,1042,0.06,+/-10%,7,8072.367169677071,8044.323214455944,35f6a6573ef9
15,1042,0.06,+/-10%,8,7265.130452709364,7239.890891940091,35f6a6573ef9
15,1042,0.06,+/-10%,9,6538.617407438428,6515.901805457348,35f6a6573ef9
15,1042,0.06,+/-10%,10,6997.360112973208,7167.491985002094,35f6a6573ef9
15,1042,0.06,+/-10%,11,7697.096124270529,7884.241180388924,35f6a6573ef9
15,1042,0.06,+/-10%,12,8466.805736697583,9242.990014558492,35f6a6573ef9
15,1042,0.06,+/-10%,13,9313.486310367342,9256.62583140642,35f6a6573ef9
15,1042,0.06,+/-10%,14,9393.094494444522,8330.963247870674,35f6a6573ef9
15,1042,0.06,+/-10%,15,8453.785045000071,7215.066370678827,35f6a6573ef9
15,1042,0.06,+/-20%,1,18632.516770755374,18632.516770755374,35f6a6573ef9
15,1042,0.06,+/-20%,2,14906.013416604299,14890.35974254887,35f6a6573ef9
15,1042,0.06,+/-20%,3,11924.810733283435,11868.939480288294,35f6a6573ef9
15,1042,0.06,+/-20%,4,9539.848586626757,9489.578937174707,35f6a6573ef9
15,1042,0.06,+/-20%,5,7631.878869301403,7591.663150281076,35f6a6573ef9
15,1042,0.06,+/-20%,6,6105.503095441123,6073.330521233414,35f6a6573ef9
15,1042,0.06,+/-20%,7,6556.919086909853,6556.919088200215,35f6a6573ef9
15,1042,0.06,+/-20%,8,7868.302904291823,7868.302904901793,35f6a6573ef9
15,1042,0.06,+/-20%,9,9441.963485150189,8974.387998693719,35f6a6573ef9
15,1042,0.06,+/-20%,10,9674.110361840467,10361.463570216969,35f6a6573ef9
15,1042,0.06,+/-20%,11,7739.288289472375,8289.17085933831,35f6a6573ef9
15,1042,0.06,+/-20%,12,8495.507744035716,7606.1643554536,35f6a6573ef9
15,1042,0.06,+/-20%,13,6796.406195228574,6837.372380958064,35f6a6573ef9
15,1042,0.06,+/-20%,14,7043.379552937815,6976.263773111491,35f6a6573ef9
15,1042,0.06,+/-20%,15,8452.055463525377,6215.524841478233,35f6a6573ef9
15,2042,0.0,NHF,1,3158.7659462,3158.7659462,35f6a6573ef9
15,2042,0.0,NHF,2,1080.74405896,987.7095136533333,35f6a6573ef9
15,2042,0.0,NHF,3,6675.3096569790905,548.6457613,35f6a6573ef9
15,2042,0.0,NHF,4,6688.890774832501,7115.536280955846,35f6a6573ef9
15,2042,0.0,NHF,5,30231.407321453225,18652.520811361494,35f6a6573ef9
15,2042,0.0,NHF,6,8126.193984075014,9071.167298189224,35f6a6573ef9
15,2042,0.0,NHF,7,21064.625635892444,8319.073207877696,35f6a6573ef9
15,2042,0.0,NHF,8,9589.939077123774,13913.149500425243,35f6a6573ef9
15,2042,0.0,NHF,9,5605.225101041449,7095.223320640314,35f6a6573ef9
15,2042,0.0,NHF,10,878.61814051,11858.970662513322,35f6a6573ef9
15,2042,0.0,NHF,11,308.64844581,8814.510815100417,35f6a6573ef9
15,2042,0.0,NHF,12,431.025761495,9822.204842767607,35f6a6573ef9
15,2042,0.0,NHF,13,1651.7637270149999,7224.095959993267,35f6a6573ef9
15,2042,0.0,NHF,14,3141.361168962728,7226.2915871741925,35f6a6573ef9
15,2042,0.0,NHF,15,75242.61428213552,8820.946580290423,35f6a6573ef9
15,2042,0.0,NDY,1,3573.585655614184,3573.585655614184,35f6a6573ef9
15,2042,0.0,NDY,2,10691.506475314747,8939.186506898317,35f6a6573ef9
15,2042,0.0,NDY,3,10691.506475314747,8943.821470043013,35f6a6573ef9
15,2042,0.0,NDY,4,10691.506475314747,9085.458720475839,35f6a6573ef9
15,2042,0.0,NDY,5,10691.506475314753,10452.818373420136,35f6a6573ef9
15,2042,0.0,NDY,6,10691.50647531475,10274.465579382637,35f6a6573ef9
15,2042,0.0,NDY,7,10691.50647531475,10034.843006603365,35f6a6573ef9
15,2042,0.0,NDY,8,10691.506475314753,9883.719106837954,35f6a6573ef9
15,2042,0.0,NDY,9,10691.506475314707,9731.028805560845,35f6a6573ef9
15,2042,0.0,NDY,10,10691.50647531476,9613.589158619881,35f6a6573ef9
15,2042,0.0,NDY,11,10691.506475314764,9318.807899979734,35f6a6573ef9
15,2042,0.0,NDY,12,10691.506475314758,8982.184777743703,35f6a6573ef9
15,2042,0.0,NDY,13,10691.506475314758,8421.932090237693,35f6a6573ef9
15,2042,0.0,NDY,14,10691.506475314762,7543.836888257989,35f6a6573ef9
15,2042,0.0,NDY,15,10691.506475314756,6339.5193074159215,35f6a6573ef9
15,2042,0.0,-10%,1,4351.0075412786355,4351.0075412786355,35f6a6573ef9
15,2042,0.0,-10%,2,3915.906787150771,3929.3494259100003,35f6a6573ef9
15,2042,0.0,-10%,3,3524.316108435695,4431.740253105,35f6a6573ef9
15,2042,0.0,-10%,4,14899.503426317524,15136.888544668385,35f6a6573ef9
15,2042,0.0,-10%,5,13409.553083685765,13822.342829870087,35f6a6573ef9
15,2042,0.0,-10%,6,12068.597775317186,11838.608425335276,35f6a6573ef9
15,2042,0.0,-10%,7,10861.737997785473,10121.969335804999,35f6a6573ef9
15,2042,0.0,-10%,8,9775.564198006927,11518.29594488514,35f6a6573ef9
15,2042,0.0,-10%,9,8798.00777820623,10657.318291407613,35f6a6573ef9
15,2042,0.0,-10%,10,9153.107041703324,9002.66283233965,35f6a6573ef9
15,2042,0.0,-10%,11,12733.994414599483,7961.966042967419,35f6a6573ef9
15,2042,0.0,-10%,12,14665.989678072365,7712.424750880815,35f6a6573ef9
15,2042,0.0,-10%,13,13199.390710265123,6867.127942052652,35f6a6573ef9
15,2042,0.0,-10%,14,11879.451639238616,6044.081652294168,35f6a6573ef9
15,2042,0.0,-10%,15,10691.506475314754,6556.242078481454,35f6a6573ef9
15,2042,0.0,-20%,1,4870.712712619964,4870.712712619964,35f6a6573ef9
15,2042,0.0,-20%,2,3896.570170095971,3394.8252318299997,35f6a6573ef9
15,2042,0.0,-20%,3,3117.256136076777,4431.740253105,35f6a6573ef9
15,2042,0.0,-20%,4,13869.980404694306,13070.864632425004,35f6a6573ef9
15,2042,0.0,-20%,5,16070.80180876002,17096.56376822768,35f6a6573ef9
15,2042,0.0,-20%,6,12856.641447008014,10348.72846355918,35f6a6573ef9
15,2042,0.0,-20%,7,10285.313157606412,10340.858357652283,35f6a6573ef9
15,2042,0.0,-20%,8,8228.250526085129,8805.669271501934,35f6a6573ef9
15,2042,0.0,-20%,9,7832.7772353184,10156.676920325135,35f6a6573ef9
15,2042,0.0,-20%,10,9538.321862084365,10272.370080679751,35f6a6573ef9
15,2042,0.0,-20%,11,8478.949660877322,11309.282523064066,35f6a6573ef9
15,2042,0.0,-20%,12,14465.978739288901,7288.281726799554,35f6a6573ef9
15,2042,0.0,-20%,13,16705.4788676793,7364.072198722942,35f6a6573ef9
15,2042,0.0,-20%,14,13364.383094143443,6209.8268368189665,35f6a6573ef9
15,2042,0.0,-20%,15,10691.506475314756,6622.760210047119,35f6a6573ef9
15,2042,0.0,+/-10%,1,6477.343968731844,6477.343968731844,35f6a6573ef9
15,2042,0.0,+/-10%,2,7125.078365605029,7266.093005892051,35f6a6573ef9
15,2042,0.0,+/-10%,3,7837.586202165532,8755.355714583045,35f6a6573ef9
15,2042,0.0,+/-10%,4,8621.344822382083,10125.703129853993,35f6a6573ef9
15,2042,0.0,+/-10%,5,9483.479304620294,11675.412913850963,35f6a6573ef9
15,2042,0.0,+/-10%,6,10431.827235082323,9708.7481912127,35f6a6573ef9
15,2042,0.0,+/-10%,7,11172.800901023711,9622.247766963606,35f6a6573ef9
15,2042,0.0,+/-10%,8,10055.520810921342,10459.399565480959,35f6a6573ef9
15,2042,0.0,+/-10%,9,10322.314336955353,10122.510585179,35f6a6573ef9
15,2042,0.0,+/-10%,10,11354.545770650888,9437.702539324526,35f6a6573ef9
15,2042,0.0,+/-10%,11,12490.000347715979,9207.927091791196,35f6a6573ef9
15,2042,0.0,+/-10%,12,13739.000382487578,8455.14322361983,35f6a6573ef9
15,2042,0.0,+/-10%,13,13199.390710265128,7278.540687402941,35f6a6573ef9
15,2042,0.0,+/-10%,14,11879.451639238618,7571.690701039874,35f6a6573ef9
15,2042,0.0,+/-10%,15,10691.506475314756,8905.31047484239,35f6a6573ef9
15,2042,0.0,+/-20%,1,5301.609704961866,5301.609704961866,35f6a6573ef9
15,2042,0.0,+/-20%,2,6361.931645954238,6351.476260501256,35f6a6573ef9
15,2042,0.0,+/-20%,3,7634.317975145086,8923.729211757258,35f6a6573ef9
15,2042,0.0,+/-20%,4,9161.181570174102,10818.782132073904,35f6a6573ef9
15,2042,0.0,+/-20%,5,10993.417884208926,12554.846698090918,35f6a6573ef9
15,2042,0.0,+/-20%,6,13192.101461050706,9446.166987372797,35f6a6573ef9
15,2042,0.0,+/-20%,7,10553.681168840572,9841.299105551752,35f6a6573ef9
15,2042,0.0,+/-20%,8,8442.944935072454,9876.73402064064,35f6a6573ef9
15,2042,0.0,+/-20%,9,8989.000670467636,10047.162346056264,35f6a6573ef9
15,2042,0.0,+/-20%,10,9513.336989426442,9260.942515229526,35f6a6573ef9
15,2042,0.0,+/-20%,11,11188.056928030155,9406.76733811204,35f6a6573ef9
15,2042,0.0,+/-20%,12,13425.668313636192,8421.252010864555,35f6a6573ef9
15,2042,0.0,+/-20%,13,16110.801976363424,7688.712489772943,35f6a6573ef9
15,2042,0.0,+/-20%,14,13364.383094143453,7336.198740908634,35f6a6573ef9
15,2042,0.0,+/-20%,15,10691.506475314756,8818.010791966411,35f6a6573ef9
15,2042,0.02,NHF,1,32782.3902533128,32782.3902533128,35f6a6573ef9
15,2042,0.02,NHF,2,3819.156573167447,3921.0787606557365,35f6a6573ef9
15,2042,0.02,NHF,3,7989.993676723628,7640.529060748025,35f6a6573ef9
15,2042,0.02,NHF,4,2892.9672269542716,5397.453160051801,35f6a6573ef9
15,2042,0.02,NHF,5,16550.175547952997,13936.154912164746,35f6a6573ef9
15,2042,0.02,NHF,6,3683.6796264005707,3683.6796264005707,35f6a6573ef9
15,2042,0.02,NHF,7,9581.50962071754,9581.509620717541,35f6a6573ef9
15,2042,0.02,NHF,8,8861.08047737976,8861.080477379763,35f6a6573ef9
15,2042,0.02,NHF,9,10702.673074854494,10284.913386073533,35f6a6573ef9
15,2042,0.02,NHF,10,3522.8293135282447,4086.1456896076033,35f6a6573ef9
15,2042,0.02,NHF,11,5874.423589807359,8781.078443918925,35f6a6573ef9
15,2042,0.02,NHF,12,5978.08740695331,6165.492978434194,35f6a6573ef9
15,2042,0.02,NHF,13,16509.155295936616,15882.632952513279,35f6a6573ef9
15,2042,0.02,NHF,14,7010.091489805292,3375.6225323620224,35f6a6573ef9
15,2042,0.02,NHF,15,11297.783900185548,9490.766906789495,35f6a6573ef9
15,2042,0.02,NDY,1,10172.076914576042,10172.076914576042,35f6a6573ef9
15,2042,0.02,NDY,2,10172.076914576044,10073.365873160961,35f6a6573ef9
15,2042,0.02,NDY,3,10172.07691457604,9982.295781822906,35f6a6573ef9
15,2042,0.02,NDY,4,10172.076914576039,9892.791433207674,35f6a6573ef9
15,2042,0.02,NDY,5,10172.076914576042,9802.15880053441,35f6a6573ef9
15,2042,0.02,NDY,6,10172.07691457604,9712.216667801911,35f6a6573ef9
15,2042,0.02,NDY,7,10172.07691457604,9630.669005051699,35f6a6573ef9
15,2042,0.02,NDY,8,10172.076914576039,9561.857164174451,35f6a6573ef9
15,2042,0.02,NDY,9,10172.076914576042,9490.140487559094,35f6a6573ef9
15,2042,0.02,NDY,10,10172.076914576037,9429.168236220428,35f6a6573ef9
15,2042,0.02,NDY,11,10172.07691457604,9368.728140717423,35f6a6573ef9
15,2042,0.02,NDY,12,10172.07691457604,9309.273707898985,35f6a6573ef9
15,2042,0.02,NDY,13,10172.07691457604,9254.161761347223,35f6a6573ef9
15,2042,0.02,NDY,14,10172.076914576037,9197.901227249873,35f6a6573ef9
15,2042,0.02,NDY,15,10172.07691457604,9149.665191427977,35f6a6573ef9
15,2042,0.02,-10%,1,15446.19477692459,15446.19477692459,35f6a6573ef9
15,2042,0.02,-10%,2,13901.575299232114,13902.456974087761,35f6a6573ef9
15,2042,0.02,-10%,3,12511.417769308926,12511.913466682236,35f6a6573ef9
15,2042,0.02,-10%,4,11260.275992378007,11230.820878504452,35f6a6573ef9
15,2042,0.02,-10%,5,10134.248393140211,10081.755483678153,35f6a6573ef9
15,2042,0.02,-10%,6,9120.823553826209,9072.517860307024,35f6a6573ef9
15,2042,0.02,-10%,7,8208.741198443582,8165.266072304988,35f6a6573ef9
15,2042,0.02,-10%,8,7387.867078599214,7388.159783732431,35f6a6573ef9
15,2042,0.02,-10%,9,6649.080370739303,6649.343806138761,35f6a6573ef9
15,2042,0.02,-10%,10,5984.17233366538,6133.097517780456,35f6a6573ef9
15,2042,0.02,-10%,11,7814.0849524487785,8391.12735171908,35f6a6573ef9
15,2042,0.02,-10%,12,10679.901715322814,9525.510566719215,35f6a6573ef9
15,2042,0.02,-10%,13,9611.911543790531,9664.902871166092,35f6a6573ef9
15,2042,0.02,-10%,14,8650.7203894115,8697.673496885613,35f6a6573ef9
15,2042,0.02,-10%,15,7785.648350470309,7829.786375564361,35f6a6573ef9
15,2042,0.02,-20%,1,18951.061992235267,18951.061992235267,35f6a6573ef9
15,2042,0.02,-20%,2,15160.849593788214,15134.5187195814,35f6a6573ef9
15,2042,0.02,-20%,3,12128.679675030573,12090.946795680813,35f6a6573ef9
15,2042,0.02,-20%,4,9702.943740024457,9658.205211487342,35f6a6573ef9
15,2042,0.02,-20%,5,7762.354992019568,7724.449609441246,35f6a6573ef9
15,2042,0.02,-20%,6,6209.883993615653,6179.559686540145,35f6a6573ef9
15,2042,0.02,-20%,7,8501.909965166153,8501.909965166153,35f6a6573ef9
15,2042,0.02,-20%,8,7125.860323677878,7242.24104473261,35f6a6573ef9
15,2042,0.02,-20%,9,5700.688258942303,6831.733678374271,35f6a6573ef9
15,2042,0.02,-20%,10,9589.76314589868,8884.35301449396,35f6a6573ef9
15,2042,0.02,-20%,11,8801.067944582486,7817.069784965299,35f6a6573ef9
15,2042,0.02,-20%,12,11181.907201893102,9985.987503604147,35f6a6573ef9
15,2042,0.02,-20%,13,8945.52576151448,10016.704992559597,35f6a6573ef9
15,2042,0.02,-20%,14,7156.420609211586,8013.363992834362,35f6a6573ef9
15,2042,0.02,-20%,15,7195.548148529538,7337.025924220577,35f6a6573ef9
15,2042,0.02,+/-10%,1,15409.971482476109,15409.971482476109,35f6a6573ef9
15,2042,0.02,+/-10%,2,13868.974334228502,13871.10526516939,35f6a6573ef9
15,2042,0.02,+/-10%,3,12482.076900805652,12495.96068396379,35f6a6573ef9
15,2042,0.02,+/-10%,4,11233.869210725084,11219.236692211436,35f6a6573ef9
15,2042,0.02,+/-10%,5,10110.482289652577,10073.605611696836,35f6a6573ef9
15,2042,0.02,+/-10%,6,9099.434060687323,9067.81509203056,35f6a6573ef9
15,2042,0.02,+/-10%,7,8189.490654618589,8161.033587969613,35f6a6573ef9
15,2042,0.02,+/-10%,8,7370.541589156732,7371.674053967518,35f6a6573ef9
15,2042,0.02,+/-10%,9,6633.487430241056,6634.506649080714,35f6a6573ef9
15,2042,0.02,+/-10%,10,7296.836173265165,7220.0827369018925,35f6a6573ef9
15,2042,0.02,+/-10%,11,8026.519790591681,7942.091010703509,35f6a6573ef9
15,2042,0.02,+/-10%,12,8829.17176965085,8736.300110224622,35f6a6573ef9
15,2042,0.02,+/-10%,13,9712.088946615937,9582.484205889952,35f6a6573ef9
15,2042,0.02,+/-10%,14,8871.631445170175,8639.528648947817,35f6a6573ef9
15,2042,0.02,+/-10%,15,7984.468300653156,7656.549348771133,35f6a6573ef9
15,2042,0.02,+/-20%,1,18959.175521664336,18959.175521664336,35f6a6573ef9
15,2042,0.02,+/-20%,2,15167.340417331474,15141.727788764603,35f6a6573ef9
15,2042,0.02,+/-20%,3,12133.872333865178,12086.491430006765,35f6a6573ef9
15,2042,0.02,+/-20%,4,9707.097867092141,9636.985980409621,35f6a6573ef9
15,2042,0.02,+/-20%,5,7765.678293673715,7747.1464278051535,35f6a6573ef9
15,2042,0.02,+/-20%,6,6212.542634938971,6197.717140394387,35f6a6573ef9
15,2042,0.02,+/-20%,7,7455.051161926764,7455.051158875034,35f6a6573ef9
15,2042,0.02,+/-20%,8,8289.099847971995,8289.099851023724,35f6a6573ef9
15,2042,0.02,+/-20%,9,6735.183120374029,7459.829571309832,35f6a6573ef9
15,2042,0.02,+/-20%,10,8082.219744448837,8329.187994163343,35f6a6573ef9
15,2042,0.02,+/-20%,11,9255.486637747974,8261.004461213939,35f6a6573ef9
15,2042,0.02,+/-20%,12,11106.583965297568,9913.205353871155,35f6a6573ef9
15,2042,0.02,+/-20%,13,8885.267172238053,9544.667660517862,35f6a6573ef9
15,2042,0.02,+/-20%,14,7108.213737790445,7635.7341313530305,35f6a6573ef9
15,2042,0.02,+/-20%,15,7144.028016877896,6962.22626553992,35f6a6573ef9
15,2042,0.04,NHF,1,37011.258299480214,37011.258299480214,35f6a6573ef9
15,2042,0.04,NHF,2,5333.423381144739,5333.423381144739,35f6a6573ef9
15,2042,0.04,NHF,3,6398.126365442604,6398.126365442604,35f6a6573ef9
15,2042,0.04,NHF,4,5698.544146620123,5698.544146620123,35f6a6573ef9
15,2042,0.04,NHF,5,4431.673060097527,4431.673060097527,35f6a6573ef9
15,2042,0.04,NHF,6,3683.6796264005707,3683.6796264005707,35f6a6573ef9
15,2042,0.04,NHF,7,9970.542350829915,9970.542350829915,35f6a6573ef9
15,2042,0.04,NHF,8,10349.396766572885,10349.396766572885,35f6a6573ef9
15,2042,0.04,NHF,9,12423.487218623482,12423.487218623484,35f6a6573ef9
15,2042,0.04,NHF,10,6966.2859670404205,6966.2859670404205,35f6a6573ef9
15,2042,0.04,NHF,11,5928.675067307864,5928.675067307864,35f6a6573ef9
15,2042,0.04,NHF,12,7569.837908080364,7569.837908080364,35f6a6573ef9
15,2042,0.04,NHF,13,10823.661000302278,10823.661000302282,35f6a6573ef9
15,2042,0.04,NHF,14,4021.359222232593,4021.359222232593,35f6a6573ef9
15,2042,0.04,NHF,15,10071.944084426254,10071.944084426255,35f6a6573ef9
15,2042,0.04,NDY,1,10116.756030083028,10116.756030083028,35f6a6573ef9
15,2042,0.04,NDY,2,10116.75603008303,9988.85945439591,35f6a6573ef9
15,2042,0.04,NDY,3,10116.756030083028,9888.481115088109,35f6a6573ef9
15,2042,0.04,NDY,4,10116.756030083026,9779.85320556819,35f6a6573ef9
15,2042,0.04,NDY,5,10116.756030083026,9650.234126608291,35f6a6573ef9
15,2042,0.04,NDY,6,10116.756030083028,9548.097553340343,35f6a6573ef9
15,2042,0.04,NDY,7,10116.75603008303,9463.54960899588,35f6a6573ef9
15,2042,0.04,NDY,8,10116.756030083028,9379.071056994791,35f6a6573ef9
15,2042,0.04,NDY,9,10116.75603008303,9294.992684293284,35f6a6573ef9
15,2042,0.04,NDY,10,10116.756030083028,9221.07414496841,35f6a6573ef9
15,2042,0.04,NDY,11,10116.75603008303,9143.73843840548,35f6a6573ef9
15,2042,0.04,NDY,12,10116.75603008303,9061.251837766664,35f6a6573ef9
15,2042,0.04,NDY,13,10116.75603008303,9002.395416945334,35f6a6573ef9
15,2042,0.04,NDY,14,10116.756030083026,8944.363436962745,35f6a6573ef9
15,2042,0.04,NDY,15,10116.756030083028,8874.73156612119,35f6a6573ef9
15,2042,0.04,-10%,1,15431.500897542424,15431.500897542424,35f6a6573ef9
15,2042,0.04,-10%,2,13888.350807788183,13883.207318188224,35f6a6573ef9
15,2042,0.04,-10%,3,12499.515727009364,12488.36476142675,35f6a6573ef9
15,2042,0.04,-10%,4,11249.564154308428,11232.014779818228,35f6a6573ef9
15,2042,0.04,-10%,5,10124.607738877585,10091.508000834403,35f6a6573ef9
15,2042,0.04,-10%,6,9112.14696498983,9082.355400876111,35f6a6573ef9
15,2042,0.04,-10%,7,8200.932268490842,8174.119857057662,35f6a6573ef9
15,2042,0.04,-10%,8,7380.839041641761,7374.254508964933,35f6a6573ef9
15,2042,0.04,-10%,9,6642.755137477585,6636.829060750008,35f6a6573ef9
15,2042,0.04,-10%,10,5978.479623729824,5973.1461542254565,35f6a6573ef9
15,2042,0.04,-10%,11,6950.761247486058,7510.393679562889,35f6a6573ef9
15,2042,0.04,-10%,12,10918.666818428714,10614.326721919633,35f6a6573ef9
15,2042,0.04,-10%,13,9826.800136585842,9547.11942952318,35f6a6573ef9
15,2042,0.04,-10%,14,8844.12012292726,8578.71868148287,35f6a6573ef9
15,2042,0.04,-10%,15,7959.708110634533,7720.179436318907,35f6a6573ef9
15,2042,0.04,-20%,1,18949.900720282738,18949.900720282738,35f6a6573ef9
15,2042,0.04,-20%,2,15159.92057622619,15154.414394846555,35f6a6573ef9
15,2042,0.04,-20%,3,12127.93646098095,12123.530343101545,35f6a6573ef9
15,2042,0.04,-20%,4,9702.349168784764,9689.566834069808,35f6a6573ef9
15,2042,0.04,-20%,5,7761.879335027809,7750.305572945956,35f6a6573ef9
15,2042,0.04,-20%,6,6209.503468022248,6200.244457715057,35f6a6573ef9
15,2042,0.04,-20%,7,7385.246392047333,7385.246392047333,35f6a6573ef9
15,2042,0.04,-20%,8,7639.203423230347,8013.549295390899,35f6a6573ef9
15,2042,0.04,-20%,9,7298.3609403732125,6573.3858405722185,35f6a6573ef9
15,2042,0.04,-20%,10,9404.93605418696,9455.176271765187,35f6a6573ef9
15,2042,0.04,-20%,11,7710.607033874874,8429.339054407079,35f6a6573ef9
15,2042,0.04,-20%,12,10800.932110079382,10633.38761783152,35f6a6573ef9
15,2042,0.04,-20%,13,9028.203034697603,9028.467540139629,35f6a6573ef9
15,2042,0.04,-20%,14,7222.562427758083,7222.774031416491,35f6a6573ef9
15,2042,0.04,-20%,15,7453.806386766518,6632.2795411632205,35f6a6573ef9
15,2042,0.04,+/-10%,1,15405.51803899456,15405.51803899456,35f6a6573ef9
15,2042,0.04,+/-10%,2,13864.9662350951,13853.94402891372,35f6a6573ef9
15,2042,0.04,+/-10%,3,12478.469611585568,12465.789950903829,35f6a6573ef9
15,2042,0.04,+/-10%,4,11230.622650427034,11219.210955153094,35f6a6573ef9
15,2042,0.04,+/-10%,5,10107.56038538432,10097.289860359988,35f6a6573ef9
15,2042,0.04,+/-10%,6,9096.804346845895,9087.560885358233,35f6a6573ef9
15,2042,0.04,+/-10%,7,8187.12391216131,8178.804786889394,35f6a6573ef9
15,2042,0.04,+/-10%,8,7368.411520945176,7360.924308784069,35f6a6573ef9
15,2042,0.04,+/-10%,9,6631.570368850653,6624.831879655592,35f6a6573ef9
15,2042,0.04,+/-10%,10,6843.138015292564,6930.978582169155,35f6a6573ef9
15,2042,0.04,+/-10%,11,7527.451816821828,7624.076438885542,35f6a6573ef9
15,2042,0.04,+/-10%,12,8280.196998504001,8386.484082984241,35f6a6573ef9
15,2042,0.04,+/-10%,13,9108.21669835441,10072.045909163962,35f6a6573ef9
15,2042,0.04,+/-10%,14,10019.038368189867,8993.853582707548,35f6a6573ef9
15,2042,0.04,+/-10%,15,9267.994785018338,8013.579627928113,35f6a6573ef9
15,2042,0.04,+/-20%,1,18948.547029522168,18948.547029522168,35f6a6573ef9
15,2042,0.04,+/-20%,2,15158.837623617732,15157.635321698863,35f6a6573ef9
15,2042,0.04,+/-20%,3,12127.070098894184,12125.805678862589,35f6a6573ef9
15,2042,0.04,+/-20%,4,9701.656079115353,9693.947044146178,35f6a6573ef9
15,2042,0.04,+/-20%,5,7761.3248632922805,7748.182563673633,35f6a6573ef9
15,2042,0.04,+/-20%,6,6209.059890633825,6198.5460505997,35f6a6573ef9
15,2042,0.04,+/-20%,7,7094.061446063814,7094.06144773188,35f6a6573ef9
15,2042,0.04,+/-20%,8,8319.421099326239,8035.684284501272,35f6a6573ef9
15,2042,0.04,+/-20%,9,7156.792029870867,7448.76485254145,35f6a6573ef9
15,2042,0.04,+/-20%,10,8588.15043584504,8783.668432308321,35f6a6573ef9
15,2042,0.04,+/-20%,11,8671.989144646663,8661.8936589753,35f6a6573ef9
15,2042,0.04,+/-20%,12,10406.386973575994,10394.272387126504,35f6a6573ef9
15,2042,0.04,+/-20%,13,9186.953126842413,8903.615909244676,35f6a6573ef9
15,2042,0.04,+/-20%,14,7349.562501473931,7122.892726259067,35f6a6573ef9
15,2042,0.04,+/-20%,15,6950.946205063284,6827.858212097969,35f6a6573ef9
15,2042,0.06,NHF,1,37011.258299480214,37011.258299480214,35f6a6573ef9
15,2042,0.06,NHF,2,5333.423381144739,5333.423381144739,35f6a6573ef9
15,2042,0.06,NHF,3,6398.126365442604,6398.126365442604,35f6a6573ef9
15,2042,0.06,NHF,4,5698.544146620123,5698.544146620123,35f6a6573ef9
15,2042,0.06,NHF,5,4431.673060097527,4431.673060097527,35f6a6573ef9
15,2042,0.06,NHF,6,3683.6796264005707,3683.6796264005707,35f6a6573ef9
15,2042,0.06,NHF,7,9970.542350829915,9970.542350829915,35f6a6573ef9
15,2042,0.06,NHF,8,10349.396766572885,10349.396766572885,35f6a6573ef9
15,2042,0.06,NHF,9,12423.487218623482,12423.487218623484,35f6a6573ef9
15,2042,0.06,NHF,10,6966.2859670404205,6966.2859670404205,35f6a6573ef9
15,2042,0.06,NHF,11,5928.675067307864,5928.675067307864,35f6a6573ef9
15,2042,0.06,NHF,12,7569.837908080364,7569.837908080364,35f6a6573ef9
15,2042,0.06,NHF,13,10823.661000302278,10823.661000302282,35f6a6573ef9
15,2042,0.06,NHF,14,4021.359222232593,4021.359222232593,35f6a6573ef9
15,2042,0.06,NHF,15,10071.944084426254,10071.944084426255,35f6a6573ef9
15,2042,0.06,NDY,1,10013.183575767109,10013.183575767109,35f6a6573ef9
15,2042,0.06,NDY,2,10013.18357576711,9878.24488473205,35f6a6573ef9
15,2042,0.06,NDY,3,10013.18357576711,9738.514283877157,35f6a6573ef9
15,2042,0.06,NDY,4,10013.183575767107,9624.15280218255,35f6a6573ef9
15,2042,0.06,NDY,5,10013.18357576711,9509.046545595429,35f6a6573ef9
15,2042,0.06,NDY,6,10013.183575767107,9419.854079364242,35f6a6573ef9
15,2042,0.06,NDY,7,10013.183575767107,9305.253619788906,35f6a6573ef9
15,2042,0.06,NDY,8,10013.183575767107,9210.507519774848,35f6a6573ef9
15,2042,0.06,NDY,9,10013.183575767109,9129.20417924076,35f6a6573ef9
15,2042,0.06,NDY,10,10013.183575767107,9061.781952200436,35f6a6573ef9
15,2042,0.06,NDY,11,10013.183575767109,9004.926870103025,35f6a6573ef9
15,2042,0.06,NDY,12,10013.183575767107,8936.646954631922,35f6a6573ef9
15,2042,0.06,NDY,13,10013.183575767109,8885.586517523534,35f6a6573ef9
15,2042,0.06,NDY,14,10013.183575767109,8808.658700848478,35f6a6573ef9
15,2042,0.06,NDY,15,10013.183575767105,8748.034282320636,35f6a6573ef9
15,2042,0.06,-10%,1,15352.329645358206,15352.329645358206,35f6a6573ef9
15,2042,0.06,-10%,2,13817.096680822387,13789.529670839878,35f6a6573ef9
15,2042,0.06,-10%,3,12435.387012740146,12383.860247876453,35f6a6573ef9
15,2042,0.06,-10%,4,11191.848311466134,11119.23851592723,35f6a6573ef9
15,2042,0.06,-10%,5,10072.66348031952,9983.607190699338,35f6a6573ef9
15,2042,0.06,-10%,6,9065.397132287571,8985.246475390855,35f6a6573ef9
15,2042,0.06,-10%,7,8158.8574190588115,8086.721831167752,35f6a6573ef9
15,2042,0.06,-10%,8,7342.971677152933,7312.545637912212,35f6a6573ef9
15,2042,0.06,-10%,9,6608.674509437638,6581.291073746087,35f6a6573ef9
15,2042,0.06,-10%,10,5947.807058493874,5923.161965855886,35f6a6573ef9
15,2042,0.06,-10%,11,7593.0089807602,8268.467750655966,35f6a6573ef9
15,2042,0.06,-10%,12,10818.326529670303,10421.047134179787,35f6a6573ef9
15,2042,0.06,-10%,13,9736.49387670327,9387.795374423185,35f6a6573ef9
15,2042,0.06,-10%,14,8762.844489032947,8446.822746912185,35f6a6573ef9
15,2042,0.06,-10%,15,7886.560040129654,7599.342176291853,35f6a6573ef9
15,2042,0.06,-20%,1,18908.237250889764,18908.237250889764,35f6a6573ef9
15,2042,0.06,-20%,2,15126.589800711818,15106.689097321585,35f6a6573ef9
15,2042,0.06,-20%,3,12101.271840569452,12063.482601944557,35f6a6573ef9
15,2042,0.06,-20%,4,9681.017472455564,9620.022223468539,35f6a6573ef9
15,2042,0.06,-20%,5,7744.81397796445,7693.536152982416,35f6a6573ef9
15,2042,0.06,-20%,6,6195.85118237156,6154.828919209194,35f6a6573ef9
15,2042,0.06,-20%,7,5759.688335549066,5759.688335549066,35f6a6573ef9
15,2042,0.06,-20%,8,8826.183400047425,8826.183400047425,35f6a6573ef9
15,2042,0.06,-20%,9,9388.883509564323,8790.400974895925,35f6a6573ef9
15,2042,0.06,-20%,10,8610.754201900165,9476.029237558252,35f6a6573ef9
15,2042,0.06,-20%,11,7597.292111064713,7979.60150682659,35f6a6573ef9
15,2042,0.06,-20%,12,10293.706330179424,8621.28659040984,35f6a6573ef9
15,2042,0.06,-20%,13,8426.195739489427,9084.953314547307,35f6a6573ef9
15,2042,0.06,-20%,14,6740.956591591541,7267.962654706207,35f6a6573ef9
15,2042,0.06,-20%,15,7505.955968935314,6932.889299424142,35f6a6573ef9
15,2042,0.06,+/-10%,1,15352.723691748575,15352.723691748575,35f6a6573ef9
15,2042,0.06,+/-10%,2,13817.451322573721,13785.793605503157,35f6a6573ef9
15,2042,0.06,+/-10%,3,12435.706190316347,12368.334758225328,35f6a6573ef9
15,2042,0.06,+/-10%,4,11192.135571284714,11125.525731809526,35f6a6573ef9
15,2042,0.06,+/-10%,5,10072.922014156244,9980.469220960997,35f6a6573ef9
15,2042,0.06,+/-10%,6,9065.62981274062,8982.422295307864,35f6a6573ef9
15,2042,0.06,+/-10%,7,8159.066831466555,8084.180066696308,35f6a6573ef9
15,2042,0.06,+/-10%,8,7343.160148319904,7303.3779917439,35f6a6573ef9
15,2042,0.06,+/-10%,9,6608.844133487912,6573.040194030944,35f6a6573ef9
15,2042,0.06,+/-10%,10,6253.004937004993,6790.4028453189485,35f6a6573ef9
15,2042,0.06,+/-10%,11,6878.305430705494,7469.4431318850775,35f6a6573ef9
15,2042,0.06,+/-10%,12,7566.135973776043,10170.83152227722,35f6a6573ef9
15,2042,0.06,+/-10%,13,8322.749571153649,9619.430621809004,35f6a6573ef9
15,2042,0.06,+/-10%,14,9155.024528269012,8657.487558492521,35f6a6573ef9
15,2042,0.06,+/-10%,15,10070.526981095916,7699.856237790121,35f6a6573ef9
15,2042,0.06,+/-20%,1,18909.624510798636,18909.624510798636,35f6a6573ef9
15,2042,0.06,+/-20%,2,15127.699608638914,15098.88693781583,35f6a6573ef9
15,2042,0.06,+/-20%,3,12102.159686911129,12051.4889392103,35f6a6573ef9
15,2042,0.06,+/-20%,4,9681.727749528907,9622.922158837253,35f6a6573ef9
15,2042,0.06,+/-20%,5,7745.3821996231245,7695.856101203786,35f6a6573ef9
15,2042,0.06,+/-20%,6,6196.305759698499,6156.684881701436,35f6a6573ef9
15,2042,0.06,+/-20%,7,6460.588811229644,6460.588811229645,35f6a6573ef9
15,2042,0.06,+/-20%,8,7752.706573475574,7752.706571063764,35f6a6573ef9
15,2042,0.06,+/-20%,9,8978.710969156597,8610.308951044331,35f6a6573ef9
15,2042,0.06,+/-20%,10,9602.447405983508,10004.610622539649,35f6a6573ef9
15,2042,0.06,+/-20%,11,7681.957924786808,8003.688498999871,35f6a6573ef9
15,2042,0.06,+/-20%,12,9218.34950974417,8749.783268278572,35f6a6573ef9
15,2042,0.06,+/-20%,13,8878.927712114606,8901.741251380161,35f6a6573ef9
15,2042,0.06,+/-20%,14,7103.142169691684,7121.393004763724,35f6a6573ef9
15,2042,0.06,+/-20%,15,7812.108704144379,7245.2345224393675,35f6a6573ef9
15,3042,0.0,NHF,1,2975.386482363333,2975.386482363333,35f6a6573ef9
15,3042,0.0,NHF,2,338.28302637999997,596.8687633066667,35f6a6573ef9
15,3042,0.0,NHF,3,6372.282736618465,111.86938749999999,35f6a6573ef9
15,3042,0.0,NHF,4,5985.8198053525,8278.1974324467,35f6a6573ef9
15,3042,0.0,NHF,5,29765.455227345108,16978.153145940152,35f6a6573ef9
15,3042,0.0,NHF,6,8908.668480707098,8430.926086891637,35f6a6573ef9
15,3042,0.0,NHF,7,20646.062586981516,7709.176101843322,35f6a6573ef9
15,3042,0.0,NHF,8,9959.220568514313,10683.672045189292,35f6a6573ef9
15,3042,0.0,NHF,9,6833.256313585622,9014.81910633029,35f6a6573ef9
15,3042,0.0,NHF,10,226.83358535999997,10992.807830134061,35f6a6573ef9
15,3042,0.0,NHF,11,529.88044668,9662.999628722484,35f6a6573ef9
15,3042,0.0,NHF,12,1471.6946404174998,12000.66390222663,35f6a6573ef9
15,3042,0.0,NHF,13,1748.0573615775002,9586.076885523073,35f6a6573ef9
15,3042,0.0,NHF,14,5243.733637052501,7682.0743336783635,35f6a6573ef9
15,3042,0.0,NHF,15,73548.91485431515,9561.774435457572,35f6a6573ef9
15,3042,0.0,NDY,1,1066.851676794214,1066.851676794214,35f6a6573ef9
15,3042,0.0,NDY,2,10924.781597986173,9076.968156045505,35f6a6573ef9
15,3042,0.0,NDY,3,10924.781597986179,9141.45170979834,35f6a6573ef9
15,3042,0.0,NDY,4,10924.78159798617,9232.01923383953,35f6a6573ef9
15,3042,0.0,NDY,5,10924.781597986175,10715.04496564263,35f6a6573ef9
15,3042,0.0,NDY,6,10924.781597986173,10517.083241906606,35f6a6573ef9
15,3042,0.0,NDY,7,10924.781597986175,10279.938570965045,35f6a6573ef9
15,3042,0.0,NDY,8,10924.781597986175,10210.645611589347,35f6a6573ef9
15,3042,0.0,NDY,9,10924.781597986173,9954.58007119549,35f6a6573ef9
15,3042,0.0,NDY,10,10924.781597986177,9817.065292607218,35f6a6573ef9
15,3042,0.0,NDY,11,10924.781597986179,9527.81790210382,35f6a6573ef9
15,3042,0.0,NDY,12,10924.781597986177,9207.780852006763,35f6a6573ef9
15,3042,0.0,NDY,13,10924.781597986179,9110.195867797134,35f6a6573ef9
15,3042,0.0,NDY,14,10924.781597986173,8462.405525845266,35f6a6573ef9
15,3042,0.0,NDY,15,10924.781597986173,7696.808774965536,35f6a6573ef9
15,3042,0.0,-10%,1,3133.298972745547,3133.298972745547,35f6a6573ef9
15,3042,0.0,-10%,2,2819.9690754709927,2382.72665135,35f6a6573ef9
15,3042,0.0,-10%,3,4877.00915368976,4967.279676163459,35f6a6573ef9
15,3042,0.0,-10%,4,14684.003048371838,15232.061045942273,35f6a6573ef9
15,3042,0.0,-10%,5,13215.602743534659,14469.080070921193,35f6a6573ef9
15,3042,0.0,-10%,6,11894.042469181191,12497.048612215223,35f6a6573ef9
15,3042,0.0,-10%,7,10704.638222263071,10386.203591023788,35f6a6573ef9
15,3042,0.0,-10%,8,9634.174400036765,10238.158060951677,35f6a6573ef9
15,3042,0.0,-10%,9,8670.75696003309,11115.01021927307,35f6a6573ef9
15,3042,0.0,-10%,10,10282.50099364021,8807.64950269684,35f6a6573ef9
15,3042,0.0,-10%,11,13479.160675751022,8683.146406632932,35f6a6573ef9
15,3042,0.0,-10%,12,14985.982987635354,8779.024772264233,35f6a6573ef9
15,3042,0.0,-10%,13,13487.384688871822,7774.375821111118,35f6a6573ef9
15,3042,0.0,-10%,14,12138.64621998464,6723.733053655001,35f6a6573ef9
15,3042,0.0,-10%,15,10924.781597986172,6231.643587519286,35f6a6573ef9
15,3042,0.0,-20%,1,3294.64470187,3294.64470187,35f6a6573ef9
15,3042,0.0,-20%,2,2635.715761496,2216.7441704,35f6a6573ef9
15,3042,0.0,-20%,3,2507.5212118953914,6073.093155052424,35f6a6573ef9
15,3042,0.0,-20%,4,15307.080274935317,11827.225016484997,35f6a6573ef9
15,3042,0.0,-20%,5,15840.150348261555,17502.85338728536,35f6a6573ef9
15,3042,0.0,-20%,6,12672.120278609242,11790.394445596265,35f6a6573ef9
15,3042,0.0,-20%,7,10137.696222887393,8958.628596413115,35f6a6573ef9
15,3042,0.0,-20%,8,8110.156978309915,9849.643081411576,35f6a6573ef9
15,3042,0.0,-20%,9,8731.78087225299,9344.75354335549,35f6a6573ef9
15,3042,0.0,-20%,10,10615.60679613041,10816.872640235211,35f6a6573ef9
15,3042,0.0,-20%,11,10633.294347445357,10906.024454903376,35f6a6573ef9
15,3042,0.0,-20%,12,12810.165626174154,9497.185895963754,35f6a6573ef9
15,3042,0.0,-20%,13,17069.971246853394,7639.858658579904,35f6a6573ef9
15,3042,0.0,-20%,14,13655.97699748272,6809.946673946867,35f6a6573ef9
15,3042,0.0,-20%,15,10924.781597986172,7771.775444088693,35f6a6573ef9
15,3042,0.0,+/-10%,1,6282.460025983367,6282.460025983367,35f6a6573ef9
15,3042,0.0,+/-10%,2,6910.706028581703,7153.462237095539,35f6a6573ef9
15,3042,0.0,+/-10%,3,7601.776631439874,7989.356639078218,35f6a6573ef9
15,3042,0.0,+/-10%,4,8361.954294583864,9605.841356787192,35f6a6573ef9
15,3042,0.0,+/-10%,5,9198.149724042252,11207.144697387956,35f6a6573ef9
15,3042,0.0,+/-10%,6,10117.964696446477,10038.95820110211,35f6a6573ef9
15,3042,0.0,+/-10%,7,10883.34101141558,9935.422022209696,35f6a6573ef9
15,3042,0.0,+/-10%,8,9858.861344577117,11193.107164763018,35f6a6573ef9
15,3042,0.0,+/-10%,9,10844.747479034839,10579.989635652473,35f6a6573ef9
15,3042,0.0,+/-10%,10,11929.22222693832,9785.811711521259,35f6a6573ef9
15,3042,0.0,+/-10%,11,13122.144449632155,9353.800190040729,35f6a6573ef9
15,3042,0.0,+/-10%,12,14434.358894595367,8308.722686714586,35f6a6573ef9
15,3042,0.0,+/-10%,13,13487.38468887182,8224.362168037147,35f6a6573ef9
15,3042,0.0,+/-10%,14,12138.64621998464,7626.211761865173,35f6a6573ef9
15,3042,0.0,+/-10%,15,10924.781597986172,8680.906227659798,35f6a6573ef9
15,3042,0.0,+/-20%,1,5151.784805618094,5151.784805618094,35f6a6573ef9
15,3042,0.0,+/-20%,2,6182.141766741713,6268.115893035153,35f6a6573ef9
15,3042,0.0,+/-20%,3,7418.570120090054,7963.547466474932,35f6a6573ef9
15,3042,0.0,+/-20%,4,8902.284144108064,10231.136598465355,35f6a6573ef9
15,3042,0.0,+/-20%,5,10682.740972929676,13303.801649937954,35f6a6573ef9
15,3042,0.0,+/-20%,6,12819.289167515613,8627.492128432938,35f6a6573ef9
15,3042,0.0,+/-20%,7,10255.431334012492,9312.386810966742,35f6a6573ef9
15,3042,0.0,+/-20%,8,8204.345067209992,10217.692535857514,35f6a6573ef9
15,3042,0.0,+/-20%,9,9845.214080651993,11625.248032588646,35f6a6573ef9
15,3042,0.0,+/-20%,10,11189.804628600159,10069.951932956119,35f6a6573ef9
15,3042,0.0,+/-20%,11,11242.423377725252,10095.491011793256,35f6a6573ef9
15,3042,0.0,+/-20%,12,13490.908053270301,8360.15804338556,35f6a6573ef9
15,3042,0.0,+/-20%,13,16189.089663924364,8842.913078995458,35f6a6573ef9
15,3042,0.0,+/-20%,14,13655.976997482718,6922.078205777444,35f6a6573ef9
15,3042,0.0,+/-20%,15,10924.781597986172,8024.0317875100645,35f6a6573ef9
15,3042,0.02,NHF,1,31821.91073438964,31821.91073438964,35f6a6573ef9
15,3042,0.02,NHF,2,3186.88877858749,4586.73427741085,35f6a6573ef9
15,3042,0.02,NHF,3,6389.0392428427485,5236.3968514997105,35f6a6573ef9
15,3042,0.02,NHF,4,4015.551737464795,4479.4607616924195,35f6a6573ef9
15,3042,0.02,NHF,5,16436.334014030628,15221.841586747936,35f6a6573ef9
15,3042,0.02,NHF,6,5935.732167319752,5935.732167319752,35f6a6573ef9
15,3042,0.02,NHF,7,10822.38185722145,10822.38185722145,35f6a6573ef9
15,3042,0.02,NHF,8,9333.943010249093,9333.943010249093,35f6a6573ef9
15,3042,0.02,NHF,9,10941.450088135245,11422.077744163882,35f6a6573ef9
15,3042,0.02,NHF,10,2186.2551118625856,2485.428393361952,35f6a6573ef9
15,3042,0.02,NHF,11,4428.370301889647,6737.122591014414,35f6a6573ef9
15,3042,0.02,NHF,12,6116.888959228883,4678.185663265444,35f6a6573ef9
15,3042,0.02,NHF,13,15564.14475820548,16766.764406896316,35f6a6573ef9
15,3042,0.02,NHF,14,7650.452779155465,4213.567103144025,35f6a6573ef9
15,3042,0.02,NHF,15,13129.121105472963,10608.757709733058,35f6a6573ef9
15,3042,0.02,NDY,1,10195.33145854372,10195.33145854372,35f6a6573ef9
15,3042,0.02,NDY,2,10195.33145854372,10098.44055934454,35f6a6573ef9
15,3042,0.02,NDY,3,10195.33145854372,10012.82746590273,35f6a6573ef9
15,3042,0.02,NDY,4,10195.331458543717,9931.956709785693,35f6a6573ef9
15,3042,0.02,NDY,5,10195.33145854372,9845.224540849125,35f6a6573ef9
15,3042,0.02,NDY,6,10195.331458543718,9769.20607499527,35f6a6573ef9
15,3042,0.02,NDY,7,10195.331458543718,9692.046127143454,35f6a6573ef9
15,3042,0.02,NDY,8,10195.33145854372,9621.746037702753,35f6a6573ef9
15,3042,0.02,NDY,9,10195.33145854372,9552.180652547811,35f6a6573ef9
15,3042,0.02,NDY,10,10195.331458543718,9492.43387917021,35f6a6573ef9
15,3042,0.02,NDY,11,10195.331458543724,9438.054839210256,35f6a6573ef9
15,3042,0.02,NDY,12,10195.33145854372,9381.702350894288,35f6a6573ef9
15,3042,0.02,NDY,13,10195.331458543717,9320.626370099415,35f6a6573ef9
15,3042,0.02,NDY,14,10195.331458543718,9269.084627574086,35f6a6573ef9
15,3042,0.02,NDY,15,10195.33145854372,9221.405910807493,35f6a6573ef9
15,3042,0.02,-10%,1,15329.129803298705,15329.129803298705,35f6a6573ef9
15,3042,0.02,-10%,2,13796.216822968832,13786.163394009684,35f6a6573ef9
15,3042,0.02,-10%,3,12416.59514067195,12378.468903656463,35f6a6573ef9
15,3042,0.02,-10%,4,11174.935626604756,11124.108281946395,35f6a6573ef9
15,3042,0.02,-10%,5,10057.442063944274,10002.974728683088,35f6a6573ef9
15,3042,0.02,-10%,6,9051.69785754985,9002.638392181912,35f6a6573ef9
15,3042,0.02,-10%,7,8171.913072072966,8171.913072170615,35f6a6573ef9
15,3042,0.02,-10%,8,7354.721764865669,7669.082676206823,35f6a6573ef9
15,3042,0.02,-10%,9,6619.2495883791025,7162.598692813354,35f6a6573ef9
15,3042,0.02,-10%,10,7952.076988386926,8011.831749811422,35f6a6573ef9
15,3042,0.02,-10%,11,7661.488025338291,7210.6485742746745,35f6a6573ef9
15,3042,0.02,-10%,12,9960.6092687792,7757.285281051847,35f6a6573ef9
15,3042,0.02,-10%,13,9229.032828994248,10151.668849245929,35f6a6573ef9
15,3042,0.02,-10%,14,8306.129546094824,9136.50196419312,35f6a6573ef9
15,3042,0.02,-10%,15,7776.90352103117,8222.85176881161,35f6a6573ef9
15,3042,0.02,-20%,1,18550.19381483006,18550.19381483006,35f6a6573ef9
15,3042,0.02,-20%,2,14840.155051864056,14434.271409919695,35f6a6573ef9
15,3042,0.02,-20%,3,11872.12404149125,11029.956626308269,35f6a6573ef9
15,3042,0.02,-20%,4,9497.69923319299,9032.990683997781,35f6a6573ef9
15,3042,0.02,-20%,5,7877.646794463051,9203.134873407553,35f6a6573ef9
15,3042,0.02,-20%,6,6302.117435570441,7362.507894324753,35f6a6573ef9
15,3042,0.02,-20%,7,8457.375319330866,8457.375318493308,35f6a6573ef9
15,3042,0.02,-20%,8,8729.648385503402,8729.64838569704,35f6a6573ef9
15,3042,0.02,-20%,9,7020.944094390428,7838.489274588545,35f6a6573ef9
15,3042,0.02,-20%,10,9658.79449558672,8078.441150089902,35f6a6573ef9
15,3042,0.02,-20%,11,7727.035596469377,6462.752921977276,35f6a6573ef9
15,3042,0.02,-20%,12,8060.46515415439,8701.882024794864,35f6a6573ef9
15,3042,0.02,-20%,13,9029.059084764122,9869.077326356508,35f6a6573ef9
15,3042,0.02,-20%,14,7223.247267811307,7895.261860244593,35f6a6573ef9
15,3042,0.02,-20%,15,9162.517642728348,8608.454215286327,35f6a6573ef9
15,3042,0.02,+/-10%,1,15330.396201545713,15330.396201545713,35f6a6573ef9
15,3042,0.02,+/-10%,2,13797.356581391135,13786.193195772921,35f6a6573ef9
15,3042,0.02,+/-10%,3,12417.620923252023,12382.989514046261,35f6a6573ef9
15,3042,0.02,+/-10%,4,11175.858830926823,11135.427722805338,35f6a6573ef9
15,3042,0.02,+/-10%,5,10058.272947834137,10013.534866557204,35f6a6573ef9
15,3042,0.02,+/-10%,6,9052.445653050725,9012.18138002453,35f6a6573ef9
15,3042,0.02,+/-10%,7,8168.570244153165,8168.570244820743,35f6a6573ef9
15,3042,0.02,+/-10%,8,7351.71321973785,7400.008257629582,35f6a6573ef9
15,3042,0.02,+/-10%,9,6816.688712867398,7138.641574054231,35f6a6573ef9
15,3042,0.02,+/-10%,10,7498.357584154141,8052.389968129383,35f6a6573ef9
15,3042,0.02,+/-10%,11,8248.193342569555,7665.395795829362,35f6a6573ef9
15,3042,0.02,+/-10%,12,9073.012676826507,8431.935377491862,35f6a6573ef9
15,3042,0.02,+/-10%,13,9567.59399319116,9627.948734746758,35f6a6573ef9
15,3042,0.02,+/-10%,14,8610.834593872045,8665.153862981913,35f6a6573ef9
15,3042,0.02,+/-10%,15,7749.751134484841,7801.67876871778,35f6a6573ef9
15,3042,0.02,+/-20%,1,18426.43287356547,18426.43287356547,35f6a6573ef9
15,3042,0.02,+/-20%,2,14741.14629885238,14503.381123782956,35f6a6573ef9
15,3042,0.02,+/-20%,3,11792.9170390819,11092.524811705838,35f6a6573ef9
15,3042,0.02,+/-20%,4,9434.333631265523,9083.04523041404,35f6a6573ef9
15,3042,0.02,+/-20%,5,8029.26609574897,9202.730871218135,35f6a6573ef9
15,3042,0.02,+/-20%,6,6827.962986344753,7362.1846990947515,35f6a6573ef9
15,3042,0.02,+/-20%,7,8193.555583613703,8193.555582766245,35f6a6573ef9
15,3042,0.02,+/-20%,8,8752.768151389599,8752.76815306092,35f6a6573ef9
15,3042,0.02,+/-20%,9,7628.121357483141,8107.552082298588,35f6a6573ef9
15,3042,0.02,+/-20%,10,9153.745628979768,8122.811687140247,35f6a6573ef9
15,3042,0.02,+/-20%,11,7353.7895570385,6820.8935294341645,35f6a6573ef9
15,3042,0.02,+/-20%,12,8321.25947233303,8185.072234709726,35f6a6573ef9
15,3042,0.02,+/-20%,13,8970.011938078344,9871.344844615309,35f6a6573ef9
15,3042,0.02,+/-20%,14,7487.1459558799925,7897.0758770616585,35f6a6573ef9
15,3042,0.02,+/-20%,15,8984.575147055988,8281.937933745214,35f6a6573ef9
15,3042,0.04,NHF,1,35804.12755765492,35804.12755765492,35f6a6573ef9
15,3042,0.04,NHF,2,5154.1211382338,5154.1211382338,35f6a6573ef9
15,3042,0.04,NHF,3,5809.520680006824,5809.520680006824,35f6a6573ef9
15,3042,0.04,NHF,4,4780.314955598092,4780.314955598092,35f6a6573ef9
15,3042,0.04,NHF,5,5059.110903782723,5059.110903782723,35f6a6573ef9
15,3042,0.04,NHF,6,5935.732167319752,5935.732167319752,35f6a6573ef9
15,3042,0.04,NHF,7,11417.743859508068,11417.743859508068,35f6a6573ef9
15,3042,0.04,NHF,8,10416.789777913365,10416.789777913365,35f6a6573ef9
15,3042,0.04,NHF,9,13906.756692400406,13906.756692400406,35f6a6573ef9
15,3042,0.04,NHF,10,4744.312232902646,4744.312232902646,35f6a6573ef9
15,3042,0.04,NHF,11,4688.837089094559,4688.837089094559,35f6a6573ef9
15,3042,0.04,NHF,12,5410.010410680387,5410.010410680387,35f6a6573ef9
15,3042,0.04,NHF,13,12256.815605959735,12256.815605959735,35f6a6573ef9
15,3042,0.04,NHF,14,4562.562741560013,4562.562741560013,35f6a6573ef9
15,3042,0.04,NHF,15,11512.38350544558,11512.383505445578,35f6a6573ef9
15,3042,0.04,NDY,1,10131.166966190844,10131.166966190844,35f6a6573ef9
15,3042,0.04,NDY,2,10131.166966190842,10025.394196747984,35f6a6573ef9
15,3042,0.04,NDY,3,10131.166966190842,9921.027282000643,35f6a6573ef9
15,3042,0.04,NDY,4,10131.166966190842,9822.427155212725,35f6a6573ef9
15,3042,0.04,NDY,5,10131.166966190844,9726.066699619083,35f6a6573ef9
15,3042,0.04,NDY,6,10131.16696619084,9627.45888082165,35f6a6573ef9
15,3042,0.04,NDY,7,10131.166966190842,9543.896323741954,35f6a6573ef9
15,3042,0.04,NDY,8,10131.16696619084,9460.138917112106,35f6a6573ef9
15,3042,0.04,NDY,9,10131.16696619084,9381.356976319192,35f6a6573ef9
15,3042,0.04,NDY,10,10131.16696619084,9312.541613300873,35f6a6573ef9
15,3042,0.04,NDY,11,10131.166966190838,9228.705767531355,35f6a6573ef9
15,3042,0.04,NDY,12,10131.166966190836,9154.264614665028,35f6a6573ef9
15,3042,0.04,NDY,13,10131.166966190836,9087.039619257399,35f6a6573ef9
15,3042,0.04,NDY,14,10131.166966190836,9023.925494178575,35f6a6573ef9
15,3042,0.04,NDY,15,10131.166966190836,8963.874738488712,35f6a6573ef9
15,3042,0.04,-10%,1,15316.065856550895,15316.065856550895,35f6a6573ef9
15,3042,0.04,-10%,2,13784.459270895817,13783.12400248523,35f6a6573ef9
15,3042,0.04,-10%,3,12406.013343806204,12388.249966706391,35f6a6573ef9
15,3042,0.04,-10%,4,11165.412009425623,11150.503279484174,35f6a6573ef9
15,3042,0.04,-10%,5,10048.87080848304,10031.13531122431,35f6a6573ef9
15,3042,0.04,-10%,6,9043.983727634737,9028.021780305839,35f6a6573ef9
15,3042,0.04,-10%,7,8139.585354871262,8138.796891595048,35f6a6573ef9
15,3042,0.04,-10%,8,7325.626819384137,7324.91720429721,35f6a6573ef9
15,3042,0.04,-10%,9,6593.0641374457255,6592.425481765142,35f6a6573ef9
15,3042,0.04,-10%,10,7529.718151589116,7986.547816618713,35f6a6573ef9
15,3042,0.04,-10%,11,9257.374246853275,9098.54250382674,35f6a6573ef9
15,3042,0.04,-10%,12,8331.63682216795,8188.688256436851,35f6a6573ef9
15,3042,0.04,-10%,13,9508.852277666974,9261.930657281078,35f6a6573ef9
15,3042,0.04,-10%,14,8557.96704990031,8333.631465998296,35f6a6573ef9
15,3042,0.04,-10%,15,7702.170344910262,7500.277025836977,35f6a6573ef9
15,3042,0.04,-20%,1,18641.255231623338,18641.255231623338,35f6a6573ef9
15,3042,0.04,-20%,2,14913.004185298669,14904.641032097425,35f6a6573ef9
15,3042,0.04,-20%,3,11930.403348238931,11923.374517831984,35f6a6573ef9
15,3042,0.04,-20%,4,9544.322678591147,9538.69961321057,35f6a6573ef9
15,3042,0.04,-20%,5,7635.458142872918,7630.9596895096765,35f6a6573ef9
15,3042,0.04,-20%,6,6108.366514298336,6104.767755009752,35f6a6573ef9
15,3042,0.04,-20%,7,7221.816963709858,7221.816963709858,35f6a6573ef9
15,3042,0.04,-20%,8,9016.417766077362,9016.417766077362,35f6a6573ef9
15,3042,0.04,-20%,9,8986.26723713494,9083.05319946552,35f6a6573ef9
15,3042,0.04,-20%,10,9251.951906858912,9170.601028610308,35f6a6573ef9
15,3042,0.04,-20%,11,7401.561525487129,7599.988885895594,35f6a6573ef9
15,3042,0.04,-20%,12,8284.55579621885,7738.906971964119,35f6a6573ef9
15,3042,0.04,-20%,13,8336.042811237372,8537.485461499125,35f6a6573ef9
15,3042,0.04,-20%,14,6668.834248989897,6829.988372824069,35f6a6573ef9
15,3042,0.04,-20%,15,8945.733684299847,8522.507939838479,35f6a6573ef9
15,3042,0.04,+/-10%,1,15314.837011795094,15314.837011795094,35f6a6573ef9
15,3042,0.04,+/-10%,2,13783.353310615585,13778.17690950868,35f6a6573ef9
15,3042,0.04,+/-10%,3,12405.017979554026,12387.437743135084,35f6a6573ef9
15,3042,0.04,+/-10%,4,11164.516181598623,11148.693979412534,35f6a6573ef9
15,3042,0.04,+/-10%,5,10048.064563438758,10033.855264331007,35f6a6573ef9
15,3042,0.04,+/-10%,6,9043.258107094884,9030.46973687888,35f6a6573ef9
15,3042,0.04,+/-10%,7,8138.932296385397,8135.875679831828,35f6a6573ef9
15,3042,0.04,+/-10%,8,7325.039066746857,7322.288117452145,35f6a6573ef9
15,3042,0.04,+/-10%,9,6850.440870390914,6891.550308447154,35f6a6573ef9
15,3042,0.04,+/-10%,10,7535.484957430007,7580.7053471556965,35f6a6573ef9
15,3042,0.04,+/-10%,11,8289.033453173008,8349.137424784145,35f6a6573ef9
15,3042,0.04,+/-10%,12,9117.936798490307,9149.705290915637,35f6a6573ef9
15,3042,0.04,+/-10%,13,9470.135279279662,9184.43704135926,35f6a6573ef9
15,3042,0.04,+/-10%,14,8523.121751351697,8244.645775670639,35f6a6573ef9
15,3042,0.04,+/-10%,15,7670.809576216527,7420.181197298312,35f6a6573ef9
15,3042,0.04,+/-20%,1,18640.219440596156,18640.219440596156,35f6a6573ef9
15,3042,0.04,+/-20%,2,14912.175552476925,14903.967142937152,35f6a6573ef9
15,3042,0.04,+/-20%,3,11929.740441981538,11922.867353303824,35f6a6573ef9
15,3042,0.04,+/-20%,4,9543.792353585231,9538.231105450173,35f6a6573ef9
15,3042,0.04,+/-20%,5,7635.033882868185,7630.584886189885,35f6a6573ef9
15,3042,0.04,+/-20%,6,6108.027106294549,6104.664940254753,35f6a6573ef9
15,3042,0.04,+/-20%,7,7329.632527553458,7329.632526471438,35f6a6573ef9
15,3042,0.04,+/-20%,8,8795.559033064148,8785.72922828572,35f6a6573ef9
15,3042,0.04,+/-20%,9,8909.96458475985,9210.618843688511,35f6a6573ef9
15,3042,0.04,+/-20%,10,9456.732812485589,9165.908359417375,35f6a6573ef9
15,3042,0.04,+/-20%,11,7591.85648074849,7600.447136890866,35f6a6573ef9
15,3042,0.04,+/-20%,12,8078.825756875518,7738.448720968847,35f6a6573ef9
15,3042,0.04,+/-20%,13,7920.7285109061395,8545.17333780518,35f6a6573ef9
15,3042,0.04,+/-20%,14,7207.804942821379,6836.138672542344,35f6a6573ef9
15,3042,0.04,+/-20%,15,8649.365931385655,8520.57973279978,35f6a6573ef9
15,3042,0.06,NHF,1,35804.12755765492,35804.12755765492,35f6a6573ef9
15,3042,0.06,NHF,2,5154.1211382338,5154.1211382338,35f6a6573ef9
15,3042,0.06,NHF,3,5809.520680006824,5809.520680006824,35f6a6573ef9
15,3042,0.06,NHF,4,4780.314955598092,4780.314955598092,35f6a6573ef9
15,3042,0.06,NHF,5,5059.110903782723,5059.110903782723,35f6a6573ef9
15,3042,0.06,NHF,6,5935.732167319752,5935.732167319752,35f6a6573ef9
15,3042,0.06,NHF,7,11417.743859508068,11417.743859508068,35f6a6573ef9
15,3042,0.06,NHF,8,10416.789777913365,10416.789777913365,35f6a6573ef9
15,3042,0.06,NHF,9,13906.756692400406,13906.756692400406,35f6a6573ef9
15,3042,0.06,NHF,10,4744.312232902646,4744.312232902646,35f6a6573ef9
15,3042,0.06,NHF,11,4688.837089094559,4688.837089094559,35f6a6573ef9
15,3042,0.06,NHF,12,5410.010410680387,5410.010410680387,35f6a6573ef9
15,3042,0.06,NHF,13,12256.815605959735,12256.815605959735,35f6a6573ef9
15,3042,0.06,NHF,14,4562.562741560013,4562.562741560013,35f6a6573ef9
15,3042,0.06,NHF,15,11512.38350544558,11512.383505445578,35f6a6573ef9
15,3042,0.06,NDY,1,10053.03708904522,10053.03708904522,35f6a6573ef9
15,3042,0.06,NDY,2,10053.03708904522,9920.992137624242,35f6a6573ef9
15,3042,0.06,NDY,3,10053.03708904522,9813.572461792406,35f6a6573ef9
15,3042,0.06,NDY,4,10053.03708904522,9715.661771386585,35f6a6573ef9
15,3042,0.06,NDY,5,10053.037089045221,9600.936896032672,35f6a6573ef9
15,3042,0.06,NDY,6,10053.03708904522,9514.149054203439,35f6a6573ef9
15,3042,0.06,NDY,7,10053.037089045221,9417.388891016344,35f6a6573ef9
15,3042,0.06,NDY,8,10053.03708904522,9321.681940688903,35f6a6573ef9
15,3042,0.06,NDY,9,10053.03708904522,9248.398503871626,35f6a6573ef9
15,3042,0.06,NDY,10,10053.03708904522,9179.250210159957,35f6a6573ef9
15,3042,0.06,NDY,11,10053.03708904522,9111.441609524607,35f6a6573ef9
15,3042,0.06,NDY,12,10053.03708904522,9038.255991459757,35f6a6573ef9
15,3042,0.06,NDY,13,10053.03708904522,8977.371615168722,35f6a6573ef9
15,3042,0.06,NDY,14,10053.037089045218,8912.867236004073,35f6a6573ef9
15,3042,0.06,NDY,15,10053.03708904522,8849.395242186982,35f6a6573ef9
15,3042,0.06,-10%,1,15242.585043691368,15242.585043691368,35f6a6573ef9
15,3042,0.06,-10%,2,13718.32653932223,13698.414459635582,35f6a6573ef9
15,3042,0.06,-10%,3,12346.493885390011,12294.577072341825,35f6a6573ef9
15,3042,0.06,-10%,4,11111.84449685101,11054.667781090297,35f6a6573ef9
15,3042,0.06,-10%,5,10000.660047165904,9949.201005222048,35f6a6573ef9
15,3042,0.06,-10%,6,9000.594042449316,8954.280904808038,35f6a6573ef9
15,3042,0.06,-10%,7,8100.534638204386,8088.776752955224,35f6a6573ef9
15,3042,0.06,-10%,8,7290.481174383947,7279.899080293004,35f6a6573ef9
15,3042,0.06,-10%,9,6561.433056945552,6551.9091754028195,35f6a6573ef9
15,3042,0.06,-10%,10,8574.619076338759,8508.92019540384,35f6a6573ef9
15,3042,0.06,-10%,11,7999.684700203319,8606.649096315214,35f6a6573ef9
15,3042,0.06,-10%,12,8135.675535391831,8213.751517668743,35f6a6573ef9
15,3042,0.06,-10%,13,9771.029900002097,9175.629014007509,35f6a6573ef9
15,3042,0.06,-10%,14,8793.926910001886,8255.267829424532,35f6a6573ef9
15,3042,0.06,-10%,15,7914.534219001702,7429.129154164321,35f6a6573ef9
15,3042,0.06,-20%,1,18607.875707197072,18607.875707197072,35f6a6573ef9
15,3042,0.06,-20%,2,14886.300565757661,14845.93757588389,35f6a6573ef9
15,3042,0.06,-20%,3,11909.040452606128,11859.553103595847,35f6a6573ef9
15,3042,0.06,-20%,4,9527.232362084904,9487.64248266629,35f6a6573ef9
15,3042,0.06,-20%,5,7621.7858896679245,7590.113987856554,35f6a6573ef9
15,3042,0.06,-20%,6,6097.42871173434,6072.091187159753,35f6a6573ef9
15,3042,0.06,-20%,7,6563.759294042602,6563.759294042602,35f6a6573ef9
15,3042,0.06,-20%,8,8868.73996684299,8482.38513063532,35f6a6573ef9
15,3042,0.06,-20%,9,10957.06077428133,11134.445770537663,35f6a6573ef9
15,3042,0.06,-20%,10,8765.648619425066,9153.148313356229,35f6a6573ef9
15,3042,0.06,-20%,11,7012.518895540053,7322.518658907405,35f6a6573ef9
15,3042,0.06,-20%,12,8054.77901393647,7596.406515255918,35f6a6573ef9
15,3042,0.06,-20%,13,7785.960358668481,7706.6720581283935,35f6a6573ef9
15,3042,0.06,-20%,14,6517.141451638854,6165.337648341184,35f6a6573ef9
15,3042,0.06,-20%,15,9065.521926585003,8749.16342069369,35f6a6573ef9
15,3042,0.06,+/-10%,1,15246.023090872595,15246.023090872595,35f6a6573ef9
15,3042,0.06,+/-10%,2,13721.420781785333,13691.258956493999,35f6a6573ef9
15,3042,0.06,+/-10%,3,12349.278703606802,12283.419208444573,35f6a6573ef9
15,3042,0.06,+/-10%,4,11114.350833246119,11047.794248398708,35f6a6573ef9
15,3042,0.06,+/-10%,5,10002.915749921503,9942.484940462202,35f6a6573ef9
15,3042,0.06,+/-10%,6,9002.624174929357,8948.236449258022,35f6a6573ef9
15,3042,0.06,+/-10%,7,8102.361757436422,8084.551501348225,35f6a6573ef9
15,3042,0.06,+/-10%,8,7292.12558169278,7276.09635354812,35f6a6573ef9
15,3042,0.06,+/-10%,9,6843.031454270644,7066.299873860235,35f6a6573ef9
15,3042,0.06,+/-10%,10,7527.334599697709,7772.929862591717,35f6a6573ef9
15,3042,0.06,+/-10%,11,8280.06805966748,8550.222845419723,35f6a6573ef9
15,3042,0.06,+/-10%,12,8829.380818118289,8501.236028378402,35f6a6573ef9
15,3042,0.06,+/-10%,13,9712.318899930118,9298.0683186322,35f6a6573ef9
15,3042,0.06,+/-10%,14,8741.087009937106,8368.26148837514,35f6a6573ef9
15,3042,0.06,+/-10%,15,7866.978308943397,7409.182442026418,35f6a6573ef9
15,3042,0.06,+/-20%,1,18610.17948189311,18610.17948189311,35f6a6573ef9
15,3042,0.06,+/-20%,2,14888.143585514483,14851.345645449868,35f6a6573ef9
15,3042,0.06,+/-20%,3,11910.514868411583,11862.089861858121,35f6a6573ef9
15,3042,0.06,+/-20%,4,9528.41189472927,9489.671888666175,35f6a6573ef9
15,3042,0.06,+/-20%,5,7622.729515783416,7591.737507796706,35f6a6573ef9
15,3042,0.06,+/-20%,6,6098.1836126267335,6073.390007979752,35f6a6573ef9
15,3042,0.06,+/-20%,7,7054.9523386863875,7054.952337421912,35f6a6573ef9
15,3042,0.06,+/-20%,8,8465.942806423665,8414.887676677119,35f6a6573ef9
15,3042,0.06,+/-20%,9,10159.131367708394,9865.511295900964,35f6a6573ef9
15,3042,0.06,+/-20%,10,9284.53811714355,9640.131973165917,35f6a6573ef9
15,3042,0.06,+/-20%,11,7427.630493714835,7712.10557701621,35f6a6573ef9
15,3042,0.06,+/-20%,12,7785.077981763141,7565.074822553015,35f6a6573ef9
15,3042,0.06,+/-20%,13,7192.094035357117,7971.751930183116,35f6a6573ef9
15,3042,0.06,+/-20%,14,7503.796917444897,6377.401547942982,35f6a6573ef9
15,3042,0.06,+/-20%,15,9004.55630093388,7763.403383651716,35f6a6573ef9
15,4042,0.0,NHF,1,2862.6561406133333,2862.6561406133333,35f6a6573ef9
15,4042,0.0,NHF,2,886.6684464025,711.5570182933334,35f6a6573ef9
15,4042,0.0,NHF,3,8649.31509741784,624.1644057999999,35f6a6573ef9
15,4042,0.0,NHF,4,5215.921618947499,7694.989052056059,35f6a6573ef9
15,4042,0.0,NHF,5,28438.466729552565,16514.483313430905,35f6a6573ef9
15,4042,0.0,NHF,6,9205.379381950908,8144.427738699741,35f6a6573ef9
15,4042,0.0,NHF,7,23184.598029082546,10276.280476127979,35f6a6573ef9
15,4042,0.0,NHF,8,7735.896963786816,13760.122063310491,35f6a6573ef9
15,4042,0.0,NHF,9,6433.42902266537,10126.611875890181,35f6a6573ef9
15,4042,0.0,NHF,10,712.68831995,7515.650410792022,35f6a6573ef9
15,4042,0.0,NHF,11,234.20155314999997,9655.679571784516,35f6a6573ef9
15,4042,0.0,NHF,12,184.41871204,9841.377867194664,35f6a6573ef9
15,4042,0.0,NHF,13,1908.7346986475,8448.271636659536,35f6a6573ef9
15,4042,0.0,NHF,14,5115.539201995454,9165.346471780282,35f6a6573ef9
15,4042,0.0,NHF,15,74560.40467156403,8550.609085210996,35f6a6573ef9
15,4042,0.0,NDY,1,2402.9210297301956,2402.9210297301956,35f6a6573ef9
15,4042,0.0,NDY,2,10845.454739135213,9073.60699816086,35f6a6573ef9
15,4042,0.0,NDY,3,10845.454739135212,9018.825605821059,35f6a6573ef9
15,4042,0.0,NDY,4,10845.45473913521,9032.517623769227,35f6a6573ef9
15,4042,0.0,NDY,5,10845.454739135212,10627.096197694993,35f6a6573ef9
15,4042,0.0,NDY,6,10845.454739135213,10424.837212443901,35f6a6573ef9
15,4042,0.0,NDY,7,10845.454739135215,10169.516754947861,35f6a6573ef9
15,4042,0.0,NDY,8,10845.454739135213,10048.163875631815,35f6a6573ef9
15,4042,0.0,NDY,9,10845.454739135212,9845.263504335937,35f6a6573ef9
15,4042,0.0,NDY,10,10845.454739135212,9554.48485443064,35f6a6573ef9
15,4042,0.0,NDY,11,10845.454739135212,9318.077536464578,35f6a6573ef9
15,4042,0.0,NDY,12,10845.454739135212,9150.937986235545,35f6a6573ef9
15,4042,0.0,NDY,13,10845.454739135208,8750.00240008221,35f6a6573ef9
15,4042,0.0,NDY,14,10845.454739135206,8701.984662318751,35f6a6573ef9
15,4042,0.0,NDY,15,10845.454739135208,8102.435778845687,35f6a6573ef9
15,4042,0.0,-10%,1,4488.691441336656,4488.691441336656,35f6a6573ef9
15,4042,0.0,-10%,2,4039.8222972029903,3238.8386103864746,35f6a6573ef9
15,4042,0.0,-10%,3,3635.840067482691,5207.382429578346,35f6a6573ef9
15,4042,0.0,-10%,4,15030.064717870384,14236.883008468816,35f6a6573ef9
15,4042,0.0,-10%,5,13527.058246083348,14098.264033697238,35f6a6573ef9
15,4042,0.0,-10%,6,12174.352421475016,13006.384274052363,35f6a6573ef9
15,4042,0.0,-10%,7,10956.91717932751,10711.329855866445,35f6a6573ef9
15,4042,0.0,-10%,8,9861.225461394763,9162.210645618332,35f6a6573ef9
15,4042,0.0,-10%,9,8875.102915255286,11152.540684880123,35f6a6573ef9
15,4042,0.0,-10%,10,7987.592623729757,8924.083315701966,35f6a6573ef9
15,4042,0.0,-10%,11,13387.624425035126,9294.727167650939,35f6a6573ef9
15,4042,0.0,-10%,12,14877.166994698504,5762.412046537371,35f6a6573ef9
15,4042,0.0,-10%,13,13389.450295228653,7652.345570991745,35f6a6573ef9
15,4042,0.0,-10%,14,12050.505265705786,6173.654995104999,35f6a6573ef9
15,4042,0.0,-10%,15,10845.45473913521,6981.705043836841,35f6a6573ef9
15,4042,0.0,-20%,1,4276.83246734,4276.83246734,35f6a6573ef9
15,4042,0.0,-20%,2,3519.7215411428856,3363.4707200974995,35f6a6573ef9
15,4042,0.0,-20%,3,2815.7772329143086,5601.8663899725,35f6a6573ef9
15,4042,0.0,-20%,4,13461.181445988981,10835.398997669998,35f6a6573ef9
15,4042,0.0,-20%,5,17047.92981708582,17884.293929488216,35f6a6573ef9
15,4042,0.0,-20%,6,13638.343853668657,12683.098875088408,35f6a6573ef9
15,4042,0.0,-20%,7,10910.675082934924,11315.689899114304,35f6a6573ef9
15,4042,0.0,-20%,8,8728.54006634794,9389.335181843331,35f6a6573ef9
15,4042,0.0,-20%,9,6982.832053078351,7410.195176707914,35f6a6573ef9
15,4042,0.0,-20%,10,8365.36802568667,11701.368120274878,35f6a6573ef9
15,4042,0.0,-20%,11,10400.18489950346,10446.671410541205,35f6a6573ef9
15,4042,0.0,-20%,12,13698.307773244615,5387.685873867372,35f6a6573ef9
15,4042,0.0,-20%,13,16946.023029898763,6854.052995367983,35f6a6573ef9
15,4042,0.0,-20%,14,13556.818423919012,6347.3635297559695,35f6a6573ef9
15,4042,0.0,-20%,15,10845.454739135208,6840.20225649556,35f6a6573ef9
15,4042,0.0,+/-10%,1,6571.39043995453,6571.39043995453,35f6a6573ef9
15,4042,0.0,+/-10%,2,7228.529483949984,7300.630420600943,35f6a6573ef9
15,4042,0.0,+/-10%,3,7951.382432344981,8271.776583506928,35f6a6573ef9
15,4042,0.0,+/-10%,4,8746.52067557948,9860.281822380033,35f6a6573ef9
15,4042,0.0,+/-10%,5,9621.172743137431,12340.93109392547,35f6a6573ef9
15,4042,0.0,+/-10%,6,10583.290017451174,10437.724347127772,35f6a6573ef9
15,4042,0.0,+/-10%,7,11003.172718098513,9717.2780400265,35f6a6573ef9
15,4042,0.0,+/-10%,8,9902.85544628866,9488.862873823333,35f6a6573ef9
15,4042,0.0,+/-10%,9,10366.642914044893,8938.561501584963,35f6a6573ef9
15,4042,0.0,+/-10%,10,11403.307205449382,10275.456530495205,35f6a6573ef9
15,4042,0.0,+/-10%,11,12543.63792599432,9562.872385083598,35f6a6573ef9
15,4042,0.0,+/-10%,12,13798.001718593756,7185.723221016414,35f6a6573ef9
15,4042,0.0,+/-10%,13,13389.450295228657,7984.880369621746,35f6a6573ef9
15,4042,0.0,+/-10%,14,12050.50526570579,8543.74863343263,35f6a6573ef9
15,4042,0.0,+/-10%,15,10845.45473913521,9241.722930084401,35f6a6573ef9
15,4042,0.0,+/-20%,1,5399.006480835846,5399.006480835846,35f6a6573ef9
15,4042,0.0,+/-20%,2,6478.807777003016,6496.180221944955,35f6a6573ef9
15,4042,0.0,+/-20%,3,7774.569332403618,8556.438459381192,35f6a6573ef9
15,4042,0.0,+/-20%,4,9329.483198884342,10065.250655974272,35f6a6573ef9
15,4042,0.0,+/-20%,5,11195.379838661212,13646.6732557623,35f6a6573ef9
15,4042,0.0,+/-20%,6,13434.455806393455,10012.770519823407,35f6a6573ef9
15,4042,0.0,+/-20%,7,10982.455969623445,9731.366703543074,35f6a6573ef9
15,4042,0.0,+/-20%,8,8785.964775698754,10247.960239048332,35f6a6573ef9
15,4042,0.0,+/-20%,9,7858.050154583386,9491.56514293703,35f6a6573ef9
15,4042,0.0,+/-20%,10,9429.660185500064,9222.890483045725,35f6a6573ef9
15,4042,0.0,+/-20%,11,11315.592222600075,10487.213938869467,35f6a6573ef9
15,4042,0.0,+/-20%,12,13578.71066712009,6449.439900272459,35f6a6573ef9
15,4042,0.0,+/-20%,13,16294.45280054411,7590.860888111745,35f6a6573ef9
15,4042,0.0,+/-20%,14,13556.818423919016,7745.867762165737,35f6a6573ef9
15,4042,0.0,+/-20%,15,10845.45473913521,9078.615160701738,35f6a6573ef9
15,4042,0.02,NHF,1,32325.921710006805,32325.921710006805,35f6a6573ef9
15,4042,0.02,NHF,2,3204.865642176577,4777.014585165545,35f6a6573ef9
15,4042,0.02,NHF,3,7748.566799666067,6465.498631976751,35f6a6573ef9
15,4042,0.02,NHF,4,4542.362557054116,5133.847911457183,35f6a6573ef9
15,4042,0.02,NHF,5,15959.701970549788,14478.732706804982,35f6a6573ef9
15,4042,0.02,NHF,6,4630.49428393482,4630.49428393482,35f6a6573ef9
15,4042,0.02,NHF,7,8739.743451352966,8739.743451352966,35f6a6573ef9
15,4042,0.02,NHF,8,9442.8348072827,9442.8348072827,35f6a6573ef9
15,4042,0.02,NHF,9,10887.204149401756,11504.438194624317,35f6a6573ef9
15,4042,0.02,NHF,10,2770.0775952256554,3083.1412322929928,35f6a6573ef9
15,4042,0.02,NHF,11,7579.495007282989,10546.558775079138,35f6a6573ef9
15,4042,0.02,NHF,12,6090.875182931122,3750.319205447239,35f6a6573ef9
15,4042,0.02,NHF,13,15368.729416013013,15370.960285252708,35f6a6573ef9
15,4042,0.02,NHF,14,5905.366118667624,3589.0458518380015,35f6a6573ef9
15,4042,0.02,NHF,15,11004.342060454308,8893.128416488657,35f6a6573ef9
15,4042,0.02,NDY,1,10213.40633638992,10213.40633638992,35f6a6573ef9
15,4042,0.02,NDY,2,10213.406336389922,10119.371865367431,35f6a6573ef9
15,4042,0.02,NDY,3,10213.40633638992,10029.62168831691,35f6a6573ef9
15,4042,0.02,NDY,4,10213.406336389935,9940.470789803048,35f6a6573ef9
15,4042,0.02,NDY,5,10213.406336389924,9849.24592249816,35f6a6573ef9
15,4042,0.02,NDY,6,10213.40633638991,9769.246762194236,35f6a6573ef9
15,4042,0.02,NDY,7,10213.406336389924,9687.597522047108,35f6a6573ef9
15,4042,0.02,NDY,8,10213.406336389922,9618.460991355929,35f6a6573ef9
15,4042,0.02,NDY,9,10213.40633638992,9551.966670582893,35f6a6573ef9
15,4042,0.02,NDY,10,10213.406336389926,9483.772428336,35f6a6573ef9
15,4042,0.02,NDY,11,10213.406336389924,9430.126192309937,35f6a6573ef9
15,4042,0.02,NDY,12,10213.406336389944,9366.628318741605,35f6a6573ef9
15,4042,0.02,NDY,13,10213.406336389926,9309.62166323054,35f6a6573ef9
15,4042,0.02,NDY,14,10213.406336389915,9258.89057632408,35f6a6573ef9
15,4042,0.02,NDY,15,10213.406336389915,9204.783409448359,35f6a6573ef9
15,4042,0.02,-10%,1,15448.942759745281,15448.942759745281,35f6a6573ef9
15,4042,0.02,-10%,2,13904.048483770757,13901.547371802475,35f6a6573ef9
15,4042,0.02,-10%,3,12513.643635393684,12486.207282416342,35f6a6573ef9
15,4042,0.02,-10%,4,11262.279271854315,11233.91582870644,35f6a6573ef9
15,4042,0.02,-10%,5,10136.051344668884,10092.060963820031,35f6a6573ef9
15,4042,0.02,-10%,6,9122.446210201997,9080.843007784135,35f6a6573ef9
15,4042,0.02,-10%,7,8210.201589181795,8172.758705428997,35f6a6573ef9
15,4042,0.02,-10%,8,7389.181430263615,7387.852239148667,35f6a6573ef9
15,4042,0.02,-10%,9,6650.263287237254,6666.7200851358775,35f6a6573ef9
15,4042,0.02,-10%,10,5985.2369585135275,7004.181954861501,35f6a6573ef9
15,4042,0.02,-10%,11,9906.128656757353,8365.05616472622,35f6a6573ef9
15,4042,0.02,-10%,12,9999.669629965647,9922.821951116463,35f6a6573ef9
15,4042,0.02,-10%,13,9198.569173571346,9427.083824617972,35f6a6573ef9
15,4042,0.02,-10%,14,8278.712256214212,8483.381089562608,35f6a6573ef9
15,4042,0.02,-10%,15,7450.84103059279,7635.042978347338,35f6a6573ef9
15,4042,0.02,-20%,1,18971.587871940344,18971.587871940344,35f6a6573ef9
15,4042,0.02,-20%,2,15177.270297552275,14956.757530843433,35f6a6573ef9
15,4042,0.02,-20%,3,12141.816238041825,11936.038722159441,35f6a6573ef9
15,4042,0.02,-20%,4,9713.45299043346,9658.645009664424,35f6a6573ef9
15,4042,0.02,-20%,5,7770.762392346768,8096.831229135215,35f6a6573ef9
15,4042,0.02,-20%,6,6216.609913877415,6477.464984670329,35f6a6573ef9
15,4042,0.02,-20%,7,6949.701434822394,6949.701432714221,35f6a6573ef9
15,4042,0.02,-20%,8,9086.446904778288,9150.795247595765,35f6a6573ef9
15,4042,0.02,-20%,9,7269.157523822631,7641.348339538837,35f6a6573ef9
15,4042,0.02,-20%,10,7608.691000250154,7058.8707371400715,35f6a6573ef9
15,4042,0.02,-20%,11,9762.286041018786,9619.32193845615,35f6a6573ef9
15,4042,0.02,-20%,12,10242.635745229534,9610.263711223448,35f6a6573ef9
15,4042,0.02,-20%,13,8299.34957387428,8846.74759322681,35f6a6573ef9
15,4042,0.02,-20%,14,6639.479659099426,7077.39807716646,35f6a6573ef9
15,4042,0.02,-20%,15,8603.151063686353,7476.291953044868,35f6a6573ef9
15,4042,0.02,+/-10%,1,15440.535495700648,15440.535495700648,35f6a6573ef9
15,4042,0.02,+/-10%,2,13896.481946130587,13890.151076521637,35f6a6573ef9
15,4042,0.02,+/-10%,3,12506.833751517532,12489.525251799307,35f6a6573ef9
15,4042,0.02,+/-10%,4,11256.150376365778,11233.57473843218,35f6a6573ef9
15,4042,0.02,+/-10%,5,10130.5353387292,10086.035132051788,35f6a6573ef9
15,4042,0.02,+/-10%,6,9117.48180485628,9076.834643284206,35f6a6573ef9
15,4042,0.02,+/-10%,7,8205.73362437065,8169.223371099314,35f6a6573ef9
15,4042,0.02,+/-10%,8,7385.160261933587,7352.564197908113,35f6a6573ef9
15,4042,0.02,+/-10%,9,6706.309951925735,6720.64339394176,35f6a6573ef9
15,4042,0.02,+/-10%,10,7376.940947118307,7391.271003820204,35f6a6573ef9
15,4042,0.02,+/-10%,11,8114.635041830139,8130.398101103148,35f6a6573ef9
15,4042,0.02,+/-10%,12,8926.098546013152,9361.804696745174,35f6a6573ef9
15,4042,0.02,+/-10%,13,9818.708400614467,9583.907122326087,35f6a6573ef9
15,4042,0.02,+/-10%,14,8860.831966386593,8621.849210125562,35f6a6573ef9
15,4042,0.02,+/-10%,15,7974.748769747937,7759.6642927131315,35f6a6573ef9
15,4042,0.02,+/-20%,1,18963.60274322957,18963.60274322957,35f6a6573ef9
15,4042,0.02,+/-20%,2,15170.882194583655,14951.290400862401,35f6a6573ef9
15,4042,0.02,+/-20%,3,12136.705755666928,11931.416364780602,35f6a6573ef9
15,4042,0.02,+/-20%,4,9709.364604533544,9891.557367685811,35f6a6573ef9
15,4042,0.02,+/-20%,5,7767.491683626835,7916.345120611672,35f6a6573ef9
15,4042,0.02,+/-20%,6,6213.9933469014695,6333.076097425637,35f6a6573ef9
15,4042,0.02,+/-20%,7,7425.789768901414,7425.789768901414,35f6a6573ef9
15,4042,0.02,+/-20%,8,8604.898146162983,8604.898146678132,35f6a6573ef9
15,4042,0.02,+/-20%,9,6883.9185169303855,7325.094949211302,35f6a6573ef9
15,4042,0.02,+/-20%,10,8069.1472707245575,7989.022425584605,35f6a6573ef9
15,4042,0.02,+/-20%,11,9682.976724869472,9078.000196121788,35f6a6573ef9
15,4042,0.02,+/-20%,12,10187.710379513888,9305.239286690228,35f6a6573ef9
15,4042,0.02,+/-20%,13,8150.16830361111,9099.7620451808,35f6a6573ef9
15,4042,0.02,+/-20%,14,7066.7937195340555,7279.809638944884,35f6a6573ef9
15,4042,0.02,+/-20%,15,8480.152463440865,7406.483188314428,35f6a6573ef9
15,4042,0.04,NHF,1,36430.610976053154,36430.610976053154,35f6a6573ef9
15,4042,0.04,NHF,2,5827.91521586705,5827.91521586705,35f6a6573ef9
15,4042,0.04,NHF,3,5563.41421720253,5563.41421720253,35f6a6573ef9
15,4042,0.04,NHF,4,5900.61301012284,5900.61301012284,35f6a6573ef9
15,4042,0.04,NHF,5,4906.5956691027,4906.5956691027,35f6a6573ef9
15,4042,0.04,NHF,6,4630.49428393482,4630.49428393482,35f6a6573ef9
15,4042,0.04,NHF,7,8751.872159719516,8751.872159719516,35f6a6573ef9
15,4042,0.04,NHF,8,10729.20833808143,10729.20833808143,35f6a6573ef9
15,4042,0.04,NHF,9,15017.418014595862,15017.418014595863,35f6a6573ef9
15,4042,0.04,NHF,10,5340.6116681262365,5340.6116681262365,35f6a6573ef9
15,4042,0.04,NHF,11,7360.96869281471,7360.96869281471,35f6a6573ef9
15,4042,0.04,NHF,12,4867.01121948208,4867.01121948208,35f6a6573ef9
15,4042,0.04,NHF,13,10383.034566878778,10383.034566878776,35f6a6573ef9
15,4042,0.04,NHF,14,4386.063218045097,4386.063218045097,35f6a6573ef9
15,4042,0.04,NHF,15,9647.007782148234,9647.007782148234,35f6a6573ef9
15,4042,0.04,NDY,1,10165.877461893064,10165.877461893064,35f6a6573ef9
15,4042,0.04,NDY,2,10165.877461893062,10060.729187409172,35f6a6573ef9
15,4042,0.04,NDY,3,10165.877461893062,9957.326460372436,35f6a6573ef9
15,4042,0.04,NDY,4,10165.877461893062,9857.524206567465,35f6a6573ef9
15,4042,0.04,NDY,5,10165.877461893064,9755.723307924942,35f6a6573ef9
15,4042,0.04,NDY,6,10165.877461893064,9657.152076126195,35f6a6573ef9
15,4042,0.04,NDY,7,10165.877461893064,9562.76580397759,35f6a6573ef9
15,4042,0.04,NDY,8,10165.877461893064,9474.786242700273,35f6a6573ef9
15,4042,0.04,NDY,9,10165.877461893062,9395.698610066136,35f6a6573ef9
15,4042,0.04,NDY,10,10165.877461893062,9319.463765070937,35f6a6573ef9
15,4042,0.04,NDY,11,10165.877461893062,9249.722765291715,35f6a6573ef9
15,4042,0.04,NDY,12,10165.877461893067,9179.652405436915,35f6a6573ef9
15,4042,0.04,NDY,13,10165.877461893066,9104.430616073409,35f6a6573ef9
15,4042,0.04,NDY,14,10165.877461893066,9031.986334200466,35f6a6573ef9
15,4042,0.04,NDY,15,10165.877461893064,8969.321596820564,35f6a6573ef9
15,4042,0.04,-10%,1,15445.885586627635,15445.885586627635,35f6a6573ef9
15,4042,0.04,-10%,2,13901.297027964878,13892.744117080385,35f6a6573ef9
15,4042,0.04,-10%,3,12511.167325168388,12495.68877556336,35f6a6573ef9
15,4042,0.04,-10%,4,11260.05059265155,11231.514535433695,35f6a6573ef9
15,4042,0.04,-10%,5,10134.045533386396,10108.363082198715,35f6a6573ef9
15,4042,0.04,-10%,6,9120.640980047756,9097.510421368683,35f6a6573ef9
15,4042,0.04,-10%,7,8208.57688204298,8187.759381079387,35f6a6573ef9
15,4042,0.04,-10%,8,7387.719193838683,7378.579265918054,35f6a6573ef9
15,4042,0.04,-10%,9,6648.947274454816,6640.721336406753,35f6a6573ef9
15,4042,0.04,-10%,10,5984.0525470093335,5976.649207966071,35f6a6573ef9
15,4042,0.04,-10%,11,7883.836136950668,9069.614894528399,35f6a6573ef9
15,4042,0.04,-10%,12,10701.960750369344,10299.671042888995,35f6a6573ef9
15,4042,0.04,-10%,13,9705.991215320775,9274.658720717025,35f6a6573ef9
15,4042,0.04,-10%,14,8735.392093788698,8347.192846922526,35f6a6573ef9
15,4042,0.04,-10%,15,7861.852884409829,7512.473560044872,35f6a6573ef9
15,4042,0.04,-20%,1,18995.48454838647,18995.48454838647,35f6a6573ef9
15,4042,0.04,-20%,2,15196.387638709175,15182.660760371627,35f6a6573ef9
15,4042,0.04,-20%,3,12157.110110967342,12144.798115021895,35f6a6573ef9
15,4042,0.04,-20%,4,9725.688088773875,9715.348987791416,35f6a6573ef9
15,4042,0.04,-20%,5,7780.5504710191,7772.405705960324,35f6a6573ef9
15,4042,0.04,-20%,6,6224.440376815281,6217.9245695640475,35f6a6573ef9
15,4042,0.04,-20%,7,6438.2845404566215,6438.2845404566215,35f6a6573ef9
15,4042,0.04,-20%,8,8497.482902055875,8046.70101398333,35f6a6573ef9
15,4042,0.04,-20%,9,8013.211068465372,9131.520975463061,35f6a6573ef9
15,4042,0.04,-20%,10,8584.639952251588,8199.066227753503,35f6a6573ef9
15,4042,0.04,-20%,11,9507.314581030405,8968.98795780668,35f6a6573ef9
15,4042,0.04,-20%,12,10165.69800939977,10111.029846212985,35f6a6573ef9
15,4042,0.04,-20%,13,8132.5584075198185,8107.936038158176,35f6a6573ef9
15,4042,0.04,-20%,14,6506.046726015856,6486.348829850137,35f6a6573ef9
15,4042,0.04,-20%,15,6000.134644434295,6450.916532506841,35f6a6573ef9
15,4042,0.04,+/-10%,1,15429.745187505952,15429.745187505952,35f6a6573ef9
15,4042,0.04,+/-10%,2,13886.770668755362,13877.884800646378,35f6a6573ef9
15,4042,0.04,+/-10%,3,12498.093601879827,12483.088656227275,35f6a6573ef9
15,4042,0.04,+/-10%,4,11248.284241691847,11226.245020991062,35f6a6573ef9
15,4042,0.04,+/-10%,5,10123.455817522661,10103.620517084786,35f6a6573ef9
15,4042,0.04,+/-10%,6,9111.110235770397,9090.340463972008,35f6a6573ef9
15,4042,0.04,+/-10%,7,8199.999212193356,8181.306416632694,35f6a6573ef9
15,4042,0.04,+/-10%,8,7379.99929097402,7371.139020898962,35f6a6573ef9
15,4042,0.04,+/-10%,9,6641.999361876621,6634.025120481694,35f6a6573ef9
15,4042,0.04,+/-10%,10,7076.9658119655605,7261.840297645359,35f6a6573ef9
15,4042,0.04,+/-10%,11,7784.662393162118,7988.024327346558,35f6a6573ef9
15,4042,0.04,+/-10%,12,8563.12863247833,8786.8267605876,35f6a6573ef9
15,4042,0.04,+/-10%,13,9419.441495726163,9867.22040403347,35f6a6573ef9
15,4042,0.04,+/-10%,14,9656.714150059473,8880.40683946855,35f6a6573ef9
15,4042,0.04,+/-10%,15,8691.042735053526,7992.3661551882215,35f6a6573ef9
15,4042,0.04,+/-20%,1,18993.874312213946,18993.874312213946,35f6a6573ef9
15,4042,0.04,+/-20%,2,15195.099449771158,15182.136815532844,35f6a6573ef9
15,4042,0.04,+/-20%,3,12156.079559816932,12143.524450299105,35f6a6573ef9
15,4042,0.04,+/-20%,4,9724.863647853545,9714.478831834725,35f6a6573ef9
15,4042,0.04,+/-20%,5,7779.890918282836,7771.70303024361,35f6a6573ef9
15,4042,0.04,+/-20%,6,6223.9127346262685,6217.362427756231,35f6a6573ef9
15,4042,0.04,+/-20%,7,6562.925189648674,6562.925192799492,35f6a6573ef9
15,4042,0.04,+/-20%,8,7875.5102275784075,7875.510229613895,35f6a6573ef9
15,4042,0.04,+/-20%,9,8407.014618149473,9074.542634181138,35f6a6573ef9
15,4042,0.04,+/-20%,10,9332.134859019578,8300.920563072568,35f6a6573ef9
15,4042,0.04,+/-20%,11,9000.038185707032,9034.618172796929,35f6a6573ef9
15,4042,0.04,+/-20%,12,9943.441989356063,10075.992015344778,35f6a6573ef9
15,4042,0.04,+/-20%,13,7954.753591484851,8078.915768918921,35f6a6573ef9
15,4042,0.04,+/-20%,14,6363.80287318788,6463.132611868141,35f6a6573ef9
15,4042,0.04,+/-20%,15,6497.466669719711,6497.4666645334055,35f6a6573ef9
15,4042,0.06,NHF,1,36430.610976053154,36430.610976053154,35f6a6573ef9
15,4042,0.06,NHF,2,5827.91521586705,5827.91521586705,35f6a6573ef9
15,4042,0.06,NHF,3,5563.41421720253,5563.41421720253,35f6a6573ef9
15,4042,0.06,NHF,4,5900.61301012284,5900.61301012284,35f6a6573ef9
15,4042,0.06,NHF,5,4906.5956691027,4906.5956691027,35f6a6573ef9
15,4042,0.06,NHF,6,4630.49428393482,4630.49428393482,35f6a6573ef9
15,4042,0.06,NHF,7,8751.872159719516,8751.872159719516,35f6a6573ef9
15,4042,0.06,NHF,8,10729.20833808143,10729.20833808143,35f6a6573ef9
15,4042,0.06,NHF,9,15017.418014595862,15017.418014595863,35f6a6573ef9
15,4042,0.06,NHF,10,5340.6116681262365,5340.6116681262365,35f6a6573ef9
15,4042,0.06,NHF,11,7360.96869281471,7360.96869281471,35f6a6573ef9
15,4042,0.06,NHF,12,4867.01121948208,4867.01121948208,35f6a6573ef9
15,4042,0.06,NHF,13,10383.034566878778,10383.034566878776,35f6a6573ef9
15,4042,0.06,NHF,14,4386.063218045097,4386.063218045097,35f6a6573ef9
15,4042,0.06,NHF,15,9647.007782148234,9647.007782148234,35f6a6573ef9
15,4042,0.06,NDY,1,10071.130017309328,10071.130017309328,35f6a6573ef9
15,4042,0.06,NDY,2,10071.130017309326,9950.37973600826,35f6a6573ef9
15,4042,0.06,NDY,3,10071.130017309328,9854.210896515142,35f6a6573ef9
15,4042,0.06,NDY,4,10071.13001730933,9744.653750259939,35f6a6573ef9
15,4042,0.06,NDY,5,10071.130017309328,9624.787254102814,35f6a6573ef9
15,4042,0.06,NDY,6,10071.13001730933,9519.988158926593,35f6a6573ef9
15,4042,0.06,NDY,7,10071.130017309328,9396.168575023241,35f6a6573ef9
15,4042,0.06,NDY,8,10071.130017309331,9308.376812003098,35f6a6573ef9
15,4042,0.06,NDY,9,10071.130017309326,9237.342364846294,35f6a6573ef9
15,4042,0.06,NDY,10,10071.130017309328,9170.597638700596,35f6a6573ef9
15,4042,0.06,NDY,11,10071.130017309328,9114.843056735714,35f6a6573ef9
15,4042,0.06,NDY,12,10071.130017309326,9038.679547306601,35f6a6573ef9
15,4042,0.06,NDY,13,10071.130017309328,8978.222650568745,35f6a6573ef9
15,4042,0.06,NDY,14,10071.130017309328,8911.725690582785,35f6a6573ef9
15,4042,0.06,NDY,15,10071.130017309328,8836.578144884383,35f6a6573ef9
15,4042,0.06,-10%,1,15383.121607788036,15383.121607788036,35f6a6573ef9
15,4042,0.06,-10%,2,13844.809447009236,13810.133783341775,35f6a6573ef9
15,4042,0.06,-10%,3,12460.328502308308,12404.681301519115,35f6a6573ef9
15,4042,0.06,-10%,4,11214.295652077479,11142.325890348548,35f6a6573ef9
15,4042,0.06,-10%,5,10092.866086869732,10028.087492507182,35f6a6573ef9
15,4042,0.06,-10%,6,9083.579478182759,9025.27874415945,35f6a6573ef9
15,4042,0.06,-10%,7,8175.2215303644825,8122.750869461617,35f6a6573ef9
15,4042,0.06,-10%,8,7357.699377328034,7324.84026120503,35f6a6573ef9
15,4042,0.06,-10%,9,6621.929439595231,6592.35623610743,35f6a6573ef9
15,4042,0.06,-10%,10,5959.736495635709,5933.12061377425,35f6a6573ef9
15,4042,0.06,-10%,11,7575.281889797642,8833.63151847801,35f6a6573ef9
15,4042,0.06,-10%,12,10937.558901449902,10377.48069705013,35f6a6573ef9
15,4042,0.06,-10%,13,9843.803011304914,9338.175563730134,35f6a6573ef9
15,4042,0.06,-10%,14,8859.422710174422,8404.18528711568,35f6a6573ef9
15,4042,0.06,-10%,15,7973.4804391569805,7560.551156063487,35f6a6573ef9
15,4042,0.06,-20%,1,18957.75392967384,18957.75392967384,35f6a6573ef9
15,4042,0.06,-20%,2,15166.203143739076,15136.561151595699,35f6a6573ef9
15,4042,0.06,-20%,3,12132.962514991263,12091.824103852165,35f6a6573ef9
15,4042,0.06,-20%,4,9706.370011993013,9673.45928165521,35f6a6573ef9
15,4042,0.06,-20%,5,7765.096009594409,7738.767424993312,35f6a6573ef9
15,4042,0.06,-20%,6,6212.076807675529,6191.013938529119,35f6a6573ef9
15,4042,0.06,-20%,7,5711.004300581919,5711.004300581919,35f6a6573ef9
15,4042,0.06,-20%,8,8791.801844566973,8690.55635260037,35f6a6573ef9
15,4042,0.06,-20%,9,9634.03854264054,9171.841446608252,35f6a6573ef9
15,4042,0.06,-20%,10,7707.23083411243,8445.94167964329,35f6a6573ef9
15,4042,0.06,-20%,11,8958.85815186197,9801.523482878321,35f6a6573ef9
15,4042,0.06,-20%,12,10101.573871847937,9252.495728059741,35f6a6573ef9
15,4042,0.06,-20%,13,8081.259097478349,7836.674663345182,35f6a6573ef9
15,4042,0.06,-20%,14,6465.007277982679,6269.339734730927,35f6a6573ef9
15,4042,0.06,-20%,15,6533.310803275335,5970.937176326027,35f6a6573ef9
15,4042,0.06,+/-10%,1,15379.745656818368,15379.745656818368,35f6a6573ef9
15,4042,0.06,+/-10%,2,13841.771091136538,13799.72874156828,35f6a6573ef9
15,4042,0.06,+/-10%,3,12457.593982022881,12408.901996361716,35f6a6573ef9
15,4042,0.06,+/-10%,4,11211.834583820595,11136.388280484192,35f6a6573ef9
15,4042,0.06,+/-10%,5,10090.651125438537,10022.749451613396,35f6a6573ef9
15,4042,0.06,+/-10%,6,9081.58601289468,9020.474507628263,35f6a6573ef9
15,4042,0.06,+/-10%,7,8173.427411605214,8118.427053794566,35f6a6573ef9
15,4042,0.06,+/-10%,8,7356.084670444692,7327.332539289496,35f6a6573ef9
15,4042,0.06,+/-10%,9,6620.476203400223,6594.599287410886,35f6a6573ef9
15,4042,0.06,+/-10%,10,6328.198617811914,6765.9289864106095,35f6a6573ef9
15,4042,0.06,+/-10%,11,6961.018479593107,7442.521884629872,35f6a6573ef9
15,4042,0.06,+/-10%,12,7657.120327552419,10419.013785333897,35f6a6573ef9
15,4042,0.06,+/-10%,13,8422.832360307664,9617.090880504664,35f6a6573ef9
15,4042,0.06,+/-10%,14,9265.115596338428,8655.381792959452,35f6a6573ef9
15,4042,0.06,+/-10%,15,10191.62715597226,7591.6525796588285,35f6a6573ef9
15,4042,0.06,+/-20%,1,18954.815142526822,18954.815142526822,35f6a6573ef9
15,4042,0.06,+/-20%,2,15163.852114021462,15131.22855918346,35f6a6573ef9
15,4042,0.06,+/-20%,3,12131.08169121717,12087.558031292021,35f6a6573ef9
15,4042,0.06,+/-20%,4,9704.865352973737,9670.046425415183,35f6a6573ef9
15,4042,0.06,+/-20%,5,7763.89228237899,7736.037141154233,35f6a6573ef9
15,4042,0.06,+/-20%,6,6211.113825903193,6188.829716529238,35f6a6573ef9
15,4042,0.06,+/-20%,7,6382.3395940851415,6382.339594245,35f6a6573ef9
15,4042,0.06,+/-20%,8,7658.807512902169,7658.807512742311,35f6a6573ef9
15,4042,0.06,+/-20%,9,9190.569015482602,8819.767575187992,35f6a6573ef9
15,4042,0.06,+/-20%,10,9022.426544009897,9541.309929591089,35f6a6573ef9
15,4042,0.06,+/-20%,11,8914.48828854657,9418.642650545768,35f6a6573ef9
15,4042,0.06,+/-20%,12,9828.99870379253,9258.227323429992,35f6a6573ef9
15,4042,0.06,+/-20%,13,7863.198963034027,7734.134237673376,35f6a6573ef9
15,4042,0.06,+/-20%,14,6290.559170427222,6187.307387242868,35f6a6573ef9
15,4042,0.06,+/-20%,15,6949.519104573664,6336.505527427513,35f6a6573ef9
16,42,0.0,NHF,1,4319.40902603,4319.40902603,35f6a6573ef9
16,42,0.0,NHF,2,1143.827523055,1161.2980941333333,35f6a6573ef9
16,42,0.0,NHF,3,7807.561629667727,860.01201,35f6a6573ef9
16,42,0.0,NHF,4,4914.80555683,8008.37401052061,35f6a6573ef9
16,42,0.0,NHF,5,30046.531409573385,15420.64952347847,35f6a6573ef9
16,42,0.0,NHF,6,7274.975659016887,10516.4785071975,35f6a6573ef9
16,42,0.0,NHF,7,19748.15161494421,11310.688209059826,35f6a6573ef9
16,42,0.0,NHF,8,10269.008954634386,8737.252040265965,35f6a6573ef9
16,42,0.0,NHF,9,5086.437105944447,9065.208437183685,35f6a6573ef9
16,42,0.0,NHF,10,394.43154537,8856.538731454584,35f6a6573ef9
16,42,0.0,NHF,11,686.26201817,6806.679387093221,35f6a6573ef9
16,42,0.0,NHF,12,1259.53383193,11086.221272861269,35f6a6573ef9
16,42,0.0,NHF,13,1535.368756675,12079.642664716835,35f6a6573ef9
16,42,0.0,NHF,14,5870.070033912954,9609.121818199681,35f6a6573ef9
16,42,0.0,NHF,15,74684.0443982956,5773.806500908903,35f6a6573ef9
16,42,0.0,NDY,1,2602.158260555133,2602.158260555133,35f6a6573ef9
16,42,0.0,NDY,2,10785.17173090258,8717.985344003802,35f6a6573ef9
16,42,0.0,NDY,3,10900.68914291369,8956.542573173227,35f6a6573ef9
16,42,0.0,NDY,4,10900.68914291369,9280.487177843826,35f6a6573ef9
16,42,0.0,NDY,5,10900.689142913694,10655.953214997311,35f6a6573ef9
16,42,0.0,NDY,6,10900.689142913698,10424.625500569366,35f6a6573ef9
16,42,0.0,NDY,7,10900.689142913694,10286.014971644534,35f6a6573ef9
16,42,0.0,NDY,8,10900.689142913696,10129.460177516723,35f6a6573ef9
16,42,0.0,NDY,9,10900.689142913694,10010.358321636955,35f6a6573ef9
16,42,0.0,NDY,10,10900.689142913696,9747.475871017587,35f6a6573ef9
16,42,0.0,NDY,11,10900.689142913696,9610.641611459312,35f6a6573ef9
16,42,0.0,NDY,12,10900.689142913696,9238.459517855244,35f6a6573ef9
16,42,0.0,NDY,13,10900.689142913694,8621.892159980569,35f6a6573ef9
16,42,0.0,NDY,14,10900.689142913698,7676.106757863727,35f6a6573ef9
16,42,0.0,NDY,15,10900.689142913694,6785.015299295207,35f6a6573ef9
16,42,0.0,-10%,1,5479.059739791093,5479.059739791093,35f6a6573ef9
16,42,0.0,-10%,2,4931.153765811985,5028.47884618,35f6a6573ef9
16,42,0.0,-10%,3,4603.758203179713,5223.232774584916,35f6a6573ef9
16,42,0.0,-10%,4,14149.370210973293,14512.748725663025,35f6a6573ef9
16,42,0.0,-10%,5,12734.433189875965,13385.104972469191,35f6a6573ef9
16,42,0.0,-10%,6,11460.98987088837,11176.40296803772,35f6a6573ef9
16,42,0.0,-10%,7,10314.890883799531,9047.5896882584,35f6a6573ef9
16,42,0.0,-10%,8,9283.401795419579,11904.812579215795,35f6a6573ef9
16,42,0.0,-10%,9,8355.061615877623,8066.020157858217,35f6a6573ef9
16,42,0.0,-10%,10,8885.987277236032,10958.893552770922,35f6a6573ef9
16,42,0.0,-10%,11,14451.53625047868,9721.318059053625,35f6a6573ef9
16,42,0.0,-10%,12,14952.93435241934,8068.706279633883,35f6a6573ef9
16,42,0.0,-10%,13,13457.640917177403,7373.984526210001,35f6a6573ef9
16,42,0.0,-10%,14,12111.876825459662,5854.71074209,35f6a6573ef9
16,42,0.0,-10%,15,10900.689142913696,9602.429267244417,35f6a6573ef9
16,42,0.0,-20%,1,6243.681586885,6243.681586885,35f6a6573ef9
16,42,0.0,-20%,2,4994.945269508,4248.6516097,35f6a6573ef9
16,42,0.0,-20%,3,3995.9562156064003,6928.77421170328,35f6a6573ef9
16,42,0.0,-20%,4,11535.652784882053,9920.70381541885,35f6a6573ef9
16,42,0.0,-20%,5,15481.96600145369,16802.911150552405,35f6a6573ef9
16,42,0.0,-20%,6,12385.57280116295,11700.977584210592,35f6a6573ef9
16,42,0.0,-20%,7,9908.45824093036,10637.24430727263,35f6a6573ef9
16,42,0.0,-20%,8,7926.76659274429,10922.896809059228,35f6a6573ef9
16,42,0.0,-20%,9,9493.220078585873,7119.719563500871,35f6a6573ef9
16,42,0.0,-20%,10,8728.212941551514,8629.939939907843,35f6a6573ef9
16,42,0.0,-20%,11,7972.406133697599,9687.991235075544,35f6a6573ef9
16,42,0.0,-20%,12,16223.41444799181,9152.202290509911,35f6a6573ef9
16,42,0.0,-20%,13,17032.32678580265,7321.761830770001,35f6a6573ef9
16,42,0.0,-20%,14,13625.861428642122,5789.07944251,35f6a6573ef9
16,42,0.0,-20%,15,10900.689142913698,6076.09547300373,35f6a6573ef9
16,42,0.0,+/-10%,1,6753.883228622208,6753.883228622208,35f6a6573ef9
16,42,0.0,+/-10%,2,7429.271551484428,7556.663123514852,35f6a6573ef9
16,42,0.0,+/-10%,3,8172.198706632873,8726.735405965434,35f6a6573ef9
16,42,0.0,+/-10%,4,8989.41857729616,10807.191740310302,35f6a6573ef9
16,42,0.0,+/-10%,5,9888.36043502578,12227.033788171082,35f6a6573ef9
16,42,0.0,+/-10%,6,10877.19647852836,8917.494916332545,35f6a6573ef9
16,42,0.0,+/-10%,7,9789.476830675523,9638.505751388782,35f6a6573ef9
16,42,0.0,+/-10%,8,9590.629532381869,9625.02138532115,35f6a6573ef9
16,42,0.0,+/-10%,9,10549.692485620059,9744.794739030367,35f6a6573ef9
16,42,0.0,+/-10%,10,11604.661734182062,10607.53812907996,35f6a6573ef9
16,42,0.0,+/-10%,11,12765.12790760027,9731.35809506056,35f6a6573ef9
16,42,0.0,+/-10%,12,14041.640698360303,8793.488570793397,35f6a6573ef9
16,42,0.0,+/-10%,13,13457.640917177407,7696.6200411547225,35f6a6573ef9
16,42,0.0,+/-10%,14,12111.876825459663,7180.474876960876,35f6a6573ef9
16,42,0.0,+/-10%,15,10900.689142913696,9150.525403443487,35f6a6573ef9
16,42,0.0,+/-20%,1,5620.172049887109,5620.172049887109,35f6a6573ef9
16,42,0.0,+/-20%,2,6744.20645986453,6712.978166572559,35f6a6573ef9
16,42,0.0,+/-20%,3,8093.047751837438,9377.701686128994,35f6a6573ef9
16,42,0.0,+/-20%,4,9711.657302204929,10510.167171064417,35f6a6573ef9
16,42,0.0,+/-20%,5,11653.988762645911,13451.657736486557,35f6a6573ef9
16,42,0.0,+/-20%,6,12432.958394088488,8836.31240979344,35f6a6573ef9
16,42,0.0,+/-20%,7,9946.366715270791,9602.327232771035,35f6a6573ef9
16,42,0.0,+/-20%,8,7957.0933722166355,8765.233861055201,35f6a6573ef9
16,42,0.0,+/-20%,9,8576.738167475873,9646.080850664603,35f6a6573ef9
16,42,0.0,+/-20%,10,9636.165895324832,10632.00045269095,35f6a6573ef9
16,42,0.0,+/-20%,11,11563.399074389798,11069.542392927748,35f6a6573ef9
16,42,0.0,+/-20%,12,13876.078889267757,9380.84615785038,35f6a6573ef9
16,42,0.0,+/-20%,13,16651.294667121307,7504.6769262100015,35f6a6573ef9
16,42,0.0,+/-20%,14,13625.861428642122,6828.682804598437,35f6a6573ef9
16,42,0.0,+/-20%,15,10900.689142913698,8599.97054046834,35f6a6573ef9
16,42,0.02,NHF,1,34402.65967018417,34402.65967018417,35f6a6573ef9
16,42,0.02,NHF,2,4291.862446482169,5311.564966123139,35f6a6573ef9
16,42,0.02,NHF,3,5207.14412562036,4368.494116364182,35f6a6573ef9
16,42,0.02,NHF,4,3839.8032994620708,4627.279131917008,35f6a6573ef9
16,42,0.02,NHF,5,14501.35789427879,13097.132784643727,35f6a6573ef9
16,42,0.02,NHF,6,4871.378499616013,4871.378499616013,35f6a6573ef9
16,42,0.02,NHF,7,12170.802066368673,12170.80206636867,35f6a6573ef9
16,42,0.02,NHF,8,9508.070269712169,9508.070269712169,35f6a6573ef9
16,42,0.02,NHF,9,11695.669248276954,11702.878736019133,35f6a6573ef9
16,42,0.02,NHF,10,3063.352455373445,4005.139981286209,35f6a6573ef9
16,42,0.02,NHF,11,4262.919321354073,6536.546079336108,35f6a6573ef9
16,42,0.02,NHF,12,5850.746993427367,4204.205080424058,35f6a6573ef9
16,42,0.02,NHF,13,13875.708605170234,15704.082026137325,35f6a6573ef9
16,42,0.02,NHF,14,8478.291493370367,3831.0955465563866,35f6a6573ef9
16,42,0.02,NHF,15,12319.883229062323,10276.563360455999,35f6a6573ef9
16,42,0.02,NDY,1,10310.946994500071,10310.946994500071,35f6a6573ef9
16,42,0.02,NDY,2,10310.94699450007,10209.543112966525,35f6a6573ef9
16,42,0.02,NDY,3,10310.94699450007,10119.118055539286,35f6a6573ef9
16,42,0.02,NDY,4,10310.94699450007,10029.450832221368,35f6a6573ef9
16,42,0.02,NDY,5,10310.94699450007,9947.703221129144,35f6a6573ef9
16,42,0.02,NDY,6,10310.946994500075,9861.085086878917,35f6a6573ef9
16,42,0.02,NDY,7,10310.94699450007,9782.031660123957,35f6a6573ef9
16,42,0.02,NDY,8,10310.94699450007,9707.64893117367,35f6a6573ef9
16,42,0.02,NDY,9,10310.94699450007,9637.781564407607,35f6a6573ef9
16,42,0.02,NDY,10,10310.946994500071,9571.63556781586,35f6a6573ef9
16,42,0.02,NDY,11,10310.94699450007,9511.356547159825,35f6a6573ef9
16,42,0.02,NDY,12,10310.946994500067,9455.718418989763,35f6a6573ef9
16,42,0.02,NDY,13,10310.946994500071,9390.349092066353,35f6a6573ef9
16,42,0.02,NDY,14,10310.946994500071,9338.31913423818,35f6a6573ef9
16,42,0.02,NDY,15,10310.946994500067,9289.257146996413,35f6a6573ef9
16,42,0.02,-10%,1,15521.594464389233,15521.594464389233,35f6a6573ef9
16,42,0.02,-10%,2,13969.43501795031,13964.296892962573,35f6a6573ef9
16,42,0.02,-10%,3,12572.491516155282,12532.09088576246,35f6a6573ef9
16,42,0.02,-10%,4,11315.242364539748,11263.505961018576,35f6a6573ef9
16,42,0.02,-10%,5,10183.718128085777,10120.551658957145,35f6a6573ef9
16,42,0.02,-10%,6,9165.3463152772,9108.496494212644,35f6a6573ef9
16,42,0.02,-10%,7,8879.328417497954,8879.328418256453,35f6a6573ef9
16,42,0.02,-10%,8,7991.395575748159,8123.563873750314,35f6a6573ef9
16,42,0.02,-10%,9,7192.256018173346,7311.207487091109,35f6a6573ef9
16,42,0.02,-10%,10,6721.738103427287,7789.768232583138,35f6a6573ef9
16,42,0.02,-10%,11,8222.330879873683,7010.791412124783,35f6a6573ef9
16,42,0.02,-10%,12,8691.932433895634,8191.9807563952645,35f6a6573ef9
16,42,0.02,-10%,13,9749.798531022298,9665.031702042212,35f6a6573ef9
16,42,0.02,-10%,14,8774.818677920066,9054.708783990105,35f6a6573ef9
16,42,0.02,-10%,15,8194.224224083975,8149.237905450166,35f6a6573ef9
16,42,0.02,-20%,1,18914.32726620712,18914.32726620712,35f6a6573ef9
16,42,0.02,-20%,2,15131.461812965697,15109.505336848139,35f6a6573ef9
16,42,0.02,-20%,3,12105.16945037256,11902.650906894993,35f6a6573ef9
16,42,0.02,-20%,4,9684.13556029805,9753.161222007673,35f6a6573ef9
16,42,0.02,-20%,5,7747.30844823844,7802.898591082359,35f6a6573ef9
16,42,0.02,-20%,6,6197.846758590754,6242.31887468824,35f6a6573ef9
16,42,0.02,-20%,7,10318.00418719337,10318.00418719337,35f6a6573ef9
16,42,0.02,-20%,8,8277.55107914333,8277.551076186965,35f6a6573ef9
16,42,0.02,-20%,9,6622.040863314665,6756.878830850859,35f6a6573ef9
16,42,0.02,-20%,10,8539.952228340311,9341.105590474845,35f6a6573ef9
16,42,0.02,-20%,11,8621.451467363055,7472.884468041782,35f6a6573ef9
16,42,0.02,-20%,12,8759.959328554247,7635.1007689102735,35f6a6573ef9
16,42,0.02,-20%,13,8864.97856328589,9704.780459266607,35f6a6573ef9
16,42,0.02,-20%,14,7091.982850628712,7763.824364289103,35f6a6573ef9
16,42,0.02,-20%,15,9596.917046468767,8465.965079350073,35f6a6573ef9
16,42,0.02,+/-10%,1,15522.059490640906,15522.059490640906,35f6a6573ef9
16,42,0.02,+/-10%,2,13969.853541576811,13966.68539418946,35f6a6573ef9
16,42,0.02,+/-10%,3,12572.86818741913,12540.582178666726,35f6a6573ef9
16,42,0.02,+/-10%,4,11315.581368677214,11273.765063471219,35f6a6573ef9
16,42,0.02,+/-10%,5,10184.023231809499,10134.888723235956,35f6a6573ef9
16,42,0.02,+/-10%,6,9165.620908628549,9121.399852461536,35f6a6573ef9
16,42,0.02,+/-10%,7,8822.833338908566,8822.833339986119,35f6a6573ef9
16,42,0.02,+/-10%,8,7940.550005017709,8037.93684798214,35f6a6573ef9
16,42,0.02,+/-10%,9,7146.495004515939,7234.1431610570635,35f6a6573ef9
16,42,0.02,+/-10%,10,7214.360396646371,7957.557478475178,35f6a6573ef9
16,42,0.02,+/-10%,11,7935.79643631101,7258.649216133015,35f6a6573ef9
16,42,0.02,+/-10%,12,8729.37607994211,7984.51413838147,35f6a6573ef9
16,42,0.02,+/-10%,13,9602.313687936326,9847.441858564276,35f6a6573ef9
16,42,0.02,+/-10%,14,8642.082319142692,8862.697676025706,35f6a6573ef9
16,42,0.02,+/-10%,15,8388.531964556614,7985.429912197259,35f6a6573ef9
16,42,0.02,+/-20%,1,18791.865424193893,18791.865424193893,35f6a6573ef9
16,42,0.02,+/-20%,2,15033.492339355122,15012.583365602335,35f6a6573ef9
16,42,0.02,+/-20%,3,12026.793871484095,11520.16442957525,35f6a6573ef9
16,42,0.02,+/-20%,4,9621.43509718728,9189.74064568588,35f6a6573ef9
16,42,0.02,+/-20%,5,7697.148077749823,8714.35506732931,35f6a6573ef9
16,42,0.02,+/-20%,6,7030.613980299785,7110.058515799144,35f6a6573ef9
16,42,0.02,+/-20%,7,8436.736776359741,8734.500202516301,35f6a6573ef9
16,42,0.02,+/-20%,8,10124.08413163169,9755.935983331465,35f6a6573ef9
16,42,0.02,+/-20%,9,8099.267305305351,8388.786740375994,35f6a6573ef9
16,42,0.02,+/-20%,10,7115.2496708103745,7471.136400738556,35f6a6573ef9
16,42,0.02,+/-20%,11,8085.829122019653,6567.114958579891,35f6a6573ef9
16,42,0.02,+/-20%,12,8511.728476947555,7880.537950259545,35f6a6573ef9
16,42,0.02,+/-20%,13,8770.61561079632,10119.472220051286,35f6a6573ef9
16,42,0.02,+/-20%,14,7803.842613822314,8095.577777122809,35f6a6573ef9
16,42,0.02,+/-20%,15,9364.611136586776,8360.846001817505,35f6a6573ef9
16,42,0.04,NHF,1,38604.07814364765,38604.07814364765,35f6a6573ef9
16,42,0.04,NHF,2,4689.192118115167,4689.192118115167,35f6a6573ef9
16,42,0.04,NHF,3,4545.714767710941,4545.714767710941,35f6a6573ef9
16,42,0.04,NHF,4,4652.127489950377,4652.127489950377,35f6a6573ef9
16,42,0.04,NHF,5,5383.663472868428,5383.663472868428,35f6a6573ef9
16,42,0.04,NHF,6,4871.378499616013,4871.378499616013,35f6a6573ef9
16,42,0.04,NHF,7,12624.081000871698,12624.081000871698,35f6a6573ef9
16,42,0.04,NHF,8,10562.998313707727,10562.998313707727,35f6a6573ef9
16,42,0.04,NHF,9,14430.979921448383,14430.979921448385,35f6a6573ef9
16,42,0.04,NHF,10,4690.398629761375,4690.398629761375,35f6a6573ef9
16,42,0.04,NHF,11,4695.800952503937,4695.800952503937,35f6a6573ef9
16,42,0.04,NHF,12,5270.228170395435,5270.228170395435,35f6a6573ef9
16,42,0.04,NHF,13,12010.51618509815,12010.51618509815,35f6a6573ef9
16,42,0.04,NHF,14,4066.0152727797204,4066.0152727797204,35f6a6573ef9
16,42,0.04,NHF,15,11644.214404286178,11644.214404286178,35f6a6573ef9
16,42,0.04,NDY,1,10234.52337161968,10234.52337161968,35f6a6573ef9
16,42,0.04,NDY,2,10234.523371619678,10099.481989731474,35f6a6573ef9
16,42,0.04,NDY,3,10234.52337161968,9987.998761324408,35f6a6573ef9
16,42,0.04,NDY,4,10234.52337161968,9870.850272102802,35f6a6573ef9
16,42,0.04,NDY,5,10234.523371619682,9766.686575508042,35f6a6573ef9
16,42,0.04,NDY,6,10234.523371619684,9675.689248844446,35f6a6573ef9
16,42,0.04,NDY,7,10234.523371619682,9587.83946294799,35f6a6573ef9
16,42,0.04,NDY,8,10234.523371619684,9504.212419467141,35f6a6573ef9
16,42,0.04,NDY,9,10234.52337161968,9425.676362722676,35f6a6573ef9
16,42,0.04,NDY,10,10234.523371619687,9357.556321702146,35f6a6573ef9
16,42,0.04,NDY,11,10234.523371619689,9285.112249449776,35f6a6573ef9
16,42,0.04,NDY,12,10234.523371619684,9211.647086121242,35f6a6573ef9
16,42,0.04,NDY,13,10234.523371619682,9142.868893942104,35f6a6573ef9
16,42,0.04,NDY,14,10234.523371619685,9087.26791921309,35f6a6573ef9
16,42,0.04,NDY,15,10234.523371619682,9026.867169460998,35f6a6573ef9
16,42,0.04,-10%,1,15509.467686971499,15509.467686971499,35f6a6573ef9
16,42,0.04,-10%,2,13958.520918274342,13956.156519649021,35f6a6573ef9
16,42,0.04,-10%,3,12562.668826446921,12558.939382407112,35f6a6573ef9
16,42,0.04,-10%,4,11306.401943802213,11288.706466033575,35f6a6573ef9
16,42,0.04,-10%,5,10175.761749422005,10159.359966260114,35f6a6573ef9
16,42,0.04,-10%,6,9158.185574479801,9143.423967592398,35f6a6573ef9
16,42,0.04,-10%,7,8242.36701703182,8242.367016983297,35f6a6573ef9
16,42,0.04,-10%,8,7648.014480287216,7882.1132306915815,35f6a6573ef9
16,42,0.04,-10%,9,7604.708738770156,7370.60998877162,35f6a6573ef9
16,42,0.04,-10%,10,8503.917379938117,8062.489912348776,35f6a6573ef9
16,42,0.04,-10%,11,7653.525641944291,8414.172268385564,35f6a6573ef9
16,42,0.04,-10%,12,8101.314937391166,8446.457533466159,35f6a6573ef9
16,42,0.04,-10%,13,9286.519613737306,8915.017379617477,35f6a6573ef9
16,42,0.04,-10%,14,8357.867652363575,8023.515641897257,35f6a6573ef9
16,42,0.04,-10%,15,7992.878455223853,7758.77970486801,35f6a6573ef9
16,42,0.04,-20%,1,18931.977912063398,18931.977912063398,35f6a6573ef9
16,42,0.04,-20%,2,15145.582329650722,15144.140561323446,35f6a6573ef9
16,42,0.04,-20%,3,12116.465863720576,12112.901929922917,35f6a6573ef9
16,42,0.04,-20%,4,9693.172690976467,9689.413302688206,35f6a6573ef9
16,42,0.04,-20%,5,7754.538152781171,7751.530639320736,35f6a6573ef9
16,42,0.04,-20%,6,6203.6305222249375,6201.224515223139,35f6a6573ef9
16,42,0.04,-20%,7,8621.004660482555,8621.004661351755,35f6a6573ef9
16,42,0.04,-20%,8,8322.343707691864,8322.343706822661,35f6a6573ef9
16,42,0.04,-20%,9,9234.646069266659,9248.558409682144,35f6a6573ef9
16,42,0.04,-20%,10,9235.939746172156,9402.464255772311,35f6a6573ef9
16,42,0.04,-20%,11,7388.751796937723,7521.971402336029,35f6a6573ef9
16,42,0.04,-20%,12,8135.44368315741,7422.431068981843,35f6a6573ef9
16,42,0.04,-20%,13,8520.302768471009,8754.314287594329,35f6a6573ef9
16,42,0.04,-20%,14,6816.242214776806,7003.451429749172,35f6a6573ef9
16,42,0.04,-20%,15,8013.482502877089,7809.383156426437,35f6a6573ef9
16,42,0.04,+/-10%,1,15510.014006785812,15510.014006785812,35f6a6573ef9
16,42,0.04,+/-10%,2,13959.012606107231,13955.166065448411,35f6a6573ef9
16,42,0.04,+/-10%,3,12563.11134549651,12556.159153160594,35f6a6573ef9
16,42,0.04,+/-10%,4,11306.80021094686,11290.169841878342,35f6a6573ef9
16,42,0.04,+/-10%,5,10176.120189852178,10160.680758373748,35f6a6573ef9
16,42,0.04,+/-10%,6,9158.508170866959,9144.612681226385,35f6a6573ef9
16,42,0.04,+/-10%,7,8242.65735378026,8242.657351492968,35f6a6573ef9
16,42,0.04,+/-10%,8,7648.248520080633,7881.822896181911,35f6a6573ef9
16,42,0.04,+/-10%,9,7604.148442979755,7405.994947125292,35f6a6573ef9
16,42,0.04,+/-10%,10,8364.563287277731,7989.273481975091,35f6a6573ef9
16,42,0.04,+/-10%,11,7650.975006662723,8448.872144997798,35f6a6573ef9
16,42,0.04,+/-10%,12,8416.072507328992,8449.589128873935,35f6a6573ef9
16,42,0.04,+/-10%,13,9208.080345127033,8915.017379194003,35f6a6573ef9
16,42,0.04,+/-10%,14,8287.27231061433,8023.515642320733,35f6a6573ef9
16,42,0.04,+/-10%,15,7992.354078681997,7758.77970486801,35f6a6573ef9
16,42,0.04,+/-20%,1,18927.163855607534,18927.163855607534,35f6a6573ef9
16,42,0.04,+/-20%,2,15141.731084486028,15131.259066534174,35f6a6573ef9
16,42,0.04,+/-20%,3,12113.384867588818,12105.742126807994,35f6a6573ef9
16,42,0.04,+/-20%,4,9690.707894071062,9679.509493139065,35f6a6573ef9
16,42,0.04,+/-20%,5,7752.566315256846,7743.607589968645,35f6a6573ef9
16,42,0.04,+/-20%,6,6202.053052205477,6222.733032536271,35f6a6573ef9
16,42,0.04,+/-20%,7,7442.463662646572,7752.953876212022,35f6a6573ef9
16,42,0.04,+/-20%,8,8930.956395175886,8607.534210249505,35f6a6573ef9
16,42,0.04,+/-20%,9,10717.147674211063,10752.88267541663,35f6a6573ef9
16,42,0.04,+/-20%,10,9056.701505100726,9044.691647006935,35f6a6573ef9
16,42,0.04,+/-20%,11,7245.361204080579,7235.75331625525,35f6a6573ef9
16,42,0.04,+/-20%,12,7738.901220055383,7244.6413263642735,35f6a6573ef9
16,42,0.04,+/-20%,13,7470.018870571721,8324.895982310205,35f6a6573ef9
16,42,0.04,+/-20%,14,7191.282821340471,6659.916786773765,35f6a6573ef9
16,42,0.04,+/-20%,15,8629.539385608563,8415.741762122481,35f6a6573ef9
16,42,0.06,NHF,1,38604.07814364765,38604.07814364765,35f6a6573ef9
16,42,0.06,NHF,2,4689.192118115167,4689.192118115167,35f6a6573ef9
16,42,0.06,NHF,3,4545.714767710941,4545.714767710941,35f6a6573ef9
16,42,0.06,NHF,4,4652.127489950377,4652.127489950377,35f6a6573ef9
16,42,0.06,NHF,5,5383.663472868428,5383.663472868428,35f6a6573ef9
16,42,0.06,NHF,6,4871.378499616013,4871.378499616013,35f6a6573ef9
16,42,0.06,NHF,7,12624.081000871698,12624.081000871698,35f6a6573ef9
16,42,0.06,NHF,8,10562.998313707727,10562.998313707727,35f6a6573ef9
16,42,0.06,NHF,9,14430.979921448383,14430.979921448385,35f6a6573ef9
16,42,0.06,NHF,10,4690.398629761375,4690.398629761375,35f6a6573ef9
16,42,0.06,NHF,11,4695.800952503937,4695.800952503937,35f6a6573ef9
16,42,0.06,NHF,12,5270.228170395435,5270.228170395435,35f6a6573ef9
16,42,0.06,NHF,13,12010.51618509815,12010.51618509815,35f6a6573ef9
16,42,0.06,NHF,14,4066.0152727797204,4066.0152727797204,35f6a6573ef9
16,42,0.06,NHF,15,11644.214404286178,11644.214404286178,35f6a6573ef9
16,42,0.06,NDY,1,10113.654490315099,10113.654490315099,35f6a6573ef9
16,42,0.06,NDY,2,10113.654490315099,9972.87088148157,35f6a6573ef9
16,42,0.06,NDY,3,10113.654490315097,9854.937738883893,35f6a6573ef9
16,42,0.06,NDY,4,10113.654490315099,9754.718343246012,35f6a6573ef9
16,42,0.06,NDY,5,10113.654490315099,9652.579170995605,35f6a6573ef9
16,42,0.06,NDY,6,10113.6544903151,9551.043238785673,35f6a6573ef9
16,42,0.06,NDY,7,10113.654490315099,9441.90909524394,35f6a6573ef9
16,42,0.06,NDY,8,10113.6544903151,9364.652237695707,35f6a6573ef9
16,42,0.06,NDY,9,10113.6544903151,9289.07104817223,35f6a6573ef9
16,42,0.06,NDY,10,10113.654490315104,9227.454904376744,35f6a6573ef9
16,42,0.06,NDY,11,10113.6544903151,9162.802547911535,35f6a6573ef9
16,42,0.06,NDY,12,10113.654490315097,9096.285856249251,35f6a6573ef9
16,42,0.06,NDY,13,10113.6544903151,9035.421447110282,35f6a6573ef9
16,42,0.06,NDY,14,10113.654490315104,8964.728639292307,35f6a6573ef9
16,42,0.06,NDY,15,10113.6544903151,8916.147490910509,35f6a6573ef9
16,42,0.06,-10%,1,15477.237100221082,15477.237100221082,35f6a6573ef9
16,42,0.06,-10%,2,13929.513390198974,13884.044031643458,35f6a6573ef9
16,42,0.06,-10%,3,12536.56205117908,12485.23050104537,35f6a6573ef9
16,42,0.06,-10%,4,11282.905846061172,11196.3721585523,35f6a6573ef9
16,42,0.06,-10%,5,10154.615261455054,10071.814683264363,35f6a6573ef9
16,42,0.06,-10%,6,9139.15373530955,9064.633217661603,35f6a6573ef9
16,42,0.06,-10%,7,8225.23836177859,8198.389160027891,35f6a6573ef9
16,42,0.06,-10%,8,7402.714525600733,7378.550247596626,35f6a6573ef9
16,42,0.06,-10%,9,7983.884453413828,8411.63427118889,35f6a6573ef9
16,42,0.06,-10%,10,8600.755851972615,7967.931659563517,35f6a6573ef9
16,42,0.06,-10%,11,7740.680266775355,8765.046957874203,35f6a6573ef9
16,42,0.06,-10%,12,8024.250938088768,7985.719436103805,35f6a6573ef9
16,42,0.06,-10%,13,8971.947425490825,8399.049165598093,35f6a6573ef9
16,42,0.06,-10%,14,8074.752682941741,7559.144248923265,35f6a6573ef9
16,42,0.06,-10%,15,8730.758709782856,8356.97074110905,35f6a6573ef9
16,42,0.06,-20%,1,18865.7023424644,18865.7023424644,35f6a6573ef9
16,42,0.06,-20%,2,15092.561873971521,15069.660616375617,35f6a6573ef9
16,42,0.06,-20%,3,12074.049499177212,12046.949133555692,35f6a6573ef9
16,42,0.06,-20%,4,9659.239599341776,9630.513129559871,35f6a6573ef9
16,42,0.06,-20%,5,7727.39167947342,7704.410500593783,35f6a6573ef9
16,42,0.06,-20%,6,6181.913343578735,6163.528399370058,35f6a6573ef9
16,42,0.06,-20%,7,7833.100567720891,7833.100567720891,35f6a6573ef9
16,42,0.06,-20%,8,9125.397318194076,8966.115506481166,35f6a6573ef9
16,42,0.06,-20%,9,10079.492411958285,9965.682701847749,35f6a6573ef9
16,42,0.06,-20%,10,8988.782939491333,9283.540467029054,35f6a6573ef9
16,42,0.06,-20%,11,7191.026351593067,7426.832375096706,35f6a6573ef9
16,42,0.06,-20%,12,7842.3471472338415,7255.097221692594,35f6a6573ef9
16,42,0.06,-20%,13,8035.474730407397,8199.808246164286,35f6a6573ef9
16,42,0.06,-20%,14,6428.379784325917,6559.846594135836,35f6a6573ef9
16,42,0.06,-20%,15,8891.143296483915,8706.10230495577,35f6a6573ef9
16,42,0.06,+/-10%,1,15477.237100221082,15477.237100221082,35f6a6573ef9
16,42,0.06,+/-10%,2,13929.513390198972,13888.361481617892,35f6a6573ef9
16,42,0.06,+/-10%,3,12536.562051179077,12488.245526803466,35f6a6573ef9
16,42,0.06,+/-10%,4,11282.905846061172,11200.90818550474,35f6a6573ef9
16,42,0.06,+/-10%,5,10154.615261455057,10075.784818523176,35f6a6573ef9
16,42,0.06,+/-10%,6,9139.153735309552,9068.20633982679,35f6a6573ef9
16,42,0.06,+/-10%,7,8225.238361778594,8206.750472441632,35f6a6573ef9
16,42,0.06,+/-10%,8,7402.714525600735,7386.075426907888,35f6a6573ef9
16,42,0.06,+/-10%,9,7983.884453413812,8124.682969435339,35f6a6573ef9
16,42,0.06,+/-10%,10,8600.75585197262,8460.778506942654,35f6a6573ef9
16,42,0.06,+/-10%,11,7740.680266775359,8541.288488317357,35f6a6573ef9
16,42,0.06,+/-10%,12,8024.250938088768,7977.97346551869,35f6a6573ef9
16,42,0.06,+/-10%,13,8826.676031897647,8412.818405977803,35f6a6573ef9
16,42,0.06,+/-10%,14,8254.363038694588,7571.536563105501,35f6a6573ef9
16,42,0.06,+/-10%,15,8730.758709782845,8316.859908709112,35f6a6573ef9
16,42,0.06,+/-20%,1,18856.640297747654,18856.640297747654,35f6a6573ef9
16,42,0.06,+/-20%,2,15085.312238198128,15058.347249927789,35f6a6573ef9
16,42,0.06,+/-20%,3,12068.2497905585,12030.324728692945,35f6a6573ef9
16,42,0.06,+/-20%,4,9654.599832446804,9619.737325325319,35f6a6573ef9
16,42,0.06,+/-20%,5,7723.679865957442,7693.126503136231,35f6a6573ef9
16,42,0.06,+/-20%,6,6178.943892765953,6159.766906059097,35f6a6573ef9
16,42,0.06,+/-20%,7,7414.732671319144,7624.964940708983,35f6a6573ef9
16,42,0.06,+/-20%,8,8897.679205582974,8605.461308202264,35f6a6573ef9
16,42,0.06,+/-20%,9,10677.21504669957,10614.681680652568,35f6a6573ef9
16,42,0.06,+/-20%,10,9243.884148039848,9467.925943912154,35f6a6573ef9
16,42,0.06,+/-20%,11,7395.107318431881,7574.340757035432,35f6a6573ef9
16,42,0.06,+/-20%,12,7742.2833028526875,7009.925014975864,35f6a6573ef9
16,42,0.06,+/-20%,13,7604.982360440048,7885.0854417304345,35f6a6573ef9
16,42,0.06,+/-20%,14,6700.764591169295,6308.068355306932,35f6a6573ef9
16,42,0.06,+/-20%,15,8040.917509403157,8699.316054975121,35f6a6573ef9
16,1042,0.0,NHF,1,2379.9466456533332,2379.9466456533332,35f6a6573ef9
16,1042,0.0,NHF,2,559.21489624,889.7442904,35f6a6573ef9
16,1042,0.0,NHF,3,7956.399760147272,548.62475395,35f6a6573ef9
16,1042,0.0,NHF,4,5479.3141180825,7528.070542852878,35f6a6573ef9
16,1042,0.0,NHF,5,28367.61677958476,19056.88093338504,35f6a6573ef9
16,1042,0.0,NHF,6,9181.2381135669,7840.73591270888,35f6a6573ef9
16,1042,0.0,NHF,7,21162.90929991947,6724.58263834395,35f6a6573ef9
16,1042,0.0,NHF,8,8091.271214952823,11660.525610669083,35f6a6573ef9
16,1042,0.0,NHF,9,5222.096412799287,10433.131362009051,35f6a6573ef9
16,1042,0.0,NHF,10,523.02180229,7254.98567969804,35f6a6573ef9
16,1042,0.0,NHF,11,22.91236149,10950.520387667437,35f6a6573ef9
16,1042,0.0,NHF,12,1146.8765828399999,10484.025624213355,35f6a6573ef9
16,1042,0.0,NHF,13,1498.0062355925002,9110.809143339717,35f6a6573ef9
16,1042,0.0,NHF,14,6106.417289844773,9352.562053281066,35f6a6573ef9
16,1042,0.0,NHF,15,74447.15341337357,8166.302579356903,35f6a6573ef9
16,1042,0.0,NDY,1,1351.870052221851,1351.870052221851,35f6a6573ef9
16,1042,0.0,NDY,2,10740.10734888671,8911.590185770254,35f6a6573ef9
16,1042,0.0,NDY,3,10740.107348886708,9006.15983531872,35f6a6573ef9
16,1042,0.0,NDY,4,10740.107348886688,9097.215616764957,35f6a6573ef9
16,1042,0.0,NDY,5,10740.107348886731,10440.302969948196,35f6a6573ef9
16,1042,0.0,NDY,6,10740.107348886699,10287.971242442343,35f6a6573ef9
16,1042,0.0,NDY,7,10740.10734888671,10136.814211442841,35f6a6573ef9
16,1042,0.0,NDY,8,10740.107348886715,9975.15069049701,35f6a6573ef9
16,1042,0.0,NDY,9,10740.107348886706,9745.070624863854,35f6a6573ef9
16,1042,0.0,NDY,10,10740.107348886706,9697.789334836,35f6a6573ef9
16,1042,0.0,NDY,11,10740.107348886708,9335.814754045356,35f6a6573ef9
16,1042,0.0,NDY,12,10740.107348886706,9100.769560615381,35f6a6573ef9
16,1042,0.0,NDY,13,10740.107348886726,8678.933255271815,35f6a6573ef9
16,1042,0.0,NDY,14,10740.107348886671,8137.818460451178,35f6a6573ef9
16,1042,0.0,NDY,15,10740.107348886728,8137.818462382883,35f6a6573ef9
16,1042,0.0,-10%,1,3410.818566056284,3410.818566056284,35f6a6573ef9
16,1042,0.0,-10%,2,3069.7367094506553,3069.7367054799997,35f6a6573ef9
16,1042,0.0,-10%,3,4744.836551965537,2778.964861180658,35f6a6573ef9
16,1042,0.0,-10%,4,14498.578440631172,15476.551091453459,35f6a6573ef9
16,1042,0.0,-10%,5,13048.720596568053,14157.294336341334,35f6a6573ef9
16,1042,0.0,-10%,6,11743.848536911251,12758.13819431974,35f6a6573ef9
16,1042,0.0,-10%,7,10569.463683220125,9597.95946126772,35f6a6573ef9
16,1042,0.0,-10%,8,9512.517314898114,10611.00486186863,35f6a6573ef9
16,1042,0.0,-10%,9,8561.265583408305,9368.645271144223,35f6a6573ef9
16,1042,0.0,-10%,10,8163.348445624818,9981.306855693232,35f6a6573ef9
16,1042,0.0,-10%,11,14660.32623568743,10147.188363996162,35f6a6573ef9
16,1042,0.0,-10%,12,14732.657543054465,6791.907325103293,35f6a6573ef9
16,1042,0.0,-10%,13,13259.391788749022,8294.74906350037,35f6a6573ef9
16,1042,0.0,-10%,14,11933.45260987412,6147.532722849166,35f6a6573ef9
16,1042,0.0,-10%,15,10740.107348886706,10923.040427752043,35f6a6573ef9
16,1042,0.0,-20%,1,3410.35841233,3410.35841233,35f6a6573ef9
16,1042,0.0,-20%,2,2728.2867298640003,3070.2234569999996,35f6a6573ef9
16,1042,0.0,-20%,3,2182.6293838912,6207.573655021265,35f6a6573ef9
16,1042,0.0,-20%,4,14844.573854191463,9971.891811603911,35f6a6573ef9
16,1042,0.0,-20%,5,16406.043287516957,17553.73643308573,35f6a6573ef9
16,1042,0.0,-20%,6,13124.834630013569,13129.93794987862,35f6a6573ef9
16,1042,0.0,-20%,7,10499.867704010852,11557.127913944552,35f6a6573ef9
16,1042,0.0,-20%,8,8399.894163208683,7800.520085423283,35f6a6573ef9
16,1042,0.0,-20%,9,6719.915330566946,7231.185103281742,35f6a6573ef9
16,1042,0.0,-20%,10,8707.874954173216,8869.403255425717,35f6a6573ef9
16,1042,0.0,-20%,11,8013.558167417612,11699.324995055575,35f6a6573ef9
16,1042,0.0,-20%,12,16660.527967283684,8714.128375366417,35f6a6573ef9
16,1042,0.0,-20%,13,16781.417732635473,7216.8092314003,35f6a6573ef9
16,1042,0.0,-20%,14,13425.134186108378,6536.122917707526,35f6a6573ef9
16,1042,0.0,-20%,15,10740.107348886706,7984.684273841535,35f6a6573ef9
16,1042,0.0,+/-10%,1,6285.9380138756405,6285.9380138756405,35f6a6573ef9
16,1042,0.0,+/-10%,2,6914.531815263202,7059.921619129265,35f6a6573ef9
16,1042,0.0,+/-10%,3,7605.984996789537,8010.961977964098,35f6a6573ef9
16,1042,0.0,+/-10%,4,8366.58349646848,9831.624961504982,35f6a6573ef9
16,1042,0.0,+/-10%,5,9203.241846115336,10580.950745504257,35f6a6573ef9
16,1042,0.0,+/-10%,6,10123.566030726868,10178.591428308277,35f6a6573ef9
16,1042,0.0,+/-10%,7,10399.064496693623,9908.120234937574,35f6a6573ef9
16,1042,0.0,+/-10%,8,9639.83281483117,10491.867856143745,35f6a6573ef9
16,1042,0.0,+/-10%,9,10603.816096314284,8942.776079356749,35f6a6573ef9
16,1042,0.0,+/-10%,10,11664.197705945717,10298.757971129915,35f6a6573ef9
16,1042,0.0,+/-10%,11,12830.61747654029,9549.319881517446,35f6a6573ef9
16,1042,0.0,+/-10%,12,14113.67922419432,8037.458634149795,35f6a6573ef9
16,1042,0.0,+/-10%,13,13259.391788749028,7359.3182317496785,35f6a6573ef9
16,1042,0.0,+/-10%,14,11933.452609874115,8283.268581266726,35f6a6573ef9
16,1042,0.0,+/-10%,15,10740.10734888671,10345.984647160647,35f6a6573ef9
16,1042,0.0,+/-20%,1,5104.767811897196,5104.767811897196,35f6a6573ef9
16,1042,0.0,+/-20%,2,6125.721374276635,6239.0689165424865,35f6a6573ef9
16,1042,0.0,+/-20%,3,7350.865649131963,8303.228501147176,35f6a6573ef9
16,1042,0.0,+/-20%,4,8821.038778958355,9831.624961504982,35f6a6573ef9
16,1042,0.0,+/-20%,5,10585.246534750026,12770.758437979255,35f6a6573ef9
16,1042,0.0,+/-20%,6,12702.295841700032,9553.888808434402,35f6a6573ef9
16,1042,0.0,+/-20%,7,10179.639374108601,9397.750914296277,35f6a6573ef9
16,1042,0.0,+/-20%,8,9213.55741198613,9128.91729331863,35f6a6573ef9
16,1042,0.0,+/-20%,9,8014.872780876946,9440.65409815285,35f6a6573ef9
16,1042,0.0,+/-20%,10,9617.847337052337,10453.151053895559,35f6a6573ef9
16,1042,0.0,+/-20%,11,11541.416804462802,11213.61586156075,35f6a6573ef9
16,1042,0.0,+/-20%,12,13849.700165355365,8161.941244773196,35f6a6573ef9
16,1042,0.0,+/-20%,13,16619.640198426438,7309.8026683978,35f6a6573ef9
16,1042,0.0,+/-20%,14,13425.134186108384,8632.683570062003,35f6a6573ef9
16,1042,0.0,+/-20%,15,10740.107348886704,9205.588337702839,35f6a6573ef9
16,1042,0.02,NHF,1,30760.610242419432,30760.610242419432,35f6a6573ef9
16,1042,0.02,NHF,2,3998.7942746406816,4989.143210110398,35f6a6573ef9
16,1042,0.02,NHF,3,6978.578767297815,6363.8052534690505,35f6a6573ef9
16,1042,0.02,NHF,4,4668.060193281874,4549.277293398461,35f6a6573ef9
16,1042,0.02,NHF,5,14184.24889090431,13573.546522849181,35f6a6573ef9
16,1042,0.02,NHF,6,4609.731830655589,4609.731830655589,35f6a6573ef9
16,1042,0.02,NHF,7,11096.7604684527,11096.760468452698,35f6a6573ef9
16,1042,0.02,NHF,8,10187.917117504923,10187.917117504923,35f6a6573ef9
16,1042,0.02,NHF,9,9804.387143782616,9961.360236177909,35f6a6573ef9
16,1042,0.02,NHF,10,2780.356719037054,3375.4587878991333,35f6a6573ef9
16,1042,0.02,NHF,11,5613.261092903574,7610.736254077304,35f6a6573ef9
16,1042,0.02,NHF,12,5463.349574126406,4629.847968924762,35f6a6573ef9
16,1042,0.02,NHF,13,14339.847761586369,14435.80527659591,35f6a6573ef9
16,1042,0.02,NHF,14,8348.164140517782,6106.203475018491,35f6a6573ef9
16,1042,0.02,NHF,15,13876.650472769556,11187.78350849309,35f6a6573ef9
16,1042,0.02,NDY,1,10050.447668354664,10050.447668354664,35f6a6573ef9
16,1042,0.02,NDY,2,10050.447668354669,9961.09187390709,35f6a6573ef9
16,1042,0.02,NDY,3,10050.447668354665,9875.52306134022,35f6a6573ef9
16,1042,0.02,NDY,4,10050.447668354665,9793.93761761917,35f6a6573ef9
16,1042,0.02,NDY,5,10050.447668354667,9707.940368691563,35f6a6573ef9
16,1042,0.02,NDY,6,10050.447668354669,9630.473230290605,35f6a6573ef9
16,1042,0.02,NDY,7,10050.447668354667,9552.196385127372,35f6a6573ef9
16,1042,0.02,NDY,8,10050.447668354667,9487.031865094454,35f6a6573ef9
16,1042,0.02,NDY,9,10050.447668354662,9420.857670268808,35f6a6573ef9
16,1042,0.02,NDY,10,10050.44766835467,9362.883448463646,35f6a6573ef9
16,1042,0.02,NDY,11,10050.447668354667,9306.66739099871,35f6a6573ef9
16,1042,0.02,NDY,12,10050.447668354665,9247.752035438562,35f6a6573ef9
16,1042,0.02,NDY,13,10050.447668354667,9202.411030522553,35f6a6573ef9
16,1042,0.02,NDY,14,10050.447668354665,9156.605771314544,35f6a6573ef9
16,1042,0.02,NDY,15,10050.447668354667,9107.076603401078,35f6a6573ef9
16,1042,0.02,-10%,1,14927.402780701686,14927.402780701686,35f6a6573ef9
16,1042,0.02,-10%,2,13434.662502631516,13427.561364520083,35f6a6573ef9
16,1042,0.02,-10%,3,12091.196252368363,12046.771454836236,35f6a6573ef9
16,1042,0.02,-10%,4,10882.076627131531,10843.83511330773,35f6a6573ef9
16,1042,0.02,-10%,5,9793.868964418378,9738.9011159065,35f6a6573ef9
16,1042,0.02,-10%,6,8814.482067976536,8765.011005492877,35f6a6573ef9
16,1042,0.02,-10%,7,8484.277431115572,8484.277429685613,35f6a6573ef9
16,1042,0.02,-10%,8,7635.849688004013,7960.774120092847,35f6a6573ef9
16,1042,0.02,-10%,9,6872.264719203613,7164.696707743851,35f6a6573ef9
16,1042,0.02,-10%,10,7060.737009599579,7200.143737046626,35f6a6573ef9
16,1042,0.02,-10%,11,7274.300235278269,6480.1293683005315,35f6a6573ef9
16,1042,0.02,-10%,12,10157.100489465194,9197.62791232345,35f6a6573ef9
16,1042,0.02,-10%,13,9391.36998832438,9845.2836853295,35f6a6573ef9
16,1042,0.02,-10%,14,8452.232989491942,9287.408111561956,35f6a6573ef9
16,1042,0.02,-10%,15,8339.190685625856,8361.89289369446,35f6a6573ef9
16,1042,0.02,-20%,1,18182.935829335373,18182.935829335373,35f6a6573ef9
16,1042,0.02,-20%,2,14546.348663468307,14524.971802867085,35f6a6573ef9
16,1042,0.02,-20%,3,11637.078930774647,11538.905403749459,35f6a6573ef9
16,1042,0.02,-20%,4,9309.663144619717,9314.202325668868,35f6a6573ef9
16,1042,0.02,-20%,5,7447.730515695774,7455.254518551907,35f6a6573ef9
16,1042,0.02,-20%,6,5958.184412556619,5964.203610400589,35f6a6573ef9
16,1042,0.02,-20%,7,9377.740961052334,9377.740963286478,35f6a6573ef9
16,1042,0.02,-20%,8,8402.630791244803,8665.49241440991,35f6a6573ef9
16,1042,0.02,-20%,9,7141.528814893873,7830.579671560883,35f6a6573ef9
16,1042,0.02,-20%,10,8379.683064731433,7801.501883550878,35f6a6573ef9
16,1042,0.02,-20%,11,7505.466190726761,6241.201506413716,35f6a6573ef9
16,1042,0.02,-20%,12,9479.579099161332,9427.581214111018,35f6a6573ef9
16,1042,0.02,-20%,13,9017.836140563895,9723.771435398587,35f6a6573ef9
16,1042,0.02,-20%,14,7214.268912451115,7779.0171472701395,35f6a6573ef9
16,1042,0.02,-20%,15,9112.453900700903,8995.482285397338,35f6a6573ef9
16,1042,0.02,+/-10%,1,14926.167988584368,14926.167988584368,35f6a6573ef9
16,1042,0.02,+/-10%,2,13433.55118972595,13434.00644321684,35f6a6573ef9
16,1042,0.02,+/-10%,3,12090.196070753349,12062.461026640744,35f6a6573ef9
16,1042,0.02,+/-10%,4,10881.176463678017,10857.434222337859,35f6a6573ef9
16,1042,0.02,+/-10%,5,9793.058817310213,9745.260520244223,35f6a6573ef9
16,1042,0.02,+/-10%,6,8813.752935579194,8770.734466042415,35f6a6573ef9
16,1042,0.02,+/-10%,7,8471.44317533003,8471.443177107121,35f6a6573ef9
16,1042,0.02,+/-10%,8,7624.298857797023,7624.2988613095695,35f6a6573ef9
16,1042,0.02,+/-10%,9,6861.868972017333,6955.872222346752,35f6a6573ef9
16,1042,0.02,+/-10%,10,7235.910665981332,7453.027930208616,35f6a6573ef9
16,1042,0.02,+/-10%,11,7959.50173257947,7741.425944299519,35f6a6573ef9
16,1042,0.02,+/-10%,12,8755.451905837415,8875.535565029008,35f6a6573ef9
16,1042,0.02,+/-10%,13,9630.99709642116,8927.635095751852,35f6a6573ef9
16,1042,0.02,+/-10%,14,8667.89738677904,9281.172476109645,35f6a6573ef9
16,1042,0.02,+/-10%,15,8431.449824489677,8353.810818137661,35f6a6573ef9
16,1042,0.02,+/-20%,1,18083.978709158655,18083.978709158655,35f6a6573ef9
16,1042,0.02,+/-20%,2,14467.182967326928,14420.098192851217,35f6a6573ef9
16,1042,0.02,+/-20%,3,11573.746373861546,11036.41947593029,35f6a6573ef9
16,1042,0.02,+/-20%,4,9258.997099089236,8808.589481244244,35f6a6573ef9
16,1042,0.02,+/-20%,5,7407.197679271388,8469.455904111315,35f6a6573ef9
16,1042,0.02,+/-20%,6,6654.479154159642,6780.973691698449,35f6a6573ef9
16,1042,0.02,+/-20%,7,7985.374984991569,8287.710228114021,35f6a6573ef9
16,1042,0.02,+/-20%,8,9582.449981989883,9580.802881136624,35f6a6573ef9
16,1042,0.02,+/-20%,9,7665.959985591906,8130.80599662044,35f6a6573ef9
16,1042,0.02,+/-20%,10,8028.83982989283,7362.3792450598485,35f6a6573ef9
16,1042,0.02,+/-20%,11,8152.531964900904,6757.19864686435,35f6a6573ef9
16,1042,0.02,+/-20%,12,8270.552695907201,8108.638379574966,35f6a6573ef9
16,1042,0.02,+/-20%,13,8595.51624508288,9616.975964706508,35f6a6573ef9
16,1042,0.02,+/-20%,14,7797.243561450993,8836.981292671475,35f6a6573ef9
16,1042,0.02,+/-20%,15,9356.692273741193,8895.411151015609,35f6a6573ef9
16,1042,0.04,NHF,1,34890.90322575272,34890.90322575272,35f6a6573ef9
16,1042,0.04,NHF,2,6361.540418872481,6361.540418872481,35f6a6573ef9
16,1042,0.04,NHF,3,5484.188608363237,5484.188608363237,35f6a6573ef9
16,1042,0.04,NHF,4,3805.787136561863,3805.787136561863,35f6a6573ef9
16,1042,0.04,NHF,5,5048.469225809253,5048.469225809253,35f6a6573ef9
16,1042,0.04,NHF,6,4609.731830655589,4609.731830655589,35f6a6573ef9
16,1042,0.04,NHF,7,11864.76827128013,11864.76827128013,35f6a6573ef9
16,1042,0.04,NHF,8,11629.188770319659,11629.18877031966,35f6a6573ef9
16,1042,0.04,NHF,9,11760.340395340547,11760.340395340547,35f6a6573ef9
16,1042,0.04,NHF,10,5079.365465532951,5079.365465532951,35f6a6573ef9
16,1042,0.04,NHF,11,6574.355771514017,6574.355771514017,35f6a6573ef9
16,1042,0.04,NHF,12,4422.066012466785,4422.066012466785,35f6a6573ef9
16,1042,0.04,NHF,13,10735.809226005978,10735.809226005978,35f6a6573ef9
16,1042,0.04,NHF,14,6825.864630523042,6825.864630523042,35f6a6573ef9
16,1042,0.04,NHF,15,11389.299740480348,11389.299740480348,35f6a6573ef9
16,1042,0.04,NDY,1,10007.475579726026,10007.475579726026,35f6a6573ef9
16,1042,0.04,NDY,2,10007.475579726028,9906.339264451208,35f6a6573ef9
16,1042,0.04,NDY,3,10007.475579726028,9811.164757798993,35f6a6573ef9
16,1042,0.04,NDY,4,10007.475579726028,9708.26547254611,35f6a6573ef9
16,1042,0.04,NDY,5,10007.475579726028,9605.61242539797,35f6a6573ef9
16,1042,0.04,NDY,6,10007.47557972603,9504.267677964202,35f6a6573ef9
16,1042,0.04,NDY,7,10007.475579726028,9416.52555780191,35f6a6573ef9
16,1042,0.04,NDY,8,10007.475579726028,9338.780803860072,35f6a6573ef9
16,1042,0.04,NDY,9,10007.475579726024,9268.99794732423,35f6a6573ef9
16,1042,0.04,NDY,10,10007.475579726026,9199.90902723428,35f6a6573ef9
16,1042,0.04,NDY,11,10007.475579726026,9115.37926241569,35f6a6573ef9
16,1042,0.04,NDY,12,10007.475579726026,9041.373619307707,35f6a6573ef9
16,1042,0.04,NDY,13,10007.475579726028,8981.494656880626,35f6a6573ef9
16,1042,0.04,NDY,14,10007.475579726031,8930.064263161277,35f6a6573ef9
16,1042,0.04,NDY,15,10007.475579726028,8874.776502768102,35f6a6573ef9
16,1042,0.04,-10%,1,14928.813509979855,14928.813509979855,35f6a6573ef9
16,1042,0.04,-10%,2,13435.932158981876,13434.077903506455,35f6a6573ef9
16,1042,0.04,-10%,3,12092.338943083683,12085.715297459943,35f6a6573ef9
16,1042,0.04,-10%,4,10883.105048775318,10862.18013560153,35f6a6573ef9
16,1042,0.04,-10%,5,9794.794543897784,9768.27844208367,35f6a6573ef9
16,1042,0.04,-10%,6,8815.315089508007,8791.450598898437,35f6a6573ef9
16,1042,0.04,-10%,7,7933.783580557206,7933.7835818731755,35f6a6573ef9
16,1042,0.04,-10%,8,7834.360034147365,7853.212493967843,35f6a6573ef9
16,1042,0.04,-10%,9,7050.924030732627,7067.891242815751,35f6a6573ef9
16,1042,0.04,-10%,10,7780.491578184461,7875.899931254744,35f6a6573ef9
16,1042,0.04,-10%,11,7002.442420366015,7088.309938673014,35f6a6573ef9
16,1042,0.04,-10%,12,9233.141863688355,9609.101325930282,35f6a6573ef9
16,1042,0.04,-10%,13,9549.729346134995,8893.79746128755,35f6a6573ef9
16,1042,0.04,-10%,14,8594.756411521497,8448.393482582233,35f6a6573ef9
16,1042,0.04,-10%,15,8580.183378640457,8160.664596930685,35f6a6573ef9
16,1042,0.04,-20%,1,18189.187515021782,18189.187515021782,35f6a6573ef9
16,1042,0.04,-20%,2,14551.350012017429,14538.757072768614,35f6a6573ef9
16,1042,0.04,-20%,3,11641.08000961395,11631.354183911248,35f6a6573ef9
16,1042,0.04,-20%,4,9312.86400769116,9304.666071125488,35f6a6573ef9
16,1042,0.04,-20%,5,7450.291206152929,7443.7328587029815,35f6a6573ef9
16,1042,0.04,-20%,6,5960.232964922342,5954.986286760938,35f6a6573ef9
16,1042,0.04,-20%,7,8369.338732978751,8369.338734196095,35f6a6573ef9
16,1042,0.04,-20%,8,8987.610962838002,8987.61096162066,35f6a6573ef9
16,1042,0.04,-20%,9,7864.2524500142345,8363.71419322403,35f6a6573ef9
16,1042,0.04,-20%,10,8533.42719776507,8222.708099676316,35f6a6573ef9
16,1042,0.04,-20%,11,6826.741758212055,6578.166479521699,35f6a6573ef9
16,1042,0.04,-20%,12,9980.509755418669,9251.38534864161,35f6a6573ef9
16,1042,0.04,-20%,13,7984.407804334937,8776.353903453346,35f6a6573ef9
16,1042,0.04,-20%,14,7702.053072323722,7699.064013551681,35f6a6573ef9
16,1042,0.04,-20%,15,8912.026935761654,8911.432550590462,35f6a6573ef9
16,1042,0.04,+/-10%,1,14925.144439847953,14925.144439847953,35f6a6573ef9
16,1042,0.04,+/-10%,2,13432.62999586316,13430.707052752874,35f6a6573ef9
16,1042,0.04,+/-10%,3,12089.366996276845,12083.640853599796,35f6a6573ef9
16,1042,0.04,+/-10%,4,10880.430296649161,10866.917904984182,35f6a6573ef9
16,1042,0.04,+/-10%,5,9792.387266984244,9778.935659617471,35f6a6573ef9
16,1042,0.04,+/-10%,6,8813.148540285822,8801.042094047252,35f6a6573ef9
16,1042,0.04,+/-10%,7,7931.833686257237,7931.833686987399,35f6a6573ef9
16,1042,0.04,+/-10%,8,7808.332311142054,7845.058840233325,35f6a6573ef9
16,1042,0.04,+/-10%,9,7027.499080027848,7060.552956348691,35f6a6573ef9
16,1042,0.04,+/-10%,10,7711.495201801919,7766.608250485675,35f6a6573ef9
16,1042,0.04,+/-10%,11,7809.40067803624,7784.4537501624,35f6a6573ef9
16,1042,0.04,+/-10%,12,8590.340745839863,8562.89912684144,35f6a6573ef9
16,1042,0.04,+/-10%,13,9449.374820423853,9373.094370565395,35f6a6573ef9
16,1042,0.04,+/-10%,14,8504.437338381467,8435.784928139969,35f6a6573ef9
16,1042,0.04,+/-10%,15,8700.3542913974,8109.179704662184,35f6a6573ef9
16,1042,0.04,+/-20%,1,18186.494781161535,18186.494781161535,35f6a6573ef9
16,1042,0.04,+/-20%,2,14549.195824929227,14541.815965419886,35f6a6573ef9
16,1042,0.04,+/-20%,3,11639.356659943385,11630.19995707855,35f6a6573ef9
16,1042,0.04,+/-20%,4,9311.485327954708,9303.636779461787,35f6a6573ef9
16,1042,0.04,+/-20%,5,7449.188262363767,7442.909421572849,35f6a6573ef9
16,1042,0.04,+/-20%,6,5959.350609891012,5967.937571698439,35f6a6573ef9
16,1042,0.04,+/-20%,7,7151.2207318692135,7161.5250854986,35f6a6573ef9
16,1042,0.04,+/-20%,8,8581.464878243056,9072.272970612199,35f6a6573ef9
16,1042,0.04,+/-20%,9,10297.757853891668,9734.534156666421,35f6a6573ef9
16,1042,0.04,+/-20%,10,8885.173000667917,8948.031766646965,35f6a6573ef9
16,1042,0.04,+/-20%,11,7108.138400534335,7158.425413767258,35f6a6573ef9
16,1042,0.04,+/-20%,12,8529.766080641202,8328.618352452075,35f6a6573ef9
16,1042,0.04,+/-20%,13,6889.584478355213,6930.677917236849,35f6a6573ef9
16,1042,0.04,+/-20%,14,8110.290127109734,7883.1057757740045,35f6a6573ef9
16,1042,0.04,+/-20%,15,9732.348152531678,9228.08751417423,35f6a6573ef9
16,1042,0.06,NHF,1,34890.90322575272,34890.90322575272,35f6a6573ef9
16,1042,0.06,NHF,2,6361.540418872481,6361.540418872481,35f6a6573ef9
16,1042,0.06,NHF,3,5484.188608363237,5484.188608363237,35f6a6573ef9
16,1042,0.06,NHF,4,3805.787136561863,3805.787136561863,35f6a6573ef9
16,1042,0.06,NHF,5,5048.469225809253,5048.469225809253,35f6a6573ef9
16,1042,0.06,NHF,6,4609.731830655589,4609.731830655589,35f6a6573ef9
16,1042,0.06,NHF,7,11864.76827128013,11864.76827128013,35f6a6573ef9
16,1042,0.06,NHF,8,11629.188770319659,11629.18877031966,35f6a6573ef9
16,1042,0.06,NHF,9,11760.340395340547,11760.340395340547,35f6a6573ef9
16,1042,0.06,NHF,10,5079.365465532951,5079.365465532951,35f6a6573ef9
16,1042,0.06,NHF,11,6574.355771514017,6574.355771514017,35f6a6573ef9
16,1042,0.06,NHF,12,4422.066012466785,4422.066012466785,35f6a6573ef9
16,1042,0.06,NHF,13,10735.809226005978,10735.809226005978,35f6a6573ef9
16,1042,0.06,NHF,14,6825.864630523042,6825.864630523042,35f6a6573ef9
16,1042,0.06,NHF,15,11389.299740480348,11389.299740480348,35f6a6573ef9
16,1042,0.06,NDY,1,9934.141488138643,9934.141488138643,35f6a6573ef9
16,1042,0.06,NDY,2,9934.141488138643,9800.60161907924,35f6a6573ef9
16,1042,0.06,NDY,3,9934.141488138643,9697.613570775788,35f6a6573ef9
16,1042,0.06,NDY,4,9934.141488138644,9605.652681998024,35f6a6573ef9
16,1042,0.06,NDY,5,9934.141488138644,9482.422968781095,35f6a6573ef9
16,1042,0.06,NDY,6,9934.141488138646,9384.887183859119,35f6a6573ef9
16,1042,0.06,NDY,7,9934.141488138643,9286.469309729722,35f6a6573ef9
16,1042,0.06,NDY,8,9934.14148813864,9202.220131794887,35f6a6573ef9
16,1042,0.06,NDY,9,9934.141488138643,9131.93529135836,35f6a6573ef9
16,1042,0.06,NDY,10,9934.141488138648,9066.153766894407,35f6a6573ef9
16,1042,0.06,NDY,11,9934.141488138648,9001.89933042332,35f6a6573ef9
16,1042,0.06,NDY,12,9934.141488138646,8928.187022103684,35f6a6573ef9
16,1042,0.06,NDY,13,9934.141488138648,8871.924754687612,35f6a6573ef9
16,1042,0.06,NDY,14,9934.14148813864,8797.16414936755,35f6a6573ef9
16,1042,0.06,NDY,15,9934.141488138644,8726.997307409283,35f6a6573ef9
16,1042,0.06,-10%,1,14903.25637442672,14903.25637442672,35f6a6573ef9
16,1042,0.06,-10%,2,13412.93073698405,13398.392520243404,35f6a6573ef9
16,1042,0.06,-10%,3,12071.637663285645,12028.43241448049,35f6a6573ef9
16,1042,0.06,-10%,4,10864.473896957084,10807.694933622688,35f6a6573ef9
16,1042,0.06,-10%,5,9778.026507261373,9726.925439716322,35f6a6573ef9
16,1042,0.06,-10%,6,8800.223856535238,8754.232896832464,35f6a6573ef9
16,1042,0.06,-10%,7,7920.201470881712,7920.201474064138,35f6a6573ef9
16,1042,0.06,-10%,8,7564.190080177817,7627.854802987571,35f6a6573ef9
16,1042,0.06,-10%,9,6807.771072160037,6865.069322099791,35f6a6573ef9
16,1042,0.06,-10%,10,8170.176177164893,8450.442163386695,35f6a6573ef9
16,1042,0.06,-10%,11,7353.158559448402,7605.397946928433,35f6a6573ef9
16,1042,0.06,-10%,12,9391.17468648627,9471.521222740555,35f6a6573ef9
16,1042,0.06,-10%,13,9399.769630449498,8524.369096242957,35f6a6573ef9
16,1042,0.06,-10%,14,8459.79266740455,8066.593631145144,35f6a6573ef9
16,1042,0.06,-10%,15,8615.18705558177,8145.01173924063,35f6a6573ef9
16,1042,0.06,-20%,1,18156.653615353862,18156.653615353862,35f6a6573ef9
16,1042,0.06,-20%,2,14525.322892283093,14479.364857431656,35f6a6573ef9
16,1042,0.06,-20%,3,11620.25831382648,11572.422844037004,35f6a6573ef9
16,1042,0.06,-20%,4,9296.206651061186,9255.127290882609,35f6a6573ef9
16,1042,0.06,-20%,5,7436.96532084895,7404.10183096304,35f6a6573ef9
16,1042,0.06,-20%,6,5949.572256679157,5923.28146813782,35f6a6573ef9
16,1042,0.06,-20%,7,7224.898584693064,7224.8985830326465,35f6a6573ef9
16,1042,0.06,-20%,8,9618.066316868222,9296.587568282874,35f6a6573ef9
16,1042,0.06,-20%,9,9529.324513363457,9951.643936242504,35f6a6573ef9
16,1042,0.06,-20%,10,7759.942799864686,8458.423105708975,35f6a6573ef9
16,1042,0.06,-20%,11,6881.705660860917,6816.051188106114,35f6a6573ef9
16,1042,0.06,-20%,12,9222.254101976421,7840.367909843332,35f6a6573ef9
16,1042,0.06,-20%,13,7377.803281581138,7838.051932996145,35f6a6573ef9
16,1042,0.06,-20%,14,8054.309705185001,7732.830956599651,35f6a6573ef9
16,1042,0.06,-20%,15,9624.846041456714,9310.310855934147,35f6a6573ef9
16,1042,0.06,+/-10%,1,14901.93348070715,14901.93348070715,35f6a6573ef9
16,1042,0.06,+/-10%,2,13411.740132636438,13399.221298737488,35f6a6573ef9
16,1042,0.06,+/-10%,3,12070.566119372794,12026.131464897593,35f6a6573ef9
16,1042,0.06,+/-10%,4,10863.509507435516,10799.370923135535,35f6a6573ef9
16,1042,0.06,+/-10%,5,9777.158556691962,9719.433827087314,35f6a6573ef9
16,1042,0.06,+/-10%,6,8799.442701022766,8747.490446412437,35f6a6573ef9
16,1042,0.06,+/-10%,7,7919.498430920489,7919.498427503096,35f6a6573ef9
16,1042,0.06,+/-10%,8,7630.298919052186,7628.238575460089,35f6a6573ef9
16,1042,0.06,+/-10%,9,6867.269027146966,7069.366912910671,35f6a6573ef9
16,1042,0.06,+/-10%,10,7553.995929861665,7729.219785495796,35f6a6573ef9
16,1042,0.06,+/-10%,11,8188.577956838715,8454.240070723446,35f6a6573ef9
16,1042,0.06,+/-10%,12,9007.435752522586,9299.664083672757,35f6a6573ef9
16,1042,0.06,+/-10%,13,9451.179134174885,8369.697670730307,35f6a6573ef9
16,1042,0.06,+/-10%,14,8506.061220757398,8061.204859010597,35f6a6573ef9
16,1042,0.06,+/-10%,15,8554.549006193816,8000.130518282045,35f6a6573ef9
16,1042,0.06,+/-20%,1,18156.35468162418,18156.35468162418,35f6a6573ef9
16,1042,0.06,+/-20%,2,14525.083745299353,14481.207022686343,35f6a6573ef9
16,1042,0.06,+/-20%,3,11620.066996239482,11570.40221705463,35f6a6573ef9
16,1042,0.06,+/-20%,4,9296.053596991587,9255.159509810284,35f6a6573ef9
16,1042,0.06,+/-20%,5,7436.842877593271,7366.407540660098,35f6a6573ef9
16,1042,0.06,+/-20%,6,5949.474302074616,5967.937569993943,35f6a6573ef9
16,1042,0.06,+/-20%,7,7139.369162489539,7161.5250854986,35f6a6573ef9
16,1042,0.06,+/-20%,8,8567.242994987446,8971.495343389272,35f6a6573ef9
16,1042,0.06,+/-20%,9,10280.691593984937,9847.830413944781,35f6a6573ef9
16,1042,0.06,+/-20%,10,8684.288719987793,9003.319833109132,35f6a6573ef9
16,1042,0.06,+/-20%,11,6963.974784167551,7422.24210796999,35f6a6573ef9
16,1042,0.06,+/-20%,12,8356.76974100106,7774.3059599137405,35f6a6573ef9
16,1042,0.06,+/-20%,13,8005.9421981356145,7181.9319828530315,35f6a6573ef9
16,1042,0.06,+/-20%,14,7500.525299072468,7407.73873170605,35f6a6573ef9
16,1042,0.06,+/-20%,15,9000.630358886961,9193.36365845203,35f6a6573ef9
16,2042,0.0,NHF,1,1375.9442452766666,1375.9442452766666,35f6a6573ef9
16,2042,0.0,NHF,2,2427.6808476174997,649.1532375999999,35f6a6573ef9
16,2042,0.0,NHF,3,6471.886629632046,475.23826285,35f6a6573ef9
16,2042,0.0,NHF,4,4904.108225105,8186.813477198967,35f6a6573ef9
16,2042,0.0,NHF,5,29016.49696159584,17664.867024376133,35f6a6573ef9
16,2042,0.0,NHF,6,9270.574736827519,8731.526424030864,35f6a6573ef9
16,2042,0.0,NHF,7,19289.55529882503,7265.082190260839,35f6a6573ef9
16,2042,0.0,NHF,8,8493.388544846037,11591.452813546679,35f6a6573ef9
16,2042,0.0,NHF,9,5885.214358543041,7223.462202546183,35f6a6573ef9
16,2042,0.0,NHF,10,1085.9176088,8089.00242851,35f6a6573ef9
16,2042,0.0,NHF,11,3.27089333,10122.271238644696,35f6a6573ef9
16,2042,0.0,NHF,12,1428.3012865225,10494.499783270025,35f6a6573ef9
16,2042,0.0,NHF,13,1288.8303654375,10351.545338645421,35f6a6573ef9
16,2042,0.0,NHF,14,5737.454677514545,11475.469526854717,35f6a6573ef9
16,2042,0.0,NHF,15,73187.92657647427,6530.196095798903,35f6a6573ef9
16,2042,0.0,NDY,1,628.71105336,628.71105336,35f6a6573ef9
16,2042,0.0,NDY,2,9680.487977514784,7811.44773786228,35f6a6573ef9
16,2042,0.0,NDY,3,10709.535822456075,8847.92010194132,35f6a6573ef9
16,2042,0.0,NDY,4,10709.535822456073,9685.653542538304,35f6a6573ef9
16,2042,0.0,NDY,5,10709.535822456075,10311.86903494456,35f6a6573ef9
16,2042,0.0,NDY,6,10709.535822456075,9945.626421230563,35f6a6573ef9
16,2042,0.0,NDY,7,10709.535822456075,9909.326754415653,35f6a6573ef9
16,2042,0.0,NDY,8,10709.535822456073,9882.047594088936,35f6a6573ef9
16,2042,0.0,NDY,9,10709.535822456073,9603.960236701863,35f6a6573ef9
16,2042,0.0,NDY,10,10709.535822456075,9479.158574366678,35f6a6573ef9
16,2042,0.0,NDY,11,10709.53582245609,9162.83894535399,35f6a6573ef9
16,2042,0.0,NDY,12,10709.535822456059,9115.208372763223,35f6a6573ef9
16,2042,0.0,NDY,13,10709.535822456077,9074.948217453988,35f6a6573ef9
16,2042,0.0,NDY,14,10709.535822456075,8382.903937932499,35f6a6573ef9
16,2042,0.0,NDY,15,10709.535822456075,8156.5011679044965,35f6a6573ef9
16,2042,0.0,-10%,1,3382.658744625,3382.658744625,35f6a6573ef9
16,2042,0.0,-10%,2,3574.3281738624996,3398.1252856825,35f6a6573ef9
16,2042,0.0,-10%,3,3639.309539200883,5156.7312572,35f6a6573ef9
16,2042,0.0,-10%,4,14118.699796231494,14032.11430435738,35f6a6573ef9
16,2042,0.0,-10%,5,12706.829816608348,13281.905325211043,35f6a6573ef9
16,2042,0.0,-10%,6,11436.146834947514,11908.705259216013,35f6a6573ef9
16,2042,0.0,-10%,7,10292.532151452762,10061.906124432315,35f6a6573ef9
16,2042,0.0,-10%,8,9263.278936307484,8222.583799122896,35f6a6573ef9
16,2042,0.0,-10%,9,8336.951042676736,9563.957275044224,35f6a6573ef9
16,2042,0.0,-10%,10,7503.255938409061,8977.019905055917,35f6a6573ef9
16,2042,0.0,-10%,11,15867.425069142506,10063.023495330071,35f6a6573ef9
16,2042,0.0,-10%,12,14690.721292806682,8035.635681426209,35f6a6573ef9
16,2042,0.0,-10%,13,13221.649163526017,7602.470844656609,35f6a6573ef9
16,2042,0.0,-10%,14,11899.484247173415,5428.5393613675005,35f6a6573ef9
16,2042,0.0,-10%,15,10709.535822456073,9214.901388794993,35f6a6573ef9
16,2042,0.0,-20%,1,3140.545174665,3140.545174665,35f6a6573ef9
16,2042,0.0,-20%,2,3594.7590877975,3654.2314087225,35f6a6573ef9
16,2042,0.0,-20%,3,2875.807270238001,5156.7312572,35f6a6573ef9
16,2042,0.0,-20%,4,13668.359665433974,11169.812590230002,35f6a6573ef9
16,2042,0.0,-20%,5,15346.316924626826,16726.716698375145,35f6a6573ef9
16,2042,0.0,-20%,6,12277.053539701463,12444.526267495554,35f6a6573ef9
16,2042,0.0,-20%,7,9821.64283176117,10743.319413316787,35f6a6573ef9
16,2042,0.0,-20%,8,7857.314265408937,8253.191620326417,35f6a6573ef9
16,2042,0.0,-20%,9,6285.85141232715,5222.2273717204325,35f6a6573ef9
16,2042,0.0,-20%,10,9044.362018430236,12811.763401543274,35f6a6573ef9
16,2042,0.0,-20%,11,11180.102958574495,10535.756035802564,35f6a6573ef9
16,2042,0.0,-20%,12,14936.189706148612,7176.7641706335435,35f6a6573ef9
16,2042,0.0,-20%,13,16733.64972258762,6918.291716211692,35f6a6573ef9
16,2042,0.0,-20%,14,13386.919778070094,6237.669638570626,35f6a6573ef9
16,2042,0.0,-20%,15,10709.535822456077,5522.795701969453,35f6a6573ef9
16,2042,0.0,+/-10%,1,5891.73361708841,5891.73361708841,35f6a6573ef9
16,2042,0.0,+/-10%,2,6480.906978797252,6764.588990381696,35f6a6573ef9
16,2042,0.0,+/-10%,3,7128.997676676978,7913.649465977921,35f6a6573ef9
16,2042,0.0,+/-10%,4,7841.897444344677,9221.676603280086,35f6a6573ef9
16,2042,0.0,+/-10%,5,8626.087188779144,11790.076956922749,35f6a6573ef9
16,2042,0.0,+/-10%,6,9488.695907657058,9187.688649543417,35f6a6573ef9
16,2042,0.0,+/-10%,7,10437.565498422764,9045.836483032315,35f6a6573ef9
16,2042,0.0,+/-10%,8,9755.515886007961,9081.255321472896,35f6a6573ef9
16,2042,0.0,+/-10%,9,10731.067474608755,8898.615447101976,35f6a6573ef9
16,2042,0.0,+/-10%,10,11804.174222069636,10622.06043383095,35f6a6573ef9
16,2042,0.0,+/-10%,11,12984.591644276597,10111.51172287485,35f6a6573ef9
16,2042,0.0,+/-10%,12,14283.050808704262,8673.867763574939,35f6a6573ef9
16,2042,0.0,+/-10%,13,13221.64916352602,8208.25573313186,35f6a6573ef9
16,2042,0.0,+/-10%,14,11899.484247173415,8155.804203752292,35f6a6573ef9
16,2042,0.0,+/-10%,15,10709.535822456073,8018.645730850007,35f6a6573ef9
16,2042,0.0,+/-20%,1,4915.427677565645,4915.427677565645,35f6a6573ef9
16,2042,0.0,+/-20%,2,5898.513213078775,6052.915639908115,35f6a6573ef9
16,2042,0.0,+/-20%,3,7078.21585569453,8030.036839035048,35f6a6573ef9
16,2042,0.0,+/-20%,4,8493.859026833436,9236.388994964627,35f6a6573ef9
16,2042,0.0,+/-20%,5,10192.630832200122,13031.314675235531,35f6a6573ef9
16,2042,0.0,+/-20%,6,12231.156998640145,9573.491730046684,35f6a6573ef9
16,2042,0.0,+/-20%,7,10272.662645705006,9515.341624239032,35f6a6573ef9
16,2042,0.0,+/-20%,8,8280.014541185636,7842.590120392898,35f6a6573ef9
16,2042,0.0,+/-20%,9,8115.6144786457135,8435.421143817151,35f6a6573ef9
16,2042,0.0,+/-20%,10,9738.737374374858,9543.777698175441,35f6a6573ef9
16,2042,0.0,+/-20%,11,11686.484849249826,12234.7181989824,35f6a6573ef9
16,2042,0.0,+/-20%,12,14023.781819099795,7792.3861949897455,35f6a6573ef9
16,2042,0.0,+/-20%,13,16733.64972258762,9655.465758071263,35f6a6573ef9
16,2042,0.0,+/-20%,14,13386.919778070094,7134.303833002812,35f6a6573ef9
16,2042,0.0,+/-20%,15,10709.535822456073,8126.589468590405,35f6a6573ef9
16,2042,0.02,NHF,1,30538.601822773686,30538.601822773686,35f6a6573ef9
16,2042,0.02,NHF,2,2975.4359910427174,3930.2733928951366,35f6a6573ef9
16,2042,0.02,NHF,3,7633.9788108111425,6493.964911462673,35f6a6573ef9
16,2042,0.02,NHF,4,3880.3614391769906,5296.960523866844,35f6a6573ef9
16,2042,0.02,NHF,5,12620.963399916192,10977.662562960948,35f6a6573ef9
16,2042,0.02,NHF,6,6161.13173568359,6161.13173568359,35f6a6573ef9
16,2042,0.02,NHF,7,9558.28223236344,9558.28223236344,35f6a6573ef9
16,2042,0.02,NHF,8,10462.318347341372,10462.318347341372,35f6a6573ef9
16,2042,0.02,NHF,9,11388.899654744073,11237.049422606477,35f6a6573ef9
16,2042,0.02,NHF,10,2437.8969008934064,3053.530137112183,35f6a6573ef9
16,2042,0.02,NHF,11,6124.648455967853,9142.120737056643,35f6a6573ef9
16,2042,0.02,NHF,12,5210.974887896579,3719.2753362254825,35f6a6573ef9
16,2042,0.02,NHF,13,14034.966232979543,13226.562275705244,35f6a6573ef9
16,2042,0.02,NHF,14,5814.432753440941,4665.471654409378,35f6a6573ef9
16,2042,0.02,NHF,15,12927.452894609252,10014.394554064153,35f6a6573ef9
16,2042,0.02,NDY,1,9853.519777076286,9853.519777076286,35f6a6573ef9
16,2042,0.02,NDY,2,9853.51977707629,9770.61014413896,35f6a6573ef9
16,2042,0.02,NDY,3,9853.519777076284,9690.480913309855,35f6a6573ef9
16,2042,0.02,NDY,4,9853.519777076286,9611.351894397021,35f6a6573ef9
16,2042,0.02,NDY,5,9853.519777076292,9535.674156519459,35f6a6573ef9
16,2042,0.02,NDY,6,9853.519777076293,9464.059529427712,35f6a6573ef9
16,2042,0.02,NDY,7,9853.519777076273,9389.608969807141,35f6a6573ef9
16,2042,0.02,NDY,8,9853.519777076288,9331.517695514072,35f6a6573ef9
16,2042,0.02,NDY,9,9853.519777076288,9272.728978304338,35f6a6573ef9
16,2042,0.02,NDY,10,9853.519777076282,9217.063122341893,35f6a6573ef9
16,2042,0.02,NDY,11,9853.519777076282,9163.851055383864,35f6a6573ef9
16,2042,0.02,NDY,12,9853.519777076292,9103.985152232235,35f6a6573ef9
16,2042,0.02,NDY,13,9853.519777076288,9050.930265817047,35f6a6573ef9
16,2042,0.02,NDY,14,9853.519777076286,9008.600016032562,35f6a6573ef9
16,2042,0.02,NDY,15,9853.519777076288,8959.925734767648,35f6a6573ef9
16,2042,0.02,-10%,1,14559.670689248633,14559.670689248633,35f6a6573ef9
16,2042,0.02,-10%,2,13103.703620323777,13105.83334286275,35f6a6573ef9
16,2042,0.02,-10%,3,11793.333258291395,11766.415695194839,35f6a6573ef9
16,2042,0.02,-10%,4,10613.999932462257,10577.660243330749,35f6a6573ef9
16,2042,0.02,-10%,5,9552.599939216028,9514.984403702867,35f6a6573ef9
16,2042,0.02,-10%,6,8597.33994529443,8563.485965366293,35f6a6573ef9
16,2042,0.02,-10%,7,8196.353890454486,8196.353890454486,35f6a6573ef9
16,2042,0.02,-10%,8,7527.6099941386965,7525.390269103522,35f6a6573ef9
16,2042,0.02,-10%,9,6774.848994724824,6772.851239568187,35f6a6573ef9
16,2042,0.02,-10%,10,7590.864242403593,7834.379101127323,35f6a6573ef9
16,2042,0.02,-10%,11,7357.10807937124,8078.823183686226,35f6a6573ef9
16,2042,0.02,-10%,12,9884.393088947683,8169.051317705315,35f6a6573ef9
16,2042,0.02,-10%,13,8895.953780052914,9314.102699460987,35f6a6573ef9
16,2042,0.02,-10%,14,8006.3584020476255,8382.692430601634,35f6a6573ef9
16,2042,0.02,-10%,15,8301.343549734484,7550.3801350266485,35f6a6573ef9
16,2042,0.02,-20%,1,17650.673233849342,17650.673233849342,35f6a6573ef9
16,2042,0.02,-20%,2,14120.53858707947,13951.073982579792,35f6a6573ef9
16,2042,0.02,-20%,3,11296.430869663574,10703.662260446632,35f6a6573ef9
16,2042,0.02,-20%,4,9037.144695730862,9255.672914676505,35f6a6573ef9
16,2042,0.02,-20%,5,7229.715756584688,7824.293146503317,35f6a6573ef9
16,2042,0.02,-20%,6,6161.13173568359,6259.43451699609,35f6a6573ef9
16,2042,0.02,-20%,7,8196.353890454488,8196.353890454486,35f6a6573ef9
16,2042,0.02,-20%,8,8982.532271987104,9085.424524936432,35f6a6573ef9
16,2042,0.02,-20%,9,7186.025817589683,7268.339618326796,35f6a6573ef9
16,2042,0.02,-20%,10,9035.283002062763,8987.777517800474,35f6a6573ef9
16,2042,0.02,-20%,11,7931.285093423722,7190.22201759901,35f6a6573ef9
16,2042,0.02,-20%,12,8482.070440476607,8113.8914078623875,35f6a6573ef9
16,2042,0.02,-20%,13,8115.681006345884,8703.398432268226,35f6a6573ef9
16,2042,0.02,-20%,14,6492.54480507671,6962.7187452459475,35f6a6573ef9
16,2042,0.02,-20%,15,10219.390244253778,9071.141297457083,35f6a6573ef9
16,2042,0.02,+/-10%,1,14559.634365028991,14559.634365028991,35f6a6573ef9
16,2042,0.02,+/-10%,2,13103.670928526097,13103.46666678392,35f6a6573ef9
16,2042,0.02,+/-10%,3,11793.303835673485,11762.578299072335,35f6a6573ef9
16,2042,0.02,+/-10%,4,10613.973452106138,10574.26626789722,35f6a6573ef9
16,2042,0.02,+/-10%,5,9552.576106895523,9511.950771829692,35f6a6573ef9
16,2042,0.02,+/-10%,6,8597.318496205973,8560.755695297998,35f6a6573ef9
16,2042,0.02,+/-10%,7,8071.248855697019,8071.248853445182,35f6a6573ef9
16,2042,0.02,+/-10%,8,7577.013222412272,7542.985151124187,35f6a6573ef9
16,2042,0.02,+/-10%,9,6819.311900171042,7207.8867730394595,35f6a6573ef9
16,2042,0.02,+/-10%,10,7501.243090188149,7928.675448450991,35f6a6573ef9
16,2042,0.02,+/-10%,11,8251.367399206963,7361.63430433552,35f6a6573ef9
16,2042,0.02,+/-10%,12,9076.504139127659,8097.797732109942,35f6a6573ef9
16,2042,0.02,+/-10%,13,8737.688742255606,9423.275339639944,35f6a6573ef9
16,2042,0.02,+/-10%,14,7863.919868030046,8480.94780784322,35f6a6573ef9
16,2042,0.02,+/-10%,15,8650.31185483305,7734.170358789273,35f6a6573ef9
16,2042,0.02,+/-20%,1,17606.633283935822,17606.633283935822,35f6a6573ef9
16,2042,0.02,+/-20%,2,14085.306627148655,13816.144787577507,35f6a6573ef9
16,2042,0.02,+/-20%,3,11268.245301718924,10848.713064106712,35f6a6573ef9
16,2042,0.02,+/-20%,4,9014.59624137514,8991.463028747272,35f6a6573ef9
16,2042,0.02,+/-20%,5,7211.67699310011,8091.557702245794,35f6a6573ef9
16,2042,0.02,+/-20%,6,6473.747515210639,6473.7475160085905,35f6a6573ef9
16,2042,0.02,+/-20%,7,7768.497018252765,7768.497018776065,35f6a6573ef9
16,2042,0.02,+/-20%,8,9322.196421903318,9394.71883765648,35f6a6573ef9
16,2042,0.02,+/-20%,9,7457.757137522655,7566.177320123085,35f6a6573ef9
16,2042,0.02,+/-20%,10,8949.308565027186,8804.644319178231,35f6a6573ef9
16,2042,0.02,+/-20%,11,7838.131656377326,7319.226173970215,35f6a6573ef9
16,2042,0.02,+/-20%,12,8221.08008055068,7603.524190829875,35f6a6573ef9
16,2042,0.02,+/-20%,13,6884.836068668742,8860.150908144922,35f6a6573ef9
16,2042,0.02,+/-20%,14,8261.803282402492,7088.120730622284,35f6a6573ef9
16,2042,0.02,+/-20%,15,9914.163938882988,8763.637653019969,35f6a6573ef9
16,2042,0.04,NHF,1,34639.179489540045,34639.179489540045,35f6a6573ef9
16,2042,0.04,NHF,2,4719.696154435057,4719.696154435057,35f6a6573ef9
16,2042,0.04,NHF,3,4629.966898897201,4629.966898897201,35f6a6573ef9
16,2042,0.04,NHF,4,4930.147701329139,4930.147701329139,35f6a6573ef9
16,2042,0.04,NHF,5,4406.514666901305,4406.514666901305,35f6a6573ef9
16,2042,0.04,NHF,6,6161.13173568359,6161.13173568359,35f6a6573ef9
16,2042,0.04,NHF,7,10253.822465411768,10253.822465411768,35f6a6573ef9
16,2042,0.04,NHF,8,10865.054089649626,10865.054089649628,35f6a6573ef9
16,2042,0.04,NHF,9,14376.341694744924,14376.341694744926,35f6a6573ef9
16,2042,0.04,NHF,10,5608.8703871176485,5608.8703871176485,35f6a6573ef9
16,2042,0.04,NHF,11,4700.70482882259,4700.70482882259,35f6a6573ef9
16,2042,0.04,NHF,12,4473.123732040314,4473.123732040314,35f6a6573ef9
16,2042,0.04,NHF,13,10816.761523672294,10816.761523672294,35f6a6573ef9
16,2042,0.04,NHF,14,4584.817585751249,4584.817585751249,35f6a6573ef9
16,2042,0.04,NHF,15,11014.484936538249,11014.484936538249,35f6a6573ef9
16,2042,0.04,NDY,1,9813.306951800278,9813.306951800278,35f6a6573ef9
16,2042,0.04,NDY,2,9813.306951800281,9730.599115394158,35f6a6573ef9
16,2042,0.04,NDY,3,9813.306951800278,9639.404842635106,35f6a6573ef9
16,2042,0.04,NDY,4,9813.306951800276,9541.208080829276,35f6a6573ef9
16,2042,0.04,NDY,5,9813.30695180028,9454.727556992333,35f6a6573ef9
16,2042,0.04,NDY,6,9813.306951800276,9366.948529687796,35f6a6573ef9
16,2042,0.04,NDY,7,9813.306951800274,9270.567966696848,35f6a6573ef9
16,2042,0.04,NDY,8,9813.306951800278,9208.56669206356,35f6a6573ef9
16,2042,0.04,NDY,9,9813.306951800276,9135.020941397126,35f6a6573ef9
16,2042,0.04,NDY,10,9813.306951800278,9068.384422344414,35f6a6573ef9
16,2042,0.04,NDY,11,9813.306951800276,8998.195312001459,35f6a6573ef9
16,2042,0.04,NDY,12,9813.30695180028,8924.550663224405,35f6a6573ef9
16,2042,0.04,NDY,13,9813.306951800278,8866.99738063232,35f6a6573ef9
16,2042,0.04,NDY,14,9813.306951800278,8806.4097179964,35f6a6573ef9
16,2042,0.04,NDY,15,9813.30695180028,8756.564060687067,35f6a6573ef9
16,2042,0.04,-10%,1,14568.813486237648,14568.813486237648,35f6a6573ef9
16,2042,0.04,-10%,2,13111.932137613887,13108.543837981142,35f6a6573ef9
16,2042,0.04,-10%,3,11800.7389238525,11781.01321493616,35f6a6573ef9
16,2042,0.04,-10%,4,10620.66503146725,10599.936589282768,35f6a6573ef9
16,2042,0.04,-10%,5,9558.598528320523,9538.948402123697,35f6a6573ef9
16,2042,0.04,-10%,6,8602.738675488472,8585.053561146347,35f6a6573ef9
16,2042,0.04,-10%,7,7742.464807939624,7742.464809588657,35f6a6573ef9
16,2042,0.04,-10%,8,7004.076419633619,7222.795618633654,35f6a6573ef9
16,2042,0.04,-10%,9,6719.235249122224,6562.556792166921,35f6a6573ef9
16,2042,0.04,-10%,10,8959.705607520307,9183.283584718138,35f6a6573ef9
16,2042,0.04,-10%,11,8063.735046768277,8307.49837718386,35f6a6573ef9
16,2042,0.04,-10%,12,8795.977349391489,8324.685357489412,35f6a6573ef9
16,2042,0.04,-10%,13,8627.996272859771,8558.670856770657,35f6a6573ef9
16,2042,0.04,-10%,14,7765.196645573794,7702.803774601781,35f6a6573ef9
16,2042,0.04,-10%,15,7580.524235764028,7423.845776875495,35f6a6573ef9
16,2042,0.04,-20%,1,17675.705113342712,17675.705113342712,35f6a6573ef9
16,2042,0.04,-20%,2,14140.564090674172,14125.718805079492,35f6a6573ef9
16,2042,0.04,-20%,3,11312.451272539332,11300.579402569336,35f6a6573ef9
16,2042,0.04,-20%,4,9049.96101803147,9040.463523670798,35f6a6573ef9
16,2042,0.04,-20%,5,7239.968814425178,7232.37081989483,35f6a6573ef9
16,2042,0.04,-20%,6,6161.13173568359,6161.13173568359,35f6a6573ef9
16,2042,0.04,-20%,7,7224.448095808644,7224.448095808644,35f6a6573ef9
16,2042,0.04,-20%,8,8647.367591689563,8647.367591689563,35f6a6573ef9
16,2042,0.04,-20%,9,8655.798715048159,9188.793495627699,35f6a6573ef9
16,2042,0.04,-20%,10,9848.630376272782,9434.628967357155,35f6a6573ef9
16,2042,0.04,-20%,11,7989.736628545419,7784.936631086393,35f6a6573ef9
16,2042,0.04,-20%,12,7598.022225795334,6988.3834545894815,35f6a6573ef9
16,2042,0.04,-20%,13,7906.748701144345,8328.985334196424,35f6a6573ef9
16,2042,0.04,-20%,14,6325.398960915479,6663.188266201598,35f6a6573ef9
16,2042,0.04,-20%,15,7251.359986329733,7251.359986329733,35f6a6573ef9
16,2042,0.04,+/-10%,1,14561.501916448748,14561.501916448748,35f6a6573ef9
16,2042,0.04,+/-10%,2,13105.351724803877,13098.575247172681,35f6a6573ef9
16,2042,0.04,+/-10%,3,11794.816552323493,11773.561179786837,35f6a6573ef9
16,2042,0.04,+/-10%,4,10615.33489709114,10594.592700410396,35f6a6573ef9
16,2042,0.04,+/-10%,5,9553.801407382025,9534.376443145626,35f6a6573ef9
16,2042,0.04,+/-10%,6,8598.421266643823,8580.938797839353,35f6a6573ef9
16,2042,0.04,+/-10%,7,7738.57913997944,7738.579142124136,35f6a6573ef9
16,2042,0.04,+/-10%,8,6964.721225981493,6964.721230330464,35f6a6573ef9
16,2042,0.04,+/-10%,9,7369.612314695213,7602.343830992726,35f6a6573ef9
16,2042,0.04,+/-10%,10,8106.573546164736,8362.578207100645,35f6a6573ef9
16,2042,0.04,+/-10%,11,8541.229199366006,8163.851594899164,35f6a6573ef9
16,2042,0.04,+/-10%,12,8637.028758025646,8142.184502660006,35f6a6573ef9
16,2042,0.04,+/-10%,13,8479.58190871631,8649.494198232658,35f6a6573ef9
16,2042,0.04,+/-10%,14,7631.62371784468,7784.544776261408,35f6a6573ef9
16,2042,0.04,+/-10%,15,8189.851680755222,7555.36338024788,35f6a6573ef9
16,2042,0.04,+/-20%,1,17675.705113342712,17675.705113342712,35f6a6573ef9
16,2042,0.04,+/-20%,2,14140.56409067417,14125.767139574282,35f6a6573ef9
16,2042,0.04,+/-20%,3,11312.451272539336,11300.552869896997,35f6a6573ef9
16,2042,0.04,+/-20%,4,9049.961018031468,9040.442298157835,35f6a6573ef9
16,2042,0.04,+/-20%,5,7239.968814425176,7232.353840620499,35f6a6573ef9
16,2042,0.04,+/-20%,6,6161.13173568359,6161.13173568359,35f6a6573ef9
16,2042,0.04,+/-20%,7,7224.448095808644,7224.448095808644,35f6a6573ef9
16,2042,0.04,+/-20%,8,8647.367591689563,8647.367591689563,35f6a6573ef9
16,2042,0.04,+/-20%,9,8655.798715048159,9188.833085243787,35f6a6573ef9
16,2042,0.04,+/-20%,10,9848.630376272784,9434.615330006423,35f6a6573ef9
16,2042,0.04,+/-20%,11,7989.736628545419,7784.924596468093,35f6a6573ef9
16,2042,0.04,+/-20%,12,7598.022225795332,6988.369536942426,35f6a6573ef9
16,2042,0.04,+/-20%,13,7906.748701144347,8328.985334196504,35f6a6573ef9
16,2042,0.04,+/-20%,14,6325.398960915479,6663.188266201598,35f6a6573ef9
16,2042,0.04,+/-20%,15,7251.359986329733,7251.359986329733,35f6a6573ef9
16,2042,0.06,NHF,1,34639.179489540045,34639.179489540045,35f6a6573ef9
16,2042,0.06,NHF,2,4719.696154435057,4719.696154435057,35f6a6573ef9
16,2042,0.06,NHF,3,4629.966898897201,4629.966898897201,35f6a6573ef9
16,2042,0.06,NHF,4,4930.147701329139,4930.147701329139,35f6a6573ef9
16,2042,0.06,NHF,5,4406.514666901305,4406.514666901305,35f6a6573ef9
16,2042,0.06,NHF,6,6161.13173568359,6161.13173568359,35f6a6573ef9
16,2042,0.06,NHF,7,10253.822465411768,10253.822465411768,35f6a6573ef9
16,2042,0.06,NHF,8,10865.054089649626,10865.054089649628,35f6a6573ef9
16,2042,0.06,NHF,9,14376.341694744924,14376.341694744926,35f6a6573ef9
16,2042,0.06,NHF,10,5608.8703871176485,5608.8703871176485,35f6a6573ef9
16,2042,0.06,NHF,11,4700.70482882259,4700.70482882259,35f6a6573ef9
16,2042,0.06,NHF,12,4473.123732040314,4473.123732040314,35f6a6573ef9
16,2042,0.06,NHF,13,10816.761523672294,10816.761523672294,35f6a6573ef9
16,2042,0.06,NHF,14,4584.817585751249,4584.817585751249,35f6a6573ef9
16,2042,0.06,NHF,15,11014.484936538249,11014.484936538249,35f6a6573ef9
16,2042,0.06,NDY,1,9737.211280946874,9737.211280946874,35f6a6573ef9
16,2042,0.06,NDY,2,9737.211280946876,9642.106604742035,35f6a6573ef9
16,2042,0.06,NDY,3,9737.211280946873,9545.190352632259,35f6a6573ef9
16,2042,0.06,NDY,4,9737.211280946874,9453.32345119692,35f6a6573ef9
16,2042,0.06,NDY,5,9737.211280946873,9353.79595531513,35f6a6573ef9
16,2042,0.06,NDY,6,9737.211280946873,9263.338978940907,35f6a6573ef9
16,2042,0.06,NDY,7,9737.21128094687,9153.280509761738,35f6a6573ef9
16,2042,0.06,NDY,8,9737.211280946876,9089.13040608136,35f6a6573ef9
16,2042,0.06,NDY,9,9737.211280946874,9027.51174242038,35f6a6573ef9
16,2042,0.06,NDY,10,9737.21128094687,8961.939293782452,35f6a6573ef9
16,2042,0.06,NDY,11,9737.211280946874,8899.647723652408,35f6a6573ef9
16,2042,0.06,NDY,12,9737.211280946873,8835.541887972711,35f6a6573ef9
16,2042,0.06,NDY,13,9737.211280946882,8778.80070829127,35f6a6573ef9
16,2042,0.06,NDY,14,9737.211280946876,8708.780542619557,35f6a6573ef9
16,2042,0.06,NDY,15,9737.211280946884,8650.665905146356,35f6a6573ef9
16,2042,0.06,-10%,1,14541.079118211273,14541.079118211273,35f6a6573ef9
16,2042,0.06,-10%,2,13086.971206390148,13055.882876544827,35f6a6573ef9
16,2042,0.06,-10%,3,11778.274085751133,11736.938141582028,35f6a6573ef9
16,2042,0.06,-10%,4,10600.44667717602,10553.903553930832,35f6a6573ef9
16,2042,0.06,-10%,5,9540.402009458418,9498.513200476884,35f6a6573ef9
16,2042,0.06,-10%,6,8586.361808512576,8548.661885668838,35f6a6573ef9
16,2042,0.06,-10%,7,7727.725627661317,7709.368279056663,35f6a6573ef9
16,2042,0.06,-10%,8,6954.953064895186,6938.431453601637,35f6a6573ef9
16,2042,0.06,-10%,9,6350.061855415689,6655.007205111965,35f6a6573ef9
16,2042,0.06,-10%,10,9486.09853354206,9584.820986346163,35f6a6573ef9
16,2042,0.06,-10%,11,8537.488680187851,8656.110711936675,35f6a6573ef9
16,2042,0.06,-10%,12,8244.294675642113,7790.499642016371,35f6a6573ef9
16,2042,0.06,-10%,13,8631.007844884796,8482.952229647217,35f6a6573ef9
16,2042,0.06,-10%,14,7767.907060396317,7634.657008417676,35f6a6573ef9
16,2042,0.06,-10%,15,7472.643612563536,7215.179940008384,35f6a6573ef9
16,2042,0.06,-20%,1,17641.461538087264,17641.461538087264,35f6a6573ef9
16,2042,0.06,-20%,2,14113.169230469814,14089.520156624194,35f6a6573ef9
16,2042,0.06,-20%,3,11290.53538437585,11247.852565688368,35f6a6573ef9
16,2042,0.06,-20%,4,9032.428307500682,8998.282053212026,35f6a6573ef9
16,2042,0.06,-20%,5,7225.942646000547,7198.625644450151,35f6a6573ef9
16,2042,0.06,-20%,6,6161.13173568359,6161.13173568359,35f6a6573ef9
16,2042,0.06,-20%,7,6707.22209122778,6707.222091227781,35f6a6573ef9
16,2042,0.06,-20%,8,8393.854676726183,8118.966159132593,35f6a6573ef9
16,2042,0.06,-20%,9,10858.116956998523,10565.67976519239,35f6a6573ef9
16,2042,0.06,-20%,10,8724.515013297469,9487.730261928466,35f6a6573ef9
16,2042,0.06,-20%,11,7732.4731723801215,8290.060466458166,35f6a6573ef9
16,2042,0.06,-20%,12,7637.654269561346,6917.693488825641,35f6a6573ef9
16,2042,0.06,-20%,13,7365.856378747615,7210.518309357691,35f6a6573ef9
16,2042,0.06,-20%,14,5892.685102998093,5768.414651047755,35f6a6573ef9
16,2042,0.06,-20%,15,8216.887850867723,7753.946626865194,35f6a6573ef9
16,2042,0.06,+/-10%,1,14536.670069989948,14536.670069989948,35f6a6573ef9
16,2042,0.06,+/-10%,2,13083.003062990958,13047.17828958485,35f6a6573ef9
16,2042,0.06,+/-10%,3,11774.702756691862,11733.217042871895,35f6a6573ef9
16,2042,0.06,+/-10%,4,10597.232481022676,10546.574368488731,35f6a6573ef9
16,2042,0.06,+/-10%,5,9537.509232920407,9491.916934251976,35f6a6573ef9
16,2042,0.06,+/-10%,6,8583.758309628369,8542.725237657185,35f6a6573ef9
16,2042,0.06,+/-10%,7,7725.382478665531,7704.228308177418,35f6a6573ef9
16,2042,0.06,+/-10%,8,6952.844230798979,6933.805475949381,35f6a6573ef9
16,2042,0.06,+/-10%,9,7237.914974475675,7435.836875109168,35f6a6573ef9
16,2042,0.06,+/-10%,10,7961.706471923243,8311.6336029573,35f6a6573ef9
16,2042,0.06,+/-10%,11,8757.877119115567,8836.365756403551,35f6a6573ef9
16,2042,0.06,+/-10%,12,8518.133374180414,8305.408613069221,35f6a6573ef9
16,2042,0.06,+/-10%,13,8746.88728153513,8375.941999882352,35f6a6573ef9
16,2042,0.06,+/-10%,14,7872.1985533816205,7538.347797598405,35f6a6573ef9
16,2042,0.06,+/-10%,15,7502.953603871128,7449.744680515546,35f6a6573ef9
16,2042,0.06,+/-20%,1,17641.47130859275,17641.47130859275,35f6a6573ef9
16,2042,0.06,+/-20%,2,14113.17704687419,14085.66368566221,35f6a6573ef9
16,2042,0.06,+/-20%,3,11290.541637499355,11245.093684767478,35f6a6573ef9
16,2042,0.06,+/-20%,4,9032.433309999486,8991.945108791579,35f6a6573ef9
16,2042,0.06,+/-20%,5,7225.946647999588,7193.556082090592,35f6a6573ef9
16,2042,0.06,+/-20%,6,6161.13173568359,6161.13173568359,35f6a6573ef9
16,2042,0.06,+/-20%,7,6951.306276523114,6951.306278759034,35f6a6573ef9
16,2042,0.06,+/-20%,8,8341.567531827735,8340.10451300524,35f6a6573ef9
16,2042,0.06,+/-20%,9,10009.881038193278,9758.151301384365,35f6a6573ef9
16,2042,0.06,+/-20%,10,9509.192333410498,9937.738194763417,35f6a6573ef9
16,2042,0.06,+/-20%,11,7607.353866728398,8015.879209902519,35f6a6573ef9
16,2042,0.06,+/-20%,12,7637.657549937707,6412.70336940696,35f6a6573ef9
16,2042,0.06,+/-20%,13,7002.831853297842,7874.986608416049,35f6a6573ef9
16,2042,0.06,+/-20%,14,6591.013814535517,6299.989287300403,35f6a6573ef9
16,2042,0.06,+/-20%,15,7909.216577442609,7288.7240854612955,35f6a6573ef9
16,3042,0.0,NHF,1,2859.587285633333,2859.587285633333,35f6a6573ef9
16,3042,0.0,NHF,2,1325.8683716699998,494.0005216533333,35f6a6573ef9
16,3042,0.0,NHF,3,6740.079538589431,313.32919475,35f6a6573ef9
16,3042,0.0,NHF,4,5117.030760752501,9312.523065389898,35f6a6573ef9
16,3042,0.0,NHF,5,25928.469815574295,14955.856308954057,35f6a6573ef9
16,3042,0.0,NHF,6,9587.031485675569,8659.737661898449,35f6a6573ef9
16,3042,0.0,NHF,7,22280.263819057815,8730.198854846716,35f6a6573ef9
16,3042,0.0,NHF,8,10451.940320775882,12457.415532536981,35f6a6573ef9
16,3042,0.0,NHF,9,4227.287212392229,9773.820368540335,35f6a6573ef9
16,3042,0.0,NHF,10,852.05695529,10142.79278073435,35f6a6573ef9
16,3042,0.0,NHF,11,985.7717899599999,9863.042268538406,35f6a6573ef9
16,3042,0.0,NHF,12,1209.9327794375,8502.523105213551,35f6a6573ef9
16,3042,0.0,NHF,13,1608.8621089325,8509.001570621442,35f6a6573ef9
16,3042,0.0,NHF,14,4149.150965200909,8634.707093868237,35f6a6573ef9
16,3042,0.0,NHF,15,74042.63704554511,9494.143824533463,35f6a6573ef9
16,3042,0.0,NDY,1,997.0274292377617,997.0274292377617,35f6a6573ef9
16,3042,0.0,NDY,2,10718.550668884774,9003.634310234347,35f6a6573ef9
16,3042,0.0,NDY,3,10718.55066888477,8970.426983153093,35f6a6573ef9
16,3042,0.0,NDY,4,10718.550668884773,9071.026289283076,35f6a6573ef9
16,3042,0.0,NDY,5,10718.550668884773,10446.278488297414,35f6a6573ef9
16,3042,0.0,NDY,6,10718.550668884773,10335.855543243963,35f6a6573ef9
16,3042,0.0,NDY,7,10718.550668884774,10154.527812382827,35f6a6573ef9
16,3042,0.0,NDY,8,10718.550668884776,9926.51397118441,35f6a6573ef9
16,3042,0.0,NDY,9,10718.550668884774,9692.922532908839,35f6a6573ef9
16,3042,0.0,NDY,10,10718.550668884776,9517.376524977302,35f6a6573ef9
16,3042,0.0,NDY,11,10718.550668884774,9304.242021844499,35f6a6573ef9
16,3042,0.0,NDY,12,10718.550668884774,9142.268693003196,35f6a6573ef9
16,3042,0.0,NDY,13,10718.55066888477,8908.881032978335,35f6a6573ef9
16,3042,0.0,NDY,14,10718.550668884774,8141.057501240828,35f6a6573ef9
16,3042,0.0,NDY,15,10718.550668884774,8711.561403631185,35f6a6573ef9
16,3042,0.0,-10%,1,2672.94746033,2672.94746033,35f6a6573ef9
16,3042,0.0,-10%,2,2939.431555241413,2738.1131218399996,35f6a6573ef9
16,3042,0.0,-10%,3,4332.135810164837,5247.998741134347,35f6a6573ef9
16,3042,0.0,-10%,4,14591.178076621009,14266.515821992274,35f6a6573ef9
16,3042,0.0,-10%,5,13132.06026895891,14031.922930772,35f6a6573ef9
16,3042,0.0,-10%,6,11818.85424206302,12902.607184207829,35f6a6573ef9
16,3042,0.0,-10%,7,10636.968817856714,10077.847877154893,35f6a6573ef9
16,3042,0.0,-10%,8,9573.271936071045,9625.91670724959,35f6a6573ef9
16,3042,0.0,-10%,9,8615.944742463938,10659.93470170968,35f6a6573ef9
16,3042,0.0,-10%,10,7754.350268217546,9403.377256886117,35f6a6573ef9
16,3042,0.0,-10%,11,15406.603441379215,9300.11608003104,35f6a6573ef9
16,3042,0.0,-10%,12,14703.087337290495,6977.978399214724,35f6a6573ef9
16,3042,0.0,-10%,13,13232.778603561446,6056.548368903911,35f6a6573ef9
16,3042,0.0,-10%,14,11909.5007432053,7013.239708367499,35f6a6573ef9
16,3042,0.0,-10%,15,10718.550668884769,8141.229037796595,35f6a6573ef9
16,3042,0.0,-20%,1,2504.8840710500003,2504.8840710500003,35f6a6573ef9
16,3042,0.0,-20%,2,2915.8894565599994,2915.8894565599994,35f6a6573ef9
16,3042,0.0,-20%,3,3216.7630282949995,7360.591048777499,35f6a6573ef9
16,3042,0.0,-20%,4,13971.9814464959,10400.397492587499,35f6a6573ef9
16,3042,0.0,-20%,5,15954.082125633526,17368.27751873632,35f6a6573ef9
16,3042,0.0,-20%,6,12763.265700506823,12852.56720080365,35f6a6573ef9
16,3042,0.0,-20%,7,10210.612560405458,7866.362081546875,35f6a6573ef9
16,3042,0.0,-20%,8,8353.703133466994,10003.988872741882,35f6a6573ef9
16,3042,0.0,-20%,9,8074.246764691106,8168.5426440961055,35f6a6573ef9
16,3042,0.0,-20%,10,7594.290875792338,10489.652052580903,35f6a6573ef9
16,3042,0.0,-20%,11,11785.669856950737,11563.199763112936,35f6a6573ef9
16,3042,0.0,-20%,12,13869.255261614033,7964.829184944774,35f6a6573ef9
16,3042,0.0,-20%,13,16747.735420132456,6454.6830891828,35f6a6573ef9
16,3042,0.0,-20%,14,13398.188336105964,5158.186632824272,35f6a6573ef9
16,3042,0.0,-20%,15,10718.550668884774,9753.852640268658,35f6a6573ef9
16,3042,0.0,+/-10%,1,6084.034855824173,6084.034855824173,35f6a6573ef9
16,3042,0.0,+/-10%,2,6692.438341406592,6769.497751609624,35f6a6573ef9
16,3042,0.0,+/-10%,3,7361.682175547253,7739.16513474972,35f6a6573ef9
16,3042,0.0,+/-10%,4,8097.850393101979,9410.30070254845,35f6a6573ef9
16,3042,0.0,+/-10%,5,8907.635432412178,11316.978681393257,35f6a6573ef9
16,3042,0.0,+/-10%,6,9798.398975653396,10094.036092532862,35f6a6573ef9
16,3042,0.0,+/-10%,7,10778.238873218734,11011.987065761887,35f6a6573ef9
16,3042,0.0,+/-10%,8,9765.700528884761,9137.584144315073,35f6a6573ef9
16,3042,0.0,+/-10%,9,10742.270581773239,9166.810000041502,35f6a6573ef9
16,3042,0.0,+/-10%,10,11816.497639950567,10118.957534690966,35f6a6573ef9
16,3042,0.0,+/-10%,11,12998.147403945617,9607.383163366212,35f6a6573ef9
16,3042,0.0,+/-10%,12,14297.962144340187,8308.37993114616,35f6a6573ef9
16,3042,0.0,+/-10%,13,13232.778603561446,7536.507997911412,35f6a6573ef9
16,3042,0.0,+/-10%,14,11909.5007432053,8555.49318247926,35f6a6573ef9
16,3042,0.0,+/-10%,15,10718.550668884769,9137.122561524458,35f6a6573ef9
16,3042,0.0,+/-20%,1,4957.105315883212,4957.105315883212,35f6a6573ef9
16,3042,0.0,+/-20%,2,5948.526379059862,6082.117128288184,35f6a6573ef9
16,3042,0.0,+/-20%,3,7138.231654871821,7823.312993736096,35f6a6573ef9
16,3042,0.0,+/-20%,4,8565.877985846198,9464.419865805772,35f6a6573ef9
16,3042,0.0,+/-20%,5,10279.053583015431,12611.348143902718,35f6a6573ef9
16,3042,0.0,+/-20%,6,12334.864299618517,10500.063616295567,35f6a6573ef9
16,3042,0.0,+/-20%,7,10236.608702851796,9460.96035530153,35f6a6573ef9
16,3042,0.0,+/-20%,8,9750.813860372797,9388.968090848775,35f6a6573ef9
16,3042,0.0,+/-20%,9,8741.144831319458,10233.488438960138,35f6a6573ef9
16,3042,0.0,+/-20%,10,9549.97694291097,10075.086179676297,35f6a6573ef9
16,3042,0.0,+/-20%,11,11459.97233149316,9968.676298811602,35f6a6573ef9
16,3042,0.0,+/-20%,12,13751.96679779179,8353.168871794722,35f6a6573ef9
16,3042,0.0,+/-20%,13,16502.360157350133,7478.291681606411,35f6a6573ef9
16,3042,0.0,+/-20%,14,13398.18833610596,7557.255963797274,35f6a6573ef9
16,3042,0.0,+/-20%,15,10718.55066888477,8426.975191866228,35f6a6573ef9
16,3042,0.02,NHF,1,29924.89511317954,29924.89511317954,35f6a6573ef9
16,3042,0.02,NHF,2,3887.1665433120897,4865.34145402553,35f6a6573ef9
16,3042,0.02,NHF,3,5184.81213854665,4693.720666028312,35f6a6573ef9
16,3042,0.02,NHF,4,4510.440851097715,6222.473949701526,35f6a6573ef9
16,3042,0.02,NHF,5,15907.606863892941,12984.176612345209,35f6a6573ef9
16,3042,0.02,NHF,6,6819.7140811486615,6819.7140811486615,35f6a6573ef9
16,3042,0.02,NHF,7,9211.59224997193,9211.592249971933,35f6a6573ef9
16,3042,0.02,NHF,8,8216.982755563264,8216.982755563264,35f6a6573ef9
16,3042,0.02,NHF,9,11126.409029505172,11627.886896599117,35f6a6573ef9
16,3042,0.02,NHF,10,3929.1348288334657,4510.8488611872235,35f6a6573ef9
16,3042,0.02,NHF,11,5180.274778733819,8163.377011259049,35f6a6573ef9
16,3042,0.02,NHF,12,6710.767391931637,4845.042298428418,35f6a6573ef9
16,3042,0.02,NHF,13,13899.666921793365,14236.272430100484,35f6a6573ef9
16,3042,0.02,NHF,14,7899.285319249334,4395.198274739129,35f6a6573ef9
16,3042,0.02,NHF,15,10588.720273338857,8804.57803446265,35f6a6573ef9
16,3042,0.02,NDY,1,9966.210282211647,9966.210282211647,35f6a6573ef9
16,3042,0.02,NDY,2,9966.21028221165,9876.052175426492,35f6a6573ef9
16,3042,0.02,NDY,3,9966.210282211649,9796.909940624031,35f6a6573ef9
16,3042,0.02,NDY,4,9966.210282211645,9721.1410297785,35f6a6573ef9
16,3042,0.02,NDY,5,9966.210282211647,9644.458758482459,35f6a6573ef9
16,3042,0.02,NDY,6,9966.210282211649,9569.06310040477,35f6a6573ef9
16,3042,0.02,NDY,7,9966.210282211647,9496.642253203712,35f6a6573ef9
16,3042,0.02,NDY,8,9966.210282211647,9435.687792213756,35f6a6573ef9
16,3042,0.02,NDY,9,9966.210282211647,9381.820648684181,35f6a6573ef9
16,3042,0.02,NDY,10,9966.210282211647,9324.878563905704,35f6a6573ef9
16,3042,0.02,NDY,11,9966.210282211649,9270.501221435563,35f6a6573ef9
16,3042,0.02,NDY,12,9966.210282211647,9214.209043009576,35f6a6573ef9
16,3042,0.02,NDY,13,9966.210282211649,9155.482136894965,35f6a6573ef9
16,3042,0.02,NDY,14,9966.210282211647,9102.76468637964,35f6a6573ef9
16,3042,0.02,NDY,15,9966.210282211645,9058.020578265103,35f6a6573ef9
16,3042,0.02,-10%,1,14792.404557800306,14792.404557800306,35f6a6573ef9
16,3042,0.02,-10%,2,13313.16410202028,13286.406694901418,35f6a6573ef9
16,3042,0.02,-10%,3,11981.84769181825,11956.159134512876,35f6a6573ef9
16,3042,0.02,-10%,4,10783.662922636426,10747.400471711395,35f6a6573ef9
16,3042,0.02,-10%,5,9705.296630372783,9672.66042482608,35f6a6573ef9
16,3042,0.02,-10%,6,8734.766967335505,8705.394381548444,35f6a6573ef9
16,3042,0.02,-10%,7,7861.290270601956,7834.854941466379,35f6a6573ef9
16,3042,0.02,-10%,8,7075.161243541758,7060.9412609193905,35f6a6573ef9
16,3042,0.02,-10%,9,6367.64511918758,7030.062205715594,35f6a6573ef9
16,3042,0.02,-10%,10,6929.413223020033,6971.843960502313,35f6a6573ef9
16,3042,0.02,-10%,11,10121.925236702557,9423.92734892755,35f6a6573ef9
16,3042,0.02,-10%,12,9831.811981523106,8481.534611891157,35f6a6573ef9
16,3042,0.02,-10%,13,8848.630783370796,9282.111151565838,35f6a6573ef9
16,3042,0.02,-10%,14,7963.767705033723,8351.789434548824,35f6a6573ef9
16,3042,0.02,-10%,15,7544.60340346597,7517.5011464061645,35f6a6573ef9
16,3042,0.02,-20%,1,17483.345492981465,17483.345492981465,35f6a6573ef9
16,3042,0.02,-20%,2,13986.676394385175,13523.461033601798,35f6a6573ef9
16,3042,0.02,-20%,3,11189.341115508136,10711.346726422038,35f6a6573ef9
16,3042,0.02,-20%,4,8951.472892406511,8711.285855856027,35f6a6573ef9
16,3042,0.02,-20%,5,8810.331468414088,9690.97642618752,35f6a6573ef9
16,3042,0.02,-20%,6,7048.26517473127,7752.781138798662,35f6a6573ef9
16,3042,0.02,-20%,7,7221.692996679603,7221.692996679603,35f6a6573ef9
16,3042,0.02,-20%,8,8428.58299824074,8720.37140281754,35f6a6573ef9
16,3042,0.02,-20%,9,6742.866398592592,7190.070681359249,35f6a6573ef9
16,3042,0.02,-20%,10,8813.1931289102,7559.035707670092,35f6a6573ef9
16,3042,0.02,-20%,11,9369.94429336973,9239.458040849637,35f6a6573ef9
16,3042,0.02,-20%,12,9797.860241088641,8357.00146377204,35f6a6573ef9
16,3042,0.02,-20%,13,7838.288192870913,9222.779892013014,35f6a6573ef9
16,3042,0.02,-20%,14,6270.630554296732,7378.223909981393,35f6a6573ef9
16,3042,0.02,-20%,15,9353.990195981396,7914.040522698539,35f6a6573ef9
16,3042,0.02,+/-10%,1,14754.797885186965,14754.797885186965,35f6a6573ef9
16,3042,0.02,+/-10%,2,13279.318096668267,13257.075744118445,35f6a6573ef9
16,3042,0.02,+/-10%,3,11951.38628700144,11924.537629836857,35f6a6573ef9
16,3042,0.02,+/-10%,4,10756.2476583013,10719.512876948067,35f6a6573ef9
16,3042,0.02,+/-10%,5,9680.622892471172,9647.51487320459,35f6a6573ef9
16,3042,0.02,+/-10%,6,8712.560603224054,8682.763387306564,35f6a6573ef9
16,3042,0.02,+/-10%,7,7841.304542901647,7814.487049312424,35f6a6573ef9
16,3042,0.02,+/-10%,8,7057.174088611483,7045.353592617158,35f6a6573ef9
16,3042,0.02,+/-10%,9,7083.483544427937,7397.412354182993,35f6a6573ef9
16,3042,0.02,+/-10%,10,7791.83189887073,7740.456566594221,35f6a6573ef9
16,3042,0.02,+/-10%,11,8571.015088757806,8525.702556986907,35f6a6573ef9
16,3042,0.02,+/-10%,12,9428.116597633585,8348.426384439126,35f6a6573ef9
16,3042,0.02,+/-10%,13,9099.404383423078,9202.477901850822,35f6a6573ef9
16,3042,0.02,+/-10%,14,8189.4639450807745,8277.596792452421,35f6a6573ef9
16,3042,0.02,+/-10%,15,7797.895112859393,7449.837111495741,35f6a6573ef9
16,3042,0.02,+/-20%,1,17445.850562729527,17445.850562729527,35f6a6573ef9
16,3042,0.02,+/-20%,2,13956.680450183618,13551.513087288731,35f6a6573ef9
16,3042,0.02,+/-20%,3,11165.344360146892,10733.498263282276,35f6a6573ef9
16,3042,0.02,+/-20%,4,8932.275488117513,8722.931596949753,35f6a6573ef9
16,3042,0.02,+/-20%,5,8919.669234596906,9690.976424873887,35f6a6573ef9
16,3042,0.02,+/-20%,6,7135.735387677528,7752.781138798662,35f6a6573ef9
16,3042,0.02,+/-20%,7,7219.112144572611,7219.112146366497,35f6a6573ef9
16,3042,0.02,+/-20%,8,8493.862737606372,8493.862736956202,35f6a6573ef9
16,3042,0.02,+/-20%,9,6830.578278465352,7524.1805701688545,35f6a6573ef9
16,3042,0.02,+/-20%,10,8196.693934158424,7581.913360276811,35f6a6573ef9
16,3042,0.02,+/-20%,11,9836.032720990106,9098.296033155886,35f6a6573ef9
16,3042,0.02,+/-20%,12,9460.279746991479,8221.37124431926,35f6a6573ef9
16,3042,0.02,+/-20%,13,7568.223797593183,9312.88077681543,35f6a6573ef9
16,3042,0.02,+/-20%,14,7360.926893467175,7450.304618499501,35f6a6573ef9
16,3042,0.02,+/-20%,15,8833.112272160608,7953.506236106179,35f6a6573ef9
16,3042,0.04,NHF,1,34413.56317342712,34413.56317342712,35f6a6573ef9
16,3042,0.04,NHF,2,5352.127622031203,5352.127622031203,35f6a6573ef9
16,3042,0.04,NHF,3,3874.267970541091,3874.267970541091,35f6a6573ef9
16,3042,0.04,NHF,4,5800.172955438542,5800.172955438542,35f6a6573ef9
16,3042,0.04,NHF,5,4831.101708303553,4831.101708303553,35f6a6573ef9
16,3042,0.04,NHF,6,6819.7140811486615,6819.7140811486615,35f6a6573ef9
16,3042,0.04,NHF,7,9496.80757355447,9496.807573554472,35f6a6573ef9
16,3042,0.04,NHF,8,9652.486854421659,9652.486854421659,35f6a6573ef9
16,3042,0.04,NHF,9,14376.723158602932,14376.72315860293,35f6a6573ef9
16,3042,0.04,NHF,10,6015.788167110096,6015.788167110096,35f6a6573ef9
16,3042,0.04,NHF,11,6051.510201648329,6051.510201648329,35f6a6573ef9
16,3042,0.04,NHF,12,5734.453462226997,5734.453462226997,35f6a6573ef9
16,3042,0.04,NHF,13,9769.448409127543,9769.448409127543,35f6a6573ef9
16,3042,0.04,NHF,14,5126.887530867441,5126.887530867441,35f6a6573ef9
16,3042,0.04,NHF,15,9159.068945522342,9159.068945522344,35f6a6573ef9
16,3042,0.04,NDY,1,9914.874058858006,9914.874058858006,35f6a6573ef9
16,3042,0.04,NDY,2,9914.874058858006,9821.877306903201,35f6a6573ef9
16,3042,0.04,NDY,3,9914.874058858004,9730.647136101863,35f6a6573ef9
16,3042,0.04,NDY,4,9914.874058858004,9640.181672181103,35f6a6573ef9
16,3042,0.04,NDY,5,9914.874058858008,9547.942556249815,35f6a6573ef9
16,3042,0.04,NDY,6,9914.874058858008,9463.822359610514,35f6a6573ef9
16,3042,0.04,NDY,7,9914.874058858006,9369.55075539268,35f6a6573ef9
16,3042,0.04,NDY,8,9914.874058858008,9287.560253861304,35f6a6573ef9
16,3042,0.04,NDY,9,9914.874058858006,9219.751596951857,35f6a6573ef9
16,3042,0.04,NDY,10,9914.874058858008,9148.43592892311,35f6a6573ef9
16,3042,0.04,NDY,11,9914.874058858006,9073.16601752033,35f6a6573ef9
16,3042,0.04,NDY,12,9914.874058858006,9007.208817888693,35f6a6573ef9
16,3042,0.04,NDY,13,9914.874058858008,8941.983090701098,35f6a6573ef9
16,3042,0.04,NDY,14,9914.874058858008,8890.023087727383,35f6a6573ef9
16,3042,0.04,NDY,15,9914.874058858006,8838.933696561102,35f6a6573ef9
16,3042,0.04,-10%,1,14779.102851596212,14779.102851596212,35f6a6573ef9
16,3042,0.04,-10%,2,13301.192566436594,13301.009291785549,35f6a6573ef9
16,3042,0.04,-10%,3,11971.073309792931,11964.51983918854,35f6a6573ef9
16,3042,0.04,-10%,4,10773.965978813638,10768.8416283588,35f6a6573ef9
16,3042,0.04,-10%,5,9696.569380932277,9691.957468095909,35f6a6573ef9
16,3042,0.04,-10%,6,8726.912442839048,8722.761720330329,35f6a6573ef9
16,3042,0.04,-10%,7,7854.221198555144,7854.112975862243,35f6a6573ef9
16,3042,0.04,-10%,8,7068.79907869963,7068.701682347247,35f6a6573ef9
16,3042,0.04,-10%,9,6361.919170829667,6361.831508638573,35f6a6573ef9
16,3042,0.04,-10%,10,6286.980226939275,6291.02808738653,35f6a6573ef9
16,3042,0.04,-10%,11,10163.89795811793,10367.370208633112,35f6a6573ef9
16,3042,0.04,-10%,12,9978.101842400296,9720.405853488026,35f6a6573ef9
16,3042,0.04,-10%,13,8980.291658160268,8748.028093917492,35f6a6573ef9
16,3042,0.04,-10%,14,8082.262492344241,7865.866008613363,35f6a6573ef9
16,3042,0.04,-10%,15,7274.036243109813,7079.2794081091215,35f6a6573ef9
16,3042,0.04,-20%,1,17878.98823515993,17878.98823515993,35f6a6573ef9
16,3042,0.04,-20%,2,14303.190588127945,14295.731896796746,35f6a6573ef9
16,3042,0.04,-20%,3,11442.552470502353,11435.143996978577,35f6a6573ef9
16,3042,0.04,-20%,4,9154.041976401882,9148.115199889815,35f6a6573ef9
16,3042,0.04,-20%,5,7323.233581121506,7318.492159979259,35f6a6573ef9
16,3042,0.04,-20%,6,6819.7140811486615,6819.7140811486615,35f6a6573ef9
16,3042,0.04,-20%,7,6474.742072109249,6474.742072109248,35f6a6573ef9
16,3042,0.04,-20%,8,7559.113614436116,7200.875697028297,35f6a6573ef9
16,3042,0.04,-20%,9,9773.128834979592,10409.878215362844,35f6a6573ef9
16,3042,0.04,-20%,10,8384.504427102991,8327.902569577682,35f6a6573ef9
16,3042,0.04,-20%,11,10318.410684836015,10212.234605745267,35f6a6573ef9
16,3042,0.04,-20%,12,8443.936981055827,8169.787684026418,35f6a6573ef9
16,3042,0.04,-20%,13,7121.315710727008,7279.7314813970415,35f6a6573ef9
16,3042,0.04,-20%,14,6593.7715960949545,6235.533678687135,35f6a6573ef9
16,3042,0.04,-20%,15,6486.412428486528,6516.247204982181,35f6a6573ef9
16,3042,0.04,+/-10%,1,14758.244810224629,14758.244810224629,35f6a6573ef9
16,3042,0.04,+/-10%,2,13282.420329202163,13273.442026173825,35f6a6573ef9
16,3042,0.04,+/-10%,3,11954.17829628195,11941.122862867735,35f6a6573ef9
16,3042,0.04,+/-10%,4,10758.760466653752,10746.928425513604,35f6a6573ef9
16,3042,0.04,+/-10%,5,9682.884419988379,9666.409153580482,35f6a6573ef9
16,3042,0.04,+/-10%,6,8714.59597798954,8699.768240901753,35f6a6573ef9
16,3042,0.04,+/-10%,7,7843.136380190588,7829.791412830695,35f6a6573ef9
16,3042,0.04,+/-10%,8,7058.822742171532,7051.059741386788,35f6a6573ef9
16,3042,0.04,+/-10%,9,6701.513967567148,6789.291546284318,35f6a6573ef9
16,3042,0.04,+/-10%,10,7371.665364323864,7468.220700524803,35f6a6573ef9
16,3042,0.04,+/-10%,11,8108.831900756253,8215.04276869733,35f6a6573ef9
16,3042,0.04,+/-10%,12,8919.715090831878,9635.967297918449,35f6a6573ef9
16,3042,0.04,+/-10%,13,9811.686599915065,8996.676566782318,35f6a6573ef9
16,3042,0.04,+/-10%,14,8970.293789401254,8041.194969615817,35f6a6573ef9
16,3042,0.04,+/-10%,15,8073.264410461128,7236.025938840403,35f6a6573ef9
16,3042,0.04,+/-20%,1,17878.47104512246,17878.47104512246,35f6a6573ef9
16,3042,0.04,+/-20%,2,14302.776836097968,14295.07835666119,35f6a6573ef9
16,3042,0.04,+/-20%,3,11442.221468878377,11436.142072168004,35f6a6573ef9
16,3042,0.04,+/-20%,4,9153.7771751027,9148.793930626607,35f6a6573ef9
16,3042,0.04,+/-20%,5,7323.021740082161,7319.035140168505,35f6a6573ef9
16,3042,0.04,+/-20%,6,6819.7140811486615,6819.7140811486615,35f6a6573ef9
16,3042,0.04,+/-20%,7,6478.295850439083,6478.295850899591,35f6a6573ef9
16,3042,0.04,+/-20%,8,7773.9550205269,7653.3491710649405,35f6a6573ef9
16,3042,0.04,+/-20%,9,9328.746024632279,9184.019006385832,35f6a6573ef9
16,3042,0.04,+/-20%,10,8611.093427272168,9190.989629565544,35f6a6573ef9
16,3042,0.04,+/-20%,11,10318.358079803957,10248.434976392487,35f6a6573ef9
16,3042,0.04,+/-20%,12,8443.388211845404,8198.747980211396,35f6a6573ef9
16,3042,0.04,+/-20%,13,7124.869489056841,7124.869489517349,35f6a6573ef9
16,3042,0.04,+/-20%,14,6590.217817765121,6469.611966831585,35f6a6573ef9
16,3042,0.04,+/-20%,15,6704.807612907147,6155.211597177949,35f6a6573ef9
16,3042,0.06,NHF,1,34413.56317342712,34413.56317342712,35f6a6573ef9
16,3042,0.06,NHF,2,5352.127622031203,5352.127622031203,35f6a6573ef9
16,3042,0.06,NHF,3,3874.267970541091,3874.267970541091,35f6a6573ef9
16,3042,0.06,NHF,4,5800.172955438542,5800.172955438542,35f6a6573ef9
16,3042,0.06,NHF,5,4831.101708303553,4831.101708303553,35f6a6573ef9
16,3042,0.06,NHF,6,6819.7140811486615,6819.7140811486615,35f6a6573ef9
16,3042,0.06,NHF,7,9496.80757355447,9496.807573554472,35f6a6573ef9
16,3042,0.06,NHF,8,9652.486854421659,9652.486854421659,35f6a6573ef9
16,3042,0.06,NHF,9,14376.723158602932,14376.72315860293,35f6a6573ef9
16,3042,0.06,NHF,10,6015.788167110096,6015.788167110096,35f6a6573ef9
16,3042,0.06,NHF,11,6051.510201648329,6051.510201648329,35f6a6573ef9
16,3042,0.06,NHF,12,5734.453462226997,5734.453462226997,35f6a6573ef9
16,3042,0.06,NHF,13,9769.448409127543,9769.448409127543,35f6a6573ef9
16,3042,0.06,NHF,14,5126.887530867441,5126.887530867441,35f6a6573ef9
16,3042,0.06,NHF,15,9159.068945522342,9159.068945522344,35f6a6573ef9
16,3042,0.06,NDY,1,9848.756561603142,9848.756561603142,35f6a6573ef9
16,3042,0.06,NDY,2,9848.756561603144,9727.344024717402,35f6a6573ef9
16,3042,0.06,NDY,3,9848.756561603139,9638.231939636367,35f6a6573ef9
16,3042,0.06,NDY,4,9848.75656160314,9543.394397099199,35f6a6573ef9
16,3042,0.06,NDY,5,9848.756561603142,9443.697605788493,35f6a6573ef9
16,3042,0.06,NDY,6,9848.756561603146,9350.06309968467,35f6a6573ef9
16,3042,0.06,NDY,7,9848.756561603144,9256.918151180551,35f6a6573ef9
16,3042,0.06,NDY,8,9848.756561603142,9167.489548225802,35f6a6573ef9
16,3042,0.06,NDY,9,9848.756561603142,9094.440980527046,35f6a6573ef9
16,3042,0.06,NDY,10,9848.756561603139,9030.483162676457,35f6a6573ef9
16,3042,0.06,NDY,11,9848.756561603142,8973.204795736683,35f6a6573ef9
16,3042,0.06,NDY,12,9848.756561603139,8899.778950465474,35f6a6573ef9
16,3042,0.06,NDY,13,9848.75656160314,8838.880617229823,35f6a6573ef9
16,3042,0.06,NDY,14,9848.75656160314,8764.9178259826,35f6a6573ef9
16,3042,0.06,NDY,15,9848.75656160314,8696.970834434498,35f6a6573ef9
16,3042,0.06,-10%,1,14728.544199507129,14728.544199507129,35f6a6573ef9
16,3042,0.06,-10%,2,13255.689779556416,13220.856245416482,35f6a6573ef9
16,3042,0.06,-10%,3,11930.120801600773,11895.584793528182,35f6a6573ef9
16,3042,0.06,-10%,4,10737.10872144069,10688.485153681493,35f6a6573ef9
16,3042,0.06,-10%,5,9663.397849296633,9619.636636974674,35f6a6573ef9
16,3042,0.06,-10%,6,8697.058064366964,8657.6729757693,35f6a6573ef9
16,3042,0.06,-10%,7,7827.352257930268,7806.783405067603,35f6a6573ef9
16,3042,0.06,-10%,8,7044.617032137244,7026.105067789981,35f6a6573ef9
16,3042,0.06,-10%,9,6340.155328923518,6323.494561722638,35f6a6573ef9
16,3042,0.06,-10%,10,7346.709288743221,7349.468588904588,35f6a6573ef9
16,3042,0.06,-10%,11,8974.419259138318,9667.67066239024,35f6a6573ef9
16,3042,0.06,-10%,12,10070.704658988647,9493.793232884784,35f6a6573ef9
16,3042,0.06,-10%,13,9063.634193089798,8735.591613887822,35f6a6573ef9
16,3042,0.06,-10%,14,8157.270773780814,7862.032452020069,35f6a6573ef9
16,3042,0.06,-10%,15,7341.543696402719,7075.829207495559,35f6a6573ef9
16,3042,0.06,-20%,1,17845.30989713993,17845.30989713993,35f6a6573ef9
16,3042,0.06,-20%,2,14276.24791771194,14244.893271627516,35f6a6573ef9
16,3042,0.06,-20%,3,11420.998334169552,11377.666192953458,35f6a6573ef9
16,3042,0.06,-20%,4,9136.798667335643,9102.132953662081,35f6a6573ef9
16,3042,0.06,-20%,5,7309.438933868513,7281.70636129135,35f6a6573ef9
16,3042,0.06,-20%,6,6819.7140811486615,6819.7140811486615,35f6a6573ef9
16,3042,0.06,-20%,7,5769.975242761937,5769.975242761937,35f6a6573ef9
16,3042,0.06,-20%,8,7639.309687843045,7639.309687843045,35f6a6573ef9
16,3042,0.06,-20%,9,10947.020965790729,11240.191753439176,35f6a6573ef9
16,3042,0.06,-20%,10,8757.616772632584,8992.15340252767,35f6a6573ef9
16,3042,0.06,-20%,11,9951.580554235845,8656.202764108428,35f6a6573ef9
16,3042,0.06,-20%,12,7961.264443388675,8212.34143686607,35f6a6573ef9
16,3042,0.06,-20%,13,6369.011554710941,6860.211208353157,35f6a6573ef9
16,3042,0.06,-20%,14,6655.085184451907,6655.085184451907,35f6a6573ef9
16,3042,0.06,-20%,15,6534.028769977656,6616.554485662791,35f6a6573ef9
16,3042,0.06,+/-10%,1,14727.708320667092,14727.708320667092,35f6a6573ef9
16,3042,0.06,+/-10%,2,13254.937488600379,13208.959179916672,35f6a6573ef9
16,3042,0.06,+/-10%,3,11929.443739740345,11883.388882124042,35f6a6573ef9
16,3042,0.06,+/-10%,4,10736.499365766309,10693.054736914042,35f6a6573ef9
16,3042,0.06,+/-10%,5,9662.849429189679,9623.669798536677,35f6a6573ef9
16,3042,0.06,+/-10%,6,8696.564486270709,8661.302819182756,35f6a6573ef9
16,3042,0.06,+/-10%,7,7826.90803764364,7799.7583071040535,35f6a6573ef9
16,3042,0.06,+/-10%,8,7044.217233879278,7019.782476915791,35f6a6573ef9
16,3042,0.06,+/-10%,9,6464.9230881470285,6582.886847945221,35f6a6573ef9
16,3042,0.06,+/-10%,10,7111.415396961732,7241.1755331287395,35f6a6573ef9
16,3042,0.06,+/-10%,11,7822.556936657908,9136.618695105994,35f6a6573ef9
16,3042,0.06,+/-10%,12,8604.8126303237,9791.133766170475,35f6a6573ef9
16,3042,0.06,+/-10%,13,9465.293893356069,8843.196937876628,35f6a6573ef9
16,3042,0.06,+/-10%,14,10061.660646248023,7947.700700563294,35f6a6573ef9
16,3042,0.06,+/-10%,15,9055.494581623223,6806.711861161119,35f6a6573ef9
16,3042,0.06,+/-20%,1,17846.130548945883,17846.130548945883,35f6a6573ef9
16,3042,0.06,+/-20%,2,14276.904439156706,14245.784751115212,35f6a6573ef9
16,3042,0.06,+/-20%,3,11421.523551325363,11364.134091991864,35f6a6573ef9
16,3042,0.06,+/-20%,4,9137.21884106029,9091.30727214681,35f6a6573ef9
16,3042,0.06,+/-20%,5,7309.775072848234,7273.045818321449,35f6a6573ef9
16,3042,0.06,+/-20%,6,6819.7140811486615,6819.7140811486615,35f6a6573ef9
16,3042,0.06,+/-20%,7,6224.772842812508,6224.772844883202,35f6a6573ef9
16,3042,0.06,+/-20%,8,7469.7274113750145,7469.727414490623,35f6a6573ef9
16,3042,0.06,+/-20%,9,8963.672893650015,9569.224939506112,35f6a6573ef9
16,3042,0.06,+/-20%,10,10374.66589778577,10009.507432606524,35f6a6573ef9
16,3042,0.06,+/-20%,11,10159.769276558327,9681.255431478257,35f6a6573ef9
16,3042,0.06,+/-20%,12,8127.815421246661,7940.25800050888,35f6a6573ef9
16,3042,0.06,+/-20%,13,6743.124540745205,6930.4370345471525,35f6a6573ef9
16,3042,0.06,+/-20%,14,6485.502907983876,6485.502911099485,35f6a6573ef9
16,3042,0.06,+/-20%,15,5846.628251233475,5689.257498089031,35f6a6573ef9
16,4042,0.0,NHF,1,2133.615466236667,2133.615466236667,35f6a6573ef9
16,4042,0.0,NHF,2,2844.27797552,738.6802976,35f6a6573ef9
16,4042,0.0,NHF,3,7645.603629702159,922.50077465,35f6a6573ef9
16,4042,0.0,NHF,4,7519.869173907499,10212.470204848276,35f6a6573ef9
16,4042,0.0,NHF,5,27384.258923378162,16223.040566242858,35f6a6573ef9
16,4042,0.0,NHF,6,8835.481625917428,9917.951263783449,35f6a6573ef9
16,4042,0.0,NHF,7,21528.54099924576,10821.771508333111,35f6a6573ef9
16,4042,0.0,NHF,8,8823.590442923723,11600.25885475446,35f6a6573ef9
16,4042,0.0,NHF,9,4635.2663610979625,7932.580985885917,35f6a6573ef9
16,4042,0.0,NHF,10,96.50704516999998,8448.633418853135,35f6a6573ef9
16,4042,0.0,NHF,11,535.44992514,11481.713921897388,35f6a6573ef9
16,4042,0.0,NHF,12,326.403505615,7473.44210925815,35f6a6573ef9
16,4042,0.0,NHF,13,1481.2019474800002,6622.074154885682,35f6a6573ef9
16,4042,0.0,NHF,14,5205.711372245682,10202.019772922751,35f6a6573ef9
16,4042,0.0,NHF,15,75223.35050416179,5679.258245466749,35f6a6573ef9
16,4042,0.0,NDY,1,4249.26984984702,4249.26984984702,35f6a6573ef9
16,4042,0.0,NDY,2,10657.039425896266,9042.266125322894,35f6a6573ef9
16,4042,0.0,NDY,3,10657.039425896262,8872.065523237256,35f6a6573ef9
16,4042,0.0,NDY,4,10657.039425896266,8982.373899513628,35f6a6573ef9
16,4042,0.0,NDY,5,10657.039425896268,10400.01636251182,35f6a6573ef9
16,4042,0.0,NDY,6,10657.03942589626,10207.20521801815,35f6a6573ef9
16,4042,0.0,NDY,7,10657.039425896266,10119.989686531268,35f6a6573ef9
16,4042,0.0,NDY,8,10657.039425896271,9912.704164838067,35f6a6573ef9
16,4042,0.0,NDY,9,10657.039425896262,9601.649574456784,35f6a6573ef9
16,4042,0.0,NDY,10,10657.039425896264,9462.897647430585,35f6a6573ef9
16,4042,0.0,NDY,11,10657.03942589626,9202.188762047084,35f6a6573ef9
16,4042,0.0,NDY,12,10657.039425896257,9093.316599971185,35f6a6573ef9
16,4042,0.0,NDY,13,10657.039425896259,8691.637133070233,35f6a6573ef9
16,4042,0.0,NDY,14,10657.03942589626,8438.579492794614,35f6a6573ef9
16,4042,0.0,NDY,15,10657.03942589626,7800.386824345484,35f6a6573ef9
16,4042,0.0,-10%,1,5266.516083915,5266.516083915,35f6a6573ef9
16,4042,0.0,-10%,2,4845.422565049999,4845.422565049999,35f6a6573ef9
16,4042,0.0,-10%,3,5181.2285602280845,4844.1265903925005,35f6a6573ef9
16,4042,0.0,-10%,4,13824.523928531067,13920.296750074513,35f6a6573ef9
16,4042,0.0,-10%,5,12442.07153567796,13599.683934106712,35f6a6573ef9
16,4042,0.0,-10%,6,11197.864382110163,12556.323745819334,35f6a6573ef9
16,4042,0.0,-10%,7,10078.077943899147,8164.950455755787,35f6a6573ef9
16,4042,0.0,-10%,8,9070.270149509233,10119.002250543346,35f6a6573ef9
16,4042,0.0,-10%,9,8163.243134558311,11403.861023898287,35f6a6573ef9
16,4042,0.0,-10%,10,8582.652397699238,9541.906042418992,35f6a6573ef9
16,4042,0.0,-10%,11,15721.154411729689,8770.103875832336,35f6a6573ef9
16,4042,0.0,-10%,12,14618.709774891986,7613.430021840784,35f6a6573ef9
16,4042,0.0,-10%,13,13156.838797402788,5887.330799719829,35f6a6573ef9
16,4042,0.0,-10%,14,11841.154917662509,7286.728681605001,35f6a6573ef9
16,4042,0.0,-10%,15,10657.039425896259,8007.6480761879075,35f6a6573ef9
16,4042,0.0,-20%,1,4569.214229975,4569.214229975,35f6a6573ef9
16,4042,0.0,-20%,2,4912.018539248611,5465.837481930977,35f6a6573ef9
16,4042,0.0,-20%,3,3929.614831398889,4964.6806337425,35f6a6573ef9
16,4042,0.0,-20%,4,12580.228468215408,10201.64592132726,35f6a6573ef9
16,4042,0.0,-20%,5,15704.578008786759,17510.993291555675,35f6a6573ef9
16,4042,0.0,-20%,6,12563.662407029406,13254.08134675868,35f6a6573ef9
16,4042,0.0,-20%,7,10050.929925623524,7318.934970855787,35f6a6573ef9
16,4042,0.0,-20%,8,8040.743940498821,9642.925008297661,35f6a6573ef9
16,4042,0.0,-20%,9,7699.919248154841,8978.68728598984,35f6a6573ef9
16,4042,0.0,-20%,10,8735.266002323458,10721.51441153504,35f6a6573ef9
16,4042,0.0,-20%,11,10385.965483618054,11158.342450994869,35f6a6573ef9
16,4042,0.0,-20%,12,14878.808992914388,7343.516588075784,35f6a6573ef9
16,4042,0.0,-20%,13,16651.6241029629,7251.486084572606,35f6a6573ef9
16,4042,0.0,-20%,14,13321.299282370324,7199.1025799381305,35f6a6573ef9
16,4042,0.0,-20%,15,10657.039425896257,8220.417699798512,35f6a6573ef9
16,4042,0.0,+/-10%,1,6717.594215100208,6717.594215100208,35f6a6573ef9
16,4042,0.0,+/-10%,2,7389.353636610229,7581.013089208389,35f6a6573ef9
16,4042,0.0,+/-10%,3,8128.289000271254,8640.208146812825,35f6a6573ef9
16,4042,0.0,+/-10%,4,8941.11790029838,10108.136342545304,35f6a6573ef9
16,4042,0.0,+/-10%,5,9835.22969032822,11989.609062728947,35f6a6573ef9
16,4042,0.0,+/-10%,6,10818.75265936104,10016.667751801413,35f6a6573ef9
16,4042,0.0,+/-10%,7,9736.877393424938,9431.370450740269,35f6a6573ef9
16,4042,0.0,+/-10%,8,9503.672458083765,9270.719549488782,35f6a6573ef9
16,4042,0.0,+/-10%,9,10454.03970389214,9124.048939964121,35f6a6573ef9
16,4042,0.0,+/-10%,10,11499.443674281356,9998.064487136522,35f6a6573ef9
16,4042,0.0,+/-10%,11,12649.388041709493,9327.021468163519,35f6a6573ef9
16,4042,0.0,+/-10%,12,13914.326845880441,8402.821719691881,35f6a6573ef9
16,4042,0.0,+/-10%,13,13156.838797402786,7562.539541434829,35f6a6573ef9
16,4042,0.0,+/-10%,14,11841.154917662512,8623.059504769179,35f6a6573ef9
16,4042,0.0,+/-10%,15,10657.039425896259,8769.889321153149,35f6a6573ef9
16,4042,0.0,+/-20%,1,5534.0400562384675,5534.0400562384675,35f6a6573ef9
16,4042,0.0,+/-20%,2,6640.84806748616,7045.687394895973,35f6a6573ef9
16,4042,0.0,+/-20%,3,7969.017680983393,8401.542390703054,35f6a6573ef9
16,4042,0.0,+/-20%,4,9562.821217180071,10864.625665233434,35f6a6573ef9
16,4042,0.0,+/-20%,5,11475.385460616088,13288.719895350236,35f6a6573ef9
16,4042,0.0,+/-20%,6,12496.89264095889,9876.262621599926,35f6a6573ef9
16,4042,0.0,+/-20%,7,9997.514112767112,8527.317221727826,35f6a6573ef9
16,4042,0.0,+/-20%,8,7998.011290213691,9144.333239767662,35f6a6573ef9
16,4042,0.0,+/-20%,9,8040.149462516806,9927.992256805488,35f6a6573ef9
16,4042,0.0,+/-20%,10,9648.179355020166,10030.786437213923,35f6a6573ef9
16,4042,0.0,+/-20%,11,11577.815226024199,9600.00696197472,35f6a6573ef9
16,4042,0.0,+/-20%,12,13893.37827122904,8279.840644210784,35f6a6573ef9
16,4042,0.0,+/-20%,13,16651.6241029629,7122.740447279348,35f6a6573ef9
16,4042,0.0,+/-20%,14,13321.299282370324,8608.84910093904,35f6a6573ef9
16,4042,0.0,+/-20%,15,10657.039425896259,8548.134426294891,35f6a6573ef9
16,4042,0.02,NHF,1,32936.06073682911,32936.06073682911,35f6a6573ef9
16,4042,0.02,NHF,2,5115.597429776104,6001.774699012012,35f6a6573ef9
16,4042,0.02,NHF,3,7260.682996135108,6532.378576324764,35f6a6573ef9
16,4042,0.02,NHF,4,2636.9695849746786,3316.0431968109783,35f6a6573ef9
16,4042,0.02,NHF,5,15401.440741832417,14205.371838987505,35f6a6573ef9
16,4042,0.02,NHF,6,3328.4244733389337,3328.4244733389337,35f6a6573ef9
16,4042,0.02,NHF,7,10941.657943155116,10941.657943155116,35f6a6573ef9
16,4042,0.02,NHF,8,9624.235706184394,9624.235706184394,35f6a6573ef9
16,4042,0.02,NHF,9,10367.540713394346,10750.295142740395,35f6a6573ef9
16,4042,0.02,NHF,10,4394.3634374539415,4503.531946854661,35f6a6573ef9
16,4042,0.02,NHF,11,5605.666261460763,7668.530005223969,35f6a6573ef9
16,4042,0.02,NHF,12,4276.969241188431,3821.4441491469215,35f6a6573ef9
16,4042,0.02,NHF,13,16476.690001607887,15880.721540885594,35f6a6573ef9
16,4042,0.02,NHF,14,5802.657264909063,4394.393899965068,35f6a6573ef9
16,4042,0.02,NHF,15,12954.09820974059,10386.97312938648,35f6a6573ef9
16,4042,0.02,NDY,1,10199.540825201648,10199.540825201648,35f6a6573ef9
16,4042,0.02,NDY,2,10199.540825201648,10094.47840765355,35f6a6573ef9
16,4042,0.02,NDY,3,10199.540825201646,10003.129830318658,35f6a6573ef9
16,4042,0.02,NDY,4,10199.540825201648,9904.625394897676,35f6a6573ef9
16,4042,0.02,NDY,5,10199.540825201651,9809.814877225856,35f6a6573ef9
16,4042,0.02,NDY,6,10199.540825201648,9725.668003959585,35f6a6573ef9
16,4042,0.02,NDY,7,10199.540825201646,9648.959350480942,35f6a6573ef9
16,4042,0.02,NDY,8,10199.540825201642,9576.200524592936,35f6a6573ef9
16,4042,0.02,NDY,9,10199.540825201648,9502.361254094722,35f6a6573ef9
16,4042,0.02,NDY,10,10199.540825201646,9433.41002655014,35f6a6573ef9
16,4042,0.02,NDY,11,10199.540825201646,9368.941858795333,35f6a6573ef9
16,4042,0.02,NDY,12,10199.54082520165,9310.893522084769,35f6a6573ef9
16,4042,0.02,NDY,13,10199.540825201648,9256.94814369271,35f6a6573ef9
16,4042,0.02,NDY,14,10199.540825201648,9207.990788542942,35f6a6573ef9
16,4042,0.02,NDY,15,10199.540825201651,9151.085616555902,35f6a6573ef9
16,4042,0.02,-10%,1,15447.02620607837,15447.02620607837,35f6a6573ef9
16,4042,0.02,-10%,2,13902.323585470538,13887.753936688303,35f6a6573ef9
16,4042,0.02,-10%,3,12512.091226923483,12483.308610684217,35f6a6573ef9
16,4042,0.02,-10%,4,11260.882104231134,11228.904765410463,35f6a6573ef9
16,4042,0.02,-10%,5,10134.793893808024,10080.886868437019,35f6a6573ef9
16,4042,0.02,-10%,6,9121.314504427219,9072.798183913294,35f6a6573ef9
16,4042,0.02,-10%,7,8233.645484510706,8233.645486867805,35f6a6573ef9
16,4042,0.02,-10%,8,7758.966458273044,7994.295792798137,35f6a6573ef9
16,4042,0.02,-10%,9,6983.069812445739,7194.866211343249,35f6a6573ef9
16,4042,0.02,-10%,10,6284.762831201167,7081.819585697072,35f6a6573ef9
16,4042,0.02,-10%,11,7856.214877135239,6373.637627572173,35f6a6573ef9
16,4042,0.02,-10%,12,10288.295747097023,9628.866892554735,35f6a6573ef9
16,4042,0.02,-10%,13,9336.190420030065,9551.586581404965,35f6a6573ef9
16,4042,0.02,-10%,14,8402.571378027058,8786.103828851728,35f6a6573ef9
16,4042,0.02,-10%,15,7562.314240224352,7891.777011456583,35f6a6573ef9
16,4042,0.02,-20%,1,18857.12444071503,18857.12444071503,35f6a6573ef9
16,4042,0.02,-20%,2,15085.699552572029,15043.06465077768,35f6a6573ef9
16,4042,0.02,-20%,3,12068.559642057622,12041.053524847046,35f6a6573ef9
16,4042,0.02,-20%,4,9654.847713646099,9625.135394346522,35f6a6573ef9
16,4042,0.02,-20%,5,7723.878170916881,7700.108315267137,35f6a6573ef9
16,4042,0.02,-20%,6,6179.102536733505,6160.086652110415,35f6a6573ef9
16,4042,0.02,-20%,7,9105.626789856347,9105.626789856347,35f6a6573ef9
16,4042,0.02,-20%,8,8552.542379369843,8926.90989375857,35f6a6573ef9
16,4042,0.02,-20%,9,6842.033903495874,7707.546029119452,35f6a6573ef9
16,4042,0.02,-20%,10,7905.959077043361,6408.935298076932,35f6a6573ef9
16,4042,0.02,-20%,11,7789.647094340115,8054.245021138266,35f6a6573ef9
16,4042,0.02,-20%,12,9680.130918502286,8393.664659032298,35f6a6573ef9
16,4042,0.02,-20%,13,9523.030895440594,10507.166178897924,35f6a6573ef9
16,4042,0.02,-20%,14,7618.424716352476,8405.732947218303,35f6a6573ef9
16,4042,0.02,-20%,15,7807.656832346522,7824.620837450078,35f6a6573ef9
16,4042,0.02,+/-10%,1,15444.703944148014,15444.703944148014,35f6a6573ef9
16,4042,0.02,+/-10%,2,13900.233549733215,13892.448059385732,35f6a6573ef9
16,4042,0.02,+/-10%,3,12510.210194759893,12486.947519431336,35f6a6573ef9
16,4042,0.02,+/-10%,4,11259.189175283904,11223.92789715373,35f6a6573ef9
16,4042,0.02,+/-10%,5,10133.270257755516,10066.524113929056,35f6a6573ef9
16,4042,0.02,+/-10%,6,9119.943231979963,9059.871699143649,35f6a6573ef9
16,4042,0.02,+/-10%,7,8232.533577350412,8232.533579496881,35f6a6573ef9
16,4042,0.02,+/-10%,8,7596.542442221901,7802.205168350242,35f6a6573ef9
16,4042,0.02,+/-10%,9,6836.888197999711,7021.98465411502,35f6a6573ef9
16,4042,0.02,+/-10%,10,7275.332547551978,7174.292851246506,35f6a6573ef9
16,4042,0.02,+/-10%,11,8002.865802307178,7644.721667243974,35f6a6573ef9
16,4042,0.02,+/-10%,12,8803.152382537895,9043.81588849849,35f6a6573ef9
16,4042,0.02,+/-10%,13,9595.773680650338,8475.38242250996,35f6a6573ef9
16,4042,0.02,+/-10%,14,8636.196312585304,8989.743500271603,35f6a6573ef9
16,4042,0.02,+/-10%,15,7772.576681326773,8077.259231219537,35f6a6573ef9
16,4042,0.02,+/-20%,1,18810.01565782236,18810.01565782236,35f6a6573ef9
16,4042,0.02,+/-20%,2,15048.012526257891,15010.645810702214,35f6a6573ef9
16,4042,0.02,+/-20%,3,12038.410021006317,11799.281580812416,35f6a6573ef9
16,4042,0.02,+/-20%,4,9630.72801680505,9420.084774445057,35f6a6573ef9
16,4042,0.02,+/-20%,5,7704.582413444042,8145.932556415535,35f6a6573ef9
16,4042,0.02,+/-20%,6,6538.018970178532,6538.0189674507155,35f6a6573ef9
16,4042,0.02,+/-20%,7,7845.6227642142385,7845.6227642142385,35f6a6573ef9
16,4042,0.02,+/-20%,8,9414.747317057085,9414.747319154732,35f6a6573ef9
16,4042,0.02,+/-20%,9,7584.484119097028,8656.616923733742,35f6a6573ef9
16,4042,0.02,+/-20%,10,7905.785630487602,6925.293538868462,35f6a6573ef9
16,4042,0.02,+/-20%,11,8158.459113038225,7784.526221912275,35f6a6573ef9
16,4042,0.02,+/-20%,12,8774.14803960898,8285.544657497723,35f6a6573ef9
16,4042,0.02,+/-20%,13,9328.675749222344,9740.039277824777,35f6a6573ef9
16,4042,0.02,+/-20%,14,7462.940599377877,7792.031425754869,35f6a6573ef9
16,4042,0.02,+/-20%,15,8158.256569780238,8234.217445782573,35f6a6573ef9
16,4042,0.04,NHF,1,38673.60781282389,38673.60781282389,35f6a6573ef9
16,4042,0.04,NHF,2,4527.352482257477,4527.352482257477,35f6a6573ef9
16,4042,0.04,NHF,3,6250.321049884867,6250.321049884867,35f6a6573ef9
16,4042,0.04,NHF,4,4521.502101780346,4521.502101780346,35f6a6573ef9
16,4042,0.04,NHF,5,4184.1980516696885,4184.1980516696885,35f6a6573ef9
16,4042,0.04,NHF,6,3328.4244733389337,3328.4244733389337,35f6a6573ef9
16,4042,0.04,NHF,7,11753.041876684889,11753.041876684887,35f6a6573ef9
16,4042,0.04,NHF,8,10395.763059427547,10395.763059427547,35f6a6573ef9
16,4042,0.04,NHF,9,14438.589978268492,14438.589978268492,35f6a6573ef9
16,4042,0.04,NHF,10,5264.796317516742,5264.796317516742,35f6a6573ef9
16,4042,0.04,NHF,11,5870.3584635416955,5870.3584635416955,35f6a6573ef9
16,4042,0.04,NHF,12,4761.451686397167,4761.451686397167,35f6a6573ef9
16,4042,0.04,NHF,13,11517.79898588429,11517.79898588429,35f6a6573ef9
16,4042,0.04,NHF,14,4322.001655539202,4322.001655539202,35f6a6573ef9
16,4042,0.04,NHF,15,11176.05616690547,11176.05616690547,35f6a6573ef9
16,4042,0.04,NDY,1,10116.671481617037,10116.671481617037,35f6a6573ef9
16,4042,0.04,NDY,2,10116.671481617039,9995.349361749857,35f6a6573ef9
16,4042,0.04,NDY,3,10116.671481617037,9891.317510885528,35f6a6573ef9
16,4042,0.04,NDY,4,10116.671481617039,9770.436048968835,35f6a6573ef9
16,4042,0.04,NDY,5,10116.671481617037,9666.860454368534,35f6a6573ef9
16,4042,0.04,NDY,6,10116.671481617037,9564.624079726185,35f6a6573ef9
16,4042,0.04,NDY,7,10116.671481617039,9471.044351638435,35f6a6573ef9
16,4042,0.04,NDY,8,10116.671481617037,9382.222758753285,35f6a6573ef9
16,4042,0.04,NDY,9,10116.671481617039,9302.734984066523,35f6a6573ef9
16,4042,0.04,NDY,10,10116.671481617037,9231.535497370329,35f6a6573ef9
16,4042,0.04,NDY,11,10116.671481617037,9149.586925746507,35f6a6573ef9
16,4042,0.04,NDY,12,10116.671481617037,9075.557647157775,35f6a6573ef9
16,4042,0.04,NDY,13,10116.671481617037,9004.96657386203,35f6a6573ef9
16,4042,0.04,NDY,14,10116.671481617039,8943.12862001883,35f6a6573ef9
16,4042,0.04,NDY,15,10116.671481617039,8868.835559567031,35f6a6573ef9
16,4042,0.04,-10%,1,15441.62819987935,15441.62819987935,35f6a6573ef9
16,4042,0.04,-10%,2,13897.465379891419,13897.465381116152,35f6a6573ef9
16,4042,0.04,-10%,3,12507.718841902275,12501.001830945945,35f6a6573ef9
16,4042,0.04,-10%,4,11256.946957712047,11238.079413089701,35f6a6573ef9
16,4042,0.04,-10%,5,10131.252261940843,10110.661027348366,35f6a6573ef9
16,4042,0.04,-10%,6,9118.127035746758,9099.594928292907,35f6a6573ef9
16,4042,0.04,-10%,7,8206.314332172084,8206.314331425625,35f6a6573ef9
16,4042,0.04,-10%,8,7385.682898954874,7385.682899474739,35f6a6573ef9
16,4042,0.04,-10%,9,6647.114609059388,6647.1146071116555,35f6a6573ef9
16,4042,0.04,-10%,10,7901.922824273557,7920.638258947252,35f6a6573ef9
16,4042,0.04,-10%,11,7111.730541846202,7128.574436015102,35f6a6573ef9
16,4042,0.04,-10%,12,9124.297648086384,10076.391963317546,35f6a6573ef9
16,4042,0.04,-10%,13,9756.98104118665,9064.097497387951,35f6a6573ef9
16,4042,0.04,-10%,14,8781.282937067981,8157.687747361321,35f6a6573ef9
16,4042,0.04,-10%,15,7903.154643361183,7337.651769407641,35f6a6573ef9
16,4042,0.04,-20%,1,18858.169693220418,18858.169693220418,35f6a6573ef9
16,4042,0.04,-20%,2,15086.535754576338,15080.60833120524,35f6a6573ef9
16,4042,0.04,-20%,3,12069.22860366107,12065.222614979897,35f6a6573ef9
16,4042,0.04,-20%,4,9655.382882928856,9648.833910488467,35f6a6573ef9
16,4042,0.04,-20%,5,7724.306306343087,7718.430233716296,35f6a6573ef9
16,4042,0.04,-20%,6,6179.445045074471,6174.744187112099,35f6a6573ef9
16,4042,0.04,-20%,7,7440.614079015748,7440.614079015749,35f6a6573ef9
16,4042,0.04,-20%,8,9819.289821034821,9913.484349141043,35f6a6573ef9
16,4042,0.04,-20%,9,8176.052036874969,8118.074324212792,35f6a6573ef9
16,4042,0.04,-20%,10,6540.841629499974,6494.459459884713,35f6a6573ef9
16,4042,0.04,-20%,11,8945.350079626285,8734.914623021448,35f6a6573ef9
16,4042,0.04,-20%,12,9254.539334419058,9581.827829737604,35f6a6573ef9
16,4042,0.04,-20%,13,8898.751249530638,8873.574763785888,35f6a6573ef9
16,4042,0.04,-20%,14,7119.000999624513,7098.8598062815945,35f6a6573ef9
16,4042,0.04,-20%,15,8420.410367419307,7455.067659882866,35f6a6573ef9
16,4042,0.04,+/-10%,1,15444.409717837043,15444.409717837043,35f6a6573ef9
16,4042,0.04,+/-10%,2,13899.96874605334,13898.90328946466,35f6a6573ef9
16,4042,0.04,+/-10%,3,12509.971871448006,12506.958526986433,35f6a6573ef9
16,4042,0.04,+/-10%,4,11258.974684303203,11254.32832735267,35f6a6573ef9
16,4042,0.04,+/-10%,5,10133.077215872885,10128.895497299507,35f6a6573ef9
16,4042,0.04,+/-10%,6,9119.769494285596,9116.005944350976,35f6a6573ef9
16,4042,0.04,+/-10%,7,8207.792544857037,8207.79254229387,35f6a6573ef9
16,4042,0.04,+/-10%,8,7387.013290371333,7387.013285951635,35f6a6573ef9
16,4042,0.04,+/-10%,9,6717.187523149609,6738.400091089958,35f6a6573ef9
16,4042,0.04,+/-10%,10,7388.906275464571,7412.240097688988,35f6a6573ef9
16,4042,0.04,+/-10%,11,8009.89081414312,8039.077862254035,35f6a6573ef9
16,4042,0.04,+/-10%,12,8810.879895557433,8842.985650969664,35f6a6573ef9
16,4042,0.04,+/-10%,13,9691.967885113178,9347.59199532879,35f6a6573ef9
16,4042,0.04,+/-10%,14,8722.77109660186,8332.806181353799,35f6a6573ef9
16,4042,0.04,+/-10%,15,7850.493986941675,7480.735658078012,35f6a6573ef9
16,4042,0.04,+/-20%,1,18858.712954053488,18858.712954053488,35f6a6573ef9
16,4042,0.04,+/-20%,2,15086.970363242792,15083.306627014186,35f6a6573ef9
16,4042,0.04,+/-20%,3,12069.576290594236,12065.249499322328,35f6a6573ef9
16,4042,0.04,+/-20%,4,9655.661032475387,9650.144803816624,35f6a6573ef9
16,4042,0.04,+/-20%,5,7724.528825980312,7718.724609511717,35f6a6573ef9
16,4042,0.04,+/-20%,6,6179.62306078425,6178.122399693769,35f6a6573ef9
16,4042,0.04,+/-20%,7,7415.547672941099,7415.547673816475,35f6a6573ef9
16,4042,0.04,+/-20%,8,8898.657207529319,8894.269779771414,35f6a6573ef9
16,4042,0.04,+/-20%,9,9232.761509793354,9197.253462700477,35f6a6573ef9
16,4042,0.04,+/-20%,10,7597.617428575913,7690.6421580424185,35f6a6573ef9
16,4042,0.04,+/-20%,11,7730.335608145173,7673.879406747183,35f6a6573ef9
16,4042,0.04,+/-20%,12,9146.476298972408,9208.65528495014,35f6a6573ef9
16,4042,0.04,+/-20%,13,7812.201534142144,8492.802486637587,35f6a6573ef9
16,4042,0.04,+/-20%,14,7733.885579427355,6794.241990463272,35f6a6573ef9
16,4042,0.04,+/-20%,15,9280.662695312825,8083.233808173547,35f6a6573ef9
16,4042,0.06,NHF,1,38673.60781282389,38673.60781282389,35f6a6573ef9
16,4042,0.06,NHF,2,4527.352482257477,4527.352482257477,35f6a6573ef9
16,4042,0.06,NHF,3,6250.321049884867,6250.321049884867,35f6a6573ef9
16,4042,0.06,NHF,4,4521.502101780346,4521.502101780346,35f6a6573ef9
16,4042,0.06,NHF,5,4184.1980516696885,4184.1980516696885,35f6a6573ef9
16,4042,0.06,NHF,6,3328.4244733389337,3328.4244733389337,35f6a6573ef9
16,4042,0.06,NHF,7,11753.041876684889,11753.041876684887,35f6a6573ef9
16,4042,0.06,NHF,8,10395.763059427547,10395.763059427547,35f6a6573ef9
16,4042,0.06,NHF,9,14438.589978268492,14438.589978268492,35f6a6573ef9
16,4042,0.06,NHF,10,5264.796317516742,5264.796317516742,35f6a6573ef9
16,4042,0.06,NHF,11,5870.3584635416955,5870.3584635416955,35f6a6573ef9
16,4042,0.06,NHF,12,4761.451686397167,4761.451686397167,35f6a6573ef9
16,4042,0.06,NHF,13,11517.79898588429,11517.79898588429,35f6a6573ef9
16,4042,0.06,NHF,14,4322.001655539202,4322.001655539202,35f6a6573ef9
16,4042,0.06,NHF,15,11176.05616690547,11176.05616690547,35f6a6573ef9
16,4042,0.06,NDY,1,10080.14588768195,10080.14588768195,35f6a6573ef9
16,4042,0.06,NDY,2,10080.145887681949,9879.070497044286,35f6a6573ef9
16,4042,0.06,NDY,3,10080.145887681949,9776.014129815063,35f6a6573ef9
16,4042,0.06,NDY,4,10080.14588768195,9663.74688984617,35f6a6573ef9
16,4042,0.06,NDY,5,10080.145887681947,9540.795696044433,35f6a6573ef9
16,4042,0.06,NDY,6,10080.145887681952,9446.374154457093,35f6a6573ef9
16,4042,0.06,NDY,7,10080.14588768195,9339.443356951471,35f6a6573ef9
16,4042,0.06,NDY,8,10080.14588768195,9240.308509082346,35f6a6573ef9
16,4042,0.06,NDY,9,10080.14588768195,9148.939775999495,35f6a6573ef9
16,4042,0.06,NDY,10,10080.145887681952,9072.275981653265,35f6a6573ef9
16,4042,0.06,NDY,11,10080.145887681952,9017.038101041035,35f6a6573ef9
16,4042,0.06,NDY,12,10080.14588768195,8942.34502974449,35f6a6573ef9
16,4042,0.06,NDY,13,10080.145887681952,8889.69269046808,35f6a6573ef9
16,4042,0.06,NDY,14,10080.145887681956,8807.908840929249,35f6a6573ef9
16,4042,0.06,NDY,15,10080.14588768195,8721.632150275611,35f6a6573ef9
16,4042,0.06,-10%,1,15394.252497497215,15394.252497497215,35f6a6573ef9
16,4042,0.06,-10%,2,13854.827247747497,13837.332291167377,35f6a6573ef9
16,4042,0.06,-10%,3,12469.344522972746,12428.780173366651,35f6a6573ef9
16,4042,0.06,-10%,4,11222.410070675469,11175.275598740669,35f6a6573ef9
16,4042,0.06,-10%,5,10100.169063607924,10036.364712638979,35f6a6573ef9
16,4042,0.06,-10%,6,9090.152157247132,9032.728238297728,35f6a6573ef9
16,4042,0.06,-10%,7,8181.13694152242,8171.911863278617,35f6a6573ef9
16,4042,0.06,-10%,8,7363.023247370176,7354.720678577466,35f6a6573ef9
16,4042,0.06,-10%,9,6830.662214975948,6619.248610313575,35f6a6573ef9
16,4042,0.06,-10%,10,7734.001621043186,7794.998252632177,35f6a6573ef9
16,4042,0.06,-10%,11,7038.279892645891,7578.268011806662,35f6a6573ef9
16,4042,0.06,-10%,12,9276.298156646966,10047.639651030478,35f6a6573ef9
16,4042,0.06,-10%,13,9751.627433705511,9042.875684836437,35f6a6573ef9
16,4042,0.06,-10%,14,8776.464690334959,8136.32406479323,35f6a6573ef9
16,4042,0.06,-10%,15,7898.818221301463,7322.69165699947,35f6a6573ef9
16,4042,0.06,-20%,1,18819.30296645919,18819.30296645919,35f6a6573ef9
16,4042,0.06,-20%,2,15055.442373167352,15032.075269638248,35f6a6573ef9
16,4042,0.06,-20%,3,12044.353898533876,12006.196964305962,35f6a6573ef9
16,4042,0.06,-20%,4,9635.483118827104,9578.415239957192,35f6a6573ef9
16,4042,0.06,-20%,5,7708.3864950616835,7659.578278222919,35f6a6573ef9
16,4042,0.06,-20%,6,6166.709196049347,6127.662620967348,35f6a6573ef9
16,4042,0.06,-20%,7,6735.807889952309,6735.807890803932,35f6a6573ef9
16,4042,0.06,-20%,8,9892.97417644729,10066.295798933192,35f6a6573ef9
16,4042,0.06,-20%,9,9352.237137509499,9184.134437796078,35f6a6573ef9
16,4042,0.06,-20%,10,7481.789710007601,7632.0166711140955,35f6a6573ef9
16,4042,0.06,-20%,11,7856.351143941521,7658.109581787143,35f6a6573ef9
16,4042,0.06,-20%,12,8734.465119600425,7705.893515457075,35f6a6573ef9
16,4042,0.06,-20%,13,8485.079381322894,9245.843483159879,35f6a6573ef9
16,4042,0.06,-20%,14,6788.063505058317,7396.674783413393,35f6a6573ef9
16,4042,0.06,-20%,15,9478.556914522045,7869.350698624396,35f6a6573ef9
16,4042,0.06,+/-10%,1,15386.84520042291,15386.84520042291,35f6a6573ef9
16,4042,0.06,+/-10%,2,13848.160680380623,13827.448121307494,35f6a6573ef9
16,4042,0.06,+/-10%,3,12463.344612342558,12430.274605212539,35f6a6573ef9
16,4042,0.06,+/-10%,4,11217.010151108303,11169.627466721586,35f6a6573ef9
16,4042,0.06,+/-10%,5,10095.309135997473,10038.351441893295,35f6a6573ef9
16,4042,0.06,+/-10%,6,9085.778222397726,9034.516296942162,35f6a6573ef9
16,4042,0.06,+/-10%,7,8177.2004001579535,8164.969840241484,35f6a6573ef9
16,4042,0.06,+/-10%,8,7359.480360142157,7348.472856685559,35f6a6573ef9
16,4042,0.06,+/-10%,9,6698.294503275554,6787.691291246177,35f6a6573ef9
16,4042,0.06,+/-10%,10,7368.123953603111,7466.4604225465055,35f6a6573ef9
16,4042,0.06,+/-10%,11,8047.426620963435,8213.106460968675,35f6a6573ef9
16,4042,0.06,+/-10%,12,8852.169283059777,9277.43764967718,35f6a6573ef9
16,4042,0.06,+/-10%,13,9737.386211365756,9173.044236924288,35f6a6573ef9
16,4042,0.06,+/-10%,14,8763.64759022918,8255.739812832306,35f6a6573ef9
16,4042,0.06,+/-10%,15,7887.282831206263,7135.6694530285895,35f6a6573ef9
16,4042,0.06,+/-20%,1,18821.99693208211,18821.99693208211,35f6a6573ef9
16,4042,0.06,+/-20%,2,15057.597545665687,15040.199061821428,35f6a6573ef9
16,4042,0.06,+/-20%,3,12046.07803653255,12014.607593074523,35f6a6573ef9
16,4042,0.06,+/-20%,4,9636.862429226041,9596.228175871902,35f6a6573ef9
16,4042,0.06,+/-20%,5,7709.489943380834,7676.982539094163,35f6a6573ef9
16,4042,0.06,+/-20%,6,6167.591954704668,6141.58602810028,35f6a6573ef9
16,4042,0.06,+/-20%,7,7392.558641827026,7392.558642866469,35f6a6573ef9
16,4042,0.06,+/-20%,8,8871.070370192429,8871.070369152985,35f6a6573ef9
16,4042,0.06,+/-20%,9,9301.9812879738,8987.949027544426,35f6a6573ef9
16,4042,0.06,+/-20%,10,7925.884320034244,8325.619469732193,35f6a6573ef9
16,4042,0.06,+/-20%,11,7713.392988719128,7775.486259923391,35f6a6573ef9
16,4042,0.06,+/-20%,12,8846.449773019287,8628.186203809748,35f6a6573ef9
16,4042,0.06,+/-20%,13,7321.576646824699,8393.930145523616,35f6a6573ef9
16,4042,0.06,+/-20%,14,8016.094599585273,6715.14411496836,35f6a6573ef9
16,4042,0.06,+/-20%,15,9619.313519502322,8300.068608017415,35f6a6573ef9
17,42,0.0,NHF,1,3691.1426617200004,3691.1426617200004,35f6a6573ef9
17,42,0.0,NHF,2,2704.704923605,5.097757653333333,35f6a6573ef9
17,42,0.0,NHF,3,7019.982342694262,162.63538394999998,35f6a6573ef9
17,42,0.0,NHF,4,7624.8658969075,11956.739486042423,35f6a6573ef9
17,42,0.0,NHF,5,29080.521288529842,19256.153462714017,35f6a6573ef9
17,42,0.0,NHF,6,11357.121602781199,10219.168517020431,35f6a6573ef9
17,42,0.0,NHF,7,19195.78976899019,9606.34089482522,35f6a6573ef9
17,42,0.0,NHF,8,8692.540990391371,13555.526586914342,35f6a6573ef9
17,42,0.0,NHF,9,5217.278923686429,6520.321936219247,35f6a6573ef9
17,42,0.0,NHF,10,529.01853869,6424.292171532109,35f6a6573ef9
17,42,0.0,NHF,11,1279.7777497,8255.711958881293,35f6a6573ef9
17,42,0.0,NHF,12,1623.9810211875,10576.183911445276,35f6a6573ef9
17,42,0.0,NHF,13,1920.656149665,9931.872866685533,35f6a6573ef9
17,42,0.0,NHF,14,3882.8484862686364,6641.245448770791,35f6a6573ef9
17,42,0.0,NHF,15,74950.70819619564,8712.19946940453,35f6a6573ef9
17,42,0.0,NDY,1,5392.9957897337,5392.9957897337,35f6a6573ef9
17,42,0.0,NDY,2,10923.880404715987,8975.502809167458,35f6a6573ef9
17,42,0.0,NDY,3,10923.880404715988,8998.244363818767,35f6a6573ef9
17,42,0.0,NDY,4,10923.880404715987,10684.399426278209,35f6a6573ef9
17,42,0.0,NDY,5,10923.880404715987,10481.736864510987,35f6a6573ef9
17,42,0.0,NDY,6,10923.880404715985,10264.087929031159,35f6a6573ef9
17,42,0.0,NDY,7,10923.880404715985,10032.24194129169,35f6a6573ef9
17,42,0.0,NDY,8,10923.880404715987,9892.200327068704,35f6a6573ef9
17,42,0.0,NDY,9,10923.880404715987,9689.039412189555,35f6a6573ef9
17,42,0.0,NDY,10,10923.880404715987,9590.43751070143,35f6a6573ef9
17,42,0.0,NDY,11,10923.880404715987,9319.125315956988,35f6a6573ef9
17,42,0.0,NDY,12,10923.880404715987,8912.286405560391,35f6a6573ef9
17,42,0.0,NDY,13,10923.880404715987,8385.91760669167,35f6a6573ef9
17,42,0.0,NDY,14,10923.880404715985,6907.798989031666,35f6a6573ef9
17,42,0.0,NDY,15,10923.880404715985,9335.35977182446,35f6a6573ef9
17,42,0.0,-10%,1,6420.9391457871425,6420.9391457871425,35f6a6573ef9
17,42,0.0,-10%,2,5778.845231208431,6056.193414814198,35f6a6573ef9
17,42,0.0,-10%,3,5200.960708087583,5426.42331723,35f6a6573ef9
17,42,0.0,-10%,4,14676.996492173128,14951.167521053436,35f6a6573ef9
17,42,0.0,-10%,5,13209.296842955808,13676.446070754782,35f6a6573ef9
17,42,0.0,-10%,6,11888.367158660229,12580.424804147935,35f6a6573ef9
17,42,0.0,-10%,7,10699.530442794208,11289.07740291493,35f6a6573ef9
17,42,0.0,-10%,8,9629.577398514788,8090.224928776866,35f6a6573ef9
17,42,0.0,-10%,9,8666.619658663309,8467.883112641375,35f6a6573ef9
17,42,0.0,-10%,10,7799.957692796979,10133.117466085672,35f6a6573ef9
17,42,0.0,-10%,11,13479.49490392302,8951.073260966843,35f6a6573ef9
17,42,0.0,-10%,12,14984.74678287515,8254.769415322644,35f6a6573ef9
17,42,0.0,-10%,13,13486.272104587633,5746.973535202587,35f6a6573ef9
17,42,0.0,-10%,14,12137.64489412887,5370.806861005,35f6a6573ef9
17,42,0.0,-10%,15,10923.880404715985,12869.311869262847,35f6a6573ef9
17,42,0.0,-20%,1,6784.31393085,6784.31393085,35f6a6573ef9
17,42,0.0,-20%,2,5427.45114468,5321.519387858919,35f6a6573ef9
17,42,0.0,-20%,3,4341.960915744,5797.17581822,35f6a6573ef9
17,42,0.0,-20%,4,13179.524125132757,12777.563429295004,35f6a6573ef9
17,42,0.0,-20%,5,16669.615771570545,17012.960274108344,35f6a6573ef9
17,42,0.0,-20%,6,13335.692617256433,12951.233722544677,35f6a6573ef9
17,42,0.0,-20%,7,10668.554093805147,10051.510986248504,35f6a6573ef9
17,42,0.0,-20%,8,8534.843275044119,9433.188388957047,35f6a6573ef9
17,42,0.0,-20%,9,6827.874620035296,8547.819035463965,35f6a6573ef9
17,42,0.0,-20%,10,6454.9121027317215,7823.064092028913,35f6a6573ef9
17,42,0.0,-20%,11,9259.082999024638,9377.609099474479,35f6a6573ef9
17,42,0.0,-20%,12,16092.33250291728,7786.0879407487755,35f6a6573ef9
17,42,0.0,-20%,13,17068.563132368723,6082.384891017588,35f6a6573ef9
17,42,0.0,-20%,14,13654.850505894981,7268.263915209074,35f6a6573ef9
17,42,0.0,-20%,15,10923.880404715985,7214.108415508357,35f6a6573ef9
17,42,0.0,+/-10%,1,7327.825272624264,7327.825272624264,35f6a6573ef9
17,42,0.0,+/-10%,2,8060.6077998866895,8346.080203791182,35f6a6573ef9
17,42,0.0,+/-10%,3,8866.668579875357,9625.084280833575,35f6a6573ef9
17,42,0.0,+/-10%,4,9753.335437862896,10890.629108864443,35f6a6573ef9
17,42,0.0,+/-10%,5,10728.668981649183,12430.575221167828,35f6a6573ef9
17,42,0.0,+/-10%,6,11517.095442451433,11415.378417942838,35f6a6573ef9
17,42,0.0,+/-10%,7,10365.385898206288,10345.361060259487,35f6a6573ef9
17,42,0.0,+/-10%,8,9328.84730838566,9753.80301540695,35f6a6573ef9
17,42,0.0,+/-10%,9,10130.338443436904,7503.7672860943985,35f6a6573ef9
17,42,0.0,+/-10%,10,11143.372287780592,9179.768666606624,35f6a6573ef9
17,42,0.0,+/-10%,11,12257.709516558656,9366.13964367457,35f6a6573ef9
17,42,0.0,+/-10%,12,13483.480468214519,7254.676582571252,35f6a6573ef9
17,42,0.0,+/-10%,13,13486.27210458763,7167.709851901045,35f6a6573ef9
17,42,0.0,+/-10%,14,12137.644894128873,8379.933008132344,35f6a6573ef9
17,42,0.0,+/-10%,15,10923.880404715983,11603.453122163608,35f6a6573ef9
17,42,0.0,+/-20%,1,6049.851974278473,6049.851974278473,35f6a6573ef9
17,42,0.0,+/-20%,2,7259.8223691341655,7524.029312526632,35f6a6573ef9
17,42,0.0,+/-20%,3,8711.786842960999,9962.712547497214,35f6a6573ef9
17,42,0.0,+/-20%,4,10454.1442115532,11794.96006480243,35f6a6573ef9
17,42,0.0,+/-20%,5,12544.973053863834,13928.177118708347,35f6a6573ef9
17,42,0.0,+/-20%,6,13080.982776522711,11252.28248527536,35f6a6573ef9
17,42,0.0,+/-20%,7,10464.78622121817,9342.584297723326,35f6a6573ef9
17,42,0.0,+/-20%,8,8371.828976974535,7991.255029927508,35f6a6573ef9
17,42,0.0,+/-20%,9,7810.059473062397,8021.863571383857,35f6a6573ef9
17,42,0.0,+/-20%,10,9372.071367674875,9562.9769171346,35f6a6573ef9
17,42,0.0,+/-20%,11,11246.485641209849,11275.708282613972,35f6a6573ef9
17,42,0.0,+/-20%,12,13495.782769451818,8721.911269095915,35f6a6573ef9
17,42,0.0,+/-20%,13,16194.939323342183,6228.2673863509435,35f6a6573ef9
17,42,0.0,+/-20%,14,13654.85050589498,7263.51116539881,35f6a6573ef9
17,42,0.0,+/-20%,15,10923.880404715987,9008.894940117167,35f6a6573ef9
17,42,0.02,NHF,1,37894.5752778487,37894.5752778487,35f6a6573ef9
17,42,0.02,NHF,2,3256.585586625486,4381.00453599525,35f6a6573ef9
17,42,0.02,NHF,3,5053.065730282128,4507.599920508072,35f6a6573ef9
17,42,0.02,NHF,4,4664.946513557166,6182.42701859498,35f6a6573ef9
17,42,0.02,NHF,5,15680.598357162395,12841.732924640417,35f6a6573ef9
17,42,0.02,NHF,6,4434.036325031146,4434.036325031146,35f6a6573ef9
17,42,0.02,NHF,7,10102.661946026456,10102.661946026457,35f6a6573ef9
17,42,0.02,NHF,8,8976.160741506405,8976.160741506405,35f6a6573ef9
17,42,0.02,NHF,9,13695.520358161459,13955.702603116923,35f6a6573ef9
17,42,0.02,NHF,10,1769.3124296895867,2519.2053690193934,35f6a6573ef9
17,42,0.02,NHF,11,5337.014672885877,9260.869901690698,35f6a6573ef9
17,42,0.02,NHF,12,6502.518754546366,4110.732000879034,35f6a6573ef9
17,42,0.02,NHF,13,14538.03641529426,14097.477782933165,35f6a6573ef9
17,42,0.02,NHF,14,7184.963469503216,3727.6667236412873,35f6a6573ef9
17,42,0.02,NHF,15,10435.488467345196,8462.987026494204,35f6a6573ef9
17,42,0.02,NDY,1,10538.694947446098,10538.694947446098,35f6a6573ef9
17,42,0.02,NDY,2,10538.694947446098,10431.63576618382,35f6a6573ef9
17,42,0.02,NDY,3,10538.694947446098,10328.572901093457,35f6a6573ef9
17,42,0.02,NDY,4,10538.6949474461,10228.861763311159,35f6a6573ef9
17,42,0.02,NDY,5,10538.694947446098,10128.10879479783,35f6a6573ef9
17,42,0.02,NDY,6,10538.694947446098,10035.774115248922,35f6a6573ef9
17,42,0.02,NDY,7,10538.6949474461,9955.219345135429,35f6a6573ef9
17,42,0.02,NDY,8,10538.694947446098,9873.073361883764,35f6a6573ef9
17,42,0.02,NDY,9,10538.694947446098,9794.739996712753,35f6a6573ef9
17,42,0.02,NDY,10,10538.6949474461,9715.888507006322,35f6a6573ef9
17,42,0.02,NDY,11,10538.6949474461,9636.52654776878,35f6a6573ef9
17,42,0.02,NDY,12,10538.6949474461,9572.98314409675,35f6a6573ef9
17,42,0.02,NDY,13,10538.694947446103,9506.560206104612,35f6a6573ef9
17,42,0.02,NDY,14,10538.694947446103,9444.376512858264,35f6a6573ef9
17,42,0.02,NDY,15,10538.694947446105,9382.298343241644,35f6a6573ef9
17,42,0.02,-10%,1,16268.869448128231,16268.869448128231,35f6a6573ef9
17,42,0.02,-10%,2,14641.982503315408,14620.147715602976,35f6a6573ef9
17,42,0.02,-10%,3,13177.78425298387,13135.426625936594,35f6a6573ef9
17,42,0.02,-10%,4,11860.005827685478,11815.49766602175,35f6a6573ef9
17,42,0.02,-10%,5,10674.005244916932,10626.260367079434,35f6a6573ef9
17,42,0.02,-10%,6,9606.604720425239,9561.859709570324,35f6a6573ef9
17,42,0.02,-10%,7,8645.944248382715,8605.67374052253,35f6a6573ef9
17,42,0.02,-10%,8,7781.349823544446,7769.745922340243,35f6a6573ef9
17,42,0.02,-10%,9,7003.21484119,7233.226546572916,35f6a6573ef9
17,42,0.02,-10%,10,6302.893357071,6509.903893652748,35f6a6573ef9
17,42,0.02,-10%,11,8639.653991943045,8731.39908352958,35f6a6573ef9
17,42,0.02,-10%,12,10175.333911686588,9278.921119447214,35f6a6573ef9
17,42,0.02,-10%,13,9157.80052051793,9142.050236318031,35f6a6573ef9
17,42,0.02,-10%,14,8242.020468466135,8215.54468683727,35f6a6573ef9
17,42,0.02,-10%,15,7417.818421619525,7393.990219667923,35f6a6573ef9
17,42,0.02,-20%,1,20060.91964742303,20060.91964742303,35f6a6573ef9
17,42,0.02,-20%,2,16048.735717938425,16016.640780074255,35f6a6573ef9
17,42,0.02,-20%,3,12838.988574350744,12785.973119269698,35f6a6573ef9
17,42,0.02,-20%,4,10271.190859480594,10212.40250932023,35f6a6573ef9
17,42,0.02,-20%,5,8216.952687584477,8171.629796467379,35f6a6573ef9
17,42,0.02,-20%,6,6573.562150067582,6537.303834241565,35f6a6573ef9
17,42,0.02,-20%,7,8339.128680159925,8339.128680159925,35f6a6573ef9
17,42,0.02,-20%,8,8143.44684374124,8168.443540180081,35f6a6573ef9
17,42,0.02,-20%,9,6514.757474992994,7741.841631876563,35f6a6573ef9
17,42,0.02,-20%,10,8540.473384055089,7847.549632948394,35f6a6573ef9
17,42,0.02,-20%,11,9538.303471363175,9411.584797628566,35f6a6573ef9
17,42,0.02,-20%,12,10353.044499148673,8156.057613523276,35f6a6573ef9
17,42,0.02,-20%,13,8282.43559931894,9373.599919854529,35f6a6573ef9
17,42,0.02,-20%,14,6625.948479455152,7498.879935544455,35f6a6573ef9
17,42,0.02,-20%,15,8192.292252503225,6924.152684649443,35f6a6573ef9
17,42,0.02,+/-10%,1,16250.306996605012,16250.306996605012,35f6a6573ef9
17,42,0.02,+/-10%,2,14625.276296944508,14604.49061453713,35f6a6573ef9
17,42,0.02,+/-10%,3,13162.748667250058,13114.873297754197,35f6a6573ef9
17,42,0.02,+/-10%,4,11846.473800525051,11794.656597450095,35f6a6573ef9
17,42,0.02,+/-10%,5,10661.826420472547,10598.772140969295,35f6a6573ef9
17,42,0.02,+/-10%,6,9595.643778425292,9539.125111666968,35f6a6573ef9
17,42,0.02,+/-10%,7,8636.079400582763,8585.212599362476,35f6a6573ef9
17,42,0.02,+/-10%,8,7772.471460524488,7761.425094528755,35f6a6573ef9
17,42,0.02,+/-10%,9,6995.224314472038,7778.860504788548,35f6a6573ef9
17,42,0.02,+/-10%,10,7390.035745559963,7121.150852760886,35f6a6573ef9
17,42,0.02,+/-10%,11,8129.039320115958,7833.265940844031,35f6a6573ef9
17,42,0.02,+/-10%,12,8941.943252127556,8616.592532679386,35f6a6573ef9
17,42,0.02,+/-10%,13,9476.41298218588,9396.139335312102,35f6a6573ef9
17,42,0.02,+/-10%,14,8528.77168396729,8456.875917343923,35f6a6573ef9
17,42,0.02,+/-10%,15,7675.894515570561,7613.775957327763,35f6a6573ef9
17,42,0.02,+/-20%,1,20061.933862371632,20061.933862371632,35f6a6573ef9
17,42,0.02,+/-20%,2,16049.547089897305,16019.95506990861,35f6a6573ef9
17,42,0.02,+/-20%,3,12839.63767191785,12773.41645686301,35f6a6573ef9
17,42,0.02,+/-20%,4,10271.71013753428,10175.735377909301,35f6a6573ef9
17,42,0.02,+/-20%,5,8217.368110027424,8213.957198999142,35f6a6573ef9
17,42,0.02,+/-20%,6,6573.89448802194,6571.165763975157,35f6a6573ef9
17,42,0.02,+/-20%,7,7888.673385626328,7888.673384051489,35f6a6573ef9
17,42,0.02,+/-20%,8,8717.456048837916,8291.659443391496,35f6a6573ef9
17,42,0.02,+/-20%,9,6973.964839070331,8605.685998465538,35f6a6573ef9
17,42,0.02,+/-20%,10,8079.775487868641,7717.931128465888,35f6a6573ef9
17,42,0.02,+/-20%,11,9150.789621230691,8979.203980076996,35f6a6573ef9
17,42,0.02,+/-20%,12,10486.519989347598,8227.941824617466,35f6a6573ef9
17,42,0.02,+/-20%,13,8389.215991478082,9117.536108493772,35f6a6573ef9
17,42,0.02,+/-20%,14,6711.372793182463,7294.028888060015,35f6a6573ef9
17,42,0.02,+/-20%,15,8053.647351818957,7190.144785194222,35f6a6573ef9
17,42,0.04,NHF,1,41849.04320473822,41849.04320473822,35f6a6573ef9
17,42,0.04,NHF,2,4114.75935849572,4114.75935849572,35f6a6573ef9
17,42,0.04,NHF,3,5005.089358094516,5005.089358094516,35f6a6573ef9
17,42,0.04,NHF,4,5849.923352857583,5849.923352857583,35f6a6573ef9
17,42,0.04,NHF,5,5039.948176309502,5039.948176309502,35f6a6573ef9
17,42,0.04,NHF,6,4434.036325031146,4434.036325031146,35f6a6573ef9
17,42,0.04,NHF,7,10378.036741191629,10378.03674119163,35f6a6573ef9
17,42,0.04,NHF,8,9777.205064635005,9777.205064635005,35f6a6573ef9
17,42,0.04,NHF,9,17021.3524718903,17021.3524718903,35f6a6573ef9
17,42,0.04,NHF,10,4352.616088346561,4352.616088346561,35f6a6573ef9
17,42,0.04,NHF,11,6339.615514188142,6339.615514188142,35f6a6573ef9
17,42,0.04,NHF,12,5229.68863266984,5229.68863266984,35f6a6573ef9
17,42,0.04,NHF,13,10199.670627415773,10199.670627415775,35f6a6573ef9
17,42,0.04,NHF,14,3806.4068906583047,3806.4068906583047,35f6a6573ef9
17,42,0.04,NHF,15,10002.708853072783,10002.708853072781,35f6a6573ef9
17,42,0.04,NDY,1,10444.209136910511,10444.209136910511,35f6a6573ef9
17,42,0.04,NDY,2,10444.209136910511,10285.72627700612,35f6a6573ef9
17,42,0.04,NDY,3,10444.209136910511,10132.122862103291,35f6a6573ef9
17,42,0.04,NDY,4,10444.209136910511,9995.472029216751,35f6a6573ef9
17,42,0.04,NDY,5,10444.20913691051,9871.70562991073,35f6a6573ef9
17,42,0.04,NDY,6,10444.20913691051,9750.690221844116,35f6a6573ef9
17,42,0.04,NDY,7,10444.209136910507,9648.491232219514,35f6a6573ef9
17,42,0.04,NDY,8,10444.209136910507,9551.27346625208,35f6a6573ef9
17,42,0.04,NDY,9,10444.209136910511,9463.593190148466,35f6a6573ef9
17,42,0.04,NDY,10,10444.209136910511,9386.70166930356,35f6a6573ef9
17,42,0.04,NDY,11,10444.209136910511,9308.609480955529,35f6a6573ef9
17,42,0.04,NDY,12,10444.209136910506,9233.871516805755,35f6a6573ef9
17,42,0.04,NDY,13,10444.20913691051,9179.309341042323,35f6a6573ef9
17,42,0.04,NDY,14,10444.209136910511,9105.671116006035,35f6a6573ef9
17,42,0.04,NDY,15,10444.20913691051,9030.383354166648,35f6a6573ef9
17,42,0.04,-10%,1,16247.778735834381,16247.778735834381,35f6a6573ef9
17,42,0.04,-10%,2,14623.000862250945,14617.904231324419,35f6a6573ef9
17,42,0.04,-10%,3,13160.70077602585,13140.602485613137,35f6a6573ef9
17,42,0.04,-10%,4,11844.630698423265,11815.811423515943,35f6a6573ef9
17,42,0.04,-10%,5,10660.167628580937,10634.208000384535,35f6a6573ef9
17,42,0.04,-10%,6,9594.150865722848,9567.89022372527,35f6a6573ef9
17,42,0.04,-10%,7,8634.735779150558,8611.101200399347,35f6a6573ef9
17,42,0.04,-10%,8,7771.262201235504,7759.394360830798,35f6a6573ef9
17,42,0.04,-10%,9,6994.135981111953,6983.454926123574,35f6a6573ef9
17,42,0.04,-10%,10,6294.722383000759,6285.109430506348,35f6a6573ef9
17,42,0.04,-10%,11,7465.836153119249,8253.678211766077,35f6a6573ef9
17,42,0.04,-10%,12,10551.932989159146,10148.878535448628,35f6a6573ef9
17,42,0.04,-10%,13,9496.739690243234,9133.99068462193,35f6a6573ef9
17,42,0.04,-10%,14,8547.065721218909,8220.591617059696,35f6a6573ef9
17,42,0.04,-10%,15,7692.35914909702,7398.532455867308,35f6a6573ef9
17,42,0.04,-20%,1,20092.54105397859,20092.54105397859,35f6a6573ef9
17,42,0.04,-20%,2,16074.032843182877,16071.552509904983,35f6a6573ef9
17,42,0.04,-20%,3,12859.226274546303,12847.95799538484,35f6a6573ef9
17,42,0.04,-20%,4,10287.381019637043,10278.366396723102,35f6a6573ef9
17,42,0.04,-20%,5,8229.904815709637,8222.693118838035,35f6a6573ef9
17,42,0.04,-20%,6,6583.923852567707,6578.154490660593,35f6a6573ef9
17,42,0.04,-20%,7,6894.776262184424,6894.776260184547,35f6a6573ef9
17,42,0.04,-20%,8,7614.902593941419,7614.902595941296,35f6a6573ef9
17,42,0.04,-20%,9,9431.414317682222,9355.307962949782,35f6a6573ef9
17,42,0.04,-20%,10,8301.895370577828,9382.301982285919,35f6a6573ef9
17,42,0.04,-20%,11,9739.180754455469,8317.232954377076,35f6a6573ef9
17,42,0.04,-20%,12,9562.185462466898,9708.427593244394,35f6a6573ef9
17,42,0.04,-20%,13,7649.7483699735185,7766.742074755913,35f6a6573ef9
17,42,0.04,-20%,14,6119.798695978815,6213.393660496759,35f6a6573ef9
17,42,0.04,-20%,15,6860.220342127744,6737.294335535634,35f6a6573ef9
17,42,0.04,+/-10%,1,16238.608184822593,16238.608184822593,35f6a6573ef9
17,42,0.04,+/-10%,2,14614.747366340334,14608.094624870546,35f6a6573ef9
17,42,0.04,+/-10%,3,13153.272629706304,13122.277100780277,35f6a6573ef9
17,42,0.04,+/-10%,4,11837.94536673567,11803.50745636627,35f6a6573ef9
17,42,0.04,+/-10%,5,10654.150830062104,10623.156711170093,35f6a6573ef9
17,42,0.04,+/-10%,6,9588.735747055898,9560.84104247108,35f6a6573ef9
17,42,0.04,+/-10%,7,8629.862172350304,8604.756937117021,35f6a6573ef9
17,42,0.04,+/-10%,8,7766.875955115274,7748.573404154141,35f6a6573ef9
17,42,0.04,+/-10%,9,6990.188359603746,6973.716061418121,35f6a6573ef9
17,42,0.04,+/-10%,10,6822.753456452434,7165.8558073889735,35f6a6573ef9
17,42,0.04,+/-10%,11,7505.028802097677,7882.441389900925,35f6a6573ef9
17,42,0.04,+/-10%,12,8255.531682307446,8670.685527183825,35f6a6573ef9
17,42,0.04,+/-10%,13,9081.084850538193,9537.754082407451,35f6a6573ef9
17,42,0.04,+/-10%,14,9989.193335592014,8583.978673082922,35f6a6573ef9
17,42,0.04,+/-10%,15,8990.274002032811,7725.580805396426,35f6a6573ef9
17,42,0.04,+/-20%,1,20091.982478391077,20091.982478391077,35f6a6573ef9
17,42,0.04,+/-20%,2,16073.585982712868,16070.527006643977,35f6a6573ef9
17,42,0.04,+/-20%,3,12858.868786170295,12848.093455342458,35f6a6573ef9
17,42,0.04,+/-20%,4,10287.095028936237,10278.080204467995,35f6a6573ef9
17,42,0.04,+/-20%,5,8229.67602314899,8222.472921506926,35f6a6573ef9
17,42,0.04,+/-20%,6,6583.740818519192,6577.978343110425,35f6a6573ef9
17,42,0.04,+/-20%,7,6860.663453351631,6860.663451547168,35f6a6573ef9
17,42,0.04,+/-20%,8,7744.240001112039,7718.808143709786,35f6a6573ef9
17,42,0.04,+/-20%,9,9293.088001334445,9262.569777862687,35f6a6573ef9
17,42,0.04,+/-20%,10,8349.336883388025,9436.345821886383,35f6a6573ef9
17,42,0.04,+/-20%,11,9722.19833666798,8393.194498929857,35f6a6573ef9
17,42,0.04,+/-20%,12,9583.203416904147,9441.841547686836,35f6a6573ef9
17,42,0.04,+/-20%,13,7666.562733523317,7874.568603002965,35f6a6573ef9
17,42,0.04,+/-20%,14,6133.250186818655,6139.093298185445,35f6a6573ef9
17,42,0.04,+/-20%,15,6850.126953725226,5709.9231121078055,35f6a6573ef9
17,42,0.06,NHF,1,41849.04320473822,41849.04320473822,35f6a6573ef9
17,42,0.06,NHF,2,4114.75935849572,4114.75935849572,35f6a6573ef9
17,42,0.06,NHF,3,5005.089358094516,5005.089358094516,35f6a6573ef9
17,42,0.06,NHF,4,5849.923352857583,5849.923352857583,35f6a6573ef9
17,42,0.06,NHF,5,5039.948176309502,5039.948176309502,35f6a6573ef9
17,42,0.06,NHF,6,4434.036325031146,4434.036325031146,35f6a6573ef9
17,42,0.06,NHF,7,10378.036741191629,10378.03674119163,35f6a6573ef9
17,42,0.06,NHF,8,9777.205064635005,9777.205064635005,35f6a6573ef9
17,42,0.06,NHF,9,17021.3524718903,17021.3524718903,35f6a6573ef9
17,42,0.06,NHF,10,4352.616088346561,4352.616088346561,35f6a6573ef9
17,42,0.06,NHF,11,6339.615514188142,6339.615514188142,35f6a6573ef9
17,42,0.06,NHF,12,5229.68863266984,5229.68863266984,35f6a6573ef9
17,42,0.06,NHF,13,10199.670627415773,10199.670627415775,35f6a6573ef9
17,42,0.06,NHF,14,3806.4068906583047,3806.4068906583047,35f6a6573ef9
17,42,0.06,NHF,15,10002.708853072783,10002.708853072781,35f6a6573ef9
17,42,0.06,NDY,1,10356.589367250832,10356.589367250832,35f6a6573ef9
17,42,0.06,NDY,2,10356.589367250828,10164.268221776087,35f6a6573ef9
17,42,0.06,NDY,3,10356.589367250832,10004.962229980409,35f6a6573ef9
17,42,0.06,NDY,4,10356.589367250832,9860.233973721815,35f6a6573ef9
17,42,0.06,NDY,5,10356.58936725083,9729.016750643632,35f6a6573ef9
17,42,0.06,NDY,6,10356.589367250828,9622.531977662758,35f6a6573ef9
17,42,0.06,NDY,7,10356.589367250828,9512.088508818979,35f6a6573ef9
17,42,0.06,NDY,8,10356.589367250828,9404.106104332343,35f6a6573ef9
17,42,0.06,NDY,9,10356.589367250832,9320.876071757835,35f6a6573ef9
17,42,0.06,NDY,10,10356.589367250834,9231.432749097447,35f6a6573ef9
17,42,0.06,NDY,11,10356.589367250832,9150.442297226704,35f6a6573ef9
17,42,0.06,NDY,12,10356.58936725083,9095.935396494755,35f6a6573ef9
17,42,0.06,NDY,13,10356.589367250832,9042.023920984579,35f6a6573ef9
17,42,0.06,NDY,14,10356.589367250835,8990.993857731388,35f6a6573ef9
17,42,0.06,NDY,15,10356.589367250828,8926.985229528078,35f6a6573ef9
17,42,0.06,-10%,1,16160.784621223354,16160.784621223354,35f6a6573ef9
17,42,0.06,-10%,2,14544.706159101013,14514.595563247485,35f6a6573ef9
17,42,0.06,-10%,3,13090.235543190916,13012.622220013825,35f6a6573ef9
17,42,0.06,-10%,4,11781.21198887182,11697.638603471669,35f6a6573ef9
17,42,0.06,-10%,5,10603.09078998464,10502.634127854455,35f6a6573ef9
17,42,0.06,-10%,6,9542.78171098618,9452.370712508859,35f6a6573ef9
17,42,0.06,-10%,7,8588.503539887559,8507.133643200652,35f6a6573ef9
17,42,0.06,-10%,8,7729.653185898804,7676.630424999876,35f6a6573ef9
17,42,0.06,-10%,9,6956.687867308925,6908.967382242904,35f6a6573ef9
17,42,0.06,-10%,10,6261.01908057803,6218.070645471461,35f6a6573ef9
17,42,0.06,-10%,11,7938.08281337776,8371.216916533791,35f6a6573ef9
17,42,0.06,-10%,12,10465.355398836045,10164.295823539973,35f6a6573ef9
17,42,0.06,-10%,13,9418.819858952444,9140.819879051247,35f6a6573ef9
17,42,0.06,-10%,14,8476.937873057195,8226.737890700104,35f6a6573ef9
17,42,0.06,-10%,15,7629.24408575148,7404.064101332869,35f6a6573ef9
17,42,0.06,-20%,1,20030.911374336705,20030.911374336705,35f6a6573ef9
17,42,0.06,-20%,2,16024.729099469365,16012.810145413468,35f6a6573ef9
17,42,0.06,-20%,3,12819.783279575491,12784.060719854671,35f6a6573ef9
17,42,0.06,-20%,4,10255.826623660392,10209.700049836094,35f6a6573ef9
17,42,0.06,-20%,5,8204.661298928315,8167.760041547605,35f6a6573ef9
17,42,0.06,-20%,6,6563.729039142651,6534.208034317291,35f6a6573ef9
17,42,0.06,-20%,7,5946.167148104657,5946.167148104657,35f6a6573ef9
17,42,0.06,-20%,8,8633.165593459778,8633.165593459778,35f6a6573ef9
17,42,0.06,-20%,9,10405.40304214503,10364.051526796758,35f6a6573ef9
17,42,0.06,-20%,10,8328.439269441691,8291.241224491128,35f6a6573ef9
17,42,0.06,-20%,11,8514.682608495603,9252.230011476682,35f6a6573ef9
17,42,0.06,-20%,12,9449.09556672368,9094.054922209041,35f6a6573ef9
17,42,0.06,-20%,13,7559.276453378943,7285.405120712234,35f6a6573ef9
17,42,0.06,-20%,14,6047.421162703154,5845.253460531378,35f6a6573ef9
17,42,0.06,-20%,15,7612.711674904281,6659.363920712841,35f6a6573ef9
17,42,0.06,+/-10%,1,16175.874022819273,16175.874022819273,35f6a6573ef9
17,42,0.06,+/-10%,2,14558.286620537343,14514.194205058968,35f6a6573ef9
17,42,0.06,+/-10%,3,13102.45795848361,13011.797097540117,35f6a6573ef9
17,42,0.06,+/-10%,4,11792.212162635245,11700.552814108722,35f6a6573ef9
17,42,0.06,+/-10%,5,10612.990946371723,10507.019695132814,35f6a6573ef9
17,42,0.06,+/-10%,6,9551.691851734553,9456.317724735012,35f6a6573ef9
17,42,0.06,+/-10%,7,8596.522666561095,8510.685953896764,35f6a6573ef9
17,42,0.06,+/-10%,8,7736.870399904987,7683.336068674851,35f6a6573ef9
17,42,0.06,+/-10%,9,6963.183359914489,6915.002459905279,35f6a6573ef9
17,42,0.06,+/-10%,10,6266.865023923039,6560.396011050324,35f6a6573ef9
17,42,0.06,+/-10%,11,6893.551526315345,7216.435610650195,35f6a6573ef9
17,42,0.06,+/-10%,12,7582.90667894688,10427.041664426624,35f6a6573ef9
17,42,0.06,+/-10%,13,8341.197346841569,9375.989962751057,35f6a6573ef9
17,42,0.06,+/-10%,14,9175.317081525727,8438.390965216055,35f6a6573ef9
17,42,0.06,+/-10%,15,10092.8487896783,7422.003308922328,35f6a6573ef9
17,42,0.06,+/-20%,1,20040.023010147383,20040.023010147383,35f6a6573ef9
17,42,0.06,+/-20%,2,16032.018408117905,16014.204668828397,35f6a6573ef9
17,42,0.06,+/-20%,3,12825.614726494325,12792.827168540263,35f6a6573ef9
17,42,0.06,+/-20%,4,10260.491781195462,10217.14977946765,35f6a6573ef9
17,42,0.06,+/-20%,5,8208.39342495637,8173.719822264787,35f6a6573ef9
17,42,0.06,+/-20%,6,6566.714739965096,6538.975858935582,35f6a6573ef9
17,42,0.06,+/-20%,7,6602.123929352124,6602.123928818247,35f6a6573ef9
17,42,0.06,+/-20%,8,7922.548715222547,7922.548716413829,35f6a6573ef9
17,42,0.06,+/-20%,9,9507.058458267056,9507.058457341413,35f6a6573ef9
17,42,0.06,+/-20%,10,9275.055022919465,9094.511290228318,35f6a6573ef9
17,42,0.06,+/-20%,11,8521.071535885567,9357.291548025585,35f6a6573ef9
17,42,0.06,+/-20%,12,9480.176509542564,9088.811161072656,35f6a6573ef9
17,42,0.06,+/-20%,13,7584.141207634051,7348.219097941819,35f6a6573ef9
17,42,0.06,+/-20%,14,6067.312966107241,5878.575276180431,35f6a6573ef9
17,42,0.06,+/-20%,15,7280.775559328688,5630.164641577396,35f6a6573ef9
17,1042,0.0,NHF,1,1863.64835783,1863.64835783,35f6a6573ef9
17,1042,0.0,NHF,2,620.8065839275,1224.17870288,35f6a6573ef9
17,1042,0.0,NHF,3,6272.281922427385,51.90343145,35f6a6573ef9
17,1042,0.0,NHF,4,5475.30570623,7486.591723786677,35f6a6573ef9
17,1042,0.0,NHF,5,25954.886878037218,15563.157801121255,35f6a6573ef9
17,1042,0.0,NHF,6,8693.985641788116,8474.673751325949,35f6a6573ef9
17,1042,0.0,NHF,7,26081.675299887716,10115.73144156837,35f6a6573ef9
17,1042,0.0,NHF,8,7405.167587465385,11938.760426499864,35f6a6573ef9
17,1042,0.0,NHF,9,4763.67727896354,9359.613564782658,35f6a6573ef9
17,1042,0.0,NHF,10,1147.8594685699998,8750.452495510455,35f6a6573ef9
17,1042,0.0,NHF,11,579.15404534,8378.141098723652,35f6a6573ef9
17,1042,0.0,NHF,12,1368.351377365,12981.639181470116,35f6a6573ef9
17,1042,0.0,NHF,13,425.60255738999996,7809.225750942868,35f6a6573ef9
17,1042,0.0,NHF,14,7863.508362900908,9974.66721430548,35f6a6573ef9
17,1042,0.0,NHF,15,71259.88945893868,6943.276167174301,35f6a6573ef9
17,1042,0.0,NDY,1,1016.02313,1016.02313,35f6a6573ef9
17,1042,0.0,NDY,2,9581.67238397335,7842.510563016881,35f6a6573ef9
17,1042,0.0,NDY,3,10698.13239797727,8892.55367135874,35f6a6573ef9
17,1042,0.0,NDY,4,10698.132397977273,9029.90293529228,35f6a6573ef9
17,1042,0.0,NDY,5,10698.13239797727,10382.814925365032,35f6a6573ef9
17,1042,0.0,NDY,6,10698.132397977271,10207.79469627976,35f6a6573ef9
17,1042,0.0,NDY,7,10698.132397977271,10106.108509479296,35f6a6573ef9
17,1042,0.0,NDY,8,10698.132397977271,10013.327447184334,35f6a6573ef9
17,1042,0.0,NDY,9,10698.132397977273,9890.600475560972,35f6a6573ef9
17,1042,0.0,NDY,10,10698.132397977271,9755.92070643889,35f6a6573ef9
17,1042,0.0,NDY,11,10698.132397977268,9338.237243863234,35f6a6573ef9
17,1042,0.0,NDY,12,10698.132397977271,9253.025493617655,35f6a6573ef9
17,1042,0.0,NDY,13,10698.132397977271,8927.755657460239,35f6a6573ef9
17,1042,0.0,NDY,14,10698.13239797727,8923.038460306148,35f6a6573ef9
17,1042,0.0,NDY,15,10698.132397977268,8147.904196042133,35f6a6573ef9
17,1042,0.0,-10%,1,3246.370582800369,3246.370582800369,35f6a6573ef9
17,1042,0.0,-10%,2,2921.733524520332,2830.4473384729827,35f6a6573ef9
17,1042,0.0,-10%,3,2629.5601720682985,4207.384726769999,35f6a6573ef9
17,1042,0.0,-10%,4,13716.095264340234,13915.616073048992,35f6a6573ef9
17,1042,0.0,-10%,5,13253.120117764322,13602.564451246024,35f6a6573ef9
17,1042,0.0,-10%,6,11927.808105987891,11520.936316314783,35f6a6573ef9
17,1042,0.0,-10%,7,10735.027295389102,11634.483626549549,35f6a6573ef9
17,1042,0.0,-10%,8,9661.524565850192,7821.571112375192,35f6a6573ef9
17,1042,0.0,-10%,9,8699.367996920038,10171.292723584826,35f6a6573ef9
17,1042,0.0,-10%,10,9032.69724823433,10692.706476106494,35f6a6573ef9
17,1042,0.0,-10%,11,14319.287637053922,10096.624238093,35f6a6573ef9
17,1042,0.0,-10%,12,14675.078735222589,8138.824828981337,35f6a6573ef9
17,1042,0.0,-10%,13,13207.570861700331,7481.871033471008,35f6a6573ef9
17,1042,0.0,-10%,14,11886.813775530296,7138.163085214999,35f6a6573ef9
17,1042,0.0,-10%,15,10698.132397977268,8291.114061201783,35f6a6573ef9
17,1042,0.0,-20%,1,3491.7032851050003,3491.7032851050003,35f6a6573ef9
17,1042,0.0,-20%,2,3066.1524890974997,2669.5770581975003,35f6a6573ef9
17,1042,0.0,-20%,3,2718.3813556475,6011.02850151552,35f6a6573ef9
17,1042,0.0,-20%,4,11232.437792000997,8712.011694019111,35f6a6573ef9
17,1042,0.0,-20%,5,15798.365181606374,17112.21746774099,35f6a6573ef9
17,1042,0.0,-20%,6,12638.6921452851,13701.279833769837,35f6a6573ef9
17,1042,0.0,-20%,7,10110.953716228081,9500.580080807205,35f6a6573ef9
17,1042,0.0,-20%,8,8850.432217707692,7198.032417640191,35f6a6573ef9
17,1042,0.0,-20%,9,8810.256540290038,10398.19967701855,35f6a6573ef9
17,1042,0.0,-20%,10,9237.10830981433,8873.38485383183,35f6a6573ef9
17,1042,0.0,-20%,11,7942.146811569199,12245.84350117112,35f6a6573ef9
17,1042,0.0,-20%,12,16222.817107007684,7785.144279624016,35f6a6573ef9
17,1042,0.0,-20%,13,16715.83187183948,7728.255535940788,35f6a6573ef9
17,1042,0.0,-20%,14,13372.665497471582,8468.563998631173,35f6a6573ef9
17,1042,0.0,-20%,15,10698.132397977268,5568.323594943987,35f6a6573ef9
17,1042,0.0,+/-10%,1,5870.505830449789,5870.505830449789,35f6a6573ef9
17,1042,0.0,+/-10%,2,6457.556413494766,6556.030877039493,35f6a6573ef9
17,1042,0.0,+/-10%,3,7103.312054844243,7560.243023963108,35f6a6573ef9
17,1042,0.0,+/-10%,4,7813.64326032867,9069.639561418546,35f6a6573ef9
17,1042,0.0,+/-10%,5,8595.007586361537,10318.491239675823,35f6a6573ef9
17,1042,0.0,+/-10%,6,9454.50834499769,10011.246274662693,35f6a6573ef9
17,1042,0.0,+/-10%,7,10399.95917949746,11906.39821337287,35f6a6573ef9
17,1042,0.0,+/-10%,8,9885.374216058794,9297.820377097143,35f6a6573ef9
17,1042,0.0,+/-10%,9,10873.911637664669,8824.955501241622,35f6a6573ef9
17,1042,0.0,+/-10%,10,11961.302801431139,10327.734318208124,35f6a6573ef9
17,1042,0.0,+/-10%,11,13157.43308157425,9803.362177112007,35f6a6573ef9
17,1042,0.0,+/-10%,12,14473.176389731678,8472.274557244493,35f6a6573ef9
17,1042,0.0,+/-10%,13,13207.570861700327,8157.136541979953,35f6a6573ef9
17,1042,0.0,+/-10%,14,11886.813775530298,7424.6142615055105,35f6a6573ef9
17,1042,0.0,+/-10%,15,10698.132397977268,8636.939227076356,35f6a6573ef9
17,1042,0.0,+/-20%,1,4694.67630863326,4694.67630863326,35f6a6573ef9
17,1042,0.0,+/-20%,2,5633.611570359911,5747.617604979822,35f6a6573ef9
17,1042,0.0,+/-20%,3,6760.333884431892,7576.217954585718,35f6a6573ef9
17,1042,0.0,+/-20%,4,8112.400661318271,9370.794274655917,35f6a6573ef9
17,1042,0.0,+/-20%,5,9734.880793581922,12508.471268714686,35f6a6573ef9
17,1042,0.0,+/-20%,6,11681.856952298307,9289.250467000731,35f6a6573ef9
17,1042,0.0,+/-20%,7,11220.355176009069,10089.18047526938,35f6a6573ef9
17,1042,0.0,+/-20%,8,8976.284140807256,9292.115350254659,35f6a6573ef9
17,1042,0.0,+/-20%,9,10143.50801149432,10390.49676998254,35f6a6573ef9
17,1042,0.0,+/-20%,10,9480.699883079806,10318.568813159325,35f6a6573ef9
17,1042,0.0,+/-20%,11,11373.730363983072,10159.7235441693,35f6a6573ef9
17,1042,0.0,+/-20%,12,13648.476436779685,9137.664025861024,35f6a6573ef9
17,1042,0.0,+/-20%,13,16378.17172413562,8814.428759306247,35f6a6573ef9
17,1042,0.0,+/-20%,14,13372.665497471584,6940.977586729992,35f6a6573ef9
17,1042,0.0,+/-20%,15,10698.132397977268,7906.754778508378,35f6a6573ef9
17,1042,0.02,NHF,1,28659.369972788372,28659.369972788372,35f6a6573ef9
17,1042,0.02,NHF,2,4036.1998815801558,5066.401412147307,35f6a6573ef9
17,1042,0.02,NHF,3,7109.021244205554,6105.110194570419,35f6a6573ef9
17,1042,0.02,NHF,4,4482.794275362861,5428.425137169767,35f6a6573ef9
17,1042,0.02,NHF,5,14758.437090667929,13405.53726337945,35f6a6573ef9
17,1042,0.02,NHF,6,5428.553558262869,5428.553558262869,35f6a6573ef9
17,1042,0.02,NHF,7,8931.66075900784,8931.66075900784,35f6a6573ef9
17,1042,0.02,NHF,8,10441.322594198913,10441.322594198913,35f6a6573ef9
17,1042,0.02,NHF,9,10712.92291094337,10731.335748090127,35f6a6573ef9
17,1042,0.02,NHF,10,3547.251167132351,4155.759137252433,35f6a6573ef9
17,1042,0.02,NHF,11,6256.084606006889,8432.314728518539,35f6a6573ef9
17,1042,0.02,NHF,12,5527.746172127463,4246.3856678311,35f6a6573ef9
17,1042,0.02,NHF,13,13416.081013739973,13586.718518781918,35f6a6573ef9
17,1042,0.02,NHF,14,6774.94457652693,4651.202437173541,35f6a6573ef9
17,1042,0.02,NHF,15,12707.150533986884,10667.546046934682,35f6a6573ef9
17,1042,0.02,NDY,1,9881.051051403414,9881.051051403414,35f6a6573ef9
17,1042,0.02,NDY,2,9881.051051403414,9794.435670993527,35f6a6573ef9
17,1042,0.02,NDY,3,9881.051051403416,9718.281148998927,35f6a6573ef9
17,1042,0.02,NDY,4,9881.051051403414,9645.57832738086,35f6a6573ef9
17,1042,0.02,NDY,5,9881.051051403418,9565.515360512423,35f6a6573ef9
17,1042,0.02,NDY,6,9881.051051403412,9489.723565809865,35f6a6573ef9
17,1042,0.02,NDY,7,9881.051051403414,9424.70233464952,35f6a6573ef9
17,1042,0.02,NDY,8,9881.051051403416,9366.846247664304,35f6a6573ef9
17,1042,0.02,NDY,9,9881.051051403416,9310.448945289247,35f6a6573ef9
17,1042,0.02,NDY,10,9881.051051403418,9259.137700019257,35f6a6573ef9
17,1042,0.02,NDY,11,9881.051051403414,9203.674068778992,35f6a6573ef9
17,1042,0.02,NDY,12,9881.05105140341,9152.116160387259,35f6a6573ef9
17,1042,0.02,NDY,13,9881.051051403414,9098.538015007978,35f6a6573ef9
17,1042,0.02,NDY,14,9881.05105140342,9052.99015649984,35f6a6573ef9
17,1042,0.02,NDY,15,9881.051051403412,9007.04717934658,35f6a6573ef9
17,1042,0.02,-10%,1,14569.673198523076,14569.673198523076,35f6a6573ef9
17,1042,0.02,-10%,2,13112.70587867077,13099.04992108027,35f6a6573ef9
17,1042,0.02,-10%,3,11801.435290803694,11769.006922620512,35f6a6573ef9
17,1042,0.02,-10%,4,10621.291761723323,10594.263823757978,35f6a6573ef9
17,1042,0.02,-10%,5,9559.162585550992,9522.91553526249,35f6a6573ef9
17,1042,0.02,-10%,6,8603.246326995893,8570.623982122213,35f6a6573ef9
17,1042,0.02,-10%,7,7742.921694296303,7742.921694992412,35f6a6573ef9
17,1042,0.02,-10%,8,7612.615793508385,7914.79872618686,35f6a6573ef9
17,1042,0.02,-10%,9,6851.354214157546,7123.318851889483,35f6a6573ef9
17,1042,0.02,-10%,10,7923.864604324656,7512.997716888238,35f6a6573ef9
17,1042,0.02,-10%,11,8143.580497001671,7850.32319072135,35f6a6573ef9
17,1042,0.02,-10%,12,9658.818350939862,9687.902217218021,35f6a6573ef9
17,1042,0.02,-10%,13,8692.936515845877,8879.435124591864,35f6a6573ef9
17,1042,0.02,-10%,14,7823.64286426129,7991.491608165323,35f6a6573ef9
17,1042,0.02,-10%,15,8336.851607979968,7665.886606674749,35f6a6573ef9
17,1042,0.02,-20%,1,17625.08568330165,17625.08568330165,35f6a6573ef9
17,1042,0.02,-20%,2,14100.068546641327,13544.429943408086,35f6a6573ef9
17,1042,0.02,-20%,3,11280.054837313064,10947.176170609811,35f6a6573ef9
17,1042,0.02,-20%,4,9024.043869850448,9262.830728962104,35f6a6573ef9
17,1042,0.02,-20%,5,7462.77262134855,8016.922937317956,35f6a6573ef9
17,1042,0.02,-20%,6,5970.2180970788395,6413.538350975369,35f6a6573ef9
17,1042,0.02,-20%,7,7785.1614842005,7785.1614842005,35f6a6573ef9
17,1042,0.02,-20%,8,9201.159865568878,9201.159868502335,35f6a6573ef9
17,1042,0.02,-20%,9,7360.927892455103,8324.570671421203,35f6a6573ef9
17,1042,0.02,-20%,10,9452.696396593095,7473.881323300846,35f6a6573ef9
17,1042,0.02,-20%,11,7893.880283656517,8137.335596779209,35f6a6573ef9
17,1042,0.02,-20%,12,9150.493625116073,9070.701263012965,35f6a6573ef9
17,1042,0.02,-20%,13,7658.842025015636,8149.119426836859,35f6a6573ef9
17,1042,0.02,-20%,14,6127.073620012508,6519.295537781903,35f6a6573ef9
17,1042,0.02,-20%,15,10234.187215545418,9238.259359427217,35f6a6573ef9
17,1042,0.02,+/-10%,1,14567.446306497055,14567.446306497055,35f6a6573ef9
17,1042,0.02,+/-10%,2,13110.701675847351,13101.379247148398,35f6a6573ef9
17,1042,0.02,+/-10%,3,11799.631508262617,11774.083134909439,35f6a6573ef9
17,1042,0.02,+/-10%,4,10619.668357436354,10594.307971557319,35f6a6573ef9
17,1042,0.02,+/-10%,5,9557.701521692723,9520.334080530427,35f6a6573ef9
17,1042,0.02,+/-10%,6,8601.931369523449,8568.300676662866,35f6a6573ef9
17,1042,0.02,+/-10%,7,7741.738232571104,7741.73823217893,35f6a6573ef9
17,1042,0.02,+/-10%,8,7609.094378079686,7609.094378471861,35f6a6573ef9
17,1042,0.02,+/-10%,9,7005.946152925393,7472.6519783641315,35f6a6573ef9
17,1042,0.02,+/-10%,10,7706.540768217933,7516.356946056665,35f6a6573ef9
17,1042,0.02,+/-10%,11,8477.194845039723,8235.572757208656,35f6a6573ef9
17,1042,0.02,+/-10%,12,9324.914329543697,9059.130035996139,35f6a6573ef9
17,1042,0.02,+/-10%,13,8699.952981623901,8869.182615237476,35f6a6573ef9
17,1042,0.02,+/-10%,14,7829.95768346151,7982.264352971229,35f6a6573ef9
17,1042,0.02,+/-10%,15,8372.056789504863,7522.1753881195455,35f6a6573ef9
17,1042,0.02,+/-20%,1,17413.18411008342,17413.18411008342,35f6a6573ef9
17,1042,0.02,+/-20%,2,13930.547288066742,13815.32182605942,35f6a6573ef9
17,1042,0.02,+/-20%,3,11144.437830453393,10936.134354059499,35f6a6573ef9
17,1042,0.02,+/-20%,4,8915.550264362711,9151.13178654765,35f6a6573ef9
17,1042,0.02,+/-20%,5,8017.037439851034,8089.290844128958,35f6a6573ef9
17,1042,0.02,+/-20%,6,6471.432678105296,6471.432677712869,35f6a6573ef9
17,1042,0.02,+/-20%,7,7765.719213726357,7765.719211277825,35f6a6573ef9
17,1042,0.02,+/-20%,8,9318.863056471628,8844.018342615705,35f6a6573ef9
17,1042,0.02,+/-20%,9,7455.090445177304,8875.310657183354,35f6a6573ef9
17,1042,0.02,+/-20%,10,7959.382995074958,7310.359484546516,35f6a6573ef9
17,1042,0.02,+/-20%,11,8800.409335436309,8133.312912570813,35f6a6573ef9
17,1042,0.02,+/-20%,12,9010.902247425172,8961.224111550895,35f6a6573ef9
17,1042,0.02,+/-20%,13,7208.721797940138,7406.882736185649,35f6a6573ef9
17,1042,0.02,+/-20%,14,7748.18191087691,7549.99659592617,35f6a6573ef9
17,1042,0.02,+/-20%,15,9297.81829305229,9062.20700420174,35f6a6573ef9
17,1042,0.04,NHF,1,33775.41294388731,33775.41294388731,35f6a6573ef9
17,1042,0.04,NHF,2,5370.851528096356,5370.851528096356,35f6a6573ef9
17,1042,0.04,NHF,3,4166.374714929488,4166.374714929488,35f6a6573ef9
17,1042,0.04,NHF,4,5466.353531189866,5466.353531189866,35f6a6573ef9
17,1042,0.04,NHF,5,5315.799926726214,5315.799926726214,35f6a6573ef9
17,1042,0.04,NHF,6,5428.553558262869,5428.553558262869,35f6a6573ef9
17,1042,0.04,NHF,7,9526.124322284895,9526.124322284895,35f6a6573ef9
17,1042,0.04,NHF,8,11470.58501188902,11470.58501188902,35f6a6573ef9
17,1042,0.04,NHF,9,14273.454078056573,14273.454078056575,35f6a6573ef9
17,1042,0.04,NHF,10,4990.527464789143,4990.527464789143,35f6a6573ef9
17,1042,0.04,NHF,11,6009.019158312394,6009.019158312395,35f6a6573ef9
17,1042,0.04,NHF,12,5606.430561183585,5606.430561183585,35f6a6573ef9
17,1042,0.04,NHF,13,9243.82012044231,9243.82012044231,35f6a6573ef9
17,1042,0.04,NHF,14,5247.4803441785025,5247.4803441785025,35f6a6573ef9
17,1042,0.04,NHF,15,10935.63957566998,10935.63957566998,35f6a6573ef9
17,1042,0.04,NDY,1,9830.645845505282,9830.645845505282,35f6a6573ef9
17,1042,0.04,NDY,2,9830.645845505283,9729.139808941856,35f6a6573ef9
17,1042,0.04,NDY,3,9830.645845505282,9643.804707697385,35f6a6573ef9
17,1042,0.04,NDY,4,9830.645845505283,9559.528234332249,35f6a6573ef9
17,1042,0.04,NDY,5,9830.64584550528,9462.939981460933,35f6a6573ef9
17,1042,0.04,NDY,6,9830.64584550528,9373.039644102142,35f6a6573ef9
17,1042,0.04,NDY,7,9830.64584550528,9294.505985779033,35f6a6573ef9
17,1042,0.04,NDY,8,9830.64584550528,9222.917865947531,35f6a6573ef9
17,1042,0.04,NDY,9,9830.645845505283,9155.56250620688,35f6a6573ef9
17,1042,0.04,NDY,10,9830.645845505285,9091.879871866398,35f6a6573ef9
17,1042,0.04,NDY,11,9830.645845505283,9017.833900740465,35f6a6573ef9
17,1042,0.04,NDY,12,9830.64584550528,8941.612156599229,35f6a6573ef9
17,1042,0.04,NDY,13,9830.645845505282,8882.925991039847,35f6a6573ef9
17,1042,0.04,NDY,14,9830.645845505283,8832.186849809286,35f6a6573ef9
17,1042,0.04,NDY,15,9830.645845505283,8779.954826219831,35f6a6573ef9
17,1042,0.04,-10%,1,14569.998140246229,14569.998140246229,35f6a6573ef9
17,1042,0.04,-10%,2,13112.998326221606,13105.696501143304,35f6a6573ef9
17,1042,0.04,-10%,3,11801.698493599446,11790.293844893507,35f6a6573ef9
17,1042,0.04,-10%,4,10621.5286442395,10604.413455528316,35f6a6573ef9
17,1042,0.04,-10%,5,9559.375779815555,9543.522067251937,35f6a6573ef9
17,1042,0.04,-10%,6,8603.438201833998,8589.169855217897,35f6a6573ef9
17,1042,0.04,-10%,7,7743.094381650601,7743.094383371836,35f6a6573ef9
17,1042,0.04,-10%,8,6968.784943485537,7001.00442505581,35f6a6573ef9
17,1042,0.04,-10%,9,6634.558220669984,6300.903986458889,35f6a6573ef9
17,1042,0.04,-10%,10,9196.233888755223,9553.822375412965,35f6a6573ef9
17,1042,0.04,-10%,11,8276.6104998797,8598.440138077483,35f6a6573ef9
17,1042,0.04,-10%,12,9225.960643523373,9111.549856348445,35f6a6573ef9
17,1042,0.04,-10%,13,8393.507809481416,8216.872822344227,35f6a6573ef9
17,1042,0.04,-10%,14,7554.157028533274,7395.185540276296,35f6a6573ef9
17,1042,0.04,-10%,15,8769.824723951257,7379.755071033151,35f6a6573ef9
17,1042,0.04,-20%,1,17713.866863454456,17713.866863454456,35f6a6573ef9
17,1042,0.04,-20%,2,14171.09349076357,14161.045433358482,35f6a6573ef9
17,1042,0.04,-20%,3,11336.874792610854,11327.533989513446,35f6a6573ef9
17,1042,0.04,-20%,4,9069.499834088683,9062.027192948992,35f6a6573ef9
17,1042,0.04,-20%,5,7255.599867270948,7249.6217547967335,35f6a6573ef9
17,1042,0.04,-20%,6,5804.479893816758,5799.69740510787,35f6a6573ef9
17,1042,0.04,-20%,7,7282.499049213506,7282.499047927286,35f6a6573ef9
17,1042,0.04,-20%,8,8428.426995117277,8428.426996403497,35f6a6573ef9
17,1042,0.04,-20%,9,9398.757527921576,9594.544665669959,35f6a6573ef9
17,1042,0.04,-20%,10,9106.523210008923,8208.93419500844,35f6a6573ef9
17,1042,0.04,-20%,11,7840.040754808459,8896.977982038978,35f6a6573ef9
17,1042,0.04,-20%,12,9222.51420475025,9067.196954346538,35f6a6573ef9
17,1042,0.04,-20%,13,7378.011363800203,7253.757565110636,35f6a6573ef9
17,1042,0.04,-20%,14,5902.409091040162,5803.006048108582,35f6a6573ef9
17,1042,0.04,-20%,15,8356.276939489737,7888.89850893503,35f6a6573ef9
17,1042,0.04,+/-10%,1,14570.040265053045,14570.040265053045,35f6a6573ef9
17,1042,0.04,+/-10%,2,13113.03623854774,13096.46646938848,35f6a6573ef9
17,1042,0.04,+/-10%,3,11801.732614692968,11782.038940409164,35f6a6573ef9
17,1042,0.04,+/-10%,4,10621.559353223667,10599.939373615722,35f6a6573ef9
17,1042,0.04,+/-10%,5,9559.403417901302,9539.945430252008,35f6a6573ef9
17,1042,0.04,+/-10%,6,8603.463076111171,8585.950885553742,35f6a6573ef9
17,1042,0.04,+/-10%,7,7743.116768500056,7743.116767461861,35f6a6573ef9
17,1042,0.04,+/-10%,8,6968.805091650051,6968.805093923532,35f6a6573ef9
17,1042,0.04,+/-10%,9,7392.859784723339,7444.442815335799,35f6a6573ef9
17,1042,0.04,+/-10%,10,8132.145763195673,8188.887099402864,35f6a6573ef9
17,1042,0.04,+/-10%,11,8290.48843160061,8305.297508234105,35f6a6573ef9
17,1042,0.04,+/-10%,12,9119.537274760674,9135.827263319727,35f6a6573ef9
17,1042,0.04,+/-10%,13,8687.137021058033,8577.283891980202,35f6a6573ef9
17,1042,0.04,+/-10%,14,7818.423318952228,7719.555506026024,35f6a6573ef9
17,1042,0.04,+/-10%,15,8600.265650847448,6551.972785496746,35f6a6573ef9
17,1042,0.04,+/-20%,1,17715.16686135118,17715.16686135118,35f6a6573ef9
17,1042,0.04,+/-20%,2,14172.133489080947,14168.778391073616,35f6a6573ef9
17,1042,0.04,+/-20%,3,11337.706791264754,11331.755183660967,35f6a6573ef9
17,1042,0.04,+/-20%,4,9070.165433011804,9065.380644999397,35f6a6573ef9
17,1042,0.04,+/-20%,5,7256.132346409444,7252.304518163021,35f6a6573ef9
17,1042,0.04,+/-20%,6,5804.905877127554,5803.531626817869,35f6a6573ef9
17,1042,0.04,+/-20%,7,6965.887052553066,6965.887053173399,35f6a6573ef9
17,1042,0.04,+/-20%,8,8359.064463063678,8355.046634221928,35f6a6573ef9
17,1042,0.04,+/-20%,9,9851.450231180705,10028.502658789683,35f6a6573ef9
17,1042,0.04,+/-20%,10,9403.310737711714,9019.491556839675,35f6a6573ef9
17,1042,0.04,+/-20%,11,8021.614135671132,8270.251623093056,35f6a6573ef9
17,1042,0.04,+/-20%,12,8311.448393965971,8616.637016559864,35f6a6573ef9
17,1042,0.04,+/-20%,13,6649.158715172777,6902.942916457769,35f6a6573ef9
17,1042,0.04,+/-20%,14,6906.715989767114,6052.03761836591,35f6a6573ef9
17,1042,0.04,+/-20%,15,8288.059187720535,8262.138829228565,35f6a6573ef9
17,1042,0.06,NHF,1,33775.41294388731,33775.41294388731,35f6a6573ef9
17,1042,0.06,NHF,2,5370.851528096356,5370.851528096356,35f6a6573ef9
17,1042,0.06,NHF,3,4166.374714929488,4166.374714929488,35f6a6573ef9
17,1042,0.06,NHF,4,5466.353531189866,5466.353531189866,35f6a6573ef9
17,1042,0.06,NHF,5,5315.799926726214,5315.799926726214,35f6a6573ef9
17,1042,0.06,NHF,6,5428.553558262869,5428.553558262869,35f6a6573ef9
17,1042,0.06,NHF,7,9526.124322284895,9526.124322284895,35f6a6573ef9
17,1042,0.06,NHF,8,11470.58501188902,11470.58501188902,35f6a6573ef9
17,1042,0.06,NHF,9,14273.454078056573,14273.454078056575,35f6a6573ef9
17,1042,0.06,NHF,10,4990.527464789143,4990.527464789143,35f6a6573ef9
17,1042,0.06,NHF,11,6009.019158312394,6009.019158312395,35f6a6573ef9
17,1042,0.06,NHF,12,5606.430561183585,5606.430561183585,35f6a6573ef9
17,1042,0.06,NHF,13,9243.82012044231,9243.82012044231,35f6a6573ef9
17,1042,0.06,NHF,14,5247.4803441785025,5247.4803441785025,35f6a6573ef9
17,1042,0.06,NHF,15,10935.63957566998,10935.63957566998,35f6a6573ef9
17,1042,0.06,NDY,1,9762.454195139526,9762.454195139526,35f6a6573ef9
17,1042,0.06,NDY,2,9762.454195139524,9632.334367161937,35f6a6573ef9
17,1042,0.06,NDY,3,9762.454195139524,9549.016416197994,35f6a6573ef9
17,1042,0.06,NDY,4,9762.454195139524,9464.377903074028,35f6a6573ef9
17,1042,0.06,NDY,5,9762.454195139524,9347.738201709042,35f6a6573ef9
17,1042,0.06,NDY,6,9762.454195139524,9264.33658659028,35f6a6573ef9
17,1042,0.06,NDY,7,9762.454195139524,9180.71795882672,35f6a6573ef9
17,1042,0.06,NDY,8,9762.454195139526,9111.764268432029,35f6a6573ef9
17,1042,0.06,NDY,9,9762.454195139524,9037.571521959275,35f6a6573ef9
17,1042,0.06,NDY,10,9762.454195139524,8976.879381280294,35f6a6573ef9
17,1042,0.06,NDY,11,9762.454195139526,8918.567221196108,35f6a6573ef9
17,1042,0.06,NDY,12,9762.45419513953,8840.887725051127,35f6a6573ef9
17,1042,0.06,NDY,13,9762.45419513953,8783.08609523104,35f6a6573ef9
17,1042,0.06,NDY,14,9762.454195139522,8712.65485421891,35f6a6573ef9
17,1042,0.06,NDY,15,9762.454195139533,8656.766303268607,35f6a6573ef9
17,1042,0.06,-10%,1,14497.376077971518,14497.376077971518,35f6a6573ef9
17,1042,0.06,-10%,2,13047.638470174366,13031.239087392107,35f6a6573ef9
17,1042,0.06,-10%,3,11742.87462315693,11707.89848034004,35f6a6573ef9
17,1042,0.06,-10%,4,10568.587160841238,10523.439886119218,35f6a6573ef9
17,1042,0.06,-10%,5,9511.728444757115,9471.095899192438,35f6a6573ef9
17,1042,0.06,-10%,6,8560.555600281403,8523.986306331002,35f6a6573ef9
17,1042,0.06,-10%,7,7704.500040253264,7694.816369147768,35f6a6573ef9
17,1042,0.06,-10%,8,6934.050036227936,6925.334734545614,35f6a6573ef9
17,1042,0.06,-10%,9,6618.49051395741,6581.1865795695,35f6a6573ef9
17,1042,0.06,-10%,10,9430.580079042715,9196.423987031105,35f6a6573ef9
17,1042,0.06,-10%,11,8487.522071138446,8969.865397446247,35f6a6573ef9
17,1042,0.06,-10%,12,8665.736221399848,9170.472487148367,35f6a6573ef9
17,1042,0.06,-10%,13,8612.804580203969,8253.425237617646,35f6a6573ef9
17,1042,0.06,-10%,14,7751.524122183571,7428.082713971684,35f6a6573ef9
17,1042,0.06,-10%,15,6976.371709965213,6685.274438723374,35f6a6573ef9
17,1042,0.06,-20%,1,17665.818018118454,17665.818018118454,35f6a6573ef9
17,1042,0.06,-20%,2,14132.654414494764,14099.103249520549,35f6a6573ef9
17,1042,0.06,-20%,3,11306.123531595811,11259.229178127362,35f6a6573ef9
17,1042,0.06,-20%,4,9044.898825276648,9007.38333995796,35f6a6573ef9
17,1042,0.06,-20%,5,7235.91906022132,7205.906670920287,35f6a6573ef9
17,1042,0.06,-20%,6,5788.735248177056,5764.725337462869,35f6a6573ef9
17,1042,0.06,-20%,7,6351.420936293567,6351.420936293567,35f6a6573ef9
17,1042,0.06,-20%,8,8910.279057061747,8910.279057061747,35f6a6573ef9
17,1042,0.06,-20%,9,10893.336380644218,10685.448967302706,35f6a6573ef9
17,1042,0.06,-20%,10,8714.669104515375,8548.359171741622,35f6a6573ef9
17,1042,0.06,-20%,11,7419.866153438669,8060.35346944049,35f6a6573ef9
17,1042,0.06,-20%,12,8764.803133956151,8614.524962338957,35f6a6573ef9
17,1042,0.06,-20%,13,7011.842507164919,6891.6199727405865,35f6a6573ef9
17,1042,0.06,-20%,14,5613.364445632039,5613.364445632039,35f6a6573ef9
17,1042,0.06,-20%,15,9317.697602705957,8882.223236694614,35f6a6573ef9
17,1042,0.06,+/-10%,1,14494.650774108033,14494.650774108033,35f6a6573ef9
17,1042,0.06,+/-10%,2,13045.18569669723,13032.645789255046,35f6a6573ef9
17,1042,0.06,+/-10%,3,11740.667127027504,11709.169755054,35f6a6573ef9
17,1042,0.06,+/-10%,4,10566.600414324756,10524.294751570407,35f6a6573ef9
17,1042,0.06,+/-10%,5,9509.94037289228,9470.397817338502,35f6a6573ef9
17,1042,0.06,+/-10%,6,8558.94633560305,8523.358019857738,35f6a6573ef9
17,1042,0.06,+/-10%,7,7703.051702042747,7695.647013107284,35f6a6573ef9
17,1042,0.06,+/-10%,8,6932.74653183847,6926.082310343641,35f6a6573ef9
17,1042,0.06,+/-10%,9,7473.984196786948,7351.031758956108,35f6a6573ef9
17,1042,0.06,+/-10%,10,8221.382616465646,8086.134932864626,35f6a6573ef9
17,1042,0.06,+/-10%,11,8338.610032800061,8894.74843304586,35f6a6573ef9
17,1042,0.06,+/-10%,12,9172.471036080067,9363.77476073439,35f6a6573ef9
17,1042,0.06,+/-10%,13,8724.74621298478,8427.397295194574,35f6a6573ef9
17,1042,0.06,+/-10%,14,7852.271591686303,7584.657564465856,35f6a6573ef9
17,1042,0.06,+/-10%,15,7356.784902650275,6932.60202081462,35f6a6573ef9
17,1042,0.06,+/-20%,1,17670.912826478114,17670.912826478114,35f6a6573ef9
17,1042,0.06,+/-20%,2,14136.730261182496,14104.035730068987,35f6a6573ef9
17,1042,0.06,+/-20%,3,11309.384208945998,11270.968916444723,35f6a6573ef9
17,1042,0.06,+/-20%,4,9047.507367156795,9016.775128139023,35f6a6573ef9
17,1042,0.06,+/-20%,5,7238.005893725438,7208.34322098906,35f6a6573ef9
17,1042,0.06,+/-20%,6,5790.404714980349,5777.013036902869,35f6a6573ef9
17,1042,0.06,+/-20%,7,6948.485657976418,6948.485658475545,35f6a6573ef9
17,1042,0.06,+/-20%,8,8338.182789571702,8299.0301552379,35f6a6573ef9
17,1042,0.06,+/-20%,9,10005.819347486044,9950.106284866195,35f6a6573ef9
17,1042,0.06,+/-20%,10,9507.50423868883,9501.842831871287,35f6a6573ef9
17,1042,0.06,+/-20%,11,7606.003390951065,7601.474269816289,35f6a6573ef9
17,1042,0.06,+/-20%,12,8762.645979398374,8809.135482091555,35f6a6573ef9
17,1042,0.06,+/-20%,13,7010.116783518697,6615.188601686219,35f6a6573ef9
17,1042,0.06,+/-20%,14,5608.093426814959,6172.110102553192,35f6a6573ef9
17,1042,0.06,+/-20%,15,6729.712112177951,8879.649085126948,35f6a6573ef9
17,2042,0.0,NHF,1,2519.159145063333,2519.159145063333,35f6a6573ef9
17,2042,0.0,NHF,2,1770.581363015,301.99218672,35f6a6573ef9
17,2042,0.0,NHF,3,9360.153372374545,345.88714159999995,35f6a6573ef9
17,2042,0.0,NHF,4,7941.747291222501,11398.342619810575,35f6a6573ef9
17,2042,0.0,NHF,5,26677.806936887202,20518.791975549142,35f6a6573ef9
17,2042,0.0,NHF,6,9790.091402128617,6988.806120900344,35f6a6573ef9
17,2042,0.0,NHF,7,19991.09387237726,9941.222192754827,35f6a6573ef9
17,2042,0.0,NHF,8,8823.964022061147,8895.85131724483,35f6a6573ef9
17,2042,0.0,NHF,9,5331.077998278839,9036.912213412665,35f6a6573ef9
17,2042,0.0,NHF,10,719.7760696,7564.480219690023,35f6a6573ef9
17,2042,0.0,NHF,11,1100.20606596,11556.144712032792,35f6a6573ef9
17,2042,0.0,NHF,12,1040.9990449425,8812.092648529508,35f6a6573ef9
17,2042,0.0,NHF,13,2027.4482035124997,8329.019382485863,35f6a6573ef9
17,2042,0.0,NHF,14,4356.302465325909,8515.051051775823,35f6a6573ef9
17,2042,0.0,NHF,15,74005.89587212742,8662.192118994037,35f6a6573ef9
17,2042,0.0,NDY,1,4532.741781372395,4532.741781372395,35f6a6573ef9
17,2042,0.0,NDY,2,10721.792985683529,8988.703512503878,35f6a6573ef9
17,2042,0.0,NDY,3,10721.792985683527,8766.712481650655,35f6a6573ef9
17,2042,0.0,NDY,4,10721.792985683527,10125.272271606462,35f6a6573ef9
17,2042,0.0,NDY,5,10721.792985683527,10275.686790275513,35f6a6573ef9
17,2042,0.0,NDY,6,10721.792985683525,9979.224026245976,35f6a6573ef9
17,2042,0.0,NDY,7,10721.792985683525,9862.212198634115,35f6a6573ef9
17,2042,0.0,NDY,8,10721.792985683529,9341.01309779378,35f6a6573ef9
17,2042,0.0,NDY,9,10721.792985683527,9533.20931004024,35f6a6573ef9
17,2042,0.0,NDY,10,10721.792985683527,9634.056416176889,35f6a6573ef9
17,2042,0.0,NDY,11,10721.792985683527,9297.72967241968,35f6a6573ef9
17,2042,0.0,NDY,12,10721.792985683525,9192.906875790393,35f6a6573ef9
17,2042,0.0,NDY,13,10721.79298568353,8979.754271554064,35f6a6573ef9
17,2042,0.0,NDY,14,10721.792985683527,8066.6668369991185,35f6a6573ef9
17,2042,0.0,NDY,15,10721.79298568353,8900.931354198772,35f6a6573ef9
17,2042,0.0,-10%,1,4469.499602,4469.499602,35f6a6573ef9
17,2042,0.0,-10%,2,4842.20613263,4842.20613263,35f6a6573ef9
17,2042,0.0,-10%,3,8258.965826120877,6895.6303899625,35f6a6573ef9
17,2042,0.0,-10%,4,13646.641656092263,14460.157096726605,35f6a6573ef9
17,2042,0.0,-10%,5,12281.977490483036,13188.799504301074,35f6a6573ef9
17,2042,0.0,-10%,6,11053.779741434735,12006.26812621292,35f6a6573ef9
17,2042,0.0,-10%,7,9948.401767291261,10390.736108393965,35f6a6573ef9
17,2042,0.0,-10%,8,8953.561590562134,5147.993608416259,35f6a6573ef9
17,2042,0.0,-10%,9,8058.20543150592,10573.0148141755,35f6a6573ef9
17,2042,0.0,-10%,10,7252.384888355329,10805.190738374426,35f6a6573ef9
17,2042,0.0,-10%,11,16341.705510872625,8471.982217157045,35f6a6573ef9
17,2042,0.0,-10%,12,14707.534959785367,8158.560048639237,35f6a6573ef9
17,2042,0.0,-10%,13,13236.78146380683,7939.844065917903,35f6a6573ef9
17,2042,0.0,-10%,14,11913.103317426147,7328.42103184,35f6a6573ef9
17,2042,0.0,-10%,15,10721.79298568353,9306.394540978898,35f6a6573ef9
17,2042,0.0,-20%,1,4309.31841092,4309.31841092,35f6a6573ef9
17,2042,0.0,-20%,2,4308.608431196526,5011.64473055,35f6a6573ef9
17,2042,0.0,-20%,3,3446.886744957221,6136.0793821874995,35f6a6573ef9
17,2042,0.0,-20%,4,16897.77730145041,13130.900578006464,35f6a6573ef9
17,2042,0.0,-20%,5,15104.79459482868,16809.966907354017,35f6a6573ef9
17,2042,0.0,-20%,6,12083.835675862945,12642.989402330039,35f6a6573ef9
17,2042,0.0,-20%,7,9667.068540690358,9489.149847807832,35f6a6573ef9
17,2042,0.0,-20%,8,7733.654832552286,4616.05190048126,35f6a6573ef9
17,2042,0.0,-20%,9,7869.408263375252,9362.1622316805,35f6a6573ef9
17,2042,0.0,-20%,10,6295.526610700202,7430.578384191768,35f6a6573ef9
17,2042,0.0,-20%,11,10745.865620410004,13021.223297450135,35f6a6573ef9
17,2042,0.0,-20%,12,16290.175491900553,8748.868182794236,35f6a6573ef9
17,2042,0.0,-20%,13,16752.801540130517,7354.956524521408,35f6a6573ef9
17,2042,0.0,-20%,14,13402.24123210441,7404.859796938549,35f6a6573ef9
17,2042,0.0,-20%,15,10721.79298568353,8920.15703242074,35f6a6573ef9
17,2042,0.0,+/-10%,1,6891.408860597681,6891.408860597681,35f6a6573ef9
17,2042,0.0,+/-10%,2,7580.549746657451,7889.970322009305,35f6a6573ef9
17,2042,0.0,+/-10%,3,8338.604721323194,9117.652246897836,35f6a6573ef9
17,2042,0.0,+/-10%,4,9172.465193455517,10364.601552547003,35f6a6573ef9
17,2042,0.0,+/-10%,5,10089.711712801067,12105.70956576211,35f6a6573ef9
17,2042,0.0,+/-10%,6,11098.682884081178,10204.630411618617,35f6a6573ef9
17,2042,0.0,+/-10%,7,9988.814595673062,9111.271598599218,35f6a6573ef9
17,2042,0.0,+/-10%,8,9343.549948341188,8467.770183170816,35f6a6573ef9
17,2042,0.0,+/-10%,9,10277.904943175306,8580.574346704925,35f6a6573ef9
17,2042,0.0,+/-10%,10,11305.69543749284,10416.938361925455,35f6a6573ef9
17,2042,0.0,+/-10%,11,12436.264981242122,9747.91399265741,35f6a6573ef9
17,2042,0.0,+/-10%,12,13679.891479366339,7220.122743335652,35f6a6573ef9
17,2042,0.0,+/-10%,13,13236.781463806827,7942.135012570403,35f6a6573ef9
17,2042,0.0,+/-10%,14,11913.103317426145,8661.042024459564,35f6a6573ef9
17,2042,0.0,+/-10%,15,10721.79298568353,9326.286312515964,35f6a6573ef9
17,2042,0.0,+/-20%,1,5876.680586283528,5876.680586283528,35f6a6573ef9
17,2042,0.0,+/-20%,2,7052.016703540232,7199.92297660308,35f6a6573ef9
17,2042,0.0,+/-20%,3,8462.420044248283,8795.772613890162,35f6a6573ef9
17,2042,0.0,+/-20%,4,10154.904053097942,11349.250999084661,35f6a6573ef9
17,2042,0.0,+/-20%,5,12185.884863717523,13669.008909803213,35f6a6573ef9
17,2042,0.0,+/-20%,6,11393.62937079666,10229.242384583617,35f6a6573ef9
17,2042,0.0,+/-20%,7,9114.90349663733,7918.335147388963,35f6a6573ef9
17,2042,0.0,+/-20%,8,7291.922797309861,7972.803932622104,35f6a6573ef9
17,2042,0.0,+/-20%,9,8750.307356771835,8455.669144348909,35f6a6573ef9
17,2042,0.0,+/-20%,10,9741.676207126478,10328.879009116616,35f6a6573ef9
17,2042,0.0,+/-20%,11,11690.011448551773,9199.416404137733,35f6a6573ef9
17,2042,0.0,+/-20%,12,14028.01373826213,9300.054654579937,35f6a6573ef9
17,2042,0.0,+/-20%,13,16752.801540130513,7921.687589790403,35f6a6573ef9
17,2042,0.0,+/-20%,14,13402.241232104414,7836.541441306727,35f6a6573ef9
17,2042,0.0,+/-20%,15,10721.79298568353,9430.495825140544,35f6a6573ef9
17,2042,0.02,NHF,1,35030.80535241919,35030.80535241919,35f6a6573ef9
17,2042,0.02,NHF,2,5444.155741599799,6243.229568031419,35f6a6573ef9
17,2042,0.02,NHF,3,5261.544970505836,5054.875720765008,35f6a6573ef9
17,2042,0.02,NHF,4,3790.5495556171327,3868.841985393272,35f6a6573ef9
17,2042,0.02,NHF,5,13960.956616893334,12854.738324614464,35f6a6573ef9
17,2042,0.02,NHF,6,4292.189194294853,4292.189194294853,35f6a6573ef9
17,2042,0.02,NHF,7,10470.134415033323,10470.134415033323,35f6a6573ef9
17,2042,0.02,NHF,8,9240.458556748597,9240.458556748597,35f6a6573ef9
17,2042,0.02,NHF,9,12372.939150433249,12801.130667781264,35f6a6573ef9
17,2042,0.02,NHF,10,3174.4443297556472,3582.3514792433434,35f6a6573ef9
17,2042,0.02,NHF,11,4880.167568663494,6528.530224747531,35f6a6573ef9
17,2042,0.02,NHF,12,5870.377006084446,4180.116291181206,35f6a6573ef9
17,2042,0.02,NHF,13,12369.38932283081,13953.289022421799,35f6a6573ef9
17,2042,0.02,NHF,14,7390.538151281662,5176.404342182635,35f6a6573ef9
17,2042,0.02,NHF,15,13819.465994185084,11409.719745036835,35f6a6573ef9
17,2042,0.02,NDY,1,10270.597845986737,10270.597845986737,35f6a6573ef9
17,2042,0.02,NDY,2,10270.597845986737,10168.593522758805,35f6a6573ef9
17,2042,0.02,NDY,3,10270.597845986738,10072.217377270405,35f6a6573ef9
17,2042,0.02,NDY,4,10270.597845986735,9982.421953580795,35f6a6573ef9
17,2042,0.02,NDY,5,10270.597845986737,9888.353677699872,35f6a6573ef9
17,2042,0.02,NDY,6,10270.597845986737,9802.549341516682,35f6a6573ef9
17,2042,0.02,NDY,7,10270.597845986733,9715.615686530466,35f6a6573ef9
17,2042,0.02,NDY,8,10270.597845986738,9638.55759744051,35f6a6573ef9
17,2042,0.02,NDY,9,10270.597845986733,9563.084441498597,35f6a6573ef9
17,2042,0.02,NDY,10,10270.597845986735,9496.493965711205,35f6a6573ef9
17,2042,0.02,NDY,11,10270.597845986738,9430.609086104483,35f6a6573ef9
17,2042,0.02,NDY,12,10270.597845986737,9366.523371033267,35f6a6573ef9
17,2042,0.02,NDY,13,10270.597845986733,9303.341528183058,35f6a6573ef9
17,2042,0.02,NDY,14,10270.597845986735,9249.67114894339,35f6a6573ef9
17,2042,0.02,NDY,15,10270.597845986735,9197.214234026647,35f6a6573ef9
17,2042,0.02,-10%,1,15756.655754640065,15756.655754640065,35f6a6573ef9
17,2042,0.02,-10%,2,14180.990179176046,14181.095871655769,35f6a6573ef9
17,2042,0.02,-10%,3,12762.891161258442,12734.525706234863,35f6a6573ef9
17,2042,0.02,-10%,4,11486.602045132606,11458.491301789316,35f6a6573ef9
17,2042,0.02,-10%,5,10337.941840619344,10293.74889608238,35f6a6573ef9
17,2042,0.02,-10%,6,9304.147656557408,9264.37400905077,35f6a6573ef9
17,2042,0.02,-10%,7,8373.732890901669,8342.693579288176,35f6a6573ef9
17,2042,0.02,-10%,8,7536.359601811502,7519.610085315662,35f6a6573ef9
17,2042,0.02,-10%,9,6782.723641630351,6767.6490758173295,35f6a6573ef9
17,2042,0.02,-10%,10,6104.451277467316,6939.12082369369,35f6a6573ef9
17,2042,0.02,-10%,11,6977.905051039479,6245.208740291318,35f6a6573ef9
17,2042,0.02,-10%,12,8780.480133269553,8914.228037786685,35f6a6573ef9
17,2042,0.02,-10%,13,10147.511572770645,9238.823322917207,35f6a6573ef9
17,2042,0.02,-10%,14,9132.76041549359,9542.242594258327,35f6a6573ef9
17,2042,0.02,-10%,15,8219.484373944224,8575.61430117443,35f6a6573ef9
17,2042,0.02,-20%,1,19272.43406177497,19272.43406177497,35f6a6573ef9
17,2042,0.02,-20%,2,15417.947249419953,15395.160364721922,35f6a6573ef9
17,2042,0.02,-20%,3,12334.35779953598,12300.36712017308,35f6a6573ef9
17,2042,0.02,-20%,4,9867.486239628777,9836.788040385916,35f6a6573ef9
17,2042,0.02,-20%,5,7893.988991703025,7861.997876664697,35f6a6573ef9
17,2042,0.02,-20%,6,6315.191193362422,6289.598301444254,35f6a6573ef9
17,2042,0.02,-20%,7,8685.089241402664,8685.089239961093,35f6a6573ef9
17,2042,0.02,-20%,8,7653.092401232298,8045.942590583258,35f6a6573ef9
17,2042,0.02,-20%,9,7586.910225960163,8096.2985533626925,35f6a6573ef9
17,2042,0.02,-20%,10,7568.5522618640725,7062.689902008058,35f6a6573ef9
17,2042,0.02,-20%,11,8328.453241708356,7071.828814854044,35f6a6573ef9
17,2042,0.02,-20%,12,8763.175084957024,8973.850890385287,35f6a6573ef9
17,2042,0.02,-20%,13,9217.539235813792,9784.554507639126,35f6a6573ef9
17,2042,0.02,-20%,14,7374.031388651036,7827.643605143637,35f6a6573ef9
17,2042,0.02,-20%,15,8866.70460215498,8706.371230231292,35f6a6573ef9
17,2042,0.02,+/-10%,1,15731.866654381585,15731.866654381585,35f6a6573ef9
17,2042,0.02,+/-10%,2,14158.679988943426,14158.001146734183,35f6a6573ef9
17,2042,0.02,+/-10%,3,12742.81199004909,12727.81218454597,35f6a6573ef9
17,2042,0.02,+/-10%,4,11468.530791044177,11449.450525518247,35f6a6573ef9
17,2042,0.02,+/-10%,5,10321.677711939763,10291.135754540759,35f6a6573ef9
17,2042,0.02,+/-10%,6,9289.509940745784,9262.022181295191,35f6a6573ef9
17,2042,0.02,+/-10%,7,8360.558946671208,8335.819965610479,35f6a6573ef9
17,2042,0.02,+/-10%,8,7524.5030520040855,7520.603222284189,35f6a6573ef9
17,2042,0.02,+/-10%,9,6772.052746803679,6768.152588417623,35f6a6573ef9
17,2042,0.02,+/-10%,10,6702.151226665465,6779.978942786603,35f6a6573ef9
17,2042,0.02,+/-10%,11,7372.366349332013,7457.976833979244,35f6a6573ef9
17,2042,0.02,+/-10%,12,8109.602984265215,8476.426610419425,35f6a6573ef9
17,2042,0.02,+/-10%,13,8920.563282691735,8695.387308084713,35f6a6573ef9
17,2042,0.02,+/-10%,14,9812.619610960914,9488.341538154824,35f6a6573ef9
17,2042,0.02,+/-10%,15,8831.357649864822,8519.418211220138,35f6a6573ef9
17,2042,0.02,+/-20%,1,19286.931322091223,19286.931322091223,35f6a6573ef9
17,2042,0.02,+/-20%,2,15429.545057672973,15413.580000670237,35f6a6573ef9
17,2042,0.02,+/-20%,3,12343.636046138381,12301.330012426695,35f6a6573ef9
17,2042,0.02,+/-20%,4,9874.908836910703,9832.462862691938,35f6a6573ef9
17,2042,0.02,+/-20%,5,7899.927069528562,7889.645532806496,35f6a6573ef9
17,2042,0.02,+/-20%,6,6319.941655622853,6313.360613464821,35f6a6573ef9
17,2042,0.02,+/-20%,7,7583.929986747424,7583.929983791191,35f6a6573ef9
17,2042,0.02,+/-20%,8,9067.032212825168,9081.597376162197,35f6a6573ef9
17,2042,0.02,+/-20%,9,7443.326633322681,8320.967635850518,35f6a6573ef9
17,2042,0.02,+/-20%,10,7410.286575663937,7273.877219619627,35f6a6573ef9
17,2042,0.02,+/-20%,11,8892.343890796725,7297.290406371551,35f6a6573ef9
17,2042,0.02,+/-20%,12,8183.257523654266,8501.63499105152,35f6a6573ef9
17,2042,0.02,+/-20%,13,8919.57793881983,9002.54169508112,35f6a6573ef9
17,2042,0.02,+/-20%,14,7529.813867527753,7982.294481810854,35f6a6573ef9
17,2042,0.02,+/-20%,15,8888.595450442255,8960.898947155167,35f6a6573ef9
17,2042,0.04,NHF,1,40226.39200224437,40226.39200224437,35f6a6573ef9
17,2042,0.04,NHF,2,5182.136289463741,5182.136289463741,35f6a6573ef9
17,2042,0.04,NHF,3,2903.075739718704,2903.075739718704,35f6a6573ef9
17,2042,0.04,NHF,4,4953.1521002488635,4953.1521002488635,35f6a6573ef9
17,2042,0.04,NHF,5,5885.440704281023,5885.440704281023,35f6a6573ef9
17,2042,0.04,NHF,6,4292.189194294853,4292.189194294853,35f6a6573ef9
17,2042,0.04,NHF,7,11143.166126813172,11143.166126813172,35f6a6573ef9
17,2042,0.04,NHF,8,10733.11029197303,10733.110291973027,35f6a6573ef9
17,2042,0.04,NHF,9,15049.273492651482,15049.273492651482,35f6a6573ef9
17,2042,0.04,NHF,10,3554.645296118949,3554.645296118949,35f6a6573ef9
17,2042,0.04,NHF,11,4611.021570343758,4611.021570343758,35f6a6573ef9
17,2042,0.04,NHF,12,5831.265925756532,5831.265925756532,35f6a6573ef9
17,2042,0.04,NHF,13,10506.55966527999,10506.55966527999,35f6a6573ef9
17,2042,0.04,NHF,14,5994.163555401994,5994.163555401994,35f6a6573ef9
17,2042,0.04,NHF,15,11197.412532784758,11197.412532784756,35f6a6573ef9
17,2042,0.04,NDY,1,10193.546855245375,10193.546855245375,35f6a6573ef9
17,2042,0.04,NDY,2,10193.546855245375,10050.42334598827,35f6a6573ef9
17,2042,0.04,NDY,3,10193.546855245375,9938.510519841568,35f6a6573ef9
17,2042,0.04,NDY,4,10193.546855245373,9836.925691529736,35f6a6573ef9
17,2042,0.04,NDY,5,10193.546855245375,9703.484436506522,35f6a6573ef9
17,2042,0.04,NDY,6,10193.546855245371,9599.199899261863,35f6a6573ef9
17,2042,0.04,NDY,7,10193.546855245377,9500.366484136353,35f6a6573ef9
17,2042,0.04,NDY,8,10193.546855245379,9408.93118977743,35f6a6573ef9
17,2042,0.04,NDY,9,10193.546855245368,9333.058029041706,35f6a6573ef9
17,2042,0.04,NDY,10,10193.546855245375,9262.131953922128,35f6a6573ef9
17,2042,0.04,NDY,11,10193.546855245377,9180.260245434243,35f6a6573ef9
17,2042,0.04,NDY,12,10193.546855245377,9101.450603477928,35f6a6573ef9
17,2042,0.04,NDY,13,10193.546855245373,9025.621640619811,35f6a6573ef9
17,2042,0.04,NDY,14,10193.546855245373,8964.851338495493,35f6a6573ef9
17,2042,0.04,NDY,15,10193.546855245371,8905.255678330794,35f6a6573ef9
17,2042,0.04,-10%,1,15729.4551622066,15729.4551622066,35f6a6573ef9
17,2042,0.04,-10%,2,14156.509645985934,14153.338290621024,35f6a6573ef9
17,2042,0.04,-10%,3,12740.85868138735,12732.89115478761,35f6a6573ef9
17,2042,0.04,-10%,4,11466.772813248612,11454.779892468045,35f6a6573ef9
17,2042,0.04,-10%,5,10320.09553192374,10303.784213467647,35f6a6573ef9
17,2042,0.04,-10%,6,9288.085978731382,9273.405793865179,35f6a6573ef9
17,2042,0.04,-10%,7,8359.277380858239,8354.049885963475,35f6a6573ef9
17,2042,0.04,-10%,8,7523.349642772415,7518.644897592687,35f6a6573ef9
17,2042,0.04,-10%,9,6771.014678495174,6766.780403743764,35f6a6573ef9
17,2042,0.04,-10%,10,6093.913210645658,6090.1023714647445,35f6a6573ef9
17,2042,0.04,-10%,11,6861.108952457687,6909.911723274001,35f6a6573ef9
17,2042,0.04,-10%,12,8514.435254397806,9157.502373343666,35f6a6573ef9
17,2042,0.04,-10%,13,10335.639409115458,10050.427497458853,35f6a6573ef9
17,2042,0.04,-10%,14,9302.07546820393,9045.384748829243,35f6a6573ef9
17,2042,0.04,-10%,15,8371.86792138353,8138.138626715065,35f6a6573ef9
17,2042,0.04,-20%,1,19277.6136587305,19277.6136587305,35f6a6573ef9
17,2042,0.04,-20%,2,15422.090926984403,15420.306803582642,35f6a6573ef9
17,2042,0.04,-20%,3,12337.67274158752,12327.357055929953,35f6a6573ef9
17,2042,0.04,-20%,4,9870.138193270017,9857.671248000655,35f6a6573ef9
17,2042,0.04,-20%,5,7896.1105546160115,7886.149393389979,35f6a6573ef9
17,2042,0.04,-20%,6,6316.888443692811,6308.919518041642,35f6a6573ef9
17,2042,0.04,-20%,7,7295.743723181771,7295.743723181769,35f6a6573ef9
17,2042,0.04,-20%,8,7927.273517087892,7694.087271135759,35f6a6573ef9
17,2042,0.04,-20%,9,9585.746454279828,9932.425726803114,35f6a6573ef9
17,2042,0.04,-20%,10,7668.597163423861,8150.894192293554,35f6a6573ef9
17,2042,0.04,-20%,11,7116.5054055439,6520.7153501030525,35f6a6573ef9
17,2042,0.04,-20%,12,8921.142243828552,8984.92520563552,35f6a6573ef9
17,2042,0.04,-20%,13,8802.874279268992,8231.168097075002,35f6a6573ef9
17,2042,0.04,-20%,14,7042.299423415196,7290.903375931077,35f6a6573ef9
17,2042,0.04,-20%,15,8993.011586104816,8777.687920077184,35f6a6573ef9
17,2042,0.04,+/-10%,1,15714.7458000818,15714.7458000818,35f6a6573ef9
17,2042,0.04,+/-10%,2,14143.27122007362,14137.215056098412,35f6a6573ef9
17,2042,0.04,+/-10%,3,12728.944098066258,12721.671755387142,35f6a6573ef9
17,2042,0.04,+/-10%,4,11456.049688259634,11434.039255901513,35f6a6573ef9
17,2042,0.04,+/-10%,5,10310.444719433672,10284.97984398769,35f6a6573ef9
17,2042,0.04,+/-10%,6,9279.400247490303,9256.21891930955,35f6a6573ef9
17,2042,0.04,+/-10%,7,8351.460222741274,8330.597026551013,35f6a6573ef9
17,2042,0.04,+/-10%,8,7516.314200467146,7512.019953245664,35f6a6573ef9
17,2042,0.04,+/-10%,9,6764.682780420432,6760.817956653036,35f6a6573ef9
17,2042,0.04,+/-10%,10,6476.995534168587,6601.5855727339485,35f6a6573ef9
17,2042,0.04,+/-10%,11,7124.695087585446,7261.744131752164,35f6a6573ef9
17,2042,0.04,+/-10%,12,7837.164596343991,7987.918546217775,35f6a6573ef9
17,2042,0.04,+/-10%,13,8620.881055978358,10191.394708451706,35f6a6573ef9
17,2042,0.04,+/-10%,14,9482.969161576273,9145.194749166416,35f6a6573ef9
17,2042,0.04,+/-10%,15,10431.266077733859,8230.65357576406,35f6a6573ef9
17,2042,0.04,+/-20%,1,19272.78298465735,19272.78298465735,35f6a6573ef9
17,2042,0.04,+/-20%,2,15418.226387725883,15408.418096187523,35f6a6573ef9
17,2042,0.04,+/-20%,3,12334.581110180703,12317.9686855969,35f6a6573ef9
17,2042,0.04,+/-20%,4,9867.664888144564,9850.767641744578,35f6a6573ef9
17,2042,0.04,+/-20%,5,7894.131910515652,7880.614111349028,35f6a6573ef9
17,2042,0.04,+/-20%,6,6315.305528412524,6304.49128489785,35f6a6573ef9
17,2042,0.04,+/-20%,7,7295.743723181771,7295.743723181769,35f6a6573ef9
17,2042,0.04,+/-20%,8,7956.389699579982,8092.548600879131,35f6a6573ef9
17,2042,0.04,+/-20%,9,9547.667639495978,9711.058317105375,35f6a6573ef9
17,2042,0.04,+/-20%,10,7638.134111596782,8060.901491169641,35f6a6573ef9
17,2042,0.04,+/-20%,11,7308.3683720544,6565.162723732411,35f6a6573ef9
17,2042,0.04,+/-20%,12,8770.042046465282,7878.195268560104,35f6a6573ef9
17,2042,0.04,+/-20%,13,8865.658439258117,9453.834324209794,35f6a6573ef9
17,2042,0.04,+/-20%,14,7146.670826243104,7596.4131418232755,35f6a6573ef9
17,2042,0.04,+/-20%,15,8576.004991491727,8413.940777283591,35f6a6573ef9
17,2042,0.06,NHF,1,40226.39200224437,40226.39200224437,35f6a6573ef9
17,2042,0.06,NHF,2,5182.136289463741,5182.136289463741,35f6a6573ef9
17,2042,0.06,NHF,3,2903.075739718704,2903.075739718704,35f6a6573ef9
17,2042,0.06,NHF,4,4953.1521002488635,4953.1521002488635,35f6a6573ef9
17,2042,0.06,NHF,5,5885.440704281023,5885.440704281023,35f6a6573ef9
17,2042,0.06,NHF,6,4292.189194294853,4292.189194294853,35f6a6573ef9
17,2042,0.06,NHF,7,11143.166126813172,11143.166126813172,35f6a6573ef9
17,2042,0.06,NHF,8,10733.11029197303,10733.110291973027,35f6a6573ef9
17,2042,0.06,NHF,9,15049.273492651482,15049.273492651482,35f6a6573ef9
17,2042,0.06,NHF,10,3554.645296118949,3554.645296118949,35f6a6573ef9
17,2042,0.06,NHF,11,4611.021570343758,4611.021570343758,35f6a6573ef9
17,2042,0.06,NHF,12,5831.265925756532,5831.265925756532,35f6a6573ef9
17,2042,0.06,NHF,13,10506.55966527999,10506.55966527999,35f6a6573ef9
17,2042,0.06,NHF,14,5994.163555401994,5994.163555401994,35f6a6573ef9
17,2042,0.06,NHF,15,11197.412532784758,11197.412532784756,35f6a6573ef9
17,2042,0.06,NDY,1,10121.013704736637,10121.013704736637,35f6a6573ef9
17,2042,0.06,NDY,2,10121.01370473664,9952.714216921784,35f6a6573ef9
17,2042,0.06,NDY,3,10121.013704736635,9837.083367152525,35f6a6573ef9
17,2042,0.06,NDY,4,10121.013704736639,9723.756171124156,35f6a6573ef9
17,2042,0.06,NDY,5,10121.01370473664,9589.57001757272,35f6a6573ef9
17,2042,0.06,NDY,6,10121.013704736637,9495.224811853042,35f6a6573ef9
17,2042,0.06,NDY,7,10121.013704736637,9387.471182184729,35f6a6573ef9
17,2042,0.06,NDY,8,10121.01370473664,9280.737246607052,35f6a6573ef9
17,2042,0.06,NDY,9,10121.013704736637,9204.736279112538,35f6a6573ef9
17,2042,0.06,NDY,10,10121.013704736639,9133.623544496138,35f6a6573ef9
17,2042,0.06,NDY,11,10121.01370473664,9063.547171364295,35f6a6573ef9
17,2042,0.06,NDY,12,10121.013704736639,8985.562394988761,35f6a6573ef9
17,2042,0.06,NDY,13,10121.013704736644,8934.126288665328,35f6a6573ef9
17,2042,0.06,NDY,14,10121.013704736644,8862.197086677836,35f6a6573ef9
17,2042,0.06,NDY,15,10121.01370473664,8797.857243679562,35f6a6573ef9
17,2042,0.06,-10%,1,15672.342663542106,15672.342663542106,35f6a6573ef9
17,2042,0.06,-10%,2,14105.108397187894,14085.451353077544,35f6a6573ef9
17,2042,0.06,-10%,3,12694.59755746911,12660.755728767292,35f6a6573ef9
17,2042,0.06,-10%,4,11425.1378017222,11383.723187719675,35f6a6573ef9
17,2042,0.06,-10%,5,10282.624021549978,10237.26879707225,35f6a6573ef9
17,2042,0.06,-10%,6,9254.361619394982,9213.54191549683,35f6a6573ef9
17,2042,0.06,-10%,7,8328.925457455485,8306.721833673862,35f6a6573ef9
17,2042,0.06,-10%,8,7496.032911709937,7476.049648697217,35f6a6573ef9
17,2042,0.06,-10%,9,6746.429620538942,6728.444684260206,35f6a6573ef9
17,2042,0.06,-10%,10,6071.786658485049,6055.600215254993,35f6a6573ef9
17,2042,0.06,-10%,11,7645.2918115894245,7207.545965356983,35f6a6573ef9
17,2042,0.06,-10%,12,7612.020553544614,9342.429109181789,35f6a6573ef9
17,2042,0.06,-10%,13,10472.026878380459,9861.282792338145,35f6a6573ef9
17,2042,0.06,-10%,14,9424.82419054241,8871.032862896553,35f6a6573ef9
17,2042,0.06,-10%,15,8482.341771488173,7983.929577577363,35f6a6573ef9
17,2042,0.06,-20%,1,19236.420442055787,19236.420442055787,35f6a6573ef9
17,2042,0.06,-20%,2,15389.136353644633,15368.849863889896,35f6a6573ef9
17,2042,0.06,-20%,3,12311.309082915703,12286.003500990175,35f6a6573ef9
17,2042,0.06,-20%,4,9849.047266332565,9822.56525006223,35f6a6573ef9
17,2042,0.06,-20%,5,7879.237813066053,7858.052197900448,35f6a6573ef9
17,2042,0.06,-20%,6,6303.390250452845,6286.441754942811,35f6a6573ef9
17,2042,0.06,-20%,7,6493.895638040933,6493.895638040933,35f6a6573ef9
17,2042,0.06,-20%,8,8116.684193407222,8116.684193407222,35f6a6573ef9
17,2042,0.06,-20%,9,10547.76434069682,10524.442565525906,35f6a6573ef9
17,2042,0.06,-20%,10,8438.211472557457,8667.45167691698,35f6a6573ef9
17,2042,0.06,-20%,11,6750.569178045966,6933.961340930869,35f6a6573ef9
17,2042,0.06,-20%,12,8471.188962338683,7501.144958703048,35f6a6573ef9
17,2042,0.06,-20%,13,7852.129409291351,8372.30338455401,35f6a6573ef9
17,2042,0.06,-20%,14,7099.786185104675,7116.493186799892,35f6a6573ef9
17,2042,0.06,-20%,15,8720.995606553011,8335.691346830667,35f6a6573ef9
17,2042,0.06,+/-10%,1,15670.212268510495,15670.212268510495,35f6a6573ef9
17,2042,0.06,+/-10%,2,14103.191041659447,14089.77945148835,35f6a6573ef9
17,2042,0.06,+/-10%,3,12692.871937493504,12653.43563475245,35f6a6573ef9
17,2042,0.06,+/-10%,4,11423.584743744157,11378.724611460608,35f6a6573ef9
17,2042,0.06,+/-10%,5,10281.226269369734,10222.849680665855,35f6a6573ef9
17,2042,0.06,+/-10%,6,9253.103642432761,9200.564696247646,35f6a6573ef9
17,2042,0.06,+/-10%,7,8327.793278189487,8301.919119488988,35f6a6573ef9
17,2042,0.06,+/-10%,8,7495.013950370539,7471.727204660141,35f6a6573ef9
17,2042,0.06,+/-10%,9,6745.512555333484,6724.554490048879,35f6a6573ef9
17,2042,0.06,+/-10%,10,6391.066081599411,6463.351383351038,35f6a6573ef9
17,2042,0.06,+/-10%,11,7030.172689759352,7109.6865272216055,35f6a6573ef9
17,2042,0.06,+/-10%,12,7733.18995873529,8502.036493932274,35f6a6573ef9
17,2042,0.06,+/-10%,13,8506.508954608815,10088.347327008829,35f6a6573ef9
17,2042,0.06,+/-10%,14,9357.1598500697,9079.512595969549,35f6a6573ef9
17,2042,0.06,+/-10%,15,10292.875835076673,8171.561336923896,35f6a6573ef9
17,2042,0.06,+/-20%,1,19238.995964098096,19238.995964098096,35f6a6573ef9
17,2042,0.06,+/-20%,2,15391.196771278477,15373.251228944124,35f6a6573ef9
17,2042,0.06,+/-20%,3,12312.957417022779,12288.39748466755,35f6a6573ef9
17,2042,0.06,+/-20%,4,9850.365933618225,9830.000855474249,35f6a6573ef9
17,2042,0.06,+/-20%,5,7880.29274689458,7864.000681463837,35f6a6573ef9
17,2042,0.06,+/-20%,6,6304.234197515667,6291.200540401835,35f6a6573ef9
17,2042,0.06,+/-20%,7,6782.7062040086275,6782.706204009919,35f6a6573ef9
17,2042,0.06,+/-20%,8,8139.247444810353,8139.247446797857,35f6a6573ef9
17,2042,0.06,+/-20%,9,9767.09693377242,9767.096931783624,35f6a6573ef9
17,2042,0.06,+/-20%,10,8708.14642006618,8883.391682791294,35f6a6573ef9
17,2042,0.06,+/-20%,11,6966.517136052947,7106.713348308104,35f6a6573ef9
17,2042,0.06,+/-20%,12,8359.82056326353,7399.006738002903,35f6a6573ef9
17,2042,0.06,+/-20%,13,8197.728917178818,8816.489514876204,35f6a6573ef9
17,2042,0.06,+/-20%,14,7118.090411724381,7138.839870855241,35f6a6573ef9
17,2042,0.06,+/-20%,15,8418.139838749037,8103.545787452145,35f6a6573ef9
17,3042,0.0,NHF,1,1749.7673959033336,1749.7673959033336,35f6a6573ef9
17,3042,0.0,NHF,2,2554.08211876,900.3231779733333,35f6a6573ef9
17,3042,0.0,NHF,3,7629.294717390056,132.42091135,35f6a6573ef9
17,3042,0.0,NHF,4,5986.78032866,10517.432632667402,35f6a6573ef9
17,3042,0.0,NHF,5,25122.184474925594,17286.31402772462,35f6a6573ef9
17,3042,0.0,NHF,6,9148.739137604098,9482.08764482931,35f6a6573ef9
17,3042,0.0,NHF,7,23287.79559258686,8448.451830584376,35f6a6573ef9
17,3042,0.0,NHF,8,9568.077222524484,10501.965554607124,35f6a6573ef9
17,3042,0.0,NHF,9,3904.1091927081084,8891.453552454255,35f6a6573ef9
17,3042,0.0,NHF,10,703.5791241,11316.811733958124,35f6a6573ef9
17,3042,0.0,NHF,11,332.67647429,9314.118658695543,35f6a6573ef9
17,3042,0.0,NHF,12,1512.6054913725,8052.931676690312,35f6a6573ef9
17,3042,0.0,NHF,13,1613.63268959,8800.061037454028,35f6a6573ef9
17,3042,0.0,NHF,14,5943.167185182954,7211.878217079247,35f6a6573ef9
17,3042,0.0,NHF,15,72892.71141773202,7360.081436516418,35f6a6573ef9
17,3042,0.0,NDY,1,2665.20161353603,2665.20161353603,35f6a6573ef9
17,3042,0.0,NDY,2,10665.028220240927,9074.08513482587,35f6a6573ef9
17,3042,0.0,NDY,3,10665.02822024093,8898.88635315666,35f6a6573ef9
17,3042,0.0,NDY,4,10665.02822024093,9051.768578267678,35f6a6573ef9
17,3042,0.0,NDY,5,10665.028220240929,10457.002539623347,35f6a6573ef9
17,3042,0.0,NDY,6,10665.028220240929,10263.767051770908,35f6a6573ef9
17,3042,0.0,NDY,7,10665.028220240925,10097.854349159044,35f6a6573ef9
17,3042,0.0,NDY,8,10665.02822024093,9896.9429312461,35f6a6573ef9
17,3042,0.0,NDY,9,10665.028220240929,9692.0007931238,35f6a6573ef9
17,3042,0.0,NDY,10,10665.028220240922,9410.412577149033,35f6a6573ef9
17,3042,0.0,NDY,11,10665.028220240925,9095.509387624708,35f6a6573ef9
17,3042,0.0,NDY,12,10665.028220240933,8676.061652619786,35f6a6573ef9
17,3042,0.0,NDY,13,10665.028220240925,8568.085769262678,35f6a6573ef9
17,3042,0.0,NDY,14,10665.028220240923,7740.287796554252,35f6a6573ef9
17,3042,0.0,NDY,15,10665.028220240923,9178.047636305624,35f6a6573ef9
17,3042,0.0,-10%,1,2777.276042133997,2777.276042133997,35f6a6573ef9
17,3042,0.0,-10%,2,3060.6546191037096,3483.6281125608075,35f6a6573ef9
17,3042,0.0,-10%,3,5652.522651754292,6302.3674444218705,35f6a6573ef9
17,3042,0.0,-10%,4,14710.960444093957,15073.825773823477,35f6a6573ef9
17,3042,0.0,-10%,5,13239.864399684562,13762.605357019747,35f6a6573ef9
17,3042,0.0,-10%,6,11915.877959716105,12545.926283496327,35f6a6573ef9
17,3042,0.0,-10%,7,10724.290163744496,11665.044539307259,35f6a6573ef9
17,3042,0.0,-10%,8,9651.861147370048,8347.265916652668,35f6a6573ef9
17,3042,0.0,-10%,9,8686.675032633042,10346.736025681632,35f6a6573ef9
17,3042,0.0,-10%,10,7818.007529369738,7209.589685239144,35f6a6573ef9
17,3042,0.0,-10%,11,14127.407277227907,9071.8576509577,35f6a6573ef9
17,3042,0.0,-10%,12,14629.668340522536,7486.857537603244,35f6a6573ef9
17,3042,0.0,-10%,13,13166.70150647028,7393.467413229852,35f6a6573ef9
17,3042,0.0,-10%,14,11850.031355823248,4729.904250369167,35f6a6573ef9
17,3042,0.0,-10%,15,10665.028220240922,8751.775684145,35f6a6573ef9
17,3042,0.0,-20%,1,2535.567552775,2535.567552775,35f6a6573ef9
17,3042,0.0,-20%,2,3320.2364375800003,3320.2364375800003,35f6a6573ef9
17,3042,0.0,-20%,3,3252.7379181175,7449.8324825075,35f6a6573ef9
17,3042,0.0,-20%,4,14602.104158412709,11408.64433407,35f6a6573ef9
17,3042,0.0,-20%,5,16369.327668234922,17811.204139203917,35f6a6573ef9
17,3042,0.0,-20%,6,13095.462134587939,11308.675920063211,35f6a6573ef9
17,3042,0.0,-20%,7,10476.36970767035,10813.15810849567,35f6a6573ef9
17,3042,0.0,-20%,8,8381.09576613628,7842.712651535477,35f6a6573ef9
17,3042,0.0,-20%,9,8191.045572099356,10173.535109011296,35f6a6573ef9
17,3042,0.0,-20%,10,7716.832961598606,7149.300075416106,35f6a6573ef9
17,3042,0.0,-20%,11,10330.083723085352,10528.910601753843,35f6a6573ef9
17,3042,0.0,-20%,12,13797.357154747806,8479.137637740689,35f6a6573ef9
17,3042,0.0,-20%,13,16664.106594126446,7126.093903175136,35f6a6573ef9
17,3042,0.0,-20%,14,13331.285275301158,6047.594692685228,35f6a6573ef9
17,3042,0.0,-20%,15,10665.028220240923,9883.523168872953,35f6a6573ef9
17,3042,0.0,+/-10%,1,6346.459754213445,6346.459754213445,35f6a6573ef9
17,3042,0.0,+/-10%,2,6981.105729634789,7008.295875499358,35f6a6573ef9
17,3042,0.0,+/-10%,3,7679.216302598269,8316.476681868242,35f6a6573ef9
17,3042,0.0,+/-10%,4,8447.137932858097,9401.418516708443,35f6a6573ef9
17,3042,0.0,+/-10%,5,9291.851726143908,12369.671400576834,35f6a6573ef9
17,3042,0.0,+/-10%,6,10221.036898758297,11580.988291019316,35f6a6573ef9
17,3042,0.0,+/-10%,7,10648.073679098965,9638.740907455416,35f6a6573ef9
17,3042,0.0,+/-10%,8,9583.26631118907,8339.403436360863,35f6a6573ef9
17,3042,0.0,+/-10%,9,10541.592942307961,9221.402266976147,35f6a6573ef9
17,3042,0.0,+/-10%,10,11595.752236538756,9581.209978425297,35f6a6573ef9
17,3042,0.0,+/-10%,11,12755.327460192628,9021.590513434614,35f6a6573ef9
17,3042,0.0,+/-10%,12,14030.86020621189,8050.731421663844,35f6a6573ef9
17,3042,0.0,+/-10%,13,13166.701506470275,7660.843450618244,35f6a6573ef9
17,3042,0.0,+/-10%,14,11850.031355823254,8335.511786614003,35f6a6573ef9
17,3042,0.0,+/-10%,15,10665.028220240925,8640.524615244436,35f6a6573ef9
17,3042,0.0,+/-20%,1,5195.120230868765,5195.120230868765,35f6a6573ef9
17,3042,0.0,+/-20%,2,6234.144277042519,6225.677326565482,35f6a6573ef9
17,3042,0.0,+/-20%,3,7480.97313245102,8345.72541259176,35f6a6573ef9
17,3042,0.0,+/-20%,4,8977.167758941223,9674.260658091398,35f6a6573ef9
17,3042,0.0,+/-20%,5,10772.601310729466,12892.685182830977,35f6a6573ef9
17,3042,0.0,+/-20%,6,12927.121572875354,10111.754101999673,35f6a6573ef9
17,3042,0.0,+/-20%,7,10341.697258300286,11355.978576995669,35f6a6573ef9
17,3042,0.0,+/-20%,8,8273.357806640228,8873.75165876309,35f6a6573ef9
17,3042,0.0,+/-20%,9,9073.617879814276,9534.923955612314,35f6a6573ef9
17,3042,0.0,+/-20%,10,9442.118201371806,9487.605940330479,35f6a6573ef9
17,3042,0.0,+/-20%,11,11330.541841646165,8697.24517622785,35f6a6573ef9
17,3042,0.0,+/-20%,12,13596.6502099754,7881.317963957277,35f6a6573ef9
17,3042,0.0,+/-20%,13,16315.980251970475,8397.736612268243,35f6a6573ef9
17,3042,0.0,+/-20%,14,13331.285275301156,7343.262663164045,35f6a6573ef9
17,3042,0.0,+/-20%,15,10665.028220240923,8507.348675359377,35f6a6573ef9
17,3042,0.02,NHF,1,30779.46673710135,30779.46673710135,35f6a6573ef9
17,3042,0.02,NHF,2,4582.879232269784,5033.092983570501,35f6a6573ef9
17,3042,0.02,NHF,3,7072.857905470215,6252.794205296484,35f6a6573ef9
17,3042,0.02,NHF,4,2836.922120135293,5235.6011571889385,35f6a6573ef9
17,3042,0.02,NHF,5,15728.49707714587,13378.954791977134,35f6a6573ef9
17,3042,0.02,NHF,6,5166.961638006399,5166.961638006399,35f6a6573ef9
17,3042,0.02,NHF,7,10866.743702717984,10866.743702717984,35f6a6573ef9
17,3042,0.02,NHF,8,8221.294442564522,8221.294442564522,35f6a6573ef9
17,3042,0.02,NHF,9,11721.584524386491,11021.276844027729,35f6a6573ef9
17,3042,0.02,NHF,10,3685.8492223553812,4741.824968556034,35f6a6573ef9
17,3042,0.02,NHF,11,5712.345624006277,8978.861923567954,35f6a6573ef9
17,3042,0.02,NHF,12,5166.699775788505,3193.3768516649416,35f6a6573ef9
17,3042,0.02,NHF,13,13948.451719282557,13859.58395015934,35f6a6573ef9
17,3042,0.02,NHF,14,6003.324898023867,4281.581227579062,35f6a6573ef9
17,3042,0.02,NHF,15,12169.140112822768,9544.09760188009,35f6a6573ef9
17,3042,0.02,NDY,1,10053.602052352964,10053.602052352964,35f6a6573ef9
17,3042,0.02,NDY,2,10053.602052352964,9954.760860404067,35f6a6573ef9
17,3042,0.02,NDY,3,10053.602052352964,9865.118138604495,35f6a6573ef9
17,3042,0.02,NDY,4,10053.602052352964,9781.44999967139,35f6a6573ef9
17,3042,0.02,NDY,5,10053.602052352966,9698.298079529986,35f6a6573ef9
17,3042,0.02,NDY,6,10053.602052352966,9623.087883866501,35f6a6573ef9
17,3042,0.02,NDY,7,10053.602052352962,9545.997622403838,35f6a6573ef9
17,3042,0.02,NDY,8,10053.602052352971,9477.507653727876,35f6a6573ef9
17,3042,0.02,NDY,9,10053.602052352964,9411.396672800814,35f6a6573ef9
17,3042,0.02,NDY,10,10053.602052352955,9351.648138739247,35f6a6573ef9
17,3042,0.02,NDY,11,10053.602052352964,9294.56160055609,35f6a6573ef9
17,3042,0.02,NDY,12,10053.602052352959,9233.085676498898,35f6a6573ef9
17,3042,0.02,NDY,13,10053.602052352966,9174.915546617256,35f6a6573ef9
17,3042,0.02,NDY,14,10053.602052352959,9117.257754746854,35f6a6573ef9
17,3042,0.02,NDY,15,10053.602052352962,9068.845419413237,35f6a6573ef9
17,3042,0.02,-10%,1,15086.368296675371,15086.368296675371,35f6a6573ef9
17,3042,0.02,-10%,2,13577.731467007832,13540.424362168957,35f6a6573ef9
17,3042,0.02,-10%,3,12219.958320307052,12181.886135902048,35f6a6573ef9
17,3042,0.02,-10%,4,10997.962488276346,10955.184727712862,35f6a6573ef9
17,3042,0.02,-10%,5,9898.166239448712,9845.317039923968,35f6a6573ef9
17,3042,0.02,-10%,6,8908.349615503843,8860.785337375339,35f6a6573ef9
17,3042,0.02,-10%,7,8175.602464023678,8175.602463702345,35f6a6573ef9
17,3042,0.02,-10%,8,7358.04221762131,7358.042219485468,35f6a6573ef9
17,3042,0.02,-10%,9,6622.237995859181,7766.197298279229,35f6a6573ef9
17,3042,0.02,-10%,10,7361.499471834932,6989.577569804857,35f6a6573ef9
17,3042,0.02,-10%,11,9182.64892577012,8490.236916114134,35f6a6573ef9
17,3042,0.02,-10%,12,9297.328194528322,7641.213230990558,35f6a6573ef9
17,3042,0.02,-10%,13,8367.595375075489,9287.535932383078,35f6a6573ef9
17,3042,0.02,-10%,14,7530.835837567941,8358.78233709888,35f6a6573ef9
17,3042,0.02,-10%,15,8500.331353653326,7869.7024416508975,35f6a6573ef9
17,3042,0.02,-20%,1,18336.73723193667,18336.73723193667,35f6a6573ef9
17,3042,0.02,-20%,2,14669.389785549338,14375.897420072732,35f6a6573ef9
17,3042,0.02,-20%,3,11735.511828439472,11615.18094404976,35f6a6573ef9
17,3042,0.02,-20%,4,9388.40946275158,9590.601350343737,35f6a6573ef9
17,3042,0.02,-20%,5,7510.727570201264,7672.481081674745,35f6a6573ef9
17,3042,0.02,-20%,6,6008.582056161013,6137.9848660688995,35f6a6573ef9
17,3042,0.02,-20%,7,9142.60121787461,9142.60121787461,35f6a6573ef9
17,3042,0.02,-20%,8,8223.496994988733,8223.496992338904,35f6a6573ef9
17,3042,0.02,-20%,9,6578.797595990985,6689.415406329686,35f6a6573ef9
17,3042,0.02,-20%,10,8630.918979264989,9039.643131021043,35f6a6573ef9
17,3042,0.02,-20%,11,10120.201621130826,9178.197382335777,35f6a6573ef9
17,3042,0.02,-20%,12,8096.16129690466,7844.029184533845,35f6a6573ef9
17,3042,0.02,-20%,13,7660.141752678465,8060.520510607692,35f6a6573ef9
17,3042,0.02,-20%,14,6128.113402142773,6448.41640572002,35f6a6573ef9
17,3042,0.02,-20%,15,10120.615985483146,8271.890776776656,35f6a6573ef9
17,3042,0.02,+/-10%,1,15087.204117917532,15087.204117917532,35f6a6573ef9
17,3042,0.02,+/-10%,2,13578.483706125779,13543.452071499893,35f6a6573ef9
17,3042,0.02,+/-10%,3,12220.635335513203,12178.471619127382,35f6a6573ef9
17,3042,0.02,+/-10%,4,10998.571801961883,10958.646256585478,35f6a6573ef9
17,3042,0.02,+/-10%,5,9898.714621765695,9852.479840320402,35f6a6573ef9
17,3042,0.02,+/-10%,6,8908.843159589129,8867.231853104504,35f6a6573ef9
17,3042,0.02,+/-10%,7,8132.125890677807,8132.125889988621,35f6a6573ef9
17,3042,0.02,+/-10%,8,7318.913301610025,7318.91330344926,35f6a6573ef9
17,3042,0.02,+/-10%,9,6915.171284868826,7811.58486169851,35f6a6573ef9
17,3042,0.02,+/-10%,10,7606.68841335571,7030.426374659287,35f6a6573ef9
17,3042,0.02,+/-10%,11,8367.35725469128,7855.387726333325,35f6a6573ef9
17,3042,0.02,+/-10%,12,9204.09298016041,8329.27695869891,35f6a6573ef9
17,3042,0.02,+/-10%,13,8610.225008553556,9337.693847333085,35f6a6573ef9
17,3042,0.02,+/-10%,14,7749.202507698198,8403.92445846146,35f6a6573ef9
17,3042,0.02,+/-10%,15,8524.122758468022,7673.407970248708,35f6a6573ef9
17,3042,0.02,+/-20%,1,18224.884463497085,18224.884463497085,35f6a6573ef9
17,3042,0.02,+/-20%,2,14579.907570797672,14276.75481150666,35f6a6573ef9
17,3042,0.02,+/-20%,3,11663.926056638136,11390.115190855004,35f6a6573ef9
17,3042,0.02,+/-20%,4,9331.14084531051,9096.329572174842,35f6a6573ef9
17,3042,0.02,+/-20%,5,7464.9126762484075,8447.36143867726,35f6a6573ef9
17,3042,0.02,+/-20%,6,6755.500505381399,6757.8891466764,35f6a6573ef9
17,3042,0.02,+/-20%,7,8106.600606457679,8106.600606307239,35f6a6573ef9
17,3042,0.02,+/-20%,8,9186.122779855712,9186.122778005481,35f6a6573ef9
17,3042,0.02,+/-20%,9,7348.898223884568,7714.950666295835,35f6a6573ef9
17,3042,0.02,+/-20%,10,8000.263106849462,7942.397563325801,35f6a6573ef9
17,3042,0.02,+/-20%,11,9600.315728219357,8315.219803875238,35f6a6573ef9
17,3042,0.02,+/-20%,12,7680.252582575485,7873.779461262176,35f6a6573ef9
17,3042,0.02,+/-20%,13,6770.6551752613,8382.680454947393,35f6a6573ef9
17,3042,0.02,+/-20%,14,8124.786210313563,6985.693445126741,35f6a6573ef9
17,3042,0.02,+/-20%,15,9749.743452376277,8233.361069349676,35f6a6573ef9
17,3042,0.04,NHF,1,36294.70893004733,36294.70893004733,35f6a6573ef9
17,3042,0.04,NHF,2,4587.511976402065,4587.511976402065,35f6a6573ef9
17,3042,0.04,NHF,3,4822.807921683138,4822.807921683138,35f6a6573ef9
17,3042,0.04,NHF,4,5855.299560159259,5855.299560159259,35f6a6573ef9
17,3042,0.04,NHF,5,4356.180865158477,4356.180865158477,35f6a6573ef9
17,3042,0.04,NHF,6,5166.961638006399,5166.961638006399,35f6a6573ef9
17,3042,0.04,NHF,7,11407.250563101088,11407.250563101088,35f6a6573ef9
17,3042,0.04,NHF,8,9077.761282193103,9077.761282193103,35f6a6573ef9
17,3042,0.04,NHF,9,15486.968265908003,15486.968265908003,35f6a6573ef9
17,3042,0.04,NHF,10,5779.39817143911,5779.39817143911,35f6a6573ef9
17,3042,0.04,NHF,11,5369.721305009505,5369.721305009505,35f6a6573ef9
17,3042,0.04,NHF,12,4837.3367356353365,4837.3367356353365,35f6a6573ef9
17,3042,0.04,NHF,13,9465.033220355463,9465.033220355463,35f6a6573ef9
17,3042,0.04,NHF,14,4635.6357144083195,4635.6357144083195,35f6a6573ef9
17,3042,0.04,NHF,15,10382.64548020774,10382.64548020774,35f6a6573ef9
17,3042,0.04,NDY,1,10008.669605192588,10008.669605192588,35f6a6573ef9
17,3042,0.04,NDY,2,10008.669605192588,9903.793776071549,35f6a6573ef9
17,3042,0.04,NDY,3,10008.66960519259,9801.309019293747,35f6a6573ef9
17,3042,0.04,NDY,4,10008.66960519259,9694.34585022483,35f6a6573ef9
17,3042,0.04,NDY,5,10008.669605192588,9596.677058574309,35f6a6573ef9
17,3042,0.04,NDY,6,10008.669605192588,9503.862288531327,35f6a6573ef9
17,3042,0.04,NDY,7,10008.669605192592,9421.599958645687,35f6a6573ef9
17,3042,0.04,NDY,8,10008.669605192585,9336.774397225163,35f6a6573ef9
17,3042,0.04,NDY,9,10008.669605192583,9261.9535619433,35f6a6573ef9
17,3042,0.04,NDY,10,10008.669605192586,9186.185689714677,35f6a6573ef9
17,3042,0.04,NDY,11,10008.669605192585,9092.476391852091,35f6a6573ef9
17,3042,0.04,NDY,12,10008.669605192585,9022.376380172149,35f6a6573ef9
17,3042,0.04,NDY,13,10008.669605192586,8960.13444049263,35f6a6573ef9
17,3042,0.04,NDY,14,10008.669605192585,8898.338902715705,35f6a6573ef9
17,3042,0.04,NDY,15,10008.66960519259,8843.2934805319,35f6a6573ef9
17,3042,0.04,-10%,1,15066.384951723387,15066.384951723387,35f6a6573ef9
17,3042,0.04,-10%,2,13559.746456551055,13558.178429773416,35f6a6573ef9
17,3042,0.04,-10%,3,12203.77181089595,12195.756015113006,35f6a6573ef9
17,3042,0.04,-10%,4,10983.394629806355,10976.157895359602,35f6a6573ef9
17,3042,0.04,-10%,5,9885.055166825721,9878.542105606402,35f6a6573ef9
17,3042,0.04,-10%,6,8896.549650143152,8890.68789494267,35f6a6573ef9
17,3042,0.04,-10%,7,8006.894685128836,8006.894686300576,35f6a6573ef9
17,3042,0.04,-10%,8,7206.205216615949,7206.20521787523,35f6a6573ef9
17,3042,0.04,-10%,9,6485.584694954355,6485.584694111509,35f6a6573ef9
17,3042,0.04,-10%,10,8543.842772036982,8375.918523344344,35f6a6573ef9
17,3042,0.04,-10%,11,8888.596479161255,9234.533151115687,35f6a6573ef9
17,3042,0.04,-10%,12,7999.736831245128,8311.079835933757,35f6a6573ef9
17,3042,0.04,-10%,13,8867.319707946841,8488.568447171287,35f6a6573ef9
17,3042,0.04,-10%,14,7980.58773715216,7638.717740045301,35f6a6573ef9
17,3042,0.04,-10%,15,7982.393365028397,6868.2873964481505,35f6a6573ef9
17,3042,0.04,-20%,1,18363.91960314785,18363.91960314785,35f6a6573ef9
17,3042,0.04,-20%,2,14691.135682518283,14686.911899443292,35f6a6573ef9
17,3042,0.04,-20%,3,11752.908546014625,11748.767772556568,35f6a6573ef9
17,3042,0.04,-20%,4,9402.326836811702,9398.773961410045,35f6a6573ef9
17,3042,0.04,-20%,5,7521.8614694493635,7519.019172415918,35f6a6573ef9
17,3042,0.04,-20%,6,6017.489175559491,6015.21533783367,35f6a6573ef9
17,3042,0.04,-20%,7,8449.824964556563,8449.824965823733,35f6a6573ef9
17,3042,0.04,-20%,8,6810.698255133896,6759.859974236452,35f6a6573ef9
17,3042,0.04,-20%,9,9476.541328593152,9645.602962482722,35f6a6573ef9
17,3042,0.04,-20%,10,8435.804378425571,8576.302316095607,35f6a6573ef9
17,3042,0.04,-20%,11,9537.702927456077,9034.91235245838,35f6a6573ef9
17,3042,0.04,-20%,12,8753.04005051768,8842.262270951762,35f6a6573ef9
17,3042,0.04,-20%,13,7002.4320404141445,7073.809814959204,35f6a6573ef9
17,3042,0.04,-20%,14,5606.686539435415,5659.047852882972,35f6a6573ef9
17,3042,0.04,-20%,15,7784.791288077574,7727.608811552728,35f6a6573ef9
17,3042,0.04,+/-10%,1,15064.241255377647,15064.241255377647,35f6a6573ef9
17,3042,0.04,+/-10%,2,13557.817129839887,13552.531468282994,35f6a6573ef9
17,3042,0.04,+/-10%,3,12202.035416855897,12195.61483636355,35f6a6573ef9
17,3042,0.04,+/-10%,4,10981.831875170308,10974.552414407115,35f6a6573ef9
17,3042,0.04,+/-10%,5,9883.648687653278,9876.495104679732,35f6a6573ef9
17,3042,0.04,+/-10%,6,8895.28381888795,8888.845592259668,35f6a6573ef9
17,3042,0.04,+/-10%,7,8005.755436999157,8002.634307383462,35f6a6573ef9
17,3042,0.04,+/-10%,8,7205.17989329924,7202.370872648015,35f6a6573ef9
17,3042,0.04,+/-10%,9,7035.704906320646,7037.019113197972,35f6a6573ef9
17,3042,0.04,+/-10%,10,7739.275396952711,7740.721022368424,35f6a6573ef9
17,3042,0.04,+/-10%,11,8513.202936647982,8514.793123991922,35f6a6573ef9
17,3042,0.04,+/-10%,12,8596.65672945805,9162.229094299324,35f6a6573ef9
17,3042,0.04,+/-10%,13,8935.543240767383,8538.649357987306,35f6a6573ef9
17,3042,0.04,+/-10%,14,8041.988916690647,7684.78442311308,35f6a6573ef9
17,3042,0.04,+/-10%,15,8276.84881788608,6320.637812041347,35f6a6573ef9
17,3042,0.04,+/-20%,1,18362.450772330205,18362.450772330205,35f6a6573ef9
17,3042,0.04,+/-20%,2,14689.960617864168,14685.8646688752,35f6a6573ef9
17,3042,0.04,+/-20%,3,11751.968494291334,11746.729206608808,35f6a6573ef9
17,3042,0.04,+/-20%,4,9401.574795433067,9397.351585939658,35f6a6573ef9
17,3042,0.04,+/-20%,5,7521.259836346456,7517.881272414293,35f6a6573ef9
17,3042,0.04,+/-20%,6,6017.007869077166,6014.3050165811055,35f6a6573ef9
17,3042,0.04,+/-20%,7,7220.409442892599,7756.018996781963,35f6a6573ef9
17,3042,0.04,+/-20%,8,8343.935159290833,7696.926477696962,35f6a6573ef9
17,3042,0.04,+/-20%,9,10012.722191149,10033.957768383694,35f6a6573ef9
17,3042,0.04,+/-20%,10,8010.1777529191995,8027.166217732719,35f6a6573ef9
17,3042,0.04,+/-20%,11,9296.741518439267,9315.281901063987,35f6a6573ef9
17,3042,0.04,+/-20%,12,8079.157136488219,8002.240909173313,35f6a6573ef9
17,3042,0.04,+/-20%,13,6463.325709190575,6940.645706489841,35f6a6573ef9
17,3042,0.04,+/-20%,14,6824.92403437863,6304.52167236419,35f6a6573ef9
17,3042,0.04,+/-20%,15,7983.571641006744,6939.883312675184,35f6a6573ef9
17,3042,0.06,NHF,1,36294.70893004733,36294.70893004733,35f6a6573ef9
17,3042,0.06,NHF,2,4587.511976402065,4587.511976402065,35f6a6573ef9
17,3042,0.06,NHF,3,4822.807921683138,4822.807921683138,35f6a6573ef9
17,3042,0.06,NHF,4,5855.299560159259,5855.299560159259,35f6a6573ef9
17,3042,0.06,NHF,5,4356.180865158477,4356.180865158477,35f6a6573ef9
17,3042,0.06,NHF,6,5166.961638006399,5166.961638006399,35f6a6573ef9
17,3042,0.06,NHF,7,11407.250563101088,11407.250563101088,35f6a6573ef9
17,3042,0.06,NHF,8,9077.761282193103,9077.761282193103,35f6a6573ef9
17,3042,0.06,NHF,9,15486.968265908003,15486.968265908003,35f6a6573ef9
17,3042,0.06,NHF,10,5779.39817143911,5779.39817143911,35f6a6573ef9
17,3042,0.06,NHF,11,5369.721305009505,5369.721305009505,35f6a6573ef9
17,3042,0.06,NHF,12,4837.3367356353365,4837.3367356353365,35f6a6573ef9
17,3042,0.06,NHF,13,9465.033220355463,9465.033220355463,35f6a6573ef9
17,3042,0.06,NHF,14,4635.6357144083195,4635.6357144083195,35f6a6573ef9
17,3042,0.06,NHF,15,10382.64548020774,10382.64548020774,35f6a6573ef9
17,3042,0.06,NDY,1,9945.135362321023,9945.135362321023,35f6a6573ef9
17,3042,0.06,NDY,2,9945.13536232102,9810.423083046677,35f6a6573ef9
17,3042,0.06,NDY,3,9945.135362321025,9708.01999073461,35f6a6573ef9
17,3042,0.06,NDY,4,9945.135362321023,9612.007591631798,35f6a6573ef9
17,3042,0.06,NDY,5,9945.135362321022,9500.174052578519,35f6a6573ef9
17,3042,0.06,NDY,6,9945.13536232102,9401.986707571801,35f6a6573ef9
17,3042,0.06,NDY,7,9945.135362321022,9294.393259643255,35f6a6573ef9
17,3042,0.06,NDY,8,9945.135362321022,9206.74745891491,35f6a6573ef9
17,3042,0.06,NDY,9,9945.135362321022,9125.850320996895,35f6a6573ef9
17,3042,0.06,NDY,10,9945.135362321022,9045.980192577112,35f6a6573ef9
17,3042,0.06,NDY,11,9945.135362321022,8979.022864588926,35f6a6573ef9
17,3042,0.06,NDY,12,9945.135362321023,8911.925430027328,35f6a6573ef9
17,3042,0.06,NDY,13,9945.135362321023,8840.638415985919,35f6a6573ef9
17,3042,0.06,NDY,14,9945.135362321023,8765.0448988636,35f6a6573ef9
17,3042,0.06,NDY,15,9945.135362321023,8702.429435184778,35f6a6573ef9
17,3042,0.06,-10%,1,15027.169718480998,15027.169718480998,35f6a6573ef9
17,3042,0.06,-10%,2,13524.452746632905,13506.830502301409,35f6a6573ef9
17,3042,0.06,-10%,3,12172.007471969619,12136.429210777866,35f6a6573ef9
17,3042,0.06,-10%,4,10954.806724772652,10915.458528960287,35f6a6573ef9
17,3042,0.06,-10%,5,9859.326052295388,9823.912678511722,35f6a6573ef9
17,3042,0.06,-10%,6,8873.393447065851,8841.521406226308,35f6a6573ef9
17,3042,0.06,-10%,7,7986.054102359266,7975.648343272992,35f6a6573ef9
17,3042,0.06,-10%,8,7187.448692123341,7178.0835099400965,35f6a6573ef9
17,3042,0.06,-10%,9,6468.703822911009,6460.275157126238,35f6a6573ef9
17,3042,0.06,-10%,10,8759.252964727646,8277.304499129808,35f6a6573ef9
17,3042,0.06,-10%,11,8677.891008076556,9668.107303720866,35f6a6573ef9
17,3042,0.06,-10%,12,8199.38583609402,8701.29657383854,35f6a6573ef9
17,3042,0.06,-10%,13,8791.13973498259,8038.709083694368,35f6a6573ef9
17,3042,0.06,-10%,14,7912.025761484335,7234.465438119376,35f6a6573ef9
17,3042,0.06,-10%,15,7751.776042422013,6511.01889371322,35f6a6573ef9
17,3042,0.06,-20%,1,18329.808208334867,18329.808208334867,35f6a6573ef9
17,3042,0.06,-20%,2,14663.846566667899,14628.568213471863,35f6a6573ef9
17,3042,0.06,-20%,3,11731.077253334319,11683.707161829587,35f6a6573ef9
17,3042,0.06,-20%,4,9384.861802667456,9340.26239048851,35f6a6573ef9
17,3042,0.06,-20%,5,7507.889442133965,7472.209914376611,35f6a6573ef9
17,3042,0.06,-20%,6,6006.3115537071735,5977.767929854626,35f6a6573ef9
17,3042,0.06,-20%,7,7756.018996781965,7756.018996781963,35f6a6573ef9
17,3042,0.06,-20%,8,6780.257465652012,6507.924292006649,35f6a6573ef9
17,3042,0.06,-20%,9,11013.025956914378,10827.020543946755,35f6a6573ef9
17,3042,0.06,-20%,10,8810.420765531502,9823.207323344228,35f6a6573ef9
17,3042,0.06,-20%,11,8302.74460725543,8327.175641724225,35f6a6573ef9
17,3042,0.06,-20%,12,8464.77265855092,8072.717321562614,35f6a6573ef9
17,3042,0.06,-20%,13,6771.818126840736,6458.173857956044,35f6a6573ef9
17,3042,0.06,-20%,14,5466.000339694014,5193.667166048651,35f6a6573ef9
17,3042,0.06,-20%,15,8571.150767777779,8039.367269904836,35f6a6573ef9
17,3042,0.06,+/-10%,1,15023.030103187355,15023.030103187355,35f6a6573ef9
17,3042,0.06,+/-10%,2,13520.727092868628,13505.432990602225,35f6a6573ef9
17,3042,0.06,+/-10%,3,12168.654383581757,12137.261656047262,35f6a6573ef9
17,3042,0.06,+/-10%,4,10951.788945223585,10911.39685239561,35f6a6573ef9
17,3042,0.06,+/-10%,5,9856.610050701225,9820.257166554711,35f6a6573ef9
17,3042,0.06,+/-10%,6,8870.949045631103,8838.23144791719,35f6a6573ef9
17,3042,0.06,+/-10%,7,7983.854141067993,7974.823127075836,35f6a6573ef9
17,3042,0.06,+/-10%,8,7185.468726961194,7177.340818663812,35f6a6573ef9
17,3042,0.06,+/-10%,9,7016.582006977372,7035.727905854912,35f6a6573ef9
17,3042,0.06,+/-10%,10,7718.240207675108,7739.300694534521,35f6a6573ef9
17,3042,0.06,+/-10%,11,8490.06422844262,9069.623624207406,35f6a6573ef9
17,3042,0.06,+/-10%,12,9069.825936032921,8840.677459276156,35f6a6573ef9
17,3042,0.06,+/-10%,13,8862.433268437797,8401.833847058648,35f6a6573ef9
17,3042,0.06,+/-10%,14,7976.189941594021,7310.534278001358,35f6a6573ef9
17,3042,0.06,+/-10%,15,7578.137223925208,6579.480853248616,35f6a6573ef9
17,3042,0.06,+/-20%,1,18315.297019156053,18315.297019156053,35f6a6573ef9
17,3042,0.06,+/-20%,2,14652.237615324846,14614.94834406474,35f6a6573ef9
17,3042,0.06,+/-20%,3,11721.790092259878,11673.537781245992,35f6a6573ef9
17,3042,0.06,+/-20%,4,9377.432073807902,9337.556393449026,35f6a6573ef9
17,3042,0.06,+/-20%,5,7501.945659046322,7470.045116099514,35f6a6573ef9
17,3042,0.06,+/-20%,6,6001.55652723706,5976.03609455799,35f6a6573ef9
17,3042,0.06,+/-20%,7,7201.86783268447,7201.867832178678,35f6a6573ef9
17,3042,0.06,+/-20%,8,8290.498076766362,8290.498077272154,35f6a6573ef9
17,3042,0.06,+/-20%,9,9948.597692119632,9813.150385685442,35f6a6573ef9
17,3042,0.06,+/-20%,10,8181.377772208806,8998.13141363439,35f6a6573ef9
17,3042,0.06,+/-20%,11,9501.788555628738,9141.74136860422,35f6a6573ef9
17,3042,0.06,+/-20%,12,8011.659466811381,7634.485116575681,35f6a6573ef9
17,3042,0.06,+/-20%,13,6409.327573449104,6138.2126187686345,35f6a6573ef9
17,3042,0.06,+/-20%,14,6560.658364174612,6560.658364680405,35f6a6573ef9
17,3042,0.06,+/-20%,15,7872.790037009533,6226.665665681109,35f6a6573ef9
17,4042,0.0,NHF,1,2137.6372483,2137.6372483,35f6a6573ef9
17,4042,0.0,NHF,2,2102.768774765,181.809236,35f6a6573ef9
17,4042,0.0,NHF,3,7334.057615709658,101.64614395,35f6a6573ef9
17,4042,0.0,NHF,4,5751.1654508825,9280.593139289129,35f6a6573ef9
17,4042,0.0,NHF,5,31483.92839795698,20800.31770366304,35f6a6573ef9
17,4042,0.0,NHF,6,9313.382488652735,11042.711928430173,35f6a6573ef9
17,4042,0.0,NHF,7,23750.68394084647,10155.04173529669,35f6a6573ef9
17,4042,0.0,NHF,8,7294.410544168491,9529.061067173227,35f6a6573ef9
17,4042,0.0,NHF,9,4828.815414638338,11271.284264997577,35f6a6573ef9
17,4042,0.0,NHF,10,972.1565764899999,8265.854582737462,35f6a6573ef9
17,4042,0.0,NHF,11,204.89861728,12056.860881574565,35f6a6573ef9
17,4042,0.0,NHF,12,1494.3088225225,7525.015126797053,35f6a6573ef9
17,4042,0.0,NHF,13,1349.5068318575,6497.915786655862,35f6a6573ef9
17,4042,0.0,NHF,14,4872.973304654545,6993.96901413851,35f6a6573ef9
17,4042,0.0,NHF,15,74924.61347851552,6673.09474051859,35f6a6573ef9
17,4042,0.0,NDY,1,5399.082930653929,5399.082930653929,35f6a6573ef9
17,4042,0.0,NDY,2,10808.399486149978,9057.478183582884,35f6a6573ef9
17,4042,0.0,NDY,3,10808.399486149976,9115.496373977981,35f6a6573ef9
17,4042,0.0,NDY,4,10808.399486149976,9095.366539365272,35f6a6573ef9
17,4042,0.0,NDY,5,10808.399486149978,10576.437001044822,35f6a6573ef9
17,4042,0.0,NDY,6,10808.399486149978,10369.28215084126,35f6a6573ef9
17,4042,0.0,NDY,7,10808.39948614997,10196.34166944717,35f6a6573ef9
17,4042,0.0,NDY,8,10808.399486149976,9947.419989680086,35f6a6573ef9
17,4042,0.0,NDY,9,10808.39948614998,9657.921223437135,35f6a6573ef9
17,4042,0.0,NDY,10,10808.399486149972,9564.750830736306,35f6a6573ef9
17,4042,0.0,NDY,11,10808.399486149972,9264.962177107405,35f6a6573ef9
17,4042,0.0,NDY,12,10808.399486149976,8856.749441414519,35f6a6573ef9
17,4042,0.0,NDY,13,10808.399486149976,8711.139552093196,35f6a6573ef9
17,4042,0.0,NDY,14,10808.399486149974,8482.67066702171,35f6a6573ef9
17,4042,0.0,NDY,15,10808.399486149978,8482.670668478006,35f6a6573ef9
17,4042,0.0,-10%,1,3927.5156818190226,3927.5156818190226,35f6a6573ef9
17,4042,0.0,-10%,2,3534.76411363712,3534.764112335,35f6a6573ef9
17,4042,0.0,-10%,3,7004.874707441181,6447.218777875627,35f6a6573ef9
17,4042,0.0,-10%,4,15342.347789401438,15646.669089198645,35f6a6573ef9
17,4042,0.0,-10%,5,13808.113010461295,14243.018370563592,35f6a6573ef9
17,4042,0.0,-10%,6,12427.301709415166,13065.118899758545,35f6a6573ef9
17,4042,0.0,-10%,7,11184.57153847365,11923.455303396728,35f6a6573ef9
17,4042,0.0,-10%,8,10066.114384626286,9796.876848982729,35f6a6573ef9
17,4042,0.0,-10%,9,9059.502946163657,10328.414782055932,35f6a6573ef9
17,4042,0.0,-10%,10,8153.552651547293,8117.075621243807,35f6a6573ef9
17,4042,0.0,-10%,11,11970.278406324704,7486.107228861467,35f6a6573ef9
17,4042,0.0,-10%,12,14826.336743689959,6067.12022161534,35f6a6573ef9
17,4042,0.0,-10%,13,13343.703069320964,7295.0840337115105,35f6a6573ef9
17,4042,0.0,-10%,14,12009.332762388865,5862.25241284,35f6a6573ef9
17,4042,0.0,-10%,15,10808.39948614998,9602.378006169418,35f6a6573ef9
17,4042,0.0,-20%,1,3644.32150667,3644.32150667,35f6a6573ef9
17,4042,0.0,-20%,2,3486.1473802342625,3426.663973215,35f6a6573ef9
17,4042,0.0,-20%,3,2788.9179041874104,5881.13866927,35f6a6573ef9
17,4042,0.0,-20%,4,14740.67571762779,12966.810244884808,35f6a6573ef9
17,4042,0.0,-20%,5,18350.33342373119,19110.0175845394,35f6a6573ef9
17,4042,0.0,-20%,6,14680.266738984954,14201.604823788568,35f6a6573ef9
17,4042,0.0,-20%,7,11744.213391187965,11156.567285800487,35f6a6573ef9
17,4042,0.0,-20%,8,9395.370712950371,10087.257167345017,35f6a6573ef9
17,4042,0.0,-20%,9,7516.296570360298,7914.95909641787,35f6a6573ef9
17,4042,0.0,-20%,10,7471.926283902762,6876.435897047763,35f6a6573ef9
17,4042,0.0,-20%,11,8160.3453577998625,8077.052728660122,35f6a6573ef9
17,4042,0.0,-20%,12,14002.78584117988,7997.960484467817,35f6a6573ef9
17,4042,0.0,-20%,13,16888.124197109344,6491.854249956371,35f6a6573ef9
17,4042,0.0,-20%,14,13510.499357687475,8117.6118119197145,35f6a6573ef9
17,4042,0.0,-20%,15,10808.399486149978,7492.98235859355,35f6a6573ef9
17,4042,0.0,+/-10%,1,6983.074940091067,6983.074940091067,35f6a6573ef9
17,4042,0.0,+/-10%,2,7681.382434100176,7797.998606006646,35f6a6573ef9
17,4042,0.0,+/-10%,3,8449.520677510194,8901.387905907697,35f6a6573ef9
17,4042,0.0,+/-10%,4,9294.472745261215,9935.40372826643,35f6a6573ef9
17,4042,0.0,+/-10%,5,10223.920019787338,12861.081859294518,35f6a6573ef9
17,4042,0.0,+/-10%,6,11246.312021766073,11866.1173199915,35f6a6573ef9
17,4042,0.0,+/-10%,7,11560.346253520107,10398.087346701785,35f6a6573ef9
17,4042,0.0,+/-10%,8,10404.311628168098,9198.099596220647,35f6a6573ef9
17,4042,0.0,+/-10%,9,9948.549511758509,9426.783688434905,35f6a6573ef9
17,4042,0.0,+/-10%,10,10943.404462934366,8782.642998772955,35f6a6573ef9
17,4042,0.0,+/-10%,11,12037.744909227804,8166.490585722362,35f6a6573ef9
17,4042,0.0,+/-10%,12,13241.519400150586,7085.366333547579,35f6a6573ef9
17,4042,0.0,+/-10%,13,13343.703069320962,7557.5756741574405,35f6a6573ef9
17,4042,0.0,+/-10%,14,12009.33276238886,8614.373878355007,35f6a6573ef9
17,4042,0.0,+/-10%,15,10808.399486149974,9842.711432560147,35f6a6573ef9
17,4042,0.0,+/-20%,1,5677.58956172465,5677.58956172465,35f6a6573ef9
17,4042,0.0,+/-20%,2,6813.107474069579,7103.712475293435,35f6a6573ef9
17,4042,0.0,+/-20%,3,8175.728968883495,9060.379855029956,35f6a6573ef9
17,4042,0.0,+/-20%,4,9810.874762660194,11087.161422108413,35f6a6573ef9
17,4042,0.0,+/-20%,5,11773.049715192232,15380.349798508549,35f6a6573ef9
17,4042,0.0,+/-20%,6,14127.65965823068,9980.347601216423,35f6a6573ef9
17,4042,0.0,+/-20%,7,11396.706681735355,9484.103347811242,35f6a6573ef9
17,4042,0.0,+/-20%,8,9117.365345388285,9374.744379282201,35f6a6573ef9
17,4042,0.0,+/-20%,9,8423.106969491668,9338.621801934452,35f6a6573ef9
17,4042,0.0,+/-20%,10,9075.332156266466,9008.768956819858,35f6a6573ef9
17,4042,0.0,+/-20%,11,10890.398587519758,7836.47256221678,35f6a6573ef9
17,4042,0.0,+/-20%,12,13068.478305023704,8731.443211214313,35f6a6573ef9
17,4042,0.0,+/-20%,13,15682.173966028446,6877.799368667084,35f6a6573ef9
17,4042,0.0,+/-20%,14,13510.49935768747,8138.946445131888,35f6a6573ef9
17,4042,0.0,+/-20%,15,10808.399486149978,9277.523131483656,35f6a6573ef9
17,4042,0.02,NHF,1,34990.73525685753,34990.73525685753,35f6a6573ef9
17,4042,0.02,NHF,2,4362.553242416198,5378.112786644249,35f6a6573ef9
17,4042,0.02,NHF,3,7450.050704465717,6460.4380017627955,35f6a6573ef9
17,4042,0.02,NHF,4,3972.6101120700346,4905.663393448932,35f6a6573ef9
17,4042,0.02,NHF,5,15216.250671293308,13883.647037692243,35f6a6573ef9
17,4042,0.02,NHF,6,3168.53789190212,3168.53789190212,35f6a6573ef9
17,4042,0.02,NHF,7,9441.754186634149,9441.754186634149,35f6a6573ef9
17,4042,0.02,NHF,8,10442.896754511465,10442.896754511465,35f6a6573ef9
17,4042,0.02,NHF,9,12377.14564430261,12169.391468608148,35f6a6573ef9
17,4042,0.02,NHF,10,2665.663535135518,3761.1044000433835,35f6a6573ef9
17,4042,0.02,NHF,11,5281.815195482773,7731.703564869903,35f6a6573ef9
17,4042,0.02,NHF,12,5718.647060316382,4306.180768652964,35f6a6573ef9
17,4042,0.02,NHF,13,15535.45920480882,14994.046609735036,35f6a6573ef9
17,4042,0.02,NHF,14,5442.87970678325,3125.8910171332304,35f6a6573ef9
17,4042,0.02,NHF,15,13877.044956968457,11853.367790389726,35f6a6573ef9
17,4042,0.02,NDY,1,10426.73786787933,10426.73786787933,35f6a6573ef9
17,4042,0.02,NDY,2,10426.737867879332,10318.368210515804,35f6a6573ef9
17,4042,0.02,NDY,3,10426.737867879332,10217.426711565638,35f6a6573ef9
17,4042,0.02,NDY,4,10426.737867879332,10118.293729548983,35f6a6573ef9
17,4042,0.02,NDY,5,10426.737867879332,10016.534331609426,35f6a6573ef9
17,4042,0.02,NDY,6,10426.73786787933,9925.363837071905,35f6a6573ef9
17,4042,0.02,NDY,7,10426.73786787933,9843.642659888792,35f6a6573ef9
17,4042,0.02,NDY,8,10426.73786787933,9763.587363111315,35f6a6573ef9
17,4042,0.02,NDY,9,10426.737867879332,9691.752817438397,35f6a6573ef9
17,4042,0.02,NDY,10,10426.737867879336,9616.04545929827,35f6a6573ef9
17,4042,0.02,NDY,11,10426.737867879327,9550.800945593215,35f6a6573ef9
17,4042,0.02,NDY,12,10426.737867879328,9487.929660805787,35f6a6573ef9
17,4042,0.02,NDY,13,10426.73786787933,9425.154695602047,35f6a6573ef9
17,4042,0.02,NDY,14,10426.73786787933,9365.4847751034,35f6a6573ef9
17,4042,0.02,NDY,15,10426.737867879334,9307.263442547148,35f6a6573ef9
17,4042,0.02,-10%,1,15992.295933362075,15992.295933362075,35f6a6573ef9
17,4042,0.02,-10%,2,14393.066340025875,14396.137340935513,35f6a6573ef9
17,4042,0.02,-10%,3,12953.759706023284,12917.254477936727,35f6a6573ef9
17,4042,0.02,-10%,4,11658.383735420957,11619.784011102227,35f6a6573ef9
17,4042,0.02,-10%,5,10492.545361878862,10437.554258563825,35f6a6573ef9
17,4042,0.02,-10%,6,9443.290825690974,9392.054247544398,35f6a6573ef9
17,4042,0.02,-10%,7,8498.961743121876,8452.848824643092,35f6a6573ef9
17,4042,0.02,-10%,8,7649.065568809693,7650.697626177323,35f6a6573ef9
17,4042,0.02,-10%,9,6884.159011928724,6885.627859188833,35f6a6573ef9
17,4042,0.02,-10%,10,6195.74311073585,7635.753935376458,35f6a6573ef9
17,4042,0.02,-10%,11,8410.430172438171,6872.1785386107695,35f6a6573ef9
17,4042,0.02,-10%,12,9835.205050772873,9229.116146037857,35f6a6573ef9
17,4042,0.02,-10%,13,9499.480718059474,9813.769154410376,35f6a6573ef9
17,4042,0.02,-10%,14,8549.532646253525,8832.392236103113,35f6a6573ef9
17,4042,0.02,-10%,15,7694.5793816281775,8025.4063206195615,35f6a6573ef9
17,4042,0.02,-20%,1,19699.669741337657,19699.669741337657,35f6a6573ef9
17,4042,0.02,-20%,2,15759.735793070111,15734.937706726327,35f6a6573ef9
17,4042,0.02,-20%,3,12607.788634456096,12560.692622633465,35f6a6573ef9
17,4042,0.02,-20%,4,10086.230907564875,10046.061773846024,35f6a6573ef9
17,4042,0.02,-20%,5,8068.984726051912,8027.364539726089,35f6a6573ef9
17,4042,0.02,-20%,6,6455.187780841509,6421.891629539346,35f6a6573ef9
17,4042,0.02,-20%,7,7612.996529713528,7612.996529713528,35f6a6573ef9
17,4042,0.02,-20%,8,8488.297801194063,8488.29780204416,35f6a6573ef9
17,4042,0.02,-20%,9,6790.63824095525,8195.354496061938,35f6a6573ef9
17,4042,0.02,-20%,10,9285.19515137128,8269.869652838584,35f6a6573ef9
17,4042,0.02,-20%,11,8784.40025733017,7907.1780284934985,35f6a6573ef9
17,4042,0.02,-20%,12,9064.994164778203,8880.34060293408,35f6a6573ef9
17,4042,0.02,-20%,13,8609.287034879944,8986.36398478395,35f6a6573ef9
17,4042,0.02,-20%,14,6887.429627903947,7189.091191108353,35f6a6573ef9
17,4042,0.02,-20%,15,9148.19789105512,8913.472850578271,35f6a6573ef9
17,4042,0.02,+/-10%,1,15977.891241566365,15977.891241566365,35f6a6573ef9
17,4042,0.02,+/-10%,2,14380.102117409728,14380.619256959737,35f6a6573ef9
17,4042,0.02,+/-10%,3,12942.091905668756,12908.229508104647,35f6a6573ef9
17,4042,0.02,+/-10%,4,11647.882715101878,11617.619690706957,35f6a6573ef9
17,4042,0.02,+/-10%,5,10483.094443591694,10430.577771569808,35f6a6573ef9
17,4042,0.02,+/-10%,6,9434.784999232525,9389.122086332673,35f6a6573ef9
17,4042,0.02,+/-10%,7,8491.306499309272,8450.209880082177,35f6a6573ef9
17,4042,0.02,+/-10%,8,7642.175849378346,7642.450676011973,35f6a6573ef9
17,4042,0.02,+/-10%,9,6877.958264440511,6700.64832090275,35f6a6573ef9
17,4042,0.02,+/-10%,10,7213.403775112216,7320.516308939572,35f6a6573ef9
17,4042,0.02,+/-10%,11,7934.74415262344,8052.567936066743,35f6a6573ef9
17,4042,0.02,+/-10%,12,8728.21856788578,8987.906254337608,35f6a6573ef9
17,4042,0.02,+/-10%,13,9601.040424674364,9589.300307047191,35f6a6573ef9
17,4042,0.02,+/-10%,14,8876.749245842835,8742.469855876672,35f6a6573ef9
17,4042,0.02,+/-10%,15,7989.074321258554,7859.395045441523,35f6a6573ef9
17,4042,0.02,+/-20%,1,19699.335694953337,19699.335694953337,35f6a6573ef9
17,4042,0.02,+/-20%,2,15759.468555962672,15736.788397760618,35f6a6573ef9
17,4042,0.02,+/-20%,3,12607.574844770137,12562.004954452817,35f6a6573ef9
17,4042,0.02,+/-20%,4,10086.059875816107,10047.12026414168,35f6a6573ef9
17,4042,0.02,+/-20%,5,8068.847900652889,8028.207137478706,35f6a6573ef9
17,4042,0.02,+/-20%,6,6455.07832052231,6422.565708444946,35f6a6573ef9
17,4042,0.02,+/-20%,7,7612.996529713528,7612.996529713528,35f6a6573ef9
17,4042,0.02,+/-20%,8,8259.456090727559,8260.974980560073,35f6a6573ef9
17,4042,0.02,+/-20%,9,7389.697112714387,8623.409614708875,35f6a6573ef9
17,4042,0.02,+/-20%,10,8867.636535257263,8077.868891194202,35f6a6573ef9
17,4042,0.02,+/-20%,11,8711.341079663123,7897.773573731052,35f6a6573ef9
17,4042,0.02,+/-20%,12,9185.484451363584,8880.461414016861,35f6a6573ef9
17,4042,0.02,+/-20%,13,8059.566046522369,8950.263232516674,35f6a6573ef9
17,4042,0.02,+/-20%,14,7561.633751994904,7235.926868318738,35f6a6573ef9
17,4042,0.02,+/-20%,15,9073.960502393888,8683.112244613416,35f6a6573ef9
17,4042,0.04,NHF,1,39301.43237411506,39301.43237411506,35f6a6573ef9
17,4042,0.04,NHF,2,6114.2439565721625,6114.2439565721625,35f6a6573ef9
17,4042,0.04,NHF,3,6813.483997898613,6813.483997898613,35f6a6573ef9
17,4042,0.04,NHF,4,3362.9974703619637,3362.9974703619637,35f6a6573ef9
17,4042,0.04,NHF,5,5387.650278975756,5387.650278975756,35f6a6573ef9
17,4042,0.04,NHF,6,3168.53789190212,3168.53789190212,35f6a6573ef9
17,4042,0.04,NHF,7,9681.774569630616,9681.774569630617,35f6a6573ef9
17,4042,0.04,NHF,8,12056.07995748764,12056.07995748764,35f6a6573ef9
17,4042,0.04,NHF,9,15346.986532764251,15346.986532764251,35f6a6573ef9
17,4042,0.04,NHF,10,4619.154557288221,4619.154557288221,35f6a6573ef9
17,4042,0.04,NHF,11,6524.0179482671065,6524.017948267107,35f6a6573ef9
17,4042,0.04,NHF,12,4374.196991189839,4374.196991189839,35f6a6573ef9
17,4042,0.04,NHF,13,10484.88757942384,10484.887579423841,35f6a6573ef9
17,4042,0.04,NHF,14,4264.554088800637,4264.554088800637,35f6a6573ef9
17,4042,0.04,NHF,15,12227.091764897847,12227.091764897847,35f6a6573ef9
17,4042,0.04,NDY,1,10365.844899735084,10365.844899735084,35f6a6573ef9
17,4042,0.04,NDY,2,10365.844899735097,10236.229538714617,35f6a6573ef9
17,4042,0.04,NDY,3,10365.844899735093,10108.445277393554,35f6a6573ef9
17,4042,0.04,NDY,4,10365.844899735093,9994.280114343022,35f6a6573ef9
17,4042,0.04,NDY,5,10365.84489973509,9867.155585342036,35f6a6573ef9
17,4042,0.04,NDY,6,10365.844899735093,9758.703942056467,35f6a6573ef9
17,4042,0.04,NDY,7,10365.84489973509,9656.91576525423,35f6a6573ef9
17,4042,0.04,NDY,8,10365.844899735095,9541.66738315077,35f6a6573ef9
17,4042,0.04,NDY,9,10365.844899735095,9443.868977592747,35f6a6573ef9
17,4042,0.04,NDY,10,10365.844899735092,9376.435594635299,35f6a6573ef9
17,4042,0.04,NDY,11,10365.84489973509,9293.928469655391,35f6a6573ef9
17,4042,0.04,NDY,12,10365.844899735092,9210.599164982399,35f6a6573ef9
17,4042,0.04,NDY,13,10365.84489973509,9131.031139097831,35f6a6573ef9
17,4042,0.04,NDY,14,10365.844899735093,9067.506182810432,35f6a6573ef9
17,4042,0.04,NDY,15,10365.84489973509,8997.330669012386,35f6a6573ef9
17,4042,0.04,-10%,1,15982.246248730253,15982.246248730253,35f6a6573ef9
17,4042,0.04,-10%,2,14384.021623857228,14376.423391189337,35f6a6573ef9
17,4042,0.04,-10%,3,12945.619461471504,12931.920036560097,35f6a6573ef9
17,4042,0.04,-10%,4,11651.057515324352,11629.232584263027,35f6a6573ef9
17,4042,0.04,-10%,5,10485.951763791918,10451.528098626597,35f6a6573ef9
17,4042,0.04,-10%,6,9437.356587412727,9405.807243207046,35f6a6573ef9
17,4042,0.04,-10%,7,8493.620928671451,8465.226521945466,35f6a6573ef9
17,4042,0.04,-10%,8,7644.258835804311,7636.169462350818,35f6a6573ef9
17,4042,0.04,-10%,9,6879.832952223878,6872.552519620874,35f6a6573ef9
17,4042,0.04,-10%,10,6191.849657001489,6185.297261465069,35f6a6573ef9
17,4042,0.04,-10%,11,6959.655789356473,7008.714137370186,35f6a6573ef9
17,4042,0.04,-10%,12,8953.327309005508,9806.337343563337,35f6a6573ef9
17,4042,0.04,-10%,13,10359.320096122567,9806.980629974032,35f6a6573ef9
17,4042,0.04,-10%,14,9323.38808651031,8816.66053610947,35f6a6573ef9
17,4042,0.04,-10%,15,8391.049277859282,7924.016829149817,35f6a6573ef9
17,4042,0.04,-20%,1,19707.68093175571,19707.68093175571,35f6a6573ef9
17,4042,0.04,-20%,2,15766.144745404572,15762.746725813604,35f6a6573ef9
17,4042,0.04,-20%,3,12612.915796323658,12603.433857425056,35f6a6573ef9
17,4042,0.04,-20%,4,10090.332637058924,10080.433395150261,35f6a6573ef9
17,4042,0.04,-20%,5,8072.266109647142,8064.346722500261,35f6a6573ef9
17,4042,0.04,-20%,6,6457.812887717712,6451.477373395742,35f6a6573ef9
17,4042,0.04,-20%,7,6550.613823559503,6550.613823559503,35f6a6573ef9
17,4042,0.04,-20%,8,8438.162472726417,8678.182855722884,35f6a6573ef9
17,4042,0.04,-20%,9,8521.787256421288,8020.883801085611,35f6a6573ef9
17,4042,0.04,-20%,10,9882.190401569833,10079.904996032128,35f6a6573ef9
17,4042,0.04,-20%,11,7934.016079967178,8063.923996781255,35f6a6573ef9
17,4042,0.04,-20%,12,8077.869675258999,8464.574174820498,35f6a6573ef9
17,4042,0.04,-20%,13,8528.898522626276,8325.81525504968,35f6a6573ef9
17,4042,0.04,-20%,14,6823.118818101021,6660.652205639853,35f6a6573ef9
17,4042,0.04,-20%,15,9267.3837834165,8225.844914784173,35f6a6573ef9
17,4042,0.04,+/-10%,1,15978.3388965684,15978.3388965684,35f6a6573ef9
17,4042,0.04,+/-10%,2,14380.505006911562,14375.47281213098,35f6a6573ef9
17,4042,0.04,+/-10%,3,12942.454506220409,12930.685185593135,35f6a6573ef9
17,4042,0.04,+/-10%,4,11648.209055598365,11636.710219785848,35f6a6573ef9
17,4042,0.04,+/-10%,5,10483.38815003853,10470.186481106237,35f6a6573ef9
17,4042,0.04,+/-10%,6,9435.049335034677,9421.751635062092,35f6a6573ef9
17,4042,0.04,+/-10%,7,8491.544401531208,8479.576473382675,35f6a6573ef9
17,4042,0.04,+/-10%,8,7642.38996137809,7635.440293793057,35f6a6573ef9
17,4042,0.04,+/-10%,9,6878.15096524028,6871.896261047465,35f6a6573ef9
17,4042,0.04,+/-10%,10,6703.248780390033,6734.142488303796,35f6a6573ef9
17,4042,0.04,+/-10%,11,7373.573658429035,7407.556738205842,35f6a6573ef9
17,4042,0.04,+/-10%,12,8110.931024271939,8148.312411158073,35f6a6573ef9
17,4042,0.04,+/-10%,13,8922.024126699136,10115.595899281649,35f6a6573ef9
17,4042,0.04,+/-10%,14,9814.226539369047,9012.429163921503,35f6a6573ef9
17,4042,0.04,+/-10%,15,9734.66939942888,8085.414725148831,35f6a6573ef9
17,4042,0.04,+/-20%,1,19705.247472025567,19705.247472025567,35f6a6573ef9
17,4042,0.04,+/-20%,2,15764.197977620457,15762.760574867545,35f6a6573ef9
17,4042,0.04,+/-20%,3,12611.358382096369,12605.734680289983,35f6a6573ef9
17,4042,0.04,+/-20%,4,10089.086705677093,10079.247989729336,35f6a6573ef9
17,4042,0.04,+/-20%,5,8071.269364541677,8062.709125769498,35f6a6573ef9
17,4042,0.04,+/-20%,6,6457.01549163334,6450.167300173846,35f6a6573ef9
17,4042,0.04,+/-20%,7,6733.328730875892,6733.328729719737,35f6a6573ef9
17,4042,0.04,+/-20%,8,8079.994477051073,8079.994473357249,35f6a6573ef9
17,4042,0.04,+/-20%,9,8651.705806633803,8608.979164178141,35f6a6573ef9
17,4042,0.04,+/-20%,10,9965.09412094348,9948.493062063197,35f6a6573ef9
17,4042,0.04,+/-20%,11,7972.075296754788,7958.794455545001,35f6a6573ef9
17,4042,0.04,+/-20%,12,8003.094389041971,8652.112138800965,35f6a6573ef9
17,4042,0.04,+/-20%,13,7774.749306939833,8112.510875272648,35f6a6573ef9
17,4042,0.04,+/-20%,14,7707.286177859417,6490.008701680608,35f6a6573ef9
17,4042,0.04,+/-20%,15,9248.743413431303,8425.493738793868,35f6a6573ef9
17,4042,0.06,NHF,1,39301.43237411506,39301.43237411506,35f6a6573ef9
17,4042,0.06,NHF,2,6114.2439565721625,6114.2439565721625,35f6a6573ef9
17,4042,0.06,NHF,3,6813.483997898613,6813.483997898613,35f6a6573ef9
17,4042,0.06,NHF,4,3362.9974703619637,3362.9974703619637,35f6a6573ef9
17,4042,0.06,NHF,5,5387.650278975756,5387.650278975756,35f6a6573ef9
17,4042,0.06,NHF,6,3168.53789190212,3168.53789190212,35f6a6573ef9
17,4042,0.06,NHF,7,9681.774569630616,9681.774569630617,35f6a6573ef9
17,4042,0.06,NHF,8,12056.07995748764,12056.07995748764,35f6a6573ef9
17,4042,0.06,NHF,9,15346.986532764251,15346.986532764251,35f6a6573ef9
17,4042,0.06,NHF,10,4619.154557288221,4619.154557288221,35f6a6573ef9
17,4042,0.06,NHF,11,6524.0179482671065,6524.017948267107,35f6a6573ef9
17,4042,0.06,NHF,12,4374.196991189839,4374.196991189839,35f6a6573ef9
17,4042,0.06,NHF,13,10484.88757942384,10484.887579423841,35f6a6573ef9
17,4042,0.06,NHF,14,4264.554088800637,4264.554088800637,35f6a6573ef9
17,4042,0.06,NHF,15,12227.091764897847,12227.091764897847,35f6a6573ef9
17,4042,0.06,NDY,1,10315.715415076354,10315.715415076354,35f6a6573ef9
17,4042,0.06,NDY,2,10315.715415076353,10139.475940324735,35f6a6573ef9
17,4042,0.06,NDY,3,10315.715415076354,9997.665989302237,35f6a6573ef9
17,4042,0.06,NDY,4,10315.715415076353,9876.431381846622,35f6a6573ef9
17,4042,0.06,NDY,5,10315.715415076354,9744.847607836127,35f6a6573ef9
17,4042,0.06,NDY,6,10315.715415076354,9630.813620450996,35f6a6573ef9
17,4042,0.06,NDY,7,10315.715415076353,9516.467648232692,35f6a6573ef9
17,4042,0.06,NDY,8,10315.715415076353,9416.163227994512,35f6a6573ef9
17,4042,0.06,NDY,9,10315.715415076353,9314.327110931288,35f6a6573ef9
17,4042,0.06,NDY,10,10315.715415076353,9254.219764513857,35f6a6573ef9
17,4042,0.06,NDY,11,10315.71541507635,9181.206127791542,35f6a6573ef9
17,4042,0.06,NDY,12,10315.715415076353,9090.954234747434,35f6a6573ef9
17,4042,0.06,NDY,13,10315.715415076353,9029.421770747887,35f6a6573ef9
17,4042,0.06,NDY,14,10315.715415076353,8968.068542289708,35f6a6573ef9
17,4042,0.06,NDY,15,10315.71541507635,8890.86789409535,35f6a6573ef9
17,4042,0.06,-10%,1,15906.384603909311,15906.384603909311,35f6a6573ef9
17,4042,0.06,-10%,2,14315.746143518385,14301.724275445504,35f6a6573ef9
17,4042,0.06,-10%,3,12884.171529166539,12815.057623585832,35f6a6573ef9
17,4042,0.06,-10%,4,11595.754376249888,11515.831616745863,35f6a6573ef9
17,4042,0.06,-10%,5,10436.178938624902,10351.094078986134,35f6a6573ef9
17,4042,0.06,-10%,6,9392.561044762413,9315.984672883618,35f6a6573ef9
17,4042,0.06,-10%,7,8453.30494028617,8384.386207433063,35f6a6573ef9
17,4042,0.06,-10%,8,7607.974446257555,7567.163375349152,35f6a6573ef9
17,4042,0.06,-10%,9,6847.177001631799,6810.4470392870735,35f6a6573ef9
17,4042,0.06,-10%,10,6162.459301468619,6129.402335921512,35f6a6573ef9
17,4042,0.06,-10%,11,8004.424475846726,7433.076396885766,35f6a6573ef9
17,4042,0.06,-10%,12,7895.798572630495,10113.164841789361,35f6a6573ef9
17,4042,0.06,-10%,13,10504.361632379656,9645.265942524997,35f6a6573ef9
17,4042,0.06,-10%,14,9453.92546914169,8672.800495977013,35f6a6573ef9
17,4042,0.06,-10%,15,8508.532922227525,7805.520445984341,35f6a6573ef9
17,4042,0.06,-20%,1,19646.24978368992,19646.24978368992,35f6a6573ef9
17,4042,0.06,-20%,2,15716.999826951938,15704.044092151911,35f6a6573ef9
17,4042,0.06,-20%,3,12573.599861561554,12518.801446071222,35f6a6573ef9
17,4042,0.06,-20%,4,10058.879889249238,10001.733066685845,35f6a6573ef9
17,4042,0.06,-20%,5,8047.103911399394,7998.375080349932,35f6a6573ef9
17,4042,0.06,-20%,6,6437.683129119513,6398.700066117485,35f6a6573ef9
17,4042,0.06,-20%,7,5150.146503295613,5150.146504457312,35f6a6573ef9
17,4042,0.06,-20%,8,9766.258273571888,9766.258272410189,35f6a6573ef9
17,4042,0.06,-20%,9,9986.29715915203,9182.24305070034,35f6a6573ef9
17,4042,0.06,-20%,10,9232.03619391097,10006.555325135005,35f6a6573ef9
17,4042,0.06,-20%,11,7385.6289551287755,8022.057898785532,35f6a6573ef9
17,4042,0.06,-20%,12,8132.528425567794,8297.93900275392,35f6a6573ef9
17,4042,0.06,-20%,13,7998.775947274353,7488.328152842412,35f6a6573ef9
17,4042,0.06,-20%,14,6399.020757819481,5990.662523186484,35f6a6573ef9
17,4042,0.06,-20%,15,9494.179019036252,8345.53527415593,35f6a6573ef9
17,4042,0.06,+/-10%,1,15903.779486403273,15903.779486403273,35f6a6573ef9
17,4042,0.06,+/-10%,2,14313.401537762958,14304.081353808928,35f6a6573ef9
17,4042,0.06,+/-10%,3,12882.061383986664,12811.757838191315,35f6a6573ef9
17,4042,0.06,+/-10%,4,11593.855245587993,11529.557561259175,35f6a6573ef9
17,4042,0.06,+/-10%,5,10434.469721029196,10343.755849623441,35f6a6573ef9
17,4042,0.06,+/-10%,6,9391.022748926276,9309.38026467367,35f6a6573ef9
17,4042,0.06,+/-10%,7,8451.920474033643,8378.442237964315,35f6a6573ef9
17,4042,0.06,+/-10%,8,7606.728426630284,7565.214887380401,35f6a6573ef9
17,4042,0.06,+/-10%,9,6846.055583967258,6808.6933996113,35f6a6573ef9
17,4042,0.06,+/-10%,10,6585.476697172369,6663.339638175726,35f6a6573ef9
17,4042,0.06,+/-10%,11,7244.024366889607,7329.673601122729,35f6a6573ef9
17,4042,0.06,+/-10%,12,7968.426803578571,9184.875995345034,35f6a6573ef9
17,4042,0.06,+/-10%,13,8765.269483936427,9978.090431453053,35f6a6573ef9
17,4042,0.06,+/-10%,14,9641.796432330073,8980.2813883554,35f6a6573ef9
17,4042,0.06,+/-10%,15,10605.976075563076,8054.068343574283,35f6a6573ef9
17,4042,0.06,+/-20%,1,19668.854732796655,19668.854732796655,35f6a6573ef9
17,4042,0.06,+/-20%,2,15735.083786237325,15721.643619950393,35f6a6573ef9
17,4042,0.06,+/-20%,3,12588.06702898986,12532.084487928047,35f6a6573ef9
17,4042,0.06,+/-20%,4,10070.453623191886,10012.837735048153,35f6a6573ef9
17,4042,0.06,+/-20%,5,8056.362898553512,8009.494129899119,35f6a6573ef9
17,4042,0.06,+/-20%,6,6445.090318842808,6407.595305900958,35f6a6573ef9
17,4042,0.06,+/-20%,7,6380.507841223982,6380.507839968337,35f6a6573ef9
17,4042,0.06,+/-20%,8,7656.6094094687805,7656.609409638281,35f6a6573ef9
17,4042,0.06,+/-20%,9,9187.931291362533,9187.931290165705,35f6a6573ef9
17,4042,0.06,+/-20%,10,10606.793784726911,10565.375779342103,35f6a6573ef9
17,4042,0.06,+/-20%,11,8485.43502778153,8452.300634717016,35f6a6573ef9
17,4042,0.06,+/-20%,12,7416.091601614697,8492.08149170151,35f6a6573ef9
17,4042,0.06,+/-20%,13,7361.219054671868,7172.659422131351,35f6a6573ef9
17,4042,0.06,+/-20%,14,7222.450649410485,5892.637459971846,35f6a6573ef9
17,4042,0.06,+/-20%,15,8666.940779292585,8322.263151884757,35f6a6573ef9
18,42,0.0,NHF,1,4119.843269546666,4119.843269546666,35f6a6573ef9
18,42,0.0,NHF,2,1947.4961390449998,594.7435427733333,35f6a6573ef9
18,42,0.0,NHF,3,6493.464945381249,632.04771955,35f6a6573ef9
18,42,0.0,NHF,4,6369.97274246,9864.234215460912,35f6a6573ef9
18,42,0.0,NHF,5,25189.508232820837,15658.588884682196,35f6a6573ef9
18,42,0.0,NHF,6,10364.952210330866,8695.229265149395,35f6a6573ef9
18,42,0.0,NHF,7,21638.736044664605,12162.824888742402,35f6a6573ef9
18,42,0.0,NHF,8,9820.07581897573,10144.26496433917,35f6a6573ef9
18,42,0.0,NHF,9,4723.404719984405,11922.197553578339,35f6a6573ef9
18,42,0.0,NHF,10,397.91432245,7872.57609084956,35f6a6573ef9
18,42,0.0,NHF,11,621.0751926199999,7480.943262516168,35f6a6573ef9
18,42,0.0,NHF,12,1812.055749915,10922.096549263282,35f6a6573ef9
18,42,0.0,NHF,13,2150.0666923025,8575.795014478284,35f6a6573ef9
18,42,0.0,NHF,14,5551.021046263864,8260.974739474297,35f6a6573ef9
18,42,0.0,NHF,15,72241.6545657805,4325.113803908283,35f6a6573ef9
18,42,0.0,NDY,1,4761.876808897854,4761.876808897854,35f6a6573ef9
18,42,0.0,NDY,2,10637.805499733433,8921.152199047774,35f6a6573ef9
18,42,0.0,NDY,3,10637.805499733433,8953.997276063554,35f6a6573ef9
18,42,0.0,NDY,4,10637.805499733433,9038.044887845752,35f6a6573ef9
18,42,0.0,NDY,5,10637.805499733433,10418.049684923737,35f6a6573ef9
18,42,0.0,NDY,6,10637.805499733427,10237.359861352372,35f6a6573ef9
18,42,0.0,NDY,7,10637.805499733431,10074.700710924804,35f6a6573ef9
18,42,0.0,NDY,8,10637.805499733431,9912.6499054254,35f6a6573ef9
18,42,0.0,NDY,9,10637.805499733435,9660.415522899557,35f6a6573ef9
18,42,0.0,NDY,10,10637.805499733433,9513.02556042243,35f6a6573ef9
18,42,0.0,NDY,11,10637.805499733431,9012.548019632259,35f6a6573ef9
18,42,0.0,NDY,12,10637.805499733433,8599.077509426585,35f6a6573ef9
18,42,0.0,NDY,13,10637.805499733431,8150.774748491825,35f6a6573ef9
18,42,0.0,NDY,14,10637.805499733433,7689.583224278542,35f6a6573ef9
18,42,0.0,NDY,15,10637.805499733431,8194.408108037138,35f6a6573ef9
18,42,0.0,-10%,1,3787.4210324932715,3787.4210324932715,35f6a6573ef9
18,42,0.0,-10%,2,3408.6789292439444,3408.67892594,35f6a6573ef9
18,42,0.0,-10%,3,4346.0473014294275,5349.654855131811,35f6a6573ef9
18,42,0.0,-10%,4,15050.079602096594,15454.421258199824,35f6a6573ef9
18,42,0.0,-10%,5,13545.07164188693,14096.321088802819,35f6a6573ef9
18,42,0.0,-10%,6,12190.56447769824,12900.062312244725,35f6a6573ef9
18,42,0.0,-10%,7,10971.508029928416,11831.120713397311,35f6a6573ef9
18,42,0.0,-10%,8,9874.357226935577,10605.256806671814,35f6a6573ef9
18,42,0.0,-10%,9,8886.92150424202,8969.794089669524,35f6a6573ef9
18,42,0.0,-10%,10,8930.721482273757,6791.989509572431,35f6a6573ef9
18,42,0.0,-10%,11,12980.461316391113,9077.428255143077,35f6a6573ef9
18,42,0.0,-10%,12,14592.32578838605,7828.029759936784,35f6a6573ef9
18,42,0.0,-10%,13,13133.093209547445,6914.13638094859,35f6a6573ef9
18,42,0.0,-10%,14,11819.783888592701,5579.7495012075005,35f6a6573ef9
18,42,0.0,-10%,15,10637.805499733433,5324.697390907443,35f6a6573ef9
18,42,0.0,-20%,1,4201.673646986896,4201.673646986896,35f6a6573ef9
18,42,0.0,-20%,2,3361.338917589517,2982.8881695299997,35f6a6573ef9
18,42,0.0,-20%,3,3147.7213663827524,7268.5035326475,35f6a6573ef9
18,42,0.0,-20%,4,13930.171301694874,10846.508356345,35f6a6573ef9
18,42,0.0,-20%,5,16529.21172876853,18028.90028805505,35f6a6573ef9
18,42,0.0,-20%,6,13223.369383014822,11257.179868105864,35f6a6573ef9
18,42,0.0,-20%,7,10578.69550641186,11170.246322393028,35f6a6573ef9
18,42,0.0,-20%,8,8462.956405129487,9177.772490658599,35f6a6573ef9
18,42,0.0,-20%,9,8125.589939799231,9325.421493247459,35f6a6573ef9
18,42,0.0,-20%,10,9309.166601926438,9972.689753408327,35f6a6573ef9
18,42,0.0,-20%,11,9509.084285711611,10783.697743459892,35f6a6573ef9
18,42,0.0,-20%,12,13388.68055602598,7947.2430612726475,35f6a6573ef9
18,42,0.0,-20%,13,16621.57109333348,6418.25027698259,35f6a6573ef9
18,42,0.0,-20%,14,13297.256874666788,4644.839473678299,35f6a6573ef9
18,42,0.0,-20%,15,10637.805499733433,5602.871667913788,35f6a6573ef9
18,42,0.0,+/-10%,1,6692.21040744589,6692.21040744589,35f6a6573ef9
18,42,0.0,+/-10%,2,7361.431448190481,7264.230840249059,35f6a6573ef9
18,42,0.0,+/-10%,3,8097.574593009529,8596.358012747578,35f6a6573ef9
18,42,0.0,+/-10%,4,8907.332052310483,9732.282894135618,35f6a6573ef9
18,42,0.0,+/-10%,5,9798.065257541532,12658.467552910919,35f6a6573ef9
18,42,0.0,+/-10%,6,10777.871783295683,11694.100414083729,35f6a6573ef9
18,42,0.0,+/-10%,7,10510.136330046349,9313.619470798101,35f6a6573ef9
18,42,0.0,+/-10%,8,9459.122697041714,9039.825699833598,35f6a6573ef9
18,42,0.0,+/-10%,9,10405.034966745889,9111.897999397459,35f6a6573ef9
18,42,0.0,+/-10%,10,11445.538463420477,9647.615571991138,35f6a6573ef9
18,42,0.0,+/-10%,11,12590.092309762527,8721.843284248991,35f6a6573ef9
18,42,0.0,+/-10%,12,13849.101540738782,8692.893145418415,35f6a6573ef9
18,42,0.0,+/-10%,13,13133.093209547447,7823.603833002589,35f6a6573ef9
18,42,0.0,+/-10%,14,11819.783888592701,7388.861121368809,35f6a6573ef9
18,42,0.0,+/-10%,15,10637.805499733433,7924.687639366143,35f6a6573ef9
18,42,0.0,+/-20%,1,5322.895384111033,5322.895384111033,35f6a6573ef9
18,42,0.0,+/-20%,2,6387.4744609332365,6531.221706871722,35f6a6573ef9
18,42,0.0,+/-20%,3,7664.969353119886,8491.165429443294,35f6a6573ef9
18,42,0.0,+/-20%,4,9197.963223743864,9922.639622314897,35f6a6573ef9
18,42,0.0,+/-20%,5,11037.555868492636,13324.690161761428,35f6a6573ef9
18,42,0.0,+/-20%,6,13245.067042191164,10740.788687060864,35f6a6573ef9
18,42,0.0,+/-20%,7,11204.043210828913,10675.420307973029,35f6a6573ef9
18,42,0.0,+/-20%,8,8963.234568663132,10223.901814618597,35f6a6573ef9
18,42,0.0,+/-20%,9,8390.58495315246,9202.53180437246,35f6a6573ef9
18,42,0.0,+/-20%,10,9519.51181382725,9264.943091086232,35f6a6573ef9
18,42,0.0,+/-20%,11,11130.748132069144,10648.80420134469,35f6a6573ef9
18,42,0.0,+/-20%,12,13356.897758482975,6511.22763042268,35f6a6573ef9
18,42,0.0,+/-20%,13,16028.277310179565,8409.869886745471,35f6a6573ef9
18,42,0.0,+/-20%,14,13297.256874666788,6793.439657510948,35f6a6573ef9
18,42,0.0,+/-20%,15,10637.805499733433,7628.530146047752,35f6a6573ef9
18,42,0.02,NHF,1,34510.48457841458,34510.48457841458,35f6a6573ef9
18,42,0.02,NHF,2,4481.517381400792,5191.165325941133,35f6a6573ef9
18,42,0.02,NHF,3,6280.1243806878965,5565.502609038222,35f6a6573ef9
18,42,0.02,NHF,4,2750.2447059195174,4469.319734009477,35f6a6573ef9
18,42,0.02,NHF,5,13985.94460835872,11856.301349367299,35f6a6573ef9
18,42,0.02,NHF,6,4685.17800332706,4685.17800332706,35f6a6573ef9
18,42,0.02,NHF,7,10954.28253399782,10954.28253399782,35f6a6573ef9
18,42,0.02,NHF,8,8667.07180346944,8667.07180346944,35f6a6573ef9
18,42,0.02,NHF,9,13360.46174027014,13323.760497619383,35f6a6573ef9
18,42,0.02,NHF,10,4049.501428212107,4576.77065961905,35f6a6573ef9
18,42,0.02,NHF,11,4611.550604460496,6906.865922886917,35f6a6573ef9
18,42,0.02,NHF,12,4873.7625522712615,3431.1033754959967,35f6a6573ef9
18,42,0.02,NHF,13,13498.835879439324,15427.83024262851,35f6a6573ef9
18,42,0.02,NHF,14,8113.150776221791,3889.5271414338386,35f6a6573ef9
18,42,0.02,NHF,15,9035.319260301598,7397.60266844319,35f6a6573ef9
18,42,0.02,NDY,1,10206.492691893083,10206.492691893083,35f6a6573ef9
18,42,0.02,NDY,2,10206.49269189308,10096.592316392864,35f6a6573ef9
18,42,0.02,NDY,3,10206.492691893081,9995.37935699797,35f6a6573ef9
18,42,0.02,NDY,4,10206.492691893083,9907.332498966545,35f6a6573ef9
18,42,0.02,NDY,5,10206.492691893083,9817.614695308515,35f6a6573ef9
18,42,0.02,NDY,6,10206.492691893076,9728.252610891912,35f6a6573ef9
18,42,0.02,NDY,7,10206.492691893085,9647.256108086893,35f6a6573ef9
18,42,0.02,NDY,8,10206.492691893085,9573.143498436342,35f6a6573ef9
18,42,0.02,NDY,9,10206.492691893085,9497.049881750514,35f6a6573ef9
18,42,0.02,NDY,10,10206.492691893083,9432.732233382432,35f6a6573ef9
18,42,0.02,NDY,11,10206.492691893085,9371.886713707441,35f6a6573ef9
18,42,0.02,NDY,12,10206.492691893081,9312.099082707022,35f6a6573ef9
18,42,0.02,NDY,13,10206.492691893081,9245.272894383352,35f6a6573ef9
18,42,0.02,NDY,14,10206.492691893087,9188.75478300018,35f6a6573ef9
18,42,0.02,NDY,15,10206.492691893083,9131.016769010765,35f6a6573ef9
18,42,0.02,-10%,1,15514.025996662775,15514.025996662775,35f6a6573ef9
18,42,0.02,-10%,2,13962.623396996501,13929.544913249916,35f6a6573ef9
18,42,0.02,-10%,3,12566.36105729685,12527.977626213766,35f6a6573ef9
18,42,0.02,-10%,4,11309.724951567166,11256.62791439081,35f6a6573ef9
18,42,0.02,-10%,5,10178.752456410453,10126.306763383313,35f6a6573ef9
18,42,0.02,-10%,6,9160.877210769404,9113.676088958593,35f6a6573ef9
18,42,0.02,-10%,7,8244.789489692463,8237.882744656183,35f6a6573ef9
18,42,0.02,-10%,8,7420.31054072322,7570.035016806629,35f6a6573ef9
18,42,0.02,-10%,9,6975.1730185367205,7362.932800858355,35f6a6573ef9
18,42,0.02,-10%,10,7749.5129244090085,7996.866372699351,35f6a6573ef9
18,42,0.02,-10%,11,7276.801996352084,7412.834071721259,35f6a6573ef9
18,42,0.02,-10%,12,10111.716029700106,7418.797901085261,35f6a6573ef9
18,42,0.02,-10%,13,9100.544426730097,9538.082831451664,35f6a6573ef9
18,42,0.02,-10%,14,8190.489984057086,8579.052431911688,35f6a6573ef9
18,42,0.02,-10%,15,7371.440985651377,7722.7405530183605,35f6a6573ef9
18,42,0.02,-20%,1,18921.71802655468,18921.71802655468,35f6a6573ef9
18,42,0.02,-20%,2,15137.374421243749,15129.422134168502,35f6a6573ef9
18,42,0.02,-20%,3,12109.899536994999,12094.759506027962,35f6a6573ef9
18,42,0.02,-20%,4,9687.919629596,9672.246233345428,35f6a6573ef9
18,42,0.02,-20%,5,7750.335703676799,7740.277230578799,35f6a6573ef9
18,42,0.02,-20%,6,6200.268562941441,6192.221783394561,35f6a6573ef9
18,42,0.02,-20%,7,8434.70896814261,8434.70896814261,35f6a6573ef9
18,42,0.02,-20%,8,9095.116247539328,8800.017800641792,35f6a6573ef9
18,42,0.02,-20%,9,7276.092998031462,7566.402473324692,35f6a6573ef9
18,42,0.02,-20%,10,8690.446715690023,8841.93689255409,35f6a6573ef9
18,42,0.02,-20%,11,7366.688266909488,8342.636726873468,35f6a6573ef9
18,42,0.02,-20%,12,9653.62040331186,7600.814742452309,35f6a6573ef9
18,42,0.02,-20%,13,8804.760763484117,9225.47421766825,35f6a6573ef9
18,42,0.02,-20%,14,7043.808610787298,7380.379370521306,35f6a6573ef9
18,42,0.02,-20%,15,8159.62487014237,6920.943661528349,35f6a6573ef9
18,42,0.02,+/-10%,1,15507.815373981552,15507.815373981552,35f6a6573ef9
18,42,0.02,+/-10%,2,13957.033836583396,13932.164843155513,35f6a6573ef9
18,42,0.02,+/-10%,3,12561.330452925053,12527.625771603938,35f6a6573ef9
18,42,0.02,+/-10%,4,11305.197407632555,11257.49583151627,35f6a6573ef9
18,42,0.02,+/-10%,5,10174.677666869298,10127.808500799783,35f6a6573ef9
18,42,0.02,+/-10%,6,9157.209900182366,9115.027647808665,35f6a6573ef9
18,42,0.02,+/-10%,7,8241.488910164133,8233.81248105721,35f6a6573ef9
18,42,0.02,+/-10%,8,7599.965924231732,7814.867719870079,35f6a6573ef9
18,42,0.02,+/-10%,9,6839.969331808559,7037.421325681901,35f6a6573ef9
18,42,0.02,+/-10%,10,7502.66219176651,7695.316430761549,35f6a6573ef9
18,42,0.02,+/-10%,11,8228.182786086903,7539.955180272151,35f6a6573ef9
18,42,0.02,+/-10%,12,9051.001064695596,8293.95069646928,35f6a6573ef9
18,42,0.02,+/-10%,13,9224.476206861824,9167.760997995128,35f6a6573ef9
18,42,0.02,+/-10%,14,8302.028586175638,8249.24026247322,35f6a6573ef9
18,42,0.02,+/-10%,15,7471.825727558076,7310.181418260145,35f6a6573ef9
18,42,0.02,+/-20%,1,18879.169122051426,18879.169122051426,35f6a6573ef9
18,42,0.02,+/-20%,2,15103.335297641146,14961.131953871849,35f6a6573ef9
18,42,0.02,+/-20%,3,12082.668238112916,11961.71000558061,35f6a6573ef9
18,42,0.02,+/-20%,4,9666.134590490334,9549.017782056913,35f6a6573ef9
18,42,0.02,+/-20%,5,7732.907672392266,8157.86156861329,35f6a6573ef9
18,42,0.02,+/-20%,6,6525.557085968186,6526.289249423778,35f6a6573ef9
18,42,0.02,+/-20%,7,7830.6685031618235,7830.668502389248,35f6a6573ef9
18,42,0.02,+/-20%,8,9396.802203794188,9396.80220456676,35f6a6573ef9
18,42,0.02,+/-20%,9,7959.388108069607,7962.310683849368,35f6a6573ef9
18,42,0.02,+/-20%,10,8424.766848208741,8053.886800359125,35f6a6573ef9
18,42,0.02,+/-20%,11,7437.92683582258,7980.066891054026,35f6a6573ef9
18,42,0.02,+/-20%,12,8925.512202987098,7896.170488773621,35f6a6573ef9
18,42,0.02,+/-20%,13,8918.567237927187,9494.08607894565,35f6a6573ef9
18,42,0.02,+/-20%,14,7134.853790341752,7595.268861249667,35f6a6573ef9
18,42,0.02,+/-20%,15,8410.12886232697,6717.635111937671,35f6a6573ef9
18,42,0.04,NHF,1,39219.51964002507,39219.51964002507,35f6a6573ef9
18,42,0.04,NHF,2,5222.519319563424,5222.519319563424,35f6a6573ef9
18,42,0.04,NHF,3,5443.511627707153,5443.511627707153,35f6a6573ef9
18,42,0.04,NHF,4,2968.0881561147744,2968.0881561147744,35f6a6573ef9
18,42,0.04,NHF,5,4338.857018518611,4338.857018518611,35f6a6573ef9
18,42,0.04,NHF,6,4685.17800332706,4685.17800332706,35f6a6573ef9
18,42,0.04,NHF,7,11253.04583569557,11253.04583569557,35f6a6573ef9
18,42,0.04,NHF,8,10504.610124243329,10504.610124243329,35f6a6573ef9
18,42,0.04,NHF,9,15895.843735185255,15895.843735185257,35f6a6573ef9
18,42,0.04,NHF,10,5383.013440940915,5383.013440940915,35f6a6573ef9
18,42,0.04,NHF,11,5616.789232317834,5616.789232317834,35f6a6573ef9
18,42,0.04,NHF,12,3470.5538203155247,3470.5538203155247,35f6a6573ef9
18,42,0.04,NHF,13,11462.592148716434,11462.592148716434,35f6a6573ef9
18,42,0.04,NHF,14,5098.842990166358,5098.842990166358,35f6a6573ef9
18,42,0.04,NHF,15,7515.031617895239,7515.031617895239,35f6a6573ef9
18,42,0.04,NDY,1,10131.195190419283,10131.195190419283,35f6a6573ef9
18,42,0.04,NDY,2,10131.195190419285,10004.839465757474,35f6a6573ef9
18,42,0.04,NDY,3,10131.195190419285,9891.836880897506,35f6a6573ef9
18,42,0.04,NDY,4,10131.195190419288,9787.074953030944,35f6a6573ef9
18,42,0.04,NDY,5,10131.195190419285,9687.69367297199,35f6a6573ef9
18,42,0.04,NDY,6,10131.195190419285,9594.369114329422,35f6a6573ef9
18,42,0.04,NDY,7,10131.195190419281,9495.958717571606,35f6a6573ef9
18,42,0.04,NDY,8,10131.195190419281,9398.06539307767,35f6a6573ef9
18,42,0.04,NDY,9,10131.195190419285,9318.171941341849,35f6a6573ef9
18,42,0.04,NDY,10,10131.195190419287,9243.89886205272,35f6a6573ef9
18,42,0.04,NDY,11,10131.195190419285,9172.360184648283,35f6a6573ef9
18,42,0.04,NDY,12,10131.195190419285,9096.882519903931,35f6a6573ef9
18,42,0.04,NDY,13,10131.195190419287,9013.903646950681,35f6a6573ef9
18,42,0.04,NDY,14,10131.195190419281,8944.710504637362,35f6a6573ef9
18,42,0.04,NDY,15,10131.195190419332,8877.329918883688,35f6a6573ef9
18,42,0.04,-10%,1,15508.13907724971,15508.13907724971,35f6a6573ef9
18,42,0.04,-10%,2,13957.325169524745,13956.190124650053,35f6a6573ef9
18,42,0.04,-10%,3,12561.592652572266,12555.321105176383,35f6a6573ef9
18,42,0.04,-10%,4,11305.433387315043,11282.601649057644,35f6a6573ef9
18,42,0.04,-10%,5,10174.890048583538,10154.341488163807,35f6a6573ef9
18,42,0.04,-10%,6,9157.401043725184,9138.90733167464,35f6a6573ef9
18,42,0.04,-10%,7,8241.660939352667,8240.990707473762,35f6a6573ef9
18,42,0.04,-10%,8,7417.494845417399,7416.891638810988,35f6a6573ef9
18,42,0.04,-10%,9,6675.745360875659,6675.202471882738,35f6a6573ef9
18,42,0.04,-10%,10,7959.091062265011,7988.558784001069,35f6a6573ef9
18,42,0.04,-10%,11,7163.18195603851,7917.032879728949,35f6a6573ef9
18,42,0.04,-10%,12,10114.024024584261,9582.428562922094,35f6a6573ef9
18,42,0.04,-10%,13,9102.621622125835,8624.185704503114,35f6a6573ef9
18,42,0.04,-10%,14,8192.359459913256,7761.7671349625125,35f6a6573ef9
18,42,0.04,-10%,15,7373.123513921931,6985.590420882161,35f6a6573ef9
18,42,0.04,-20%,1,18955.906361278558,18955.906361278558,35f6a6573ef9
18,42,0.04,-20%,2,15164.725089022848,15164.43113409693,35f6a6573ef9
18,42,0.04,-20%,3,12131.780071218278,12128.607959345587,35f6a6573ef9
18,42,0.04,-20%,4,9705.424056974622,9702.883936130023,35f6a6573ef9
18,42,0.04,-20%,5,7764.339245579698,7762.307149405661,35f6a6573ef9
18,42,0.04,-20%,6,6211.471396463759,6209.8457224603,35f6a6573ef9
18,42,0.04,-20%,7,6872.468758205035,6872.468758272364,35f6a6573ef9
18,42,0.04,-20%,8,9462.774389847846,9462.596568968867,35f6a6573ef9
18,42,0.04,-20%,9,9094.001010849428,9094.178830811019,35f6a6573ef9
18,42,0.04,-20%,10,7896.563323078089,8020.14751244111,35f6a6573ef9
18,42,0.04,-20%,11,9157.691614252926,8920.490900891991,35f6a6573ef9
18,42,0.04,-20%,12,7917.00210866743,8032.924761679688,35f6a6573ef9
18,42,0.04,-20%,13,8404.021746837547,8402.641772968467,35f6a6573ef9
18,42,0.04,-20%,14,6723.217397470035,6722.113422363175,35f6a6573ef9
18,42,0.04,-20%,15,6694.417001839143,6694.594822650791,35f6a6573ef9
18,42,0.04,+/-10%,1,15506.246827309027,15506.246827309027,35f6a6573ef9
18,42,0.04,+/-10%,2,13955.622144578128,13950.570018979413,35f6a6573ef9
18,42,0.04,+/-10%,3,12560.059930120315,12549.21835464491,35f6a6573ef9
18,42,0.04,+/-10%,4,11304.053937108283,11292.25552749801,35f6a6573ef9
18,42,0.04,+/-10%,5,10173.648543397456,10163.029975305417,35f6a6573ef9
18,42,0.04,+/-10%,6,9156.283689057707,9146.726980332993,35f6a6573ef9
18,42,0.04,+/-10%,7,8240.655320151938,8236.468452444513,35f6a6573ef9
18,42,0.04,+/-10%,8,7416.589788136744,7412.82160355634,35f6a6573ef9
18,42,0.04,+/-10%,9,6799.069911175392,6834.494213815218,35f6a6573ef9
18,42,0.04,+/-10%,10,7478.976902292932,7517.9436322626625,35f6a6573ef9
18,42,0.04,+/-10%,11,8226.874592522223,8269.737996396387,35f6a6573ef9
18,42,0.04,+/-10%,12,9049.56205177445,9096.711792685606,35f6a6573ef9
18,42,0.04,+/-10%,13,9250.81604429201,8622.919799269932,35f6a6573ef9
18,42,0.04,+/-10%,14,8325.73443986281,7756.386984673367,35f6a6573ef9
18,42,0.04,+/-10%,15,7493.160995876529,6172.700486893402,35f6a6573ef9
18,42,0.04,+/-20%,1,18956.67056480213,18956.67056480213,35f6a6573ef9
18,42,0.04,+/-20%,2,15165.336451841713,15164.962299050338,35f6a6573ef9
18,42,0.04,+/-20%,3,12132.26916147337,12129.443480825234,35f6a6573ef9
18,42,0.04,+/-20%,4,9705.815329178697,9703.554783072708,35f6a6573ef9
18,42,0.04,+/-20%,5,7764.652263342958,7762.843827574185,35f6a6573ef9
18,42,0.04,+/-20%,6,6211.721810674366,6210.2750610874455,35f6a6573ef9
18,42,0.04,+/-20%,7,7170.903196748946,7170.903196748946,35f6a6573ef9
18,42,0.04,+/-20%,8,8605.08383609874,8605.08383662696,35f6a6573ef9
18,42,0.04,+/-20%,9,9280.95009270835,9280.950092711155,35f6a6573ef9
18,42,0.04,+/-20%,10,8963.692893917178,9086.535134311465,35f6a6573ef9
18,42,0.04,+/-20%,11,8462.244889740301,8357.55044122662,35f6a6573ef9
18,42,0.04,+/-20%,12,7917.183628445114,7902.479004836777,35f6a6573ef9
18,42,0.04,+/-20%,13,8164.282761682944,8151.6951233652,35f6a6573ef9
18,42,0.04,+/-20%,14,6531.426209346356,6521.356096201161,35f6a6573ef9
18,42,0.04,+/-20%,15,7253.67311704434,7253.673116516116,35f6a6573ef9
18,42,0.06,NHF,1,39219.51964002507,39219.51964002507,35f6a6573ef9
18,42,0.06,NHF,2,5222.519319563424,5222.519319563424,35f6a6573ef9
18,42,0.06,NHF,3,5443.511627707153,5443.511627707153,35f6a6573ef9
18,42,0.06,NHF,4,2968.0881561147744,2968.0881561147744,35f6a6573ef9
18,42,0.06,NHF,5,4338.857018518611,4338.857018518611,35f6a6573ef9
18,42,0.06,NHF,6,4685.17800332706,4685.17800332706,35f6a6573ef9
18,42,0.06,NHF,7,11253.04583569557,11253.04583569557,35f6a6573ef9
18,42,0.06,NHF,8,10504.610124243329,10504.610124243329,35f6a6573ef9
18,42,0.06,NHF,9,15895.843735185255,15895.843735185257,35f6a6573ef9
18,42,0.06,NHF,10,5383.013440940915,5383.013440940915,35f6a6573ef9
18,42,0.06,NHF,11,5616.789232317834,5616.789232317834,35f6a6573ef9
18,42,0.06,NHF,12,3470.5538203155247,3470.5538203155247,35f6a6573ef9
18,42,0.06,NHF,13,11462.592148716434,11462.592148716434,35f6a6573ef9
18,42,0.06,NHF,14,5098.842990166358,5098.842990166358,35f6a6573ef9
18,42,0.06,NHF,15,7515.031617895239,7515.031617895239,35f6a6573ef9
18,42,0.06,NDY,1,10078.800315856042,10078.800315856042,35f6a6573ef9
18,42,0.06,NDY,2,10078.800315856053,9882.858245802747,35f6a6573ef9
18,42,0.06,NDY,3,10078.800315856042,9780.182992383494,35f6a6573ef9
18,42,0.06,NDY,4,10078.800315856042,9679.461665006887,35f6a6573ef9
18,42,0.06,NDY,5,10078.800315856057,9567.776106353209,35f6a6573ef9
18,42,0.06,NDY,6,10078.80031585604,9474.267561286175,35f6a6573ef9
18,42,0.06,NDY,7,10078.800315856033,9358.316053233519,35f6a6573ef9
18,42,0.06,NDY,8,10078.800315856031,9275.814264709921,35f6a6573ef9
18,42,0.06,NDY,9,10078.800315856053,9174.537447833925,35f6a6573ef9
18,42,0.06,NDY,10,10078.800315856039,9101.039048320477,35f6a6573ef9
18,42,0.06,NDY,11,10078.80031585604,9027.767919020744,35f6a6573ef9
18,42,0.06,NDY,12,10078.80031585604,8958.206215352086,35f6a6573ef9
18,42,0.06,NDY,13,10078.800315856022,8890.898744114425,35f6a6573ef9
18,42,0.06,NDY,14,10078.80031585606,8813.033548181182,35f6a6573ef9
18,42,0.06,NDY,15,10078.800315856042,8727.43812590816,35f6a6573ef9
18,42,0.06,-10%,1,15442.868581039764,15442.868581039764,35f6a6573ef9
18,42,0.06,-10%,2,13898.581722935796,13879.30652606265,35f6a6573ef9
18,42,0.06,-10%,3,12508.723550642211,12480.428265085742,35f6a6573ef9
18,42,0.06,-10%,4,11257.85119557799,11223.468914884543,35f6a6573ef9
18,42,0.06,-10%,5,10132.066076020194,10080.799991167294,35f6a6573ef9
18,42,0.06,-10%,6,9118.859468418173,9072.719995827876,35f6a6573ef9
18,42,0.06,-10%,7,8206.973521576356,8195.591709329437,35f6a6573ef9
18,42,0.06,-10%,8,7386.276169418721,7376.03254155045,35f6a6573ef9
18,42,0.06,-10%,9,6647.648552476849,6638.429283986288,35f6a6573ef9
18,42,0.06,-10%,10,7475.399178122475,7547.999682837732,35f6a6573ef9
18,42,0.06,-10%,11,7974.259532757578,8452.277656680842,35f6a6573ef9
18,42,0.06,-10%,12,9877.671680645783,9641.247511239153,35f6a6573ef9
18,42,0.06,-10%,13,8889.904512581206,8677.12276223869,35f6a6573ef9
18,42,0.06,-10%,14,8000.914061323085,7809.410483801751,35f6a6573ef9
18,42,0.06,-10%,15,7200.822655190776,7028.469432923497,35f6a6573ef9
18,42,0.06,-20%,1,18909.21281018429,18909.21281018429,35f6a6573ef9
18,42,0.06,-20%,2,15127.370248147434,15105.594589603288,35f6a6573ef9
18,42,0.06,-20%,3,12101.896198517949,12065.474150409653,35f6a6573ef9
18,42,0.06,-20%,4,9681.516958814356,9650.228508406635,35f6a6573ef9
18,42,0.06,-20%,5,7745.213567051487,7720.182806121948,35f6a6573ef9
18,42,0.06,-20%,6,6196.170853641191,6176.146241608267,35f6a6573ef9
18,42,0.06,-20%,7,6274.76648368379,6274.766483683789,35f6a6573ef9
18,42,0.06,-20%,8,9292.158712779788,9415.350983656908,35f6a6573ef9
18,42,0.06,-20%,9,10542.09393660004,9794.94926625324,35f6a6573ef9
18,42,0.06,-20%,10,8433.675149280036,9789.91490078488,35f6a6573ef9
18,42,0.06,-20%,11,8616.214632717796,7831.931916651991,35f6a6573ef9
18,42,0.06,-20%,12,7268.639672964696,6646.503655746601,35f6a6573ef9
18,42,0.06,-20%,13,7745.239811848131,8260.607260747669,35f6a6573ef9
18,42,0.06,-20%,14,6196.191849478506,6608.485810942031,35f6a6573ef9
18,42,0.06,-20%,15,7629.928328597445,6882.783657459671,35f6a6573ef9
18,42,0.06,+/-10%,1,15437.768441873597,15437.768441873597,35f6a6573ef9
18,42,0.06,+/-10%,2,13893.991597686247,13875.581764531351,35f6a6573ef9
18,42,0.06,+/-10%,3,12504.592437917616,12475.276301968723,35f6a6573ef9
18,42,0.06,+/-10%,4,11254.133194125858,11221.166937250875,35f6a6573ef9
18,42,0.06,+/-10%,5,10128.71987471327,10078.425943393137,35f6a6573ef9
18,42,0.06,+/-10%,6,9115.847887241942,9070.583341662115,35f6a6573ef9
18,42,0.06,+/-10%,7,8204.263098517747,8193.39227548641,35f6a6573ef9
18,42,0.06,+/-10%,8,7383.836788665974,7374.053048288291,35f6a6573ef9
18,42,0.06,+/-10%,9,6699.161110702531,6845.994177813651,35f6a6573ef9
18,42,0.06,+/-10%,10,7369.077221772785,7530.593596514692,35f6a6573ef9
18,42,0.06,+/-10%,11,8105.984943950063,8283.652954897274,35f6a6573ef9
18,42,0.06,+/-10%,12,8916.583438345071,9112.018251851185,35f6a6573ef9
18,42,0.06,+/-10%,13,9332.521159825737,8912.293084534864,35f6a6573ef9
18,42,0.06,+/-10%,14,8399.269043843164,8021.063777304139,35f6a6573ef9
18,42,0.06,+/-10%,15,7559.342139458848,6856.345716223298,35f6a6573ef9
18,42,0.06,+/-20%,1,18917.258802243123,18917.258802243123,35f6a6573ef9
18,42,0.06,+/-20%,2,15133.807041794498,15112.740727926212,35f6a6573ef9
18,42,0.06,+/-20%,3,12107.0456334356,12077.115063368688,35f6a6573ef9
18,42,0.06,+/-20%,4,9685.636506748478,9648.745769729056,35f6a6573ef9
18,42,0.06,+/-20%,5,7748.509205398785,7718.996613745953,35f6a6573ef9
18,42,0.06,+/-20%,6,6198.807364319027,6175.19729288383,35f6a6573ef9
18,42,0.06,+/-20%,7,6981.207291872572,6981.207291333589,35f6a6573ef9
18,42,0.06,+/-20%,8,8377.448750247087,8377.448750170384,35f6a6573ef9
18,42,0.06,+/-20%,9,10052.938500296503,9333.94400115198,35f6a6573ef9
18,42,0.06,+/-20%,10,9122.955845608145,10291.92696276491,35f6a6573ef9
18,42,0.06,+/-20%,11,8518.507925490707,8233.541566503145,35f6a6573ef9
18,42,0.06,+/-20%,12,7369.829608857337,6778.657813366218,35f6a6573ef9
18,42,0.06,+/-20%,13,7829.897161956398,8134.389378616135,35f6a6573ef9
18,42,0.06,+/-20%,14,6263.917729565118,6507.511503790111,35f6a6573ef9
18,42,0.06,+/-20%,15,7516.701275478141,6797.706773377186,35f6a6573ef9
18,1042,0.0,NHF,1,2240.48937451,2240.48937451,35f6a6573ef9
18,1042,0.0,NHF,2,894.6626799850001,547.6551972266667,35f6a6573ef9
18,1042,0.0,NHF,3,8011.480836890229,791.9889263,35f6a6573ef9
18,1042,0.0,NHF,4,5526.002562015,7176.895529526454,35f6a6573ef9
18,1042,0.0,NHF,5,28033.954841228897,16608.9914451921,35f6a6573ef9
18,1042,0.0,NHF,6,10408.687041922707,10040.359990104742,35f6a6573ef9
18,1042,0.0,NHF,7,21839.02995582352,9078.50824129392,35f6a6573ef9
18,1042,0.0,NHF,8,8593.303156709751,10754.866231102933,35f6a6573ef9
18,1042,0.0,NHF,9,5529.538481360077,10337.825805695426,35f6a6573ef9
18,1042,0.0,NHF,10,64.76219547,8475.83107867188,35f6a6573ef9
18,1042,0.0,NHF,11,748.05541388,8040.731497768339,35f6a6573ef9
18,1042,0.0,NHF,12,1296.8215379950002,11573.432400553615,35f6a6573ef9
18,1042,0.0,NHF,13,920.11429715,9941.299314617192,35f6a6573ef9
18,1042,0.0,NHF,14,3050.2772039577267,6988.4450035323825,35f6a6573ef9
18,1042,0.0,NHF,15,77142.8701726831,9347.469754808677,35f6a6573ef9
18,1042,0.0,NDY,1,1048.7689342157162,1048.7689342157162,35f6a6573ef9
18,1042,0.0,NDY,2,10873.034284822186,9144.264393396385,35f6a6573ef9
18,1042,0.0,NDY,3,10873.034284822179,8934.916183113348,35f6a6573ef9
18,1042,0.0,NDY,4,10873.034284822174,9419.305146390565,35f6a6573ef9
18,1042,0.0,NDY,5,10873.034284822179,10595.788375320928,35f6a6573ef9
18,1042,0.0,NDY,6,10873.034284822179,10399.803871557817,35f6a6573ef9
18,1042,0.0,NDY,7,10873.034284822179,10228.995057574995,35f6a6573ef9
18,1042,0.0,NDY,8,10873.03428482218,9965.090377840384,35f6a6573ef9
18,1042,0.0,NDY,9,10873.034284822179,9781.465416986202,35f6a6573ef9
18,1042,0.0,NDY,10,10873.034284822183,9630.434645595114,35f6a6573ef9
18,1042,0.0,NDY,11,10873.03428482218,9474.203462800471,35f6a6573ef9
18,1042,0.0,NDY,12,10873.034284822186,9147.607259955896,35f6a6573ef9
18,1042,0.0,NDY,13,10873.034284822179,8790.813183155764,35f6a6573ef9
18,1042,0.0,NDY,14,10873.034284822183,7942.486143940001,35f6a6573ef9
18,1042,0.0,NDY,15,10873.034284822183,8398.618372618712,35f6a6573ef9
18,1042,0.0,-10%,1,4045.922988659385,4045.922988659385,35f6a6573ef9
18,1042,0.0,-10%,2,3641.330689793446,3659.05185023,35f6a6573ef9
18,1042,0.0,-10%,3,3277.197620814102,5183.982152639934,35f6a6573ef9
18,1042,0.0,-10%,4,15020.497744623464,13318.379726378755,35f6a6573ef9
18,1042,0.0,-10%,5,13518.447970161118,14277.540185041986,35f6a6573ef9
18,1042,0.0,-10%,6,12166.603173145004,12999.95898351307,35f6a6573ef9
18,1042,0.0,-10%,7,10949.942855830508,11885.52217788599,35f6a6573ef9
18,1042,0.0,-10%,8,9854.948570247452,8893.579992790388,35f6a6573ef9
18,1042,0.0,-10%,9,8869.453713222709,9568.287178736822,35f6a6573ef9
18,1042,0.0,-10%,10,7982.5083419004395,9391.999854338197,35f6a6573ef9
18,1042,0.0,-10%,11,13536.493642455545,9414.778446745355,35f6a6573ef9
18,1042,0.0,-10%,12,14914.999018960469,6711.7639181594295,35f6a6573ef9
18,1042,0.0,-10%,13,13423.499117064424,7001.073607981765,35f6a6573ef9
18,1042,0.0,-10%,14,12081.14920535798,5639.7144146275,35f6a6573ef9
18,1042,0.0,-10%,15,10873.034284822183,7466.329885899143,35f6a6573ef9
18,1042,0.0,-20%,1,4251.027098405,4251.027098405,35f6a6573ef9
18,1042,0.0,-20%,2,3400.821678724,3457.2969418299995,35f6a6573ef9
18,1042,0.0,-20%,3,2802.615251307849,7135.3039430725,35f6a6573ef9
18,1042,0.0,-20%,4,13627.146710277035,9236.5087974375,35f6a6573ef9
18,1042,0.0,-20%,5,16792.427356272954,17644.69703266488,35f6a6573ef9
18,1042,0.0,-20%,6,13433.941885018367,13370.997032885769,35f6a6573ef9
18,1042,0.0,-20%,7,10747.153508014691,9337.767528700087,35f6a6573ef9
18,1042,0.0,-20%,8,8597.722806411753,7263.072397611585,35f6a6573ef9
18,1042,0.0,-20%,9,7538.637955118804,10113.746906377266,35f6a6573ef9
18,1042,0.0,-20%,10,6742.0939000283715,10335.412971908627,35f6a6573ef9
18,1042,0.0,-20%,11,11260.672238137538,10007.167543242811,35f6a6573ef9
18,1042,0.0,-20%,12,13825.376390186773,8807.296919249433,35f6a6573ef9
18,1042,0.0,-20%,13,16989.116070034655,6208.402405981765,35f6a6573ef9
18,1042,0.0,-20%,14,13591.292856027723,6224.777444041233,35f6a6573ef9
18,1042,0.0,-20%,15,10873.034284822184,6771.243202368154,35f6a6573ef9
18,1042,0.0,+/-10%,1,6403.852516950602,6403.852516950602,35f6a6573ef9
18,1042,0.0,+/-10%,2,7044.237768645662,7069.361727884412,35f6a6573ef9
18,1042,0.0,+/-10%,3,7748.661545510229,8201.164131554478,35f6a6573ef9
18,1042,0.0,+/-10%,4,8523.527700061253,9404.693872758704,35f6a6573ef9
18,1042,0.0,+/-10%,5,9375.88047006738,12355.835896715349,35f6a6573ef9
18,1042,0.0,+/-10%,6,10313.46851707412,11053.824859948687,35f6a6573ef9
18,1042,0.0,+/-10%,7,11344.81536878153,9577.178546632267,35f6a6573ef9
18,1042,0.0,+/-10%,8,10210.333831903376,8202.104923518393,35f6a6573ef9
18,1042,0.0,+/-10%,9,10284.957013110987,9401.707243233648,35f6a6573ef9
18,1042,0.0,+/-10%,10,11313.452714422085,10460.680707469981,35f6a6573ef9
18,1042,0.0,+/-10%,11,12444.797985864294,9745.63477097567,35f6a6573ef9
18,1042,0.0,+/-10%,12,13689.277784450727,8327.331288133775,35f6a6573ef9
18,1042,0.0,+/-10%,13,13423.49911706442,7230.582808058983,35f6a6573ef9
18,1042,0.0,+/-10%,14,12081.14920535798,8831.30951474682,35f6a6573ef9
18,1042,0.0,+/-10%,15,10873.03428482218,9082.724695634879,35f6a6573ef9
18,1042,0.0,+/-20%,1,5301.841928738883,5301.841928738883,35f6a6573ef9
18,1042,0.0,+/-20%,2,6362.210314486659,6424.952173050477,35f6a6573ef9
18,1042,0.0,+/-20%,3,7634.652377383994,7988.741561055156,35f6a6573ef9
18,1042,0.0,+/-20%,4,9161.582852860793,10119.693772933264,35f6a6573ef9
18,1042,0.0,+/-20%,5,10993.89942343295,12600.95298481203,35f6a6573ef9
18,1042,0.0,+/-20%,6,13192.67930811954,11521.216012902709,35f6a6573ef9
18,1042,0.0,+/-20%,7,10554.14344649563,9502.135869110089,35f6a6573ef9
18,1042,0.0,+/-20%,8,8443.314757196504,8820.998966468002,35f6a6573ef9
18,1042,0.0,+/-20%,9,7968.24035605563,9527.300651720498,35f6a6573ef9
18,1042,0.0,+/-20%,10,9561.888427266758,9841.05978401749,35f6a6573ef9
18,1042,0.0,+/-20%,11,11474.266112720108,9692.12267237996,35f6a6573ef9
18,1042,0.0,+/-20%,12,13769.119335264135,9009.332852404432,35f6a6573ef9
18,1042,0.0,+/-20%,13,16522.94320231696,7048.141947437075,35f6a6573ef9
18,1042,0.0,+/-20%,14,13591.292856027721,7813.899873167911,35f6a6573ef9
18,1042,0.0,+/-20%,15,10873.034284822179,9208.596245137333,35f6a6573ef9
18,1042,0.02,NHF,1,31674.39621102215,31674.39621102215,35f6a6573ef9
18,1042,0.02,NHF,2,5081.614959449829,5735.613763244936,35f6a6573ef9
18,1042,0.02,NHF,3,4873.724795163085,4330.180119646689,35f6a6573ef9
18,1042,0.02,NHF,4,3105.720267309247,4427.186516810121,35f6a6573ef9
18,1042,0.02,NHF,5,17526.723473852595,15673.636328008188,35f6a6573ef9
18,1042,0.02,NHF,6,4797.782568128917,4797.782568128917,35f6a6573ef9
18,1042,0.02,NHF,7,9569.76253716754,9569.76253716754,35f6a6573ef9
18,1042,0.02,NHF,8,8381.537171389646,8381.537171389646,35f6a6573ef9
18,1042,0.02,NHF,9,11194.86239866698,11022.301252577154,35f6a6573ef9
18,1042,0.02,NHF,10,3237.9628673272364,4190.766370938298,35f6a6573ef9
18,1042,0.02,NHF,11,6425.290869147948,9584.306586305762,35f6a6573ef9
18,1042,0.02,NHF,12,7209.188716876102,5035.234784431568,35f6a6573ef9
18,1042,0.02,NHF,13,15050.507817016622,14880.439320828164,35f6a6573ef9
18,1042,0.02,NHF,14,7035.143721639395,4244.504724360756,35f6a6573ef9
18,1042,0.02,NHF,15,10189.984787597376,8548.442505668965,35f6a6573ef9
18,1042,0.02,NDY,1,10137.988093750544,10137.988093750544,35f6a6573ef9
18,1042,0.02,NDY,2,10137.988093750539,10040.28841166444,35f6a6573ef9
18,1042,0.02,NDY,3,10137.988093750535,9954.554048577631,35f6a6573ef9
18,1042,0.02,NDY,4,10137.98809375054,9869.774379835344,35f6a6573ef9
18,1042,0.02,NDY,5,10137.988093750537,9784.069571886317,35f6a6573ef9
18,1042,0.02,NDY,6,10137.988093750542,9705.577145935065,35f6a6573ef9
18,1042,0.02,NDY,7,10137.98809375054,9629.698527802519,35f6a6573ef9
18,1042,0.02,NDY,8,10137.988093750539,9563.105586310434,35f6a6573ef9
18,1042,0.02,NDY,9,10137.988093750546,9495.26704186256,35f6a6573ef9
18,1042,0.02,NDY,10,10137.988093750548,9437.702382072976,35f6a6573ef9
18,1042,0.02,NDY,11,10137.988093750539,9381.26241263466,35f6a6573ef9
18,1042,0.02,NDY,12,10137.988093750542,9329.3050825466,35f6a6573ef9
18,1042,0.02,NDY,13,10137.988093750533,9273.005683487247,35f6a6573ef9
18,1042,0.02,NDY,14,10137.988093750544,9220.268813054947,35f6a6573ef9
18,1042,0.02,NDY,15,10137.988093750546,9174.136850756697,35f6a6573ef9
18,1042,0.02,-10%,1,15178.014944352468,15178.014944352468,35f6a6573ef9
18,1042,0.02,-10%,2,13660.213449917226,13640.012054501407,35f6a6573ef9
18,1042,0.02,-10%,3,12294.192104925502,12272.3781738647,35f6a6573ef9
18,1042,0.02,-10%,4,11064.772894432948,11045.950770957628,35f6a6573ef9
18,1042,0.02,-10%,5,9958.295604989657,9926.575514360497,35f6a6573ef9
18,1042,0.02,-10%,6,8962.46604449069,8933.917963680951,35f6a6573ef9
18,1042,0.02,-10%,7,8066.21944004162,8040.526168670477,35f6a6573ef9
18,1042,0.02,-10%,8,7259.597496037461,7248.861648504948,35f6a6573ef9
18,1042,0.02,-10%,9,6533.637746433714,6866.38545158188,35f6a6573ef9
18,1042,0.02,-10%,10,6259.945380079082,6440.145440666119,35f6a6573ef9
18,1042,0.02,-10%,11,9842.222751802143,8640.171283834943,35f6a6573ef9
18,1042,0.02,-10%,12,10279.824525413795,10464.812791024868,35f6a6573ef9
18,1042,0.02,-10%,13,9251.842072872412,9424.050620300506,35f6a6573ef9
18,1042,0.02,-10%,14,8326.657865585172,8481.505107048994,35f6a6573ef9
18,1042,0.02,-10%,15,7493.992079026654,7621.804402089822,35f6a6573ef9
18,1042,0.02,-20%,1,18553.97122912053,18553.97122912053,35f6a6573ef9
18,1042,0.02,-20%,2,14843.176983296424,14356.11366884583,35f6a6573ef9
18,1042,0.02,-20%,3,11874.54158663714,11778.248372829941,35f6a6573ef9
18,1042,0.02,-20%,4,9499.633269309712,9381.602142698306,35f6a6573ef9
18,1042,0.02,-20%,5,7599.706615447771,8135.055273592425,35f6a6573ef9
18,1042,0.02,-20%,6,6079.765292358217,6508.044221145899,35f6a6573ef9
18,1042,0.02,-20%,7,7898.979003408662,7898.979003408662,35f6a6573ef9
18,1042,0.02,-20%,8,8111.220519770127,8269.102827852317,35f6a6573ef9
18,1042,0.02,-20%,9,6488.976415816101,6802.233064456567,35f6a6573ef9
18,1042,0.02,-20%,10,8860.542019967768,8420.894744911644,35f6a6573ef9
18,1042,0.02,-20%,11,10202.232989518161,8689.873854897192,35f6a6573ef9
18,1042,0.02,-20%,12,10220.501492349247,10548.029495241142,35f6a6573ef9
18,1042,0.02,-20%,13,8176.401193879395,8958.517476972105,35f6a6573ef9
18,1042,0.02,-20%,14,6541.120955103521,7166.813981317493,35f6a6573ef9
18,1042,0.02,-20%,15,8476.010845736651,7519.819717948434,35f6a6573ef9
18,1042,0.02,+/-10%,1,15147.004438399246,15147.004438399246,35f6a6573ef9
18,1042,0.02,+/-10%,2,13632.303994559323,13624.547744904536,35f6a6573ef9
18,1042,0.02,+/-10%,3,12269.073595103395,12262.327932545206,35f6a6573ef9
18,1042,0.02,+/-10%,4,11042.166235593055,11031.696630683702,35f6a6573ef9
18,1042,0.02,+/-10%,5,9937.949612033754,9918.47173992918,35f6a6573ef9
18,1042,0.02,+/-10%,6,8944.154650830376,8925.175392817917,35f6a6573ef9
18,1042,0.02,+/-10%,7,8049.739185747338,8032.657855897014,35f6a6573ef9
18,1042,0.02,+/-10%,8,7244.765267172608,7264.149789789066,35f6a6573ef9
18,1042,0.02,+/-10%,9,6908.859623059504,6783.054495412919,35f6a6573ef9
18,1042,0.02,+/-10%,10,7599.745585365455,7461.3599475398,35f6a6573ef9
18,1042,0.02,+/-10%,11,8359.720143902001,8207.49594214276,35f6a6573ef9
18,1042,0.02,+/-10%,12,9195.6921582922,10308.653772788217,35f6a6573ef9
18,1042,0.02,+/-10%,13,9677.12783619788,9279.757834575139,35f6a6573ef9
18,1042,0.02,+/-10%,14,8709.415052578093,8351.444646460235,35f6a6573ef9
18,1042,0.02,+/-10%,15,7838.4735473202845,7511.065002126233,35f6a6573ef9
18,1042,0.02,+/-20%,1,18524.20276253891,18524.20276253891,35f6a6573ef9
18,1042,0.02,+/-20%,2,14819.36221003113,14379.441598479058,35f6a6573ef9
18,1042,0.02,+/-20%,3,11855.489768024901,11796.669469116548,35f6a6573ef9
18,1042,0.02,+/-20%,4,9484.391814419923,9396.33901575189,35f6a6573ef9
18,1042,0.02,+/-20%,5,7689.567495332386,8133.401579704037,35f6a6573ef9
18,1042,0.02,+/-20%,6,6151.65399626591,6506.721268511369,35f6a6573ef9
18,1042,0.02,+/-20%,7,7381.98479551909,7381.984795519089,35f6a6573ef9
18,1042,0.02,+/-20%,8,8733.848922962945,8733.848924014575,35f6a6573ef9
18,1042,0.02,+/-20%,9,6987.079138370354,7439.177893395366,35f6a6573ef9
18,1042,0.02,+/-20%,10,8261.15118519802,7836.198027700158,35f6a6573ef9
18,1042,0.02,+/-20%,11,9913.381422237624,8678.843599745514,35f6a6573ef9
18,1042,0.02,+/-20%,12,10237.19029954659,10617.123896687664,35f6a6573ef9
18,1042,0.02,+/-20%,13,8189.7522396372715,8854.378973727657,35f6a6573ef9
18,1042,0.02,+/-20%,14,6895.471552287958,7083.5031775419675,35f6a6573ef9
18,1042,0.02,+/-20%,15,8274.565862745547,7467.5716062211195,35f6a6573ef9
18,1042,0.04,NHF,1,35781.69200370271,35781.69200370271,35f6a6573ef9
18,1042,0.04,NHF,2,5330.180221159433,5330.180221159433,35f6a6573ef9
18,1042,0.04,NHF,3,4806.699282541244,4806.699282541244,35f6a6573ef9
18,1042,0.04,NHF,4,5709.183391981842,5709.183391981842,35f6a6573ef9
18,1042,0.04,NHF,5,5983.8623369271545,5983.8623369271545,35f6a6573ef9
18,1042,0.04,NHF,6,4797.782568128917,4797.782568128917,35f6a6573ef9
18,1042,0.04,NHF,7,9756.807511554955,9756.807511554955,35f6a6573ef9
18,1042,0.04,NHF,8,9251.956690642977,9251.956690642975,35f6a6573ef9
18,1042,0.04,NHF,9,14193.131152288794,14193.131152288795,35f6a6573ef9
18,1042,0.04,NHF,10,6402.059359385536,6402.059359385536,35f6a6573ef9
18,1042,0.04,NHF,11,6738.210302270137,6738.210302270137,35f6a6573ef9
18,1042,0.04,NHF,12,6568.896909142567,6568.896909142567,35f6a6573ef9
18,1042,0.04,NHF,13,9940.331072740582,9940.331072740582,35f6a6573ef9
18,1042,0.04,NHF,14,4505.158657543053,4505.158657543053,35f6a6573ef9
18,1042,0.04,NHF,15,9711.488875924875,9711.488875924875,35f6a6573ef9
18,1042,0.04,NDY,1,10081.986638850993,10081.986638850993,35f6a6573ef9
18,1042,0.04,NDY,2,10081.98663885099,9976.288968415949,35f6a6573ef9
18,1042,0.04,NDY,3,10081.986638850989,9868.43176039308,35f6a6573ef9
18,1042,0.04,NDY,4,10081.986638850987,9764.389190061036,35f6a6573ef9
18,1042,0.04,NDY,5,10081.986638850993,9668.826351667467,35f6a6573ef9
18,1042,0.04,NDY,6,10081.986638850996,9577.992966336335,35f6a6573ef9
18,1042,0.04,NDY,7,10081.986638850987,9488.489844525144,35f6a6573ef9
18,1042,0.04,NDY,8,10081.986638850985,9397.55460286412,35f6a6573ef9
18,1042,0.04,NDY,9,10081.986638850984,9320.10684333594,35f6a6573ef9
18,1042,0.04,NDY,10,10081.986638850993,9255.840861102513,35f6a6573ef9
18,1042,0.04,NDY,11,10081.986638850989,9177.36989347789,35f6a6573ef9
18,1042,0.04,NDY,12,10081.986638850993,9109.560084888815,35f6a6573ef9
18,1042,0.04,NDY,13,10081.986638850985,9051.349990756513,35f6a6573ef9
18,1042,0.04,NDY,14,10081.98663885099,8990.323511511755,35f6a6573ef9
18,1042,0.04,NDY,15,10081.986638850993,8930.129790810472,35f6a6573ef9
18,1042,0.04,-10%,1,15163.590945146692,15163.590945146692,35f6a6573ef9
18,1042,0.04,-10%,2,13647.231850632023,13627.098066757892,35f6a6573ef9
18,1042,0.04,-10%,3,12282.508665568825,12257.779684746056,35f6a6573ef9
18,1042,0.04,-10%,4,11054.257799011943,11029.771971233866,35f6a6573ef9
18,1042,0.04,-10%,5,9948.832019110745,9926.762673264031,35f6a6573ef9
18,1042,0.04,-10%,6,8953.948817199673,8934.086407614272,35f6a6573ef9
18,1042,0.04,-10%,7,8058.553935479702,8040.677768462862,35f6a6573ef9
18,1042,0.04,-10%,8,7252.698541931735,7238.0963248715525,35f6a6573ef9
18,1042,0.04,-10%,9,6527.42868773856,6514.286689735846,35f6a6573ef9
18,1042,0.04,-10%,10,5874.685818964704,5862.858024562977,35f6a6573ef9
18,1042,0.04,-10%,11,9527.065267218844,10204.41225656194,35f6a6573ef9
18,1042,0.04,-10%,12,9821.444653744667,9950.504513554199,35f6a6573ef9
18,1042,0.04,-10%,13,9698.289007510848,8953.710561501546,35f6a6573ef9
18,1042,0.04,-10%,14,8728.460106759761,8057.363720658017,35f6a6573ef9
18,1042,0.04,-10%,15,7855.614096083786,7251.627356248287,35f6a6573ef9
18,1042,0.04,-20%,1,18568.378118998233,18568.378118998233,35f6a6573ef9
18,1042,0.04,-20%,2,14854.702495198591,14853.503733832367,35f6a6573ef9
18,1042,0.04,-20%,3,11883.761996158872,11882.80259447577,35f6a6573ef9
18,1042,0.04,-20%,4,9507.009596927099,9506.242074437898,35f6a6573ef9
18,1042,0.04,-20%,5,7605.60767754168,7604.96352055373,35f6a6573ef9
18,1042,0.04,-20%,6,6084.486142033344,6083.970820199045,35f6a6573ef9
18,1042,0.04,-20%,7,6683.708557175326,6683.708557175325,35f6a6573ef9
18,1042,0.04,-20%,8,8052.947852895588,8052.947855203247,35f6a6573ef9
18,1042,0.04,-20%,9,8739.443390158218,8696.915616272669,35f6a6573ef9
18,1042,0.04,-20%,10,8605.346926531216,8788.617180163834,35f6a6573ef9
18,1042,0.04,-20%,11,9344.390983646179,9259.049423212513,35f6a6573ef9
18,1042,0.04,-20%,12,10125.24788103008,10080.152347256908,35f6a6573ef9
18,1042,0.04,-20%,13,8100.198304824064,8068.0624389154655,35f6a6573ef9
18,1042,0.04,-20%,14,6480.158643859251,6454.449949078033,35f6a6573ef9
18,1042,0.04,-20%,15,6827.9000019276455,6597.700862148684,35f6a6573ef9
18,1042,0.04,+/-10%,1,15150.506609338634,15150.506609338634,35f6a6573ef9
18,1042,0.04,+/-10%,2,13635.455948404771,13613.506120240601,35f6a6573ef9
18,1042,0.04,+/-10%,3,12271.910353564295,12246.370563429966,35f6a6573ef9
18,1042,0.04,+/-10%,4,11044.719318207866,11021.693955918876,35f6a6573ef9
18,1042,0.04,+/-10%,5,9940.247386387078,9912.542995940355,35f6a6573ef9
18,1042,0.04,+/-10%,6,8946.222647748375,8921.288695393787,35f6a6573ef9
18,1042,0.04,+/-10%,7,8051.600382973535,8029.15982667173,35f6a6573ef9
18,1042,0.04,+/-10%,8,7246.4403446761835,7231.333404362647,35f6a6573ef9
18,1042,0.04,+/-10%,9,6521.796310208566,6671.370004465638,35f6a6573ef9
18,1042,0.04,+/-10%,10,7173.975941229422,7338.507007759218,35f6a6573ef9
18,1042,0.04,+/-10%,11,7891.373535352367,8072.357709956514,35f6a6573ef9
18,1042,0.04,+/-10%,12,8680.510888887604,8973.361203377497,35f6a6573ef9
18,1042,0.04,+/-10%,13,9548.561977776368,9708.701907114857,35f6a6573ef9
18,1042,0.04,+/-10%,14,9844.956875841814,8729.898115500877,35f6a6573ef9
18,1042,0.04,+/-10%,15,8860.461188257636,7856.90830523002,35f6a6573ef9
18,1042,0.04,+/-20%,1,18568.591924080865,18568.591924080865,35f6a6573ef9
18,1042,0.04,+/-20%,2,14854.873539264689,14853.582546246611,35f6a6573ef9
18,1042,0.04,+/-20%,3,11883.898831411754,11882.903069570324,35f6a6573ef9
18,1042,0.04,+/-20%,4,9507.119065129404,9501.343797912063,35f6a6573ef9
18,1042,0.04,+/-20%,5,7605.695252103523,7601.075035654623,35f6a6573ef9
18,1042,0.04,+/-20%,6,6084.556201682819,6080.860031214079,35f6a6573ef9
18,1042,0.04,+/-20%,7,6683.708557175325,6683.708557175325,35f6a6573ef9
18,1042,0.04,+/-20%,8,8020.4502686103915,8020.450266372325,35f6a6573ef9
18,1042,0.04,+/-20%,9,8771.781780617774,8729.39855897981,35f6a6573ef9
18,1042,0.04,+/-20%,10,8635.880938442571,9428.388122381293,35f6a6573ef9
18,1042,0.04,+/-20%,11,9314.016165560468,8345.35446217139,35f6a6573ef9
18,1042,0.04,+/-20%,12,10114.91150783053,10014.425354224744,35f6a6573ef9
18,1042,0.04,+/-20%,13,8091.929206264424,8258.268977564163,35f6a6573ef9
18,1042,0.04,+/-20%,14,6473.543365011537,6606.615185137243,35f6a6573ef9
18,1042,0.04,+/-20%,15,6860.488696276488,5758.543203332337,35f6a6573ef9
18,1042,0.06,NHF,1,35781.69200370271,35781.69200370271,35f6a6573ef9
18,1042,0.06,NHF,2,5330.180221159433,5330.180221159433,35f6a6573ef9
18,1042,0.06,NHF,3,4806.699282541244,4806.699282541244,35f6a6573ef9
18,1042,0.06,NHF,4,5709.183391981842,5709.183391981842,35f6a6573ef9
18,1042,0.06,NHF,5,5983.8623369271545,5983.8623369271545,35f6a6573ef9
18,1042,0.06,NHF,6,4797.782568128917,4797.782568128917,35f6a6573ef9
18,1042,0.06,NHF,7,9756.807511554955,9756.807511554955,35f6a6573ef9
18,1042,0.06,NHF,8,9251.956690642977,9251.956690642975,35f6a6573ef9
18,1042,0.06,NHF,9,14193.131152288794,14193.131152288795,35f6a6573ef9
18,1042,0.06,NHF,10,6402.059359385536,6402.059359385536,35f6a6573ef9
18,1042,0.06,NHF,11,6738.210302270137,6738.210302270137,35f6a6573ef9
18,1042,0.06,NHF,12,6568.896909142567,6568.896909142567,35f6a6573ef9
18,1042,0.06,NHF,13,9940.331072740582,9940.331072740582,35f6a6573ef9
18,1042,0.06,NHF,14,4505.158657543053,4505.158657543053,35f6a6573ef9
18,1042,0.06,NHF,15,9711.488875924875,9711.488875924875,35f6a6573ef9
18,1042,0.06,NDY,1,10007.857575614016,10007.857575614016,35f6a6573ef9
18,1042,0.06,NDY,2,10007.857575614014,9872.76362945533,35f6a6573ef9
18,1042,0.06,NDY,3,10007.857575614018,9763.4591810195,35f6a6573ef9
18,1042,0.06,NDY,4,10007.857575614014,9678.065433651242,35f6a6573ef9
18,1042,0.06,NDY,5,10007.857575614009,9569.271580792107,35f6a6573ef9
18,1042,0.06,NDY,6,10007.85757561402,9471.724273398031,35f6a6573ef9
18,1042,0.06,NDY,7,10007.857575614009,9361.883958759172,35f6a6573ef9
18,1042,0.06,NDY,8,10007.857575614016,9269.41959929293,35f6a6573ef9
18,1042,0.06,NDY,9,10007.857575614016,9200.626759759236,35f6a6573ef9
18,1042,0.06,NDY,10,10007.857575614014,9139.372465773371,35f6a6573ef9
18,1042,0.06,NDY,11,10007.857575614014,9079.468373832873,35f6a6573ef9
18,1042,0.06,NDY,12,10007.857575614014,9015.0643251003,35f6a6573ef9
18,1042,0.06,NDY,13,10007.857575614024,8953.46729493669,35f6a6573ef9
18,1042,0.06,NDY,14,10007.857575614009,8885.483180173696,35f6a6573ef9
18,1042,0.06,NDY,15,10007.857575614014,8806.577244421707,35f6a6573ef9
18,1042,0.06,-10%,1,15112.72311695319,15112.72311695319,35f6a6573ef9
18,1042,0.06,-10%,2,13601.450805257895,13576.744602243092,35f6a6573ef9
18,1042,0.06,-10%,3,12241.305724732092,12206.650031674399,35f6a6573ef9
18,1042,0.06,-10%,4,11017.175152258855,10974.550357303795,35f6a6573ef9
18,1042,0.06,-10%,5,9915.457637033012,9877.077865578549,35f6a6573ef9
18,1042,0.06,-10%,6,8923.911873329695,8889.370079287111,35f6a6573ef9
18,1042,0.06,-10%,7,8031.520685996721,8000.433068837333,35f6a6573ef9
18,1042,0.06,-10%,8,7228.368617397054,7207.904778221089,35f6a6573ef9
18,1042,0.06,-10%,9,6505.531755657347,6487.114299010313,35f6a6573ef9
18,1042,0.06,-10%,10,5854.978580091621,5838.402871249679,35f6a6573ef9
18,1042,0.06,-10%,11,8929.068404858213,10178.254798814947,35f6a6573ef9
18,1042,0.06,-10%,12,10730.973618756496,9990.658501479491,35f6a6573ef9
18,1042,0.06,-10%,13,9657.876256880849,8994.365775216485,35f6a6573ef9
18,1042,0.06,-10%,14,8692.08863119276,8094.929197017332,35f6a6573ef9
18,1042,0.06,-10%,15,7822.879768073535,7285.436276732877,35f6a6573ef9
18,1042,0.06,-20%,1,18524.08984808068,18524.08984808068,35f6a6573ef9
18,1042,0.06,-20%,2,14819.271878464542,14795.00328899556,35f6a6573ef9
18,1042,0.06,-20%,3,11855.417502771636,11823.74580724017,35f6a6573ef9
18,1042,0.06,-20%,4,9484.334002217309,9458.996645158331,35f6a6573ef9
18,1042,0.06,-20%,5,7587.467201773847,7567.197314572825,35f6a6573ef9
18,1042,0.06,-20%,6,6069.973761419078,6053.757854652582,35f6a6573ef9
18,1042,0.06,-20%,7,5888.350212931073,5888.350214083465,35f6a6573ef9
18,1042,0.06,-20%,8,7792.69613435223,7792.696133199839,35f6a6573ef9
18,1042,0.06,-20%,9,10778.29291332304,10868.193294972707,35f6a6573ef9
18,1042,0.06,-20%,10,8622.63433065843,9267.812960280315,35f6a6573ef9
18,1042,0.06,-20%,11,8542.0131299762,7614.948137927716,35f6a6573ef9
18,1042,0.06,-20%,12,9762.876129193874,9768.84149779414,35f6a6573ef9
18,1042,0.06,-20%,13,7810.300903355097,7815.073200260731,35f6a6573ef9
18,1042,0.06,-20%,14,6248.240722684079,6252.058564268538,35f6a6573ef9
18,1042,0.06,-20%,15,7346.485152536987,7141.613791841442,35f6a6573ef9
18,1042,0.06,+/-10%,1,15096.587435013864,15096.587435013864,35f6a6573ef9
18,1042,0.06,+/-10%,2,13586.92869151248,13577.695098777327,35f6a6573ef9
18,1042,0.06,+/-10%,3,12228.235822361234,12192.189944987358,35f6a6573ef9
18,1042,0.06,+/-10%,4,11005.412240125108,10958.232909044595,35f6a6573ef9
18,1042,0.06,+/-10%,5,9904.871016112596,9862.409617169496,35f6a6573ef9
18,1042,0.06,+/-10%,6,8914.383914501339,8876.168653863348,35f6a6573ef9
18,1042,0.06,+/-10%,7,8022.945523051203,7988.551785041046,35f6a6573ef9
18,1042,0.06,+/-10%,8,7220.650970746085,7202.29434137709,35f6a6573ef9
18,1042,0.06,+/-10%,9,6498.585873671476,6482.064910433104,35f6a6573ef9
18,1042,0.06,+/-10%,10,6811.366158316109,7130.2713974990065,35f6a6573ef9
18,1042,0.06,+/-10%,11,7492.50277414772,8113.288800846573,35f6a6573ef9
18,1042,0.06,+/-10%,12,8241.753051562493,10287.815496064844,35f6a6573ef9
18,1042,0.06,+/-10%,13,9065.928356718743,9257.120510399178,35f6a6573ef9
18,1042,0.06,+/-10%,14,9972.521192390617,8331.413010940221,35f6a6573ef9
18,1042,0.06,+/-10%,15,10873.034284822183,7441.30256595989,35f6a6573ef9
18,1042,0.06,+/-20%,1,18523.92892256054,18523.92892256054,35f6a6573ef9
18,1042,0.06,+/-20%,2,14819.14313804843,14794.725935300106,35f6a6573ef9
18,1042,0.06,+/-20%,3,11855.314510438748,11822.51548199324,35f6a6573ef9
18,1042,0.06,+/-20%,4,9484.251608350998,9458.01238564558,35f6a6573ef9
18,1042,0.06,+/-20%,5,7587.401286680801,7566.4099113352395,35f6a6573ef9
18,1042,0.06,+/-20%,6,6069.921029344641,6053.127931014142,35f6a6573ef9
18,1042,0.06,+/-20%,7,6418.203654976929,6418.203656415904,35f6a6573ef9
18,1042,0.06,+/-20%,8,7701.844385972317,7701.844386256674,35f6a6573ef9
18,1042,0.06,+/-20%,9,9242.213263166777,9432.290440548271,35f6a6573ef9
18,1042,0.06,+/-20%,10,9756.473653712912,9986.386578449747,35f6a6573ef9
18,1042,0.06,+/-20%,11,8553.963792575218,8177.069760684385,35f6a6573ef9
18,1042,0.06,+/-20%,12,9887.288601873572,9785.78141870862,35f6a6573ef9
18,1042,0.06,+/-20%,13,7909.830881498856,7828.625134028736,35f6a6573ef9
18,1042,0.06,+/-20%,14,6327.864705199085,6262.900107175372,35f6a6573ef9
18,1042,0.06,+/-20%,15,6920.100585064595,5588.628512644975,35f6a6573ef9
18,2042,0.0,NHF,1,1696.3652771366665,1696.3652771366665,35f6a6573ef9
18,2042,0.0,NHF,2,1286.35169172,1080.2790726933333,35f6a6573ef9
18,2042,0.0,NHF,3,7133.291736538066,448.56848725,35f6a6573ef9
18,2042,0.0,NHF,4,4808.13236325,6500.391690215928,35f6a6573ef9
18,2042,0.0,NHF,5,29529.06473424093,16317.794361646433,35f6a6573ef9
18,2042,0.0,NHF,6,11112.146956347768,11727.62099711138,35f6a6573ef9
18,2042,0.0,NHF,7,21937.392784558117,9613.22618550787,35f6a6573ef9
18,2042,0.0,NHF,8,7922.787616780071,9449.907932840682,35f6a6573ef9
18,2042,0.0,NHF,9,7033.754705686681,9958.487059170542,35f6a6573ef9
18,2042,0.0,NHF,10,38.490837129999996,8091.751702616143,35f6a6573ef9
18,2042,0.0,NHF,11,738.4051195899999,10229.69594672572,35f6a6573ef9
18,2042,0.0,NHF,12,1845.92857473,12077.560085270175,35f6a6573ef9
18,2042,0.0,NHF,13,723.11001259,9496.605750765344,35f6a6573ef9
18,2042,0.0,NHF,14,4550.439006690227,8269.750903520486,35f6a6573ef9
18,2042,0.0,NHF,15,73211.5380797183,6848.349436170581,35f6a6573ef9
18,2042,0.0,NDY,1,1183.2639919318633,1183.2639919318633,35f6a6573ef9
18,2042,0.0,NDY,2,10801.5842935713,9063.879697137774,35f6a6573ef9
18,2042,0.0,NDY,3,10801.584293571304,9066.7670132604,35f6a6573ef9
18,2042,0.0,NDY,4,10801.5842935713,9187.703553302248,35f6a6573ef9
18,2042,0.0,NDY,5,10801.584293571304,10524.853163983244,35f6a6573ef9
18,2042,0.0,NDY,6,10801.584293571304,10308.531501093403,35f6a6573ef9
18,2042,0.0,NDY,7,10801.584293571306,10249.178164662684,35f6a6573ef9
18,2042,0.0,NDY,8,10801.584293571306,10081.976246557862,35f6a6573ef9
18,2042,0.0,NDY,9,10801.584293571306,9831.375827382506,35f6a6573ef9
18,2042,0.0,NDY,10,10801.584293571306,9706.130492210423,35f6a6573ef9
18,2042,0.0,NDY,11,10801.584293571303,9408.290947095778,35f6a6573ef9
18,2042,0.0,NDY,12,10801.584293571303,9062.524873461716,35f6a6573ef9
18,2042,0.0,NDY,13,10801.584293571306,8873.915563823339,35f6a6573ef9
18,2042,0.0,NDY,14,10801.584293571308,8602.661469574618,35f6a6573ef9
18,2042,0.0,NDY,15,10801.584293571308,7656.908164489359,35f6a6573ef9
18,2042,0.0,-10%,1,3691.362508222239,3691.362508222239,35f6a6573ef9
18,2042,0.0,-10%,2,3322.2262574000133,4113.21225906,35f6a6573ef9
18,2042,0.0,-10%,3,3038.15940164625,3192.5148705350002,35f6a6573ef9
18,2042,0.0,-10%,4,13965.505623855075,13604.268044844614,35f6a6573ef9
18,2042,0.0,-10%,5,13495.68052242042,14517.88415594281,35f6a6573ef9
18,2042,0.0,-10%,6,12146.11247017838,13127.978773353529,35f6a6573ef9
18,2042,0.0,-10%,7,10931.50122316054,10850.92319130627,35f6a6573ef9
18,2042,0.0,-10%,8,9838.351100844484,9433.464259461243,35f6a6573ef9
18,2042,0.0,-10%,9,8854.515990760035,9121.590159376537,35f6a6573ef9
18,2042,0.0,-10%,10,8007.486205431505,10981.86787343558,35f6a6573ef9
18,2042,0.0,-10%,11,15256.923632429178,9384.18606838803,35f6a6573ef9
18,2042,0.0,-10%,12,14816.98805702511,8284.013904234214,35f6a6573ef9
18,2042,0.0,-10%,13,13335.2892513226,7125.021134865255,35f6a6573ef9
18,2042,0.0,-10%,14,12001.760326190339,5789.221954619999,35f6a6573ef9
18,2042,0.0,-10%,15,10801.584293571308,6614.025966370001,35f6a6573ef9
18,2042,0.0,-20%,1,3645.27521275,3645.27521275,35f6a6573ef9
18,2042,0.0,-20%,2,4161.96309226,4292.245398955,35f6a6573ef9
18,2042,0.0,-20%,3,3329.570473808,4547.276740485,35f6a6573ef9
18,2042,0.0,-20%,4,10278.07685218607,9529.235106581755,35f6a6573ef9
18,2042,0.0,-20%,5,16990.08436430379,18152.95431805195,35f6a6573ef9
18,2042,0.0,-20%,6,13592.067491443035,13642.92208417527,35f6a6573ef9
18,2042,0.0,-20%,7,10873.653993154427,9164.679040916271,35f6a6573ef9
18,2042,0.0,-20%,8,8698.923194523544,8708.763944141037,35f6a6573ef9
18,2042,0.0,-20%,9,6959.138555618836,8205.817925618592,35f6a6573ef9
18,2042,0.0,-20%,10,8751.404791953035,12081.22395782535,35f6a6573ef9
18,2042,0.0,-20%,11,10914.173679566951,11414.860980163667,35f6a6573ef9
18,2042,0.0,-20%,12,14524.248308299886,8691.984015039214,35f6a6573ef9
18,2042,0.0,-20%,13,16877.47545870517,6145.576240572785,35f6a6573ef9
18,2042,0.0,-20%,14,13501.980366964131,5985.653346669045,35f6a6573ef9
18,2042,0.0,-20%,15,10801.584293571308,4871.651169355526,35f6a6573ef9
18,2042,0.0,+/-10%,1,6108.5696740352805,6108.5696740352805,35f6a6573ef9
18,2042,0.0,+/-10%,2,6719.42664143881,6874.116062590142,35f6a6573ef9
18,2042,0.0,+/-10%,3,7391.3693055826925,7964.4770372697585,35f6a6573ef9
18,2042,0.0,+/-10%,4,8130.506236140961,9457.925238819262,35f6a6573ef9
18,2042,0.0,+/-10%,5,8943.556859755057,11947.526585767326,35f6a6573ef9
18,2042,0.0,+/-10%,6,9837.912545730567,10334.169351628776,35f6a6573ef9
18,2042,0.0,+/-10%,7,10821.703800303625,9525.266375673144,35f6a6573ef9
18,2042,0.0,+/-10%,8,9891.645655183918,9147.788241256036,35f6a6573ef9
18,2042,0.0,+/-10%,9,10880.810220702315,9266.05842573052,35f6a6573ef9
18,2042,0.0,+/-10%,10,11968.891242772546,10261.75853446976,35f6a6573ef9
18,2042,0.0,+/-10%,11,13165.780367049792,9939.145528379064,35f6a6573ef9
18,2042,0.0,+/-10%,12,14482.358403754783,9142.674286207233,35f6a6573ef9
18,2042,0.0,+/-10%,13,13335.289251322602,8228.406854400255,35f6a6573ef9
18,2042,0.0,+/-10%,14,12001.760326190339,7477.248871834557,35f6a6573ef9
18,2042,0.0,+/-10%,15,10801.584293571303,8746.653695276304,35f6a6573ef9
18,2042,0.0,+/-20%,1,5052.086350317784,5052.086350317784,35f6a6573ef9
18,2042,0.0,+/-20%,2,6062.503620381342,6161.835791967923,35f6a6573ef9
18,2042,0.0,+/-20%,3,7275.004344457613,7826.4123345619,35f6a6573ef9
18,2042,0.0,+/-20%,4,8730.005213349128,9855.710390882201,35f6a6573ef9
18,2042,0.0,+/-20%,5,10476.006256018956,12019.637854739405,35f6a6573ef9
18,2042,0.0,+/-20%,6,12571.207507222753,11637.24157987527,35f6a6573ef9
18,2042,0.0,+/-20%,7,10721.271813455412,9402.672530921269,35f6a6573ef9
18,2042,0.0,+/-20%,8,8577.017450764331,9773.013475958536,35f6a6573ef9
18,2042,0.0,+/-20%,9,8652.305596193792,8875.685072565304,35f6a6573ef9
18,2042,0.0,+/-20%,10,9766.30113705476,11916.707326943491,35f6a6573ef9
18,2042,0.0,+/-20%,11,11719.561364465708,8653.803977015106,35f6a6573ef9
18,2042,0.0,+/-20%,12,14063.473637358848,9363.078348144214,35f6a6573ef9
18,2042,0.0,+/-20%,13,16876.168364830617,7196.908957630254,35f6a6573ef9
18,2042,0.0,+/-20%,14,13501.98036696413,6979.750774538974,35f6a6573ef9
18,2042,0.0,+/-20%,15,10801.584293571308,8432.012897650733,35f6a6573ef9
18,2042,0.02,NHF,1,31378.736273267168,31378.736273267168,35f6a6573ef9
18,2042,0.02,NHF,2,3980.3532967931055,5316.310961772018,35f6a6573ef9
18,2042,0.02,NHF,3,6555.058965690335,5918.689580858195,35f6a6573ef9
18,2042,0.02,NHF,4,3574.73620043166,4076.2429570011273,35f6a6573ef9
18,2042,0.02,NHF,5,15980.177918604568,14116.441296762914,35f6a6573ef9
18,2042,0.02,NHF,6,5507.706007116327,5507.706007116327,35f6a6573ef9
18,2042,0.02,NHF,7,9709.06356544132,9709.06356544132,35f6a6573ef9
18,2042,0.02,NHF,8,9381.852012423653,9381.852012423651,35f6a6573ef9
18,2042,0.02,NHF,9,10341.047592854811,10995.34389717126,35f6a6573ef9
18,2042,0.02,NHF,10,3308.7018915435006,3756.150287828286,35f6a6573ef9
18,2042,0.02,NHF,11,5935.090418676715,8168.439361845734,35f6a6573ef9
18,2042,0.02,NHF,12,5576.992449014618,3671.1115184932173,35f6a6573ef9
18,2042,0.02,NHF,13,14740.20960050777,14998.75175544861,35f6a6573ef9
18,2042,0.02,NHF,14,7396.248440819361,4694.982666478044,35f6a6573ef9
18,2042,0.02,NHF,15,13022.22807778528,11663.347432098923,35f6a6573ef9
18,2042,0.02,NDY,1,10084.605350458587,10084.605350458587,35f6a6573ef9
18,2042,0.02,NDY,2,10084.605350458583,9985.813930275399,35f6a6573ef9
18,2042,0.02,NDY,3,10084.605350458583,9906.344590182583,35f6a6573ef9
18,2042,0.02,NDY,4,10084.605350458589,9820.976997889298,35f6a6573ef9
18,2042,0.02,NDY,5,10084.60535045858,9735.710194086054,35f6a6573ef9
18,2042,0.02,NDY,6,10084.605350458583,9659.0766241017,35f6a6573ef9
18,2042,0.02,NDY,7,10084.605350458589,9581.434264345398,35f6a6573ef9
18,2042,0.02,NDY,8,10084.605350458582,9515.268152430035,35f6a6573ef9
18,2042,0.02,NDY,9,10084.605350458585,9446.393211338385,35f6a6573ef9
18,2042,0.02,NDY,10,10084.605350458587,9387.12218393368,35f6a6573ef9
18,2042,0.02,NDY,11,10084.605350458587,9329.373751735167,35f6a6573ef9
18,2042,0.02,NDY,12,10084.60535045858,9275.578312739095,35f6a6573ef9
18,2042,0.02,NDY,13,10084.605350458587,9219.99620671057,35f6a6573ef9
18,2042,0.02,NDY,14,10084.605350458585,9169.749914570137,35f6a6573ef9
18,2042,0.02,NDY,15,10084.605350458578,9121.921252407948,35f6a6573ef9
18,2042,0.02,-10%,1,15184.81281772382,15184.81281772382,35f6a6573ef9
18,2042,0.02,-10%,2,13666.331535951438,13668.78287136803,35f6a6573ef9
18,2042,0.02,-10%,3,12299.698382356293,12261.817777722443,35f6a6573ef9
18,2042,0.02,-10%,4,11069.728544120666,11035.496445785106,35f6a6573ef9
18,2042,0.02,-10%,5,9962.755689708596,9924.914450182498,35f6a6573ef9
18,2042,0.02,-10%,6,8966.48012073774,8932.423003478914,35f6a6573ef9
18,2042,0.02,-10%,7,8069.832108663965,8039.18070553123,35f6a6573ef9
18,2042,0.02,-10%,8,7262.84889779757,7264.151636102713,35f6a6573ef9
18,2042,0.02,-10%,9,6536.564008017813,6774.166913537083,35f6a6573ef9
18,2042,0.02,-10%,10,5882.907607216033,7210.37952182663,35f6a6573ef9
18,2042,0.02,-10%,11,9422.826946361683,7291.343821930319,35f6a6573ef9
18,2042,0.02,-10%,12,9959.444729988812,9549.438697567242,35f6a6573ef9
18,2042,0.02,-10%,13,9324.409503438827,9772.861604162936,35f6a6573ef9
18,2042,0.02,-10%,14,8391.968553094945,8795.786621504969,35f6a6573ef9
18,2042,0.02,-10%,15,7552.771697785451,7907.797768410825,35f6a6573ef9
18,2042,0.02,-20%,1,18390.610269270117,18390.610269270117,35f6a6573ef9
18,2042,0.02,-20%,2,14712.488215416093,14535.484730111933,35f6a6573ef9
18,2042,0.02,-20%,3,11769.990572332876,11074.351306536779,35f6a6573ef9
18,2042,0.02,-20%,4,9415.992457866301,8733.393217608638,35f6a6573ef9
18,2042,0.02,-20%,5,7924.321810914162,9050.99625529447,35f6a6573ef9
18,2042,0.02,-20%,6,6339.457448731329,7240.797004288826,35f6a6573ef9
18,2042,0.02,-20%,7,7834.624664010927,7834.624664010927,35f6a6573ef9
18,2042,0.02,-20%,8,7788.882399770238,7788.882399770238,35f6a6573ef9
18,2042,0.02,-20%,9,7147.250649851477,8653.373297961443,35f6a6573ef9
18,2042,0.02,-20%,10,9901.038532263077,7550.655196973867,35f6a6573ef9
18,2042,0.02,-20%,11,8777.807091042325,7723.921799441534,35f6a6573ef9
18,2042,0.02,-20%,12,7471.44289830635,8244.459018859725,35f6a6573ef9
18,2042,0.02,-20%,13,8829.83263772142,9480.540697443594,35f6a6573ef9
18,2042,0.02,-20%,14,7063.866110177135,7584.432560105982,35f6a6573ef9
18,2042,0.02,-20%,15,9612.31139335263,9219.157107905517,35f6a6573ef9
18,2042,0.02,+/-10%,1,15170.349028113646,15170.349028113646,35f6a6573ef9
18,2042,0.02,+/-10%,2,13653.314125302282,13649.892828170126,35f6a6573ef9
18,2042,0.02,+/-10%,3,12287.982712772053,12259.144457343618,35f6a6573ef9
18,2042,0.02,+/-10%,4,11059.184441494848,11027.514660496101,35f6a6573ef9
18,2042,0.02,+/-10%,5,9953.265997345361,9919.269844184615,35f6a6573ef9
18,2042,0.02,+/-10%,6,8957.939397610828,8927.342861515606,35f6a6573ef9
18,2042,0.02,+/-10%,7,8062.145457849744,8034.608571504859,35f6a6573ef9
18,2042,0.02,+/-10%,8,7255.93091206477,7254.112693089728,35f6a6573ef9
18,2042,0.02,+/-10%,9,6635.681208847724,6685.795143225558,35f6a6573ef9
18,2042,0.02,+/-10%,10,7299.249329732499,7319.298908144348,35f6a6573ef9
18,2042,0.02,+/-10%,11,8029.174262705748,8051.228799090703,35f6a6573ef9
18,2042,0.02,+/-10%,12,8832.091688976323,9165.79958311041,35f6a6573ef9
18,2042,0.02,+/-10%,13,9715.30085787396,9357.736358714119,35f6a6573ef9
18,2042,0.02,+/-10%,14,8819.649690825114,8695.51287781156,35f6a6573ef9
18,2042,0.02,+/-10%,15,7937.6847217426,7845.8418379668665,35f6a6573ef9
18,2042,0.02,+/-20%,1,18324.812722753755,18324.812722753755,35f6a6573ef9
18,2042,0.02,+/-20%,2,14659.850178203009,14565.062223349389,35f6a6573ef9
18,2042,0.02,+/-20%,3,11727.880142562413,11101.003948174171,35f6a6573ef9
18,2042,0.02,+/-20%,4,9382.304114049924,9034.295142189512,35f6a6573ef9
18,2042,0.02,+/-20%,5,8072.483247622042,8844.023761741559,35f6a6573ef9
18,2042,0.02,+/-20%,6,6457.986598097634,7075.219004718826,35f6a6573ef9
18,2042,0.02,+/-20%,7,7749.583917717158,7749.583917080161,35f6a6573ef9
18,2042,0.02,+/-20%,8,8388.99496235605,7786.2081355654755,35f6a6573ef9
18,2042,0.02,+/-20%,9,7173.195401079485,9277.383417220939,35f6a6573ef9
18,2042,0.02,+/-20%,10,8607.834481295384,7421.906733580796,35f6a6573ef9
18,2042,0.02,+/-20%,11,8910.929426652725,6959.065747766816,35f6a6573ef9
18,2042,0.02,+/-20%,12,8035.157525028448,8350.878894822545,35f6a6573ef9
18,2042,0.02,+/-20%,13,9062.310875175774,9610.167730081099,35f6a6573ef9
18,2042,0.02,+/-20%,14,7434.841295814232,7714.2570848567475,35f6a6573ef9
18,2042,0.02,+/-20%,15,8921.809554977077,9257.108497949484,35f6a6573ef9
18,2042,0.04,NHF,1,35765.932215346,35765.932215346,35f6a6573ef9
18,2042,0.04,NHF,2,5188.714247542195,5188.714247542195,35f6a6573ef9
18,2042,0.04,NHF,3,5406.938759392319,5406.938759392319,35f6a6573ef9
18,2042,0.04,NHF,4,4229.639271363202,4229.639271363202,35f6a6573ef9
18,2042,0.04,NHF,5,6047.6364701739585,6047.6364701739585,35f6a6573ef9
18,2042,0.04,NHF,6,5507.706007116327,5507.706007116327,35f6a6573ef9
18,2042,0.04,NHF,7,9854.6525209902,9854.6525209902,35f6a6573ef9
18,2042,0.04,NHF,8,10637.848553370375,10637.848553370373,35f6a6573ef9
18,2042,0.04,NHF,9,14205.707883009549,14205.707883009549,35f6a6573ef9
18,2042,0.04,NHF,10,4953.368013290638,4953.368013290638,35f6a6573ef9
18,2042,0.04,NHF,11,5793.286003943667,5793.286003943667,35f6a6573ef9
18,2042,0.04,NHF,12,4333.6095686767685,4333.6095686767685,35f6a6573ef9
18,2042,0.04,NHF,13,11047.828810919757,11047.828810919757,35f6a6573ef9
18,2042,0.04,NHF,14,5241.707527836318,5241.707527836318,35f6a6573ef9
18,2042,0.04,NHF,15,12624.564760606048,12624.564760606045,35f6a6573ef9
18,2042,0.04,NDY,1,10029.481754620063,10029.481754620063,35f6a6573ef9
18,2042,0.04,NDY,2,10029.48175462006,9935.058242215644,35f6a6573ef9
18,2042,0.04,NDY,3,10029.481754620063,9835.312343730244,35f6a6573ef9
18,2042,0.04,NDY,4,10029.48175462006,9742.462092274847,35f6a6573ef9
18,2042,0.04,NDY,5,10029.481754620063,9643.411424700633,35f6a6573ef9
18,2042,0.04,NDY,6,10029.481754620061,9551.795766823037,35f6a6573ef9
18,2042,0.04,NDY,7,10029.48175462006,9461.459927547783,35f6a6573ef9
18,2042,0.04,NDY,8,10029.481754620063,9374.582918254217,35f6a6573ef9
18,2042,0.04,NDY,9,10029.481754620056,9297.170403975777,35f6a6573ef9
18,2042,0.04,NDY,10,10029.481754620063,9231.545860618258,35f6a6573ef9
18,2042,0.04,NDY,11,10029.481754620057,9151.53143744123,35f6a6573ef9
18,2042,0.04,NDY,12,10029.481754620061,9069.9762756465,35f6a6573ef9
18,2042,0.04,NDY,13,10029.481754620061,9009.993983837981,35f6a6573ef9
18,2042,0.04,NDY,14,10029.481754620063,8947.525809053057,35f6a6573ef9
18,2042,0.04,NDY,15,10029.481754620065,8886.794776847271,35f6a6573ef9
18,2042,0.04,-10%,1,15176.42013555666,15176.42013555666,35f6a6573ef9
18,2042,0.04,-10%,2,13658.778122000997,13654.852227976588,35f6a6573ef9
18,2042,0.04,-10%,3,12292.900309800889,12278.318439706209,35f6a6573ef9
18,2042,0.04,-10%,4,11063.61027882081,11050.486594815737,35f6a6573ef9
18,2042,0.04,-10%,5,9957.249250938721,9945.265480800557,35f6a6573ef9
18,2042,0.04,-10%,6,8961.524325844854,8950.738933108054,35f6a6573ef9
18,2042,0.04,-10%,7,8065.371893260367,8063.053691512056,35f6a6573ef9
18,2042,0.04,-10%,8,7258.834703934335,7256.748326142351,35f6a6573ef9
18,2042,0.04,-10%,9,6532.951233540896,6531.073488769231,35f6a6573ef9
18,2042,0.04,-10%,10,5879.656110186809,5877.966140946565,35f6a6573ef9
18,2042,0.04,-10%,11,9221.825994985707,9010.49849741895,35f6a6573ef9
18,2042,0.04,-10%,12,9065.04635640838,9869.164748970896,35f6a6573ef9
18,2042,0.04,-10%,13,9742.976771604735,9367.778513982528,35f6a6573ef9
18,2042,0.04,-10%,14,8768.679094444264,8427.468158860966,35f6a6573ef9
18,2042,0.04,-10%,15,7891.811184999835,7584.721343246533,35f6a6573ef9
18,2042,0.04,-20%,1,18511.501103158083,18511.501103158083,35f6a6573ef9
18,2042,0.04,-20%,2,14809.200882526471,14808.806993554621,35f6a6573ef9
18,2042,0.04,-20%,3,11847.360706021178,11845.619686434335,35f6a6573ef9
18,2042,0.04,-20%,4,9477.888564816943,9476.495749350563,35f6a6573ef9
18,2042,0.04,-20%,5,7582.3108518535555,7581.1966007227875,35f6a6573ef9
18,2042,0.04,-20%,6,6065.848681482844,6064.957278516326,35f6a6573ef9
18,2042,0.04,-20%,7,6806.2292875693165,6806.2292875693165,35f6a6573ef9
18,2042,0.04,-20%,8,8128.86729328253,8086.180079533555,35f6a6573ef9
18,2042,0.04,-20%,9,9612.657347323038,9658.370464460757,35f6a6573ef9
18,2042,0.04,-20%,10,7690.1258778584315,8220.162153327361,35f6a6573ef9
18,2042,0.04,-20%,11,9326.113806585941,8321.727599149604,35f6a6573ef9
18,2042,0.04,-20%,12,7804.863100710099,8276.187129288766,35f6a6573ef9
18,2042,0.04,-20%,13,8289.939090172647,8268.976768192677,35f6a6573ef9
18,2042,0.04,-20%,14,6631.951272138119,6615.181411147315,35f6a6573ef9
18,2042,0.04,-20%,15,9259.966795993096,8722.092603851277,35f6a6573ef9
18,2042,0.04,+/-10%,1,15164.537372106653,15164.537372106653,35f6a6573ef9
18,2042,0.04,+/-10%,2,13648.083634895987,13644.430787652256,35f6a6573ef9
18,2042,0.04,+/-10%,3,12283.275271406392,12275.336266851167,35f6a6573ef9
18,2042,0.04,+/-10%,4,11054.947744265752,11045.665877947107,35f6a6573ef9
18,2042,0.04,+/-10%,5,9949.452969839174,9937.687470993915,35f6a6573ef9
18,2042,0.04,+/-10%,6,8954.507672855258,8943.918725623007,35f6a6573ef9
18,2042,0.04,+/-10%,7,8059.0569055697315,8049.526856955535,35f6a6573ef9
18,2042,0.04,+/-10%,8,7253.15121501276,7248.463313369779,35f6a6573ef9
18,2042,0.04,+/-10%,9,6527.836093511484,6523.616985503149,35f6a6573ef9
18,2042,0.04,+/-10%,10,7122.839158130447,7175.978677893239,35f6a6573ef9
18,2042,0.04,+/-10%,11,7835.123073943498,7893.576545776453,35f6a6573ef9
18,2042,0.04,+/-10%,12,8618.635381337846,8682.934196939286,35f6a6573ef9
18,2042,0.04,+/-10%,13,9480.498919471633,9799.410991857165,35f6a6573ef9
18,2042,0.04,+/-10%,14,9366.315668589981,8778.551366427777,35f6a6573ef9
18,2042,0.04,+/-10%,15,8429.684101730985,7826.0211712804075,35f6a6573ef9
18,2042,0.04,+/-20%,1,18511.290905480484,18511.290905480484,35f6a6573ef9
18,2042,0.04,+/-20%,2,14809.032724384393,14807.825472018078,35f6a6573ef9
18,2042,0.04,+/-20%,3,11847.226179507516,11844.836964962169,35f6a6573ef9
18,2042,0.04,+/-20%,4,9477.780943606012,9475.869573089958,35f6a6573ef9
18,2042,0.04,+/-20%,5,7582.22475488481,7580.695659477122,35f6a6573ef9
18,2042,0.04,+/-20%,6,6065.779803907847,6064.556526431326,35f6a6573ef9
18,2042,0.04,+/-20%,7,6806.2292875693165,6806.2292875693165,35f6a6573ef9
18,2042,0.04,+/-20%,8,8113.452418193214,8117.2854514409955,35f6a6573ef9
18,2042,0.04,+/-20%,9,9639.819198370791,9740.742539926603,35f6a6573ef9
18,2042,0.04,+/-20%,10,7711.855358696634,8051.129880884364,35f6a6573ef9
18,2042,0.04,+/-20%,11,9254.226430435961,8377.60655816821,35f6a6573ef9
18,2042,0.04,+/-20%,12,7843.274020063438,8126.32150827657,35f6a6573ef9
18,2042,0.04,+/-20%,13,7630.469877793457,8429.84736130485,35f6a6573ef9
18,2042,0.04,+/-20%,14,7543.487788476301,6743.877893063965,35f6a6573ef9
18,2042,0.04,+/-20%,15,9052.185346171562,8618.770853758055,35f6a6573ef9
18,2042,0.06,NHF,1,35765.932215346,35765.932215346,35f6a6573ef9
18,2042,0.06,NHF,2,5188.714247542195,5188.714247542195,35f6a6573ef9
18,2042,0.06,NHF,3,5406.938759392319,5406.938759392319,35f6a6573ef9
18,2042,0.06,NHF,4,4229.639271363202,4229.639271363202,35f6a6573ef9
18,2042,0.06,NHF,5,6047.6364701739585,6047.6364701739585,35f6a6573ef9
18,2042,0.06,NHF,6,5507.706007116327,5507.706007116327,35f6a6573ef9
18,2042,0.06,NHF,7,9854.6525209902,9854.6525209902,35f6a6573ef9
18,2042,0.06,NHF,8,10637.848553370375,10637.848553370373,35f6a6573ef9
18,2042,0.06,NHF,9,14205.707883009549,14205.707883009549,35f6a6573ef9
18,2042,0.06,NHF,10,4953.368013290638,4953.368013290638,35f6a6573ef9
18,2042,0.06,NHF,11,5793.286003943667,5793.286003943667,35f6a6573ef9
18,2042,0.06,NHF,12,4333.6095686767685,4333.6095686767685,35f6a6573ef9
18,2042,0.06,NHF,13,11047.828810919757,11047.828810919757,35f6a6573ef9
18,2042,0.06,NHF,14,5241.707527836318,5241.707527836318,35f6a6573ef9
18,2042,0.06,NHF,15,12624.564760606048,12624.564760606045,35f6a6573ef9
18,2042,0.06,NDY,1,9961.787197509186,9961.787197509186,35f6a6573ef9
18,2042,0.06,NDY,2,9961.787197509186,9841.705141900007,35f6a6573ef9
18,2042,0.06,NDY,3,9961.787197509186,9751.253465054313,35f6a6573ef9
18,2042,0.06,NDY,4,9961.787197509188,9659.474926900748,35f6a6573ef9
18,2042,0.06,NDY,5,9961.787197509186,9546.938424985836,35f6a6573ef9
18,2042,0.06,NDY,6,9961.787197509184,9446.905799312275,35f6a6573ef9
18,2042,0.06,NDY,7,9961.787197509186,9348.679595289568,35f6a6573ef9
18,2042,0.06,NDY,8,9961.787197509186,9260.552979784408,35f6a6573ef9
18,2042,0.06,NDY,9,9961.787197509186,9181.145138249138,35f6a6573ef9
18,2042,0.06,NDY,10,9961.787197509186,9115.299210910072,35f6a6573ef9
18,2042,0.06,NDY,11,9961.787197509186,9045.031217578555,35f6a6573ef9
18,2042,0.06,NDY,12,9961.787197509186,8981.134991163888,35f6a6573ef9
18,2042,0.06,NDY,13,9961.787197509182,8926.05568762426,35f6a6573ef9
18,2042,0.06,NDY,14,9961.787197509184,8861.625279014259,35f6a6573ef9
18,2042,0.06,NDY,15,9961.787197509186,8792.067462375166,35f6a6573ef9
18,2042,0.06,-10%,1,15117.777343855938,15117.777343855938,35f6a6573ef9
18,2042,0.06,-10%,2,13605.999609470346,13570.730533692955,35f6a6573ef9
18,2042,0.06,-10%,3,12245.399648523311,12196.011018533009,35f6a6573ef9
18,2042,0.06,-10%,4,11020.859683670982,10963.118336451756,35f6a6573ef9
18,2042,0.06,-10%,5,9918.773715303885,9866.806503091992,35f6a6573ef9
18,2042,0.06,-10%,6,8926.896343773496,8880.125855051716,35f6a6573ef9
18,2042,0.06,-10%,7,8034.206709396146,8009.347291071891,35f6a6573ef9
18,2042,0.06,-10%,8,7230.786038456532,7208.412562407688,35f6a6573ef9
18,2042,0.06,-10%,9,6507.707434610881,6487.571306119563,35f6a6573ef9
18,2042,0.06,-10%,10,5856.936691149794,5910.407082339086,35f6a6573ef9
18,2042,0.06,-10%,11,9224.487195691805,9335.933023724832,35f6a6573ef9
18,2042,0.06,-10%,12,9539.224211390145,9958.578070773337,35f6a6573ef9
18,2042,0.06,-10%,13,9649.142901125193,9172.198459214425,35f6a6573ef9
18,2042,0.06,-10%,14,8684.228611012675,8254.978614173138,35f6a6573ef9
18,2042,0.06,-10%,15,7815.805749911405,7428.717274820623,35f6a6573ef9
18,2042,0.06,-20%,1,18482.783873408545,18482.783873408545,35f6a6573ef9
18,2042,0.06,-20%,2,14786.227098726833,14746.651941760692,35f6a6573ef9
18,2042,0.06,-20%,3,11828.98167898147,11775.036274404627,35f6a6573ef9
18,2042,0.06,-20%,4,9463.185343185178,9420.029018220452,35f6a6573ef9
18,2042,0.06,-20%,5,7570.548274548142,7536.023213896249,35f6a6573ef9
18,2042,0.06,-20%,6,6056.438619638513,6028.818566771326,35f6a6573ef9
18,2042,0.06,-20%,7,6463.070754956288,6463.070752628962,35f6a6573ef9
18,2042,0.06,-20%,8,8087.358689437131,7595.533386009094,35f6a6573ef9
18,2042,0.06,-20%,9,10161.792642338081,10646.796472121832,35f6a6573ef9
18,2042,0.06,-20%,10,8423.117453823046,8842.7370605182,35f6a6573ef9
18,2042,0.06,-20%,11,8423.190277268224,8300.054986631976,35f6a6573ef9
18,2042,0.06,-20%,12,7810.326895506585,7714.577631616291,35f6a6573ef9
18,2042,0.06,-20%,13,8046.260731208869,7687.007299362089,35f6a6573ef9
18,2042,0.06,-20%,14,6437.008584967097,6149.605835496132,35f6a6573ef9
18,2042,0.06,-20%,15,9705.511901892532,9100.352374481092,35f6a6573ef9
18,2042,0.06,+/-10%,1,15116.563771514844,15116.563771514844,35f6a6573ef9
18,2042,0.06,+/-10%,2,13604.90739436336,13569.945736741505,35f6a6573ef9
18,2042,0.06,+/-10%,3,12244.416654927025,12182.527166266596,35f6a6573ef9
18,2042,0.06,+/-10%,4,11019.974989434319,10947.492196911415,35f6a6573ef9
18,2042,0.06,+/-10%,5,9917.97749049089,9848.3733070698,35f6a6573ef9
18,2042,0.06,+/-10%,6,8926.179741441803,8863.535980951387,35f6a6573ef9
18,2042,0.06,+/-10%,7,8033.561767297621,7992.956073518038,35f6a6573ef9
18,2042,0.06,+/-10%,8,7230.205590567861,7193.6604675584385,35f6a6573ef9
18,2042,0.06,+/-10%,9,6507.185031511076,6474.294422033792,35f6a6573ef9
18,2042,0.06,+/-10%,10,6817.558125504648,7007.898468039159,35f6a6573ef9
18,2042,0.06,+/-10%,11,7499.313938055115,7708.6883151398315,35f6a6573ef9
18,2042,0.06,+/-10%,12,8249.245331860628,10040.312280266788,35f6a6573ef9
18,2042,0.06,+/-10%,13,9074.16986504669,9459.919207485413,35f6a6573ef9
18,2042,0.06,+/-10%,14,9981.58685155136,8513.927288223635,35f6a6573ef9
18,2042,0.06,+/-10%,15,9772.5551854775,7443.676767857715,35f6a6573ef9
18,2042,0.06,+/-20%,1,18487.33942494744,18487.33942494744,35f6a6573ef9
18,2042,0.06,+/-20%,2,14789.87153995795,14759.82216342587,35f6a6573ef9
18,2042,0.06,+/-20%,3,11831.89723196636,11791.55732030721,35f6a6573ef9
18,2042,0.06,+/-20%,4,9465.517785573093,9433.245857500599,35f6a6573ef9
18,2042,0.06,+/-20%,5,7572.414228458474,7546.59668711417,35f6a6573ef9
18,2042,0.06,+/-20%,6,6057.931382766778,6037.277345846326,35f6a6573ef9
18,2042,0.06,+/-20%,7,6613.831565633372,6613.831566475754,35f6a6573ef9
18,2042,0.06,+/-20%,8,7936.597878760047,7936.597877917664,35f6a6573ef9
18,2042,0.06,+/-20%,9,9523.917454512057,9378.531770377145,35f6a6573ef9
18,2042,0.06,+/-20%,10,9391.442776834114,9234.846520718917,35f6a6573ef9
18,2042,0.06,+/-20%,11,8253.055924073042,8677.543342383782,35f6a6573ef9
18,2042,0.06,+/-20%,12,7708.155998595985,7937.121465407933,35f6a6573ef9
18,2042,0.06,+/-20%,13,6949.438619316874,7807.007856405315,35f6a6573ef9
18,2042,0.06,+/-20%,14,7828.731858811942,6262.012114219702,35f6a6573ef9
18,2042,0.06,+/-20%,15,9394.478230574328,8254.405089643336,35f6a6573ef9
18,3042,0.0,NHF,1,2045.1034411733335,2045.1034411733335,35f6a6573ef9
18,3042,0.0,NHF,2,1985.5627079374997,578.4126962133333,35f6a6573ef9
18,3042,0.0,NHF,3,7250.725817791476,63.1652359,35f6a6573ef9
18,3042,0.0,NHF,4,5713.167524197501,9388.555348070291,35f6a6573ef9
18,3042,0.0,NHF,5,23788.336435528552,17821.176363500446,35f6a6573ef9
18,3042,0.0,NHF,6,8723.102615469767,5562.59625012862,35f6a6573ef9
18,3042,0.0,NHF,7,22125.214102667655,9247.813409522378,35f6a6573ef9
18,3042,0.0,NHF,8,9608.20108291418,8595.80179653619,35f6a6573ef9
18,3042,0.0,NHF,9,5424.095148595259,11818.911038002594,35f6a6573ef9
18,3042,0.0,NHF,10,527.06251818,7366.398462759365,35f6a6573ef9
18,3042,0.0,NHF,11,1149.71587112,9448.291503187187,35f6a6573ef9
18,3042,0.0,NHF,12,255.44615523,10474.85211389456,35f6a6573ef9
18,3042,0.0,NHF,13,1950.2854914275,9187.478567149976,35f6a6573ef9
18,3042,0.0,NHF,14,5409.848640903183,9961.708615628355,35f6a6573ef9
18,3042,0.0,NHF,15,72474.59841452008,7584.867744628817,35f6a6573ef9
18,3042,0.0,NDY,1,1011.10737936,1011.10737936,35f6a6573ef9
18,3042,0.0,NDY,2,9615.137085049531,7854.979441206723,35f6a6573ef9
18,3042,0.0,NDY,3,10557.615478572092,8824.10051061668,35f6a6573ef9
18,3042,0.0,NDY,4,10557.615478572092,9005.012411865418,35f6a6573ef9
18,3042,0.0,NDY,5,10557.61547857209,10239.763829232437,35f6a6573ef9
18,3042,0.0,NDY,6,10557.615478572094,9992.109826311333,35f6a6573ef9
18,3042,0.0,NDY,7,10557.615478572092,9528.648836279343,35f6a6573ef9
18,3042,0.0,NDY,8,10557.61547857209,9291.327045418167,35f6a6573ef9
18,3042,0.0,NDY,9,10557.61547857209,9762.799684088322,35f6a6573ef9
18,3042,0.0,NDY,10,10557.615478572092,9667.173621108399,35f6a6573ef9
18,3042,0.0,NDY,11,10557.61547857209,9345.207710022289,35f6a6573ef9
18,3042,0.0,NDY,12,10557.61547857209,9135.071536425383,35f6a6573ef9
18,3042,0.0,NDY,13,10557.615478572094,8956.54635610785,35f6a6573ef9
18,3042,0.0,NDY,14,10557.61547857209,8088.478050171964,35f6a6573ef9
18,3042,0.0,NDY,15,10557.61547857209,8260.72105215182,35f6a6573ef9
18,3042,0.0,-10%,1,3679.8493556501835,3679.8493556501835,35f6a6573ef9
18,3042,0.0,-10%,2,3311.8644200851663,3473.1019860275005,35f6a6573ef9
18,3042,0.0,-10%,3,2980.6779780766487,3204.7473827027193,35f6a6573ef9
18,3042,0.0,-10%,4,13202.535372391752,13492.274148994518,35f6a6573ef9
18,3042,0.0,-10%,5,12434.231629355512,13333.889762042754,35f6a6573ef9
18,3042,0.0,-10%,6,11190.808466419961,11929.078840811051,35f6a6573ef9
18,3042,0.0,-10%,7,10071.727619777967,7521.303929702467,35f6a6573ef9
18,3042,0.0,-10%,8,9064.554857800169,10464.754203791874,35f6a6573ef9
18,3042,0.0,-10%,9,9050.391091978665,11628.257420582227,35f6a6573ef9
18,3042,0.0,-10%,10,8543.952714675059,10330.839158578256,35f6a6573ef9
18,3042,0.0,-10%,11,15871.981055198,9433.876398497385,35f6a6573ef9
18,3042,0.0,-10%,12,14482.325759358142,7848.058938825469,35f6a6573ef9
18,3042,0.0,-10%,13,13034.093183422332,7150.366744193061,35f6a6573ef9
18,3042,0.0,-10%,14,11730.683865080096,6229.984309758333,35f6a6573ef9
18,3042,0.0,-10%,15,10557.615478572088,8835.534613776917,35f6a6573ef9
18,3042,0.0,-20%,1,4197.861006317018,4197.861006317018,35f6a6573ef9
18,3042,0.0,-20%,2,3358.2888050536153,3542.865805362951,35f6a6573ef9
18,3042,0.0,-20%,3,2686.6310440428924,5471.6365916325,35f6a6573ef9
18,3042,0.0,-20%,4,11241.215032242719,9257.218361085,35f6a6573ef9
18,3042,0.0,-20%,5,14751.923716204225,16029.010989697264,35f6a6573ef9
18,3042,0.0,-20%,6,11801.53897296338,11602.612805678373,35f6a6573ef9
18,3042,0.0,-20%,7,9441.231178370703,8217.950288237429,35f6a6573ef9
18,3042,0.0,-20%,8,7552.984942696563,8288.213852326593,35f6a6573ef9
18,3042,0.0,-20%,9,9966.041133971454,10347.718912303964,35f6a6573ef9
18,3042,0.0,-20%,10,8677.514487126236,9405.14095576256,35f6a6573ef9
18,3042,0.0,-20%,11,11943.538215394503,11945.17928082614,35f6a6573ef9
18,3042,0.0,-20%,12,13668.364053853713,8878.688839372851,35f6a6573ef9
18,3042,0.0,-20%,13,16496.27418526889,7102.951066620097,35f6a6573ef9
18,3042,0.0,-20%,14,13197.01934821511,6380.006240613789,35f6a6573ef9
18,3042,0.0,-20%,15,10557.615478572088,7712.689641316889,35f6a6573ef9
18,3042,0.0,+/-10%,1,5770.690689923297,5770.690689923297,35f6a6573ef9
18,3042,0.0,+/-10%,2,6347.7597589156285,6501.711290529273,35f6a6573ef9
18,3042,0.0,+/-10%,3,6982.53573480719,7780.951884277117,35f6a6573ef9
18,3042,0.0,+/-10%,4,7680.789308287912,9245.804978986896,35f6a6573ef9
18,3042,0.0,+/-10%,5,8448.868239116704,10293.340411693262,35f6a6573ef9
18,3042,0.0,+/-10%,6,9293.755063028377,9037.011855664263,35f6a6573ef9
18,3042,0.0,+/-10%,7,9913.216588688752,9173.057764197007,35f6a6573ef9
18,3042,0.0,+/-10%,8,9891.623358621771,8867.930334688856,35f6a6573ef9
18,3042,0.0,+/-10%,9,10880.785694483951,11194.727035602813,35f6a6573ef9
18,3042,0.0,+/-10%,10,11968.864263932352,9114.025521432965,35f6a6573ef9
18,3042,0.0,+/-10%,11,13165.75069032558,9992.746919426716,35f6a6573ef9
18,3042,0.0,+/-10%,12,14482.325759358155,9311.560445027168,35f6a6573ef9
18,3042,0.0,+/-10%,13,13034.09318342233,8380.404399430096,35f6a6573ef9
18,3042,0.0,+/-10%,14,11730.683865080096,7868.465971898098,35f6a6573ef9
18,3042,0.0,+/-10%,15,10557.61547857209,9475.864502551894,35f6a6573ef9
18,3042,0.0,+/-20%,1,4710.311174695382,4710.311174695382,35f6a6573ef9
18,3042,0.0,+/-20%,2,5652.373409634458,5909.978881721676,35f6a6573ef9
18,3042,0.0,+/-20%,3,6782.848091561349,8008.06329858772,35f6a6573ef9
18,3042,0.0,+/-20%,4,8139.417709873619,9388.451833820283,35f6a6573ef9
18,3042,0.0,+/-20%,5,9767.301251848341,11953.917375844094,35f6a6573ef9
18,3042,0.0,+/-20%,6,11720.761502218009,8516.053117173098,35f6a6573ef9
18,3042,0.0,+/-20%,7,9581.361254724688,8704.073610591293,35f6a6573ef9
18,3042,0.0,+/-20%,8,8376.753147096804,9142.662736133167,35f6a6573ef9
18,3042,0.0,+/-20%,9,10052.103776516165,11149.241092034354,35f6a6573ef9
18,3042,0.0,+/-20%,10,9707.008718391633,12085.002389235602,35f6a6573ef9
18,3042,0.0,+/-20%,11,11648.410462069958,8760.072492495969,35f6a6573ef9
18,3042,0.0,+/-20%,12,13978.092554483948,8700.768778734757,35f6a6573ef9
18,3042,0.0,+/-20%,13,16496.27418526889,7520.943405825096,35f6a6573ef9
18,3042,0.0,+/-20%,14,13197.019348215108,7531.61664883019,35f6a6573ef9
18,3042,0.0,+/-20%,15,10557.615478572088,9116.390531627838,35f6a6573ef9
18,3042,0.02,NHF,1,29732.494756198845,29732.494756198845,35f6a6573ef9
18,3042,0.02,NHF,2,4380.591363919167,4976.257149295558,35f6a6573ef9
18,3042,0.02,NHF,3,5256.803181766404,4654.0004665057,35f6a6573ef9
18,3042,0.02,NHF,4,3739.7688409150405,5022.692532331306,35f6a6573ef9
18,3042,0.02,NHF,5,15442.083877063205,13840.823790331238,35f6a6573ef9
18,3042,0.02,NHF,6,4998.826498014445,4998.826498014445,35f6a6573ef9
18,3042,0.02,NHF,7,10226.990843894198,10226.990843894197,35f6a6573ef9
18,3042,0.02,NHF,8,10122.745718172984,10122.745718172984,35f6a6573ef9
18,3042,0.02,NHF,9,9202.604446998506,8819.773797450724,35f6a6573ef9
18,3042,0.02,NHF,10,3822.7090604712816,4926.786781557048,35f6a6573ef9
18,3042,0.02,NHF,11,5445.002676099477,7164.5644510366965,35f6a6573ef9
18,3042,0.02,NHF,12,5075.050461541416,4089.768437406915,35f6a6573ef9
18,3042,0.02,NHF,13,14125.275407417252,14401.459903225707,35f6a6573ef9
18,3042,0.02,NHF,14,7840.067472455543,6276.076500323712,35f6a6573ef9
18,3042,0.02,NHF,15,12601.34228283549,10027.107404943552,35f6a6573ef9
18,3042,0.02,NDY,1,9780.775615842043,9780.775615842043,35f6a6573ef9
18,3042,0.02,NDY,2,9780.813587423188,9694.883083573908,35f6a6573ef9
18,3042,0.02,NDY,3,9780.732126276962,9612.620576870873,35f6a6573ef9
18,3042,0.02,NDY,4,9780.775615842043,9539.361914595685,35f6a6573ef9
18,3042,0.02,NDY,5,9780.775615842042,9455.685374162464,35f6a6573ef9
18,3042,0.02,NDY,6,9780.775615842045,9377.423285852916,35f6a6573ef9
18,3042,0.02,NDY,7,9780.775615842042,9304.38789041655,35f6a6573ef9
18,3042,0.02,NDY,8,9780.77561584204,9244.474968978206,35f6a6573ef9
18,3042,0.02,NDY,9,9780.813587423196,9185.547654638245,35f6a6573ef9
18,3042,0.02,NDY,10,9780.737644260895,9128.982544361881,35f6a6573ef9
18,3042,0.02,NDY,11,9780.775615842043,9078.282634096984,35f6a6573ef9
18,3042,0.02,NDY,12,9780.775615842045,9022.983273644732,35f6a6573ef9
18,3042,0.02,NDY,13,9780.775615842045,8975.761333685723,35f6a6573ef9
18,3042,0.02,NDY,14,9780.775615842043,8928.974083635989,35f6a6573ef9
18,3042,0.02,NDY,15,9780.775615842043,8883.976643481881,35f6a6573ef9
18,3042,0.02,-10%,1,14447.318291017813,14447.318291017813,35f6a6573ef9
18,3042,0.02,-10%,2,13002.586461916033,12992.67979697289,35f6a6573ef9
18,3042,0.02,-10%,3,11702.327815724431,11671.893840407469,35f6a6573ef9
18,3042,0.02,-10%,4,10532.095034151987,10498.938763842418,35f6a6573ef9
18,3042,0.02,-10%,5,9478.885530736787,9438.105865611833,35f6a6573ef9
18,3042,0.02,-10%,6,8530.99697766311,8494.2952815229,35f6a6573ef9
18,3042,0.02,-10%,7,8010.847220716309,8010.847223197306,35f6a6573ef9
18,3042,0.02,-10%,8,7209.762498644679,7468.889714137066,35f6a6573ef9
18,3042,0.02,-10%,9,6488.786248780211,6722.000744240938,35f6a6573ef9
18,3042,0.02,-10%,10,7724.62319671941,7779.292325401934,35f6a6573ef9
18,3042,0.02,-10%,11,8085.197688193113,7795.747353909856,35f6a6573ef9
18,3042,0.02,-10%,12,9485.636104537369,8478.510835919642,35f6a6573ef9
18,3042,0.02,-10%,13,8914.376197245438,9320.0524673915,35f6a6573ef9
18,3042,0.02,-10%,14,8022.938577520894,8572.209929903733,35f6a6573ef9
18,3042,0.02,-10%,15,8142.278895788437,7779.704897434003,35f6a6573ef9
18,3042,0.02,-20%,1,17571.632881976948,17571.632881976948,35f6a6573ef9
18,3042,0.02,-20%,2,14057.306305581553,13732.01948790623,35f6a6573ef9
18,3042,0.02,-20%,3,11245.845044465246,10707.296705221439,35f6a6573ef9
18,3042,0.02,-20%,4,8996.676035572193,8812.306459677628,35f6a6573ef9
18,3042,0.02,-20%,5,7197.340828457755,8039.649188236625,35f6a6573ef9
18,3042,0.02,-20%,6,5757.872662766205,6431.719347254444,35f6a6573ef9
18,3042,0.02,-20%,7,8470.213211533413,8470.213211533413,35f6a6573ef9
18,3042,0.02,-20%,8,8567.31449750796,8713.70534496512,35f6a6573ef9
18,3042,0.02,-20%,9,6853.8515980063685,7008.245524429998,35f6a6573ef9
18,3042,0.02,-20%,10,8915.34723831824,7723.8975048196435,35f6a6573ef9
18,3042,0.02,-20%,11,8633.753591507118,8342.788689596457,35f6a6573ef9
18,3042,0.02,-20%,12,7393.708613645921,8174.109609377151,35f6a6573ef9
18,3042,0.02,-20%,13,8968.6867971877,8813.432670173732,35f6a6573ef9
18,3042,0.02,-20%,14,7221.377105115913,7924.250944369696,35f6a6573ef9
18,3042,0.02,-20%,15,9151.26600482462,8429.566459400567,35f6a6573ef9
18,3042,0.02,+/-10%,1,14442.624699943512,14442.624699943512,35f6a6573ef9
18,3042,0.02,+/-10%,2,12998.362229949162,12990.377592533385,35f6a6573ef9
18,3042,0.02,+/-10%,3,11698.526006954247,11668.244270878013,35f6a6573ef9
18,3042,0.02,+/-10%,4,10528.673406258822,10495.650642367737,35f6a6573ef9
18,3042,0.02,+/-10%,5,9475.806065632942,9432.728241494242,35f6a6573ef9
18,3042,0.02,+/-10%,6,8528.225459069647,8489.455419421392,35f6a6573ef9
18,3042,0.02,+/-10%,7,8056.8017303018005,8056.801731493591,35f6a6573ef9
18,3042,0.02,+/-10%,8,7251.121557271621,7499.046372964564,35f6a6573ef9
18,3042,0.02,+/-10%,9,6744.446427553362,6922.711617101546,35f6a6573ef9
18,3042,0.02,+/-10%,10,7418.891070308699,7601.275174167017,35f6a6573ef9
18,3042,0.02,+/-10%,11,8160.7801773395695,7640.5475912328275,35f6a6573ef9
18,3042,0.02,+/-10%,12,8976.858195073528,8404.602354302455,35f6a6573ef9
18,3042,0.02,+/-10%,13,9146.67109494349,8994.199547796643,35f6a6573ef9
18,3042,0.02,+/-10%,14,8232.00398544914,8863.402378356746,35f6a6573ef9
18,3042,0.02,+/-10%,15,8081.636430787979,7940.644615412031,35f6a6573ef9
18,3042,0.02,+/-20%,1,17441.493646703657,17441.493646703657,35f6a6573ef9
18,3042,0.02,+/-20%,2,13953.194917362924,13565.949887190583,35f6a6573ef9
18,3042,0.02,+/-20%,3,11162.555933890342,10842.691057917235,35f6a6573ef9
18,3042,0.02,+/-20%,4,8930.04474711227,8663.05286483706,35f6a6573ef9
18,3042,0.02,+/-20%,5,7144.0357976898185,8341.375173027198,35f6a6573ef9
18,3042,0.02,+/-20%,6,6575.3291220019455,6673.100139044445,35f6a6573ef9
18,3042,0.02,+/-20%,7,7890.3949464023335,8006.460392629051,35f6a6573ef9
18,3042,0.02,+/-20%,8,9127.912646280889,8686.318893133786,35f6a6573ef9
18,3042,0.02,+/-20%,9,7302.330117024713,8137.221053293482,35f6a6573ef9
18,3042,0.02,+/-20%,10,7854.751099765379,7086.061246691852,35f6a6573ef9
18,3042,0.02,+/-20%,11,8970.989226095277,8121.331756236632,35f6a6573ef9
18,3042,0.02,+/-20%,12,7671.773953034813,7864.238035094031,35f6a6573ef9
18,3042,0.02,+/-20%,13,7990.128717528011,8881.008358912317,35f6a6573ef9
18,3042,0.02,+/-20%,14,8343.245310239989,8159.423420925743,35f6a6573ef9
18,3042,0.02,+/-20%,15,8762.70083536532,8538.47772250323,35f6a6573ef9
18,3042,0.04,NHF,1,34217.36966467695,34217.36966467695,35f6a6573ef9
18,3042,0.04,NHF,2,4668.139058481625,4668.139058481625,35f6a6573ef9
18,3042,0.04,NHF,3,4847.061381771065,4847.061381771065,35f6a6573ef9
18,3042,0.04,NHF,4,5519.000619631409,5519.000619631409,35f6a6573ef9
18,3042,0.04,NHF,5,4565.189766280723,4565.189766280723,35f6a6573ef9
18,3042,0.04,NHF,6,4998.826498014445,4998.826498014445,35f6a6573ef9
18,3042,0.04,NHF,7,10842.010063113927,10842.010063113927,35f6a6573ef9
18,3042,0.04,NHF,8,10670.615264601218,10670.615264601218,35f6a6573ef9
18,3042,0.04,NHF,9,12454.37990514385,12454.379905143853,35f6a6573ef9
18,3042,0.04,NHF,10,5553.902126301555,5553.902126301555,35f6a6573ef9
18,3042,0.04,NHF,11,5975.082243183145,5975.082243183145,35f6a6573ef9
18,3042,0.04,NHF,12,5004.045518071525,5004.045518071525,35f6a6573ef9
18,3042,0.04,NHF,13,9867.07403154878,9867.07403154878,35f6a6573ef9
18,3042,0.04,NHF,14,6313.27963685308,6313.27963685308,35f6a6573ef9
18,3042,0.04,NHF,15,10880.208940843826,10880.208940843826,35f6a6573ef9
18,3042,0.04,NDY,1,9734.069169200751,9734.069169200751,35f6a6573ef9
18,3042,0.04,NDY,2,9734.069169200748,9643.838338949863,35f6a6573ef9
18,3042,0.04,NDY,3,9734.069169200755,9548.565734870546,35f6a6573ef9
18,3042,0.04,NDY,4,9734.069169200751,9454.52953756072,35f6a6573ef9
18,3042,0.04,NDY,5,9734.06916920075,9356.050208187047,35f6a6573ef9
18,3042,0.04,NDY,6,9734.069169200744,9261.278433554604,35f6a6573ef9
18,3042,0.04,NDY,7,9734.06916920075,9176.159238156824,35f6a6573ef9
18,3042,0.04,NDY,8,9734.069169200751,9107.91750921021,35f6a6573ef9
18,3042,0.04,NDY,9,9734.06916920075,9043.81963795755,35f6a6573ef9
18,3042,0.04,NDY,10,9734.06916920075,8978.374100222767,35f6a6573ef9
18,3042,0.04,NDY,11,9734.06916920075,8895.209963203408,35f6a6573ef9
18,3042,0.04,NDY,12,9734.069169200757,8820.792526629893,35f6a6573ef9
18,3042,0.04,NDY,13,9734.069169200753,8770.337703658046,35f6a6573ef9
18,3042,0.04,NDY,14,9734.069169200753,8711.520728371226,35f6a6573ef9
18,3042,0.04,NDY,15,9734.06916920075,8661.85484334421,35f6a6573ef9
18,3042,0.04,-10%,1,14444.898180187427,14444.898180187427,35f6a6573ef9
18,3042,0.04,-10%,2,13000.408362168682,12991.557927235188,35f6a6573ef9
18,3042,0.04,-10%,3,11700.367525951819,11687.158282282133,35f6a6573ef9
18,3042,0.04,-10%,4,10530.330773356634,10513.754102100813,35f6a6573ef9
18,3042,0.04,-10%,5,9477.29769602097,9460.749750383711,35f6a6573ef9
18,3042,0.04,-10%,6,8529.567926418873,8514.674778356051,35f6a6573ef9
18,3042,0.04,-10%,7,7676.611133776987,7676.611132650518,35f6a6573ef9
18,3042,0.04,-10%,8,7213.797931104606,7213.797932231075,35f6a6573ef9
18,3042,0.04,-10%,9,6492.418137994145,6492.418140956752,35f6a6573ef9
18,3042,0.04,-10%,10,8885.950547365494,8980.365420522883,35f6a6573ef9
18,3042,0.04,-10%,11,7997.355492628941,8082.328878454132,35f6a6573ef9
18,3042,0.04,-10%,12,7628.278256955176,8035.949981265127,35f6a6573ef9
18,3042,0.04,-10%,13,9416.995072073987,8987.763805806195,35f6a6573ef9
18,3042,0.04,-10%,14,8475.295564866588,8088.9874297625165,35f6a6573ef9
18,3042,0.04,-10%,15,8297.525122456089,7694.399328488769,35f6a6573ef9
18,3042,0.04,-20%,1,17581.77259819327,17581.77259819327,35f6a6573ef9
18,3042,0.04,-20%,2,14065.418078554616,14061.816824000696,35f6a6573ef9
18,3042,0.04,-20%,3,11252.334462843697,11248.197199495897,35f6a6573ef9
18,3042,0.04,-20%,4,9001.867570274955,8997.810047922118,35f6a6573ef9
18,3042,0.04,-20%,5,7201.494056219964,7198.24803718119,35f6a6573ef9
18,3042,0.04,-20%,6,5761.195244975972,5758.598431996129,35f6a6573ef9
18,3042,0.04,-20%,7,7997.957294259237,7997.957296072995,35f6a6573ef9
18,3042,0.04,-20%,8,8224.16739142572,8224.167389611963,35f6a6573ef9
18,3042,0.04,-20%,9,7866.542148544793,7361.175497928873,35f6a6573ef9
18,3042,0.04,-20%,10,8779.708333913753,9434.032062103304,35f6a6573ef9
18,3042,0.04,-20%,11,8281.251544328807,8655.704887243168,35f6a6573ef9
18,3042,0.04,-20%,12,8613.923969064492,7872.885997694089,35f6a6573ef9
18,3042,0.04,-20%,13,7728.326462979393,7947.433432406827,35f6a6573ef9
18,3042,0.04,-20%,14,7373.244966079214,7371.765547534191,35f6a6573ef9
18,3042,0.04,-20%,15,8225.584173506473,7688.241972043197,35f6a6573ef9
18,3042,0.04,+/-10%,1,14443.446322194695,14443.446322194695,35f6a6573ef9
18,3042,0.04,+/-10%,2,12999.101689975221,12984.601829427223,35f6a6573ef9
18,3042,0.04,+/-10%,3,11699.191520977702,11683.381046189867,35f6a6573ef9
18,3042,0.04,+/-10%,4,10529.272368879929,10510.479495456686,35f6a6573ef9
18,3042,0.04,+/-10%,5,9476.345131991939,9459.393437580959,35f6a6573ef9
18,3042,0.04,+/-10%,6,8528.710618792744,8513.454089880026,35f6a6573ef9
18,3042,0.04,+/-10%,7,7675.83955691347,7675.839555764205,35f6a6573ef9
18,3042,0.04,+/-10%,8,7214.569507968124,7312.716368955665,35f6a6573ef9
18,3042,0.04,+/-10%,9,7011.034008472111,7032.311114693366,35f6a6573ef9
18,3042,0.04,+/-10%,10,7712.137409319324,7735.5422267945605,35f6a6573ef9
18,3042,0.04,+/-10%,11,8483.351150251256,8237.465226541097,35f6a6573ef9
18,3042,0.04,+/-10%,12,8288.501052717264,8646.663246262606,35f6a6573ef9
18,3042,0.04,+/-10%,13,9117.351157988993,8942.85942598096,35f6a6573ef9
18,3042,0.04,+/-10%,14,8205.616042190091,8072.972416495015,35f6a6573ef9
18,3042,0.04,+/-10%,15,8366.0854501395,7219.35187469449,35f6a6573ef9
18,3042,0.04,+/-20%,1,17568.735728408134,17568.735728408134,35f6a6573ef9
18,3042,0.04,+/-20%,2,14054.988582726503,14054.513492190104,35f6a6573ef9
18,3042,0.04,+/-20%,3,11243.990866181208,11240.163927109134,35f6a6573ef9
18,3042,0.04,+/-20%,4,8995.192692944955,8991.455874468771,35f6a6573ef9
18,3042,0.04,+/-20%,5,7196.154154355966,7193.164698226162,35f6a6573ef9
18,3042,0.04,+/-20%,6,5756.923323484774,5756.728725521129,35f6a6573ef9
18,3042,0.04,+/-20%,7,6908.307988181728,7010.83560508954,35f6a6573ef9
18,3042,0.04,+/-20%,8,8289.969585818073,8162.637759626691,35f6a6573ef9
18,3042,0.04,+/-20%,9,9947.963502981689,9947.627241591817,35f6a6573ef9
18,3042,0.04,+/-20%,10,8999.969628617146,9002.333262713351,35f6a6573ef9
18,3042,0.04,+/-20%,11,7487.395158749424,7605.90535268624,35f6a6573ef9
18,3042,0.04,+/-20%,12,8154.1800908607165,7862.392891775785,35f6a6573ef9
18,3042,0.04,+/-20%,13,6641.110890935787,6915.5679392843385,35f6a6573ef9
18,3042,0.04,+/-20%,14,7412.378152765688,7309.170736858921,35f6a6573ef9
18,3042,0.04,+/-20%,15,8702.01372755214,8581.340206213443,35f6a6573ef9
18,3042,0.06,NHF,1,34217.36966467695,34217.36966467695,35f6a6573ef9
18,3042,0.06,NHF,2,4668.139058481625,4668.139058481625,35f6a6573ef9
18,3042,0.06,NHF,3,4847.061381771065,4847.061381771065,35f6a6573ef9
18,3042,0.06,NHF,4,5519.000619631409,5519.000619631409,35f6a6573ef9
18,3042,0.06,NHF,5,4565.189766280723,4565.189766280723,35f6a6573ef9
18,3042,0.06,NHF,6,4998.826498014445,4998.826498014445,35f6a6573ef9
18,3042,0.06,NHF,7,10842.010063113927,10842.010063113927,35f6a6573ef9
18,3042,0.06,NHF,8,10670.615264601218,10670.615264601218,35f6a6573ef9
18,3042,0.06,NHF,9,12454.37990514385,12454.379905143853,35f6a6573ef9
18,3042,0.06,NHF,10,5553.902126301555,5553.902126301555,35f6a6573ef9
18,3042,0.06,NHF,11,5975.082243183145,5975.082243183145,35f6a6573ef9
18,3042,0.06,NHF,12,5004.045518071525,5004.045518071525,35f6a6573ef9
18,3042,0.06,NHF,13,9867.07403154878,9867.07403154878,35f6a6573ef9
18,3042,0.06,NHF,14,6313.27963685308,6313.27963685308,35f6a6573ef9
18,3042,0.06,NHF,15,10880.208940843826,10880.208940843826,35f6a6573ef9
18,3042,0.06,NDY,1,9655.298981974965,9655.298981974965,35f6a6573ef9
18,3042,0.06,NDY,2,9655.29898197497,9518.942936837726,35f6a6573ef9
18,3042,0.06,NDY,3,9655.298981974967,9431.812273177264,35f6a6573ef9
18,3042,0.06,NDY,4,9655.298981974967,9343.598493578591,35f6a6573ef9
18,3042,0.06,NDY,5,9655.298981974965,9223.469464147089,35f6a6573ef9
18,3042,0.06,NDY,6,9655.298981974967,9133.611593525286,35f6a6573ef9
18,3042,0.06,NDY,7,9655.298981974964,9046.07023169199,35f6a6573ef9
18,3042,0.06,NDY,8,9655.298981974965,8975.36544623476,35f6a6573ef9
18,3042,0.06,NDY,9,9655.298981974967,8905.94356404857,35f6a6573ef9
18,3042,0.06,NDY,10,9655.298981974967,8847.750838568034,35f6a6573ef9
18,3042,0.06,NDY,11,9655.298981974965,8787.777029580273,35f6a6573ef9
18,3042,0.06,NDY,12,9655.298981974965,8713.273875485598,35f6a6573ef9
18,3042,0.06,NDY,13,9655.298981974967,8670.714354852873,35f6a6573ef9
18,3042,0.06,NDY,14,9655.298981974967,8599.965983650194,35f6a6573ef9
18,3042,0.06,NDY,15,9655.298981974967,8531.402949393065,35f6a6573ef9
18,3042,0.06,-10%,1,14400.048707224409,14400.048707224409,35f6a6573ef9
18,3042,0.06,-10%,2,12960.043836501967,12953.714362646617,35f6a6573ef9
18,3042,0.06,-10%,3,11664.039452851772,11627.03793353817,35f6a6573ef9
18,3042,0.06,-10%,4,10497.635507566594,10454.789514463924,35f6a6573ef9
18,3042,0.06,-10%,5,9447.871956809937,9407.623975507953,35f6a6573ef9
18,3042,0.06,-10%,6,8503.084761128943,8466.861579949213,35f6a6573ef9
18,3042,0.06,-10%,7,7652.776285016047,7652.776282865934,35f6a6573ef9
18,3042,0.06,-10%,8,6887.498656514444,6887.498661866841,35f6a6573ef9
18,3042,0.06,-10%,9,6312.653562396649,6198.748797224464,35f6a6573ef9
18,3042,0.06,-10%,10,9195.30748044796,9303.250537557,35f6a6573ef9
18,3042,0.06,-10%,11,8275.776732403163,8680.951280783776,35f6a6573ef9
18,3042,0.06,-10%,12,8330.826888622092,8385.138385717471,35f6a6573ef9
18,3042,0.06,-10%,13,9116.219740137562,8733.602379028684,35f6a6573ef9
18,3042,0.06,-10%,14,8204.597766123803,7860.242142924215,35f6a6573ef9
18,3042,0.06,-10%,15,7789.328716559645,7074.2179293784375,35f6a6573ef9
18,3042,0.06,-20%,1,17531.200785979094,17531.200785979094,35f6a6573ef9
18,3042,0.06,-20%,2,14024.960628783274,13972.702731722291,35f6a6573ef9
18,3042,0.06,-20%,3,11219.968503026625,11164.65297223931,35f6a6573ef9
18,3042,0.06,-20%,4,8975.974802421295,8931.593653715028,35f6a6573ef9
18,3042,0.06,-20%,5,7180.779841937038,7145.274921200465,35f6a6573ef9
18,3042,0.06,-20%,6,5744.623873549632,5716.219934620354,35f6a6573ef9
18,3042,0.06,-20%,7,7091.08936260289,7091.089361890932,35f6a6573ef9
18,3042,0.06,-20%,8,9201.0500941616,8762.341140439217,35f6a6573ef9
18,3042,0.06,-20%,9,8130.435640175537,8588.790472299184,35f6a6573ef9
18,3042,0.06,-20%,10,9320.471162539376,9351.54755435713,35f6a6573ef9
18,3042,0.06,-20%,11,7731.261669838012,8040.528207928833,35f6a6573ef9
18,3042,0.06,-20%,12,8424.312317746831,8210.951373824693,35f6a6573ef9
18,3042,0.06,-20%,13,6739.449854197465,6570.940340001013,35f6a6573ef9
18,3042,0.06,-20%,14,7633.914439922717,7195.205486200337,35f6a6573ef9
18,3042,0.06,-20%,15,8953.984551713995,8622.523101362742,35f6a6573ef9
18,3042,0.06,+/-10%,1,14399.59402582906,14399.59402582906,35f6a6573ef9
18,3042,0.06,+/-10%,2,12959.634623246151,12928.457939437065,35f6a6573ef9
18,3042,0.06,+/-10%,3,11663.671160921538,11613.036882753657,35f6a6573ef9
18,3042,0.06,+/-10%,4,10497.304044829383,10447.063655645308,35f6a6573ef9
18,3042,0.06,+/-10%,5,9447.573640346447,9398.871354863535,35f6a6573ef9
18,3042,0.06,+/-10%,6,8502.8162763118,8458.984220953527,35f6a6573ef9
18,3042,0.06,+/-10%,7,7652.534648680619,7652.534647755092,35f6a6573ef9
18,3042,0.06,+/-10%,8,6887.281183812558,6887.281186441999,35f6a6573ef9
18,3042,0.06,+/-10%,9,7050.036663889724,7171.566939092505,35f6a6573ef9
18,3042,0.06,+/-10%,10,7755.040330278697,7888.723635897913,35f6a6573ef9
18,3042,0.06,+/-10%,11,8530.544363306566,8677.5959934908,35f6a6573ef9
18,3042,0.06,+/-10%,12,9095.621451638375,8689.822857010253,35f6a6573ef9
18,3042,0.06,+/-10%,13,8973.385981062935,8861.233874538595,35f6a6573ef9
18,3042,0.06,+/-10%,14,8076.04738295664,7975.110489777152,35f6a6573ef9
18,3042,0.06,+/-10%,15,8053.832358572179,7169.633695303875,35f6a6573ef9
18,3042,0.06,+/-20%,1,17526.568856925023,17526.568856925023,35f6a6573ef9
18,3042,0.06,+/-20%,2,14021.255085540022,13976.278438341405,35f6a6573ef9
18,3042,0.06,+/-20%,3,11217.00406843202,11170.852017510731,35f6a6573ef9
18,3042,0.06,+/-20%,4,8973.603254745613,8936.681614275843,35f6a6573ef9
18,3042,0.06,+/-20%,5,7178.882603796493,7129.385206244475,35f6a6573ef9
18,3042,0.06,+/-20%,6,5743.106083037195,5743.106082565948,35f6a6573ef9
18,3042,0.06,+/-20%,7,6891.727299644634,6891.72730002776,35f6a6573ef9
18,3042,0.06,+/-20%,8,8270.072759573557,8806.67884684852,35f6a6573ef9
18,3042,0.06,+/-20%,9,9924.08731148827,8950.470317696005,35f6a6573ef9
18,3042,0.06,+/-20%,10,9213.041813166335,9456.036091887296,35f6a6573ef9
18,3042,0.06,+/-20%,11,7370.433450533066,7733.628878502287,35f6a6573ef9
18,3042,0.06,+/-20%,12,8267.61216398647,8107.653039583013,35f6a6573ef9
18,3042,0.06,+/-20%,13,6614.089731189178,6486.122430906077,35f6a6573ef9
18,3042,0.06,+/-20%,14,7239.543192992764,7239.543192609637,35f6a6573ef9
18,3042,0.06,+/-20%,15,8687.451831591316,8628.575012933192,35f6a6573ef9
18,4042,0.0,NHF,1,2166.05376492,2166.05376492,35f6a6573ef9
18,4042,0.0,NHF,2,1451.6765392250002,83.33365450666666,35f6a6573ef9
18,4042,0.0,NHF,3,6612.631080480057,969.0029582999999,35f6a6573ef9
18,4042,0.0,NHF,4,8140.51584073,11106.856303885708,35f6a6573ef9
18,4042,0.0,NHF,5,28286.06102164105,18119.46625798742,35f6a6573ef9
18,4042,0.0,NHF,6,9087.35515402329,8685.111427477414,35f6a6573ef9
18,4042,0.0,NHF,7,21391.573931427258,6570.922031549168,35f6a6573ef9
18,4042,0.0,NHF,8,10384.6964446439,13805.2417523977,35f6a6573ef9
18,4042,0.0,NHF,9,4147.6530252387765,8406.40905988318,35f6a6573ef9
18,4042,0.0,NHF,10,262.33240328,10048.347120793285,35f6a6573ef9
18,4042,0.0,NHF,11,263.6925114,7894.233018289552,35f6a6573ef9
18,4042,0.0,NHF,12,1838.2601402275,11446.484804501819,35f6a6573ef9
18,4042,0.0,NHF,13,1562.85367514,6845.830185069076,35f6a6573ef9
18,4042,0.0,NHF,14,5254.235430357499,10677.314688622931,35f6a6573ef9
18,4042,0.0,NHF,15,72835.81307656842,6526.865928565001,35f6a6573ef9
18,4042,0.0,NDY,1,4379.656424129158,4379.656424129158,35f6a6573ef9
18,4042,0.0,NDY,2,10610.09102189038,9043.062623702961,35f6a6573ef9
18,4042,0.0,NDY,3,10610.091021890383,8932.564052890162,35f6a6573ef9
18,4042,0.0,NDY,4,10610.091021890383,8987.527726919243,35f6a6573ef9
18,4042,0.0,NDY,5,10610.091021890381,10338.479164223801,35f6a6573ef9
18,4042,0.0,NDY,6,10610.091021890386,10128.84795672274,35f6a6573ef9
18,4042,0.0,NDY,7,10610.091021890383,9876.902378585839,35f6a6573ef9
18,4042,0.0,NDY,8,10610.091021890383,9831.346884149218,35f6a6573ef9
18,4042,0.0,NDY,9,10610.091021890383,9677.33867189226,35f6a6573ef9
18,4042,0.0,NDY,10,10610.091021890385,9457.330406168916,35f6a6573ef9
18,4042,0.0,NDY,11,10610.091021890385,9078.744988686745,35f6a6573ef9
18,4042,0.0,NDY,12,10610.091021890386,8686.02292817476,35f6a6573ef9
18,4042,0.0,NDY,13,10610.091021890386,8274.92706712488,35f6a6573ef9
18,4042,0.0,NDY,14,10610.091021890385,7087.361183950626,35f6a6573ef9
18,4042,0.0,NDY,15,10610.091021890383,8988.34043328451,35f6a6573ef9
18,4042,0.0,-10%,1,4854.018067950637,4854.018067950637,35f6a6573ef9
18,4042,0.0,-10%,2,4368.616261155574,4073.32619661,35f6a6573ef9
18,4042,0.0,-10%,3,4142.809392191339,5102.1825303175,35f6a6573ef9
18,4042,0.0,-10%,4,14654.482225577014,15026.448547256336,35f6a6573ef9
18,4042,0.0,-10%,5,13189.034003019317,13449.021625742585,35f6a6573ef9
18,4042,0.0,-10%,6,11870.130602717385,12432.528991362224,35f6a6573ef9
18,4042,0.0,-10%,7,10683.117542445645,11619.098923313339,35f6a6573ef9
18,4042,0.0,-10%,8,9614.805788201082,9498.896352488679,35f6a6573ef9
18,4042,0.0,-10%,9,8653.325209380975,6288.795180918431,35f6a6573ef9
18,4042,0.0,-10%,10,7787.992688442878,10723.21451935225,35f6a6573ef9
18,4042,0.0,-10%,11,14100.759353246103,9526.796707385327,35f6a6573ef9
18,4042,0.0,-10%,12,14554.30867200327,7969.197687091216,35f6a6573ef9
18,4042,0.0,-10%,13,13098.877804802944,7118.861979838972,35f6a6573ef9
18,4042,0.0,-10%,14,11788.990024322651,3957.3735193729144,35f6a6573ef9
18,4042,0.0,-10%,15,10610.091021890383,8605.935279697856,35f6a6573ef9
18,4042,0.0,-20%,1,4747.622461111763,4747.622461111763,35f6a6573ef9
18,4042,0.0,-20%,2,3798.0979688894104,3798.09797368,35f6a6573ef9
18,4042,0.0,-20%,3,3038.4783751115287,5496.2013079175,35f6a6573ef9
18,4042,0.0,-20%,4,13235.431916919766,10681.247588467499,35f6a6573ef9
18,4042,0.0,-20%,5,16689.542084414126,18152.007266419074,35f6a6573ef9
18,4042,0.0,-20%,6,13351.633667531303,13776.66382013384,35f6a6573ef9
18,4042,0.0,-20%,7,10681.306934025044,10867.041649609355,35f6a6573ef9
18,4042,0.0,-20%,8,8585.108783748763,8380.086385678678,35f6a6573ef9
18,4042,0.0,-20%,9,6868.087026999012,7447.75404969,35f6a6573ef9
18,4042,0.0,-20%,10,8453.480350257754,8724.676095529014,35f6a6573ef9
18,4042,0.0,-20%,11,7939.875981196305,10253.002487969829,35f6a6573ef9
18,4042,0.0,-20%,12,16167.067853874521,8501.24107640919,35f6a6573ef9
18,4042,0.0,-20%,13,16578.26722170372,6482.772368139739,35f6a6573ef9
18,4042,0.0,-20%,14,13262.613777362978,7302.209959749871,35f6a6573ef9
18,4042,0.0,-20%,15,10610.091021890386,4982.168577967319,35f6a6573ef9
18,4042,0.0,+/-10%,1,6610.697478198224,6610.697478198224,35f6a6573ef9
18,4042,0.0,+/-10%,2,7271.76722601805,7181.967852953897,35f6a6573ef9
18,4042,0.0,+/-10%,3,7998.943948619854,8389.676078350354,35f6a6573ef9
18,4042,0.0,+/-10%,4,8798.83834348184,9620.081257755144,35f6a6573ef9
18,4042,0.0,+/-10%,5,9678.722177830026,12238.389752897687,35f6a6573ef9
18,4042,0.0,+/-10%,6,10646.59439561303,11691.832175904294,35f6a6573ef9
18,4042,0.0,+/-10%,7,10499.414868160651,10173.381998606545,35f6a6573ef9
18,4042,0.0,+/-10%,8,9449.473381344586,9654.641832679757,35f6a6573ef9
18,4042,0.0,+/-10%,9,10394.420719479043,8018.367336419902,35f6a6573ef9
18,4042,0.0,+/-10%,10,11433.862791426951,9576.60842627175,35f6a6573ef9
18,4042,0.0,+/-10%,11,12577.24907056965,9138.904546826145,35f6a6573ef9
18,4042,0.0,+/-10%,12,13834.973977626616,8262.01011285919,35f6a6573ef9
18,4042,0.0,+/-10%,13,13098.877804802942,6696.399741382511,35f6a6573ef9
18,4042,0.0,+/-10%,14,11788.990024322651,7828.947388493171,35f6a6573ef9
18,4042,0.0,+/-10%,15,10610.091021890383,8993.910208212541,35f6a6573ef9
18,4042,0.0,+/-20%,1,5445.286371218082,5445.286371218082,35f6a6573ef9
18,4042,0.0,+/-20%,2,6534.343645461696,6619.258646556185,35f6a6573ef9
18,4042,0.0,+/-20%,3,7841.212374554041,8571.382965638355,35f6a6573ef9
18,4042,0.0,+/-20%,4,9409.454849464842,10858.898530911783,35f6a6573ef9
18,4042,0.0,+/-20%,5,11291.345819357814,12386.732684023296,35f6a6573ef9
18,4042,0.0,+/-20%,6,12973.875118280936,10869.769538206563,35f6a6573ef9
18,4042,0.0,+/-20%,7,10379.10009462475,9975.512075657292,35f6a6573ef9
18,4042,0.0,+/-20%,8,8303.280075699799,10531.764083578677,35f6a6573ef9
18,4042,0.0,+/-20%,9,7914.199591068396,8786.108419346594,35f6a6573ef9
18,4042,0.0,+/-20%,10,9497.039509282076,9460.508159915767,35f6a6573ef9
18,4042,0.0,+/-20%,11,11396.447411138493,8193.633448228806,35f6a6573ef9
18,4042,0.0,+/-20%,12,13675.736893366193,8859.07948313919,35f6a6573ef9
18,4042,0.0,+/-20%,13,16410.884272039428,6786.172524076179,35f6a6573ef9
18,4042,0.0,+/-20%,14,13262.613777362978,7331.303331581752,35f6a6573ef9
18,4042,0.0,+/-20%,15,10610.091021890383,8867.376840978328,35f6a6573ef9
18,4042,0.02,NHF,1,33976.31012321083,33976.31012321083,35f6a6573ef9
18,4042,0.02,NHF,2,4058.3676935874955,5036.634346134066,35f6a6573ef9
18,4042,0.02,NHF,3,6435.178381505909,5807.999891615201,35f6a6573ef9
18,4042,0.02,NHF,4,4711.07075921289,5420.325439417492,35f6a6573ef9
18,4042,0.02,NHF,5,13336.489867411954,11762.051137021483,35f6a6573ef9
18,4042,0.02,NHF,6,4994.145913123196,4994.145913123196,35f6a6573ef9
18,4042,0.02,NHF,7,8951.332313189581,8951.332313189581,35f6a6573ef9
18,4042,0.02,NHF,8,9879.08207175556,9879.08207175556,35f6a6573ef9
18,4042,0.02,NHF,9,11487.403866845394,11806.574883217023,35f6a6573ef9
18,4042,0.02,NHF,10,3061.710993409004,3324.495218359354,35f6a6573ef9
18,4042,0.02,NHF,11,5418.84777694188,8175.008704607092,35f6a6573ef9
18,4042,0.02,NHF,12,6951.27843009043,5641.187189857319,35f6a6573ef9
18,4042,0.02,NHF,13,13599.804009141426,13347.3253506189,35f6a6573ef9
18,4042,0.02,NHF,14,6672.90162298934,3941.781173579561,35f6a6573ef9
18,4042,0.02,NHF,15,11803.437446233807,10341.954964183367,35f6a6573ef9
18,4042,0.02,NDY,1,10153.356403278178,10153.356403278178,35f6a6573ef9
18,4042,0.02,NDY,2,10153.356403278178,10052.540983774954,35f6a6573ef9
18,4042,0.02,NDY,3,10153.35640327818,9958.006451403322,35f6a6573ef9
18,4042,0.02,NDY,4,10153.35640327818,9860.4697809998,35f6a6573ef9
18,4042,0.02,NDY,5,10153.356403278178,9766.161346556011,35f6a6573ef9
18,4042,0.02,NDY,6,10153.356403278183,9680.367710117069,35f6a6573ef9
18,4042,0.02,NDY,7,10153.35640327818,9594.20932890559,35f6a6573ef9
18,4042,0.02,NDY,8,10153.356403278183,9519.501476278576,35f6a6573ef9
18,4042,0.02,NDY,9,10153.356403278178,9457.464318512537,35f6a6573ef9
18,4042,0.02,NDY,10,10153.356403278163,9397.282992386617,35f6a6573ef9
18,4042,0.02,NDY,11,10153.356403278185,9338.653260797235,35f6a6573ef9
18,4042,0.02,NDY,12,10153.356403278176,9271.581603812692,35f6a6573ef9
18,4042,0.02,NDY,13,10153.35640327818,9210.182209928642,35f6a6573ef9
18,4042,0.02,NDY,14,10153.356403278176,9156.93339785689,35f6a6573ef9
18,4042,0.02,NDY,15,10153.35640327818,9102.913311620501,35f6a6573ef9
18,4042,0.02,-10%,1,15455.16402245141,15455.16402245141,35f6a6573ef9
18,4042,0.02,-10%,2,13909.647620206268,13920.268077280083,35f6a6573ef9
18,4042,0.02,-10%,3,12518.682858185646,12486.37888582757,35f6a6573ef9
18,4042,0.02,-10%,4,11266.814572367077,11226.97100470871,35f6a6573ef9
18,4042,0.02,-10%,5,10140.133115130373,10097.120388174399,35f6a6573ef9
18,4042,0.02,-10%,6,9126.119803617335,9087.408352396735,35f6a6573ef9
18,4042,0.02,-10%,7,8213.5078232556,8178.66751730768,35f6a6573ef9
18,4042,0.02,-10%,8,7392.157040930044,7397.801187040843,35f6a6573ef9
18,4042,0.02,-10%,9,6652.941336837036,6658.021071248697,35f6a6573ef9
18,4042,0.02,-10%,10,5987.647203153333,7499.176450587441,35f6a6573ef9
18,4042,0.02,-10%,11,8991.47352628447,6822.719251145471,35f6a6573ef9
18,4042,0.02,-10%,12,10051.089868931544,9559.950727973388,35f6a6573ef9
18,4042,0.02,-10%,13,9045.98088203839,9589.674924039931,35f6a6573ef9
18,4042,0.02,-10%,14,8141.382793834551,8625.554591715114,35f6a6573ef9
18,4042,0.02,-10%,15,7327.2445144510975,7765.990724381056,35f6a6573ef9
18,4042,0.02,-20%,1,19067.851639531204,19067.851639531204,35f6a6573ef9
18,4042,0.02,-20%,2,15254.281311624964,15163.229073128143,35f6a6573ef9
18,4042,0.02,-20%,3,12203.425049299973,12024.264681782082,35f6a6573ef9
18,4042,0.02,-20%,4,9762.740039439976,9720.621816278279,35f6a6573ef9
18,4042,0.02,-20%,5,7810.192031551982,7920.6029839913635,35f6a6573ef9
18,4042,0.02,-20%,6,6248.153625241585,6336.4823874606955,35f6a6573ef9
18,4042,0.02,-20%,7,6513.0350048041955,6513.0350048041955,35f6a6573ef9
18,4042,0.02,-20%,8,8722.320375028212,8722.320375088077,35f6a6573ef9
18,4042,0.02,-20%,9,6977.85630002257,8845.615652662622,35f6a6573ef9
18,4042,0.02,-20%,10,9295.241369118039,7869.985448241993,35f6a6573ef9
18,4042,0.02,-20%,11,8855.54743388499,7719.908459122094,35f6a6573ef9
18,4042,0.02,-20%,12,9582.447245831496,8436.108304449921,35f6a6573ef9
18,4042,0.02,-20%,13,7963.1211323855605,9035.638999114582,35f6a6573ef9
18,4042,0.02,-20%,14,6370.496905908448,7228.511198182757,35f6a6573ef9
18,4042,0.02,-20%,15,8471.032775283238,8308.236509280394,35f6a6573ef9
18,4042,0.02,+/-10%,1,15430.823093634961,15430.823093634961,35f6a6573ef9
18,4042,0.02,+/-10%,2,13887.740784271464,13891.917546733084,35f6a6573ef9
18,4042,0.02,+/-10%,3,12498.966705844316,12472.039125624571,35f6a6573ef9
18,4042,0.02,+/-10%,4,11249.070035259881,11211.439873162637,35f6a6573ef9
18,4042,0.02,+/-10%,5,10124.163031733897,10075.843949025695,35f6a6573ef9
18,4042,0.02,+/-10%,6,9111.746728560507,9067.493133012018,35f6a6573ef9
18,4042,0.02,+/-10%,7,8200.572055704455,8160.74381893829,35f6a6573ef9
18,4042,0.02,+/-10%,8,7380.514850134013,7382.734554061901,35f6a6573ef9
18,4042,0.02,+/-10%,9,6715.644341980419,6799.360349540672,35f6a6573ef9
18,4042,0.02,+/-10%,10,7387.208776178462,7700.398159525684,35f6a6573ef9
18,4042,0.02,+/-10%,11,8125.92965379631,7835.877903669167,35f6a6573ef9
18,4042,0.02,+/-10%,12,8938.522619175941,8814.263948906097,35f6a6573ef9
18,4042,0.02,+/-10%,13,9309.604646120008,9295.393635673208,35f6a6573ef9
18,4042,0.02,+/-10%,14,8378.644181508007,8365.854279691028,35f6a6573ef9
18,4042,0.02,+/-10%,15,7540.779763357206,7696.009171474363,35f6a6573ef9
18,4042,0.02,+/-20%,1,19061.485342854758,19061.485342854758,35f6a6573ef9
18,4042,0.02,+/-20%,2,15249.188274283808,15157.287368016809,35f6a6573ef9
18,4042,0.02,+/-20%,3,12199.35061942705,12026.40230997184,35f6a6573ef9
18,4042,0.02,+/-20%,4,9759.480495541638,9714.217399525001,35f6a6573ef9
18,4042,0.02,+/-20%,5,7807.584396433312,7920.6029839913635,35f6a6573ef9
18,4042,0.02,+/-20%,6,6246.067517146649,6336.4823874606955,35f6a6573ef9
18,4042,0.02,+/-20%,7,6850.800959037036,6850.800960402934,35f6a6573ef9
18,4042,0.02,+/-20%,8,8220.961150844443,8220.961147313557,35f6a6573ef9
18,4042,0.02,+/-20%,9,7262.865473672618,8839.174383916814,35f6a6573ef9
18,4042,0.02,+/-20%,10,8715.43856840714,8042.035392967009,35f6a6573ef9
18,4042,0.02,+/-20%,11,9491.97016231226,7717.893055318667,35f6a6573ef9
18,4042,0.02,+/-20%,12,9405.385581283605,8436.108304449921,35f6a6573ef9
18,4042,0.02,+/-20%,13,7524.308465026886,9074.846082701273,35f6a6573ef9
18,4042,0.02,+/-20%,14,6985.152046588411,7259.8768677440175,35f6a6573ef9
18,4042,0.02,+/-20%,15,8382.182455906091,8149.104952591205,35f6a6573ef9
18,4042,0.04,NHF,1,38294.26686236342,38294.26686236342,35f6a6573ef9
18,4042,0.04,NHF,2,6335.434071275432,6335.434071275432,35f6a6573ef9
18,4042,0.04,NHF,3,4332.642901455916,4332.642901455916,35f6a6573ef9
18,4042,0.04,NHF,4,3530.1709639283317,3530.1709639283317,35f6a6573ef9
18,4042,0.04,NHF,5,5230.815199751737,5230.815199751737,35f6a6573ef9
18,4042,0.04,NHF,6,4994.145913123196,4994.145913123196,35f6a6573ef9
18,4042,0.04,NHF,7,9410.13816206179,9410.13816206179,35f6a6573ef9
18,4042,0.04,NHF,8,10793.458847597984,10793.458847597985,35f6a6573ef9
18,4042,0.04,NHF,9,14728.940588425197,14728.940588425197,35f6a6573ef9
18,4042,0.04,NHF,10,5197.080436453673,5197.080436453673,35f6a6573ef9
18,4042,0.04,NHF,11,6244.787499753177,6244.787499753176,35f6a6573ef9
18,4042,0.04,NHF,12,4970.027096043906,4970.027096043906,35f6a6573ef9
18,4042,0.04,NHF,13,10239.378950141308,10239.378950141308,35f6a6573ef9
18,4042,0.04,NHF,14,4442.178084327387,4442.178084327387,35f6a6573ef9
18,4042,0.04,NHF,15,10542.990962131757,10542.990962131758,35f6a6573ef9
18,4042,0.04,NDY,1,10097.25300811339,10097.25300811339,35f6a6573ef9
18,4042,0.04,NDY,2,10097.25300811339,9964.365363073688,35f6a6573ef9
18,4042,0.04,NDY,3,10097.25300811339,9859.556964674719,35f6a6573ef9
18,4042,0.04,NDY,4,10097.253008113388,9744.196122570545,35f6a6573ef9
18,4042,0.04,NDY,5,10097.253008113388,9636.492336952939,35f6a6573ef9
18,4042,0.04,NDY,6,10097.25300811339,9543.170577893294,35f6a6573ef9
18,4042,0.04,NDY,7,10097.253008113386,9432.730095064537,35f6a6573ef9
18,4042,0.04,NDY,8,10097.253008113386,9335.791215947109,35f6a6573ef9
18,4042,0.04,NDY,9,10097.253008113388,9264.551264001766,35f6a6573ef9
18,4042,0.04,NDY,10,10097.253008113386,9192.878539358875,35f6a6573ef9
18,4042,0.04,NDY,11,10097.253008113388,9108.042279476254,35f6a6573ef9
18,4042,0.04,NDY,12,10097.253008113388,9023.87935238133,35f6a6573ef9
18,4042,0.04,NDY,13,10097.253008113386,8945.871164798444,35f6a6573ef9
18,4042,0.04,NDY,14,10097.253008113388,8891.758548488557,35f6a6573ef9
18,4042,0.04,NDY,15,10097.253008113386,8817.063521355465,35f6a6573ef9
18,4042,0.04,-10%,1,15436.089209963413,15436.089209963413,35f6a6573ef9
18,4042,0.04,-10%,2,13892.48028896707,13884.573624564042,35f6a6573ef9
18,4042,0.04,-10%,3,12503.232260070368,12486.718659155003,35f6a6573ef9
18,4042,0.04,-10%,4,11252.909034063327,11227.8616605305,35f6a6573ef9
18,4042,0.04,-10%,5,10127.618130656998,10102.456370385538,35f6a6573ef9
18,4042,0.04,-10%,6,9114.856317591297,9092.210735117862,35f6a6573ef9
18,4042,0.04,-10%,7,8203.370685832168,8182.989658953726,35f6a6573ef9
18,4042,0.04,-10%,8,7383.033617248952,7373.282500391917,35f6a6573ef9
18,4042,0.04,-10%,9,6644.730255524056,6635.954254120356,35f6a6573ef9
18,4042,0.04,-10%,10,5980.257229971651,5972.358829868083,35f6a6573ef9
18,4042,0.04,-10%,11,7657.32289633941,8534.622896718874,35f6a6573ef9
18,4042,0.04,-10%,12,10333.754541573606,10039.209110986258,35f6a6573ef9
18,4042,0.04,-10%,13,9410.02332154395,9032.983826151094,35f6a6573ef9
18,4042,0.04,-10%,14,8469.020989389554,8126.001858546058,35f6a6573ef9
18,4042,0.04,-10%,15,7622.1188904506,7307.345377504145,35f6a6573ef9
18,4042,0.04,-20%,1,19080.683588243526,19080.683588243526,35f6a6573ef9
18,4042,0.04,-20%,2,15264.546870594819,15257.488386263994,35f6a6573ef9
18,4042,0.04,-20%,3,12211.637496475858,12203.368404322466,35f6a6573ef9
18,4042,0.04,-20%,4,9769.309997180686,9762.503360515433,35f6a6573ef9
18,4042,0.04,-20%,5,7815.447997744552,7810.002683575112,35f6a6573ef9
18,4042,0.04,-20%,6,6252.358398195639,6248.002145550695,35f6a6573ef9
18,4042,0.04,-20%,7,5408.669742577596,5408.669740939805,35f6a6573ef9
18,4042,0.04,-20%,8,8551.934840395526,8551.934842033315,35f6a6573ef9
18,4042,0.04,-20%,9,8935.787286539608,8804.228762865127,35f6a6573ef9
18,4042,0.04,-20%,10,9664.353760484859,9954.783669129643,35f6a6573ef9
18,4042,0.04,-20%,11,7731.48300838789,7963.826934784314,35f6a6573ef9
18,4042,0.04,-20%,12,9459.210043586198,8808.24733346193,35f6a6573ef9
18,4042,0.04,-20%,13,7567.36803486896,7717.914945251452,35f6a6573ef9
18,4042,0.04,-20%,14,6053.894427895167,6174.331955612658,35f6a6573ef9
18,4042,0.04,-20%,15,8386.501135936142,7790.627045865004,35f6a6573ef9
18,4042,0.04,+/-10%,1,15416.168776466498,15416.168776466498,35f6a6573ef9
18,4042,0.04,+/-10%,2,13874.551898819846,13860.076555940888,35f6a6573ef9
18,4042,0.04,+/-10%,3,12487.096708937861,12467.672030955433,35f6a6573ef9
18,4042,0.04,+/-10%,4,11238.387038044071,11214.388668687146,35f6a6573ef9
18,4042,0.04,+/-10%,5,10114.54833423967,10087.170062909723,35f6a6573ef9
18,4042,0.04,+/-10%,6,9103.0935008157,9075.01818375397,35f6a6573ef9
18,4042,0.04,+/-10%,7,8192.78415073413,8167.516367811873,35f6a6573ef9
18,4042,0.04,+/-10%,8,7373.505735660721,7362.0356565472575,35f6a6573ef9
18,4042,0.04,+/-10%,9,6636.1551620946475,6625.83209283977,35f6a6573ef9
18,4042,0.04,+/-10%,10,7145.712461359172,7275.061578755099,35f6a6573ef9
18,4042,0.04,+/-10%,11,7860.283707495092,8002.567734443158,35f6a6573ef9
18,4042,0.04,+/-10%,12,8646.312078244602,8802.824514043985,35f6a6573ef9
18,4042,0.04,+/-10%,13,9510.943286069061,9290.952616134215,35f6a6573ef9
18,4042,0.04,+/-10%,14,8747.600342211468,8304.487032365752,35f6a6573ef9
18,4042,0.04,+/-10%,15,7872.840307990323,7474.049965477729,35f6a6573ef9
18,4042,0.04,+/-20%,1,19066.932097826066,19066.932097826066,35f6a6573ef9
18,4042,0.04,+/-20%,2,15253.54567826085,15242.170830671934,35f6a6573ef9
18,4042,0.04,+/-20%,3,12202.836542608678,12191.917486664579,35f6a6573ef9
18,4042,0.04,+/-20%,4,9762.269234086942,9753.533986528206,35f6a6573ef9
18,4042,0.04,+/-20%,5,7809.815387269558,7802.827190588538,35f6a6573ef9
18,4042,0.04,+/-20%,6,6247.852309815645,6242.261756350696,35f6a6573ef9
18,4042,0.04,+/-20%,7,6321.016732088457,6321.016735452333,35f6a6573ef9
18,4042,0.04,+/-20%,8,7585.220078506148,7585.220085862396,35f6a6573ef9
18,4042,0.04,+/-20%,9,8428.748959778079,8446.588870287163,35f6a6573ef9
18,4042,0.04,+/-20%,10,10114.498751733696,10135.906647777972,35f6a6573ef9
18,4042,0.04,+/-20%,11,8091.599001386957,8108.725318435416,35f6a6573ef9
18,4042,0.04,+/-20%,12,8946.945071678932,8894.233625398854,35f6a6573ef9
18,4042,0.04,+/-20%,13,7157.5560573431485,7797.49940036149,35f6a6573ef9
18,4042,0.04,+/-20%,14,7034.057423595542,6237.99951658528,35f6a6573ef9
18,4042,0.04,+/-20%,15,8440.868908314658,7999.873240495998,35f6a6573ef9
18,4042,0.06,NHF,1,38294.26686236342,38294.26686236342,35f6a6573ef9
18,4042,0.06,NHF,2,6335.434071275432,6335.434071275432,35f6a6573ef9
18,4042,0.06,NHF,3,4332.642901455916,4332.642901455916,35f6a6573ef9
18,4042,0.06,NHF,4,3530.1709639283317,3530.1709639283317,35f6a6573ef9
18,4042,0.06,NHF,5,5230.815199751737,5230.815199751737,35f6a6573ef9
18,4042,0.06,NHF,6,4994.145913123196,4994.145913123196,35f6a6573ef9
18,4042,0.06,NHF,7,9410.13816206179,9410.13816206179,35f6a6573ef9
18,4042,0.06,NHF,8,10793.458847597984,10793.458847597985,35f6a6573ef9
18,4042,0.06,NHF,9,14728.940588425197,14728.940588425197,35f6a6573ef9
18,4042,0.06,NHF,10,5197.080436453673,5197.080436453673,35f6a6573ef9
18,4042,0.06,NHF,11,6244.787499753177,6244.787499753176,35f6a6573ef9
18,4042,0.06,NHF,12,4970.027096043906,4970.027096043906,35f6a6573ef9
18,4042,0.06,NHF,13,10239.378950141308,10239.378950141308,35f6a6573ef9
18,4042,0.06,NHF,14,4442.178084327387,4442.178084327387,35f6a6573ef9
18,4042,0.06,NHF,15,10542.990962131757,10542.990962131758,35f6a6573ef9
18,4042,0.06,NDY,1,9996.599593994933,9996.599593994933,35f6a6573ef9
18,4042,0.06,NDY,2,9996.599593994935,9833.432544558491,35f6a6573ef9
18,4042,0.06,NDY,3,9996.599593994935,9710.082494233799,35f6a6573ef9
18,4042,0.06,NDY,4,9996.599593994937,9607.88073855198,35f6a6573ef9
18,4042,0.06,NDY,5,9996.599593994937,9494.66102235915,35f6a6573ef9
18,4042,0.06,NDY,6,9996.599593994939,9399.49427317071,35f6a6573ef9
18,4042,0.06,NDY,7,9996.599593994939,9272.341974233144,35f6a6573ef9
18,4042,0.06,NDY,8,9996.599593994939,9184.95737329529,35f6a6573ef9
18,4042,0.06,NDY,9,9996.599593994937,9089.58208560839,35f6a6573ef9
18,4042,0.06,NDY,10,9996.599593994939,9024.317831132666,35f6a6573ef9
18,4042,0.06,NDY,11,9996.599593994939,8942.087253825785,35f6a6573ef9
18,4042,0.06,NDY,12,9996.599593994939,8870.954591565242,35f6a6573ef9
18,4042,0.06,NDY,13,9996.599593994939,8815.468960031556,35f6a6573ef9
18,4042,0.06,NDY,14,9996.59959399494,8749.821626664978,35f6a6573ef9
18,4042,0.06,NDY,15,9996.599593994937,8675.165294125338,35f6a6573ef9
18,4042,0.06,-10%,1,15354.848091899099,15354.848091899099,35f6a6573ef9
18,4042,0.06,-10%,2,13819.36328270919,13800.915977640607,35f6a6573ef9
18,4042,0.06,-10%,3,12437.426954438268,12370.67330553436,35f6a6573ef9
18,4042,0.06,-10%,4,11193.68425899444,11114.672974604,35f6a6573ef9
18,4042,0.06,-10%,5,10074.315833095001,9996.835691834549,35f6a6573ef9
18,4042,0.06,-10%,6,9066.884249785502,8997.152122205143,35f6a6573ef9
18,4042,0.06,-10%,7,8160.195824806948,8097.436912113939,35f6a6573ef9
18,4042,0.06,-10%,8,7344.176242326259,7304.7588806580425,35f6a6573ef9
18,4042,0.06,-10%,9,6609.758618093632,6574.282992279266,35f6a6573ef9
18,4042,0.06,-10%,10,5948.782756284271,5916.854691793725,35f6a6573ef9
18,4042,0.06,-10%,11,8990.19435930689,9646.122895230012,35f6a6573ef9
18,4042,0.06,-10%,12,8822.40518200036,9230.074419431096,35f6a6573ef9
18,4042,0.06,-10%,13,9593.981754976474,9088.495053920402,35f6a6573ef9
18,4042,0.06,-10%,14,8634.58357947883,8178.007599766656,35f6a6573ef9
18,4042,0.06,-10%,15,7771.125221530947,7360.206839129512,35f6a6573ef9
18,4042,0.06,-20%,1,19035.411728613486,19035.411728613486,35f6a6573ef9
18,4042,0.06,-20%,2,15228.329382890788,15186.664069863069,35f6a6573ef9
18,4042,0.06,-20%,3,12182.663506312634,12139.608365867536,35f6a6573ef9
18,4042,0.06,-20%,4,9746.130805050108,9700.368323794151,35f6a6573ef9
18,4042,0.06,-20%,5,7796.904644040089,7760.294659121543,35f6a6573ef9
18,4042,0.06,-20%,6,6237.52371523207,6208.235729069031,35f6a6573ef9
18,4042,0.06,-20%,7,4990.018972185656,4990.0189745725565,35f6a6573ef9
18,4042,0.06,-20%,8,7871.900926380493,7871.900923993592,35f6a6573ef9
18,4042,0.06,-20%,9,10104.792846082157,10452.742046752068,35f6a6573ef9
18,4042,0.06,-20%,10,9944.72723283291,10149.210659350441,35f6a6573ef9
18,4042,0.06,-20%,11,7955.78178626633,8176.68326569723,35f6a6573ef9
18,4042,0.06,-20%,12,8951.833394847976,7643.714938363775,35f6a6573ef9
18,4042,0.06,-20%,13,7161.466715878381,7292.101813755333,35f6a6573ef9
18,4042,0.06,-20%,14,5729.173372702705,5833.681446765584,35f6a6573ef9
18,4042,0.06,-20%,15,8628.701136877691,8168.750170084744,35f6a6573ef9
18,4042,0.06,+/-10%,1,15349.348257817239,15349.348257817239,35f6a6573ef9
18,4042,0.06,+/-10%,2,13814.413432035515,13802.013159723396,35f6a6573ef9
18,4042,0.06,+/-10%,3,12432.972088831963,12366.093715476718,35f6a6573ef9
18,4042,0.06,+/-10%,4,11189.674879948765,11117.96165089574,35f6a6573ef9
18,4042,0.06,+/-10%,5,10070.707391953894,9999.70956749532,35f6a6573ef9
18,4042,0.06,+/-10%,6,9063.636652758503,8999.738602878284,35f6a6573ef9
18,4042,0.06,+/-10%,7,8157.272987482651,8099.764739891994,35f6a6573ef9
18,4042,0.06,+/-10%,8,7341.545688734391,7302.054675605602,35f6a6573ef9
18,4042,0.06,+/-10%,9,6607.391119860951,6571.849211770181,35f6a6573ef9
18,4042,0.06,+/-10%,10,6769.5942997436,7058.282171094796,35f6a6573ef9
18,4042,0.06,+/-10%,11,7446.553729717961,7764.110392885169,35f6a6573ef9
18,4042,0.06,+/-10%,12,8191.209102689758,9565.022401613329,35f6a6573ef9
18,4042,0.06,+/-10%,13,9010.330012958735,9340.70040687098,35f6a6573ef9
18,4042,0.06,+/-10%,14,9911.363014254608,8406.63036641406,35f6a6573ef9
18,4042,0.06,+/-10%,15,8920.226712829148,7565.967330535036,35f6a6573ef9
18,4042,0.06,+/-20%,1,19036.825861361358,19036.825861361358,35f6a6573ef9
18,4042,0.06,+/-20%,2,15229.46068908908,15209.516400035074,35f6a6573ef9
18,4042,0.06,+/-20%,3,12183.568551271266,12160.50900958311,35f6a6573ef9
18,4042,0.06,+/-20%,4,9746.854841017015,9707.421799136097,35f6a6573ef9
18,4042,0.06,+/-20%,5,7797.483872813615,7765.937440860807,35f6a6573ef9
18,4042,0.06,+/-20%,6,6237.987098250891,6212.749954456652,35f6a6573ef9
18,4042,0.06,+/-20%,7,5846.327226620975,5846.3272247306595,35f6a6573ef9
18,4042,0.06,+/-20%,8,7015.592671945173,7015.59267383549,35f6a6573ef9
18,4042,0.06,+/-20%,9,8418.711206334205,8418.711197816856,35f6a6573ef9
18,4042,0.06,+/-20%,10,10102.453447601045,11412.244615428848,35f6a6573ef9
18,4042,0.06,+/-20%,11,9969.98971668061,9129.795694518527,35f6a6573ef9
18,4042,0.06,+/-20%,12,8998.75450301893,8555.938732835335,35f6a6573ef9
18,4042,0.06,+/-20%,13,7199.003602415145,6844.750985501474,35f6a6573ef9
18,4042,0.06,+/-20%,14,5759.202881932117,5475.800787412481,35f6a6573ef9
18,4042,0.06,+/-20%,15,6911.04345831854,6548.827384657141,35f6a6573ef9
