landbase,discount_rate,flow_policy,period,projected_mcf,realized_mcf,fd_commit
1,0.0,NHF,1,10054.384,10054.384,042c345cfe16
1,0.0,NHF,2,0.0,0.0,042c345cfe16
1,0.0,NHF,3,39993.474,0.0,042c345cfe16
1,0.0,NHF,4,0.0,12479.518,042c345cfe16
1,0.0,NHF,5,22634.132,50148.088,042c345cfe16
1,0.0,NHF,6,0.0,0.0,042c345cfe16
1,0.0,NHF,7,0.0,0.0,042c345cfe16
1,0.0,NHF,8,11500.0,11500.0,042c345cfe16
1,0.0,NHF,9,30640.0,0.0,042c345cfe16
1,0.0,NHF,10,0.0,15320.0,042c345cfe16
1,0.0,NHF,11,0.0,15320.0,042c345cfe16
1,0.0,NHF,12,0.0,0.0,042c345cfe16
1,0.0,NHF,13,21480.0,21480.0,042c345cfe16
1,0.0,NHF,14,0.0,0.0,042c345cfe16
1,0.0,NHF,15,42140.0,11500.0,042c345cfe16
1,0.0,NDY,1,10762.846916395316,10762.846916395316,042c345cfe16
1,0.0,NDY,2,10762.8469163954,10319.857180807143,042c345cfe16
1,0.0,NDY,3,10762.846916395329,9618.553714174746,042c345cfe16
1,0.0,NDY,4,10762.84691639533,8592.126072720488,042c345cfe16
1,0.0,NDY,5,10762.846916395329,8484.34153891837,042c345cfe16
1,0.0,NDY,6,10762.84691639533,8738.908157283297,042c345cfe16
1,0.0,NDY,7,10762.846916395338,8876.86150457275,042c345cfe16
1,0.0,NDY,8,10762.84691639533,8916.672015235003,042c345cfe16
1,0.0,NDY,9,10762.846916395334,8965.372105523486,042c345cfe16
1,0.0,NDY,10,10762.84691639533,9006.603018067319,042c345cfe16
1,0.0,NDY,11,10762.84691639533,8622.796073803664,042c345cfe16
1,0.0,NDY,12,10762.84691639533,8483.092492219974,042c345cfe16
1,0.0,NDY,13,10762.846916395334,8621.019039025086,042c345cfe16
1,0.0,NDY,14,10762.846916395318,8740.700888096522,042c345cfe16
1,0.0,NDY,15,19115.102231491284,8692.754359526352,042c345cfe16
1,0.0,-10%,1,15511.811746226202,15511.811746226202,042c345cfe16
1,0.0,-10%,2,13960.630571603575,12602.245525312646,042c345cfe16
1,0.0,-10%,3,12564.56751444322,8086.748323575817,042c345cfe16
1,0.0,-10%,4,11308.110762998895,8827.65576648782,042c345cfe16
1,0.0,-10%,5,10177.299686699007,12080.079834811368,042c345cfe16
1,0.0,-10%,6,9159.569718029104,8779.744674692549,042c345cfe16
1,0.0,-10%,7,9388.145419687342,4880.298475975429,042c345cfe16
1,0.0,-10%,8,8449.330877718608,11829.127762365824,042c345cfe16
1,0.0,-10%,9,7604.397789946746,10653.237923637178,042c345cfe16
1,0.0,-10%,10,6843.958010952071,7584.522451536625,042c345cfe16
1,0.0,-10%,11,6159.562209856866,7339.014801767855,042c345cfe16
1,0.0,-10%,12,5543.605988871178,9031.064505923783,042c345cfe16
1,0.0,-10%,13,4989.24538998406,9738.958450662387,042c345cfe16
1,0.0,-10%,14,4490.320850985652,6307.605531800014,042c345cfe16
1,0.0,-10%,15,44081.28850146331,12200.485697589034,042c345cfe16
1,0.0,-20%,1,19700.86033047099,19700.86033047099,042c345cfe16
1,0.0,-20%,2,15760.688264376784,15612.233801975291,042c345cfe16
1,0.0,-20%,3,12608.550611501436,0.0,042c345cfe16
1,0.0,-20%,4,10086.84048920115,8797.36132845768,042c345cfe16
1,0.0,-20%,5,8069.472391360921,14572.443620322792,042c345cfe16
1,0.0,-20%,6,6455.577913088722,743.4040528301352,042c345cfe16
1,0.0,-20%,7,13309.402019884616,15803.234980393838,042c345cfe16
1,0.0,-20%,8,10647.521615907694,12797.335433849636,042c345cfe16
1,0.0,-20%,9,8518.017292726156,8290.057789997285,042c345cfe16
1,0.0,-20%,10,6814.413834180926,6457.764194084246,042c345cfe16
1,0.0,-20%,11,5451.531067344742,8638.781350253103,042c345cfe16
1,0.0,-20%,12,4361.224853875793,3857.902209278033,042c345cfe16
1,0.0,-20%,13,3488.979883100634,7949.758907157915,042c345cfe16
1,0.0,-20%,14,2791.1839064805076,11088.494692523484,042c345cfe16
1,0.0,-20%,15,46288.47445496023,14827.484620863574,042c345cfe16
1,0.0,+/-10%,1,15488.783551186225,15488.783551186225,042c345cfe16
1,0.0,+/-10%,2,13939.905196067586,12835.315091798566,042c345cfe16
1,0.0,+/-10%,3,12545.914676460823,11043.770755234187,042c345cfe16
1,0.0,+/-10%,4,11291.323208814745,10452.935806728157,042c345cfe16
1,0.0,+/-10%,5,10162.19088793327,10325.37151062315,042c345cfe16
1,0.0,+/-10%,6,9253.872479537353,9349.472640356507,042c345cfe16
1,0.0,+/-10%,7,10179.259727491088,6615.461796517614,042c345cfe16
1,0.0,+/-10%,8,9161.333754741972,8597.708981535041,042c345cfe16
1,0.0,+/-10%,9,8245.20037926778,9615.285182942283,042c345cfe16
1,0.0,+/-10%,10,8509.875593893761,7314.82280449629,042c345cfe16
1,0.0,+/-10%,11,9360.863153283142,8046.305086882531,042c345cfe16
1,0.0,+/-10%,12,10296.949468611449,9386.713407236442,042c345cfe16
1,0.0,+/-10%,13,11326.64441547259,11446.52974050268,042c345cfe16
1,0.0,+/-10%,14,12459.308857019847,9547.455852914549,042c345cfe16
1,0.0,+/-10%,15,13705.23974272184,9693.924112341054,042c345cfe16
1,0.0,+/-20%,1,18708.65674830312,18708.65674830312,042c345cfe16
1,0.0,+/-20%,2,14966.925398642481,11655.909587223192,042c345cfe16
1,0.0,+/-20%,3,11973.540318913978,9689.417620532775,042c345cfe16
1,0.0,+/-20%,4,9578.832255131185,8030.7579419269005,042c345cfe16
1,0.0,+/-20%,5,7933.652399549659,10757.548395602342,042c345cfe16
1,0.0,+/-20%,6,9520.382879459577,9746.226893027248,042c345cfe16
1,0.0,+/-20%,7,11424.459455351544,8811.935498914883,042c345cfe16
1,0.0,+/-20%,8,10456.618510614815,7721.050614052503,042c345cfe16
1,0.0,+/-20%,9,8365.294808491815,8956.532814034192,042c345cfe16
1,0.0,+/-20%,10,6692.235846793478,6358.812084220019,042c345cfe16
1,0.0,+/-20%,11,8030.683016152173,8434.627945114436,042c345cfe16
1,0.0,+/-20%,12,9636.819619382604,10121.55353986,042c345cfe16
1,0.0,+/-20%,13,11564.183543259136,13274.55176957561,042c345cfe16
1,0.0,+/-20%,14,13877.020251910963,7064.285774028079,042c345cfe16
1,0.0,+/-20%,15,16652.4243022931,11719.272255132375,042c345cfe16
1,0.02,NHF,1,72681.99,72681.99,042c345cfe16
1,0.02,NHF,2,0.0,0.0,042c345cfe16
1,0.02,NHF,3,0.0,0.0,042c345cfe16
1,0.02,NHF,4,0.0,0.0,042c345cfe16
1,0.02,NHF,5,0.0,0.0,042c345cfe16
1,0.02,NHF,6,0.0,0.0,042c345cfe16
1,0.02,NHF,7,30640.0,30640.0,042c345cfe16
1,0.02,NHF,8,11500.0,11500.0,042c345cfe16
1,0.02,NHF,9,21480.0,21480.0,042c345cfe16
1,0.02,NHF,10,0.0,0.0,042c345cfe16
1,0.02,NHF,11,0.0,0.0,042c345cfe16
1,0.02,NHF,12,0.0,0.0,042c345cfe16
1,0.02,NHF,13,30640.0,30640.0,042c345cfe16
1,0.02,NHF,14,0.0,0.0,042c345cfe16
1,0.02,NHF,15,11500.0,11500.0,042c345cfe16
1,0.02,NDY,1,11124.548509976443,11124.548509976443,042c345cfe16
1,0.02,NDY,2,11124.548509976441,10884.465120417568,042c345cfe16
1,0.02,NDY,3,11124.548509976461,10669.639290970197,042c345cfe16
1,0.02,NDY,4,11124.548509976452,10412.348062363264,042c345cfe16
1,0.02,NDY,5,11124.54850997645,10412.653839214585,042c345cfe16
1,0.02,NDY,6,11124.54850997645,10336.62528228,042c345cfe16
1,0.02,NDY,7,11124.548509976452,10217.12337285169,042c345cfe16
1,0.02,NDY,8,11124.548509976452,10113.999094322857,042c345cfe16
1,0.02,NDY,9,11124.548509976445,9922.49505288333,042c345cfe16
1,0.02,NDY,10,11124.548509976452,9577.532385648727,042c345cfe16
1,0.02,NDY,11,11124.548509976454,9605.524722054059,042c345cfe16
1,0.02,NDY,12,11124.548509976425,9565.592413241535,042c345cfe16
1,0.02,NDY,13,11124.548509976434,9529.547272410524,042c345cfe16
1,0.02,NDY,14,11124.54850997643,9529.547272421685,042c345cfe16
1,0.02,NDY,15,11124.54850997643,9529.54727265473,042c345cfe16
1,0.02,-10%,1,17037.16629069123,17037.16629069123,042c345cfe16
1,0.02,-10%,2,15333.449661622119,14658.189521858836,042c345cfe16
1,0.02,-10%,3,13800.104695459915,11918.183829075233,042c345cfe16
1,0.02,-10%,4,12420.094225913923,10726.365448176617,042c345cfe16
1,0.02,-10%,5,11178.084803322532,9653.72890425839,042c345cfe16
1,0.02,-10%,6,10060.276322990283,8688.35600845849,042c345cfe16
1,0.02,-10%,7,12643.964708256815,12255.20784687164,042c345cfe16
1,0.02,-10%,8,11395.136516667537,11029.687061084209,042c345cfe16
1,0.02,-10%,9,10255.622865000783,9926.71835796,042c345cfe16
1,0.02,-10%,10,9230.060578500705,8934.046519232474,042c345cfe16
1,0.02,-10%,11,8307.054520650632,8040.641869020001,042c345cfe16
1,0.02,-10%,12,9023.611229882326,7236.577678400001,042c345cfe16
1,0.02,-10%,13,10051.269847937616,11526.316020673683,042c345cfe16
1,0.02,-10%,14,9046.142863143858,10373.68441758,042c345cfe16
1,0.02,-10%,15,14168.09905476895,9404.286222551733,042c345cfe16
1,0.02,-20%,1,21621.24881009043,21621.24881009043,042c345cfe16
1,0.02,-20%,2,17296.999048072343,17296.999048547066,042c345cfe16
1,0.02,-20%,3,13837.59923845788,11437.582025449059,042c345cfe16
1,0.02,-20%,4,11070.079390766305,9150.065619778303,042c345cfe16
1,0.02,-20%,5,8856.063512613047,7320.052496941352,042c345cfe16
1,0.02,-20%,6,7084.8508100904355,5856.04200070779,042c345cfe16
1,0.02,-20%,7,15320.0,15070.844701611844,042c345cfe16
1,0.02,-20%,8,12475.54748699676,12056.67576014467,042c345cfe16
1,0.02,-20%,9,9980.437989597407,9645.34060727091,042c345cfe16
1,0.02,-20%,10,7984.350391677927,7716.2724843675005,042c345cfe16
1,0.02,-20%,11,6387.480313342343,6173.0179892999995,042c345cfe16
1,0.02,-20%,12,10505.607430126334,4938.41439954,042c345cfe16
1,0.02,-20%,13,10169.998910223967,15033.448669433334,042c345cfe16
1,0.02,-20%,14,8135.999128179171,11945.013218880675,042c345cfe16
1,0.02,-20%,15,19392.689663303117,9653.96033323249,042c345cfe16
1,0.02,+/-10%,1,17037.16629069125,17037.16629069125,042c345cfe16
1,0.02,+/-10%,2,15333.449661622122,15333.449657064475,042c345cfe16
1,0.02,+/-10%,3,13800.104695459908,11529.010854398326,042c345cfe16
1,0.02,+/-10%,4,12420.094225913917,10128.848658022323,042c345cfe16
1,0.02,+/-10%,5,11178.084803322527,9115.963796634373,042c345cfe16
1,0.02,+/-10%,6,10060.276322990281,9537.550738996439,042c345cfe16
1,0.02,+/-10%,7,11066.303955289302,11066.303952000002,042c345cfe16
1,0.02,+/-10%,8,12110.272321953968,10971.983097510001,042c345cfe16
1,0.02,+/-10%,9,10899.245089758571,10382.054312036842,042c345cfe16
1,0.02,+/-10%,10,9809.320580782709,9343.84888068,042c345cfe16
1,0.02,+/-10%,11,8828.38852270445,9987.833805819999,042c345cfe16
1,0.02,+/-10%,12,8446.97688792333,8989.0504306,042c345cfe16
1,0.02,+/-10%,13,9291.674576715666,9891.400137610528,042c345cfe16
1,0.02,+/-10%,14,10220.842034387235,8767.750032978045,042c345cfe16
1,0.02,+/-10%,15,11242.926237825955,8596.36748875,042c345cfe16
1,0.02,+/-20%,1,20787.275022117952,20787.275022117952,042c345cfe16
1,0.02,+/-20%,2,16629.82001769432,16860.380354006647,042c345cfe16
1,0.02,+/-20%,3,13303.856014155463,11759.232331882617,042c345cfe16
1,0.02,+/-20%,4,10643.084811324374,7496.020673075872,042c345cfe16
1,0.02,+/-20%,5,8514.467849059498,7172.309824919211,042c345cfe16
1,0.02,+/-20%,6,9950.672285648398,9364.004910821968,042c345cfe16
1,0.02,+/-20%,7,11940.806742778143,11940.806741299999,042c345cfe16
1,0.02,+/-20%,8,14328.96809133374,12780.16622327,042c345cfe16
1,0.02,+/-20%,9,11463.174473067007,11478.54185931,042c345cfe16
1,0.02,+/-20%,10,9170.539578453574,9890.04279128,042c345cfe16
1,0.02,+/-20%,11,7336.431662762858,8388.501556700001,042c345cfe16
1,0.02,+/-20%,12,7619.405600391611,7565.9553117000005,042c345cfe16
1,0.02,+/-20%,13,9143.286720469949,10212.078099866667,042c345cfe16
1,0.02,+/-20%,14,10971.944064563962,8169.66247872,042c345cfe16
1,0.02,+/-20%,15,13166.33287747674,9374.751065954944,042c345cfe16
1,0.04,NHF,1,72681.99,72681.99,042c345cfe16
1,0.04,NHF,2,0.0,0.0,042c345cfe16
1,0.04,NHF,3,0.0,0.0,042c345cfe16
1,0.04,NHF,4,0.0,0.0,042c345cfe16
1,0.04,NHF,5,0.0,0.0,042c345cfe16
1,0.04,NHF,6,0.0,0.0,042c345cfe16
1,0.04,NHF,7,30640.0,30640.0,042c345cfe16
1,0.04,NHF,8,11500.0,11500.0,042c345cfe16
1,0.04,NHF,9,21480.0,21480.0,042c345cfe16
1,0.04,NHF,10,0.0,0.0,042c345cfe16
1,0.04,NHF,11,0.0,0.0,042c345cfe16
1,0.04,NHF,12,0.0,0.0,042c345cfe16
1,0.04,NHF,13,30640.0,30640.0,042c345cfe16
1,0.04,NHF,14,0.0,0.0,042c345cfe16
1,0.04,NHF,15,11500.0,11500.0,042c345cfe16
1,0.04,NDY,1,11077.859932918192,11077.859932918192,042c345cfe16
1,0.04,NDY,2,11077.859932918192,10911.269274028527,042c345cfe16
1,0.04,NDY,3,11077.859932918192,10621.03457662577,042c345cfe16
1,0.04,NDY,4,11077.859932918196,10367.950050350333,042c345cfe16
1,0.04,NDY,5,11077.859932918194,10342.112547135443,042c345cfe16
1,0.04,NDY,6,11077.859932918192,10282.246073042663,042c345cfe16
1,0.04,NDY,7,11077.85993291821,10246.673869366456,042c345cfe16
1,0.04,NDY,8,11077.8599329182,10213.088627289017,042c345cfe16
1,0.04,NDY,9,11077.859932918198,10192.481984773925,042c345cfe16
1,0.04,NDY,10,11077.859932918203,10050.567520264425,042c345cfe16
1,0.04,NDY,11,11077.859932918203,10005.572305176762,042c345cfe16
1,0.04,NDY,12,11077.859932918203,9998.099918309748,042c345cfe16
1,0.04,NDY,13,11077.859932918209,8972.0612677225,042c345cfe16
1,0.04,NDY,14,11077.859932918203,8972.061268345,042c345cfe16
1,0.04,NDY,15,11077.859932918203,9787.943640403617,042c345cfe16
1,0.04,-10%,1,17037.166290691253,17037.166290691253,042c345cfe16
1,0.04,-10%,2,15333.44966162213,15333.449662681309,042c345cfe16
1,0.04,-10%,3,13800.104695459913,13800.10469800192,042c345cfe16
1,0.04,-10%,4,12420.094225913917,12420.094228538594,042c345cfe16
1,0.04,-10%,5,11178.084803322527,7416.407962659259,042c345cfe16
1,0.04,-10%,6,10060.27632299026,6674.767172291362,042c345cfe16
1,0.04,-10%,7,12035.168943890372,12035.1689408,042c345cfe16
1,0.04,-10%,8,11558.29111744142,10831.652043769998,042c345cfe16
1,0.04,-10%,9,10402.462005697278,9748.48684675,042c345cfe16
1,0.04,-10%,10,9362.215805127547,9950.739412189472,042c345cfe16
1,0.04,-10%,11,8425.9942246148,8955.66546898,042c345cfe16
1,0.04,-10%,12,10020.615462445969,11148.70100199875,042c345cfe16
1,0.04,-10%,13,9018.55391620138,8181.752603189472,042c345cfe16
1,0.04,-10%,14,8116.698524581234,7363.57734184,042c345cfe16
1,0.04,-10%,15,15449.382128360861,9513.591203263159,042c345cfe16
1,0.04,-20%,1,21638.145112325445,21638.145112325445,042c345cfe16
1,0.04,-20%,2,17310.516089860354,17310.516089716282,042c345cfe16
1,0.04,-20%,3,13848.412871888278,13825.134754647164,042c345cfe16
1,0.04,-20%,4,11078.730297510621,11060.107803726536,042c345cfe16
1,0.04,-20%,5,8862.984238008503,4915.603468438269,042c345cfe16
1,0.04,-20%,6,7090.3873904068005,3932.482773222062,042c345cfe16
1,0.04,-20%,7,14512.046585883174,14512.046585979999,042c345cfe16
1,0.04,-20%,8,11609.637268706538,11602.436463266667,042c345cfe16
1,0.04,-20%,9,9287.70981496523,9281.949172380002,042c345cfe16
1,0.04,-20%,10,11561.723905920106,10352.458497711112,042c345cfe16
1,0.04,-20%,11,9249.379124736086,8281.96680074,042c345cfe16
1,0.04,-20%,12,7399.503299788867,9589.142484259999,042c345cfe16
1,0.04,-20%,13,8274.140526418574,8270.140077766668,042c345cfe16
1,0.04,-20%,14,6619.312421134859,6616.11205966,042c345cfe16
1,0.04,-20%,15,20244.171629037788,11394.544488822221,042c345cfe16
1,0.04,+/-10%,1,17037.166290691246,17037.166290691246,042c345cfe16
1,0.04,+/-10%,2,15333.449661622115,15333.449663236479,042c345cfe16
1,0.04,+/-10%,3,13800.104695459915,13800.104698445799,042c345cfe16
1,0.04,+/-10%,4,12420.094225913921,12420.09422588294,042c345cfe16
1,0.04,+/-10%,5,11178.084803322527,11166.837352136225,042c345cfe16
1,0.04,+/-10%,6,10060.276322990278,10050.1536169226,042c345cfe16
1,0.04,+/-10%,7,11066.303955289302,11066.303952000002,042c345cfe16
1,0.04,+/-10%,8,12054.097124153488,12154.197998621054,042c345cfe16
1,0.04,+/-10%,9,10848.68741173815,10936.555064121825,042c345cfe16
1,0.04,+/-10%,10,9763.818670564318,9842.89955983158,042c345cfe16
1,0.04,+/-10%,11,8787.436803507882,8858.609603500001,042c345cfe16
1,0.04,+/-10%,12,9666.180483858654,9622.4611095,042c345cfe16
1,0.04,+/-10%,13,8699.562435472799,8496.741507585075,042c345cfe16
1,0.04,+/-10%,14,8073.017494158266,7946.9577943949225,042c345cfe16
1,0.04,+/-10%,15,8880.319243574097,10183.339255557894,042c345cfe16
1,0.04,+/-20%,1,21638.145112325357,21638.145112325357,042c345cfe16
1,0.04,+/-20%,2,17310.51608986047,17310.51608649805,042c345cfe16
1,0.04,+/-20%,3,13848.41287188825,13825.134750429093,042c345cfe16
1,0.04,+/-20%,4,11078.730297510825,11060.107800164722,042c345cfe16
1,0.04,+/-20%,5,8862.984238008301,5908.656160652777,042c345cfe16
1,0.04,+/-20%,6,7090.387390406801,7090.387392783334,042c345cfe16
1,0.04,+/-20%,7,8508.46486848816,10212.911150568181,042c345cfe16
1,0.04,+/-20%,8,10210.157842185861,14978.936354166666,042c345cfe16
1,0.04,+/-20%,9,12252.18941062301,11983.14908516,042c345cfe16
1,0.04,+/-20%,10,13990.285327584561,12261.003122230493,042c345cfe16
1,0.04,+/-20%,11,11192.22826206754,9131.43028649559,042c345cfe16
1,0.04,+/-20%,12,8953.782609654098,7305.14423114,042c345cfe16
1,0.04,+/-20%,13,7163.026087723299,7119.723378038441,042c345cfe16
1,0.04,+/-20%,14,6077.432499263789,6120.735210641558,042c345cfe16
1,0.04,+/-20%,15,7292.918999116413,9896.940586844445,042c345cfe16
1,0.06,NHF,1,72681.99,72681.99,042c345cfe16
1,0.06,NHF,2,0.0,0.0,042c345cfe16
1,0.06,NHF,3,0.0,0.0,042c345cfe16
1,0.06,NHF,4,0.0,0.0,042c345cfe16
1,0.06,NHF,5,0.0,0.0,042c345cfe16
1,0.06,NHF,6,0.0,0.0,042c345cfe16
1,0.06,NHF,7,30640.0,30640.0,042c345cfe16
1,0.06,NHF,8,11500.0,11500.0,042c345cfe16
1,0.06,NHF,9,21480.0,21480.0,042c345cfe16
1,0.06,NHF,10,0.0,0.0,042c345cfe16
1,0.06,NHF,11,0.0,0.0,042c345cfe16
1,0.06,NHF,12,0.0,0.0,042c345cfe16
1,0.06,NHF,13,30640.0,30640.0,042c345cfe16
1,0.06,NHF,14,0.0,0.0,042c345cfe16
1,0.06,NHF,15,11500.0,11500.0,042c345cfe16
1,0.06,NDY,1,11077.859932918192,11077.859932918192,042c345cfe16
1,0.06,NDY,2,11077.859932918192,10912.793018681768,042c345cfe16
1,0.06,NDY,3,11077.859932918192,10641.347140400881,042c345cfe16
1,0.06,NDY,4,11077.859932918196,10366.76546101672,042c345cfe16
1,0.06,NDY,5,11077.859932918194,10363.070393430025,042c345cfe16
1,0.06,NDY,6,11077.859932918192,10305.59857883389,042c345cfe16
1,0.06,NDY,7,11077.85993291821,10200.463422017867,042c345cfe16
1,0.06,NDY,8,11077.8599329182,10160.080686145973,042c345cfe16
1,0.06,NDY,9,11077.859932918198,10143.128550093672,042c345cfe16
1,0.06,NDY,10,11077.859932918203,10077.070081680802,042c345cfe16
1,0.06,NDY,11,11077.859932918203,10013.852297725578,042c345cfe16
1,0.06,NDY,12,11077.859932918203,9982.941477026103,042c345cfe16
1,0.06,NDY,13,11077.859932918209,7772.512545704167,042c345cfe16
1,0.06,NDY,14,11077.859932918203,7772.512542008333,042c345cfe16
1,0.06,NDY,15,11077.859932918203,9926.013608684598,042c345cfe16
1,0.06,-10%,1,17037.166290691246,17037.166290691246,042c345cfe16
1,0.06,-10%,2,15333.449661622128,15333.449661750865,042c345cfe16
1,0.06,-10%,3,13800.104695459911,13800.104696142687,042c345cfe16
1,0.06,-10%,4,12420.094225913916,12420.094229792112,042c345cfe16
1,0.06,-10%,5,11178.084803322525,7416.407967622003,042c345cfe16
1,0.06,-10%,6,10060.276322990274,6674.767167963596,042c345cfe16
1,0.06,-10%,7,9054.248690691247,9054.248688000001,042c345cfe16
1,0.06,-10%,8,11788.362703338205,11788.36270259,042c345cfe16
1,0.06,-10%,9,10609.526433004388,10609.52642887,042c345cfe16
1,0.06,-10%,10,10574.525718925934,11319.980699526315,042c345cfe16
1,0.06,-10%,11,9517.07314703334,10187.98263312,042c345cfe16
1,0.06,-10%,12,8565.365832330004,10197.476861061525,042c345cfe16
1,0.06,-10%,13,7708.829249097005,5423.009457747368,042c345cfe16
1,0.06,-10%,14,6937.94632418729,4880.70851326,042c345cfe16
1,0.06,-10%,15,21211.16144302579,11400.181017168421,042c345cfe16
1,0.06,-20%,1,21638.145112325434,21638.145112325434,042c345cfe16
1,0.06,-20%,2,17310.516089860354,17310.51609144229,042c345cfe16
1,0.06,-20%,3,13848.412871888286,13848.412872485946,042c345cfe16
1,0.06,-20%,4,11078.730297510625,11047.175514781995,042c345cfe16
1,0.06,-20%,5,8862.984238008503,4909.855787744338,042c345cfe16
1,0.06,-20%,6,7090.3873904068005,3927.8846271383636,042c345cfe16
1,0.06,-20%,7,6174.473912675643,6174.473909400001,042c345cfe16
1,0.06,-20%,8,17285.187455154613,17285.18745464,042c345cfe16
1,0.06,-20%,9,13828.149964123691,13828.14996502,042c345cfe16
1,0.06,-20%,10,11062.51997129895,13413.949875477778,042c345cfe16
1,0.06,-20%,11,8850.015977039162,7178.0004383,042c345cfe16
1,0.06,-20%,12,7080.01278163133,5742.40035322,042c345cfe16
1,0.06,-20%,13,6174.473912675643,6174.473909400001,042c345cfe16
1,0.06,-20%,14,5785.187455154615,5785.18745464,042c345cfe16
1,0.06,-20%,15,19108.251725249298,14021.786055600001,042c345cfe16
1,0.06,+/-10%,1,17037.166290691246,17037.166290691246,042c345cfe16
1,0.06,+/-10%,2,15333.449661622115,15333.449661750868,042c345cfe16
1,0.06,+/-10%,3,13800.104695459904,13800.104696673663,042c345cfe16
1,0.06,+/-10%,4,12420.094225913923,12420.09422912197,042c345cfe16
1,0.06,+/-10%,5,11178.084803322527,9145.70574545455,042c345cfe16
1,0.06,+/-10%,6,10060.27632299029,8002.783710769772,042c345cfe16
1,0.06,+/-10%,7,9054.248690691247,9054.248688000001,042c345cfe16
1,0.06,+/-10%,8,9959.673559760373,11050.81750375,042c345cfe16
1,0.06,+/-10%,9,10097.323817431236,9290.186034407021,042c345cfe16
1,0.06,+/-10%,10,11107.05619917435,11893.179484240432,042c345cfe16
1,0.06,+/-10%,11,9996.350579256916,10703.861537393746,042c345cfe16
1,0.06,+/-10%,12,8996.715521331236,9633.475382780203,042c345cfe16
1,0.06,+/-10%,13,8097.043969198095,8670.12784563,042c345cfe16
1,0.06,+/-10%,14,7287.339572278283,7020.189906756466,042c345cfe16
1,0.06,+/-10%,15,8016.073529506118,10556.314407947368,042c345cfe16
1,0.06,+/-20%,1,21638.14511232544,21638.14511232544,042c345cfe16
1,0.06,+/-20%,2,17310.516089860346,17310.51608761469,042c345cfe16
1,0.06,+/-20%,3,13848.412871888288,13848.412866629988,042c345cfe16
1,0.06,+/-20%,4,11078.730297510621,11047.175514781993,042c345cfe16
1,0.06,+/-20%,5,8862.984238008501,8837.740417939807,042c345cfe16
1,0.06,+/-20%,6,7090.387390406801,7090.387392783274,042c345cfe16
1,0.06,+/-20%,7,8508.464868488163,8565.263479862953,042c345cfe16
1,0.06,+/-20%,8,10210.15784218579,11500.0,042c345cfe16
1,0.06,+/-20%,9,12252.189410622952,14502.119561802963,042c345cfe16
1,0.06,+/-20%,10,12965.567714591636,11601.695649786045,042c345cfe16
1,0.06,+/-20%,11,10372.45417167331,9281.356518343995,042c345cfe16
1,0.06,+/-20%,12,8297.963337338646,6642.300917713479,042c345cfe16
1,0.06,+/-20%,13,6638.370669870921,5313.840735556816,042c345cfe16
1,0.06,+/-20%,14,5310.69653589673,6376.608880825,042c345cfe16
1,0.06,+/-20%,15,6372.8358430760745,11992.5116095,042c345cfe16
2,0.0,NHF,1,12567.980000000001,12567.980000000001,042c345cfe16
2,0.0,NHF,2,0.0,0.0,042c345cfe16
2,0.0,NHF,3,49991.8425,0.0,042c345cfe16
2,0.0,NHF,4,0.0,15599.397500000001,042c345cfe16
2,0.0,NHF,5,28292.665,62685.11,042c345cfe16
2,0.0,NHF,6,0.0,0.0,042c345cfe16
2,0.0,NHF,7,0.0,0.0,042c345cfe16
2,0.0,NHF,8,14375.0,14375.0,042c345cfe16
2,0.0,NHF,9,38300.0,0.0,042c345cfe16
2,0.0,NHF,10,0.0,19150.0,042c345cfe16
2,0.0,NHF,11,0.0,19150.0,042c345cfe16
2,0.0,NHF,12,0.0,0.0,042c345cfe16
2,0.0,NHF,13,26850.0,26850.0,042c345cfe16
2,0.0,NHF,14,0.0,0.0,042c345cfe16
2,0.0,NHF,15,52675.0,14375.0,042c345cfe16
2,0.0,NDY,1,12475.81232167167,12475.81232167167,042c345cfe16
2,0.0,NDY,2,12475.812321671674,12507.030662003997,042c345cfe16
2,0.0,NDY,3,12475.812321671676,11803.414430963714,042c345cfe16
2,0.0,NDY,4,12475.812321671674,11047.074153041267,042c345cfe16
2,0.0,NDY,5,12475.812321671689,10593.125537076217,042c345cfe16
2,0.0,NDY,6,12475.812321671692,10841.19546183703,042c345cfe16
2,0.0,NDY,7,12475.812321671689,11042.509881309674,042c345cfe16
2,0.0,NDY,8,12475.812321671689,11168.632392949094,042c345cfe16
2,0.0,NDY,9,12475.81232167169,11062.939047623608,042c345cfe16
2,0.0,NDY,10,12475.812321671692,11302.740051955141,042c345cfe16
2,0.0,NDY,11,12475.812321671692,10540.736228102021,042c345cfe16
2,0.0,NDY,12,12475.812321671689,10683.005608084708,042c345cfe16
2,0.0,NDY,13,12475.812321671703,10715.951170657807,042c345cfe16
2,0.0,NDY,14,12475.812321671721,10583.86349362343,042c345cfe16
2,0.0,NDY,15,22631.06523360275,10768.0632762956,042c345cfe16
2,0.0,-10%,1,19389.764682782745,19389.764682782745,042c345cfe16
2,0.0,-10%,2,17450.78821450447,15752.806907897573,042c345cfe16
2,0.0,-10%,3,15705.709393054027,10108.435404469756,042c345cfe16
2,0.0,-10%,4,14135.138453748623,11034.569707051834,042c345cfe16
2,0.0,-10%,5,12721.62460837376,15100.09979575188,042c345cfe16
2,0.0,-10%,6,11449.462147536378,5845.722752376129,042c345cfe16
2,0.0,-10%,7,11735.181774609178,11229.331186137148,042c345cfe16
2,0.0,-10%,8,10561.663597148261,14925.949090399448,042c345cfe16
2,0.0,-10%,9,9505.497237433436,11959.090509770558,042c345cfe16
2,0.0,-10%,10,8554.94751369009,11048.58223232971,042c345cfe16
2,0.0,-10%,11,7699.45276232108,10767.294910492063,042c345cfe16
2,0.0,-10%,12,6929.507486088974,8115.931725828384,042c345cfe16
2,0.0,-10%,13,6236.556737480075,13635.83061693772,042c345cfe16
2,0.0,-10%,14,5612.901063732065,12272.24755088,042c345cfe16
2,0.0,-10%,15,55101.61062682913,14435.244313361152,042c345cfe16
2,0.0,-20%,1,24626.07541308873,24626.07541308873,042c345cfe16
2,0.0,-20%,2,19700.86033047099,19515.292242445616,042c345cfe16
2,0.0,-20%,3,15760.688264376786,0.0,042c345cfe16
2,0.0,-20%,4,12608.550611501432,10996.701676525054,042c345cfe16
2,0.0,-20%,5,10086.840489201146,18215.55452689972,042c345cfe16
2,0.0,-20%,6,8069.472391360916,6347.980384592203,042c345cfe16
2,0.0,-20%,7,16636.752524855772,14548.228992929668,042c345cfe16
2,0.0,-20%,8,13309.402019884614,15893.907210469742,042c345cfe16
2,0.0,-20%,9,10647.521615907692,12318.437222107561,042c345cfe16
2,0.0,-20%,10,8518.017292726154,8983.838697496256,042c345cfe16
2,0.0,-20%,11,6814.413834180922,8378.79934376547,042c345cfe16
2,0.0,-20%,12,5451.531067344738,1246.2357885315173,042c345cfe16
2,0.0,-20%,13,4361.224853875791,18585.453867039232,042c345cfe16
2,0.0,-20%,14,3488.9798831006347,8498.910861103333,042c345cfe16
2,0.0,-20%,15,57860.59306870031,18253.535043973807,042c345cfe16
2,0.0,+/-10%,1,19360.97943898277,19360.97943898277,042c345cfe16
2,0.0,+/-10%,2,17424.881495084486,16044.14386866648,042c345cfe16
2,0.0,+/-10%,3,15682.393345576038,13804.71344367996,042c345cfe16
2,0.0,+/-10%,4,14114.154011018434,13066.169753561951,042c345cfe16
2,0.0,+/-10%,5,12702.738609916585,13245.217997216416,042c345cfe16
2,0.0,+/-10%,6,11567.340599421696,11348.337182424031,042c345cfe16
2,0.0,+/-10%,7,12724.074659363869,8269.327245333481,042c345cfe16
2,0.0,+/-10%,8,11451.667193427478,10788.316240378386,042c345cfe16
2,0.0,+/-10%,9,10306.500474084725,11421.088512070635,042c345cfe16
2,0.0,+/-10%,10,10637.344492367194,9420.465761115263,042c345cfe16
2,0.0,+/-10%,11,11701.078941603912,10362.5123388312,042c345cfe16
2,0.0,+/-10%,12,12871.18683576431,11398.763574097498,042c345cfe16
2,0.0,+/-10%,13,14158.305519340745,14682.922425085831,042c345cfe16
2,0.0,+/-10%,14,15574.136071274821,12016.79281886381,042c345cfe16
2,0.0,+/-10%,15,17131.549678402305,11930.976650150064,042c345cfe16
2,0.0,+/-20%,1,23385.820935378855,23385.820935378855,042c345cfe16
2,0.0,+/-20%,2,18708.656748303132,14569.886983929984,042c345cfe16
2,0.0,+/-20%,3,14966.925398642472,11936.59670031929,042c345cfe16
2,0.0,+/-20%,4,11973.540318913974,10106.92009699239,042c345cfe16
2,0.0,+/-20%,5,9917.065499437074,13558.502793173902,042c345cfe16
2,0.0,+/-20%,6,11900.478599324499,12165.92815853573,042c345cfe16
2,0.0,+/-20%,7,14280.574319189396,9222.056548520968,042c345cfe16
2,0.0,+/-20%,8,13070.773138268516,10008.789027347671,042c345cfe16
2,0.0,+/-20%,9,10456.618510614804,10750.084783260001,042c345cfe16
2,0.0,+/-20%,10,8365.294808491848,8300.068668382468,042c345cfe16
2,0.0,+/-20%,11,10038.353770190211,11531.081664498646,042c345cfe16
2,0.0,+/-20%,12,12046.024524228254,13042.771675357184,042c345cfe16
2,0.0,+/-20%,13,14455.2294290739,14986.467891603936,042c345cfe16
2,0.0,+/-20%,14,17346.27531488869,10571.929492078902,042c345cfe16
2,0.0,+/-20%,15,20815.53037786641,13945.18438526,042c345cfe16
2,0.02,NHF,1,90852.4875,90852.4875,042c345cfe16
2,0.02,NHF,2,0.0,0.0,042c345cfe16
2,0.02,NHF,3,0.0,0.0,042c345cfe16
2,0.02,NHF,4,0.0,0.0,042c345cfe16
2,0.02,NHF,5,0.0,0.0,042c345cfe16
2,0.02,NHF,6,0.0,0.0,042c345cfe16
2,0.02,NHF,7,38300.0,38300.0,042c345cfe16
2,0.02,NHF,8,14375.0,14375.0,042c345cfe16
2,0.02,NHF,9,26850.0,26850.0,042c345cfe16
2,0.02,NHF,10,0.0,0.0,042c345cfe16
2,0.02,NHF,11,0.0,0.0,042c345cfe16
2,0.02,NHF,12,0.0,0.0,042c345cfe16
2,0.02,NHF,13,38300.0,38300.0,042c345cfe16
2,0.02,NHF,14,0.0,0.0,042c345cfe16
2,0.02,NHF,15,14375.0,14375.0,042c345cfe16
2,0.02,NDY,1,13030.914188298053,13030.914188298053,042c345cfe16
2,0.02,NDY,2,13030.914188298055,12818.951850251751,042c345cfe16
2,0.02,NDY,3,13030.914188298048,12690.500710246688,042c345cfe16
2,0.02,NDY,4,13030.914188298037,12422.725492887706,042c345cfe16
2,0.02,NDY,5,13030.914188298037,12341.9294092365,042c345cfe16
2,0.02,NDY,6,13030.914188298037,12258.529397294338,042c345cfe16
2,0.02,NDY,7,13030.914188298037,12157.064534633624,042c345cfe16
2,0.02,NDY,8,13030.914188298037,12064.871643910756,042c345cfe16
2,0.02,NDY,9,13030.914188298044,11984.682060689638,042c345cfe16
2,0.02,NDY,10,13030.914188298044,11935.6612240507,042c345cfe16
2,0.02,NDY,11,13030.914188298044,11958.247882480113,042c345cfe16
2,0.02,NDY,12,13030.914188298008,11925.30570406359,042c345cfe16
2,0.02,NDY,13,13030.914188298011,11882.763403921266,042c345cfe16
2,0.02,NDY,14,13030.914188298015,11804.7823213591,042c345cfe16
2,0.02,NDY,15,13030.914188298018,11791.223681255917,042c345cfe16
2,0.02,-10%,1,19389.76468278275,19389.76468278275,042c345cfe16
2,0.02,-10%,2,17450.78821450448,17450.788214295793,042c345cfe16
2,0.02,-10%,3,15705.709393054025,15705.709392200259,042c345cfe16
2,0.02,-10%,4,14135.138453748625,14135.13845511739,042c345cfe16
2,0.02,-10%,5,12721.62460837376,12721.624611998697,042c345cfe16
2,0.02,-10%,6,11449.462147536367,11449.46214284535,042c345cfe16
2,0.02,-10%,7,14282.188002305307,14282.188002300001,042c345cfe16
2,0.02,-10%,8,13862.381735153622,13901.969154958993,042c345cfe16
2,0.02,-10%,9,12476.143561638257,12511.77224255,042c345cfe16
2,0.02,-10%,10,11228.529205474428,11260.595013459999,042c345cfe16
2,0.02,-10%,11,10105.676284926987,10134.53551652,042c345cfe16
2,0.02,-10%,12,9707.752791812658,9121.081983019998,042c345cfe16
2,0.02,-10%,13,14282.188002305307,14282.188002300001,042c345cfe16
2,0.02,-10%,14,12853.969202074775,13159.569437210108,042c345cfe16
2,0.02,-10%,15,15842.625465173434,11927.294155588614,042c345cfe16
2,0.02,-20%,1,24626.07541308872,24626.07541308872,042c345cfe16
2,0.02,-20%,2,19700.860330470983,19700.860330445576,042c345cfe16
2,0.02,-20%,3,15760.688264376791,15760.68826272758,042c345cfe16
2,0.02,-20%,4,12608.550611501429,12608.550610745973,042c345cfe16
2,0.02,-20%,5,10086.840489201159,10086.840499861803,042c345cfe16
2,0.02,-20%,6,8069.472391360922,8069.472382816982,042c345cfe16
2,0.02,-20%,7,18630.54226455762,18630.542262839997,042c345cfe16
2,0.02,-20%,8,14904.433811646093,14904.433809634462,042c345cfe16
2,0.02,-20%,9,11923.547049316876,11923.54704485,042c345cfe16
2,0.02,-20%,10,9538.8376394535,9538.83763498,042c345cfe16
2,0.02,-20%,11,7631.070111562807,7631.070124440001,042c345cfe16
2,0.02,-20%,12,9238.565407374826,6104.856092700001,042c345cfe16
2,0.02,-20%,13,16880.25800846667,18860.970969523914,042c345cfe16
2,0.02,-20%,14,13504.20640677333,15086.399002812865,042c345cfe16
2,0.02,-20%,15,19165.57780342086,12209.194769672824,042c345cfe16
2,0.02,+/-10%,1,19300.06221767216,19300.06221767216,042c345cfe16
2,0.02,+/-10%,2,17370.055995904928,17472.69304512591,042c345cfe16
2,0.02,+/-10%,3,15633.050396314447,15725.423741845989,042c345cfe16
2,0.02,+/-10%,4,14069.745356683005,14152.881366246342,042c345cfe16
2,0.02,+/-10%,5,12662.770821014703,12737.593229466143,042c345cfe16
2,0.02,+/-10%,6,11816.802712410765,11463.833906895794,042c345cfe16
2,0.02,+/-10%,7,12998.48298365182,12998.48298038,042c345cfe16
2,0.02,+/-10%,8,14298.331282017032,13482.973341919998,042c345cfe16
2,0.02,+/-10%,9,12868.498153815332,12930.847256000001,042c345cfe16
2,0.02,+/-10%,10,11581.648338433803,11637.762529660002,042c345cfe16
2,0.02,+/-10%,11,10423.483504590447,12343.5697402,042c345cfe16
2,0.02,+/-10%,12,10986.712079854075,11109.2127647,042c345cfe16
2,0.02,+/-10%,13,12085.383287839464,12220.134047073687,042c345cfe16
2,0.02,+/-10%,14,13293.921616623407,10292.741457397096,042c345cfe16
2,0.02,+/-10%,15,14623.313778285748,11143.833733174852,042c345cfe16
2,0.02,+/-20%,1,23855.376044138444,23855.376044138444,042c345cfe16
2,0.02,+/-20%,2,19084.300835310718,19159.23154985989,042c345cfe16
2,0.02,+/-20%,3,15267.440668248586,15271.102179658721,042c345cfe16
2,0.02,+/-20%,4,12213.952534598873,12216.881747628577,042c345cfe16
2,0.02,+/-20%,5,9771.162027679096,9773.505395329079,042c345cfe16
2,0.02,+/-20%,6,10660.255390024282,10576.390594859633,042c345cfe16
2,0.02,+/-20%,7,12792.306468029157,12792.30646634,042c345cfe16
2,0.02,+/-20%,8,15350.767761634987,15129.36470228,042c345cfe16
2,0.02,+/-20%,9,16207.932396204811,16236.530472680002,042c345cfe16
2,0.02,+/-20%,10,12966.345916963852,13131.591802080002,042c345cfe16
2,0.02,+/-20%,11,10373.07673357108,10505.2734397,042c345cfe16
2,0.02,+/-20%,12,8497.426078268658,8930.036274720002,042c345cfe16
2,0.02,+/-20%,13,10196.911293922401,12041.418879344452,042c345cfe16
2,0.02,+/-20%,14,12236.293552706868,9633.1351046,042c345cfe16
2,0.02,+/-20%,15,14683.552263248246,13395.624056955552,042c345cfe16
2,0.04,NHF,1,90852.4875,90852.4875,042c345cfe16
2,0.04,NHF,2,0.0,0.0,042c345cfe16
2,0.04,NHF,3,0.0,0.0,042c345cfe16
2,0.04,NHF,4,0.0,0.0,042c345cfe16
2,0.04,NHF,5,0.0,0.0,042c345cfe16
2,0.04,NHF,6,0.0,0.0,042c345cfe16
2,0.04,NHF,7,38300.0,38300.0,042c345cfe16
2,0.04,NHF,8,14375.0,14375.0,042c345cfe16
2,0.04,NHF,9,26850.0,26850.0,042c345cfe16
2,0.04,NHF,10,0.0,0.0,042c345cfe16
2,0.04,NHF,11,0.0,0.0,042c345cfe16
2,0.04,NHF,12,0.0,0.0,042c345cfe16
2,0.04,NHF,13,38300.0,38300.0,042c345cfe16
2,0.04,NHF,14,0.0,0.0,042c345cfe16
2,0.04,NHF,15,14375.0,14375.0,042c345cfe16
2,0.04,NDY,1,12877.248864417914,12877.248864417914,042c345cfe16
2,0.04,NDY,2,12877.248864417914,12791.149046829032,042c345cfe16
2,0.04,NDY,3,12877.248864417914,12521.039577965978,042c345cfe16
2,0.04,NDY,4,12877.248864417912,12374.718171116692,042c345cfe16
2,0.04,NDY,5,12877.248864417914,12280.970091693542,042c345cfe16
2,0.04,NDY,6,12877.248864417914,12243.879670004866,042c345cfe16
2,0.04,NDY,7,12877.248864417914,12169.625975280871,042c345cfe16
2,0.04,NDY,8,12877.248864417912,12015.100019900816,042c345cfe16
2,0.04,NDY,9,12877.248864417932,11898.872776576009,042c345cfe16
2,0.04,NDY,10,12877.24886441791,11885.642789905862,042c345cfe16
2,0.04,NDY,11,12877.24886441791,11862.467267885353,042c345cfe16
2,0.04,NDY,12,12877.248864417908,11862.467267889333,042c345cfe16
2,0.04,NDY,13,12877.248864417908,11791.083363418273,042c345cfe16
2,0.04,NDY,14,12877.248864417908,11759.529089436623,042c345cfe16
2,0.04,NDY,15,12877.248864417923,11738.05675686462,042c345cfe16
2,0.04,-10%,1,19389.76468278275,19389.76468278275,042c345cfe16
2,0.04,-10%,2,17450.78821450447,17450.788213692234,042c345cfe16
2,0.04,-10%,3,15705.709393054029,15705.709392438432,042c345cfe16
2,0.04,-10%,4,14135.138453748617,14135.138452567224,042c345cfe16
2,0.04,-10%,5,12721.624608373757,12721.62461151378,042c345cfe16
2,0.04,-10%,6,11449.462147536382,11449.462145289035,042c345cfe16
2,0.04,-10%,7,13609.625400797413,13609.62540234,042c345cfe16
2,0.04,-10%,8,13870.71700279856,13870.71699668,042c345cfe16
2,0.04,-10%,9,12483.645302518704,12483.645297539999,042c345cfe16
2,0.04,-10%,10,11235.280772266833,11235.28078456,042c345cfe16
2,0.04,-10%,11,10111.752695040148,10111.75271156,042c345cfe16
2,0.04,-10%,12,13356.806650015304,13356.806633000002,042c345cfe16
2,0.04,-10%,13,12021.125985013776,12021.125980178947,042c345cfe16
2,0.04,-10%,14,10819.013386512397,10819.013384640002,042c345cfe16
2,0.04,-10%,15,17103.395719784385,11582.642062954645,042c345cfe16
2,0.04,-20%,1,24626.07541308873,24626.07541308873,042c345cfe16
2,0.04,-20%,2,19700.860330470983,19700.860331893182,042c345cfe16
2,0.04,-20%,3,15760.68826437679,15760.688267587308,042c345cfe16
2,0.04,-20%,4,12608.55061150143,12608.550612994804,042c345cfe16
2,0.04,-20%,5,10086.840489201148,10086.840491776948,042c345cfe16
2,0.04,-20%,6,8069.472391360925,8069.472390614088,042c345cfe16
2,0.04,-20%,7,17306.488148654724,17306.48814496,042c345cfe16
2,0.04,-20%,8,13885.663569621112,13845.19051355,042c345cfe16
2,0.04,-20%,9,11108.530855696892,11076.152416310002,042c345cfe16
2,0.04,-20%,10,12174.163920023408,12269.892072266666,042c345cfe16
2,0.04,-20%,11,9739.331136018718,9815.91366234,042c345cfe16
2,0.04,-20%,12,14123.287856551295,14065.938575720002,042c345cfe16
2,0.04,-20%,13,11298.630285241028,11252.750867577777,042c345cfe16
2,0.04,-20%,14,9038.904228192821,9002.200697159999,042c345cfe16
2,0.04,-20%,15,20817.834292248564,12238.12448664404,042c345cfe16
2,0.04,+/-10%,1,19389.76468278274,19389.76468278274,042c345cfe16
2,0.04,+/-10%,2,17450.788214504457,17450.78821523666,042c345cfe16
2,0.04,+/-10%,3,15705.709393054032,15705.709391950808,042c345cfe16
2,0.04,+/-10%,4,14135.13845374862,14135.138449217586,042c345cfe16
2,0.04,+/-10%,5,12721.624608373764,12721.624595257987,042c345cfe16
2,0.04,+/-10%,6,11449.46214753639,11449.462152139486,042c345cfe16
2,0.04,+/-10%,7,12594.408362290022,12594.40835942,042c345cfe16
2,0.04,+/-10%,8,13662.486506949288,13853.84919872,042c345cfe16
2,0.04,+/-10%,9,12296.237856254364,12468.46427596,042c345cfe16
2,0.04,+/-10%,10,12043.736667721669,12636.574334452633,042c345cfe16
2,0.04,+/-10%,11,10839.363000949505,11372.91689916,042c345cfe16
2,0.04,+/-10%,12,11923.299301044442,12030.91512892,042c345cfe16
2,0.04,+/-10%,13,10730.969370940014,10827.8236014,042c345cfe16
2,0.04,+/-10%,14,11804.066308034016,9745.04124096,042c345cfe16
2,0.04,+/-10%,15,12984.472938837418,12232.806940763568,042c345cfe16
2,0.04,+/-20%,1,24626.07541308868,24626.07541308868,042c345cfe16
2,0.04,+/-20%,2,19700.860330471063,19700.86033053669,042c345cfe16
2,0.04,+/-20%,3,15760.688264376791,15760.688263032327,042c345cfe16
2,0.04,+/-20%,4,12608.550611501414,12608.550612741072,042c345cfe16
2,0.04,+/-20%,5,10086.840489201144,10086.840491942236,042c345cfe16
2,0.04,+/-20%,6,8069.472391360913,8069.472392916142,042c345cfe16
2,0.04,+/-20%,7,9683.366869633093,9683.36687026,042c345cfe16
2,0.04,+/-20%,8,11620.04024355971,16566.10281804445,042c345cfe16
2,0.04,+/-20%,9,13944.048292271662,13252.88225247,042c345cfe16
2,0.04,+/-20%,10,16732.85795072598,16270.684334058833,042c345cfe16
2,0.04,+/-20%,11,14959.444269071482,13016.547468831348,042c345cfe16
2,0.04,+/-20%,12,11967.555415257193,10413.237975428483,042c345cfe16
2,0.04,+/-20%,13,9574.044332205787,8330.590374946094,042c345cfe16
2,0.04,+/-20%,14,7659.2354657646465,7376.3083118350005,042c345cfe16
2,0.04,+/-20%,15,9191.082558917571,12195.358491312252,042c345cfe16
2,0.06,NHF,1,90852.4875,90852.4875,042c345cfe16
2,0.06,NHF,2,0.0,0.0,042c345cfe16
2,0.06,NHF,3,0.0,0.0,042c345cfe16
2,0.06,NHF,4,0.0,0.0,042c345cfe16
2,0.06,NHF,5,0.0,0.0,042c345cfe16
2,0.06,NHF,6,0.0,0.0,042c345cfe16
2,0.06,NHF,7,38300.0,38300.0,042c345cfe16
2,0.06,NHF,8,14375.0,14375.0,042c345cfe16
2,0.06,NHF,9,26850.0,26850.0,042c345cfe16
2,0.06,NHF,10,0.0,0.0,042c345cfe16
2,0.06,NHF,11,0.0,0.0,042c345cfe16
2,0.06,NHF,12,0.0,0.0,042c345cfe16
2,0.06,NHF,13,38300.0,38300.0,042c345cfe16
2,0.06,NHF,14,0.0,0.0,042c345cfe16
2,0.06,NHF,15,14375.0,14375.0,042c345cfe16
2,0.06,NDY,1,12851.404397985074,12851.404397985074,042c345cfe16
2,0.06,NDY,2,12851.404397985076,12779.288888648749,042c345cfe16
2,0.06,NDY,3,12851.404397985076,12484.480110477358,042c345cfe16
2,0.06,NDY,4,12851.404397985072,12325.583005212786,042c345cfe16
2,0.06,NDY,5,12851.404397985076,12190.661704345543,042c345cfe16
2,0.06,NDY,6,12851.40439798507,12165.735109983647,042c345cfe16
2,0.06,NDY,7,12851.404397985074,12033.979085542374,042c345cfe16
2,0.06,NDY,8,12851.404397985074,11999.896761835125,042c345cfe16
2,0.06,NDY,9,12851.404397985058,11998.98849956088,042c345cfe16
2,0.06,NDY,10,12851.404397985061,11998.988499274037,042c345cfe16
2,0.06,NDY,11,12851.404397985061,11853.392080146421,042c345cfe16
2,0.06,NDY,12,12851.404397985061,11826.124001714765,042c345cfe16
2,0.06,NDY,13,12851.404397985061,11699.42355092979,042c345cfe16
2,0.06,NDY,14,12851.40439798506,11632.386231789516,042c345cfe16
2,0.06,NDY,15,12851.404397985061,11625.225772114723,042c345cfe16
2,0.06,-10%,1,19389.76468278274,19389.76468278274,042c345cfe16
2,0.06,-10%,2,17450.788214504464,17450.78821477557,042c345cfe16
2,0.06,-10%,3,15705.70939305402,15705.70939680413,042c345cfe16
2,0.06,-10%,4,14135.138453748623,14135.13845158385,042c345cfe16
2,0.06,-10%,5,12721.624608373764,12721.624606450427,042c345cfe16
2,0.06,-10%,6,11449.462147536393,11449.462149425643,042c345cfe16
2,0.06,-10%,7,10304.51593278275,10304.51593322,042c345cfe16
2,0.06,-10%,8,12651.73620052787,12651.7361998,042c345cfe16
2,0.06,-10%,9,11386.562580475083,11386.56258116,042c345cfe16
2,0.06,-10%,10,14176.828351658543,14176.828352019855,042c345cfe16
2,0.06,-10%,11,12759.145516492692,12759.145516308285,042c345cfe16
2,0.06,-10%,12,11483.230964843424,11483.230965309169,042c345cfe16
2,0.06,-10%,13,10334.907868359078,10334.90786669007,042c345cfe16
2,0.06,-10%,14,9301.41708152316,9301.4170830675,042c345cfe16
2,0.06,-10%,15,22165.129472829452,10888.557789196475,042c345cfe16
2,0.06,-20%,1,24626.0754130887,24626.0754130887,042c345cfe16
2,0.06,-20%,2,19700.86033047097,19700.860328416118,042c345cfe16
2,0.06,-20%,3,15760.688264376779,15760.688262248532,042c345cfe16
2,0.06,-20%,4,12608.550611501441,12608.550607236224,042c345cfe16
2,0.06,-20%,5,10086.840489201175,10086.840485413104,042c345cfe16
2,0.06,-20%,6,8069.472391360938,8069.472392916142,042c345cfe16
2,0.06,-20%,7,6455.577913088753,6455.57791606,042c345cfe16
2,0.06,-20%,8,19745.570650865513,19745.57065144,042c345cfe16
2,0.06,-20%,9,15796.456520692404,15796.4565272,042c345cfe16
2,0.06,-20%,10,14967.880290468187,14967.880288070904,042c345cfe16
2,0.06,-20%,11,11974.30423237455,11974.304233640001,042c345cfe16
2,0.06,-20%,12,9579.443385899638,9579.443386146502,042c345cfe16
2,0.06,-20%,13,7663.554708719712,7663.554707992064,042c345cfe16
2,0.06,-20%,14,6130.843766975769,6130.843770185,042c345cfe16
2,0.06,-20%,15,23718.71905165093,13692.891221944446,042c345cfe16
2,0.06,+/-10%,1,19389.764682782756,19389.764682782756,042c345cfe16
2,0.06,+/-10%,2,17450.78821450447,17450.788214775566,042c345cfe16
2,0.06,+/-10%,3,15705.709393054027,15705.709393858033,042c345cfe16
2,0.06,+/-10%,4,14135.138453748616,14135.138454358068,042c345cfe16
2,0.06,+/-10%,5,12721.62460837376,12721.624606450423,042c345cfe16
2,0.06,+/-10%,6,11449.462147536378,11449.462149425643,042c345cfe16
2,0.06,+/-10%,7,10304.515932782753,10304.51593322,042c345cfe16
2,0.06,+/-10%,8,11334.967526061031,12528.122003084203,042c345cfe16
2,0.06,+/-10%,9,12468.464278667137,11275.309800609999,042c345cfe16
2,0.06,+/-10%,10,13715.310706533863,14229.351176131393,042c345cfe16
2,0.06,+/-10%,11,12967.064921287409,12806.416059053088,042c345cfe16
2,0.06,+/-10%,12,11670.358429158663,11525.774453750475,042c345cfe16
2,0.06,+/-10%,13,10503.322586242817,10373.197008805715,042c345cfe16
2,0.06,+/-10%,14,9452.990327618525,9335.877310302501,042c345cfe16
2,0.06,+/-10%,15,10398.289360380384,10876.648615479262,042c345cfe16
2,0.06,+/-20%,1,24626.075413088725,24626.075413088725,042c345cfe16
2,0.06,+/-20%,2,19700.860330470983,19700.860330684092,042c345cfe16
2,0.06,+/-20%,3,15760.688264376786,15760.688265440876,042c345cfe16
2,0.06,+/-20%,4,12608.550611501436,12608.550612874333,042c345cfe16
2,0.06,+/-20%,5,10086.840489201144,10086.84049305587,042c345cfe16
2,0.06,+/-20%,6,8069.472391360929,8069.472392916142,042c345cfe16
2,0.06,+/-20%,7,9683.3668696331,9683.36687026,042c345cfe16
2,0.06,+/-20%,8,11620.04024355972,14375.0,042c345cfe16
2,0.06,+/-20%,9,13944.048292271662,15443.985072479998,042c345cfe16
2,0.06,+/-20%,10,16732.857950725996,15293.281939666636,042c345cfe16
2,0.06,+/-20%,11,13611.770890244723,12234.625551195684,042c345cfe16
2,0.06,+/-20%,12,10889.416712195778,9030.141890125115,042c345cfe16
2,0.06,+/-20%,13,8711.533369756617,7056.583513447022,042c345cfe16
2,0.06,+/-20%,14,6969.226695805295,8003.8602840799995,042c345cfe16
2,0.06,+/-20%,15,8363.072034966352,14138.713780917587,042c345cfe16
3,0.0,NHF,1,10054.384,10054.384,042c345cfe16
3,0.0,NHF,2,0.0,0.0,042c345cfe16
3,0.0,NHF,3,20139.518,0.0,042c345cfe16
3,0.0,NHF,4,0.0,12479.518,042c345cfe16
3,0.0,NHF,5,0.0,0.0,042c345cfe16
3,0.0,NHF,6,0.0,0.0,042c345cfe16
3,0.0,NHF,7,10740.0,10740.0,042c345cfe16
3,0.0,NHF,8,11500.0,22240.0,042c345cfe16
3,0.0,NHF,9,34553.33333333333,12331.666666666668,042c345cfe16
3,0.0,NHF,10,0.0,27651.666666666668,042c345cfe16
3,0.0,NHF,11,0.0,0.0,042c345cfe16
3,0.0,NHF,12,0.0,0.0,042c345cfe16
3,0.0,NHF,13,10740.0,0.0,042c345cfe16
3,0.0,NHF,14,0.0,0.0,042c345cfe16
3,0.0,NHF,15,52880.0,29900.0,042c345cfe16
3,0.0,NDY,1,6578.330665932031,6578.330665932031,042c345cfe16
3,0.0,NDY,2,6578.330665932034,6578.3306664227985,042c345cfe16
3,0.0,NDY,3,6578.330665932034,5733.1506939050005,042c345cfe16
3,0.0,NDY,4,6578.33066593203,3472.7286282576047,042c345cfe16
3,0.0,NDY,5,6578.330665932031,8359.927077022374,042c345cfe16
3,0.0,NDY,6,6578.3306659320315,8560.242430998776,042c345cfe16
3,0.0,NDY,7,7160.0,8829.052815101428,042c345cfe16
3,0.0,NDY,8,7160.000000000001,8648.309235330515,042c345cfe16
3,0.0,NDY,9,7160.000000000002,8666.20176682168,042c345cfe16
3,0.0,NDY,10,7160.0,8837.814992687538,042c345cfe16
3,0.0,NDY,11,7159.999999999999,8645.210136736949,042c345cfe16
3,0.0,NDY,12,7160.0,8505.14824793043,042c345cfe16
3,0.0,NDY,13,7160.0,8362.718075934537,042c345cfe16
3,0.0,NDY,14,7160.000000000001,8627.13276217182,042c345cfe16
3,0.0,NDY,15,39102.198296594695,8526.111137024767,042c345cfe16
3,0.0,-10%,1,8377.68593041727,8377.68593041727,042c345cfe16
3,0.0,-10%,2,7539.917337375544,7450.640037806242,042c345cfe16
3,0.0,-10%,3,6785.925603637992,4216.847883563951,042c345cfe16
3,0.0,-10%,4,6107.333043274195,5261.152338182528,042c345cfe16
3,0.0,-10%,5,5496.599738946777,5799.824249689112,042c345cfe16
3,0.0,-10%,6,4946.9397650521005,8609.656044265,042c345cfe16
3,0.0,-10%,7,10740.0,9011.21725685168,042c345cfe16
3,0.0,-10%,8,9666.0,12177.215868211732,042c345cfe16
3,0.0,-10%,9,8699.399999999998,11070.025032723835,042c345cfe16
3,0.0,-10%,10,7829.459999999999,9871.719001576846,042c345cfe16
3,0.0,-10%,11,7046.513999999999,8666.65585774737,042c345cfe16
3,0.0,-10%,12,6341.8626,7962.659308192449,042c345cfe16
3,0.0,-10%,13,5707.676339999999,6587.035659046901,042c345cfe16
3,0.0,-10%,14,5136.908705999999,7403.149974468568,042c345cfe16
3,0.0,-10%,15,40095.83909988534,12767.68097479664,042c345cfe16
3,0.0,-20%,1,10505.745139592958,10505.745139592958,042c345cfe16
3,0.0,-20%,2,8404.596111674331,6682.309364407692,042c345cfe16
3,0.0,-20%,3,6723.676889339467,4487.812430252541,042c345cfe16
3,0.0,-20%,4,5378.941511471572,6408.562617533812,042c345cfe16
3,0.0,-20%,5,4303.153209177259,4253.698493280001,042c345cfe16
3,0.0,-20%,6,3442.522567341807,2778.818435746932,042c345cfe16
3,0.0,-20%,7,13871.074146549607,16805.628372296673,042c345cfe16
3,0.0,-20%,8,11096.859317239712,14456.985413790757,042c345cfe16
3,0.0,-20%,9,8877.487453791775,11632.568500581712,042c345cfe16
3,0.0,-20%,10,7101.989963033419,7535.208500007061,042c345cfe16
3,0.0,-20%,11,5681.591970426735,8264.317488082503,042c345cfe16
3,0.0,-20%,12,4545.2735763413875,6136.622778212666,042c345cfe16
3,0.0,-20%,13,3636.218861073111,5111.942281455071,042c345cfe16
3,0.0,-20%,14,2908.9750888584886,7232.8574620045065,042c345cfe16
3,0.0,-20%,15,47874.55321945944,15726.08884962884,042c345cfe16
3,0.0,+/-10%,1,7567.673735323768,7567.673735323768,042c345cfe16
3,0.0,+/-10%,2,6810.906361791393,6408.843975005964,042c345cfe16
3,0.0,+/-10%,3,6129.815725612255,5512.897641357969,042c345cfe16
3,0.0,+/-10%,4,5710.775956675051,6064.187405041357,042c345cfe16
3,0.0,+/-10%,5,6281.853552342549,6670.606147264702,042c345cfe16
3,0.0,+/-10%,6,6910.0389075768035,8278.811348637926,042c345cfe16
3,0.0,+/-10%,7,7601.0427983344825,11005.659628222456,042c345cfe16
3,0.0,+/-10%,8,8361.147078167935,10936.493898406985,042c345cfe16
3,0.0,+/-10%,9,8097.727686518476,9737.316644761057,042c345cfe16
3,0.0,+/-10%,10,8907.500455170319,8871.033831869063,042c345cfe16
3,0.0,+/-10%,11,9798.250500687362,6744.222902883156,042c345cfe16
3,0.0,+/-10%,12,10778.075550756106,8818.25870035078,042c345cfe16
3,0.0,+/-10%,13,11855.883105831708,7798.875405550044,042c345cfe16
3,0.0,+/-10%,14,13041.471416414865,8578.762949815,042c345cfe16
3,0.0,+/-10%,15,14345.618558056347,12048.226187491335,042c345cfe16
3,0.0,+/-20%,1,7555.80104426309,7555.80104426309,042c345cfe16
3,0.0,+/-20%,2,6668.570665719605,7025.942719947856,042c345cfe16
3,0.0,+/-20%,3,5334.856532575667,4670.032323499514,042c345cfe16
3,0.0,+/-20%,4,5515.32688338866,5604.038787502735,042c345cfe16
3,0.0,+/-20%,5,6618.392260066391,6724.846544902157,042c345cfe16
3,0.0,+/-20%,6,7942.0707120796715,8069.815855227501,042c345cfe16
3,0.0,+/-20%,7,9530.484854495604,11079.86252549784,042c345cfe16
3,0.0,+/-20%,8,8995.189365083208,12729.553210972874,042c345cfe16
3,0.0,+/-20%,9,7196.151492066554,8870.275637579442,042c345cfe16
3,0.0,+/-20%,10,7021.944903495076,6995.285776561974,042c345cfe16
3,0.0,+/-20%,11,8426.333884194097,8620.402083755798,042c345cfe16
3,0.0,+/-20%,12,10111.60066103291,6430.664796457003,042c345cfe16
3,0.0,+/-20%,13,12133.920793239486,7715.562105441166,042c345cfe16
3,0.0,+/-20%,14,14560.704951887383,8346.477097053732,042c345cfe16
3,0.0,+/-20%,15,17472.845942264838,14279.279529253363,042c345cfe16
3,0.02,NHF,1,22533.902000000002,22533.902000000002,042c345cfe16
3,0.02,NHF,2,0.0,0.0,042c345cfe16
3,0.02,NHF,3,7660.0,7660.0,042c345cfe16
3,0.02,NHF,4,7660.0,7660.0,042c345cfe16
3,0.02,NHF,5,0.0,0.0,042c345cfe16
3,0.02,NHF,6,0.0,0.0,042c345cfe16
3,0.02,NHF,7,26060.0,26060.0,042c345cfe16
3,0.02,NHF,8,22240.0,22240.0,042c345cfe16
3,0.02,NHF,9,7660.0,7660.0,042c345cfe16
3,0.02,NHF,10,7660.0,7660.0,042c345cfe16
3,0.02,NHF,11,0.0,0.0,042c345cfe16
3,0.02,NHF,12,0.0,0.0,042c345cfe16
3,0.02,NHF,13,15320.0,15320.0,042c345cfe16
3,0.02,NHF,14,0.0,0.0,042c345cfe16
3,0.02,NHF,15,29900.0,29900.0,042c345cfe16
3,0.02,NDY,1,6578.3306659320315,6578.3306659320315,042c345cfe16
3,0.02,NDY,2,6578.3306659320315,6578.330666353135,042c345cfe16
3,0.02,NDY,3,6578.3306659320315,6578.330665563516,042c345cfe16
3,0.02,NDY,4,6578.330665932035,6578.330666367234,042c345cfe16
3,0.02,NDY,5,6578.3306659320315,6578.330669045265,042c345cfe16
3,0.02,NDY,6,6578.3306659320315,6578.330666182501,042c345cfe16
3,0.02,NDY,7,10114.160204720378,9869.799301193554,042c345cfe16
3,0.02,NDY,8,10114.160204720378,9609.182926754012,042c345cfe16
3,0.02,NDY,9,10114.160204720378,8827.09965086479,042c345cfe16
3,0.02,NDY,10,10114.160204720376,8827.831890273494,042c345cfe16
3,0.02,NDY,11,10114.160204720374,8826.93296575079,042c345cfe16
3,0.02,NDY,12,10114.160204720378,8826.81353840983,042c345cfe16
3,0.02,NDY,13,10114.160204720378,8826.813536695876,042c345cfe16
3,0.02,NDY,14,10114.160204720374,8826.8135320525,042c345cfe16
3,0.02,NDY,15,21059.589361026658,10108.688142722733,042c345cfe16
3,0.02,-10%,1,8377.685930417274,8377.685930417274,042c345cfe16
3,0.02,-10%,2,7539.9173373755475,7539.917337701738,042c345cfe16
3,0.02,-10%,3,6785.925603637995,6785.925603940691,042c345cfe16
3,0.02,-10%,4,6107.333043274194,6107.333043880623,042c345cfe16
3,0.02,-10%,5,5496.599738946774,5496.599739291913,042c345cfe16
3,0.02,-10%,6,4946.939765052096,4946.939766832501,042c345cfe16
3,0.02,-10%,7,14282.134275198445,13928.178665984222,042c345cfe16
3,0.02,-10%,8,12853.9208476786,12383.822629817812,042c345cfe16
3,0.02,-10%,9,11568.52876291074,10263.047851085572,042c345cfe16
3,0.02,-10%,10,10411.675886619663,9237.534204363215,042c345cfe16
3,0.02,-10%,11,9370.508297957695,8313.78078503875,042c345cfe16
3,0.02,-10%,12,8433.457468161927,7481.032898985064,042c345cfe16
3,0.02,-10%,13,7590.1117213457355,6732.929609908624,042c345cfe16
3,0.02,-10%,14,6831.100549211162,6059.63664676,042c345cfe16
3,0.02,-10%,15,21879.212345488646,13758.569165179677,042c345cfe16
3,0.02,-20%,1,10505.745139592927,10505.745139592927,042c345cfe16
3,0.02,-20%,2,8404.596111674342,8404.596112835901,042c345cfe16
3,0.02,-20%,3,6723.676889339474,6723.676890640383,042c345cfe16
3,0.02,-20%,4,5378.941511471579,5378.941510978041,042c345cfe16
3,0.02,-20%,5,4303.153209177265,4303.153206561914,042c345cfe16
3,0.02,-20%,6,3442.5225673418104,3442.5225671175003,042c345cfe16
3,0.02,-20%,7,18112.410196645018,18112.41019474,042c345cfe16
3,0.02,-20%,8,14489.928157316015,14600.243415088149,042c345cfe16
3,0.02,-20%,9,11591.942525852815,10754.389434796645,042c345cfe16
3,0.02,-20%,10,9273.554020682248,8603.511544554472,042c345cfe16
3,0.02,-20%,11,7418.843216545802,6882.809236614965,042c345cfe16
3,0.02,-20%,12,5935.07457323664,5506.247392540001,042c345cfe16
3,0.02,-20%,13,7372.410196645019,6039.8194971,042c345cfe16
3,0.02,-20%,14,5897.928157316015,4831.855597680001,042c345cfe16
3,0.02,-20%,15,21037.076704076782,17868.67374838076,042c345cfe16
3,0.02,+/-10%,1,8315.092988929886,8315.092988929886,042c345cfe16
3,0.02,+/-10%,2,7483.5836900369,7483.583687894307,042c345cfe16
3,0.02,+/-10%,3,6735.225321033215,6281.9917179518725,042c345cfe16
3,0.02,+/-10%,4,6927.422243029775,7153.8777814613695,042c345cfe16
3,0.02,+/-10%,5,7620.164467332753,7993.1660584574265,042c345cfe16
3,0.02,+/-10%,6,8382.180914066026,8792.4826611375,042c345cfe16
3,0.02,+/-10%,7,9220.399005472631,13229.803106703734,042c345cfe16
3,0.02,+/-10%,8,10142.438906019897,11842.983428841759,042c345cfe16
3,0.02,+/-10%,9,11156.682796621888,10645.284773075557,042c345cfe16
3,0.02,+/-10%,10,11472.479354210634,8976.854222741182,042c345cfe16
3,0.02,+/-10%,11,10325.231418789577,7313.009882140001,042c345cfe16
3,0.02,+/-10%,12,9292.708276910622,7562.528511262424,042c345cfe16
3,0.02,+/-10%,13,8363.437449219558,8303.2021955063,042c345cfe16
3,0.02,+/-10%,14,9199.781194141517,9133.522414753334,042c345cfe16
3,0.02,+/-10%,15,10119.759313555664,12721.69064276842,042c345cfe16
3,0.02,+/-20%,1,9235.20573770492,9235.20573770492,042c345cfe16
3,0.02,+/-20%,2,7388.164590163934,7388.1645897605795,042c345cfe16
3,0.02,+/-20%,3,5910.531672131147,4621.51098613045,042c345cfe16
3,0.02,+/-20%,4,5651.91631234253,5806.488666936297,042c345cfe16
3,0.02,+/-20%,5,6782.299574811037,6872.506995891212,042c345cfe16
3,0.02,+/-20%,6,8138.759489773247,10605.505958342128,042c345cfe16
3,0.02,+/-20%,7,9766.51138772789,15598.10297834,042c345cfe16
3,0.02,+/-20%,8,11719.81366527347,14471.952712898872,042c345cfe16
3,0.02,+/-20%,9,14063.776398328164,11035.100936045485,042c345cfe16
3,0.02,+/-20%,10,11251.021118662527,8729.743094160645,042c345cfe16
3,0.02,+/-20%,11,9000.816894930018,6681.674374607044,042c345cfe16
3,0.02,+/-20%,12,7200.653515944017,5729.923358238248,042c345cfe16
3,0.02,+/-20%,13,7054.718515531058,6602.627205401808,042c345cfe16
3,0.02,+/-20%,14,8465.66221863727,9564.420354178032,042c345cfe16
3,0.02,+/-20%,15,10158.794662364722,14027.81651946111,042c345cfe16
3,0.04,NHF,1,22533.902000000002,22533.902000000002,042c345cfe16
3,0.04,NHF,2,0.0,0.0,042c345cfe16
3,0.04,NHF,3,7660.0,7660.0,042c345cfe16
3,0.04,NHF,4,7660.0,7660.0,042c345cfe16
3,0.04,NHF,5,0.0,0.0,042c345cfe16
3,0.04,NHF,6,0.0,0.0,042c345cfe16
3,0.04,NHF,7,26060.0,26060.0,042c345cfe16
3,0.04,NHF,8,22240.0,22240.0,042c345cfe16
3,0.04,NHF,9,7660.0,7660.0,042c345cfe16
3,0.04,NHF,10,7660.0,7660.0,042c345cfe16
3,0.04,NHF,11,0.0,0.0,042c345cfe16
3,0.04,NHF,12,0.0,0.0,042c345cfe16
3,0.04,NHF,13,15320.0,15320.0,042c345cfe16
3,0.04,NHF,14,0.0,0.0,042c345cfe16
3,0.04,NHF,15,29900.0,29900.0,042c345cfe16
3,0.04,NDY,1,7639.902364082587,7639.902364082587,042c345cfe16
3,0.04,NDY,2,7639.902364082585,7639.902364321815,042c345cfe16
3,0.04,NDY,3,7639.902364082585,6030.9854620518945,042c345cfe16
3,0.04,NDY,4,7639.902364082588,6030.985462097642,042c345cfe16
3,0.04,NDY,5,7639.902364082587,6030.985459310501,042c345cfe16
3,0.04,NDY,6,7639.902364082589,6030.985455355,042c345cfe16
3,0.04,NDY,7,9540.94172129802,10090.379265176362,042c345cfe16
3,0.04,NDY,8,9540.94172129802,9999.86900980832,042c345cfe16
3,0.04,NDY,9,9540.941721298019,9783.257145808559,042c345cfe16
3,0.04,NDY,10,9540.941721298028,9767.70760217941,042c345cfe16
3,0.04,NDY,11,9540.941721298024,9344.579070030866,042c345cfe16
3,0.04,NDY,12,9540.941721298026,8185.791268677704,042c345cfe16
3,0.04,NDY,13,9540.941721298024,8185.791271052353,042c345cfe16
3,0.04,NDY,14,9540.94172129802,8185.791272506667,042c345cfe16
3,0.04,NDY,15,12667.096785331678,10207.848637396144,042c345cfe16
3,0.04,-10%,1,9693.789274763682,9693.789274763682,042c345cfe16
3,0.04,-10%,2,8724.410347287318,8333.705696747462,042c345cfe16
3,0.04,-10%,3,7851.969312558583,7500.335127098684,042c345cfe16
3,0.04,-10%,4,7066.772381302726,4910.2928934417605,042c345cfe16
3,0.04,-10%,5,6360.095143172455,4419.263603428583,042c345cfe16
3,0.04,-10%,6,5724.085628855208,3977.33723834,042c345cfe16
3,0.04,-10%,7,13437.948795731289,13437.948799419999,042c345cfe16
3,0.04,-10%,8,12094.15391615816,13068.5818123625,042c345cfe16
3,0.04,-10%,9,10884.738524542343,11761.723630245597,042c345cfe16
3,0.04,-10%,10,9796.26467208811,9869.34521734746,042c345cfe16
3,0.04,-10%,11,8816.638204879304,7429.1416629358055,042c345cfe16
3,0.04,-10%,12,7934.974384391366,6686.227495986444,042c345cfe16
3,0.04,-10%,13,7141.476945952227,6017.6047435,042c345cfe16
3,0.04,-10%,14,6427.329251357008,6945.18019042,042c345cfe16
3,0.04,-10%,15,16406.82466480115,13908.190064781535,042c345cfe16
3,0.04,-20%,1,12209.483564628386,12209.483564628386,042c345cfe16
3,0.04,-20%,2,9767.58685170271,9767.586853162764,042c345cfe16
3,0.04,-20%,3,7814.0694813621685,6578.764754525685,042c345cfe16
3,0.04,-20%,4,6251.255585089734,4004.683521524579,042c345cfe16
3,0.04,-20%,5,5001.004468071786,3203.746818441378,042c345cfe16
3,0.04,-20%,6,4000.803574457428,2562.9974545775003,042c345cfe16
3,0.04,-20%,7,17940.228265828708,17940.2282628,042c345cfe16
3,0.04,-20%,8,14352.18261266295,15852.300001749998,042c345cfe16
3,0.04,-20%,9,11481.746090130362,11641.508180140763,042c345cfe16
3,0.04,-20%,10,9185.39687210429,7935.499016169507,042c345cfe16
3,0.04,-20%,11,7348.317497683429,6348.399210809828,042c345cfe16
3,0.04,-20%,12,5878.653998146748,5078.719364762501,042c345cfe16
3,0.04,-20%,13,4702.923198517396,7095.164690088888,042c345cfe16
3,0.04,-20%,14,3762.3385588139176,5676.131751219999,042c345cfe16
3,0.04,-20%,15,23259.460658345015,18268.35926737778,042c345cfe16
3,0.04,+/-10%,1,9444.711471734608,9444.711471734608,042c345cfe16
3,0.04,+/-10%,2,8500.240324561146,8500.240324699565,042c345cfe16
3,0.04,+/-10%,3,7650.216292105035,7335.520578861921,042c345cfe16
3,0.04,+/-10%,4,6885.194662894529,6126.51798500691,042c345cfe16
3,0.04,+/-10%,5,6196.67519660508,6739.169785290349,042c345cfe16
3,0.04,+/-10%,6,6816.342716265577,7413.0867675399995,042c345cfe16
3,0.04,+/-10%,7,7497.976987892135,10740.0,042c345cfe16
3,0.04,+/-10%,8,8247.77468668135,12252.976525708642,042c345cfe16
3,0.04,+/-10%,9,9072.55215534949,11027.678872094713,042c345cfe16
3,0.04,+/-10%,10,9979.807370884437,9924.910983830972,042c345cfe16
3,0.04,+/-10%,11,10977.788107972889,8932.419884499499,042c345cfe16
3,0.04,+/-10%,12,9880.009297175598,7152.313937439413,042c345cfe16
3,0.04,+/-10%,13,8892.00836745804,7725.509654763364,042c345cfe16
3,0.04,+/-10%,14,9781.209204203842,8498.060621286666,042c345cfe16
3,0.04,+/-10%,15,10759.330124624232,13287.779087236842,042c345cfe16
3,0.04,+/-20%,1,11723.278972024207,11723.278972024207,042c345cfe16
3,0.04,+/-20%,2,9378.623177619365,9378.623177900005,042c345cfe16
3,0.04,+/-20%,3,7502.8985420955,6188.647391020468,042c345cfe16
3,0.04,+/-20%,4,6002.318833676374,4950.917912439567,042c345cfe16
3,0.04,+/-20%,5,4801.855066941114,5941.101495372727,042c345cfe16
3,0.04,+/-20%,6,5762.226080329334,7129.321794419836,042c345cfe16
3,0.04,+/-20%,7,6914.671296395203,12788.754684020001,042c345cfe16
3,0.04,+/-20%,8,8297.605555674232,15156.98473783335,042c345cfe16
3,0.04,+/-20%,9,9957.12666680908,12125.587792337046,042c345cfe16
3,0.04,+/-20%,10,11948.552000170876,9700.4702342072,042c345cfe16
3,0.04,+/-20%,11,13282.383504246189,7379.698474894378,042c345cfe16
3,0.04,+/-20%,12,10625.906803396952,4888.55137182304,042c345cfe16
3,0.04,+/-20%,13,8500.725442717556,5866.261644842316,042c345cfe16
3,0.04,+/-20%,14,6800.580354174055,7039.513978520001,042c345cfe16
3,0.04,+/-20%,15,8160.696425008866,17235.04102727778,042c345cfe16
3,0.06,NHF,1,22533.902000000002,22533.902000000002,042c345cfe16
3,0.06,NHF,2,0.0,0.0,042c345cfe16
3,0.06,NHF,3,7660.0,7660.0,042c345cfe16
3,0.06,NHF,4,7660.0,7660.0,042c345cfe16
3,0.06,NHF,5,0.0,0.0,042c345cfe16
3,0.06,NHF,6,0.0,0.0,042c345cfe16
3,0.06,NHF,7,26060.0,26060.0,042c345cfe16
3,0.06,NHF,8,22240.0,22240.0,042c345cfe16
3,0.06,NHF,9,7660.0,7660.0,042c345cfe16
3,0.06,NHF,10,7660.0,7660.0,042c345cfe16
3,0.06,NHF,11,0.0,0.0,042c345cfe16
3,0.06,NHF,12,0.0,0.0,042c345cfe16
3,0.06,NHF,13,15320.0,15320.0,042c345cfe16
3,0.06,NHF,14,0.0,0.0,042c345cfe16
3,0.06,NHF,15,29900.0,29900.0,042c345cfe16
3,0.06,NDY,1,7639.902364082587,7639.902364082587,042c345cfe16
3,0.06,NDY,2,7639.902364082585,7639.902364321815,042c345cfe16
3,0.06,NDY,3,7639.902364082585,7639.902364762287,042c345cfe16
3,0.06,NDY,4,7639.902364082588,7639.9023641778585,042c345cfe16
3,0.06,NDY,5,7639.902364082587,4296.466297519421,042c345cfe16
3,0.06,NDY,6,7639.902364082589,4296.4663023425,042c345cfe16
3,0.06,NDY,7,9540.94172129802,10133.783658749879,042c345cfe16
3,0.06,NDY,8,9540.94172129802,9845.941329545036,042c345cfe16
3,0.06,NDY,9,9540.941721298019,9775.177568685995,042c345cfe16
3,0.06,NDY,10,9540.941721298028,9728.746544595293,042c345cfe16
3,0.06,NDY,11,9540.941721298024,9703.25240682757,042c345cfe16
3,0.06,NDY,12,9540.941721298026,9474.274111780098,042c345cfe16
3,0.06,NDY,13,9540.941721298024,6547.231213224137,042c345cfe16
3,0.06,NDY,14,9540.94172129802,6547.231210986667,042c345cfe16
3,0.06,NDY,15,12667.096785331678,10116.511436022105,042c345cfe16
3,0.06,-10%,1,9693.789274763683,9693.789274763683,042c345cfe16
3,0.06,-10%,2,8724.410347287316,8724.410347490475,042c345cfe16
3,0.06,-10%,3,7851.969312558584,7851.969313638292,042c345cfe16
3,0.06,-10%,4,7066.772381302727,6317.772187705264,042c345cfe16
3,0.06,-10%,5,6360.095143172453,3174.6078570300033,042c345cfe16
3,0.06,-10%,6,5724.085628855208,2857.1470752975,042c345cfe16
3,0.06,-10%,7,10740.0,10740.0,042c345cfe16
3,0.06,-10%,8,12347.824817225275,13376.108955121472,042c345cfe16
3,0.06,-10%,9,11113.04233550275,12038.498060299555,042c345cfe16
3,0.06,-10%,10,10001.738101952476,10834.64825286754,042c345cfe16
3,0.06,-10%,11,9001.56429175723,9751.183427251219,042c345cfe16
3,0.06,-10%,12,8101.407862581502,5239.632574731515,042c345cfe16
3,0.06,-10%,13,7291.267076323358,4715.66931675,042c345cfe16
3,0.06,-10%,14,6562.140368691023,7108.61271716,042c345cfe16
3,0.06,-10%,15,16525.68444853425,13799.136380803386,042c345cfe16
3,0.06,-20%,1,12209.483564628385,12209.483564628385,042c345cfe16
3,0.06,-20%,2,9767.586851702708,9767.586852168786,042c345cfe16
3,0.06,-20%,3,7814.069481362168,7814.0694806909705,042c345cfe16
3,0.06,-20%,4,6251.255585089735,4503.265349066667,042c345cfe16
3,0.06,-20%,5,5001.004468071786,2098.491046601208,042c345cfe16
3,0.06,-20%,6,4000.803574457429,1678.7928349575002,042c345cfe16
3,0.06,-20%,7,13385.625041777002,13385.62503994,042c345cfe16
3,0.06,-20%,8,15312.492080096132,16768.80369672988,042c345cfe16
3,0.06,-20%,9,12249.993664076905,13415.042958176206,042c345cfe16
3,0.06,-20%,10,9799.994931261524,10732.034365275853,042c345cfe16
3,0.06,-20%,11,7839.995945009219,6348.264618925134,042c345cfe16
3,0.06,-20%,12,6271.996756007376,4320.76442904849,042c345cfe16
3,0.06,-20%,13,5017.597404805901,3456.611547833333,042c345cfe16
3,0.06,-20%,14,4014.07792384472,4395.84127388,042c345cfe16
3,0.06,-20%,15,26895.56132275152,18912.393156953218,042c345cfe16
3,0.06,+/-10%,1,9693.789274763687,9693.789274763687,042c345cfe16
3,0.06,+/-10%,2,8724.410347287312,8724.410347490477,042c345cfe16
3,0.06,+/-10%,3,7851.969312558583,7508.92670009201,042c345cfe16
3,0.06,+/-10%,4,7066.77238130273,6758.034030283737,042c345cfe16
3,0.06,+/-10%,5,6360.09514317245,5813.30208197375,042c345cfe16
3,0.06,+/-10%,6,5724.085628855208,6959.382238058028,042c345cfe16
3,0.06,+/-10%,7,6296.49419174073,10740.0,042c345cfe16
3,0.06,+/-10%,8,6926.1436109148035,12325.469392950181,042c345cfe16
3,0.06,+/-10%,9,7618.757972006279,10964.213927412158,042c345cfe16
3,0.06,+/-10%,10,8380.633769206914,9867.792535090677,042c345cfe16
3,0.06,+/-10%,11,9218.697146127606,8881.013281946345,042c345cfe16
3,0.06,+/-10%,12,10140.566860740379,7574.33259620047,042c345cfe16
3,0.06,+/-10%,13,11154.623546814415,6816.899338239929,042c345cfe16
3,0.06,+/-10%,14,12270.085901495844,7498.589269365,042c345cfe16
3,0.06,+/-10%,15,13497.094491645434,14003.797934747368,042c345cfe16
3,0.06,+/-20%,1,12209.483564628394,12209.483564628394,042c345cfe16
3,0.06,+/-20%,2,9767.58685170273,9767.586852168792,042c345cfe16
3,0.06,+/-20%,3,7814.069481362167,7210.639057805244,042c345cfe16
3,0.06,+/-20%,4,6251.255585089744,5768.511245101449,042c345cfe16
3,0.06,+/-20%,5,5001.004468071795,4614.808996590908,042c345cfe16
3,0.06,+/-20%,6,4000.8035744573776,5537.770795764833,042c345cfe16
3,0.06,+/-20%,7,4800.964289348849,13385.62503994,042c345cfe16
3,0.06,+/-20%,8,5761.157147218633,15278.22854481143,042c345cfe16
3,0.06,+/-20%,9,6913.388576662362,12222.582836506197,042c345cfe16
3,0.06,+/-20%,10,8296.066291994819,9778.066269543513,042c345cfe16
3,0.06,+/-20%,11,9955.279550393792,7822.453015170289,042c345cfe16
3,0.06,+/-20%,12,11946.335460472557,5590.978550745897,042c345cfe16
3,0.06,+/-20%,13,14335.602552567063,4472.782840226402,042c345cfe16
3,0.06,+/-20%,14,14066.06398994212,5367.33941204,042c345cfe16
3,0.06,+/-20%,15,11252.85119195373,18485.4342812,042c345cfe16
4,0.0,NHF,1,12567.980000000001,12567.980000000001,042c345cfe16
4,0.0,NHF,2,0.0,0.0,042c345cfe16
4,0.0,NHF,3,23259.3975,0.0,042c345cfe16
4,0.0,NHF,4,0.0,15599.397500000001,042c345cfe16
4,0.0,NHF,5,15147.066,15147.066,042c345cfe16
4,0.0,NHF,6,0.0,0.0,042c345cfe16
4,0.0,NHF,7,5370.0,0.0,042c345cfe16
4,0.0,NHF,8,14375.0,25115.0,042c345cfe16
4,0.0,NHF,9,38383.33333333333,12331.666666666668,042c345cfe16
4,0.0,NHF,10,0.0,31481.666666666668,042c345cfe16
4,0.0,NHF,11,0.0,3830.0,042c345cfe16
4,0.0,NHF,12,0.0,5370.0,042c345cfe16
4,0.0,NHF,13,21480.0,10740.0,042c345cfe16
4,0.0,NHF,14,0.0,0.0,042c345cfe16
4,0.0,NHF,15,59622.5,22035.0,042c345cfe16
4,0.0,NDY,1,9537.15447552449,9537.15447552449,042c345cfe16
4,0.0,NDY,2,9537.154475524496,10134.060137007582,042c345cfe16
4,0.0,NDY,3,9537.154475524483,9662.420577936029,042c345cfe16
4,0.0,NDY,4,9537.154475524496,9959.84273681126,042c345cfe16
4,0.0,NDY,5,9537.154475524492,9915.433855754018,042c345cfe16
4,0.0,NDY,6,9537.154475524492,9964.698467485548,042c345cfe16
4,0.0,NDY,7,9537.154475524492,10472.880593403186,042c345cfe16
4,0.0,NDY,8,9537.154475524494,10703.699891298762,042c345cfe16
4,0.0,NDY,9,9537.154475524489,11187.054905713576,042c345cfe16
4,0.0,NDY,10,9537.154475524492,10864.214736120653,042c345cfe16
4,0.0,NDY,11,9537.154475524494,10577.006321065193,042c345cfe16
4,0.0,NDY,12,9537.154475524483,10513.569900948469,042c345cfe16
4,0.0,NDY,13,9537.154475524483,10630.026401145216,042c345cfe16
4,0.0,NDY,14,9537.154475524483,10743.753878917089,042c345cfe16
4,0.0,NDY,15,44615.05319323456,10940.957474275589,042c345cfe16
4,0.0,-10%,1,12847.324358417975,12847.324358417975,042c345cfe16
4,0.0,-10%,2,11562.591922576175,11265.067645257514,042c345cfe16
4,0.0,-10%,3,10406.332730318563,754.0201174998673,042c345cfe16
4,0.0,-10%,4,9365.6994572867,8930.705288963942,042c345cfe16
4,0.0,-10%,5,8429.129511558032,9337.853209357132,042c345cfe16
4,0.0,-10%,6,7586.216560402229,13007.094366404064,042c345cfe16
4,0.0,-10%,7,11195.00083737593,14333.277087574843,042c345cfe16
4,0.0,-10%,8,10075.500753638335,14162.37806178217,042c345cfe16
4,0.0,-10%,9,9067.950678274512,12707.434288757093,042c345cfe16
4,0.0,-10%,10,8161.1556104470565,11310.627662001598,042c345cfe16
4,0.0,-10%,11,7345.040049402351,9746.30063693091,042c345cfe16
4,0.0,-10%,12,6610.536044462115,7775.59793738105,042c345cfe16
4,0.0,-10%,13,5949.482440015903,7661.12166212207,042c345cfe16
4,0.0,-10%,14,5354.534196014312,14264.08254534801,042c345cfe16
4,0.0,-10%,15,59768.62902513036,14728.461579822892,042c345cfe16
4,0.0,-20%,1,16069.017132559582,16069.017132559582,042c345cfe16
4,0.0,-20%,2,12855.213706047663,10410.965082000763,042c345cfe16
4,0.0,-20%,3,10284.170964838131,2583.3313070920585,042c345cfe16
4,0.0,-20%,4,8227.336771870505,6965.730645846666,042c345cfe16
4,0.0,-20%,5,6581.869417496402,7241.845347750091,042c345cfe16
4,0.0,-20%,6,5265.495533997125,6768.862971626677,042c345cfe16
4,0.0,-20%,7,16178.575729395543,13027.398909168103,042c345cfe16
4,0.0,-20%,8,12942.860583516438,19250.31378893681,042c345cfe16
4,0.0,-20%,9,10354.288466813148,13302.022469129319,042c345cfe16
4,0.0,-20%,10,8283.43077345052,4779.301248194379,042c345cfe16
4,0.0,-20%,11,6626.7446187604155,11225.39311419443,042c345cfe16
4,0.0,-20%,12,5301.395695008333,10836.0659331185,042c345cfe16
4,0.0,-20%,13,4241.116556006664,12548.453317322013,042c345cfe16
4,0.0,-20%,14,4633.9189391522295,7629.935880647845,042c345cfe16
4,0.0,-20%,15,59856.563888326724,17671.316890892464,042c345cfe16
4,0.0,+/-10%,1,12266.328673482649,12266.328673482649,042c345cfe16
4,0.0,+/-10%,2,11039.69580613437,9006.160523325812,042c345cfe16
4,0.0,+/-10%,3,9935.72622552092,8620.381412302431,042c345cfe16
4,0.0,+/-10%,4,8942.15360296883,9283.707821042384,042c345cfe16
4,0.0,+/-10%,5,8398.471067133572,9714.53266337672,042c345cfe16
4,0.0,+/-10%,6,9238.318173846932,11366.694445554582,042c345cfe16
4,0.0,+/-10%,7,10162.149991231614,10991.499512859999,042c345cfe16
4,0.0,+/-10%,8,11178.36499035476,12946.251049626562,042c345cfe16
4,0.0,+/-10%,9,10060.528491319263,13185.736123004517,042c345cfe16
4,0.0,+/-10%,10,11034.0341201776,9872.78381278759,042c345cfe16
4,0.0,+/-10%,11,12137.437532195358,9979.497220693582,042c345cfe16
4,0.0,+/-10%,12,13351.181285414903,10258.839204030824,042c345cfe16
4,0.0,+/-10%,13,14686.299413956396,13246.263752153945,042c345cfe16
4,0.0,+/-10%,14,16154.929355352033,11921.63737448,042c345cfe16
4,0.0,+/-10%,15,17770.42229088724,13206.1200885953,042c345cfe16
4,0.0,+/-20%,1,14120.35093873785,14120.35093873785,042c345cfe16
4,0.0,+/-20%,2,11296.280750990281,8694.708459179836,042c345cfe16
4,0.0,+/-20%,3,9037.024600792214,7834.653502713348,042c345cfe16
4,0.0,+/-20%,4,7229.619680633774,8234.129285066087,042c345cfe16
4,0.0,+/-20%,5,8092.4524853108915,9016.70860171161,042c345cfe16
4,0.0,+/-20%,6,9710.94298237306,10682.72517719124,042c345cfe16
4,0.0,+/-20%,7,11653.131578847682,11653.13157624,042c345cfe16
4,0.0,+/-20%,8,13318.794408102796,16710.873274066555,042c345cfe16
4,0.0,+/-20%,9,10655.03552648223,13865.166942130576,042c345cfe16
4,0.0,+/-20%,10,8524.028421185782,8335.54305143126,042c345cfe16
4,0.0,+/-20%,11,10228.834105422953,10907.614580433936,042c345cfe16
4,0.0,+/-20%,12,12274.600926507537,8726.09166579444,042c345cfe16
4,0.0,+/-20%,13,14729.521111809046,9829.369741143624,042c345cfe16
4,0.0,+/-20%,14,17675.425334170865,12878.65150946,042c345cfe16
4,0.0,+/-20%,15,21210.510401005035,15110.168848900175,042c345cfe16
4,0.02,NHF,1,39484.4435,39484.4435,042c345cfe16
4,0.02,NHF,2,0.0,0.0,042c345cfe16
4,0.02,NHF,3,7660.0,7660.0,042c345cfe16
4,0.02,NHF,4,7660.0,7660.0,042c345cfe16
4,0.02,NHF,5,3830.0,3830.0,042c345cfe16
4,0.02,NHF,6,0.0,0.0,042c345cfe16
4,0.02,NHF,7,24520.0,24520.0,042c345cfe16
4,0.02,NHF,8,25115.0,25115.0,042c345cfe16
4,0.02,NHF,9,18400.0,18400.0,042c345cfe16
4,0.02,NHF,10,7660.0,7660.0,042c345cfe16
4,0.02,NHF,11,3830.0,3830.0,042c345cfe16
4,0.02,NHF,12,0.0,0.0,042c345cfe16
4,0.02,NHF,13,19150.0,19150.0,042c345cfe16
4,0.02,NHF,14,0.0,0.0,042c345cfe16
4,0.02,NHF,15,27405.0,27405.0,042c345cfe16
4,0.02,NDY,1,10111.129262485014,10111.129262485014,042c345cfe16
4,0.02,NDY,2,10111.129262485018,10111.129262611174,042c345cfe16
4,0.02,NDY,3,10111.12926248501,10111.129262344763,042c345cfe16
4,0.02,NDY,4,10111.129262485023,10111.129261158243,042c345cfe16
4,0.02,NDY,5,10111.129262485021,10111.129260362428,042c345cfe16
4,0.02,NDY,6,10111.129262485023,10111.12926176,042c345cfe16
4,0.02,NDY,7,12065.59212997041,11736.32898590652,042c345cfe16
4,0.02,NDY,8,12065.59212997041,11718.230189344667,042c345cfe16
4,0.02,NDY,9,12065.59212997041,11681.649545026301,042c345cfe16
4,0.02,NDY,10,12065.592129970399,11652.647313680594,042c345cfe16
4,0.02,NDY,11,12065.592129970408,11652.647313438576,042c345cfe16
4,0.02,NDY,12,12065.59212997041,11652.647313506217,042c345cfe16
4,0.02,NDY,13,12065.592129970406,11652.64731386083,042c345cfe16
4,0.02,NDY,14,12065.59212997041,11652.647315221664,042c345cfe16
4,0.02,NDY,15,13633.075346478254,11681.64954732,042c345cfe16
4,0.02,-10%,1,12877.144648510759,12877.144648510759,042c345cfe16
4,0.02,-10%,2,11589.430183659686,11598.795009083933,042c345cfe16
4,0.02,-10%,3,10430.487165293714,10438.915508343163,042c345cfe16
4,0.02,-10%,4,9387.438448764346,9395.02395580253,042c345cfe16
4,0.02,-10%,5,8448.694603887909,8455.521559924713,042c345cfe16
4,0.02,-10%,6,7603.82514349912,7609.969407802501,042c345cfe16
4,0.02,-10%,7,16800.76208419149,16513.726862988748,042c345cfe16
4,0.02,-10%,8,15120.685875772342,14862.354175652506,042c345cfe16
4,0.02,-10%,9,13608.617288195113,13376.118758378947,042c345cfe16
4,0.02,-10%,10,12247.755559375597,12038.50688201,042c345cfe16
4,0.02,-10%,11,11022.980003438039,10834.656196375508,042c345cfe16
4,0.02,-10%,12,9920.682003094236,9751.19057028,042c345cfe16
4,0.02,-10%,13,8928.613802784814,8776.071516947368,042c345cfe16
4,0.02,-10%,14,8035.7524225063335,7898.46436388,042c345cfe16
4,0.02,-10%,15,12788.89390663386,13980.09626041,042c345cfe16
4,0.02,-20%,1,16192.842051716685,16192.842051716685,042c345cfe16
4,0.02,-20%,2,12954.273641373346,13010.361114456256,042c345cfe16
4,0.02,-20%,3,10363.418913098658,10408.28889255834,042c345cfe16
4,0.02,-20%,4,8290.73513047894,8326.631114317417,042c345cfe16
4,0.02,-20%,5,6632.588104383151,6661.304894414658,042c345cfe16
4,0.02,-20%,6,5306.070483506522,5329.0439193675,042c345cfe16
4,0.02,-20%,7,19204.95512387889,19204.95512592,042c345cfe16
4,0.02,-20%,8,17943.84961807505,17792.34522938,042c345cfe16
4,0.02,-20%,9,14355.079694460044,14233.87618178,042c345cfe16
4,0.02,-20%,10,11484.063755568035,11387.10094494,042c345cfe16
4,0.02,-20%,11,9187.25100445443,9109.680755500001,042c345cfe16
4,0.02,-20%,12,7349.800803563545,7287.74460936,042c345cfe16
4,0.02,-20%,13,8559.970509648785,8758.744270488889,042c345cfe16
4,0.02,-20%,14,6847.97640771903,7006.995417599999,042c345cfe16
4,0.02,-20%,15,18074.39042933164,16490.59183478,042c345cfe16
4,0.02,+/-10%,1,11848.487353641496,11848.487353641496,042c345cfe16
4,0.02,+/-10%,2,10663.638618277346,10663.638617558096,042c345cfe16
4,0.02,+/-10%,3,9597.274756449617,8728.493389944022,042c345cfe16
4,0.02,+/-10%,4,8637.547280804649,8909.63705655768,042c345cfe16
4,0.02,+/-10%,5,9501.302008885134,9800.60076123436,042c345cfe16
4,0.02,+/-10%,6,10451.432209773651,10780.66083536,042c345cfe16
4,0.02,+/-10%,7,11496.575430751007,13788.25600044,042c345cfe16
4,0.02,+/-10%,8,12646.232973826118,14843.498516869426,042c345cfe16
4,0.02,+/-10%,9,13910.856271208731,13359.148663753513,042c345cfe16
4,0.02,+/-10%,10,13591.87467357873,11936.980059350213,042c345cfe16
4,0.02,+/-10%,11,12232.687206220864,10262.032821280001,042c345cfe16
4,0.02,+/-10%,12,11009.41848559878,9388.515227873637,042c345cfe16
4,0.02,+/-10%,13,9908.476637038895,10144.00459447619,042c345cfe16
4,0.02,+/-10%,14,10899.324300742785,11158.40505546,042c345cfe16
4,0.02,+/-10%,15,11989.256730817073,12525.56817545,042c345cfe16
4,0.02,+/-20%,1,14420.107417939333,14420.107417939333,042c345cfe16
4,0.02,+/-20%,2,11536.085934351482,11309.878780887906,042c345cfe16
4,0.02,+/-20%,3,9228.868747481189,8935.175640642203,042c345cfe16
4,0.02,+/-20%,4,7383.094997984945,7148.140511352261,042c345cfe16
4,0.02,+/-20%,5,8215.547685096259,8577.768613681023,042c345cfe16
4,0.02,+/-20%,6,9858.657222115513,10293.32233312,042c345cfe16
4,0.02,+/-20%,7,11830.38866653861,14959.67269936,042c345cfe16
4,0.02,+/-20%,8,14196.46639984633,16977.184314844264,042c345cfe16
4,0.02,+/-20%,9,17035.75967981559,13581.747454666667,042c345cfe16
4,0.02,+/-20%,10,13628.60774385247,10865.39796539,042c345cfe16
4,0.02,+/-20%,11,10902.88619508197,10525.689197755557,042c345cfe16
4,0.02,+/-20%,12,8722.308956065577,8420.55135382,042c345cfe16
4,0.02,+/-20%,13,8834.592428764357,9307.895648400003,042c345cfe16
4,0.02,+/-20%,14,10601.510914517234,11169.474776160001,042c345cfe16
4,0.02,+/-20%,15,12721.813097420669,14567.0757942,042c345cfe16
4,0.04,NHF,1,39484.4435,39484.4435,042c345cfe16
4,0.04,NHF,2,0.0,0.0,042c345cfe16
4,0.04,NHF,3,7660.0,7660.0,042c345cfe16
4,0.04,NHF,4,7660.0,7660.0,042c345cfe16
4,0.04,NHF,5,3830.0,3830.0,042c345cfe16
4,0.04,NHF,6,0.0,0.0,042c345cfe16
4,0.04,NHF,7,24520.0,24520.0,042c345cfe16
4,0.04,NHF,8,25115.0,25115.0,042c345cfe16
4,0.04,NHF,9,18400.0,18400.0,042c345cfe16
4,0.04,NHF,10,7660.0,7660.0,042c345cfe16
4,0.04,NHF,11,3830.0,3830.0,042c345cfe16
4,0.04,NHF,12,0.0,0.0,042c345cfe16
4,0.04,NHF,13,19150.0,19150.0,042c345cfe16
4,0.04,NHF,14,0.0,0.0,042c345cfe16
4,0.04,NHF,15,27405.0,27405.0,042c345cfe16
4,0.04,NDY,1,10111.129262485016,10111.129262485016,042c345cfe16
4,0.04,NDY,2,10111.129262485018,10111.129262887856,042c345cfe16
4,0.04,NDY,3,10111.129262485016,10111.129263541263,042c345cfe16
4,0.04,NDY,4,10111.129262485023,10111.129271651935,042c345cfe16
4,0.04,NDY,5,10111.129262485018,10111.129256758166,042c345cfe16
4,0.04,NDY,6,10111.129262485018,10111.12925328,042c345cfe16
4,0.04,NDY,7,11515.456014360789,11515.456013980001,042c345cfe16
4,0.04,NDY,8,11515.456014360787,11515.456014161711,042c345cfe16
4,0.04,NDY,9,11515.456014360789,11515.456014000049,042c345cfe16
4,0.04,NDY,10,11515.456014360792,11515.456014736605,042c345cfe16
4,0.04,NDY,11,11515.456014360785,11515.45601530851,042c345cfe16
4,0.04,NDY,12,11515.456014360785,11515.456014344923,042c345cfe16
4,0.04,NDY,13,11515.456014360785,11515.456012602066,042c345cfe16
4,0.04,NDY,14,11515.456014360789,11515.456014277499,042c345cfe16
4,0.04,NDY,15,11515.456014360749,11515.45601468,042c345cfe16
4,0.04,-10%,1,12885.294902783575,12885.294902783575,042c345cfe16
4,0.04,-10%,2,11596.765412505221,11596.765411151537,042c345cfe16
4,0.04,-10%,3,10437.088871254697,10437.088869955256,042c345cfe16
4,0.04,-10%,4,9393.37998412923,9393.37998200455,042c345cfe16
4,0.04,-10%,5,8454.04198571631,8454.0419852187,042c345cfe16
4,0.04,-10%,6,7608.637787144676,7608.6377826725,042c345cfe16
4,0.04,-10%,7,16514.77485742633,16514.77486104,042c345cfe16
4,0.04,-10%,8,14863.297371683695,14863.297370022141,042c345cfe16
4,0.04,-10%,9,13376.967634515328,13376.967635126317,042c345cfe16
4,0.04,-10%,10,12039.27087106379,12039.270874000002,042c345cfe16
4,0.04,-10%,11,10835.343783957414,10835.343784382128,042c345cfe16
4,0.04,-10%,12,9751.809405561675,9751.80941454,042c345cfe16
4,0.04,-10%,13,8776.628465005511,8776.62846103158,042c345cfe16
4,0.04,-10%,14,7898.965618504953,7898.9656113,042c345cfe16
4,0.04,-10%,15,11510.576144877796,11510.576147339998,042c345cfe16
4,0.04,-20%,1,16265.042472490617,16265.042472490617,042c345cfe16
4,0.04,-20%,2,13012.033977992489,13012.03397822303,042c345cfe16
4,0.04,-20%,3,10409.627182394,10409.627183325301,042c345cfe16
4,0.04,-20%,4,8327.701745915201,8327.701744835798,042c345cfe16
4,0.04,-20%,5,6662.161396732161,6662.161395934176,042c345cfe16
4,0.04,-20%,6,5329.729117385728,5329.7291137600005,042c345cfe16
4,0.04,-20%,7,16740.527547058875,16740.52754684,042c345cfe16
4,0.04,-20%,8,18758.01907318524,18758.019075930002,042c345cfe16
4,0.04,-20%,9,15006.415258548193,15006.415257249999,042c345cfe16
4,0.04,-20%,10,12005.132206838556,12005.132206484905,042c345cfe16
4,0.04,-20%,11,9604.105765470842,9519.141498929179,042c345cfe16
4,0.04,-20%,12,7683.284612376671,7615.313199939999,042c345cfe16
4,0.04,-20%,13,6321.6511688038645,6321.651170566667,042c345cfe16
4,0.04,-20%,14,5057.320935043092,5057.3209339,042c345cfe16
4,0.04,-20%,15,22020.564291342507,21363.862923098073,042c345cfe16
4,0.04,+/-10%,1,12885.294902783575,12885.294902783575,042c345cfe16
4,0.04,+/-10%,2,11596.765412505236,11596.765411512404,042c345cfe16
4,0.04,+/-10%,3,10437.088871254688,10437.088871282016,042c345cfe16
4,0.04,+/-10%,4,9393.379984129217,9262.974244744444,042c345cfe16
4,0.04,+/-10%,5,8454.04198571631,7488.860715277466,042c345cfe16
4,0.04,+/-10%,6,7608.637787144686,8237.746785678328,042c345cfe16
4,0.04,+/-10%,7,8369.501565859166,9061.52146923,042c345cfe16
4,0.04,+/-10%,8,9206.451722445063,15108.72839429664,042c345cfe16
4,0.04,+/-10%,9,10127.096894689581,13581.756840348753,042c345cfe16
4,0.04,+/-10%,10,11139.806584158512,11905.950828861498,042c345cfe16
4,0.04,+/-10%,11,12253.78724257441,10715.355746296394,042c345cfe16
4,0.04,+/-10%,12,13479.165966831866,8476.845533452886,042c345cfe16
4,0.04,+/-10%,13,12452.315903094914,9324.53008924723,042c345cfe16
4,0.04,+/-10%,14,13251.319747677324,10256.983094038333,042c345cfe16
4,0.04,+/-10%,15,14576.451722445063,15475.84142297895,042c345cfe16
4,0.04,+/-20%,1,15970.339939024308,15970.339939024308,042c345cfe16
4,0.04,+/-20%,2,12776.271951219604,12776.271948802134,042c345cfe16
4,0.04,+/-20%,3,10221.017560975584,10221.017560179784,042c345cfe16
4,0.04,+/-20%,4,8176.814048780505,8176.814048062917,042c345cfe16
4,0.04,+/-20%,5,6541.451239024391,5805.80621690953,042c345cfe16
4,0.04,+/-20%,6,6562.744595697192,6966.967460967044,042c345cfe16
4,0.04,+/-20%,7,7875.293514836645,8360.36095499,042c345cfe16
4,0.04,+/-20%,8,9450.352217804017,20232.414819579375,042c345cfe16
4,0.04,+/-20%,9,11340.42266136469,15946.606960702773,042c345cfe16
4,0.04,+/-20%,10,13608.507193637646,12444.448197963005,042c345cfe16
4,0.04,+/-20%,11,16330.20863236525,9583.70118644147,042c345cfe16
4,0.04,+/-20%,12,13064.16690589218,6254.588913814754,042c345cfe16
4,0.04,+/-20%,13,10451.333524713777,7505.506699074465,042c345cfe16
4,0.04,+/-20%,14,8996.227241800572,9006.608042468333,042c345cfe16
4,0.04,+/-20%,15,10795.47269016064,17469.5796124,042c345cfe16
4,0.06,NHF,1,39484.4435,39484.4435,042c345cfe16
4,0.06,NHF,2,0.0,0.0,042c345cfe16
4,0.06,NHF,3,7660.0,7660.0,042c345cfe16
4,0.06,NHF,4,7660.0,7660.0,042c345cfe16
4,0.06,NHF,5,3830.0,3830.0,042c345cfe16
4,0.06,NHF,6,0.0,0.0,042c345cfe16
4,0.06,NHF,7,24520.0,24520.0,042c345cfe16
4,0.06,NHF,8,25115.0,25115.0,042c345cfe16
4,0.06,NHF,9,18400.0,18400.0,042c345cfe16
4,0.06,NHF,10,7660.0,7660.0,042c345cfe16
4,0.06,NHF,11,3830.0,3830.0,042c345cfe16
4,0.06,NHF,12,0.0,0.0,042c345cfe16
4,0.06,NHF,13,19150.0,19150.0,042c345cfe16
4,0.06,NHF,14,0.0,0.0,042c345cfe16
4,0.06,NHF,15,27405.0,27405.0,042c345cfe16
4,0.06,NDY,1,10111.129262485021,10111.129262485021,042c345cfe16
4,0.06,NDY,2,10111.12926248502,10111.129261898794,042c345cfe16
4,0.06,NDY,3,10111.129262485016,10111.129263217204,042c345cfe16
4,0.06,NDY,4,10111.129262485018,10111.1292639909,042c345cfe16
4,0.06,NDY,5,10111.129262485018,10111.129264316529,042c345cfe16
4,0.06,NDY,6,10111.129262485016,10111.12926176,042c345cfe16
4,0.06,NDY,7,10111.129262485018,10111.12926314,042c345cfe16
4,0.06,NDY,8,11267.927413191937,11267.927412907518,042c345cfe16
4,0.06,NDY,9,11267.927413191937,11267.927411951405,042c345cfe16
4,0.06,NDY,10,11267.927413191936,11267.927412990386,042c345cfe16
4,0.06,NDY,11,11267.927413191934,11267.927412335888,042c345cfe16
4,0.06,NDY,12,11267.927413191936,11267.9274130652,042c345cfe16
4,0.06,NDY,13,11267.927413191934,11267.927412492081,042c345cfe16
4,0.06,NDY,14,11267.927413191934,11267.927413912501,042c345cfe16
4,0.06,NDY,15,12517.53979732253,11696.663142097499,042c345cfe16
4,0.06,-10%,1,12885.294902783577,12885.294902783577,042c345cfe16
4,0.06,-10%,2,11596.76541250522,11596.765412229724,042c345cfe16
4,0.06,-10%,3,10437.088871254695,10437.088870246913,042c345cfe16
4,0.06,-10%,4,9393.379984129233,9393.3799843256,042c345cfe16
4,0.06,-10%,5,8454.041985716305,8454.041987488508,042c345cfe16
4,0.06,-10%,6,7608.637787144677,7608.637792320001,042c345cfe16
4,0.06,-10%,7,6847.774008430209,6847.77400974,042c345cfe16
4,0.06,-10%,8,15238.095380964169,15238.095380776604,042c345cfe16
4,0.06,-10%,9,13714.285842867754,13714.285842736133,042c345cfe16
4,0.06,-10%,10,12342.857258580978,12342.85725889267,042c345cfe16
4,0.06,-10%,11,11108.571532722875,11108.57153454,042c345cfe16
4,0.06,-10%,12,9997.71437945059,9997.714379214662,042c345cfe16
4,0.06,-10%,13,8997.942941505533,8997.94293834097,042c345cfe16
4,0.06,-10%,14,8098.148647354977,8098.14864411,042c345cfe16
4,0.06,-10%,15,22568.46063753691,15731.620715747371,042c345cfe16
4,0.06,-20%,1,16265.04247249062,16265.04247249062,042c345cfe16
4,0.06,-20%,2,13012.033977992498,13012.033977569286,042c345cfe16
4,0.06,-20%,3,10409.627182394,10409.62718162567,042c345cfe16
4,0.06,-20%,4,8327.701745915196,8327.701746209761,042c345cfe16
4,0.06,-20%,5,6662.161396732156,6662.161395934176,042c345cfe16
4,0.06,-20%,6,5329.729117385725,5329.7291137600005,042c345cfe16
4,0.06,-20%,7,9908.556463363111,9908.556465040001,042c345cfe16
4,0.06,-20%,8,19863.23614822091,19863.23614831164,042c345cfe16
4,0.06,-20%,9,15890.588918576728,15890.588919857393,042c345cfe16
4,0.06,-20%,10,12712.471134861382,12712.4711350441,042c345cfe16
4,0.06,-20%,11,10169.976907889106,10169.97690854,042c345cfe16
4,0.06,-20%,12,8135.981526311284,8135.981525406964,042c345cfe16
4,0.06,-20%,13,6508.785221049035,6508.78522224031,042c345cfe16
4,0.06,-20%,14,5207.0281768392215,5207.02817272,042c345cfe16
4,0.06,-20%,15,28303.062859247228,20813.71561342222,042c345cfe16
4,0.06,+/-10%,1,12885.294902783578,12885.294902783578,042c345cfe16
4,0.06,+/-10%,2,11596.765412505218,11596.765411830196,042c345cfe16
4,0.06,+/-10%,3,10437.088871254698,10437.088871081058,042c345cfe16
4,0.06,+/-10%,4,9393.379984129228,9393.379984028592,042c345cfe16
4,0.06,+/-10%,5,8454.041985716305,8454.041987260081,042c345cfe16
4,0.06,+/-10%,6,7608.637787144677,7608.637792320001,042c345cfe16
4,0.06,+/-10%,7,8369.501565859144,8369.50156674,042c345cfe16
4,0.06,+/-10%,8,9206.451722445057,15140.482218218152,042c345cfe16
4,0.06,+/-10%,9,10127.096894689563,13626.433996844882,042c345cfe16
4,0.06,+/-10%,10,11139.806584158521,12263.790596871262,042c345cfe16
4,0.06,+/-10%,11,12253.787242574377,11037.411535998952,042c345cfe16
4,0.06,+/-10%,12,13479.165966831813,9375.73489840479,042c345cfe16
4,0.06,+/-10%,13,12452.315903095037,8438.161409036851,042c345cfe16
4,0.06,+/-10%,14,13251.319747677322,9281.977549471667,042c345cfe16
4,0.06,+/-10%,15,14576.451722445057,15721.117510610527,042c345cfe16
4,0.06,+/-20%,1,16265.04247249063,16265.04247249063,042c345cfe16
4,0.06,+/-20%,2,13012.03397799249,13012.03397918487,042c345cfe16
4,0.06,+/-20%,3,10409.627182393999,10409.627183751696,042c345cfe16
4,0.06,+/-20%,4,8327.701745915198,8327.701745790748,042c345cfe16
4,0.06,+/-20%,5,6662.1613967321555,6662.161394408262,042c345cfe16
4,0.06,+/-20%,6,5329.729117385723,5329.7291137600005,042c345cfe16
4,0.06,+/-20%,7,6395.674940862866,6395.67494218,042c345cfe16
4,0.06,+/-20%,8,7674.809929035403,20837.262247375056,042c345cfe16
4,0.06,+/-20%,9,9209.771914842522,16669.809798154027,042c345cfe16
4,0.06,+/-20%,10,11051.72629781105,13335.847838593547,042c345cfe16
4,0.06,+/-20%,11,13262.071557373081,10668.678272830917,042c345cfe16
4,0.06,+/-20%,12,15914.485868847889,7629.29279385676,042c345cfe16
4,0.06,+/-20%,13,15418.779722179916,6103.4342336859845,042c345cfe16
4,0.06,+/-20%,14,12335.02377774386,7324.121080766667,042c345cfe16
4,0.06,+/-20%,15,13044.809929035404,16816.919766644445,042c345cfe16
5,0.0,NHF,1,10054.384,10054.384,042c345cfe16
5,0.0,NHF,2,0.0,0.0,042c345cfe16
5,0.0,NHF,3,12725.645433637075,0.0,042c345cfe16
5,0.0,NHF,4,0.0,1782.7882874970742,042c345cfe16
5,0.0,NHF,5,0.0,0.0,042c345cfe16
5,0.0,NHF,6,20148.57144106,20148.57144106,042c345cfe16
5,0.0,NHF,7,12274.285705080001,12274.285705080001,042c345cfe16
5,0.0,NHF,8,11500.0,11500.0,042c345cfe16
5,0.0,NHF,9,22834.761908363333,17616.66667195167,042c345cfe16
5,0.0,NHF,10,0.0,7046.666661381667,042c345cfe16
5,0.0,NHF,11,0.0,3523.333336856667,042c345cfe16
5,0.0,NHF,12,0.0,10942.85714614,042c345cfe16
5,0.0,NHF,13,0.0,0.0,042c345cfe16
5,0.0,NHF,14,9205.71429492,9205.71429492,042c345cfe16
5,0.0,NHF,15,57253.5714278775,34717.14285122001,042c345cfe16
5,0.0,NDY,1,5918.586143748538,5918.586143748538,042c345cfe16
5,0.0,NDY,2,5918.586143748536,4733.229498221439,042c345cfe16
5,0.0,NDY,3,5957.679007295759,5933.299513062411,042c345cfe16
5,0.0,NDY,4,5957.679007295761,4578.906219983797,042c345cfe16
5,0.0,NDY,5,5957.679007295759,8286.619927638469,042c345cfe16
5,0.0,NDY,6,7606.255333917403,8498.510553518881,042c345cfe16
5,0.0,NDY,7,7606.255333917403,8498.5105558,042c345cfe16
5,0.0,NDY,8,7606.255333917403,8657.98024529966,042c345cfe16
5,0.0,NDY,9,7606.255333917398,8200.87107735135,042c345cfe16
5,0.0,NDY,10,7606.2553339174,8605.063847125957,042c345cfe16
5,0.0,NDY,11,7606.2553339174,8607.494094690881,042c345cfe16
5,0.0,NDY,12,7606.255333917398,8515.83179225064,042c345cfe16
5,0.0,NDY,13,7606.255333917399,8437.760911608615,042c345cfe16
5,0.0,NDY,14,7606.255333917403,8584.724579996127,042c345cfe16
5,0.0,NDY,15,38282.70473311953,8677.868023027393,042c345cfe16
5,0.0,-10%,1,6230.090677630039,6230.090677630039,042c345cfe16
5,0.0,-10%,2,5607.081609867036,5607.081608047826,042c345cfe16
5,0.0,-10%,3,5322.989256257735,5958.214106108383,042c345cfe16
5,0.0,-10%,4,4790.690330631962,4377.14285386,042c345cfe16
5,0.0,-10%,5,4311.621297568766,6925.122532872413,042c345cfe16
5,0.0,-10%,6,11499.287014418798,12794.520027120094,042c345cfe16
5,0.0,-10%,7,10349.358312976918,11146.090444693662,042c345cfe16
5,0.0,-10%,8,9314.422481679227,11183.612697019398,042c345cfe16
5,0.0,-10%,9,8382.980233511304,10039.204311646736,042c345cfe16
5,0.0,-10%,10,7544.682210160175,9040.992872787676,042c345cfe16
5,0.0,-10%,11,6790.213989144157,6916.85177317289,042c345cfe16
5,0.0,-10%,12,6111.192590229741,5176.001212082584,042c345cfe16
5,0.0,-10%,13,5500.073331206767,6702.8581274231055,042c345cfe16
5,0.0,-10%,14,4950.06599808609,9060.10991302,042c345cfe16
5,0.0,-10%,15,43897.99066737773,12628.367284820011,042c345cfe16
5,0.0,-20%,1,6576.206826387264,6576.206826387264,042c345cfe16
5,0.0,-20%,2,5260.96546110981,5260.9654614238425,042c345cfe16
5,0.0,-20%,3,5726.984898612693,7092.708821891179,042c345cfe16
5,0.0,-20%,4,4581.5879188901545,4377.14285386,042c345cfe16
5,0.0,-20%,5,3665.2703351121236,2188.57143076,042c345cfe16
5,0.0,-20%,6,15342.85713135,14862.010029043455,042c345cfe16
5,0.0,-20%,7,12274.285705080001,11827.402014941308,042c345cfe16
5,0.0,-20%,8,9819.428564064001,13047.556453346882,042c345cfe16
5,0.0,-20%,9,7855.542851251201,10597.591321359745,042c345cfe16
5,0.0,-20%,10,6284.434281000962,4377.14285386,042c345cfe16
5,0.0,-20%,11,5027.5474248007695,10548.878721081855,042c345cfe16
5,0.0,-20%,12,4022.0379398406167,6412.6002388875,042c345cfe16
5,0.0,-20%,13,3217.6303518724935,3807.738107420232,042c345cfe16
5,0.0,-20%,14,4701.430389003313,7448.620965004853,042c345cfe16
5,0.0,-20%,15,50559.132102097996,16558.716907968137,042c345cfe16
5,0.0,+/-10%,1,5756.517865221176,5756.517865221176,042c345cfe16
5,0.0,+/-10%,2,5180.8660786990595,5180.866078352337,042c345cfe16
5,0.0,+/-10%,3,5698.952686568962,5698.95268561842,042c345cfe16
5,0.0,+/-10%,4,6268.84795522586,6268.847955924145,042c345cfe16
5,0.0,+/-10%,5,6895.732750748447,9731.557838852761,042c345cfe16
5,0.0,+/-10%,6,7585.306025823293,11502.929653418232,042c345cfe16
5,0.0,+/-10%,7,8266.802785908565,7912.640045854346,042c345cfe16
5,0.0,+/-10%,8,7440.122507317705,10230.78164633536,042c345cfe16
5,0.0,+/-10%,9,8184.134758049475,9977.821289141366,042c345cfe16
5,0.0,+/-10%,10,9002.548233854417,7436.233683377637,042c345cfe16
5,0.0,+/-10%,11,9902.803057239871,7664.048119209418,042c345cfe16
5,0.0,+/-10%,12,10893.083362963862,8211.77122910355,042c345cfe16
5,0.0,+/-10%,13,11982.39169926025,8298.334321285247,042c345cfe16
5,0.0,+/-10%,14,13180.630869186272,9358.599877230197,042c345cfe16
5,0.0,+/-10%,15,14498.693956104904,12132.164553876737,042c345cfe16
5,0.0,+/-20%,1,5836.858029469566,5836.858029469566,042c345cfe16
5,0.0,+/-20%,2,4669.486423575641,5895.960908843503,042c345cfe16
5,0.0,+/-20%,3,5321.072181058448,4970.726445719752,042c345cfe16
5,0.0,+/-20%,4,6385.28661727013,5964.871734618515,042c345cfe16
5,0.0,+/-20%,5,7662.343940724168,9164.52570051349,042c345cfe16
5,0.0,+/-20%,6,9194.812728868998,11017.344585571876,042c345cfe16
5,0.0,+/-20%,7,9962.563793710518,9205.041700602098,042c345cfe16
5,0.0,+/-20%,8,7970.051034968412,11113.262955711696,042c345cfe16
5,0.0,+/-20%,9,6376.040827974731,7773.470127502456,042c345cfe16
5,0.0,+/-20%,10,7212.678572002391,6783.6217799169735,042c345cfe16
5,0.0,+/-20%,11,8655.214286402866,9650.370892900568,042c345cfe16
5,0.0,+/-20%,12,10386.257143683435,8255.022811903353,042c345cfe16
5,0.0,+/-20%,13,12463.508572420142,7259.85200154624,042c345cfe16
5,0.0,+/-20%,14,14956.210286904163,7809.921721557345,042c345cfe16
5,0.0,+/-20%,15,17947.452344284993,15040.575882306202,042c345cfe16
5,0.02,NHF,1,11837.172287497075,11837.172287497075,042c345cfe16
5,0.02,NHF,2,0.0,0.0,042c345cfe16
5,0.02,NHF,3,10942.85714614,10942.85714614,042c345cfe16
5,0.02,NHF,4,4377.14285386,4377.14285386,042c345cfe16
5,0.02,NHF,5,2188.57143076,2188.57143076,042c345cfe16
5,0.02,NHF,6,20148.57144106,20148.57144106,042c345cfe16
5,0.02,NHF,7,14462.85713584,14462.85713584,042c345cfe16
5,0.02,NHF,8,11500.0,11500.0,042c345cfe16
5,0.02,NHF,9,10942.85714614,10942.85714614,042c345cfe16
5,0.02,NHF,10,4377.14285386,4377.14285386,042c345cfe16
5,0.02,NHF,11,2188.57143076,2188.57143076,042c345cfe16
5,0.02,NHF,12,10942.85714614,10942.85714614,042c345cfe16
5,0.02,NHF,13,2188.57143076,2188.57143076,042c345cfe16
5,0.02,NHF,14,9205.71429492,9205.71429492,042c345cfe16
5,0.02,NHF,15,34717.14285122,34717.14285122001,042c345cfe16
5,0.02,NDY,1,5918.586143748538,5918.586143748538,042c345cfe16
5,0.02,NDY,2,5918.586143748536,5918.586146042042,042c345cfe16
5,0.02,NDY,3,5957.67900729576,5957.67900729576,042c345cfe16
5,0.02,NDY,4,5957.67900729576,5957.679009142949,042c345cfe16
5,0.02,NDY,5,5957.679007295759,5957.6790066,042c345cfe16
5,0.02,NDY,6,9984.899902468886,10062.901520805008,042c345cfe16
5,0.02,NDY,7,9984.899902468886,9832.058338227467,042c345cfe16
5,0.02,NDY,8,9984.899902468886,9390.366184470175,042c345cfe16
5,0.02,NDY,9,9984.899902468886,9314.763854802079,042c345cfe16
5,0.02,NDY,10,9984.899902468886,9315.329149120273,042c345cfe16
5,0.02,NDY,11,9984.899902468882,9313.417685843271,042c345cfe16
5,0.02,NDY,12,9984.899902468886,9312.058671907349,042c345cfe16
5,0.02,NDY,13,9984.899902468882,9312.058674148346,042c345cfe16
5,0.02,NDY,14,9984.899902468884,9312.058671400002,042c345cfe16
5,0.02,NDY,15,23259.69201036418,9497.19608052,042c345cfe16
5,0.02,-10%,1,6230.090677630039,6230.090677630039,042c345cfe16
5,0.02,-10%,2,5607.081609867036,5607.081608047826,042c345cfe16
5,0.02,-10%,3,6572.598745311634,6572.598745311634,042c345cfe16
5,0.02,-10%,4,5915.338870780471,5915.338869341746,042c345cfe16
5,0.02,-10%,5,5323.804983702424,5323.804985000001,042c345cfe16
5,0.02,-10%,6,13970.085523666217,14346.854928897072,042c345cfe16
5,0.02,-10%,7,12573.076971299597,12867.842762832219,042c345cfe16
5,0.02,-10%,8,11315.769274169637,10628.991260064991,042c345cfe16
5,0.02,-10%,9,10184.192346752674,9145.879662125004,042c345cfe16
5,0.02,-10%,10,9165.773112077408,8231.29169584,042c345cfe16
5,0.02,-10%,11,8249.195800869671,7408.162524712092,042c345cfe16
5,0.02,-10%,12,7424.276220782697,6667.346271107895,042c345cfe16
5,0.02,-10%,13,6681.848598704428,6000.611646705,042c345cfe16
5,0.02,-10%,14,8734.38073364352,8910.9194308,042c345cfe16
5,0.02,-10%,15,27961.22229654143,13178.200720673187,042c345cfe16
5,0.02,-20%,1,6576.206826387264,6576.206826387264,042c345cfe16
5,0.02,-20%,2,5260.96546110981,5260.9654614238425,042c345cfe16
5,0.02,-20%,3,7273.3882675946925,7273.3882675946925,042c345cfe16
5,0.02,-20%,4,5818.710614075754,5818.710616139267,042c345cfe16
5,0.02,-20%,5,4654.9684912606035,4654.96849156,042c345cfe16
5,0.02,-20%,6,17322.21667286725,17296.221775396043,042c345cfe16
5,0.02,-20%,7,13857.773338293804,13798.299147566668,042c345cfe16
5,0.02,-20%,8,11086.218670635042,11038.63932288,042c345cfe16
5,0.02,-20%,9,8868.974936508035,8855.665549002777,042c345cfe16
5,0.02,-20%,10,7095.179949206428,7084.532437671303,042c345cfe16
5,0.02,-20%,11,5676.143959365142,5667.6259533600005,042c345cfe16
5,0.02,-20%,12,5388.883339533918,6079.365081188889,042c345cfe16
5,0.02,-20%,13,4311.106671627134,4863.492064100001,042c345cfe16
5,0.02,-20%,14,12637.152860658949,11394.285725680002,042c345cfe16
5,0.02,-20%,15,27069.405637533877,15702.986402318858,042c345cfe16
5,0.02,+/-10%,1,6229.986204240799,6229.986204240799,042c345cfe16
5,0.02,+/-10%,2,5607.186083256275,5607.186083151971,042c345cfe16
5,0.02,+/-10%,3,6167.904691581914,6916.389402644625,042c345cfe16
5,0.02,+/-10%,4,6784.695160740103,7955.5142851149885,042c345cfe16
5,0.02,+/-10%,5,7463.164676814115,9881.03030801657,042c345cfe16
5,0.02,+/-10%,6,8209.481144495527,13239.647630239415,042c345cfe16
5,0.02,+/-10%,7,9030.429258945072,11874.547181530697,042c345cfe16
5,0.02,+/-10%,8,9933.47218483961,10658.981508629637,042c345cfe16
5,0.02,+/-10%,9,10926.819403323565,9593.083360421902,042c345cfe16
5,0.02,+/-10%,10,9834.137462991177,8633.775021376738,042c345cfe16
5,0.02,+/-10%,11,8850.723716692057,7543.5888890912665,042c345cfe16
5,0.02,+/-10%,12,8593.431880376456,7071.807660263057,042c345cfe16
5,0.02,+/-10%,13,9452.77506841409,7778.988428007377,042c345cfe16
5,0.02,+/-10%,14,10398.052575255528,8556.88727164,042c345cfe16
5,0.02,+/-10%,15,11437.857832781072,13344.718689316718,042c345cfe16
5,0.02,+/-20%,1,5673.070848055005,5673.070848055005,042c345cfe16
5,0.02,+/-20%,2,4538.456678444003,4715.3830087350725,042c345cfe16
5,0.02,+/-20%,3,5446.148014132812,5738.230882087422,042c345cfe16
5,0.02,+/-20%,4,6535.377616959359,7224.965094946132,042c345cfe16
5,0.02,+/-20%,5,7842.453140351214,10390.414120472677,042c345cfe16
5,0.02,+/-20%,6,9410.943768421472,16590.872628136854,042c345cfe16
5,0.02,+/-20%,7,11293.13252210577,13272.698102016393,042c345cfe16
5,0.02,+/-20%,8,13551.759026526923,10618.15847882222,042c345cfe16
5,0.02,+/-20%,9,10841.407221221554,8494.52678604,042c345cfe16
5,0.02,+/-20%,10,8673.125776977238,5507.36564583291,042c345cfe16
5,0.02,+/-20%,11,6938.500621581789,5849.121249655681,042c345cfe16
5,0.02,+/-20%,12,6440.522738934358,7385.15833442,042c345cfe16
5,0.02,+/-20%,13,7728.627286721238,9287.439807833334,042c345cfe16
5,0.02,+/-20%,14,9274.352744065483,11144.927769400001,042c345cfe16
5,0.02,+/-20%,15,11129.223292878589,15474.980679127084,042c345cfe16
5,0.04,NHF,1,11837.172287497075,11837.172287497075,042c345cfe16
5,0.04,NHF,2,0.0,0.0,042c345cfe16
5,0.04,NHF,3,10942.85714614,10942.85714614,042c345cfe16
5,0.04,NHF,4,4377.14285386,4377.14285386,042c345cfe16
5,0.04,NHF,5,2188.57143076,2188.57143076,042c345cfe16
5,0.04,NHF,6,20148.57144106,20148.57144106,042c345cfe16
5,0.04,NHF,7,14462.85713584,14462.85713584,042c345cfe16
5,0.04,NHF,8,11500.0,11500.0,042c345cfe16
5,0.04,NHF,9,10942.85714614,10942.85714614,042c345cfe16
5,0.04,NHF,10,4377.14285386,4377.14285386,042c345cfe16
5,0.04,NHF,11,2188.57143076,2188.57143076,042c345cfe16
5,0.04,NHF,12,10942.85714614,10942.85714614,042c345cfe16
5,0.04,NHF,13,2188.57143076,2188.57143076,042c345cfe16
5,0.04,NHF,14,9205.71429492,9205.71429492,042c345cfe16
5,0.04,NHF,15,34717.14285122,34717.14285122001,042c345cfe16
5,0.04,NDY,1,5918.586143748538,5918.586143748538,042c345cfe16
5,0.04,NDY,2,5918.586143748536,5918.586146042042,042c345cfe16
5,0.04,NDY,3,5957.67900729576,5957.67900729576,042c345cfe16
5,0.04,NDY,4,5957.67900729576,5957.679009142949,042c345cfe16
5,0.04,NDY,5,5957.679007295759,5957.6790066,042c345cfe16
5,0.04,NDY,6,10326.026077868863,10095.995747379726,042c345cfe16
5,0.04,NDY,7,10326.026077868863,9850.731167293938,042c345cfe16
5,0.04,NDY,8,10326.026077868863,9674.75775962778,042c345cfe16
5,0.04,NDY,9,10326.02607786886,9458.252501388539,042c345cfe16
5,0.04,NDY,10,10326.026077868864,9395.126396841639,042c345cfe16
5,0.04,NDY,11,10326.026077868863,9228.232796803588,042c345cfe16
5,0.04,NDY,12,10326.026077868863,8620.549219661247,042c345cfe16
5,0.04,NDY,13,10326.026077868863,8620.549217742395,042c345cfe16
5,0.04,NDY,14,10326.026077868863,8620.549213625,042c345cfe16
5,0.04,NDY,15,10326.026077868864,9675.675464562566,042c345cfe16
5,0.04,-10%,1,6230.090677630039,6230.090677630039,042c345cfe16
5,0.04,-10%,2,5607.081609867036,5607.081608047826,042c345cfe16
5,0.04,-10%,3,6572.598745311635,6572.598745311634,042c345cfe16
5,0.04,-10%,4,5915.33887078047,5915.338869341746,042c345cfe16
5,0.04,-10%,5,5323.804983702423,5323.804985000001,042c345cfe16
5,0.04,-10%,6,14387.991404027853,14387.99140402786,042c345cfe16
5,0.04,-10%,7,12949.192263625066,12936.980807635104,042c345cfe16
5,0.04,-10%,8,11654.27303726256,11643.282730295201,042c345cfe16
5,0.04,-10%,9,10488.845733536305,9312.130007204703,042c345cfe16
5,0.04,-10%,10,9439.961160182673,8380.917006587357,042c345cfe16
5,0.04,-10%,11,8495.965044164408,6833.558042344524,042c345cfe16
5,0.04,-10%,12,7646.368539747968,6150.202235175438,042c345cfe16
5,0.04,-10%,13,6881.731685773173,5535.182012593333,042c345cfe16
5,0.04,-10%,14,6741.622864279884,6741.62286324,042c345cfe16
5,0.04,-10%,15,23351.15345346389,13596.225474694695,042c345cfe16
5,0.04,-20%,1,6576.206826387264,6576.206826387264,042c345cfe16
5,0.04,-20%,2,5260.96546110981,5260.9654614238425,042c345cfe16
5,0.04,-20%,3,7273.3882675946925,7273.388267594693,042c345cfe16
5,0.04,-20%,4,5818.710614075754,5818.710616139267,042c345cfe16
5,0.04,-20%,5,4654.968491260604,4654.96849156,042c345cfe16
5,0.04,-20%,6,18012.698414522223,18012.698414522223,042c345cfe16
5,0.04,-20%,7,14410.158731617781,13456.946041148221,042c345cfe16
5,0.04,-20%,8,11528.126985294224,10765.55683078,042c345cfe16
5,0.04,-20%,9,9483.537342672924,8855.665549002773,042c345cfe16
5,0.04,-20%,10,7586.82987413834,7084.532437671303,042c345cfe16
5,0.04,-20%,11,6069.463899310673,5667.6259533600005,042c345cfe16
5,0.04,-20%,12,6079.365081188888,5549.802475444445,042c345cfe16
5,0.04,-20%,13,4863.492064951115,4439.84198376,042c345cfe16
5,0.04,-20%,14,11394.285725680002,12347.49841602,042c345cfe16
5,0.04,-20%,15,27069.405637533877,16720.945178860562,042c345cfe16
5,0.04,+/-10%,1,5969.564131994594,5969.564131994594,042c345cfe16
5,0.04,+/-10%,2,5867.60815550248,5867.608156925642,042c345cfe16
5,0.04,+/-10%,3,6454.368971052724,7295.238095238121,042c345cfe16
5,0.04,+/-10%,4,7099.805868157997,8024.76190768,042c345cfe16
5,0.04,+/-10%,5,7809.7864549738,9335.75743076,042c345cfe16
5,0.04,+/-10%,6,8590.765100471177,13360.556856336312,042c345cfe16
5,0.04,+/-10%,7,9449.841610518297,12024.501170463116,042c345cfe16
5,0.04,+/-10%,8,10394.82577157014,10822.051052215222,042c345cfe16
5,0.04,+/-10%,9,11434.30834872718,9739.845946063204,042c345cfe16
5,0.04,+/-10%,10,10290.877513854448,8765.861351633263,042c345cfe16
5,0.04,+/-10%,11,9261.789762469003,7889.275214895826,042c345cfe16
5,0.04,+/-10%,12,8335.610786222112,6331.2126379,042c345cfe16
5,0.04,+/-10%,13,7783.000850467733,6815.483110549406,042c345cfe16
5,0.04,+/-10%,14,8561.300935514506,7497.031427066668,042c345cfe16
5,0.04,+/-10%,15,9417.431029065958,14424.7839452109,042c345cfe16
5,0.04,+/-20%,1,6576.206826387264,6576.206826387264,042c345cfe16
5,0.04,+/-20%,2,5260.96546110981,5260.9654614238425,042c345cfe16
5,0.04,+/-20%,3,6313.158553331773,6785.110418225898,042c345cfe16
5,0.04,+/-20%,4,7575.790263998128,8142.132501499637,042c345cfe16
5,0.04,+/-20%,5,9090.948316797752,9770.559000360001,042c345cfe16
5,0.04,+/-20%,6,10909.137980157306,17267.68862352459,042c345cfe16
5,0.04,+/-20%,7,13090.965576188766,13814.150900511111,042c345cfe16
5,0.04,+/-20%,8,14200.914371694264,11051.3207175,042c345cfe16
5,0.04,+/-20%,9,11360.731497355413,8888.344841122762,042c345cfe16
5,0.04,+/-20%,10,9088.58519788433,6935.992733387099,042c345cfe16
5,0.04,+/-20%,11,7270.86815830747,4704.694098332755,042c345cfe16
5,0.04,+/-20%,12,5816.694526645978,5645.63291847046,042c345cfe16
5,0.04,+/-20%,13,4653.35562131678,6774.759503275,042c345cfe16
5,0.04,+/-20%,14,5584.026745580135,11394.285725680002,042c345cfe16
5,0.04,+/-20%,15,6700.832094696162,17764.536048918584,042c345cfe16
5,0.06,NHF,1,11837.172287497075,11837.172287497075,042c345cfe16
5,0.06,NHF,2,0.0,0.0,042c345cfe16
5,0.06,NHF,3,10942.85714614,10942.85714614,042c345cfe16
5,0.06,NHF,4,4377.14285386,4377.14285386,042c345cfe16
5,0.06,NHF,5,2188.57143076,2188.57143076,042c345cfe16
5,0.06,NHF,6,20148.57144106,20148.57144106,042c345cfe16
5,0.06,NHF,7,14462.85713584,14462.85713584,042c345cfe16
5,0.06,NHF,8,11500.0,11500.0,042c345cfe16
5,0.06,NHF,9,10942.85714614,10942.85714614,042c345cfe16
5,0.06,NHF,10,4377.14285386,4377.14285386,042c345cfe16
5,0.06,NHF,11,2188.57143076,2188.57143076,042c345cfe16
5,0.06,NHF,12,10942.85714614,10942.85714614,042c345cfe16
5,0.06,NHF,13,2188.57143076,2188.57143076,042c345cfe16
5,0.06,NHF,14,9205.71429492,9205.71429492,042c345cfe16
5,0.06,NHF,15,34717.14285122,34717.14285122001,042c345cfe16
5,0.06,NDY,1,5918.586143748538,5918.586143748538,042c345cfe16
5,0.06,NDY,2,5918.586143748536,5918.586146042042,042c345cfe16
5,0.06,NDY,3,5957.679007295762,5957.67900729576,042c345cfe16
5,0.06,NDY,4,5957.679007295759,5957.679009142949,042c345cfe16
5,0.06,NDY,5,5957.67900729576,5957.6790066,042c345cfe16
5,0.06,NDY,6,10332.213970904466,10016.501873891888,042c345cfe16
5,0.06,NDY,7,10332.213970904468,9786.761891093072,042c345cfe16
5,0.06,NDY,8,10332.213970904468,9689.89312184432,042c345cfe16
5,0.06,NDY,9,10332.213970904466,9675.562859122156,042c345cfe16
5,0.06,NDY,10,10332.213970904466,9631.093669322672,042c345cfe16
5,0.06,NDY,11,10332.213970904466,9538.256839300118,042c345cfe16
5,0.06,NDY,12,10332.213970904464,6898.507579913668,042c345cfe16
5,0.06,NDY,13,10332.213970904466,6898.5075851525,042c345cfe16
5,0.06,NDY,14,10332.213970904466,9269.029952559998,042c345cfe16
5,0.06,NDY,15,10332.213970904466,9891.663026520422,042c345cfe16
5,0.06,-10%,1,6230.090677630039,6230.090677630039,042c345cfe16
5,0.06,-10%,2,5607.081609867036,5607.081608047826,042c345cfe16
5,0.06,-10%,3,8063.157894736838,8063.157894736843,042c345cfe16
5,0.06,-10%,4,7256.842105263162,5093.175374582698,042c345cfe16
5,0.06,-10%,5,6531.157894736843,4583.85784036,042c345cfe16
5,0.06,-10%,6,13846.988051456916,14420.452059166335,042c345cfe16
5,0.06,-10%,7,12462.289246311224,12956.77832001654,042c345cfe16
5,0.06,-10%,8,11216.060321680101,11661.100489012642,042c345cfe16
5,0.06,-10%,9,10094.45428951209,10494.990439550633,042c345cfe16
5,0.06,-10%,10,9085.008860560885,7701.627140704803,042c345cfe16
5,0.06,-10%,11,8176.507974504794,6424.996237159615,042c345cfe16
5,0.06,-10%,12,7358.857177054316,5782.496614965001,042c345cfe16
5,0.06,-10%,13,6622.971459348884,5728.11938224,042c345cfe16
5,0.06,-10%,14,6488.130874402599,9205.71429492,042c345cfe16
5,0.06,-10%,15,21529.241846262812,13178.047743781473,042c345cfe16
5,0.06,-20%,1,6576.206826387264,6576.206826387264,042c345cfe16
5,0.06,-20%,2,5260.96546110981,5260.9654614238425,042c345cfe16
5,0.06,-20%,3,8511.111111111111,8511.111111111113,042c345cfe16
5,0.06,-20%,4,6808.888888888889,5100.207759078368,042c345cfe16
5,0.06,-20%,5,5447.111111111111,4080.1662093200002,042c345cfe16
5,0.06,-20%,6,18012.698414522223,18012.698414522223,042c345cfe16
5,0.06,-20%,7,14410.158731617781,13456.946041148221,042c345cfe16
5,0.06,-20%,8,11528.126985294224,10765.55683078,042c345cfe16
5,0.06,-20%,9,9732.836423715456,9771.992890544445,042c345cfe16
5,0.06,-20%,10,7786.269138972367,6581.746604749507,042c345cfe16
5,0.06,-20%,11,6229.015311177893,5265.397285360001,042c345cfe16
5,0.06,-20%,12,6079.365081188888,5549.802475444445,042c345cfe16
5,0.06,-20%,13,4863.492064951115,4439.84198376,042c345cfe16
5,0.06,-20%,14,11394.285725680002,12347.49841602,042c345cfe16
5,0.06,-20%,15,25550.585458513826,16748.451653246568,042c345cfe16
5,0.06,+/-10%,1,7062.364941838237,7062.364941838237,042c345cfe16
5,0.06,+/-10%,2,6356.128447654415,4924.6836134126415,042c345cfe16
5,0.06,+/-10%,3,6991.741292419853,8063.157894736843,042c345cfe16
5,0.06,+/-10%,4,7690.915421661842,7256.84210486,042c345cfe16
5,0.06,+/-10%,5,8460.00696382803,9185.881161902766,042c345cfe16
5,0.06,+/-10%,6,9306.007660210833,13404.987242446914,042c345cfe16
5,0.06,+/-10%,7,10236.608426231913,12064.488518539805,042c345cfe16
5,0.06,+/-10%,8,11260.269268855103,10858.039667827921,042c345cfe16
5,0.06,+/-10%,9,11214.007091977921,9772.235700690842,042c345cfe16
5,0.06,+/-10%,10,10092.60638278013,8795.012131523657,042c345cfe16
5,0.06,+/-10%,11,9083.345744502116,7915.510916498788,042c345cfe16
5,0.06,+/-10%,12,8175.011170051905,7123.959825408643,042c345cfe16
5,0.06,+/-10%,13,7357.510053046715,6411.563838010001,042c345cfe16
5,0.06,+/-10%,14,8093.261058351387,7052.72022714,042c345cfe16
5,0.06,+/-10%,15,8902.587164186527,14412.899393667592,042c345cfe16
5,0.06,+/-20%,1,6907.527809099876,6907.527809099876,042c345cfe16
5,0.06,+/-20%,2,5526.022247279905,4929.644476590042,042c345cfe16
5,0.06,+/-20%,3,6631.226696735883,8680.820380612946,042c345cfe16
5,0.06,+/-20%,4,7957.472036083058,6639.17962112,042c345cfe16
5,0.06,+/-20%,5,9548.966443299669,9335.75743076,042c345cfe16
5,0.06,+/-20%,6,11458.759731959603,17385.193135579953,042c345cfe16
5,0.06,+/-20%,7,13750.511678351524,13908.154508535363,042c345cfe16
5,0.06,+/-20%,8,13491.211878878254,11126.52360821241,042c345cfe16
5,0.06,+/-20%,9,10792.9695031026,8901.218887675976,042c345cfe16
5,0.06,+/-20%,10,8634.375602482081,7120.975111897371,042c345cfe16
5,0.06,+/-20%,11,6907.500481985664,5626.611886552522,042c345cfe16
5,0.06,+/-20%,12,5526.0003855885325,4501.2895094,042c345cfe16
5,0.06,+/-20%,13,4420.8003084708225,5401.5474127200005,042c345cfe16
5,0.06,+/-20%,14,5304.96037016499,12331.246722560001,042c345cfe16
5,0.06,+/-20%,15,6365.952444197988,19094.784685218125,042c345cfe16
6,0.0,NHF,1,12567.980000000001,12567.980000000001,042c345cfe16
6,0.0,NHF,2,0.0,0.0,042c345cfe16
6,0.0,NHF,3,22085.283933637074,0.0,042c345cfe16
6,0.0,NHF,4,0.0,11142.426787497074,042c345cfe16
6,0.0,NHF,5,0.0,0.0,042c345cfe16
6,0.0,NHF,6,5471.42856924,5471.42856924,042c345cfe16
6,0.0,NHF,7,19178.57143164,15342.85713672,042c345cfe16
6,0.0,NHF,8,14375.0,14375.0,042c345cfe16
6,0.0,NHF,9,37021.42857194,17616.66667195167,042c345cfe16
6,0.0,NHF,10,0.0,26891.071425475,042c345cfe16
6,0.0,NHF,11,0.0,3835.71429492,042c345cfe16
6,0.0,NHF,12,0.0,5471.42856924,042c345cfe16
6,0.0,NHF,13,7671.42856836,7671.42856836,042c345cfe16
6,0.0,NHF,14,0.0,0.0,042c345cfe16
6,0.0,NHF,15,73273.21428821501,40660.714282860004,042c345cfe16
6,0.0,NDY,1,8741.131543000847,8741.131543000847,042c345cfe16
6,0.0,NDY,2,8741.131543000845,8741.131543508973,042c345cfe16
6,0.0,NDY,3,8741.131543000845,7663.841127098375,042c345cfe16
6,0.0,NDY,4,8741.13154300085,7197.834867321052,042c345cfe16
6,0.0,NDY,5,8741.131543000845,10167.12588886911,042c345cfe16
6,0.0,NDY,6,8741.131543000845,10471.168329388085,042c345cfe16
6,0.0,NDY,7,8741.131543000845,10499.542693599877,042c345cfe16
6,0.0,NDY,8,8741.131543000845,10775.095643839999,042c345cfe16
6,0.0,NDY,9,8741.131543000845,10857.153496048491,042c345cfe16
6,0.0,NDY,10,8741.131543000847,10936.604312380883,042c345cfe16
6,0.0,NDY,11,8741.131543000847,10766.751825699608,042c345cfe16
6,0.0,NDY,12,8741.131543000845,10644.98511625396,042c345cfe16
6,0.0,NDY,13,8741.131543000842,10423.925726189467,042c345cfe16
6,0.0,NDY,14,8741.131543000844,10869.185953348706,042c345cfe16
6,0.0,NDY,15,50096.30655607833,10560.422043010658,042c345cfe16
6,0.0,-10%,1,10619.807074316717,10619.807074316717,042c345cfe16
6,0.0,-10%,2,9557.826366885047,9137.51683925093,042c345cfe16
6,0.0,-10%,3,8602.043730196541,4776.127547940858,042c345cfe16
6,0.0,-10%,4,7741.839357176886,8207.14285386,042c345cfe16
6,0.0,-10%,5,6967.655421459197,8853.971582902812,042c345cfe16
6,0.0,-10%,6,9307.14286416,11414.274236749196,042c345cfe16
6,0.0,-10%,7,13310.749395650666,11713.623912543771,042c345cfe16
6,0.0,-10%,8,11979.674456085599,14621.343306331397,042c345cfe16
6,0.0,-10%,9,10781.707010477041,13292.760997855781,042c345cfe16
6,0.0,-10%,10,9703.536309429335,11877.578509574561,042c345cfe16
6,0.0,-10%,11,8733.1826784864,9095.419340805722,042c345cfe16
6,0.0,-10%,12,7859.8644106377615,9710.007176712421,042c345cfe16
6,0.0,-10%,13,7073.877969573984,8679.890832239998,042c345cfe16
6,0.0,-10%,14,6366.490172616587,11796.903019389241,042c345cfe16
6,0.0,-10%,15,48787.95182135103,15128.658771565717,042c345cfe16
6,0.0,-20%,1,12854.701251668068,12854.701251668068,042c345cfe16
6,0.0,-20%,2,10283.761001334455,8815.411433813382,042c345cfe16
6,0.0,-20%,3,8227.008801067563,5880.686432122972,042c345cfe16
6,0.0,-20%,4,6581.607040854053,8207.14285386,042c345cfe16
6,0.0,-20%,5,5265.285632683242,4744.662792961156,042c345cfe16
6,0.0,-20%,6,9307.14286416,7808.899890854408,042c345cfe16
6,0.0,-20%,7,15342.85713672,17307.585846829796,042c345cfe16
6,0.0,-20%,8,12274.285709376,18050.999670309357,042c345cfe16
6,0.0,-20%,9,9819.428567500801,14591.819926750171,042c345cfe16
6,0.0,-20%,10,7855.542854000643,10656.971031967905,042c345cfe16
6,0.0,-20%,11,6284.434283200515,6337.025458604402,042c345cfe16
6,0.0,-20%,12,5027.547426560413,7915.942844138782,042c345cfe16
6,0.0,-20%,13,4022.03794124833,7771.523762671603,042c345cfe16
6,0.0,-20%,14,3217.6303529986635,9299.039932301432,042c345cfe16
6,0.0,-20%,15,66243.58148715628,19258.734457908293,042c345cfe16
6,0.0,+/-10%,1,10018.05328076315,10018.05328076315,042c345cfe16
6,0.0,+/-10%,2,9016.24795268683,8367.113618242858,042c345cfe16
6,0.0,+/-10%,3,8114.623157418147,7498.011609508256,042c345cfe16
6,0.0,+/-10%,4,7691.853606743805,8247.812773134052,042c345cfe16
6,0.0,+/-10%,5,8461.03896741817,9072.594048335,042c345cfe16
6,0.0,+/-10%,6,9307.14286416,9979.853449545,042c345cfe16
6,0.0,+/-10%,7,10237.857150576006,11413.986374457916,042c345cfe16
6,0.0,+/-10%,8,11034.042718950803,13796.892952562814,042c345cfe16
6,0.0,+/-10%,9,9930.638447055713,13002.713771392804,042c345cfe16
6,0.0,+/-10%,10,10923.702291761287,9319.461939860535,042c345cfe16
6,0.0,+/-10%,11,12016.072520937418,8796.152113359476,042c345cfe16
6,0.0,+/-10%,12,13217.679773031155,11455.387214100003,042c345cfe16
6,0.0,+/-10%,13,14539.44775033428,11113.531147419464,042c345cfe16
6,0.0,+/-10%,14,15993.392525367712,12497.3772274675,042c345cfe16
6,0.0,+/-10%,15,17592.731777904486,14259.200340845373,042c345cfe16
6,0.0,+/-20%,1,10051.389285398038,10051.389285398038,042c345cfe16
6,0.0,+/-20%,2,8041.111428318423,8200.213213094637,042c345cfe16
6,0.0,+/-20%,3,7602.247432246617,6746.102222025806,042c345cfe16
6,0.0,+/-20%,4,7512.4263238094,7812.813117573899,042c345cfe16
6,0.0,+/-20%,5,9014.911588571278,9375.375741669714,042c345cfe16
6,0.0,+/-20%,6,10817.893906285537,11250.450887125,042c345cfe16
6,0.0,+/-20%,7,12981.472687542642,12095.159635854978,042c345cfe16
6,0.0,+/-20%,8,10385.178150034111,15713.864499383246,042c345cfe16
6,0.0,+/-20%,9,8308.14252002729,12471.042749047057,042c345cfe16
6,0.0,+/-20%,10,8762.310464009197,8978.80562007905,042c345cfe16
6,0.0,+/-20%,11,10514.772556811069,10989.339062278868,042c345cfe16
6,0.0,+/-20%,12,12617.727068173252,9245.090773234388,042c345cfe16
6,0.0,+/-20%,13,15141.272481807895,9010.8289378525,042c345cfe16
6,0.0,+/-20%,14,18169.526978169477,10812.99472646,042c345cfe16
6,0.0,+/-20%,15,21803.432373803367,12721.395862597781,042c345cfe16
6,0.02,NHF,1,23710.406787497075,23710.406787497075,042c345cfe16
6,0.02,NHF,2,0.0,0.0,042c345cfe16
6,0.02,NHF,3,10942.85714614,10942.85714614,042c345cfe16
6,0.02,NHF,4,8207.14285386,8207.14285386,042c345cfe16
6,0.02,NHF,5,0.0,0.0,042c345cfe16
6,0.02,NHF,6,9307.14286416,9307.14286416,042c345cfe16
6,0.02,NHF,7,29021.428567479998,29021.428567479998,042c345cfe16
6,0.02,NHF,8,22046.428568360003,22046.42856836,042c345cfe16
6,0.02,NHF,9,10942.85714614,10942.85714614,042c345cfe16
6,0.02,NHF,10,8207.14285386,8207.14285386,042c345cfe16
6,0.02,NHF,11,0.0,0.0,042c345cfe16
6,0.02,NHF,12,5471.42856924,5471.42856924,042c345cfe16
6,0.02,NHF,13,13678.57143076,13678.57143076,042c345cfe16
6,0.02,NHF,14,3835.71429492,3835.71429492,042c345cfe16
6,0.02,NHF,15,40660.714282860004,40660.714282860004,042c345cfe16
6,0.02,NDY,1,8741.131543000847,8741.131543000847,042c345cfe16
6,0.02,NDY,2,8741.131543000847,8741.131542805906,042c345cfe16
6,0.02,NDY,3,8741.131543000847,8741.131542865012,042c345cfe16
6,0.02,NDY,4,8741.131543000844,8741.131545301743,042c345cfe16
6,0.02,NDY,5,8741.131543000845,8741.13154272,042c345cfe16
6,0.02,NDY,6,9307.14286416,9307.14286416,042c345cfe16
6,0.02,NDY,7,11491.435293393326,11464.893847803145,042c345cfe16
6,0.02,NDY,8,11491.435293393326,11376.12299945048,042c345cfe16
6,0.02,NDY,9,11491.435293393328,11405.306961275834,042c345cfe16
6,0.02,NDY,10,11491.43529339333,11398.480723887391,042c345cfe16
6,0.02,NDY,11,11491.435293393324,11394.661475350189,042c345cfe16
6,0.02,NDY,12,11491.435293393326,11397.12008114344,042c345cfe16
6,0.02,NDY,13,11491.435293393337,11397.120076868097,042c345cfe16
6,0.02,NDY,14,11491.43529339334,11397.120078706666,042c345cfe16
6,0.02,NDY,15,24396.976551246284,11452.11614229095,042c345cfe16
6,0.02,-10%,1,10619.807074316719,10619.807074316719,042c345cfe16
6,0.02,-10%,2,9557.826366885043,9557.826366261435,042c345cfe16
6,0.02,-10%,3,8602.04373019654,8602.04372949994,042c345cfe16
6,0.02,-10%,4,7741.839357176886,7741.839354578948,042c345cfe16
6,0.02,-10%,5,6967.655421459197,6967.655417960001,042c345cfe16
6,0.02,-10%,6,9307.14286416,9307.14286416,042c345cfe16
6,0.02,-10%,7,15265.593668558107,15556.378107725926,042c345cfe16
6,0.02,-10%,8,13739.034301702297,13819.254854724884,042c345cfe16
6,0.02,-10%,9,12365.130871532065,12509.64081312005,042c345cfe16
6,0.02,-10%,10,11128.61778437886,11259.241280342589,042c345cfe16
6,0.02,-10%,11,10015.756005940975,10087.031518144257,042c345cfe16
6,0.02,-10%,12,9014.180405346873,9076.964986667383,042c345cfe16
6,0.02,-10%,13,8112.762364812185,8169.268485434999,042c345cfe16
6,0.02,-10%,14,7301.4861283309665,11221.12654302,042c345cfe16
6,0.02,-10%,15,36730.844198537474,15754.358680291429,042c345cfe16
6,0.02,-20%,1,12854.701251668066,12854.701251668066,042c345cfe16
6,0.02,-20%,2,10283.761001334455,10283.761002063635,042c345cfe16
6,0.02,-20%,3,8227.008801067564,8227.00880082756,042c345cfe16
6,0.02,-20%,4,6581.607040854053,6581.607042633333,042c345cfe16
6,0.02,-20%,5,5265.2856326832425,5265.2856309399995,042c345cfe16
6,0.02,-20%,6,9307.14286416,9307.14286416,042c345cfe16
6,0.02,-20%,7,20586.894724256574,20586.89472234,042c345cfe16
6,0.02,-20%,8,16469.515779405257,16584.897917400114,042c345cfe16
6,0.02,-20%,9,13175.612623524214,13267.918333726026,042c345cfe16
6,0.02,-20%,10,10540.49009881937,10614.33773814992,042c345cfe16
6,0.02,-20%,11,8432.392079055498,8491.512474397257,042c345cfe16
6,0.02,-20%,12,6745.913663244401,6793.142004692126,042c345cfe16
6,0.02,-20%,13,5396.730930595522,5434.5136043249995,042c345cfe16
6,0.02,-20%,14,10488.213846241826,10582.01486432,042c345cfe16
6,0.02,-20%,15,33694.285300987365,20686.48942506693,042c345cfe16
6,0.02,+/-10%,1,9595.325456466884,9595.325456466884,042c345cfe16
6,0.02,+/-10%,2,8635.792910820177,8426.198644623179,042c345cfe16
6,0.02,+/-10%,3,7772.213619738168,7583.578780167997,042c345cfe16
6,0.02,+/-10%,4,8207.14285386,8341.936658974388,042c345cfe16
6,0.02,+/-10%,5,9027.857139246002,9176.130327007517,042c345cfe16
6,0.02,+/-10%,6,9930.642853170604,10093.74336404,042c345cfe16
6,0.02,+/-10%,7,10923.707138487665,15573.311016503063,042c345cfe16
6,0.02,+/-10%,8,12016.07785233643,14015.979915326467,042c345cfe16
6,0.02,+/-10%,9,13217.685637570068,12614.381923394492,042c345cfe16
6,0.02,+/-10%,10,12871.801355831012,11124.421270994233,042c345cfe16
6,0.02,+/-10%,11,11584.621220247911,8654.565477379647,042c345cfe16
6,0.02,+/-10%,12,10426.159098223123,9520.507132848576,042c345cfe16
6,0.02,+/-10%,13,11468.775008045432,10472.557845277237,042c345cfe16
6,0.02,+/-10%,14,12615.652508849957,11519.813631246667,042c345cfe16
6,0.02,+/-10%,15,13877.217759734966,15313.952635653033,042c345cfe16
6,0.02,+/-20%,1,11831.80118341464,11831.80118341464,042c345cfe16
6,0.02,+/-20%,2,9465.440946731715,7829.70954968588,042c345cfe16
6,0.02,+/-20%,3,7572.3527573853735,6263.767639857395,042c345cfe16
6,0.02,+/-20%,4,6576.02735039054,7516.52116660554,042c345cfe16
6,0.02,+/-20%,5,7891.232820468647,9019.825399189602,042c345cfe16
6,0.02,+/-20%,6,9469.479384562374,10823.7904794025,042c345cfe16
6,0.02,+/-20%,7,11363.375261474856,19960.79945623978,042c345cfe16
6,0.02,+/-20%,8,13636.050313769825,15725.164229848084,042c345cfe16
6,0.02,+/-20%,9,16363.260376523796,12580.131383830007,042c345cfe16
6,0.02,+/-20%,10,13090.608301219027,10064.105105211596,042c345cfe16
6,0.02,+/-20%,11,10472.486640975225,8051.284087743406,042c345cfe16
6,0.02,+/-20%,12,8377.98931278018,7114.553072587131,042c345cfe16
6,0.02,+/-20%,13,10053.587175336219,8537.463688706666,042c345cfe16
6,0.02,+/-20%,14,12064.304610403464,10244.956426699999,042c345cfe16
6,0.02,+/-20%,15,14477.165532484163,19374.054183261112,042c345cfe16
6,0.04,NHF,1,23710.406787497075,23710.406787497075,042c345cfe16
6,0.04,NHF,2,0.0,0.0,042c345cfe16
6,0.04,NHF,3,10942.85714614,10942.85714614,042c345cfe16
6,0.04,NHF,4,8207.14285386,8207.14285386,042c345cfe16
6,0.04,NHF,5,0.0,0.0,042c345cfe16
6,0.04,NHF,6,9307.14286416,9307.14286416,042c345cfe16
6,0.04,NHF,7,29021.428567479998,29021.428567479998,042c345cfe16
6,0.04,NHF,8,22046.428568360003,22046.42856836,042c345cfe16
6,0.04,NHF,9,10942.85714614,10942.85714614,042c345cfe16
6,0.04,NHF,10,8207.14285386,8207.14285386,042c345cfe16
6,0.04,NHF,11,0.0,0.0,042c345cfe16
6,0.04,NHF,12,5471.42856924,5471.42856924,042c345cfe16
6,0.04,NHF,13,13678.57143076,13678.57143076,042c345cfe16
6,0.04,NHF,14,3835.71429492,3835.71429492,042c345cfe16
6,0.04,NHF,15,40660.714282860004,40660.714282860004,042c345cfe16
6,0.04,NDY,1,8741.131543000845,8741.131543000845,042c345cfe16
6,0.04,NDY,2,8741.131543000845,8741.131542805906,042c345cfe16
6,0.04,NDY,3,8741.131543000847,8741.131542865014,042c345cfe16
6,0.04,NDY,4,8741.131543000847,8741.13154238374,042c345cfe16
6,0.04,NDY,5,8741.131543000849,8741.13154272,042c345cfe16
6,0.04,NDY,6,9307.14286416,9307.14286416,042c345cfe16
6,0.04,NDY,7,11410.183228998583,11410.183229092572,042c345cfe16
6,0.04,NDY,8,11410.183228998581,11410.183229255294,042c345cfe16
6,0.04,NDY,9,11410.18322899858,11314.987934935602,042c345cfe16
6,0.04,NDY,10,11410.18322899858,11314.987935310082,042c345cfe16
6,0.04,NDY,11,11410.183228998583,11314.987935301207,042c345cfe16
6,0.04,NDY,12,11410.183228998581,11314.987935196812,042c345cfe16
6,0.04,NDY,13,11410.183228998581,11314.98794055,042c345cfe16
6,0.04,NDY,14,11410.183228998589,11314.987934019999,042c345cfe16
6,0.04,NDY,15,16787.53595304129,11421.651592864302,042c345cfe16
6,0.04,-10%,1,10619.807074316719,10619.807074316719,042c345cfe16
6,0.04,-10%,2,9557.826366885045,9557.826366780133,042c345cfe16
6,0.04,-10%,3,8602.043730196532,8602.043729499941,042c345cfe16
6,0.04,-10%,4,7741.8393571768875,7741.839354578947,042c345cfe16
6,0.04,-10%,5,6967.6554214592,6967.655417960001,042c345cfe16
6,0.04,-10%,6,9307.14286416,9307.14286416,042c345cfe16
6,0.04,-10%,7,15354.00858921749,15318.683304711512,042c345cfe16
6,0.04,-10%,8,13818.607730295742,13786.814973017303,042c345cfe16
6,0.04,-10%,9,12436.746957266168,12408.133474689392,042c345cfe16
6,0.04,-10%,10,11193.072261539552,11167.320128572821,042c345cfe16
6,0.04,-10%,11,10073.765035385597,10050.588114811584,042c345cfe16
6,0.04,-10%,12,9066.388531847038,9045.529302551045,042c345cfe16
6,0.04,-10%,13,8159.749678662313,8140.9763757050005,042c345cfe16
6,0.04,-10%,14,7343.774710796094,7326.8787373000005,042c345cfe16
6,0.04,-10%,15,31631.285225349802,16000.414092979845,042c345cfe16
6,0.04,-20%,1,12854.70125166806,12854.70125166806,042c345cfe16
6,0.04,-20%,2,10283.761001334453,10283.76100093134,042c345cfe16
6,0.04,-20%,3,8227.00880106757,8227.00880082756,042c345cfe16
6,0.04,-20%,4,6581.607040854053,6581.607042633332,042c345cfe16
6,0.04,-20%,5,5265.2856326832425,5265.2856309399995,042c345cfe16
6,0.04,-20%,6,9307.14286416,9307.14286416,042c345cfe16
6,0.04,-20%,7,20913.54904836721,20913.54904922,042c345cfe16
6,0.04,-20%,8,16730.839238693774,16730.83923847699,042c345cfe16
6,0.04,-20%,9,13384.671390955022,13384.671392306118,042c345cfe16
6,0.04,-20%,10,10707.73711276401,10707.737115539268,042c345cfe16
6,0.04,-20%,11,8566.189690211206,8566.189692019318,042c345cfe16
6,0.04,-20%,12,6852.951752168966,6852.951756165,042c345cfe16
6,0.04,-20%,13,5570.691911647213,5570.6919125,042c345cfe16
6,0.04,-20%,14,4456.55352931777,4456.5535262,042c345cfe16
6,0.04,-20%,15,33212.715763585715,21385.787980439265,042c345cfe16
6,0.04,+/-10%,1,10278.079783513309,10278.079783513309,042c345cfe16
6,0.04,+/-10%,2,9250.271805161974,9051.459703921792,042c345cfe16
6,0.04,+/-10%,3,8325.244624645806,8146.313736477277,042c345cfe16
6,0.04,+/-10%,4,7492.720162181227,7691.853607356414,042c345cfe16
6,0.04,+/-10%,5,8241.992178399341,8461.03897166,042c345cfe16
6,0.04,+/-10%,6,9066.191396239272,9307.14286416,042c345cfe16
6,0.04,+/-10%,7,9972.810535863198,15222.841644501787,042c345cfe16
6,0.04,+/-10%,8,10970.091589449523,13700.55748045415,042c345cfe16
6,0.04,+/-10%,9,12067.100748394487,12330.501732503686,042c345cfe16
6,0.04,+/-10%,10,13273.810823233931,11097.451559095265,042c345cfe16
6,0.04,+/-10%,11,12468.048022326617,9987.706404550769,042c345cfe16
6,0.04,+/-10%,12,11221.243220093944,8154.533650319105,042c345cfe16
6,0.04,+/-10%,13,10099.118898084555,8551.291347762912,042c345cfe16
6,0.04,+/-10%,14,11109.030787893013,9406.420483066666,042c345cfe16
6,0.04,+/-10%,15,12219.933866682313,15403.75327710087,042c345cfe16
6,0.04,+/-20%,1,12166.896335269405,12166.896335269405,042c345cfe16
6,0.04,+/-20%,2,9733.517068215531,9475.346358231895,042c345cfe16
6,0.04,+/-20%,3,7786.813654572417,7580.277088186125,042c345cfe16
6,0.04,+/-20%,4,6229.4509236579415,6463.293658900004,042c345cfe16
6,0.04,+/-20%,5,7475.341108389531,7755.952387820001,042c345cfe16
6,0.04,+/-20%,6,8970.409330067436,9307.14286416,042c345cfe16
6,0.04,+/-20%,7,10764.49119608092,15342.85713672,042c345cfe16
6,0.04,+/-20%,8,12917.389435297104,17167.486965441152,042c345cfe16
6,0.04,+/-20%,9,15500.867322356524,13733.989571680848,042c345cfe16
6,0.04,+/-20%,10,13834.941285938503,10987.191658748694,042c345cfe16
6,0.04,+/-20%,11,11067.953028750802,8789.753325792062,042c345cfe16
6,0.04,+/-20%,12,8854.362423000637,5380.683754537507,042c345cfe16
6,0.04,+/-20%,13,7083.4899384005075,6456.820507111594,042c345cfe16
6,0.04,+/-20%,14,8500.187926080629,7748.18461196,042c345cfe16
6,0.04,+/-20%,15,10200.225511296763,21098.568783572402,042c345cfe16
6,0.06,NHF,1,23710.406787497075,23710.406787497075,042c345cfe16
6,0.06,NHF,2,0.0,0.0,042c345cfe16
6,0.06,NHF,3,10942.85714614,10942.85714614,042c345cfe16
6,0.06,NHF,4,8207.14285386,8207.14285386,042c345cfe16
6,0.06,NHF,5,0.0,0.0,042c345cfe16
6,0.06,NHF,6,9307.14286416,9307.14286416,042c345cfe16
6,0.06,NHF,7,29021.428567479998,29021.428567479998,042c345cfe16
6,0.06,NHF,8,22046.428568360003,22046.42856836,042c345cfe16
6,0.06,NHF,9,10942.85714614,10942.85714614,042c345cfe16
6,0.06,NHF,10,8207.14285386,8207.14285386,042c345cfe16
6,0.06,NHF,11,0.0,0.0,042c345cfe16
6,0.06,NHF,12,5471.42856924,5471.42856924,042c345cfe16
6,0.06,NHF,13,13678.57143076,13678.57143076,042c345cfe16
6,0.06,NHF,14,3835.71429492,3835.71429492,042c345cfe16
6,0.06,NHF,15,40660.714282860004,40660.714282860004,042c345cfe16
6,0.06,NDY,1,8741.131543000845,8741.131543000845,042c345cfe16
6,0.06,NDY,2,8741.131543000845,8741.131542805908,042c345cfe16
6,0.06,NDY,3,8741.131543000847,8741.131542865014,042c345cfe16
6,0.06,NDY,4,8741.131543000847,8741.131542383739,042c345cfe16
6,0.06,NDY,5,8741.131543000849,8741.13154272,042c345cfe16
6,0.06,NDY,6,9307.14286416,9307.14286416,042c345cfe16
6,0.06,NDY,7,11410.183228998583,11410.183229092572,042c345cfe16
6,0.06,NDY,8,11410.183228998581,11330.659000590473,042c345cfe16
6,0.06,NDY,9,11410.18322899858,11231.865625559203,042c345cfe16
6,0.06,NDY,10,11410.18322899858,11231.865626740626,042c345cfe16
6,0.06,NDY,11,11410.183228998583,11231.865625838778,042c345cfe16
6,0.06,NDY,12,11410.183228998581,11231.865624366901,042c345cfe16
6,0.06,NDY,13,11410.183228998581,11231.86562567002,042c345cfe16
6,0.06,NDY,14,11410.183228998589,11231.865628495,042c345cfe16
6,0.06,NDY,15,16787.53595304129,11296.35987616827,042c345cfe16
6,0.06,-10%,1,10619.807074316715,10619.807074316715,042c345cfe16
6,0.06,-10%,2,9557.826366885043,9557.8263669087,042c345cfe16
6,0.06,-10%,3,8602.04373019654,8602.043729499943,042c345cfe16
6,0.06,-10%,4,7741.839357176887,7741.839354578947,042c345cfe16
6,0.06,-10%,5,6967.655421459199,6967.655417960001,042c345cfe16
6,0.06,-10%,6,9307.14286416,9307.14286416,042c345cfe16
6,0.06,-10%,7,15317.316790716828,15317.316790838835,042c345cfe16
6,0.06,-10%,8,13785.585111645145,13785.585111072722,042c345cfe16
6,0.06,-10%,9,12407.026600480629,12407.026598942513,042c345cfe16
6,0.06,-10%,10,11166.323940432567,11166.323937903844,042c345cfe16
6,0.06,-10%,11,10049.691546389313,10049.691545875967,042c345cfe16
6,0.06,-10%,12,9044.72239175038,9044.72239236,042c345cfe16
6,0.06,-10%,13,8140.2501525753505,8140.250152125,042c345cfe16
6,0.06,-10%,14,7326.225137317807,7326.225140140001,042c345cfe16
6,0.06,-10%,15,29252.994585282475,15624.572242924944,042c345cfe16
6,0.06,-20%,1,12854.701251668066,12854.701251668066,042c345cfe16
6,0.06,-20%,2,10283.761001334453,10283.76100185021,042c345cfe16
6,0.06,-20%,3,8227.008801067564,8227.008800827562,042c345cfe16
6,0.06,-20%,4,6581.607040854053,6581.607042633332,042c345cfe16
6,0.06,-20%,5,5265.2856326832425,5265.2856309399995,042c345cfe16
6,0.06,-20%,6,9307.14286416,9307.14286416,042c345cfe16
6,0.06,-20%,7,15694.839446898546,15694.8394451,042c345cfe16
6,0.06,-20%,8,17311.396763905257,17311.39676407321,042c345cfe16
6,0.06,-20%,9,13849.117411124205,13849.117411346957,042c345cfe16
6,0.06,-20%,10,11079.293928899368,11079.293929732725,042c345cfe16
6,0.06,-20%,11,8863.435143119494,8863.435144805178,042c345cfe16
6,0.06,-20%,12,7090.748114495596,7090.7481149526175,042c345cfe16
6,0.06,-20%,13,5672.598491596481,5672.598491686666,042c345cfe16
6,0.06,-20%,14,4538.078793277183,4592.60994064,042c345cfe16
6,0.06,-20%,15,38129.57824503228,21505.58631272473,042c345cfe16
6,0.06,+/-10%,1,10619.807074316712,10619.807074316712,042c345cfe16
6,0.06,+/-10%,2,9557.826366885041,9557.826366908723,042c345cfe16
6,0.06,+/-10%,3,8602.043730196538,8085.413018085119,042c345cfe16
6,0.06,+/-10%,4,7741.839357176887,7276.871716161905,042c345cfe16
6,0.06,+/-10%,5,6967.655421459209,8004.55888596,042c345cfe16
6,0.06,+/-10%,6,7664.420963605119,9307.14286416,042c345cfe16
6,0.06,+/-10%,7,8430.86305996562,15293.105336265962,042c345cfe16
6,0.06,+/-10%,8,9273.949365962195,13763.794803493198,042c345cfe16
6,0.06,+/-10%,9,10201.344302558424,12387.415322981007,042c345cfe16
6,0.06,+/-10%,10,11221.478732814263,11148.673789497198,042c345cfe16
6,0.06,+/-10%,11,12343.626606095684,10033.806407796746,042c345cfe16
6,0.06,+/-10%,12,13577.989266705237,8505.784113955797,042c345cfe16
6,0.06,+/-10%,13,12709.724089875115,7655.205704465607,042c345cfe16
6,0.06,+/-10%,14,12311.920565721999,8420.726280033334,042c345cfe16
6,0.06,+/-10%,15,13543.112622294202,15592.938085041267,042c345cfe16
6,0.06,+/-20%,1,12854.701251668062,12854.701251668062,042c345cfe16
6,0.06,+/-20%,2,10283.761001334462,10283.76100185022,042c345cfe16
6,0.06,+/-20%,3,8227.008801067568,7308.767690317009,042c345cfe16
6,0.06,+/-20%,4,6581.607040854052,5847.014151536364,042c345cfe16
6,0.06,+/-20%,5,5265.285632683233,7016.41698454,042c345cfe16
6,0.06,+/-20%,6,6318.342759219882,9307.14286416,042c345cfe16
6,0.06,+/-20%,7,7582.011311063837,15694.8394451,042c345cfe16
6,0.06,+/-20%,8,9098.413573276639,17202.69332611391,042c345cfe16
6,0.06,+/-20%,9,10918.096287931963,13762.154660253002,042c345cfe16
6,0.06,+/-20%,10,13101.715545518346,11009.723726836382,042c345cfe16
6,0.06,+/-20%,11,15722.058654622015,8807.77898037371,042c345cfe16
6,0.06,+/-20%,12,13965.20135964461,7012.1272208638475,042c345cfe16
6,0.06,+/-20%,13,11172.161087715687,5609.701778049981,042c345cfe16
6,0.06,+/-20%,14,8937.728870172567,6731.642132846667,042c345cfe16
6,0.06,+/-20%,15,10725.274644207064,21170.44154037023,042c345cfe16
7,0.0,NHF,1,0.0,0.0,042c345cfe16
7,0.0,NHF,2,0.0,0.0,042c345cfe16
7,0.0,NHF,3,31759.285720257503,0.0,042c345cfe16
7,0.0,NHF,4,0.0,0.0,042c345cfe16
7,0.0,NHF,5,21480.0,21480.0,042c345cfe16
7,0.0,NHF,6,8365.71428676,17616.66667195167,042c345cfe16
7,0.0,NHF,7,6274.28571324,9837.809521315667,042c345cfe16
7,0.0,NHF,8,3110.5714316820004,15094.761909731667,042c345cfe16
7,0.0,NHF,9,28451.4285769,26295.23809907667,042c345cfe16
7,0.0,NHF,10,0.0,0.0,042c345cfe16
7,0.0,NHF,11,0.0,0.0,042c345cfe16
7,0.0,NHF,12,0.0,10942.85714614,042c345cfe16
7,0.0,NHF,13,21480.0,25857.14285386,042c345cfe16
7,0.0,NHF,14,0.0,0.0,042c345cfe16
7,0.0,NHF,15,46846.571436395505,10942.85714614,042c345cfe16
7,0.0,NDY,1,4377.14285386,4377.14285386,042c345cfe16
7,0.0,NDY,2,9731.341232404282,7327.317769239389,042c345cfe16
7,0.0,NDY,3,9731.341232404298,9664.52667853321,042c345cfe16
7,0.0,NDY,4,9731.341232404298,9497.710180354232,042c345cfe16
7,0.0,NDY,5,9731.341232404298,9289.449540987021,042c345cfe16
7,0.0,NDY,6,9731.34123240426,8950.771197390128,042c345cfe16
7,0.0,NDY,7,9731.341232404284,9073.695925908025,042c345cfe16
7,0.0,NDY,8,9731.341232404297,9673.172660197599,042c345cfe16
7,0.0,NDY,9,9731.341232404298,9234.650496960001,042c345cfe16
7,0.0,NDY,10,9731.341232404298,9083.689626595693,042c345cfe16
7,0.0,NDY,11,9731.341232404313,8888.06623200936,042c345cfe16
7,0.0,NDY,12,9731.341232404298,9105.075013799556,042c345cfe16
7,0.0,NDY,13,9731.341232404298,9238.57279340926,042c345cfe16
7,0.0,NDY,14,9731.341232404297,9221.994760213976,042c345cfe16
7,0.0,NDY,15,27984.905991875235,9099.560023702026,042c345cfe16
7,0.0,-10%,1,4098.918647292831,4098.918647292831,042c345cfe16
7,0.0,-10%,2,3689.0267825635497,2188.57143076,042c345cfe16
7,0.0,-10%,3,14311.8147239278,10803.079322082667,042c345cfe16
7,0.0,-10%,4,12880.633251535022,979.719884732896,042c345cfe16
7,0.0,-10%,5,12051.638405686868,15882.687571713688,042c345cfe16
7,0.0,-10%,6,10846.474565118182,13926.311124633903,042c345cfe16
7,0.0,-10%,7,9761.827108606365,12608.331532711716,042c345cfe16
7,0.0,-10%,8,8785.644397745727,11860.040769149575,042c345cfe16
7,0.0,-10%,9,7907.079957971158,10027.783280888887,042c345cfe16
7,0.0,-10%,10,7116.371962174047,238.86315222000002,042c345cfe16
7,0.0,-10%,11,6404.734765956642,9750.472620547343,042c345cfe16
7,0.0,-10%,12,5764.2612893609785,11525.898814138938,042c345cfe16
7,0.0,-10%,13,5187.835160424885,10935.397661488822,042c345cfe16
7,0.0,-10%,14,4669.051644382396,6777.865493185639,042c345cfe16
7,0.0,-10%,15,46943.696880571726,12937.247560224172,042c345cfe16
7,0.0,-20%,1,1622.959470102184,1622.959470102184,042c345cfe16
7,0.0,-20%,2,2188.57143076,2188.57143076,042c345cfe16
7,0.0,-20%,3,11597.326041209217,9440.508172506146,042c345cfe16
7,0.0,-20%,4,9277.860832967375,0.0,042c345cfe16
7,0.0,-20%,5,17264.502609936535,16822.21428772751,042c345cfe16
7,0.0,-20%,6,13811.602087949233,12526.910951234679,042c345cfe16
7,0.0,-20%,7,11049.281670359393,14827.274649186846,042c345cfe16
7,0.0,-20%,8,8839.42533628751,11800.635213999998,042c345cfe16
7,0.0,-20%,9,7071.540269030012,7565.4976626008,042c345cfe16
7,0.0,-20%,10,5657.232215224006,8105.59587607,042c345cfe16
7,0.0,-20%,11,4525.785772179206,7445.543599978744,042c345cfe16
7,0.0,-20%,12,3620.6286177433635,13809.809021191028,042c345cfe16
7,0.0,-20%,13,2896.5028941946957,8782.786809428662,042c345cfe16
7,0.0,-20%,14,5709.842170833006,6248.761295863993,042c345cfe16
7,0.0,-20%,15,54418.48090318603,12471.574781728572,042c345cfe16
7,0.0,+/-10%,1,8106.109800795867,8106.109800795867,042c345cfe16
7,0.0,+/-10%,2,8916.720780875454,8710.103710570325,042c345cfe16
7,0.0,+/-10%,3,9808.392858963,8640.029695699655,042c345cfe16
7,0.0,+/-10%,4,9963.54718151879,7098.05106420256,042c345cfe16
7,0.0,+/-10%,5,8967.192463366908,10946.337211615668,042c345cfe16
7,0.0,+/-10%,6,8070.473217030234,9851.703492058,042c345cfe16
7,0.0,+/-10%,7,8877.520538733252,9647.102147278132,042c345cfe16
7,0.0,+/-10%,8,9765.272592606572,8886.033189415233,042c345cfe16
7,0.0,+/-10%,9,10741.799851867232,9548.14813393579,042c345cfe16
7,0.0,+/-10%,10,9704.419396744199,8133.729471646298,042c345cfe16
7,0.0,+/-10%,11,10674.861336418673,8947.10241909975,042c345cfe16
7,0.0,+/-10%,12,11742.347470060547,9841.812660852502,042c345cfe16
7,0.0,+/-10%,13,12916.5822170666,10880.349436644454,042c345cfe16
7,0.0,+/-10%,14,14208.240438773239,10835.801615092094,042c345cfe16
7,0.0,+/-10%,15,15629.064482650607,10099.56324636224,042c345cfe16
7,0.0,+/-20%,1,7322.999842040154,7322.999842040154,042c345cfe16
7,0.0,+/-20%,2,8787.599810448184,8073.10472830688,042c345cfe16
7,0.0,+/-20%,3,10545.11977253782,8406.213805731912,042c345cfe16
7,0.0,+/-20%,4,10616.802901268311,6056.222298536948,042c345cfe16
7,0.0,+/-20%,5,8493.442321014643,11150.20595233652,042c345cfe16
7,0.0,+/-20%,6,8992.189498237713,8517.849410437837,042c345cfe16
7,0.0,+/-20%,7,10790.627397885259,9946.971748730291,042c345cfe16
7,0.0,+/-20%,8,11519.968425855364,11357.618102000859,042c345cfe16
7,0.0,+/-20%,9,9215.97474068429,8994.052171926316,042c345cfe16
7,0.0,+/-20%,10,7372.779792547441,7391.840390319447,042c345cfe16
7,0.0,+/-20%,11,8847.335751056922,9302.8875233746,042c345cfe16
7,0.0,+/-20%,12,10616.802901268313,10993.442663830741,042c345cfe16
7,0.0,+/-20%,13,12740.163481521966,9358.483946564244,042c345cfe16
7,0.0,+/-20%,14,15288.196177826361,10271.883182450252,042c345cfe16
7,0.0,+/-20%,15,18345.83541339164,7753.004705436404,042c345cfe16
7,0.02,NHF,1,15320.0,15320.0,042c345cfe16
7,0.02,NHF,2,2188.57143076,2188.57143076,042c345cfe16
7,0.02,NHF,3,20148.57144106,20148.57144106,042c345cfe16
7,0.02,NHF,4,12274.285705080001,12274.285705080001,042c345cfe16
7,0.02,NHF,5,2152.2857164380002,2152.2857164380002,042c345cfe16
7,0.02,NHF,6,8365.71428676,8365.71428676,042c345cfe16
7,0.02,NHF,7,21594.285713240002,21594.285713240002,042c345cfe16
7,0.02,NHF,8,2188.57143076,2188.57143076,042c345cfe16
7,0.02,NHF,9,10942.85714614,10942.85714614,042c345cfe16
7,0.02,NHF,10,0.0,0.0,042c345cfe16
7,0.02,NHF,11,9205.71429492,9205.71429492,042c345cfe16
7,0.02,NHF,12,14426.571421518001,14426.571421518001,042c345cfe16
7,0.02,NHF,13,15320.0,15320.0,042c345cfe16
7,0.02,NHF,14,10554.28571752,10554.28571752,042c345cfe16
7,0.02,NHF,15,17217.14285938,17217.14285938,042c345cfe16
7,0.02,NDY,1,9087.859799233061,9087.859799233061,042c345cfe16
7,0.02,NDY,2,9087.859799233061,9087.859795240001,042c345cfe16
7,0.02,NDY,3,10281.515256107812,10189.777328449516,042c345cfe16
7,0.02,NDY,4,10281.51525610782,9777.459002707608,042c345cfe16
7,0.02,NDY,5,10281.515256107807,9784.804047525984,042c345cfe16
7,0.02,NDY,6,10281.515256107818,9806.230572556293,042c345cfe16
7,0.02,NDY,7,10281.515256107818,9803.898586972564,042c345cfe16
7,0.02,NDY,8,10281.51525610782,9720.348232478522,042c345cfe16
7,0.02,NDY,9,10281.515256107818,9720.34823105115,042c345cfe16
7,0.02,NDY,10,10281.515256107823,9720.348234752499,042c345cfe16
7,0.02,NDY,11,10281.515256107814,9784.804050679999,042c345cfe16
7,0.02,NDY,12,10281.51525610782,9346.158841220438,042c345cfe16
7,0.02,NDY,13,15103.920444884681,9333.794783063007,042c345cfe16
7,0.02,NDY,14,15103.920444884685,9358.568912334627,042c345cfe16
7,0.02,NDY,15,15103.920444884683,9345.933881031451,042c345cfe16
7,0.02,-10%,1,8406.072871359534,8406.072871359534,042c345cfe16
7,0.02,-10%,2,9842.631750717072,9842.6317522,042c345cfe16
7,0.02,-10%,3,12586.642314410508,12592.569697467552,042c345cfe16
7,0.02,-10%,4,11327.978082969457,11431.84587974511,042c345cfe16
7,0.02,-10%,5,10195.180274672508,10288.661292713303,042c345cfe16
7,0.02,-10%,6,9175.66224720526,9259.7951626175,042c345cfe16
7,0.02,-10%,7,10113.887288222744,9363.72806628247,042c345cfe16
7,0.02,-10%,8,9102.498559400467,8432.108684998799,042c345cfe16
7,0.02,-10%,9,8192.248703460422,7588.897818459733,042c345cfe16
7,0.02,-10%,10,7373.023833114381,6830.0080345325,042c345cfe16
7,0.02,-10%,11,6635.721449802938,13168.56745427263,042c345cfe16
7,0.02,-10%,12,12265.707737710642,11851.710703538,042c345cfe16
7,0.02,-10%,13,15378.257239136807,10931.23786759197,042c345cfe16
7,0.02,-10%,14,14685.016726521251,9518.204862103632,042c345cfe16
7,0.02,-10%,15,13216.51505386913,8566.384375755182,042c345cfe16
7,0.02,-20%,1,7825.647450878049,7825.647450878049,042c345cfe16
7,0.02,-20%,2,10485.191485140436,7415.683610272395,042c345cfe16
7,0.02,-20%,3,14170.14051745,15822.29122611988,042c345cfe16
7,0.02,-20%,4,11336.11241396,12745.585670132223,042c345cfe16
7,0.02,-20%,5,9068.889931168002,10196.468539418,042c345cfe16
7,0.02,-20%,6,8365.71428676,8365.714286759998,042c345cfe16
7,0.02,-20%,7,12103.654974852438,11137.06872348366,042c345cfe16
7,0.02,-20%,8,9682.923979881953,8909.654978159631,042c345cfe16
7,0.02,-20%,9,7746.339183905563,7127.723983458463,042c345cfe16
7,0.02,-20%,10,6197.071347124451,5702.179182657501,042c345cfe16
7,0.02,-20%,11,6423.8013335444375,11978.406547800001,042c345cfe16
7,0.02,-20%,12,10291.880168163563,10571.591166858001,042c345cfe16
7,0.02,-20%,13,14742.25166560805,11680.627708700002,042c345cfe16
7,0.02,-20%,14,16836.263345506442,11401.257731782645,042c345cfe16
7,0.02,-20%,15,13469.010676405152,9121.006185986718,042c345cfe16
7,0.02,+/-10%,1,8676.094709548186,8676.094709548186,042c345cfe16
7,0.02,+/-10%,2,9543.704180503002,9543.70417956,042c345cfe16
7,0.02,+/-10%,3,10498.074598553303,12566.625202276726,042c345cfe16
7,0.02,+/-10%,4,11547.882058408637,11324.257286066239,042c345cfe16
7,0.02,+/-10%,5,11303.894754369605,10191.8315545375,042c345cfe16
7,0.02,+/-10%,6,10173.505278932638,9172.648397900002,042c345cfe16
7,0.02,+/-10%,7,9156.154751039381,9872.091056859703,042c345cfe16
7,0.02,+/-10%,8,8240.539275935444,8790.501207383437,042c345cfe16
7,0.02,+/-10%,9,7851.127370247503,7911.451086791223,042c345cfe16
7,0.02,+/-10%,10,8636.24010727226,8290.8092655775,042c345cfe16
7,0.02,+/-10%,11,9499.864117999477,9119.890190322856,042c345cfe16
7,0.02,+/-10%,12,10449.850529799427,10031.879210918,042c345cfe16
7,0.02,+/-10%,13,11494.835582779373,12181.635519776772,042c345cfe16
7,0.02,+/-10%,14,12644.319141057313,9621.373313298256,042c345cfe16
7,0.02,+/-10%,15,13908.751055163035,8209.339325886956,042c345cfe16
7,0.02,+/-20%,1,8300.025869150159,8300.025869150159,042c345cfe16
7,0.02,+/-20%,2,9960.031042980194,9960.031043080002,042c345cfe16
7,0.02,+/-20%,3,11952.037251576228,14192.860944427623,042c345cfe16
7,0.02,+/-20%,4,12360.600374487969,11428.69344440528,042c345cfe16
7,0.02,+/-20%,5,9888.480299590374,8800.631093713158,042c345cfe16
7,0.02,+/-20%,6,9119.210996184102,8755.1679916225,042c345cfe16
7,0.02,+/-20%,7,10943.053195420927,11059.94274014979,042c345cfe16
7,0.02,+/-20%,8,8754.442556336742,8787.415741944185,042c345cfe16
7,0.02,+/-20%,9,7003.554045069393,7029.932589099315,042c345cfe16
7,0.02,+/-20%,10,7060.657023664184,7715.492166092499,042c345cfe16
7,0.02,+/-20%,11,8472.788428397014,9258.590596521333,042c345cfe16
7,0.02,+/-20%,12,10167.34611407642,11110.308705538002,042c345cfe16
7,0.02,+/-20%,13,12200.815336891705,13332.370450580001,042c345cfe16
7,0.02,+/-20%,14,14640.978404270034,10654.25699351,042c345cfe16
7,0.02,+/-20%,15,17569.174085124036,7986.370347295846,042c345cfe16
7,0.04,NHF,1,15320.0,15320.0,042c345cfe16
7,0.04,NHF,2,2188.57143076,2188.57143076,042c345cfe16
7,0.04,NHF,3,20148.57144106,20148.57144106,042c345cfe16
7,0.04,NHF,4,12274.285705080001,12274.285705080001,042c345cfe16
7,0.04,NHF,5,2152.2857164380002,2152.2857164380002,042c345cfe16
7,0.04,NHF,6,8365.71428676,8365.71428676,042c345cfe16
7,0.04,NHF,7,21594.285713240002,21594.285713240002,042c345cfe16
7,0.04,NHF,8,2188.57143076,2188.57143076,042c345cfe16
7,0.04,NHF,9,10942.85714614,10942.85714614,042c345cfe16
7,0.04,NHF,10,0.0,0.0,042c345cfe16
7,0.04,NHF,11,9205.71429492,9205.71429492,042c345cfe16
7,0.04,NHF,12,14426.571421518001,14426.571421518001,042c345cfe16
7,0.04,NHF,13,15320.0,15320.0,042c345cfe16
7,0.04,NHF,14,10554.28571752,10554.28571752,042c345cfe16
7,0.04,NHF,15,17217.14285938,17217.14285938,042c345cfe16
7,0.04,NDY,1,9087.859799233061,9087.859799233061,042c345cfe16
7,0.04,NDY,2,9087.859799233061,9087.859795240001,042c345cfe16
7,0.04,NDY,3,10440.922823149212,10448.847999318397,042c345cfe16
7,0.04,NDY,4,10440.922823149202,10448.847998993297,042c345cfe16
7,0.04,NDY,5,10440.922823149202,10421.680706546254,042c345cfe16
7,0.04,NDY,6,10440.922823149194,10421.680706803707,042c345cfe16
7,0.04,NDY,7,10440.92282314919,10351.73586417785,042c345cfe16
7,0.04,NDY,8,10440.92282314919,9234.045669845393,042c345cfe16
7,0.04,NDY,9,10440.922823149189,8615.57131615758,042c345cfe16
7,0.04,NDY,10,10440.922823149189,7966.417215633325,042c345cfe16
7,0.04,NDY,11,10440.922823149187,7036.487580805,042c345cfe16
7,0.04,NDY,12,10440.922823149183,7036.48758527,042c345cfe16
7,0.04,NDY,13,14544.321459179844,11032.950857415959,042c345cfe16
7,0.04,NDY,14,14544.321459179844,10024.44653653544,042c345cfe16
7,0.04,NDY,15,14544.321459179846,9842.156956274423,042c345cfe16
7,0.04,-10%,1,9540.656768545701,9540.656768545701,042c345cfe16
7,0.04,-10%,2,8586.59109169113,8586.59109524,042c345cfe16
7,0.04,-10%,3,12707.462417475828,12702.525779269039,042c345cfe16
7,0.04,-10%,4,11436.716175728245,11324.32892398192,042c345cfe16
7,0.04,-10%,5,10293.044558155427,10191.896028189018,042c345cfe16
7,0.04,-10%,6,9263.740102339876,9172.7064276125,042c345cfe16
7,0.04,-10%,7,10037.927373540875,10692.417747541975,042c345cfe16
7,0.04,-10%,8,9034.134636186787,9231.350441745351,042c345cfe16
7,0.04,-10%,9,8130.721172568106,7020.506308059228,042c345cfe16
7,0.04,-10%,10,7317.649055311298,6318.45567346,042c345cfe16
7,0.04,-10%,11,14486.442558654926,11489.609519230526,042c345cfe16
7,0.04,-10%,12,13037.798302789433,10340.648561978001,042c345cfe16
7,0.04,-10%,13,11734.018472510488,13248.834552752167,042c345cfe16
7,0.04,-10%,14,11261.106071829494,10896.55641883822,042c345cfe16
7,0.04,-10%,15,10134.995464646545,8937.468579307631,042c345cfe16
7,0.04,-20%,1,10040.94038606391,10040.94038606391,042c345cfe16
7,0.04,-20%,2,8032.752308851128,8032.752305800001,042c345cfe16
7,0.04,-20%,3,14421.407193548912,14346.126105563053,042c345cfe16
7,0.04,-20%,4,11537.12575483913,11425.006798841041,042c345cfe16
7,0.04,-20%,5,9229.700603871304,9140.005437378,042c345cfe16
7,0.04,-20%,6,8365.71428676,8365.71428676,042c345cfe16
7,0.04,-20%,7,11629.046732068724,12323.183831354,042c345cfe16
7,0.04,-20%,8,9303.237385654978,9858.547065454039,042c345cfe16
7,0.04,-20%,9,7442.589908523985,5943.180848956704,042c345cfe16
7,0.04,-20%,10,5954.071926819189,4754.54467389,042c345cfe16
7,0.04,-20%,11,14932.878542431088,12344.40379134,042c345cfe16
7,0.04,-20%,12,13600.40119308613,10913.536678338001,042c345cfe16
7,0.04,-20%,13,10880.320954468903,13553.975132000001,042c345cfe16
7,0.04,-20%,14,12889.540427639648,11930.829608209986,042c345cfe16
7,0.04,-20%,15,10311.63234211172,8801.60734218029,042c345cfe16
7,0.04,+/-10%,1,8676.094709548182,8676.094709548182,042c345cfe16
7,0.04,+/-10%,2,9543.704180503006,9543.70417956,042c345cfe16
7,0.04,+/-10%,3,10498.074598553303,12592.662397568281,042c345cfe16
7,0.04,+/-10%,4,11547.882058408639,11333.39615692012,042c345cfe16
7,0.04,+/-10%,5,11291.062518305082,10200.056540307489,042c345cfe16
7,0.04,+/-10%,6,10161.956266474572,9180.05088606,042c345cfe16
7,0.04,+/-10%,7,10452.222789404435,10599.102305502201,042c345cfe16
7,0.04,+/-10%,8,9407.000510463995,9539.192073060682,042c345cfe16
7,0.04,+/-10%,9,8466.300459417587,7917.893647791419,042c345cfe16
7,0.04,+/-10%,10,8494.152388316958,8709.683012570564,042c345cfe16
7,0.04,+/-10%,11,9343.567627148655,10199.316558751001,042c345cfe16
7,0.04,+/-10%,12,10277.924389863516,9920.051199769578,042c345cfe16
7,0.04,+/-10%,13,11305.716828849874,12912.445471875188,042c345cfe16
7,0.04,+/-10%,14,12436.288511734863,11461.544735851463,042c345cfe16
7,0.04,+/-10%,15,13679.917362908353,10315.390262435827,042c345cfe16
7,0.04,+/-20%,1,8300.025869150162,8300.025869150162,042c345cfe16
7,0.04,+/-20%,2,9960.031042980188,9960.03104308,042c345cfe16
7,0.04,+/-20%,3,11952.037251576232,14247.023828803707,042c345cfe16
7,0.04,+/-20%,4,12691.858753418717,11397.61906372209,042c345cfe16
7,0.04,+/-20%,5,10153.487002734973,9118.095243418,042c345cfe16
7,0.04,+/-20%,6,8365.71428676,8365.714286759998,042c345cfe16
7,0.04,+/-20%,7,10038.857144111998,12186.60794079538,042c345cfe16
7,0.04,+/-20%,8,11167.602608576371,9749.286352308547,042c345cfe16
7,0.04,+/-20%,9,8934.082086861095,6426.420563448655,042c345cfe16
7,0.04,+/-20%,10,7577.8109642773425,7711.704677196216,042c345cfe16
7,0.04,+/-20%,11,9093.37315713281,10697.149393697473,042c345cfe16
7,0.04,+/-20%,12,10912.047788559375,9661.750949898,042c345cfe16
7,0.04,+/-20%,13,13094.45734627125,13325.82567716,042c345cfe16
7,0.04,+/-20%,14,14409.304801327915,13305.15484401537,042c345cfe16
7,0.04,+/-20%,15,11527.44384106233,10211.510831505,042c345cfe16
7,0.06,NHF,1,15320.0,15320.0,042c345cfe16
7,0.06,NHF,2,2188.57143076,2188.57143076,042c345cfe16
7,0.06,NHF,3,20148.57144106,20148.57144106,042c345cfe16
7,0.06,NHF,4,12274.285705080001,12274.285705080001,042c345cfe16
7,0.06,NHF,5,2152.2857164380002,2152.2857164380002,042c345cfe16
7,0.06,NHF,6,8365.71428676,8365.71428676,042c345cfe16
7,0.06,NHF,7,21594.285713240002,21594.285713240002,042c345cfe16
7,0.06,NHF,8,2188.57143076,2188.57143076,042c345cfe16
7,0.06,NHF,9,10942.85714614,10942.85714614,042c345cfe16
7,0.06,NHF,10,0.0,0.0,042c345cfe16
7,0.06,NHF,11,9205.71429492,9205.71429492,042c345cfe16
7,0.06,NHF,12,14426.571421518001,14426.571421518001,042c345cfe16
7,0.06,NHF,13,15320.0,15320.0,042c345cfe16
7,0.06,NHF,14,10554.28571752,10554.28571752,042c345cfe16
7,0.06,NHF,15,17217.14285938,17217.14285938,042c345cfe16
7,0.06,NDY,1,9087.859799233065,9087.859799233065,042c345cfe16
7,0.06,NDY,2,9087.859799233058,9087.859795240001,042c345cfe16
7,0.06,NDY,3,10448.847999256795,10448.847999318401,042c345cfe16
7,0.06,NDY,4,10448.847999256814,10427.76447546921,042c345cfe16
7,0.06,NDY,5,10448.847999256755,10427.764473787349,042c345cfe16
7,0.06,NDY,6,10448.847999256894,10377.17725364256,042c345cfe16
7,0.06,NDY,7,10448.847999256814,10377.177253454436,042c345cfe16
7,0.06,NDY,8,10448.847999256788,10377.177252260224,042c345cfe16
7,0.06,NDY,9,10448.847999256788,8605.077056536786,042c345cfe16
7,0.06,NDY,10,10448.847999256788,7914.2436704149995,042c345cfe16
7,0.06,NDY,11,10448.84799925685,6284.640316659999,042c345cfe16
7,0.06,NDY,12,10448.84799925694,6284.64031298,042c345cfe16
7,0.06,NDY,13,14366.930001732455,11077.792927562903,042c345cfe16
7,0.06,NDY,14,14366.930001732504,10764.13402723528,042c345cfe16
7,0.06,NDY,15,14366.930001732491,10319.632344605212,042c345cfe16
7,0.06,-10%,1,9540.656768545703,9540.656768545703,042c345cfe16
7,0.06,-10%,2,8586.59109169113,8586.59109524,042c345cfe16
7,0.06,-10%,3,12751.646649499758,12751.646649499758,042c345cfe16
7,0.06,-10%,4,11476.48198454978,11476.481984515685,042c345cfe16
7,0.06,-10%,5,10328.833786094805,10328.833783505197,042c345cfe16
7,0.06,-10%,6,9295.950407485325,9295.950408127,042c345cfe16
7,0.06,-10%,7,9576.281073472985,9576.28107331631,042c345cfe16
7,0.06,-10%,8,8618.652966125685,8618.652968720275,042c345cfe16
7,0.06,-10%,9,7756.787669513116,5837.990682498685,042c345cfe16
7,0.06,-10%,10,6981.108902561806,5254.1916170225,042c345cfe16
7,0.06,-10%,11,15484.94128582409,15484.941287872105,042c345cfe16
7,0.06,-10%,12,13936.447157241684,11949.916496414753,042c345cfe16
7,0.06,-10%,13,12542.802441517515,10754.924850619998,042c345cfe16
7,0.06,-10%,14,12283.881165421592,11366.498065050759,042c345cfe16
7,0.06,-10%,15,11055.493048879434,8272.638143095124,042c345cfe16
7,0.06,-20%,1,10040.94038606391,10040.94038606391,042c345cfe16
7,0.06,-20%,2,8032.752308851128,8032.752305800001,042c345cfe16
7,0.06,-20%,3,14421.407193548912,14421.407193548912,042c345cfe16
7,0.06,-20%,4,11537.12575483913,11537.125755865556,042c345cfe16
7,0.06,-20%,5,9229.700603871304,9229.700607058,042c345cfe16
7,0.06,-20%,6,8365.71428676,8365.71428676,042c345cfe16
7,0.06,-20%,7,11512.124699597025,11512.12469929654,042c345cfe16
7,0.06,-20%,8,9209.69975967762,9209.699756257054,042c345cfe16
7,0.06,-20%,9,7367.759807742098,5342.362982819444,042c345cfe16
7,0.06,-20%,10,5894.20784619368,4273.890388745001,042c345cfe16
7,0.06,-20%,11,14932.878542431088,14932.8785441,042c345cfe16
7,0.06,-20%,12,12684.129081245574,12684.12908188518,042c345cfe16
7,0.06,-20%,13,10147.303264996459,10147.30326833,042c345cfe16
7,0.06,-20%,14,13727.236966869506,12710.266442698065,042c345cfe16
7,0.06,-20%,15,10981.789573495606,8731.208071615212,042c345cfe16
7,0.06,+/-10%,1,8676.094709548164,8676.094709548164,042c345cfe16
7,0.06,+/-10%,2,9543.704180503026,9543.70417956,042c345cfe16
7,0.06,+/-10%,3,10498.074598553285,12751.646649499771,042c345cfe16
7,0.06,+/-10%,4,11547.882058408635,11383.681041736398,042c345cfe16
7,0.06,+/-10%,5,11297.363233547054,10245.31293372564,042c345cfe16
7,0.06,+/-10%,6,10167.626910192334,9220.781644200999,042c345cfe16
7,0.06,+/-10%,7,10680.96228172892,10142.859809154037,042c345cfe16
7,0.06,+/-10%,8,9612.866053556094,9128.573831452806,042c345cfe16
7,0.06,+/-10%,9,8651.579448200453,7464.2789671172395,042c345cfe16
7,0.06,+/-10%,10,7786.421503380407,8210.706867042501,042c345cfe16
7,0.06,+/-10%,11,8565.063653718444,13093.13391139737,042c345cfe16
7,0.06,+/-10%,12,9421.570019090264,11783.820521595,042c345cfe16
7,0.06,+/-10%,13,10363.727020999348,11386.854703482999,042c345cfe16
7,0.06,+/-10%,14,11400.099723099247,11348.301859423658,042c345cfe16
7,0.06,+/-10%,15,12540.109695409168,9246.45725305017,042c345cfe16
7,0.06,+/-20%,1,8901.148024425205,8901.148024425205,042c345cfe16
7,0.06,+/-20%,2,9294.558996409385,9294.558998120001,042c345cfe16
7,0.06,+/-20%,3,11153.470795691264,14421.407193548912,042c345cfe16
7,0.06,+/-20%,4,13384.16495482952,11537.125755865552,042c345cfe16
7,0.06,+/-20%,5,10707.331963863662,9229.700607058,042c345cfe16
7,0.06,+/-20%,6,8565.865571090899,8365.71428676,042c345cfe16
7,0.06,+/-20%,7,10279.038685309079,11439.988401971968,042c345cfe16
7,0.06,+/-20%,8,8223.230948247263,9042.77641234078,042c345cfe16
7,0.06,+/-20%,9,6578.584758597812,6088.641284904461,042c345cfe16
7,0.06,+/-20%,10,7131.166768285981,7306.3695389725,042c345cfe16
7,0.06,+/-20%,11,8557.400121943181,14932.8785441,042c345cfe16
7,0.06,+/-20%,12,10268.880146331801,12114.194980342878,042c345cfe16
7,0.06,+/-20%,13,12322.656175598117,9691.355987577,042c345cfe16
7,0.06,+/-20%,14,14787.187410717783,13693.1491335476,042c345cfe16
7,0.06,+/-20%,15,17744.62489286142,9132.67212423464,042c345cfe16
8,0.0,NHF,1,0.0,0.0,042c345cfe16
8,0.0,NHF,2,0.0,0.0,042c345cfe16
8,0.0,NHF,3,28339.285712597502,0.0,042c345cfe16
8,0.0,NHF,4,0.0,0.0,042c345cfe16
8,0.0,NHF,5,26104.285711377,15342.85713672,042c345cfe16
8,0.0,NHF,6,0.0,17616.66667195167,042c345cfe16
8,0.0,NHF,7,19350.000003,27168.214284616,042c345cfe16
8,0.0,NHF,8,3488.928570033,7324.642864953001,042c345cfe16
8,0.0,NHF,9,24621.42856924,19656.547611185,042c345cfe16
8,0.0,NHF,10,0.0,22135.714286985,042c345cfe16
8,0.0,NHF,11,0.0,0.0,042c345cfe16
8,0.0,NHF,12,0.0,10942.85714614,042c345cfe16
8,0.0,NHF,13,15342.85713672,23549.99999058,042c345cfe16
8,0.0,NHF,14,0.0,0.0,042c345cfe16
8,0.0,NHF,15,82157.50001038401,5471.42856924,042c345cfe16
8,0.0,NDY,1,8207.14285386,8207.14285386,042c345cfe16
8,0.0,NDY,2,10256.753729152208,141.59416319516072,042c345cfe16
8,0.0,NDY,3,10256.753729152208,11398.917651929665,042c345cfe16
8,0.0,NDY,4,10256.753729152208,11266.166677961031,042c345cfe16
8,0.0,NDY,5,10256.753729152204,11397.47632686831,042c345cfe16
8,0.0,NDY,6,10256.753729152202,11404.508506380642,042c345cfe16
8,0.0,NDY,7,10256.753729152202,11456.761567405154,042c345cfe16
8,0.0,NDY,8,10256.753729152204,11537.855026571353,042c345cfe16
8,0.0,NDY,9,10256.753729152202,11406.575143567705,042c345cfe16
8,0.0,NDY,10,10256.753729152204,11255.707832622147,042c345cfe16
8,0.0,NDY,11,10256.753729152204,11716.183515551065,042c345cfe16
8,0.0,NDY,12,10256.753729152202,10938.848399713148,042c345cfe16
8,0.0,NDY,13,10256.753729152204,11127.53702311033,042c345cfe16
8,0.0,NDY,14,10256.753729152204,10902.565300401016,042c345cfe16
8,0.0,NDY,15,50709.229934757226,11264.708086828146,042c345cfe16
8,0.0,-10%,1,3247.5713446240984,3247.5713446240984,042c345cfe16
8,0.0,-10%,2,2922.814210161689,0.0,042c345cfe16
8,0.0,-10%,3,13770.221966279161,7688.607100728424,042c345cfe16
8,0.0,-10%,4,12393.199769651243,1545.132575539311,042c345cfe16
8,0.0,-10%,5,13740.375210466334,20430.98390209847,042c345cfe16
8,0.0,-10%,6,12366.3376894197,16561.297894019306,042c345cfe16
8,0.0,-10%,7,11129.703920477741,14413.976151029072,042c345cfe16
8,0.0,-10%,8,10016.733528429975,14648.359270990628,042c345cfe16
8,0.0,-10%,9,9015.060175587008,11023.235868543627,042c345cfe16
8,0.0,-10%,10,8113.554158028309,13536.084108766307,042c345cfe16
8,0.0,-10%,11,7302.198742225477,7060.64315738,042c345cfe16
8,0.0,-10%,12,6571.9788680029305,11973.638184176114,042c345cfe16
8,0.0,-10%,13,5914.780981202637,10278.980809724259,042c345cfe16
8,0.0,-10%,14,5323.302883082374,5929.004689347394,042c345cfe16
8,0.0,-10%,15,70707.4710837052,14941.817157937774,042c345cfe16
8,0.0,-20%,1,945.198798073386,945.198798073386,042c345cfe16
8,0.0,-20%,2,756.1590384587089,0.0,042c345cfe16
8,0.0,-20%,3,12285.523656235302,5471.42856924,042c345cfe16
8,0.0,-20%,4,9828.418924988244,0.0,042c345cfe16
8,0.0,-20%,5,19131.414588117805,5447.159859068459,042c345cfe16
8,0.0,-20%,6,15305.131670494236,20268.994796617353,042c345cfe16
8,0.0,-20%,7,12244.105336395389,23809.05374647869,042c345cfe16
8,0.0,-20%,8,9795.284269116313,16273.551322784999,042c345cfe16
8,0.0,-20%,9,7836.227415293052,12070.354999836565,042c345cfe16
8,0.0,-20%,10,6268.981932234442,3103.864658815104,042c345cfe16
8,0.0,-20%,11,5015.1855457875545,19372.76088835876,042c345cfe16
8,0.0,-20%,12,4012.1484366300438,12475.039794670887,042c345cfe16
8,0.0,-20%,13,3209.7187493040346,5093.42240187425,042c345cfe16
8,0.0,-20%,14,6989.288207111918,661.9414810789677,042c345cfe16
8,0.0,-20%,15,78622.66183911928,17169.58520063631,042c345cfe16
8,0.0,+/-10%,1,8207.14285386,8207.14285386,042c345cfe16
8,0.0,+/-10%,2,9027.857139246,8461.038967418179,042c345cfe16
8,0.0,+/-10%,3,9930.642853170597,9213.103346930235,042c345cfe16
8,0.0,+/-10%,4,10923.707138487664,7952.498329453021,042c345cfe16
8,0.0,+/-10%,5,10761.390735268329,14285.841282222871,042c345cfe16
8,0.0,+/-10%,6,10280.70731852063,13837.922503534577,042c345cfe16
8,0.0,+/-10%,7,11308.778050372726,13699.411670610123,042c345cfe16
8,0.0,+/-10%,8,12439.655855409981,12358.242499785141,042c345cfe16
8,0.0,+/-10%,9,11195.690269868983,10017.22600422774,042c345cfe16
8,0.0,+/-10%,10,12258.588926223065,7515.367073175049,042c345cfe16
8,0.0,+/-10%,11,13484.44781884537,9578.885246875954,042c345cfe16
8,0.0,+/-10%,12,14832.892600729912,12878.198533457009,042c345cfe16
8,0.0,+/-10%,13,16316.181860802906,14076.647360639294,042c345cfe16
8,0.0,+/-10%,14,17947.8000468832,13155.956674311137,042c345cfe16
8,0.0,+/-10%,15,19742.58005157152,11927.743122691749,042c345cfe16
8,0.0,+/-20%,1,7713.153665774864,7713.153665774864,042c345cfe16
8,0.0,+/-20%,2,9255.784398929836,7755.952386799999,042c345cfe16
8,0.0,+/-20%,3,11106.9412787158,8784.184242763955,042c345cfe16
8,0.0,+/-20%,4,13328.32953445896,6850.391322567067,042c345cfe16
8,0.0,+/-20%,5,10662.66362756717,16634.606090442467,042c345cfe16
8,0.0,+/-20%,6,8530.130902053741,12070.7540971151,042c345cfe16
8,0.0,+/-20%,7,10236.157082464484,15177.320154398247,042c345cfe16
8,0.0,+/-20%,8,12283.38849895738,11649.19330060136,042c345cfe16
8,0.0,+/-20%,9,9972.195744886598,9826.836031028266,042c345cfe16
8,0.0,+/-20%,10,9864.43567830342,7699.356546356623,042c345cfe16
8,0.0,+/-20%,11,11837.322813964101,9551.805254228417,042c345cfe16
8,0.0,+/-20%,12,14204.787376756924,13102.006449363618,042c345cfe16
8,0.0,+/-20%,13,17045.744852108313,16677.37035450745,042c345cfe16
8,0.0,+/-20%,14,20454.89382252998,11751.443222358017,042c345cfe16
8,0.0,+/-20%,15,24545.872587035963,12828.783784038897,042c345cfe16
8,0.02,NHF,1,19150.0,19150.0,042c345cfe16
8,0.02,NHF,2,0.0,0.0,042c345cfe16
8,0.02,NHF,3,9307.14286416,9307.14286416,042c345cfe16
8,0.02,NHF,4,15342.85713672,15342.85713672,042c345cfe16
8,0.02,NHF,5,18432.857143017,18432.857143017,042c345cfe16
8,0.02,NHF,6,2690.357141781,2690.357141781,042c345cfe16
8,0.02,NHF,7,26992.85713972,26992.85713972,042c345cfe16
8,0.02,NHF,8,10457.14286028,10457.14286028,042c345cfe16
8,0.02,NHF,9,5471.42856924,5471.42856924,042c345cfe16
8,0.02,NHF,10,0.0,0.0,042c345cfe16
8,0.02,NHF,11,3835.71429492,3835.71429492,042c345cfe16
8,0.02,NHF,12,26104.285711377,26104.285711377,042c345cfe16
8,0.02,NHF,13,29511.785710141005,29511.785710141005,042c345cfe16
8,0.02,NHF,14,0.0,0.0,042c345cfe16
8,0.02,NHF,15,13314.28570896,13314.28570896,042c345cfe16
8,0.02,NDY,1,9123.664417216709,9123.664417216709,042c345cfe16
8,0.02,NDY,2,9123.664417216709,9151.588207960296,042c345cfe16
8,0.02,NDY,3,11555.176991661894,11490.166489997448,042c345cfe16
8,0.02,NDY,4,11555.176991661894,11558.980074721181,042c345cfe16
8,0.02,NDY,5,11555.176991661894,11600.057282939013,042c345cfe16
8,0.02,NDY,6,11555.176991661896,11608.543995517297,042c345cfe16
8,0.02,NDY,7,11555.17699166192,11603.193820086213,042c345cfe16
8,0.02,NDY,8,11555.176991661909,11584.546778127438,042c345cfe16
8,0.02,NDY,9,11555.17699166191,11554.281210364705,042c345cfe16
8,0.02,NDY,10,11555.17699166191,11596.90305215799,042c345cfe16
8,0.02,NDY,11,11555.176991661914,11596.9030526025,042c345cfe16
8,0.02,NDY,12,11651.245269905681,11879.231885131489,042c345cfe16
8,0.02,NDY,13,18326.42642917278,11904.409973475595,042c345cfe16
8,0.02,NDY,14,18326.42642917278,11901.96755263587,042c345cfe16
8,0.02,NDY,15,18326.426429172763,11907.369939956086,042c345cfe16
8,0.02,-10%,1,8207.14285386,8207.14285386,042c345cfe16
8,0.02,-10%,2,11331.181049897856,6978.8127741867465,042c345cfe16
8,0.02,-10%,3,10198.062944908072,15149.6517302,042c345cfe16
8,0.02,-10%,4,13863.316651590672,13863.31665159067,042c345cfe16
8,0.02,-10%,5,12476.984986431604,12476.984988197984,042c345cfe16
8,0.02,-10%,6,11229.286487788444,11229.286490584,042c345cfe16
8,0.02,-10%,7,12534.306646312145,12563.33741993235,042c345cfe16
8,0.02,-10%,8,11280.875981680929,11307.003678796103,042c345cfe16
8,0.02,-10%,9,10152.78838351284,10086.386034223955,042c345cfe16
8,0.02,-10%,10,9137.509545161558,9077.74743093624,042c345cfe16
8,0.02,-10%,11,8223.7585906454,8169.9726933425,042c345cfe16
8,0.02,-10%,12,17189.33258453295,16078.093976471759,042c345cfe16
8,0.02,-10%,13,19206.548628927158,14440.666019609369,042c345cfe16
8,0.02,-10%,14,17285.893766034438,12995.663017932791,042c345cfe16
8,0.02,-10%,15,15557.304389430996,11695.890256203747,042c345cfe16
8,0.02,-20%,1,8641.0503626967,8641.0503626967,042c345cfe16
8,0.02,-20%,2,11633.9285802,7167.764145177905,042c345cfe16
8,0.02,-20%,3,9307.14286416,14388.194911424998,042c345cfe16
8,0.02,-20%,4,15321.99236710785,15321.99236710785,042c345cfe16
8,0.02,-20%,5,12257.593893686284,12257.593893820576,042c345cfe16
8,0.02,-20%,6,9806.075114949026,9806.075115296,042c345cfe16
8,0.02,-20%,7,14968.203578687979,14852.69270203279,042c345cfe16
8,0.02,-20%,8,11974.562862950386,11882.154161311657,042c345cfe16
8,0.02,-20%,9,9579.650290360312,9482.822259975506,042c345cfe16
8,0.02,-20%,10,7663.7202322882495,7586.25780967182,042c345cfe16
8,0.02,-20%,11,6130.976185830598,6069.006243170001,042c345cfe16
8,0.02,-20%,12,19887.292922821984,19887.292922292,042c345cfe16
8,0.02,-20%,13,20146.763153653967,16863.789394917632,042c345cfe16
8,0.02,-20%,14,16117.410522923172,13483.138051122984,042c345cfe16
8,0.02,-20%,15,13264.195010878362,10785.931358583737,042c345cfe16
8,0.02,+/-10%,1,8983.259177467697,8983.259177467697,042c345cfe16
8,0.02,+/-10%,2,9881.585095214465,9881.585094689719,042c345cfe16
8,0.02,+/-10%,3,10869.74360473591,10869.7436057625,042c345cfe16
8,0.02,+/-10%,4,11956.717965209504,13863.31665159067,042c345cfe16
8,0.02,+/-10%,5,13152.389761730457,12476.984988197979,042c345cfe16
8,0.02,+/-10%,6,11885.345267096849,11229.286490584,042c345cfe16
8,0.02,+/-10%,7,10696.810740387167,12276.327249989354,042c345cfe16
8,0.02,+/-10%,8,9627.129666348452,10906.118225457907,042c345cfe16
8,0.02,+/-10%,9,10566.871319850545,8936.104580948211,042c345cfe16
8,0.02,+/-10%,10,11623.558451835594,9829.715039512965,042c345cfe16
8,0.02,+/-10%,11,12785.914297019164,10812.686546602501,042c345cfe16
8,0.02,+/-10%,12,14064.505726721083,15567.353020136266,042c345cfe16
8,0.02,+/-10%,13,15470.956299393194,13970.403544812709,042c345cfe16
8,0.02,+/-10%,14,17018.051929332523,12306.473646626206,042c345cfe16
8,0.02,+/-10%,15,18719.857122265785,10517.291347381059,042c345cfe16
8,0.02,+/-20%,1,8223.505270329264,8223.505270329264,042c345cfe16
8,0.02,+/-20%,2,9868.206324395127,9868.206323160959,042c345cfe16
8,0.02,+/-20%,3,11841.847589274159,11841.847586292499,042c345cfe16
8,0.02,+/-20%,4,14210.217107128994,15321.99236710785,042c345cfe16
8,0.02,+/-20%,5,12500.29447816413,10727.641772048552,042c345cfe16
8,0.02,+/-20%,6,10804.132332227564,11563.093007672,042c345cfe16
8,0.02,+/-20%,7,12964.95879867308,13371.628981967284,042c345cfe16
8,0.02,+/-20%,8,10371.96703893846,10994.825900377667,042c345cfe16
8,0.02,+/-20%,9,8297.573631150752,7555.002193256616,042c345cfe16
8,0.02,+/-20%,10,9226.258821799138,9066.002632159987,042c345cfe16
8,0.02,+/-20%,11,11071.510586158964,10879.203162705,042c345cfe16
8,0.02,+/-20%,12,13285.812703390757,18357.340803084,042c345cfe16
8,0.02,+/-20%,13,15942.975244068908,15620.267575269074,042c345cfe16
8,0.02,+/-20%,14,19131.57029288268,11811.691067421812,042c345cfe16
8,0.02,+/-20%,15,22957.884351459197,9403.565562394704,042c345cfe16
8,0.04,NHF,1,19150.0,19150.0,042c345cfe16
8,0.04,NHF,2,0.0,0.0,042c345cfe16
8,0.04,NHF,3,9307.14286416,9307.14286416,042c345cfe16
8,0.04,NHF,4,15342.85713672,15342.85713672,042c345cfe16
8,0.04,NHF,5,18432.857143017,18432.857143017,042c345cfe16
8,0.04,NHF,6,2690.357141781,2690.357141781,042c345cfe16
8,0.04,NHF,7,26992.85713972,26992.85713972,042c345cfe16
8,0.04,NHF,8,10457.14286028,10457.14286028,042c345cfe16
8,0.04,NHF,9,5471.42856924,5471.42856924,042c345cfe16
8,0.04,NHF,10,0.0,0.0,042c345cfe16
8,0.04,NHF,11,3835.71429492,3835.71429492,042c345cfe16
8,0.04,NHF,12,26104.285711377,26104.285711377,042c345cfe16
8,0.04,NHF,13,29511.785710141005,29511.785710141005,042c345cfe16
8,0.04,NHF,14,0.0,0.0,042c345cfe16
8,0.04,NHF,15,13314.28570896,13314.28570896,042c345cfe16
8,0.04,NDY,1,9839.416903574445,9839.416903574445,042c345cfe16
8,0.04,NDY,2,9839.416903574443,9839.416903630086,042c345cfe16
8,0.04,NDY,3,9839.416903574443,9839.4169048475,042c345cfe16
8,0.04,NDY,4,11642.343415265268,11638.48672891908,042c345cfe16
8,0.04,NDY,5,11642.343415265268,11638.486729375307,042c345cfe16
8,0.04,NDY,6,11642.343415265268,11544.551227545457,042c345cfe16
8,0.04,NDY,7,11642.34341526527,11509.821302730987,042c345cfe16
8,0.04,NDY,8,11642.343415265279,11416.246232694448,042c345cfe16
8,0.04,NDY,9,11642.343415265266,11399.612586771844,042c345cfe16
8,0.04,NDY,10,11642.34341526527,11399.612588565265,042c345cfe16
8,0.04,NDY,11,11642.34341526527,11399.612590514998,042c345cfe16
8,0.04,NDY,12,11912.744540715805,11901.174474414,042c345cfe16
8,0.04,NDY,13,17467.284837049476,12041.950806030625,042c345cfe16
8,0.04,NDY,14,17467.284837049476,11967.960243641533,042c345cfe16
8,0.04,NDY,15,17467.284837049487,11943.83997076517,042c345cfe16
8,0.04,-10%,1,10562.768310133992,10562.768310133992,042c345cfe16
8,0.04,-10%,2,9506.491479120596,9506.49147504,042c345cfe16
8,0.04,-10%,3,9307.14286416,9307.14286416,042c345cfe16
8,0.04,-10%,4,13863.316651590672,13863.316651590672,042c345cfe16
8,0.04,-10%,5,12476.984986431604,12476.984988197984,042c345cfe16
8,0.04,-10%,6,11229.286487788444,11229.286490584,042c345cfe16
8,0.04,-10%,7,12858.802504200901,12668.068350756064,042c345cfe16
8,0.04,-10%,8,11572.922253780813,11401.261515324411,042c345cfe16
8,0.04,-10%,9,10415.630028402727,10261.135364757198,042c345cfe16
8,0.04,-10%,10,9374.067025562457,9235.021825124999,042c345cfe16
8,0.04,-10%,11,8436.660323006216,8311.519640925,042c345cfe16
8,0.04,-10%,12,17189.33258453295,16290.793044641181,042c345cfe16
8,0.04,-10%,13,17884.100297570618,14649.966112544433,042c345cfe16
8,0.04,-10%,14,16095.690267813556,13145.374886171398,042c345cfe16
8,0.04,-10%,15,14486.121241032199,11813.321004185835,042c345cfe16
8,0.04,-20%,1,11116.648411829134,11116.648411829134,042c345cfe16
8,0.04,-20%,2,8893.318729463308,8893.318727680002,042c345cfe16
8,0.04,-20%,3,9307.14286416,9307.14286416,042c345cfe16
8,0.04,-20%,4,15321.99236710785,15321.99236710785,042c345cfe16
8,0.04,-20%,5,12257.593893686284,12257.59389382058,042c345cfe16
8,0.04,-20%,6,9806.075114949026,9806.075115296,042c345cfe16
8,0.04,-20%,7,15203.984996057758,15180.650545020546,042c345cfe16
8,0.04,-20%,8,12163.187996846205,12048.428556271365,042c345cfe16
8,0.04,-20%,9,9730.550397476964,9637.716907951191,042c345cfe16
8,0.04,-20%,10,7784.44031798157,7710.173527499999,042c345cfe16
8,0.04,-20%,11,6227.552254385259,6168.138818155,042c345cfe16
8,0.04,-20%,12,19887.292922821984,19887.292922292,042c345cfe16
8,0.04,-20%,13,19205.059114834195,16920.776197872092,042c345cfe16
8,0.04,-20%,14,15364.047291867355,13536.737525827164,042c345cfe16
8,0.04,-20%,15,12291.237833493884,10810.350265687863,042c345cfe16
8,0.04,+/-10%,1,9705.446768932974,9705.446768932974,042c345cfe16
8,0.04,+/-10%,2,9475.105580177811,9475.105581468397,042c345cfe16
8,0.04,+/-10%,3,10422.61613819559,10422.616142559998,042c345cfe16
8,0.04,+/-10%,4,11464.877752015156,13863.316651590674,042c345cfe16
8,0.04,+/-10%,5,12611.365527216674,12476.984988198015,042c345cfe16
8,0.04,+/-10%,6,13829.362003770942,11229.286490584,042c345cfe16
8,0.04,+/-10%,7,12446.425803393851,12649.893904009004,042c345cfe16
8,0.04,+/-10%,8,11201.783223054466,10988.641065624877,042c345cfe16
8,0.04,+/-10%,9,10081.604900749018,9889.776958995693,042c345cfe16
8,0.04,+/-10%,10,9073.444410674118,8900.799264107469,042c345cfe16
8,0.04,+/-10%,11,9980.788851741527,9790.8791943025,042c345cfe16
8,0.04,+/-10%,12,10978.867736915683,16020.066796225505,042c345cfe16
8,0.04,+/-10%,13,12076.75451060725,14418.47436543129,042c345cfe16
8,0.04,+/-10%,14,13284.42996166799,12736.9585744019,042c345cfe16
8,0.04,+/-10%,15,14612.872957834787,11353.819312332082,042c345cfe16
8,0.04,+/-20%,1,10836.880954659002,10836.880954659002,042c345cfe16
8,0.04,+/-20%,2,8669.504763727202,8460.203971254985,042c345cfe16
8,0.04,+/-20%,3,9914.12809097009,10152.24476211,042c345cfe16
8,0.04,+/-20%,4,11896.953709164109,15321.992367107858,042c345cfe16
8,0.04,+/-20%,5,14276.34445099693,10444.951024711754,042c345cfe16
8,0.04,+/-20%,6,11421.075560797546,11887.738920303,042c345cfe16
8,0.04,+/-20%,7,13705.290672957055,14737.22038720273,042c345cfe16
8,0.04,+/-20%,8,10964.23253836564,11479.870861432766,042c345cfe16
8,0.04,+/-20%,9,8771.386030692514,9183.89668859416,042c345cfe16
8,0.04,+/-20%,10,8741.19656646239,7347.117350354967,042c345cfe16
8,0.04,+/-20%,11,10489.435879754868,8816.540818095,042c345cfe16
8,0.04,+/-20%,12,12587.323055705838,18074.650055211,042c345cfe16
8,0.04,+/-20%,13,15104.787666847007,16804.55777276552,042c345cfe16
8,0.04,+/-20%,14,18125.745200216414,13185.360915724807,042c345cfe16
8,0.04,+/-20%,15,21750.894240259677,10548.288733099142,042c345cfe16
8,0.06,NHF,1,19150.0,19150.0,042c345cfe16
8,0.06,NHF,2,0.0,0.0,042c345cfe16
8,0.06,NHF,3,9307.14286416,9307.14286416,042c345cfe16
8,0.06,NHF,4,15342.85713672,15342.85713672,042c345cfe16
8,0.06,NHF,5,18432.857143017,18432.857143017,042c345cfe16
8,0.06,NHF,6,2690.357141781,2690.357141781,042c345cfe16
8,0.06,NHF,7,26992.85713972,26992.85713972,042c345cfe16
8,0.06,NHF,8,10457.14286028,10457.14286028,042c345cfe16
8,0.06,NHF,9,5471.42856924,5471.42856924,042c345cfe16
8,0.06,NHF,10,0.0,0.0,042c345cfe16
8,0.06,NHF,11,3835.71429492,3835.71429492,042c345cfe16
8,0.06,NHF,12,26104.285711377,26104.285711377,042c345cfe16
8,0.06,NHF,13,29511.785710141005,29511.785710141005,042c345cfe16
8,0.06,NHF,14,0.0,0.0,042c345cfe16
8,0.06,NHF,15,13314.28570896,13314.28570896,042c345cfe16
8,0.06,NDY,1,9839.416903574445,9839.416903574445,042c345cfe16
8,0.06,NDY,2,9839.416903574443,9839.416903630086,042c345cfe16
8,0.06,NDY,3,9839.416903574443,9839.4169048475,042c345cfe16
8,0.06,NDY,4,11639.849286795587,11639.84928677804,042c345cfe16
8,0.06,NDY,5,11639.849286795587,11633.89808870473,042c345cfe16
8,0.06,NDY,6,11639.849286795587,11481.146537809003,042c345cfe16
8,0.06,NDY,7,11639.849286795583,11326.939961166632,042c345cfe16
8,0.06,NDY,8,11639.849286795587,11326.939962048666,042c345cfe16
8,0.06,NDY,9,11639.849286795587,11326.939960448657,042c345cfe16
8,0.06,NDY,10,11639.849286795587,11326.939958377236,042c345cfe16
8,0.06,NDY,11,11639.849286795588,11326.93995558,042c345cfe16
8,0.06,NDY,12,11905.26215530676,11899.310961687,042c345cfe16
8,0.06,NDY,13,16810.68952729092,11976.212440750354,042c345cfe16
8,0.06,NDY,14,16810.68952729092,11886.232435279613,042c345cfe16
8,0.06,NDY,15,16810.689527290917,11755.479370577807,042c345cfe16
8,0.06,-10%,1,10562.768310133992,10562.768310133992,042c345cfe16
8,0.06,-10%,2,9506.491479120596,9506.49147504,042c345cfe16
8,0.06,-10%,3,9307.14286416,9307.14286416,042c345cfe16
8,0.06,-10%,4,13863.316651590672,13863.31665159067,042c345cfe16
8,0.06,-10%,5,12476.984986431604,12476.984988197983,042c345cfe16
8,0.06,-10%,6,11229.286487788444,11229.286490584,042c345cfe16
8,0.06,-10%,7,12653.473323710787,12652.107745641355,042c345cfe16
8,0.06,-10%,8,11388.125991339708,11386.89697041709,042c345cfe16
8,0.06,-10%,9,10249.313392205739,10248.207274388964,042c345cfe16
8,0.06,-10%,10,9224.382052985166,9223.386544449586,042c345cfe16
8,0.06,-10%,11,8301.943847686649,8301.047887395,042c345cfe16
8,0.06,-10%,12,17189.33258453295,16297.91525307038,042c345cfe16
8,0.06,-10%,13,17669.543369588846,14658.870787613138,042c345cfe16
8,0.06,-10%,14,15902.589032629967,13090.738810443807,042c345cfe16
8,0.06,-10%,15,14312.330129366972,11742.906086800414,042c345cfe16
8,0.06,-20%,1,11116.648411829132,11116.648411829132,042c345cfe16
8,0.06,-20%,2,8893.31872946331,8893.318727680002,042c345cfe16
8,0.06,-20%,3,9307.14286416,9307.14286416,042c345cfe16
8,0.06,-20%,4,15321.99236710785,15321.99236710785,042c345cfe16
8,0.06,-20%,5,12257.593893686284,12257.593893820582,042c345cfe16
8,0.06,-20%,6,9806.075114949026,9806.075115296,042c345cfe16
8,0.06,-20%,7,15075.017718908519,15075.017719003645,042c345cfe16
8,0.06,-20%,8,12060.01417512682,12060.014175621924,042c345cfe16
8,0.06,-20%,9,9648.011340101453,9648.011340453515,042c345cfe16
8,0.06,-20%,10,7718.409072081163,7718.409074006156,042c345cfe16
8,0.06,-20%,11,6174.727257664928,6174.7272627150005,042c345cfe16
8,0.06,-20%,12,19887.292922821984,19887.292922292,042c345cfe16
8,0.06,-20%,13,18986.515432777946,17018.986872999274,042c345cfe16
8,0.06,-20%,14,15189.212346222357,13488.930901640495,042c345cfe16
8,0.06,-20%,15,12151.369876977882,10746.331949647756,042c345cfe16
8,0.06,+/-10%,1,10211.449523947782,10211.449523947782,042c345cfe16
8,0.06,+/-10%,2,9190.304571553004,9190.30457248045,042c345cfe16
8,0.06,+/-10%,3,10109.335028708307,10109.3350264525,042c345cfe16
8,0.06,+/-10%,4,11120.268531579139,13863.31665159067,042c345cfe16
8,0.06,+/-10%,5,12232.295384737054,12476.984988197975,042c345cfe16
8,0.06,+/-10%,6,13455.52492321076,11229.286490584,042c345cfe16
8,0.06,+/-10%,7,13005.028888637666,12625.65500130085,042c345cfe16
8,0.06,+/-10%,8,11704.525999773901,11363.089499889866,042c345cfe16
8,0.06,+/-10%,9,10534.07339979651,10034.457153167354,042c345cfe16
8,0.06,+/-10%,10,9480.66605981686,8449.106842343368,042c345cfe16
8,0.06,+/-10%,11,8532.599453835173,9294.017528037499,042c345cfe16
8,0.06,+/-10%,12,9385.85939921869,16239.786163581857,042c345cfe16
8,0.06,+/-10%,13,10324.445339140557,14615.807547607556,042c345cfe16
8,0.06,+/-10%,14,11356.889873054617,13041.3992539487,042c345cfe16
8,0.06,+/-10%,15,12492.578860360081,11722.546819360883,042c345cfe16
8,0.06,+/-20%,1,11116.648411829145,11116.648411829145,042c345cfe16
8,0.06,+/-20%,2,8893.318729463297,8635.080410953493,042c345cfe16
8,0.06,+/-20%,3,9307.14286416,9600.93463138,042c345cfe16
8,0.06,+/-20%,4,11168.571436991999,15321.99236710785,042c345cfe16
8,0.06,+/-20%,5,13402.285724390407,12257.593893820582,042c345cfe16
8,0.06,+/-20%,6,13261.340671700767,9806.075115296,042c345cfe16
8,0.06,+/-20%,7,15075.017718908515,15063.457610275378,042c345cfe16
8,0.06,+/-20%,8,12060.014175126811,12050.766089825762,042c345cfe16
8,0.06,+/-20%,9,9648.011340101457,9116.955462218368,042c345cfe16
8,0.06,+/-20%,10,7718.40907208117,6592.5267040003655,042c345cfe16
8,0.06,+/-20%,11,6174.727257664937,7911.032039775,042c345cfe16
8,0.06,+/-20%,12,7409.672709197925,19887.292922292,042c345cfe16
8,0.06,+/-20%,13,8891.607251037502,16871.775901016008,042c345cfe16
8,0.06,+/-20%,14,10669.928701245013,13386.800764838048,042c345cfe16
8,0.06,+/-20%,15,12803.914441494013,10701.910286004859,042c345cfe16
9,0.0,NHF,1,9985.41665069,9985.41665069,042c345cfe16
9,0.0,NHF,2,0.0,0.0,042c345cfe16
9,0.0,NHF,3,19655.729135217498,0.0,042c345cfe16
9,0.0,NHF,4,5051.041682829999,10390.625007620001,042c345cfe16
9,0.0,NHF,5,22919.0104645875,34532.89931073417,042c345cfe16
9,0.0,NHF,6,8193.75001368,9159.461813829166,042c345cfe16
9,0.0,NHF,7,28920.83338086,15071.961804369166,042c345cfe16
9,0.0,NHF,8,12216.927077637501,7345.9201500641675,042c345cfe16
9,0.0,NHF,9,21036.631910785833,7345.9201500641675,042c345cfe16
9,0.0,NHF,10,0.0,7345.9201500641675,042c345cfe16
9,0.0,NHF,11,0.0,22933.420125124165,042c345cfe16
9,0.0,NHF,12,0.0,6142.274312879167,042c345cfe16
9,0.0,NHF,13,1118.75000358,12777.343746707498,042c345cfe16
9,0.0,NHF,14,0.0,2454.4270911875,042c345cfe16
9,0.0,NHF,15,89904.86118928833,3658.0729283725004,042c345cfe16
9,0.0,NDY,1,12403.360203095926,12403.360203095926,042c345cfe16
9,0.0,NDY,2,12403.360203095928,12367.741511690954,042c345cfe16
9,0.0,NDY,3,12403.360203095926,12233.761935841267,042c345cfe16
9,0.0,NDY,4,12403.360203095926,12171.055761158554,042c345cfe16
9,0.0,NDY,5,12403.360203095926,11981.051207423623,042c345cfe16
9,0.0,NDY,6,12403.360203095923,11743.298032751485,042c345cfe16
9,0.0,NDY,7,12403.360203095923,11734.950120305499,042c345cfe16
9,0.0,NDY,8,12403.360203095925,11603.822436678676,042c345cfe16
9,0.0,NDY,9,12403.360203095926,11501.459006046225,042c345cfe16
9,0.0,NDY,10,12403.360203095923,11461.386957790064,042c345cfe16
9,0.0,NDY,11,12403.360203095923,11360.882893123005,042c345cfe16
9,0.0,NDY,12,12403.360203095925,11262.585210401252,042c345cfe16
9,0.0,NDY,13,12403.360203095925,11266.067460734175,042c345cfe16
9,0.0,NDY,14,12403.36020309592,11180.178414463486,042c345cfe16
9,0.0,NDY,15,36026.85307542501,11252.503453847066,042c345cfe16
9,0.0,-10%,1,11879.081259773324,11879.081259773324,042c345cfe16
9,0.0,-10%,2,10878.892714063808,5023.372354231803,042c345cfe16
9,0.0,-10%,3,18546.680548674496,10626.188086289587,042c345cfe16
9,0.0,-10%,4,16692.01249380704,14792.915416150634,042c345cfe16
9,0.0,-10%,5,15022.811244426337,18585.703170995563,042c345cfe16
9,0.0,-10%,6,13520.530119983703,16217.278695198556,042c345cfe16
9,0.0,-10%,7,12168.477107985333,10320.2888530175,042c345cfe16
9,0.0,-10%,8,10951.629397186804,12997.147543634106,042c345cfe16
9,0.0,-10%,9,9856.466457468123,8380.497097685507,042c345cfe16
9,0.0,-10%,10,8870.819811721309,11588.397309794089,042c345cfe16
9,0.0,-10%,11,7983.737830549177,9876.425362942236,042c345cfe16
9,0.0,-10%,12,7185.364047494261,11043.722228880513,042c345cfe16
9,0.0,-10%,13,6466.827642744832,15270.083635128594,042c345cfe16
9,0.0,-10%,14,5820.144878470349,10870.023579995746,042c345cfe16
9,0.0,-10%,15,61510.02047730828,13775.548951685212,042c345cfe16
9,0.0,-20%,1,9985.41665069,9985.41665069,042c345cfe16
9,0.0,-20%,2,7988.333320552001,2255.5555519466666,042c345cfe16
9,0.0,-20%,3,16606.930883829114,1973.215735546551,042c345cfe16
9,0.0,-20%,4,13285.54470706329,16900.412035956422,042c345cfe16
9,0.0,-20%,5,21195.61780169135,25596.70256410956,042c345cfe16
9,0.0,-20%,6,16956.49424135308,19255.964963963645,042c345cfe16
9,0.0,-20%,7,13565.195393082464,11273.169748010083,042c345cfe16
9,0.0,-20%,8,10852.156314465972,14531.908474418244,042c345cfe16
9,0.0,-20%,9,8681.72505157278,5132.576802965921,042c345cfe16
9,0.0,-20%,10,6945.380041258222,11666.815117409156,042c345cfe16
9,0.0,-20%,11,5556.304033006578,7979.019118102501,042c345cfe16
9,0.0,-20%,12,4445.043226405263,14093.23880092818,042c345cfe16
9,0.0,-20%,13,3556.0345811242105,9489.651598415294,042c345cfe16
9,0.0,-20%,14,5901.966965794353,7831.331811012558,042c345cfe16
9,0.0,-20%,15,72063.94975028643,16186.013700920506,042c345cfe16
9,0.0,+/-10%,1,11858.544166410862,11858.544166410862,042c345cfe16
9,0.0,+/-10%,2,13044.398583051949,12306.593341195272,042c345cfe16
9,0.0,+/-10%,3,14348.838441357142,12941.401493560594,042c345cfe16
9,0.0,+/-10%,4,14057.609389930782,14120.860181932241,042c345cfe16
9,0.0,+/-10%,5,15463.370328923873,14589.272976026181,042c345cfe16
9,0.0,+/-10%,6,13917.033296031474,13833.577694710673,042c345cfe16
9,0.0,+/-10%,7,12525.329966428344,13705.393567892424,042c345cfe16
9,0.0,+/-10%,8,11272.796969785497,12419.84068614611,042c345cfe16
9,0.0,+/-10%,9,11970.481717151153,10358.332165690616,042c345cfe16
9,0.0,+/-10%,10,11626.39397844216,10629.424192603912,042c345cfe16
9,0.0,+/-10%,11,12789.033376286385,12112.27411180056,042c345cfe16
9,0.0,+/-10%,12,14067.936713915005,12700.91334921872,042c345cfe16
9,0.0,+/-10%,13,15474.730385306502,10876.854360795249,042c345cfe16
9,0.0,+/-10%,14,17022.203423837138,10867.128025239068,042c345cfe16
9,0.0,+/-10%,15,18724.423766220905,12066.159738101433,042c345cfe16
9,0.0,+/-20%,1,10277.666755291288,10277.666755291288,042c345cfe16
9,0.0,+/-20%,2,12333.200106349546,11192.434846650123,042c345cfe16
9,0.0,+/-20%,3,14799.840127619453,12628.806647512276,042c345cfe16
9,0.0,+/-20%,4,14902.664362232848,14789.507145623807,042c345cfe16
9,0.0,+/-20%,5,17883.197234679425,17411.817750628717,042c345cfe16
9,0.0,+/-20%,6,14306.557787743539,15758.14456959172,042c345cfe16
9,0.0,+/-20%,7,11631.519690894882,13598.200233332696,042c345cfe16
9,0.0,+/-20%,8,11279.64773008974,12947.37078662779,042c345cfe16
9,0.0,+/-20%,9,11500.635715374228,10542.445296689999,042c345cfe16
9,0.0,+/-20%,10,9200.508572299383,9631.931879068414,042c345cfe16
9,0.0,+/-20%,11,11040.610286759262,8890.884642219318,042c345cfe16
9,0.0,+/-20%,12,13248.732344111111,10815.804549022501,042c345cfe16
9,0.0,+/-20%,13,15898.478812933328,11196.577590479194,042c345cfe16
9,0.0,+/-20%,14,19078.17457551999,14468.949722886035,042c345cfe16
9,0.0,+/-20%,15,22893.809490623982,14576.451947600302,042c345cfe16
9,0.02,NHF,1,48092.70835245749,48092.70835245749,042c345cfe16
9,0.02,NHF,2,7816.9270919825,7816.9270919825,042c345cfe16
9,0.02,NHF,3,9295.0520896175,7816.9270919825,042c345cfe16
9,0.02,NHF,4,5173.95834223,6987.500005995001,042c345cfe16
9,0.02,NHF,5,8465.62500363,8465.62500363,042c345cfe16
9,0.02,NHF,6,6652.083339865001,6652.083339865001,042c345cfe16
9,0.02,NHF,7,23617.70831272,23617.708312720006,042c345cfe16
9,0.02,NHF,8,10350.000018365,10350.000018365,042c345cfe16
9,0.02,NHF,9,18286.45837,16808.333372365003,042c345cfe16
9,0.02,NHF,10,5772.9166774800005,7251.0416751150005,042c345cfe16
9,0.02,NHF,11,5772.9166774800005,8729.16667275,042c345cfe16
9,0.02,NHF,12,8801.041669760001,6652.083339865001,042c345cfe16
9,0.02,NHF,13,16562.499990674994,23617.708312720006,042c345cfe16
9,0.02,NHF,14,16055.208324819996,6652.083339865001,042c345cfe16
9,0.02,NHF,15,13641.666679765,10350.000018365,042c345cfe16
9,0.02,NDY,1,13568.006602416071,13568.006602416071,042c345cfe16
9,0.02,NDY,2,13568.006602416071,13412.247906456992,042c345cfe16
9,0.02,NDY,3,13568.006602416071,13163.364002645407,042c345cfe16
9,0.02,NDY,4,13568.00660241607,12948.393792838313,042c345cfe16
9,0.02,NDY,5,13568.00660241607,12785.673813870728,042c345cfe16
9,0.02,NDY,6,13568.00660241607,12657.877291577173,042c345cfe16
9,0.02,NDY,7,13568.00660241607,12572.761968695673,042c345cfe16
9,0.02,NDY,8,13568.00660241607,12516.740217520079,042c345cfe16
9,0.02,NDY,9,13568.00660241607,12492.663877392195,042c345cfe16
9,0.02,NDY,10,13568.006602416073,12463.120720409961,042c345cfe16
9,0.02,NDY,11,13568.006602416077,12416.634689633956,042c345cfe16
9,0.02,NDY,12,13568.00660241607,12376.117235423022,042c345cfe16
9,0.02,NDY,13,13568.006602416073,12300.89440891219,042c345cfe16
9,0.02,NDY,14,13568.006602416073,12251.205139131578,042c345cfe16
9,0.02,NDY,15,13568.006602416073,12203.655537897997,042c345cfe16
9,0.02,-10%,1,20011.825025816295,20011.825025816295,042c345cfe16
9,0.02,-10%,2,18010.642523234666,18010.84850369331,042c345cfe16
9,0.02,-10%,3,16209.5782709112,16184.829320175562,042c345cfe16
9,0.02,-10%,4,14588.62044382008,14544.799371445602,042c345cfe16
9,0.02,-10%,5,13129.758399438073,13080.850926754218,042c345cfe16
9,0.02,-10%,6,11816.782559494266,11772.765837490002,042c345cfe16
9,0.02,-10%,7,11641.641536631276,11641.641538199998,042c345cfe16
9,0.02,-10%,8,12154.687006770277,11275.598598379998,042c345cfe16
9,0.02,-10%,9,12665.641873271863,12370.46181758,042c345cfe16
9,0.02,-10%,10,11399.077685944676,13009.001054427245,042c345cfe16
9,0.02,-10%,11,10259.169917350211,11708.100952165001,042c345cfe16
9,0.02,-10%,12,9233.252925615187,10857.661585360001,042c345cfe16
9,0.02,-10%,13,14803.777355432012,12839.5582087,042c345cfe16
9,0.02,-10%,14,13323.399619888813,11640.003542322607,042c345cfe16
9,0.02,-10%,15,14374.444212757135,10476.003188658393,042c345cfe16
9,0.02,-20%,1,24746.196983409805,24746.196983409805,042c345cfe16
9,0.02,-20%,2,19796.95758672784,19766.152393023247,042c345cfe16
9,0.02,-20%,3,15837.566069382272,15773.633228435818,042c345cfe16
9,0.02,-20%,4,12670.052855505819,12652.319515680414,042c345cfe16
9,0.02,-20%,5,10136.042284404657,10121.85561366946,042c345cfe16
9,0.02,-20%,6,8108.8338275237265,8097.484494950001,042c345cfe16
9,0.02,-20%,7,12917.70832984,12917.70832984,042c345cfe16
9,0.02,-20%,8,13463.157772854269,12524.881547204997,042c345cfe16
9,0.02,-20%,9,14775.673976334092,15436.720391368603,042c345cfe16
9,0.02,-20%,10,11820.53918106727,12349.376309075,042c345cfe16
9,0.02,-20%,11,9456.431344853816,9968.361931505,042c345cfe16
9,0.02,-20%,12,7565.145075883053,9028.072519880001,042c345cfe16
9,0.02,-20%,13,13873.029670591139,14162.729356839998,042c345cfe16
9,0.02,-20%,14,11098.423736472912,11744.015439004997,042c345cfe16
9,0.02,-20%,15,17604.52161060137,9694.678569075,042c345cfe16
9,0.02,+/-10%,1,20011.825025816295,20011.825025816295,042c345cfe16
9,0.02,+/-10%,2,18010.642523234666,18005.527821900767,042c345cfe16
9,0.02,+/-10%,3,16209.578270911206,16186.385695263018,042c345cfe16
9,0.02,+/-10%,4,14588.620443820066,14545.759360614069,042c345cfe16
9,0.02,+/-10%,5,13129.758399438084,13089.78346344566,042c345cfe16
9,0.02,+/-10%,6,11816.782559494255,11780.805116197502,042c345cfe16
9,0.02,+/-10%,7,11641.641536631276,11641.641538199998,042c345cfe16
9,0.02,+/-10%,8,12154.68700677028,11708.929930715,042c345cfe16
9,0.02,+/-10%,9,12665.64187327186,11939.803276564999,042c345cfe16
9,0.02,+/-10%,10,11399.077685944674,12737.319330408329,042c345cfe16
9,0.02,+/-10%,11,10259.169917350217,11463.587399715001,042c345cfe16
9,0.02,+/-10%,12,11230.398682835352,11336.40943879,042c345cfe16
9,0.02,+/-10%,13,12353.438551118896,12582.376048628248,042c345cfe16
9,0.02,+/-10%,14,13202.512213007303,11324.138445852052,042c345cfe16
9,0.02,+/-10%,15,14522.763434308024,10191.72460242267,042c345cfe16
9,0.02,+/-20%,1,24456.708107647246,24456.708107647246,042c345cfe16
9,0.02,+/-20%,2,19565.366486117797,19574.778863286774,042c345cfe16
9,0.02,+/-20%,3,15652.29318889424,15630.692654334027,042c345cfe16
9,0.02,+/-20%,4,12521.834551115393,12536.423107155817,042c345cfe16
9,0.02,+/-20%,5,10017.467640892315,10029.138482137874,042c345cfe16
9,0.02,+/-20%,6,9715.017765794815,9527.31014429,042c345cfe16
9,0.02,+/-20%,7,11658.021318953775,11658.021322179997,042c345cfe16
9,0.02,+/-20%,8,13989.625582744527,13442.96384855,042c345cfe16
9,0.02,+/-20%,9,14653.632304263483,15276.161619682829,042c345cfe16
9,0.02,+/-20%,10,11722.905843410788,12220.929294804999,042c345cfe16
9,0.02,+/-20%,11,9378.324674728628,9246.694253878615,042c345cfe16
9,0.02,+/-20%,12,9556.935153412855,10802.06928426,042c345cfe16
9,0.02,+/-20%,13,11468.322184095421,12962.483140929999,042c345cfe16
9,0.02,+/-20%,14,13316.532776719494,12008.815124770048,042c345cfe16
9,0.02,+/-20%,15,15979.839332063388,9581.803276597424,042c345cfe16
9,0.04,NHF,1,50845.57293750499,50845.57293750499,042c345cfe16
9,0.04,NHF,2,6652.083339865001,6652.083339865001,042c345cfe16
9,0.04,NHF,3,6652.083339865001,6652.083339865001,042c345cfe16
9,0.04,NHF,4,6652.083339865001,6652.083339865001,042c345cfe16
9,0.04,NHF,5,6652.083339865001,6652.083339865001,042c345cfe16
9,0.04,NHF,6,6652.083339865001,6652.083339865001,042c345cfe16
9,0.04,NHF,7,25095.833310355,25095.833310355003,042c345cfe16
9,0.04,NHF,8,10350.000018365,10350.000018365,042c345cfe16
9,0.04,NHF,9,18006.250042865002,18006.250042865002,042c345cfe16
9,0.04,NHF,10,6652.083339865001,6652.083339865001,042c345cfe16
9,0.04,NHF,11,6652.083339865001,6652.083339865001,042c345cfe16
9,0.04,NHF,12,6652.083339865001,6652.083339865001,042c345cfe16
9,0.04,NHF,13,25095.833310355,25095.833310355003,042c345cfe16
9,0.04,NHF,14,6652.083339865001,6652.083339865001,042c345cfe16
9,0.04,NHF,15,10350.000018365,10350.000018365,042c345cfe16
9,0.04,NDY,1,13411.314916956197,13411.314916956197,042c345cfe16
9,0.04,NDY,2,13411.314916956197,13172.09380072423,042c345cfe16
9,0.04,NDY,3,13411.314916956195,12973.702042495941,042c345cfe16
9,0.04,NDY,4,13411.314916956198,12826.74826018748,042c345cfe16
9,0.04,NDY,5,13411.314916956198,12639.856998407602,042c345cfe16
9,0.04,NDY,6,13411.314916956198,12545.472083713023,042c345cfe16
9,0.04,NDY,7,13411.314916956198,12462.41494900569,042c345cfe16
9,0.04,NDY,8,13411.3149169562,12434.665439265187,042c345cfe16
9,0.04,NDY,9,13411.314916956195,12404.00362674497,042c345cfe16
9,0.04,NDY,10,13411.314916956195,12378.352642965823,042c345cfe16
9,0.04,NDY,11,13411.314916956198,12308.191495232259,042c345cfe16
9,0.04,NDY,12,13411.314916956198,12248.852557651155,042c345cfe16
9,0.04,NDY,13,13411.314916956195,12187.717900326264,042c345cfe16
9,0.04,NDY,14,13411.314916956195,12114.44270041399,042c345cfe16
9,0.04,NDY,15,13411.314916956198,12057.625170718104,042c345cfe16
9,0.04,-10%,1,20030.58283133692,20030.58283133692,042c345cfe16
9,0.04,-10%,2,18027.52454820323,18021.638751267175,042c345cfe16
9,0.04,-10%,3,16224.77209338291,16219.474872921151,042c345cfe16
9,0.04,-10%,4,14602.294884044615,14597.527389440955,042c345cfe16
9,0.04,-10%,5,13142.065395640155,13137.774648686725,042c345cfe16
9,0.04,-10%,6,11827.858856076138,11823.99718419,042c345cfe16
9,0.04,-10%,7,10645.072970468525,10645.072972099999,042c345cfe16
9,0.04,-10%,8,11260.135365716476,11098.962330524999,042c345cfe16
9,0.04,-10%,9,13973.29341975076,14091.979922425002,042c345cfe16
9,0.04,-10%,10,12575.964077775687,12682.781933725,042c345cfe16
9,0.04,-10%,11,11318.367669998115,11414.50374012,042c345cfe16
9,0.04,-10%,12,11697.999881270443,11537.532486085001,042c345cfe16
9,0.04,-10%,13,12183.31866943519,12107.806005634164,042c345cfe16
9,0.04,-10%,14,10964.986802491672,10897.025402529998,042c345cfe16
9,0.04,-10%,15,10586.42976712274,10431.880052638226,042c345cfe16
9,0.04,-20%,1,24747.610658234058,24747.610658234058,042c345cfe16
9,0.04,-20%,2,19798.088526587242,19796.315268547238,042c345cfe16
9,0.04,-20%,3,15838.470821269799,15836.344609001204,042c345cfe16
9,0.04,-20%,4,12670.776657015838,12669.075688186636,042c345cfe16
9,0.04,-20%,5,10136.621325612672,10135.260550278006,042c345cfe16
9,0.04,-20%,6,8109.297060490137,8108.208436895001,042c345cfe16
9,0.04,-20%,7,10162.398965987184,10162.39896858,042c345cfe16
9,0.04,-20%,8,14901.442980516134,14837.102741564999,042c345cfe16
9,0.04,-20%,9,16085.60659763238,16134.762662365003,042c345cfe16
9,0.04,-20%,10,12868.485278105905,12907.810127020002,042c345cfe16
9,0.04,-20%,11,10294.788222484724,10359.020295565002,042c345cfe16
9,0.04,-20%,12,9095.611346453677,8988.237330085,042c345cfe16
9,0.04,-20%,13,10162.398965987184,10181.40023458,042c345cfe16
9,0.04,-20%,14,12748.178843503,12683.838604665001,042c345cfe16
9,0.04,-20%,15,12261.78738218551,11597.646628141185,042c345cfe16
9,0.04,+/-10%,1,20028.722291724887,20028.722291724887,042c345cfe16
9,0.04,+/-10%,2,18025.850062552465,18025.706442559454,042c345cfe16
9,0.04,+/-10%,3,16223.265056297196,16223.13579746792,042c345cfe16
9,0.04,+/-10%,4,14600.938550667477,14596.003184617599,042c345cfe16
9,0.04,+/-10%,5,13140.844695600721,13136.402874588115,042c345cfe16
9,0.04,+/-10%,6,11826.760226040653,11822.762574890003,042c345cfe16
9,0.04,+/-10%,7,10721.520165491565,10721.52016276,042c345cfe16
9,0.04,+/-10%,8,11793.672182040773,11793.672178,042c345cfe16
9,0.04,+/-10%,9,12973.039400244847,12973.03939572,042c345cfe16
9,0.04,+/-10%,10,12551.851498068141,12483.230729545001,042c345cfe16
9,0.04,+/-10%,11,11296.666348261333,11234.907654945,042c345cfe16
9,0.04,+/-10%,12,12134.083790873348,12264.463264009999,042c345cfe16
9,0.04,+/-10%,13,12388.902646317001,12106.922980085223,042c345cfe16
9,0.04,+/-10%,14,11150.012381685323,10896.230683097881,042c345cfe16
9,0.04,+/-10%,15,10035.011143516775,9806.607615540392,042c345cfe16
9,0.04,+/-20%,1,24750.099173883442,24750.099173883442,042c345cfe16
9,0.04,+/-20%,2,19800.079339106753,19757.667611103658,042c345cfe16
9,0.04,+/-20%,3,15840.0634712854,15806.134086913677,042c345cfe16
9,0.04,+/-20%,4,12672.050777028322,12644.907271218333,042c345cfe16
9,0.04,+/-20%,5,10137.64062162266,10115.925819861612,042c345cfe16
9,0.04,+/-20%,6,8114.356674141476,8114.356673935001,042c345cfe16
9,0.04,+/-20%,7,9737.22800896977,9737.22801056,042c345cfe16
9,0.04,+/-20%,8,11684.673610763723,13036.125926915,042c345cfe16
9,0.04,+/-20%,9,14021.608332916465,17501.645852387068,042c345cfe16
9,0.04,+/-20%,10,16825.929999499764,14001.316683086294,042c345cfe16
9,0.04,+/-20%,11,13460.743999599803,11201.053347970188,042c345cfe16
9,0.04,+/-20%,12,10768.595199679847,8960.842676855,042c345cfe16
9,0.04,+/-20%,13,9737.22800896977,9737.22801056,042c345cfe16
9,0.04,+/-20%,14,10205.506939363724,11556.959255514997,042c345cfe16
9,0.04,+/-20%,15,8248.95834441,10045.929917565001,042c345cfe16
9,0.06,NHF,1,50845.57293750499,50845.57293750499,042c345cfe16
9,0.06,NHF,2,6652.083339865001,6652.083339865001,042c345cfe16
9,0.06,NHF,3,6652.083339865001,6652.083339865001,042c345cfe16
9,0.06,NHF,4,6652.083339865001,6652.083339865001,042c345cfe16
9,0.06,NHF,5,6652.083339865001,6652.083339865001,042c345cfe16
9,0.06,NHF,6,6652.083339865001,6652.083339865001,042c345cfe16
9,0.06,NHF,7,25095.833310355,25095.833310355003,042c345cfe16
9,0.06,NHF,8,10350.000018365,10350.000018365,042c345cfe16
9,0.06,NHF,9,18006.250042865002,18006.250042865002,042c345cfe16
9,0.06,NHF,10,6652.083339865001,6652.083339865001,042c345cfe16
9,0.06,NHF,11,6652.083339865001,6652.083339865001,042c345cfe16
9,0.06,NHF,12,6652.083339865001,6652.083339865001,042c345cfe16
9,0.06,NHF,13,25095.833310355,25095.833310355003,042c345cfe16
9,0.06,NHF,14,6652.083339865001,6652.083339865001,042c345cfe16
9,0.06,NHF,15,10350.000018365,10350.000018365,042c345cfe16
9,0.06,NDY,1,13232.841858571626,13232.841858571626,042c345cfe16
9,0.06,NDY,2,13232.841858571626,13047.911575551569,042c345cfe16
9,0.06,NDY,3,13232.841858571624,12920.633893993463,042c345cfe16
9,0.06,NDY,4,13232.841858571624,12825.91193953701,042c345cfe16
9,0.06,NDY,5,13232.841858571624,12723.677549646845,042c345cfe16
9,0.06,NDY,6,13232.841858571624,12640.568988520703,042c345cfe16
9,0.06,NDY,7,13232.841858571628,12546.930741313663,042c345cfe16
9,0.06,NDY,8,13232.841858571624,12491.203567791374,042c345cfe16
9,0.06,NDY,9,13232.841858571624,12413.587843677993,042c345cfe16
9,0.06,NDY,10,13232.841858571624,12309.139138627565,042c345cfe16
9,0.06,NDY,11,13232.841858571624,12246.998812540527,042c345cfe16
9,0.06,NDY,12,13232.841858571624,12200.520793202179,042c345cfe16
9,0.06,NDY,13,13232.84185857162,12164.686820976971,042c345cfe16
9,0.06,NDY,14,13232.84185857162,12153.626087220364,042c345cfe16
9,0.06,NDY,15,13232.84185857162,12152.501769959748,042c345cfe16
9,0.06,-10%,1,19868.996204551193,19868.996204551193,042c345cfe16
9,0.06,-10%,2,17882.09658409607,17856.43339885701,042c345cfe16
9,0.06,-10%,3,16093.886925686464,16037.430202552692,042c345cfe16
9,0.06,-10%,4,14484.498233117814,14433.68718376218,042c345cfe16
9,0.06,-10%,5,13036.048409806033,12990.318466693152,042c345cfe16
9,0.06,-10%,6,11732.44356882543,11691.28661911,042c345cfe16
9,0.06,-10%,7,10559.19921194289,10544.04535655478,042c345cfe16
9,0.06,-10%,8,9503.2792907486,9489.640824635,042c345cfe16
9,0.06,-10%,9,11755.277778129494,10702.009338175,042c345cfe16
9,0.06,-10%,10,14950.364613339527,15394.512256078391,042c345cfe16
9,0.06,-10%,11,13455.328152005575,13855.061031703019,042c345cfe16
9,0.06,-10%,12,12109.795336805022,12469.554927238092,042c345cfe16
9,0.06,-10%,13,10898.815803124518,11222.599434063512,042c345cfe16
9,0.06,-10%,14,9808.934222812068,10100.339487084999,042c345cfe16
9,0.06,-10%,15,12620.393994227023,10206.95152381636,042c345cfe16
9,0.06,-20%,1,24655.859908209623,24655.859908209623,042c345cfe16
9,0.06,-20%,2,19724.6879265677,19677.228459902966,042c345cfe16
9,0.06,-20%,3,15779.75034125416,15741.78276580307,042c345cfe16
9,0.06,-20%,4,12623.800273003326,12593.426213894068,042c345cfe16
9,0.06,-20%,5,10099.040218402664,10074.740969642138,042c345cfe16
9,0.06,-20%,6,8079.232174722131,8059.792776385001,042c345cfe16
9,0.06,-20%,7,7129.383157607422,7129.38315536,042c345cfe16
9,0.06,-20%,8,16273.485247817549,15762.566816605002,042c345cfe16
9,0.06,-20%,9,17405.720599627493,17662.85132392299,042c345cfe16
9,0.06,-20%,10,13924.576479701995,14130.28106061992,042c345cfe16
9,0.06,-20%,11,11139.661183761596,11304.224850232436,042c345cfe16
9,0.06,-20%,12,8911.728947009276,9043.379881658246,042c345cfe16
9,0.06,-20%,13,7129.383157607422,7234.70390576,042c345cfe16
9,0.06,-20%,14,13306.691540507156,12759.403712464693,042c345cfe16
9,0.06,-20%,15,10645.353232405723,10207.522973965,042c345cfe16
9,0.06,+/-10%,1,19875.897023263675,19875.897023263675,042c345cfe16
9,0.06,+/-10%,2,17888.307320937303,17867.32625400095,042c345cfe16
9,0.06,+/-10%,3,16099.476588843569,16066.913475354955,042c345cfe16
9,0.06,+/-10%,4,14489.528929959215,14460.222126395212,042c345cfe16
9,0.06,+/-10%,5,13040.576036963292,13014.199911342403,042c345cfe16
9,0.06,+/-10%,6,11736.518433266963,11712.779923844999,042c345cfe16
9,0.06,+/-10%,7,10562.866589940273,10557.656811873065,042c345cfe16
9,0.06,+/-10%,8,10278.111995228828,9949.851225445,042c345cfe16
9,0.06,+/-10%,9,11305.923194751711,10944.836350995,042c345cfe16
9,0.06,+/-10%,10,12436.515514226883,15164.71962547497,042c345cfe16
9,0.06,+/-10%,11,13680.16706564958,13648.247661413563,042c345cfe16
9,0.06,+/-10%,12,13515.30921014152,12283.422894734023,042c345cfe16
9,0.06,+/-10%,13,12163.778289127375,11055.080604665418,042c345cfe16
9,0.06,+/-10%,14,10947.400460214638,9949.57254523,042c345cfe16
9,0.06,+/-10%,15,12042.140506236097,10690.727321778926,042c345cfe16
9,0.06,+/-20%,1,24699.220101456092,24699.220101456092,042c345cfe16
9,0.06,+/-20%,2,19759.376081164875,19723.991896453845,042c345cfe16
9,0.06,+/-20%,3,15807.500864931899,15753.63134738362,042c345cfe16
9,0.06,+/-20%,4,12646.000691945523,12590.985185220703,042c345cfe16
9,0.06,+/-20%,5,10116.800553556419,10072.788142988422,042c345cfe16
9,0.06,+/-20%,6,8093.440442845136,8093.440447920001,042c345cfe16
9,0.06,+/-20%,7,9712.128531414162,9712.128534520001,042c345cfe16
9,0.06,+/-20%,8,11654.554237696993,13279.838108705,042c345cfe16
9,0.06,+/-20%,9,13985.46508523639,17408.778833371485,042c345cfe16
9,0.06,+/-20%,10,16782.55810228367,13927.023068437564,042c345cfe16
9,0.06,+/-20%,11,13532.206734562267,11141.618455951368,042c345cfe16
9,0.06,+/-20%,12,10825.765387649815,8913.29476491,042c345cfe16
9,0.06,+/-20%,13,9712.128531414162,9712.128534520001,042c345cfe16
9,0.06,+/-20%,14,9435.804230596994,11061.088101605,042c345cfe16
9,0.06,+/-20%,15,8988.54168011,10813.767553226953,042c345cfe16
10,0.0,NHF,1,11101.373170083334,11101.373170083334,042c345cfe16
10,0.0,NHF,2,0.0,0.0,042c345cfe16
10,0.0,NHF,3,18822.358799043333,0.0,042c345cfe16
10,0.0,NHF,4,3178.3661218975003,11320.853161507499,042c345cfe16
10,0.0,NHF,5,25410.939082375,31382.359674413332,042c345cfe16
10,0.0,NHF,6,6769.83172746,9088.5515159325,042c345cfe16
10,0.0,NHF,7,28654.40212509417,14639.114906293333,042c345cfe16
10,0.0,NHF,8,14039.820458907501,5298.889555837501,042c345cfe16
10,0.0,NHF,9,21438.71768811167,9279.454040193334,042c345cfe16
10,0.0,NHF,10,0.0,9904.295085258334,042c345cfe16
10,0.0,NHF,11,0.0,23635.0305351225,042c345cfe16
10,0.0,NHF,12,0.0,10616.3159925175,042c345cfe16
10,0.0,NHF,13,596.8959382200001,8673.260041045,042c345cfe16
10,0.0,NHF,14,0.0,900.0656345874999,042c345cfe16
10,0.0,NHF,15,89747.75711716751,2087.572576375,042c345cfe16
10,0.0,NDY,1,12502.431798351636,12502.431798351636,042c345cfe16
10,0.0,NDY,2,12502.431798351634,12367.785364218083,042c345cfe16
10,0.0,NDY,3,12502.431798351636,12270.602352680104,042c345cfe16
10,0.0,NDY,4,12502.431798351636,12166.863628237514,042c345cfe16
10,0.0,NDY,5,12502.431798351636,11963.008405817649,042c345cfe16
10,0.0,NDY,6,12502.431798351636,11849.031307569538,042c345cfe16
10,0.0,NDY,7,12502.431798351632,11795.151479824644,042c345cfe16
10,0.0,NDY,8,12502.431798351636,11541.264873832066,042c345cfe16
10,0.0,NDY,9,12502.431798351634,11487.794519220457,042c345cfe16
10,0.0,NDY,10,12502.431798351634,11506.444313943652,042c345cfe16
10,0.0,NDY,11,12502.431798351634,11403.90871457526,042c345cfe16
10,0.0,NDY,12,12502.431798351638,11371.264253637115,042c345cfe16
10,0.0,NDY,13,12502.431798351636,11190.603682363419,042c345cfe16
10,0.0,NDY,14,12502.431798351636,11251.552328189773,042c345cfe16
10,0.0,NDY,15,35681.54030874115,11189.171828699538,042c345cfe16
10,0.0,-10%,1,11785.49299376645,11785.49299376645,042c345cfe16
10,0.0,-10%,2,10606.943694389805,5182.763460381403,042c345cfe16
10,0.0,-10%,3,18733.75431647963,11610.533316216666,042c345cfe16
10,0.0,-10%,4,16860.37888483167,12401.542130910264,042c345cfe16
10,0.0,-10%,5,15174.340996348506,18792.613274981642,042c345cfe16
10,0.0,-10%,6,13656.906896713657,16739.600727655412,042c345cfe16
10,0.0,-10%,7,12291.216207042287,13346.510525441143,042c345cfe16
10,0.0,-10%,8,11062.094586338062,12176.574931787187,042c345cfe16
10,0.0,-10%,9,9955.885127704252,6287.533062408063,042c345cfe16
10,0.0,-10%,10,8960.296614933828,12835.1917204,042c345cfe16
10,0.0,-10%,11,8064.266953440448,12602.630241864115,042c345cfe16
10,0.0,-10%,12,7257.840258096403,9731.474790595,042c345cfe16
10,0.0,-10%,13,6532.056232286763,13283.262877161778,042c345cfe16
10,0.0,-10%,14,5878.850609058086,11061.359096328233,042c345cfe16
10,0.0,-10%,15,61186.009045127255,14203.009404543047,042c345cfe16
10,0.0,-20%,1,11101.373170083334,11101.373170083334,042c345cfe16
10,0.0,-20%,2,9090.632144238418,0.0,042c345cfe16
10,0.0,-20%,3,15496.517551609035,6726.9429216877825,042c345cfe16
10,0.0,-20%,4,12903.983166221195,13604.271332317281,042c345cfe16
10,0.0,-20%,5,21365.76802052951,25118.061124932614,042c345cfe16
10,0.0,-20%,6,17092.61441642361,19842.599674802877,042c345cfe16
10,0.0,-20%,7,13674.091533138888,12733.40994418724,042c345cfe16
10,0.0,-20%,8,10939.273226511112,13594.572416734854,042c345cfe16
10,0.0,-20%,9,8751.418581208894,5925.098940575703,042c345cfe16
10,0.0,-20%,10,7001.134864967111,7198.342656916059,042c345cfe16
10,0.0,-20%,11,5600.907891973689,11972.193386687637,042c345cfe16
10,0.0,-20%,12,4480.726313578952,13129.878758752502,042c345cfe16
10,0.0,-20%,13,3584.581050863162,8461.297967561204,042c345cfe16
10,0.0,-20%,14,4275.11197650861,5319.33153904,042c345cfe16
10,0.0,-20%,15,73149.47815536757,17684.370862697528,042c345cfe16
10,0.0,+/-10%,1,12218.409224482999,12218.409224482999,042c345cfe16
10,0.0,+/-10%,2,13440.250146931297,12623.194679741222,042c345cfe16
10,0.0,+/-10%,3,14784.275161624431,13024.115157140219,042c345cfe16
10,0.0,+/-10%,4,13895.318318095447,13860.609777234431,042c345cfe16
10,0.0,+/-10%,5,15284.850149904993,14505.736944866108,042c345cfe16
10,0.0,+/-10%,6,13756.365134914495,13730.375722809353,042c345cfe16
10,0.0,+/-10%,7,12380.728621423044,14103.718036022965,042c345cfe16
10,0.0,+/-10%,8,11204.60353642539,12428.53686761774,042c345cfe16
10,0.0,+/-10%,9,12325.063890067926,11546.887423873639,042c345cfe16
10,0.0,+/-10%,10,11671.142110902452,9806.132351377264,042c345cfe16
10,0.0,+/-10%,11,12838.256321992701,10440.468233427815,042c345cfe16
10,0.0,+/-10%,12,14122.08195419197,10547.188612207407,042c345cfe16
10,0.0,+/-10%,13,15534.290149611166,12782.28797193612,042c345cfe16
10,0.0,+/-10%,14,17087.71916457229,14189.266969494121,042c345cfe16
10,0.0,+/-10%,15,18796.491081029522,12583.45823314329,042c345cfe16
10,0.0,+/-20%,1,10453.979815484377,10453.979815484377,042c345cfe16
10,0.0,+/-20%,2,12544.775778581252,11377.164397511087,042c345cfe16
10,0.0,+/-20%,3,15053.730934297497,12690.689587728746,042c345cfe16
10,0.0,+/-20%,4,14607.849349242508,14576.105952397824,042c345cfe16
10,0.0,+/-20%,5,17529.419219091007,17188.69767528796,042c345cfe16
10,0.0,+/-20%,6,14023.535375272799,14835.590366527156,042c345cfe16
10,0.0,+/-20%,7,11218.828300218242,14320.432762253107,042c345cfe16
10,0.0,+/-20%,8,13084.281404635522,13799.145271278434,042c345cfe16
10,0.0,+/-20%,9,11490.80330693636,10222.996352718155,042c345cfe16
10,0.0,+/-20%,10,9192.642645549087,11250.05656394255,042c345cfe16
10,0.0,+/-20%,11,11031.1711746589,8252.820026993197,042c345cfe16
10,0.0,+/-20%,12,13237.40540959068,9406.86131474242,042c345cfe16
10,0.0,+/-20%,13,15884.886491508816,11731.330796715965,042c345cfe16
10,0.0,+/-20%,14,19061.863789810588,15566.148311646077,042c345cfe16
10,0.0,+/-20%,15,22874.2365477727,12722.385884810223,042c345cfe16
10,0.02,NHF,1,48015.31174187333,48015.31174187333,042c345cfe16
10,0.02,NHF,2,6638.7574063175,6638.7574063175,042c345cfe16
10,0.02,NHF,3,9310.240399014998,8924.638330734999,042c345cfe16
10,0.02,NHF,4,8072.72956553,8545.83259645,042c345cfe16
10,0.02,NHF,5,9676.885949305,9676.885949305,042c345cfe16
10,0.02,NHF,6,5620.05767879,5620.05767879,042c345cfe16
10,0.02,NHF,7,24649.208924885,24649.208924885,042c345cfe16
10,0.02,NHF,8,6694.106538920002,6694.10653892,042c345cfe16
10,0.02,NHF,9,16547.668233535,16162.066165254999,042c345cfe16
10,0.02,NHF,10,7142.84696207,7528.449030349999,042c345cfe16
10,0.02,NHF,11,7076.79412094,9753.153383164998,042c345cfe16
10,0.02,NHF,12,10133.327721265001,9319.0410596,042c345cfe16
10,0.02,NHF,13,18419.559749460004,25920.274583865,042c345cfe16
10,0.02,NHF,14,15298.077174904998,2729.1232384200002,042c345cfe16
10,0.02,NHF,15,11044.311791895001,10227.955020435,042c345cfe16
10,0.02,NDY,1,13654.38598116048,13654.38598116048,042c345cfe16
10,0.02,NDY,2,13654.385981160478,13463.736354557343,042c345cfe16
10,0.02,NDY,3,13654.385981160476,13192.431929579834,042c345cfe16
10,0.02,NDY,4,13654.385981160478,12942.017956436912,042c345cfe16
10,0.02,NDY,5,13654.38598116048,12785.668976874891,042c345cfe16
10,0.02,NDY,6,13654.385981160478,12652.825436823732,042c345cfe16
10,0.02,NDY,7,13654.385981160478,12548.870165735458,042c345cfe16
10,0.02,NDY,8,13654.385981160476,12493.496665410665,042c345cfe16
10,0.02,NDY,9,13654.385981160478,12483.849747935477,042c345cfe16
10,0.02,NDY,10,13654.385981160474,12443.591204057308,042c345cfe16
10,0.02,NDY,11,13654.385981160474,12386.917420768072,042c345cfe16
10,0.02,NDY,12,13654.385981160476,12296.606118917793,042c345cfe16
10,0.02,NDY,13,13654.385981160476,12255.051961505877,042c345cfe16
10,0.02,NDY,14,13654.385981160474,12195.773104651604,042c345cfe16
10,0.02,NDY,15,13654.385981160473,12173.913937941557,042c345cfe16
10,0.02,-10%,1,20237.610597953197,20237.610597953197,042c345cfe16
10,0.02,-10%,2,18213.84953815788,18207.838684391892,042c345cfe16
10,0.02,-10%,3,16392.464584342095,16366.509145539245,042c345cfe16
10,0.02,-10%,4,14753.218125907886,14695.596618844618,042c345cfe16
10,0.02,-10%,5,13277.8963133171,13218.298490351573,042c345cfe16
10,0.02,-10%,6,11950.106681985388,11896.468643197499,042c345cfe16
10,0.02,-10%,7,12163.852554600318,12020.430740386573,042c345cfe16
10,0.02,-10%,8,10947.467299140288,10818.387669,042c345cfe16
10,0.02,-10%,9,11854.607145719088,11013.99491651,042c345cfe16
10,0.02,-10%,10,10669.146431147177,12375.41629258,042c345cfe16
10,0.02,-10%,11,9602.23178803246,11642.552315789999,042c345cfe16
10,0.02,-10%,12,13332.012857006892,13216.464606829999,042c345cfe16
10,0.02,-10%,13,15351.036352989138,12634.050354547084,042c345cfe16
10,0.02,-10%,14,13815.932717690224,11370.645317460225,042c345cfe16
10,0.02,-10%,15,12434.339445921201,10233.580783550182,042c345cfe16
10,0.02,-20%,1,25069.694497381995,25069.694497381995,042c345cfe16
10,0.02,-20%,2,20055.755597905594,20035.291080912015,042c345cfe16
10,0.02,-20%,3,16044.60447832448,16005.4019324686,042c345cfe16
10,0.02,-20%,4,12835.683582659585,12802.626906650341,042c345cfe16
10,0.02,-20%,5,10268.546866127668,10234.793706651002,042c345cfe16
10,0.02,-20%,6,8214.837492902136,8187.8349653000005,042c345cfe16
10,0.02,-20%,7,13377.239987429224,13377.23998407,042c345cfe16
10,0.02,-20%,8,12344.149023094407,10701.79199007,042c345cfe16
10,0.02,-20%,9,13958.313891408603,15003.479554559059,042c345cfe16
10,0.02,-20%,10,11166.651113126884,12002.783643505,042c345cfe16
10,0.02,-20%,11,8933.320890501505,10407.42133135,042c345cfe16
10,0.02,-20%,12,9435.935066837525,11823.881572365,042c345cfe16
10,0.02,-20%,13,17420.2978568106,14102.464520555344,042c345cfe16
10,0.02,-20%,14,13936.23828544848,11281.971618554999,042c345cfe16
10,0.02,-20%,15,11148.990628358784,9065.234017205,042c345cfe16
10,0.02,+/-10%,1,20227.760904345694,20227.760904345694,042c345cfe16
10,0.02,+/-10%,2,18204.98481391113,18205.20069001342,042c345cfe16
10,0.02,+/-10%,3,16384.48633252002,16380.770332851243,042c345cfe16
10,0.02,+/-10%,4,14746.037699268018,14730.758491812365,042c345cfe16
10,0.02,+/-10%,5,13271.433929341214,13257.682642363894,042c345cfe16
10,0.02,+/-10%,6,11944.290536407092,11931.9143824775,042c345cfe16
10,0.02,+/-10%,7,12157.59306660884,12068.026946208944,042c345cfe16
10,0.02,+/-10%,8,10941.83375994796,10861.224253740002,042c345cfe16
10,0.02,+/-10%,9,12013.42355561287,11340.697545865,042c345cfe16
10,0.02,+/-10%,10,10812.081200051582,12027.520014235,042c345cfe16
10,0.02,+/-10%,11,10657.324821549602,11493.765007439999,042c345cfe16
10,0.02,+/-10%,12,11723.057303704558,12240.78735046,042c345cfe16
10,0.02,+/-10%,13,12895.363034075019,13080.295005434922,042c345cfe16
10,0.02,+/-10%,14,14184.89933748252,11555.206339644881,042c345cfe16
10,0.02,+/-10%,15,15603.389271230768,10401.7127282848,042c345cfe16
10,0.02,+/-20%,1,24847.60187503839,24847.60187503839,042c345cfe16
10,0.02,+/-20%,2,19878.081500030712,19923.264547840896,042c345cfe16
10,0.02,+/-20%,3,15902.46520002457,15946.142713829147,042c345cfe16
10,0.02,+/-20%,4,12721.972160019657,12765.370131371197,042c345cfe16
10,0.02,+/-20%,5,10177.577728015729,10027.455104291474,042c345cfe16
10,0.02,+/-20%,6,9446.454654194547,9142.2809767825,042c345cfe16
10,0.02,+/-20%,7,11335.745585033457,11565.127447095556,042c345cfe16
10,0.02,+/-20%,8,13602.89470204015,12435.615067679999,042c345cfe16
10,0.02,+/-20%,9,14561.728942782109,14922.738081671594,042c345cfe16
10,0.02,+/-20%,10,11649.383154225688,11938.190465829999,042c345cfe16
10,0.02,+/-20%,11,9319.506523380549,10348.589053095,042c345cfe16
10,0.02,+/-20%,12,11183.407828056661,12418.306859205,042c345cfe16
10,0.02,+/-20%,13,13420.089393667991,13491.844963885002,042c345cfe16
10,0.02,+/-20%,14,11754.102047962642,11012.33302165,042c345cfe16
10,0.02,+/-20%,15,14104.922457555167,9005.743127790001,042c345cfe16
10,0.04,NHF,1,49641.30665560585,49641.30665560585,042c345cfe16
10,0.04,NHF,2,6719.769365464999,6719.769365464999,042c345cfe16
10,0.04,NHF,3,6836.678579879999,6836.678579879999,042c345cfe16
10,0.04,NHF,4,10212.637892735,10212.637892735,042c345cfe16
10,0.04,NHF,5,7051.388840309999,7051.388840309999,042c345cfe16
10,0.04,NHF,6,5620.05767879,5620.05767879,042c345cfe16
10,0.04,NHF,7,25000.295038505,25000.295038505003,042c345cfe16
10,0.04,NHF,8,7667.616533465002,7667.616533465,042c345cfe16
10,0.04,NHF,9,16422.69530962,16422.69530962,042c345cfe16
10,0.04,NHF,10,8695.782691024999,8695.782691024999,042c345cfe16
10,0.04,NHF,11,7000.59446996,7000.59446996,042c345cfe16
10,0.04,NHF,12,9319.0410596,9319.0410596,042c345cfe16
10,0.04,NHF,13,26271.360697485,26271.360697485004,042c345cfe16
10,0.04,NHF,14,3702.6332329649995,3702.6332329649995,042c345cfe16
10,0.04,NHF,15,9288.960980550004,9288.96098055,042c345cfe16
10,0.04,NDY,1,13492.751527709754,13492.751527709754,042c345cfe16
10,0.04,NDY,2,13492.751527709754,13259.585460303982,042c345cfe16
10,0.04,NDY,3,13492.751527709755,12976.126513593821,042c345cfe16
10,0.04,NDY,4,13492.751527709752,12793.408793322697,042c345cfe16
10,0.04,NDY,5,13492.751527709754,12639.529738171415,042c345cfe16
10,0.04,NDY,6,13492.751527709755,12514.059478139467,042c345cfe16
10,0.04,NDY,7,13492.751527709755,12439.42115220097,042c345cfe16
10,0.04,NDY,8,13492.75152770976,12408.269793933334,042c345cfe16
10,0.04,NDY,9,13492.751527709743,12390.370719785868,042c345cfe16
10,0.04,NDY,10,13492.75152770976,12378.60124855762,042c345cfe16
10,0.04,NDY,11,13492.751527709755,12296.95749608305,042c345cfe16
10,0.04,NDY,12,13492.75152770976,12225.415474160505,042c345cfe16
10,0.04,NDY,13,13492.751527709757,12174.13727458148,042c345cfe16
10,0.04,NDY,14,13492.75152770976,12098.602531648126,042c345cfe16
10,0.04,NDY,15,13492.751527709754,12045.413090648059,042c345cfe16
10,0.04,-10%,1,20267.85859464802,20267.85859464802,042c345cfe16
10,0.04,-10%,2,18241.072735183214,18241.072736304654,042c345cfe16
10,0.04,-10%,3,16416.9654616649,16407.095078838305,042c345cfe16
10,0.04,-10%,4,14775.268915498407,14763.899124942145,042c345cfe16
10,0.04,-10%,5,13297.742023948567,13287.01956128812,042c345cfe16
10,0.04,-10%,6,11967.96782155371,11958.317605370834,042c345cfe16
10,0.04,-10%,7,10771.17103939834,10771.171038589999,042c345cfe16
10,0.04,-10%,8,9694.053935458505,9694.053939115001,042c345cfe16
10,0.04,-10%,9,13933.472609970764,13690.502612545,042c345cfe16
10,0.04,-10%,10,12540.125348973686,12730.025272349998,042c345cfe16
10,0.04,-10%,11,11286.112814076318,11725.727898619998,042c345cfe16
10,0.04,-10%,12,13524.090368421315,13166.82221938634,042c345cfe16
10,0.04,-10%,13,12171.681331579182,11850.139998193774,042c345cfe16
10,0.04,-10%,14,10954.513198421262,10665.125999502547,042c345cfe16
10,0.04,-10%,15,9859.061878579138,9598.613398814496,042c345cfe16
10,0.04,-20%,1,25057.398530820912,25057.398530820912,042c345cfe16
10,0.04,-20%,2,20045.918824656732,20026.402016817225,042c345cfe16
10,0.04,-20%,3,16036.735059725386,16021.12161291214,042c345cfe16
10,0.04,-20%,4,12829.388047780314,12816.897292341611,042c345cfe16
10,0.04,-20%,5,10263.510438224248,10253.51783435614,042c345cfe16
10,0.04,-20%,6,8210.8083505794,8202.81427124,042c345cfe16
10,0.04,-20%,7,11332.301818901582,11332.301818449998,042c345cfe16
10,0.04,-20%,8,12812.952613950321,12373.543205115002,042c345cfe16
10,0.04,-20%,9,15361.653914583154,15584.351902741346,042c345cfe16
10,0.04,-20%,10,12289.323131666524,12467.48151894,042c345cfe16
10,0.04,-20%,11,9831.45850533322,9973.985216735,042c345cfe16
10,0.04,-20%,12,11592.273138889574,12236.159793564999,042c345cfe16
10,0.04,-20%,13,13100.784591675716,12468.208461598346,042c345cfe16
10,0.04,-20%,14,10480.627673340578,9974.566767105,042c345cfe16
10,0.04,-20%,15,12609.590304228956,11103.794201506435,042c345cfe16
10,0.04,+/-10%,1,20251.363392115592,20251.363392115592,042c345cfe16
10,0.04,+/-10%,2,18226.227052904036,18214.77386160375,042c345cfe16
10,0.04,+/-10%,3,16403.60434761364,16388.44253716042,042c345cfe16
10,0.04,+/-10%,4,14763.243912852275,14743.597254915188,042c345cfe16
10,0.04,+/-10%,5,13286.91952156705,13267.686525889205,042c345cfe16
10,0.04,+/-10%,6,11958.227569410341,11940.917874046667,042c345cfe16
10,0.04,+/-10%,7,10762.404812469307,10762.404812029998,042c345cfe16
10,0.04,+/-10%,8,11039.229616560155,10745.02692453,042c345cfe16
10,0.04,+/-10%,9,12143.15257821617,11819.52961433,042c345cfe16
10,0.04,+/-10%,10,11868.655813427697,12971.419288079998,042c345cfe16
10,0.04,+/-10%,11,12460.29751923993,11875.719292265,042c345cfe16
10,0.04,+/-10%,12,13706.327271163926,13143.272723425896,042c345cfe16
10,0.04,+/-10%,13,12398.43351976777,11828.945450161891,042c345cfe16
10,0.04,+/-10%,14,11158.590167791,10364.47685558284,042c345cfe16
10,0.04,+/-10%,15,10042.7311510119,9757.666698425115,042c345cfe16
10,0.04,+/-20%,1,25025.0889857276,25025.0889857276,042c345cfe16
10,0.04,+/-20%,2,20020.07118858209,20016.31486084574,042c345cfe16
10,0.04,+/-20%,3,16016.05695086567,16012.9879641756,042c345cfe16
10,0.04,+/-20%,4,12812.845560692542,12810.390370473258,042c345cfe16
10,0.04,+/-20%,5,10250.27644855403,10248.312297664632,042c345cfe16
10,0.04,+/-20%,6,8200.221158843226,8200.22116397,042c345cfe16
10,0.04,+/-20%,7,9840.265390611868,9840.265394270002,042c345cfe16
10,0.04,+/-20%,8,11808.31846873424,12713.074021465,042c345cfe16
10,0.04,+/-20%,9,14169.982162481087,16493.09800695473,042c345cfe16
10,0.04,+/-20%,10,15566.13748506523,13194.478406321105,042c345cfe16
10,0.04,+/-20%,11,12452.909988052175,10555.58272131,042c345cfe16
10,0.04,+/-20%,12,11934.10130635407,11811.01310112,042c345cfe16
10,0.04,+/-20%,13,11087.129369771423,11111.331053249998,042c345cfe16
10,0.04,+/-20%,14,8869.70349581714,9744.765518164999,042c345cfe16
10,0.04,+/-20%,15,10258.493259281235,10284.355707508224,042c345cfe16
10,0.06,NHF,1,49641.30665560585,49641.30665560585,042c345cfe16
10,0.06,NHF,2,6719.769365464999,6719.769365464999,042c345cfe16
10,0.06,NHF,3,6836.678579879999,6836.678579879999,042c345cfe16
10,0.06,NHF,4,10212.637892735,10212.637892735,042c345cfe16
10,0.06,NHF,5,7051.388840309999,7051.388840309999,042c345cfe16
10,0.06,NHF,6,5620.05767879,5620.05767879,042c345cfe16
10,0.06,NHF,7,25000.295038505,25000.295038505003,042c345cfe16
10,0.06,NHF,8,7667.616533465002,7667.616533465,042c345cfe16
10,0.06,NHF,9,16422.69530962,16422.69530962,042c345cfe16
10,0.06,NHF,10,8695.782691024999,8695.782691024999,042c345cfe16
10,0.06,NHF,11,7000.59446996,7000.59446996,042c345cfe16
10,0.06,NHF,12,9319.0410596,9319.0410596,042c345cfe16
10,0.06,NHF,13,26271.360697485,26271.360697485004,042c345cfe16
10,0.06,NHF,14,3702.6332329649995,3702.6332329649995,042c345cfe16
10,0.06,NHF,15,9288.960980550004,9288.96098055,042c345cfe16
10,0.06,NDY,1,13289.454305143163,13289.454305143163,042c345cfe16
10,0.06,NDY,2,13289.454305143161,13101.33140768615,042c345cfe16
10,0.06,NDY,3,13289.454305143165,12893.981863328407,042c345cfe16
10,0.06,NDY,4,13289.454305143168,12794.973415970353,042c345cfe16
10,0.06,NDY,5,13289.45430514317,12688.59635099579,042c345cfe16
10,0.06,NDY,6,13289.454305143172,12585.481359394666,042c345cfe16
10,0.06,NDY,7,13289.45430514317,12511.929579806354,042c345cfe16
10,0.06,NDY,8,13289.454305143172,12472.143115065337,042c345cfe16
10,0.06,NDY,9,13289.454305143165,12424.939214374524,042c345cfe16
10,0.06,NDY,10,13289.454305143166,12333.032409887513,042c345cfe16
10,0.06,NDY,11,13289.454305143166,12253.888502103417,042c345cfe16
10,0.06,NDY,12,13289.454305143168,12200.70454757653,042c345cfe16
10,0.06,NDY,13,13289.454305143166,12157.456374405816,042c345cfe16
10,0.06,NDY,14,13289.454305143166,12129.305527763589,042c345cfe16
10,0.06,NDY,15,13289.454305143168,12121.407029476384,042c345cfe16
10,0.06,-10%,1,20132.088212440518,20132.088212440518,042c345cfe16
10,0.06,-10%,2,18118.87939119647,18109.093194167555,042c345cfe16
10,0.06,-10%,3,16306.991452076823,16269.689911492944,042c345cfe16
10,0.06,-10%,4,14676.292306869142,14584.84136658234,042c345cfe16
10,0.06,-10%,5,13208.663076182225,13126.357233057335,042c345cfe16
10,0.06,-10%,6,11887.796768564003,11813.7215097775,042c345cfe16
10,0.06,-10%,7,10699.017091707601,10693.238439430499,042c345cfe16
10,0.06,-10%,8,9629.115382536842,9623.91459904,042c345cfe16
10,0.06,-10%,9,10274.679357700013,9825.123210495001,042c345cfe16
10,0.06,-10%,10,15280.62015251832,15036.093600650001,042c345cfe16
10,0.06,-10%,11,13752.558137266487,14172.138108428666,042c345cfe16
10,0.06,-10%,12,12426.239429280053,12754.924296270518,042c345cfe16
10,0.06,-10%,13,11183.615486352048,11479.431866877416,042c345cfe16
10,0.06,-10%,14,10065.253937716841,10331.488680055,042c345cfe16
10,0.06,-10%,15,12036.030404072551,10139.1934667584,042c345cfe16
10,0.06,-20%,1,24984.885724025386,24984.885724025386,042c345cfe16
10,0.06,-20%,2,19987.908579220315,19910.474590521982,042c345cfe16
10,0.06,-20%,3,15990.326863376255,15928.379672612422,042c345cfe16
10,0.06,-20%,4,12792.261490701003,12742.703736565207,042c345cfe16
10,0.06,-20%,5,10233.8091925608,10194.16298915959,042c345cfe16
10,0.06,-20%,6,8187.047354048642,8155.3303915199995,042c345cfe16
10,0.06,-20%,7,8240.474735705162,8240.47473897,042c345cfe16
10,0.06,-20%,8,14694.58654075144,13914.622781735,042c345cfe16
10,0.06,-20%,9,16483.824996344047,17091.81398418791,042c345cfe16
10,0.06,-20%,10,13187.059997075236,13673.451186973767,042c345cfe16
10,0.06,-20%,11,10549.64799766019,10938.76095197,042c345cfe16
10,0.06,-20%,12,11803.129648051892,11191.294853945,042c345cfe16
10,0.06,-20%,13,9511.540394685162,9511.54039795,042c345cfe16
10,0.06,-20%,14,11170.583977551438,10390.620218535,042c345cfe16
10,0.06,-20%,15,10865.912372824045,10275.74136539,042c345cfe16
10,0.06,+/-10%,1,20148.794900013665,20148.794900013665,042c345cfe16
10,0.06,+/-10%,2,18133.915410012305,18107.81324534985,042c345cfe16
10,0.06,+/-10%,3,16320.523869011075,16291.005352539965,042c345cfe16
10,0.06,+/-10%,4,14688.47148210997,14604.157925030186,042c345cfe16
10,0.06,+/-10%,5,13219.624333898972,13143.742134085669,042c345cfe16
10,0.06,+/-10%,6,11897.661900509074,11829.367919514167,042c345cfe16
10,0.06,+/-10%,7,10707.895710458166,10707.89570817,042c345cfe16
10,0.06,+/-10%,8,9854.90778685852,9794.87119578,042c345cfe16
10,0.06,+/-10%,9,10840.398565544372,10774.35831379,042c345cfe16
10,0.06,+/-10%,10,11924.438422098809,13730.059331110002,042c345cfe16
10,0.06,+/-10%,11,13116.882264308691,14203.913829642675,042c345cfe16
10,0.06,+/-10%,12,14428.57049073956,12783.522448015668,042c345cfe16
10,0.06,+/-10%,13,12985.713441665606,11505.170204004631,042c345cfe16
10,0.06,+/-10%,14,11687.142097499043,10354.653184519999,042c345cfe16
10,0.06,+/-10%,15,12326.363687353456,10203.620596204259,042c345cfe16
10,0.06,+/-20%,1,24996.259494203998,24996.259494203998,042c345cfe16
10,0.06,+/-20%,2,19997.007595363193,19941.47244429444,042c345cfe16
10,0.06,+/-20%,3,15997.60607629056,15927.549991672518,042c345cfe16
10,0.06,+/-20%,4,12798.08486103245,12742.039990880217,042c345cfe16
10,0.06,+/-20%,5,10238.46788882596,10162.314316124177,042c345cfe16
10,0.06,+/-20%,6,8190.774311060768,8190.77430981,042c345cfe16
10,0.06,+/-20%,7,9828.929173272925,9828.929176430001,042c345cfe16
10,0.06,+/-20%,8,11794.715007927505,12256.138601895,042c345cfe16
10,0.06,+/-20%,9,14153.658009513008,16946.57061557933,042c345cfe16
10,0.06,+/-20%,10,15672.158860459445,13557.256495062311,042c345cfe16
10,0.06,+/-20%,11,12537.727088367556,10845.80519274,042c345cfe16
10,0.06,+/-20%,12,11805.78188075009,11216.517983360001,042c345cfe16
10,0.06,+/-20%,13,10933.908048358417,11099.99483541,042c345cfe16
10,0.06,+/-20%,14,8747.12643868673,9004.774774894999,042c345cfe16
10,0.06,+/-20%,15,10496.551726424075,10886.62141652593,042c345cfe16
11,0.0,NHF,1,6144.780071857501,6144.780071857501,042c345cfe16
11,0.0,NHF,2,0.0,651.556672425,042c345cfe16
11,0.0,NHF,3,11087.697419248334,2627.7941186049998,042c345cfe16
11,0.0,NHF,4,3849.7776144725,6626.754028717977,042c345cfe16
11,0.0,NHF,5,24198.993254214773,27478.68027297065,042c345cfe16
11,0.0,NHF,6,7065.9620009525,8165.176638891667,042c345cfe16
11,0.0,NHF,7,27281.21039783167,8806.701284775272,042c345cfe16
11,0.0,NHF,8,14935.0476793305,14389.050006689045,042c345cfe16
11,0.0,NHF,9,9870.770566471667,10146.69242925144,042c345cfe16
11,0.0,NHF,10,723.4636091299999,7042.379807303197,042c345cfe16
11,0.0,NHF,11,1011.94135383,10300.937585878784,042c345cfe16
11,0.0,NHF,12,1045.91952345,7357.904664871592,042c345cfe16
11,0.0,NHF,13,3422.53922633,13517.100830170137,042c345cfe16
11,0.0,NHF,14,2414.139429189091,5765.44042060109,042c345cfe16
11,0.0,NHF,15,82165.89540947197,8751.13204189432,042c345cfe16
11,0.0,NDY,1,9844.36621897966,9844.36621897966,042c345cfe16
11,0.0,NDY,2,11134.04870349583,11111.24827406744,042c345cfe16
11,0.0,NDY,3,11134.04870349583,10727.244557520295,042c345cfe16
11,0.0,NDY,4,11134.04870349583,10405.201099860571,042c345cfe16
11,0.0,NDY,5,11134.04870349583,10083.16483081134,042c345cfe16
11,0.0,NDY,6,11134.04870349583,10192.97227835251,042c345cfe16
11,0.0,NDY,7,11134.04870349583,10317.93527310918,042c345cfe16
11,0.0,NDY,8,11134.048703495833,10399.99554425002,042c345cfe16
11,0.0,NDY,9,11134.048703495833,10319.864563894047,042c345cfe16
11,0.0,NDY,10,11134.04870349583,10042.443297111648,042c345cfe16
11,0.0,NDY,11,11134.048703495833,9732.432035105125,042c345cfe16
11,0.0,NDY,12,11134.048703495831,9762.75705229258,042c345cfe16
11,0.0,NDY,13,11134.048703495833,10010.483296720558,042c345cfe16
11,0.0,NDY,14,11134.048703495828,10023.787459156854,042c345cfe16
11,0.0,NDY,15,39371.59655038241,10243.890702593231,042c345cfe16
11,0.0,-10%,1,3561.821814672659,3561.821814672659,042c345cfe16
11,0.0,-10%,2,3205.6396332053932,5693.6887914750005,042c345cfe16
11,0.0,-10%,3,16060.920500412147,2672.1357412035,042c345cfe16
11,0.0,-10%,4,16923.88721218452,11332.003688129009,042c345cfe16
11,0.0,-10%,5,15231.498490966069,18708.82029398973,042c345cfe16
11,0.0,-10%,6,13708.348641869461,15365.19495238212,042c345cfe16
11,0.0,-10%,7,12337.513777682514,14294.138361495132,042c345cfe16
11,0.0,-10%,8,11103.762399914263,13800.433258661054,042c345cfe16
11,0.0,-10%,9,9993.386159922837,9999.14936967699,042c345cfe16
11,0.0,-10%,10,8994.047543930554,7705.197057850834,042c345cfe16
11,0.0,-10%,11,8094.642789537497,9082.59928738968,042c345cfe16
11,0.0,-10%,12,7285.178510583747,11202.275424938889,042c345cfe16
11,0.0,-10%,13,6556.6606595253725,5157.004378778782,042c345cfe16
11,0.0,-10%,14,5900.9945935728365,6906.989381202,042c345cfe16
11,0.0,-10%,15,56440.42676751776,10966.531515606566,042c345cfe16
11,0.0,-20%,1,3458.418009609722,3458.418009609722,042c345cfe16
11,0.0,-20%,2,2766.734407687778,2933.245796643908,042c345cfe16
11,0.0,-20%,3,11593.188336632778,3177.727895665,042c345cfe16
11,0.0,-20%,4,12001.418304235638,6626.754028717977,042c345cfe16
11,0.0,-20%,5,21138.31865391838,25874.21341800138,042c345cfe16
11,0.0,-20%,6,16910.6549231347,16575.39664978273,042c345cfe16
11,0.0,-20%,7,13528.523938507762,10804.782166358682,042c345cfe16
11,0.0,-20%,8,10822.819150806212,14898.071569395295,042c345cfe16
11,0.0,-20%,9,8658.255320644968,10883.713268763284,042c345cfe16
11,0.0,-20%,10,6926.604256515975,7049.394503880833,042c345cfe16
11,0.0,-20%,11,5541.283405212781,11496.930438599105,042c345cfe16
11,0.0,-20%,12,4433.026724170224,9828.031353835,042c345cfe16
11,0.0,-20%,13,3546.4213793361787,6620.9451477866,042c345cfe16
11,0.0,-20%,14,7217.243936594464,6276.672878342227,042c345cfe16
11,0.0,-20%,15,66671.0351171724,8514.308027302724,042c345cfe16
11,0.0,+/-10%,1,9301.142962924194,9301.142962924194,042c345cfe16
11,0.0,+/-10%,2,10231.257259216616,10274.694682193742,042c345cfe16
11,0.0,+/-10%,3,11254.382985138278,10705.233857719728,042c345cfe16
11,0.0,+/-10%,4,12379.821283652105,10657.41977851385,042c345cfe16
11,0.0,+/-10%,5,13617.803412017318,13666.14742797254,042c345cfe16
11,0.0,+/-10%,6,12256.023070815583,12604.448214037942,042c345cfe16
11,0.0,+/-10%,7,11030.420763734028,12296.230768682277,042c345cfe16
11,0.0,+/-10%,8,9927.378687360624,11581.134567006762,042c345cfe16
11,0.0,+/-10%,9,10559.076692218116,10903.235412463353,042c345cfe16
11,0.0,+/-10%,10,11614.98436143993,9421.011794895887,042c345cfe16
11,0.0,+/-10%,11,12776.482797583922,7804.032871327458,042c345cfe16
11,0.0,+/-10%,12,14054.13107734232,10137.713238691622,042c345cfe16
11,0.0,+/-10%,13,15459.544185076544,11382.576086887077,042c345cfe16
11,0.0,+/-10%,14,17005.498603584198,12168.558906547069,042c345cfe16
11,0.0,+/-10%,15,18706.048463942625,11258.943403337591,042c345cfe16
11,0.0,+/-20%,1,7405.098893966741,7405.098893966741,042c345cfe16
11,0.0,+/-20%,2,8886.118672760089,8946.732350384125,042c345cfe16
11,0.0,+/-20%,3,10663.342407312106,9620.77746237889,042c345cfe16
11,0.0,+/-20%,4,12796.010888774526,10116.612767961726,042c345cfe16
11,0.0,+/-20%,5,15355.213066529432,18391.43714168757,042c345cfe16
11,0.0,+/-20%,6,15528.409186477144,15436.29928181419,042c345cfe16
11,0.0,+/-20%,7,12422.727349181716,12539.80214206907,042c345cfe16
11,0.0,+/-20%,8,9938.181879345375,11220.662442286837,042c345cfe16
11,0.0,+/-20%,9,7950.545503476299,9617.408002265975,042c345cfe16
11,0.0,+/-20%,10,9116.877005805254,7174.705144879733,042c345cfe16
11,0.0,+/-20%,11,10940.252406966303,7659.562903300433,042c345cfe16
11,0.0,+/-20%,12,13128.302888359562,9425.502275312625,042c345cfe16
11,0.0,+/-20%,13,15753.96346603148,13176.9259485225,042c345cfe16
11,0.0,+/-20%,14,18904.756159237768,12189.720574196359,042c345cfe16
11,0.0,+/-20%,15,22685.707391085325,13113.99570895195,042c345cfe16
11,0.02,NHF,1,36474.701188351995,36474.701188351995,042c345cfe16
11,0.02,NHF,2,9003.098109713499,9003.098109713499,042c345cfe16
11,0.02,NHF,3,9428.769542760501,8836.3983080855,042c345cfe16
11,0.02,NHF,4,7053.575670224999,7780.368002550001,042c345cfe16
11,0.02,NHF,5,9305.6321443135,9305.6321443135,042c345cfe16
11,0.02,NHF,6,5809.8733633715,5809.8733633715,042c345cfe16
11,0.02,NHF,7,13910.307994050005,13910.307994050001,042c345cfe16
11,0.02,NHF,8,14086.932058489998,14086.932058489998,042c345cfe16
11,0.02,NHF,9,17790.769070451002,17198.397835776,042c345cfe16
11,0.02,NHF,10,7263.071380853001,7855.442615528001,042c345cfe16
11,0.02,NHF,11,8477.681587085,9452.624026655,042c345cfe16
11,0.02,NHF,12,7229.355219245999,6763.278412101,042c345cfe16
11,0.02,NHF,13,13295.081880156502,14929.707288101503,042c345cfe16
11,0.02,NHF,14,6800.882522189999,4149.21714942,042c345cfe16
11,0.02,NHF,15,15585.2217945,14437.136887395,042c345cfe16
11,0.02,NDY,1,12360.01178925731,12360.01178925731,042c345cfe16
11,0.02,NDY,2,12360.011789257313,12188.505323460437,042c345cfe16
11,0.02,NDY,3,12360.011789257313,12020.940155141725,042c345cfe16
11,0.02,NDY,4,12360.011789257309,11901.988444471204,042c345cfe16
11,0.02,NDY,5,12360.011789257309,11797.015709492052,042c345cfe16
11,0.02,NDY,6,12360.011789257309,11727.831313711702,042c345cfe16
11,0.02,NDY,7,12360.011789257313,11681.80876083383,042c345cfe16
11,0.02,NDY,8,12360.01178925731,11632.215823203183,042c345cfe16
11,0.02,NDY,9,12360.011789257313,11573.33015495183,042c345cfe16
11,0.02,NDY,10,12360.011789257313,11484.755857955866,042c345cfe16
11,0.02,NDY,11,12360.011789257314,11407.928137193243,042c345cfe16
11,0.02,NDY,12,12360.011789257313,11376.614229918581,042c345cfe16
11,0.02,NDY,13,12360.011789257313,11342.078575587531,042c345cfe16
11,0.02,NDY,14,12360.011789257313,11321.364459375336,042c345cfe16
11,0.02,NDY,15,12360.011789257313,11282.285829651093,042c345cfe16
11,0.02,-10%,1,17653.11318304878,17653.11318304878,042c345cfe16
11,0.02,-10%,2,15887.801864743902,15889.325037484006,042c345cfe16
11,0.02,-10%,3,14299.021678269512,14291.008481925328,042c345cfe16
11,0.02,-10%,4,12869.11951044256,12806.18794308884,042c345cfe16
11,0.02,-10%,5,11582.207559398306,11520.909039010636,042c345cfe16
11,0.02,-10%,6,10423.986803458476,10368.8181315315,042c345cfe16
11,0.02,-10%,7,9381.588123112628,9381.58812244,042c345cfe16
11,0.02,-10%,8,12738.94138751976,12182.7421898135,042c345cfe16
11,0.02,-10%,9,12423.133138647052,13218.48688693059,042c345cfe16
11,0.02,-10%,10,11180.819824782342,11900.692646164625,042c345cfe16
11,0.02,-10%,11,10062.73784230411,10710.623382564941,042c345cfe16
11,0.02,-10%,12,9056.4640580737,9639.561046095998,042c345cfe16
11,0.02,-10%,13,11017.307643997614,9272.955627576423,042c345cfe16
11,0.02,-10%,14,9915.576879597855,8345.660063275,042c345cfe16
11,0.02,-10%,15,13220.685306331814,11244.526297545728,042c345cfe16
11,0.02,-20%,1,21796.72049919184,21796.72049919184,042c345cfe16
11,0.02,-20%,2,17437.37639935348,17400.859938513764,042c345cfe16
11,0.02,-20%,3,13949.901119482782,13922.644406086934,042c345cfe16
11,0.02,-20%,4,11159.920895586227,11150.156344028332,042c345cfe16
11,0.02,-20%,5,8927.936716468983,8920.125073905498,042c345cfe16
11,0.02,-20%,6,7142.349373175187,7136.1000558765,042c345cfe16
11,0.02,-20%,7,7704.53035008,7704.53035008,042c345cfe16
11,0.02,-20%,8,17322.591085755874,16443.555128186,042c345cfe16
11,0.02,-20%,9,13948.341072390296,14889.128044035002,042c345cfe16
11,0.02,-20%,10,11158.672857912237,11911.302432311,042c345cfe16
11,0.02,-20%,11,9253.87102106285,9564.773975775,042c345cfe16
11,0.02,-20%,12,8157.324232383929,8318.853594966,042c345cfe16
11,0.02,-20%,13,8799.435610905315,8567.4187304565,042c345cfe16
11,0.02,-20%,14,10517.027523190756,9285.35504231,042c345cfe16
11,0.02,-20%,15,14466.276447860871,11866.903213221,042c345cfe16
11,0.02,+/-10%,1,17654.61034159949,17654.61034159949,042c345cfe16
11,0.02,+/-10%,2,15889.149307439548,15895.446209780795,042c345cfe16
11,0.02,+/-10%,3,14300.234376695591,14301.527643583959,042c345cfe16
11,0.02,+/-10%,4,12870.21093902603,12845.06619906288,042c345cfe16
11,0.02,+/-10%,5,11583.189845123432,11538.449574302454,042c345cfe16
11,0.02,+/-10%,6,10424.870860611089,10384.6046219115,042c345cfe16
11,0.02,+/-10%,7,10297.261798415473,10297.261795479999,042c345cfe16
11,0.02,+/-10%,8,11326.98797825702,11326.987981410999,042c345cfe16
11,0.02,+/-10%,9,12459.686776082724,12822.94288820658,042c345cfe16
11,0.02,+/-10%,10,11213.718098474452,11540.6485959715,042c345cfe16
11,0.02,+/-10%,11,10092.346288627006,10946.171853461394,042c345cfe16
11,0.02,+/-10%,12,10160.673697567916,9851.554672421,042c345cfe16
11,0.02,+/-10%,13,11176.741067324709,9699.24825323071,042c345cfe16
11,0.02,+/-10%,14,10152.674167912102,8965.350105298565,042c345cfe16
11,0.02,+/-10%,15,11167.941584703314,9861.885116891683,042c345cfe16
11,0.02,+/-20%,1,21537.2964999842,21537.2964999842,042c345cfe16
11,0.02,+/-20%,2,17229.83719998737,17211.99021982125,042c345cfe16
11,0.02,+/-20%,3,13783.869759989893,13767.66789201534,042c345cfe16
11,0.02,+/-20%,4,11027.095807991916,11012.64241228178,042c345cfe16
11,0.02,+/-20%,5,8821.676646393535,8804.844357449336,042c345cfe16
11,0.02,+/-20%,6,8545.80073204647,8545.800727129,042c345cfe16
11,0.02,+/-20%,7,10254.960878455762,10254.9608779,042c345cfe16
11,0.02,+/-20%,8,12305.95305414691,12305.953052501001,042c345cfe16
11,0.02,+/-20%,9,14767.143664976295,15138.471561401819,042c345cfe16
11,0.02,+/-20%,10,11813.714931981034,12110.777250536,042c345cfe16
11,0.02,+/-20%,11,9508.59961444313,9676.904344514824,042c345cfe16
11,0.02,+/-20%,12,9184.458393142479,8695.130627950999,042c345cfe16
11,0.02,+/-20%,13,11021.35007177098,10432.694633994046,042c345cfe16
11,0.02,+/-20%,14,9157.913015526921,8346.155704160485,042c345cfe16
11,0.02,+/-20%,15,10989.495618632309,9989.178655576,042c345cfe16
11,0.04,NHF,1,38765.2009502795,38765.2009502795,042c345cfe16
11,0.04,NHF,2,8159.157716560999,8159.157716560999,042c345cfe16
11,0.04,NHF,3,8403.271529223,8403.271529223,042c345cfe16
11,0.04,NHF,4,6961.445037165,6961.445037165,042c345cfe16
11,0.04,NHF,5,7639.5559876610005,7639.5559876610005,042c345cfe16
11,0.04,NHF,6,5809.8733633715,5809.8733633715,042c345cfe16
11,0.04,NHF,7,14363.241768420003,14363.241768420003,042c345cfe16
11,0.04,NHF,8,14173.812774169997,14173.812774169997,042c345cfe16
11,0.04,NHF,9,18940.985947541,18940.985947541,042c345cfe16
11,0.04,NHF,10,7257.124019133001,7257.124019133001,042c345cfe16
11,0.04,NHF,11,8926.076004155,8926.076004155,042c345cfe16
11,0.04,NHF,12,6482.175018141,6482.175018141,042c345cfe16
11,0.04,NHF,13,14506.208473511502,14506.208473511502,042c345cfe16
11,0.04,NHF,14,4236.0978651,4236.0978651,042c345cfe16
11,0.04,NHF,15,14489.693632020002,14489.693632020002,042c345cfe16
11,0.04,NDY,1,12246.188782192601,12246.188782192601,042c345cfe16
11,0.04,NDY,2,12246.188782192603,12037.498599881248,042c345cfe16
11,0.04,NDY,3,12246.188782192603,11839.540015232591,042c345cfe16
11,0.04,NDY,4,12246.188782192601,11706.573272032023,042c345cfe16
11,0.04,NDY,5,12246.188782192603,11608.23126587373,042c345cfe16
11,0.04,NDY,6,12246.188782192601,11549.221867984814,042c345cfe16
11,0.04,NDY,7,12246.188782192605,11470.984442555526,042c345cfe16
11,0.04,NDY,8,12246.1887821926,11443.912219021044,042c345cfe16
11,0.04,NDY,9,12246.188782192605,11409.425263549652,042c345cfe16
11,0.04,NDY,10,12246.188782192605,11329.880673602343,042c345cfe16
11,0.04,NDY,11,12246.188782192601,11190.226581180088,042c345cfe16
11,0.04,NDY,12,12246.188782192601,11144.852552507276,042c345cfe16
11,0.04,NDY,13,12246.188782192603,11132.426374158373,042c345cfe16
11,0.04,NDY,14,12246.188782192601,11124.071075107293,042c345cfe16
11,0.04,NDY,15,12246.188782192601,11122.944800642346,042c345cfe16
11,0.04,-10%,1,17705.120926027394,17705.120926027394,042c345cfe16
11,0.04,-10%,2,15934.608833424658,15902.733159703399,042c345cfe16
11,0.04,-10%,3,14341.147950082192,14297.893720197844,042c345cfe16
11,0.04,-10%,4,12907.033155073972,12853.491472575275,042c345cfe16
11,0.04,-10%,5,11616.329839566577,11568.291891820927,042c345cfe16
11,0.04,-10%,6,10454.696855609916,10411.462702959,042c345cfe16
11,0.04,-10%,7,9409.227170048925,9409.227171899998,042c345cfe16
11,0.04,-10%,8,9564.240902530439,9733.3490704295,042c345cfe16
11,0.04,-10%,9,14060.319795098987,14131.801702382005,042c345cfe16
11,0.04,-10%,10,12654.28781558909,12711.84593711203,042c345cfe16
11,0.04,-10%,11,11388.859034030183,11440.661345876151,042c345cfe16
11,0.04,-10%,12,10249.973130627164,10296.595210403499,042c345cfe16
11,0.04,-10%,13,9385.30583429643,9278.198284131595,042c345cfe16
11,0.04,-10%,14,8446.775250866787,8350.378457635,042c345cfe16
11,0.04,-10%,15,9155.876243984501,7781.6262687645,042c345cfe16
11,0.04,-20%,1,21806.993545101373,21806.993545101373,042c345cfe16
11,0.04,-20%,2,17445.59483608111,17444.603737723613,042c345cfe16
11,0.04,-20%,3,13956.475868864889,13955.217072738667,042c345cfe16
11,0.04,-20%,4,11165.180695091909,11164.21252021952,042c345cfe16
11,0.04,-20%,5,8932.14455607353,8931.370020911694,042c345cfe16
11,0.04,-20%,6,7145.715644858824,7145.096019637501,042c345cfe16
11,0.04,-20%,7,7704.53035008,7704.53035008,042c345cfe16
11,0.04,-20%,8,13948.472888611206,13971.2841092335,042c345cfe16
11,0.04,-20%,9,16230.864110467463,16194.373175356543,042c345cfe16
11,0.04,-20%,10,12984.69128837397,12955.498543532,042c345cfe16
11,0.04,-20%,11,10387.753030699178,10364.398832111,042c345cfe16
11,0.04,-20%,12,8310.202424559344,8291.519063855001,042c345cfe16
11,0.04,-20%,13,8287.402195056908,8420.7798871345,042c345cfe16
11,0.04,-20%,14,8757.534163617705,8780.621824565,042c345cfe16
11,0.04,-20%,15,10262.55449311151,10076.800258048499,042c345cfe16
11,0.04,+/-10%,1,17683.60608705432,17683.60608705432,042c345cfe16
11,0.04,+/-10%,2,15915.245478348892,15889.563768096343,042c345cfe16
11,0.04,+/-10%,3,14323.720930513999,14286.131225217898,042c345cfe16
11,0.04,+/-10%,4,12891.3488374626,12839.37656452087,042c345cfe16
11,0.04,+/-10%,5,11602.213953716342,11555.820021276106,042c345cfe16
11,0.04,+/-10%,6,10441.992558344706,10400.238008973001,042c345cfe16
11,0.04,+/-10%,7,9638.29286776357,9638.29286898,042c345cfe16
11,0.04,+/-10%,8,10602.12215453993,10602.1221533235,042c345cfe16
11,0.04,+/-10%,9,11662.334369993921,12931.240840509501,042c345cfe16
11,0.04,+/-10%,10,12769.847978325291,12377.126436104456,042c345cfe16
11,0.04,+/-10%,11,11492.863180492766,11139.413794459499,042c345cfe16
11,0.04,+/-10%,12,10343.57686244349,10163.663478275499,042c345cfe16
11,0.04,+/-10%,13,10572.918322368225,9632.49744482113,042c345cfe16
11,0.04,+/-10%,14,9515.6264901314,8669.247704514999,042c345cfe16
11,0.04,+/-10%,15,9026.782425388501,9493.582521793778,042c345cfe16
11,0.04,+/-20%,1,21811.412539988392,21811.412539988392,042c345cfe16
11,0.04,+/-20%,2,17449.130031990724,17448.18123721133,042c345cfe16
11,0.04,+/-20%,3,13959.304025592579,13958.562947303677,042c345cfe16
11,0.04,+/-20%,4,11167.44322047406,11167.246966184142,042c345cfe16
11,0.04,+/-20%,5,8933.954576379252,8732.608732449502,042c345cfe16
11,0.04,+/-20%,6,7258.7511743551195,7374.769681065184,042c345cfe16
11,0.04,+/-20%,7,8710.501409226143,8849.723620485,042c345cfe16
11,0.04,+/-20%,8,10452.60169107137,11011.519943469499,042c345cfe16
11,0.04,+/-20%,9,12543.122029285643,17021.055239610327,042c345cfe16
11,0.04,+/-20%,10,15051.746435142772,13616.844191100836,042c345cfe16
11,0.04,+/-20%,11,13803.116896058817,10893.47535254,042c345cfe16
11,0.04,+/-20%,12,11042.49351684705,9048.782821682997,042c345cfe16
11,0.04,+/-20%,13,8833.994813477644,8609.701715794352,042c345cfe16
11,0.04,+/-20%,14,7154.555153650624,7490.29435647655,042c345cfe16
11,0.04,+/-20%,15,8585.466184380748,8988.353223614502,042c345cfe16
11,0.06,NHF,1,38765.2009502795,38765.2009502795,042c345cfe16
11,0.06,NHF,2,8159.157716560999,8159.157716560999,042c345cfe16
11,0.06,NHF,3,8403.271529223,8403.271529223,042c345cfe16
11,0.06,NHF,4,6961.445037165,6961.445037165,042c345cfe16
11,0.06,NHF,5,7639.5559876610005,7639.5559876610005,042c345cfe16
11,0.06,NHF,6,5809.8733633715,5809.8733633715,042c345cfe16
11,0.06,NHF,7,14363.241768420003,14363.241768420003,042c345cfe16
11,0.06,NHF,8,14173.812774169997,14173.812774169997,042c345cfe16
11,0.06,NHF,9,18940.985947541,18940.985947541,042c345cfe16
11,0.06,NHF,10,7257.124019133001,7257.124019133001,042c345cfe16
11,0.06,NHF,11,8926.076004155,8926.076004155,042c345cfe16
11,0.06,NHF,12,6482.175018141,6482.175018141,042c345cfe16
11,0.06,NHF,13,14506.208473511502,14506.208473511502,042c345cfe16
11,0.06,NHF,14,4236.0978651,4236.0978651,042c345cfe16
11,0.06,NHF,15,14489.693632020002,14489.693632020002,042c345cfe16
11,0.06,NDY,1,12094.407946927282,12094.407946927282,042c345cfe16
11,0.06,NDY,2,12094.407946927282,11889.048302278583,042c345cfe16
11,0.06,NDY,3,12094.40794692728,11704.973427509307,042c345cfe16
11,0.06,NDY,4,12094.407946927278,11648.256647439788,042c345cfe16
11,0.06,NDY,5,12094.407946927282,11591.030281319121,042c345cfe16
11,0.06,NDY,6,12094.40794692728,11539.099268445845,042c345cfe16
11,0.06,NDY,7,12094.407946927282,11469.444858802965,042c345cfe16
11,0.06,NDY,8,12094.40794692728,11423.802303140474,042c345cfe16
11,0.06,NDY,9,12094.40794692728,11335.544651481556,042c345cfe16
11,0.06,NDY,10,12094.407946927278,11186.777651875582,042c345cfe16
11,0.06,NDY,11,12094.407946927278,11099.116054579772,042c345cfe16
11,0.06,NDY,12,12094.40794692728,11085.466539297344,042c345cfe16
11,0.06,NDY,13,12094.407946927276,11085.466540019142,042c345cfe16
11,0.06,NDY,14,12094.407946927276,11084.066198512714,042c345cfe16
11,0.06,NDY,15,12094.407946927278,11074.052685906363,042c345cfe16
11,0.06,-10%,1,17546.361948471622,17546.361948471622,042c345cfe16
11,0.06,-10%,2,15791.725753624463,15750.858989771747,042c345cfe16
11,0.06,-10%,3,14212.553178262016,14148.038231548126,042c345cfe16
11,0.06,-10%,4,12791.297860435816,12713.698898335668,042c345cfe16
11,0.06,-10%,5,11512.168074392237,11425.749218882527,042c345cfe16
11,0.06,-10%,6,10360.951266953012,10283.174292385498,042c345cfe16
11,0.06,-10%,7,9324.856140257712,9324.8561402,042c345cfe16
11,0.06,-10%,8,8591.504883263719,8442.757465565,042c345cfe16
11,0.06,-10%,9,14277.24015069095,14220.170378346002,042c345cfe16
11,0.06,-10%,10,12849.516135621856,12913.791457086387,042c345cfe16
11,0.06,-10%,11,11564.564522059669,11616.10292746026,042c345cfe16
11,0.06,-10%,12,10408.1080698537,10454.492635748644,042c345cfe16
11,0.06,-10%,13,9367.297262868335,9409.04337282872,042c345cfe16
11,0.06,-10%,14,8430.5675365815,8468.139037177998,042c345cfe16
11,0.06,-10%,15,10599.166676991155,10508.928848990401,042c345cfe16
11,0.06,-20%,1,21767.677268698557,21767.677268698557,042c345cfe16
11,0.06,-20%,2,17414.141814958857,17394.71742649608,042c345cfe16
11,0.06,-20%,3,13931.313451967084,13905.844971663346,042c345cfe16
11,0.06,-20%,4,11145.050761573668,11124.183258444531,042c345cfe16
11,0.06,-20%,5,8916.040609258936,8899.346605262082,042c345cfe16
11,0.06,-20%,6,7132.832487407149,7119.4772838905,042c345cfe16
11,0.06,-20%,7,7351.647877671066,7351.647876800001,042c345cfe16
11,0.06,-20%,8,13166.060181458499,13038.426786173502,042c345cfe16
11,0.06,-20%,9,16745.460145417775,16857.50970211824,042c345cfe16
11,0.06,-20%,10,13396.36811633422,13486.007763677006,042c345cfe16
11,0.06,-20%,11,10717.094493067376,10788.806211191519,042c345cfe16
11,0.06,-20%,12,8573.675594453904,8631.044968905999,042c345cfe16
11,0.06,-20%,13,8026.307768747566,8079.3123274335,042c345cfe16
11,0.06,-20%,14,8223.300462784999,7753.879885339999,042c345cfe16
11,0.06,-20%,15,9972.7672772685,9972.767277268502,042c345cfe16
11,0.06,+/-10%,1,17551.048123732024,17551.048123732024,042c345cfe16
11,0.06,+/-10%,2,15795.943311358826,15734.186942649558,042c345cfe16
11,0.06,+/-10%,3,14216.348980222938,14118.3416863495,042c345cfe16
11,0.06,+/-10%,4,12794.714082200646,12677.610299691527,042c345cfe16
11,0.06,+/-10%,5,11515.242673980583,11409.849271872768,042c345cfe16
11,0.06,+/-10%,6,10363.718406582524,10268.8643468605,042c345cfe16
11,0.06,+/-10%,7,9327.346565924274,9327.34656706,042c345cfe16
11,0.06,+/-10%,8,10260.081222516701,10260.0812262875,042c345cfe16
11,0.06,+/-10%,9,11286.089344768374,11940.269898562501,042c345cfe16
11,0.06,+/-10%,10,12414.698279245209,13225.124743276867,042c345cfe16
11,0.06,+/-10%,11,12562.614408425788,11899.596564697631,042c345cfe16
11,0.06,+/-10%,12,11306.352967583209,10709.636909959445,042c345cfe16
11,0.06,+/-10%,13,10175.717670824892,9638.673218452388,042c345cfe16
11,0.06,+/-10%,14,9158.145903742401,8674.805894919999,042c345cfe16
11,0.06,+/-10%,15,10045.720893929027,9083.266823146358,042c345cfe16
11,0.06,+/-20%,1,21769.20993880809,21769.20993880809,042c345cfe16
11,0.06,+/-20%,2,17415.367951046483,17407.315625988045,042c345cfe16
11,0.06,+/-20%,3,13932.294360837184,13909.631794073144,042c345cfe16
11,0.06,+/-20%,4,11145.835488669749,11117.591708061525,042c345cfe16
11,0.06,+/-20%,5,8916.6683909358,8894.073367370707,042c345cfe16
11,0.06,+/-20%,6,7133.33471274864,7133.334708508501,042c345cfe16
11,0.06,+/-20%,7,8560.001655298369,8560.0016549,042c345cfe16
11,0.06,+/-20%,8,10272.00198635804,11020.0001741045,042c345cfe16
11,0.06,+/-20%,9,12326.40238362965,17117.54270587512,042c345cfe16
11,0.06,+/-20%,10,14791.682860355577,13694.034166054207,042c345cfe16
11,0.06,+/-20%,11,13943.643859792637,10955.22733066044,042c345cfe16
11,0.06,+/-20%,12,11154.91508783411,8764.181861626,042c345cfe16
11,0.06,+/-20%,13,8923.932070267292,8745.131655707757,042c345cfe16
11,0.06,+/-20%,14,7139.145656213832,7691.712114745001,042c345cfe16
11,0.06,+/-20%,15,8566.974787456598,9230.0545409695,042c345cfe16
12,0.0,NHF,1,5322.6697621358335,5322.6697621358335,042c345cfe16
12,0.0,NHF,2,0.0,13.0209254275,042c345cfe16
12,0.0,NHF,3,13439.699308917501,2346.186859245,042c345cfe16
12,0.0,NHF,4,5402.1187432225,9985.110490963893,042c345cfe16
12,0.0,NHF,5,21482.24983160931,23821.53651388508,042c345cfe16
12,0.0,NHF,6,6646.552433705,8506.618039859166,042c345cfe16
12,0.0,NHF,7,26647.78964947833,7675.291254078379,042c345cfe16
12,0.0,NHF,8,14355.005656563004,9956.1570075965,042c345cfe16
12,0.0,NHF,9,10346.176482666666,11191.09290223356,042c345cfe16
12,0.0,NHF,10,124.64459534,9514.612357840606,042c345cfe16
12,0.0,NHF,11,937.8942569699999,9644.079388211363,042c345cfe16
12,0.0,NHF,12,641.4857812399999,7658.155761419515,042c345cfe16
12,0.0,NHF,13,2712.88785542,8712.347180450273,042c345cfe16
12,0.0,NHF,14,2377.0313053504547,4256.911489785955,042c345cfe16
12,0.0,NHF,15,83330.69897348617,9238.818597832047,042c345cfe16
12,0.0,NDY,1,10843.874376223495,10843.874376223495,042c345cfe16
12,0.0,NDY,2,10843.874376223497,10581.449133955406,042c345cfe16
12,0.0,NDY,3,10843.874376223495,10514.125961929565,042c345cfe16
12,0.0,NDY,4,10843.874376223495,10257.158434759001,042c345cfe16
12,0.0,NDY,5,10843.874376223497,10130.921986474326,042c345cfe16
12,0.0,NDY,6,10843.874376223497,10057.270026061571,042c345cfe16
12,0.0,NDY,7,10843.874376223499,9990.323919577884,042c345cfe16
12,0.0,NDY,8,10843.874376223499,10189.760223457191,042c345cfe16
12,0.0,NDY,9,10843.874376223495,10075.170202203744,042c345cfe16
12,0.0,NDY,10,10843.874376223499,9855.5687900504,042c345cfe16
12,0.0,NDY,11,10843.874376223499,9801.144547834961,042c345cfe16
12,0.0,NDY,12,10843.874376223495,9670.24867452795,042c345cfe16
12,0.0,NDY,13,10843.874376223499,9653.485289204787,042c345cfe16
12,0.0,NDY,14,10843.874376223497,9750.281114248442,042c345cfe16
12,0.0,NDY,15,40258.11440544118,9853.807516466655,042c345cfe16
12,0.0,-10%,1,4069.3043661120482,4069.3043661120482,042c345cfe16
12,0.0,-10%,2,3662.3739295008427,2405.9705083575,042c345cfe16
12,0.0,-10%,3,17892.155102154215,4148.688327459,042c345cfe16
12,0.0,-10%,4,16102.939591938792,14305.724456096395,042c345cfe16
12,0.0,-10%,5,14492.645632744912,17187.70175496452,042c345cfe16
12,0.0,-10%,6,13043.38106947042,13637.530611988554,042c345cfe16
12,0.0,-10%,7,11739.042962523381,13741.293537264477,042c345cfe16
12,0.0,-10%,8,10565.138666271043,13598.846520354999,042c345cfe16
12,0.0,-10%,9,9508.624799643936,12071.015040608332,042c345cfe16
12,0.0,-10%,10,8557.762319679548,9297.058645619318,042c345cfe16
12,0.0,-10%,11,7701.9860877115925,7725.623625802999,042c345cfe16
12,0.0,-10%,12,6931.787478940435,6482.855083813439,042c345cfe16
12,0.0,-10%,13,6238.608731046391,7334.522993547501,042c345cfe16
12,0.0,-10%,14,5614.747857941751,9307.713425127673,042c345cfe16
12,0.0,-10%,15,57884.16513995312,11405.362660923289,042c345cfe16
12,0.0,-20%,1,3071.9618990386134,3071.9618990386134,042c345cfe16
12,0.0,-20%,2,2457.569519230891,1796.3710313141667,042c345cfe16
12,0.0,-20%,3,15440.276213555213,3525.466027785,042c345cfe16
12,0.0,-20%,4,12352.220970844168,9442.333632823895,042c345cfe16
12,0.0,-20%,5,19820.962934959734,23821.53651388508,042c345cfe16
12,0.0,-20%,6,15856.770347967791,14421.239657444854,042c345cfe16
12,0.0,-20%,7,12685.416278374236,12532.916354364743,042c345cfe16
12,0.0,-20%,8,10148.333022699388,13782.744738568375,042c345cfe16
12,0.0,-20%,9,8118.66641815951,11483.931867874166,042c345cfe16
12,0.0,-20%,10,6494.933134527609,9881.096519253333,042c345cfe16
12,0.0,-20%,11,5195.946507622088,6940.506249290255,042c345cfe16
12,0.0,-20%,12,4156.75720609767,9436.379606183833,042c345cfe16
12,0.0,-20%,13,3325.4057648781363,5707.088406460272,042c345cfe16
12,0.0,-20%,14,8263.320698885469,6587.739604983183,042c345cfe16
12,0.0,-20%,15,66424.07195643366,9503.12988441667,042c345cfe16
12,0.0,+/-10%,1,9236.90729832006,9236.90729832006,042c345cfe16
12,0.0,+/-10%,2,10160.598028152062,10118.058703943992,042c345cfe16
12,0.0,+/-10%,3,11176.657830967271,10636.625231703036,042c345cfe16
12,0.0,+/-10%,4,12294.323614064002,10690.104900086984,042c345cfe16
12,0.0,+/-10%,5,13464.965977612852,12974.26147167968,042c345cfe16
12,0.0,+/-10%,6,12118.469379851564,12314.529468584256,042c345cfe16
12,0.0,+/-10%,7,10906.622441866413,11702.610783395707,042c345cfe16
12,0.0,+/-10%,8,9815.960197679768,11021.151258442338,042c345cfe16
12,0.0,+/-10%,9,10390.915083941547,9926.149976321663,042c345cfe16
12,0.0,+/-10%,10,11430.006592335705,8441.556301463916,042c345cfe16
12,0.0,+/-10%,11,12573.007251569274,11232.85049833602,042c345cfe16
12,0.0,+/-10%,12,13830.30797672621,11292.823473746153,042c345cfe16
12,0.0,+/-10%,13,15213.338774398828,10677.397602999872,042c345cfe16
12,0.0,+/-10%,14,16734.6726518387,10036.569744866167,042c345cfe16
12,0.0,+/-10%,15,18408.13991702259,10485.993871048917,042c345cfe16
12,0.0,+/-20%,1,7626.348428686142,7626.348428686142,042c345cfe16
12,0.0,+/-20%,2,9151.61811442337,9121.648996714459,042c345cfe16
12,0.0,+/-20%,3,10981.941737308045,9451.64007945189,042c345cfe16
12,0.0,+/-20%,4,13178.330084769652,10686.35847433442,042c345cfe16
12,0.0,+/-20%,5,15813.996101723582,16644.477310280112,042c345cfe16
12,0.0,+/-20%,6,13424.511647946603,15094.066781860456,042c345cfe16
12,0.0,+/-20%,7,11853.583934475762,9082.314191993533,042c345cfe16
12,0.0,+/-20%,8,9482.867147580608,12222.501294726666,042c345cfe16
12,0.0,+/-20%,9,7586.293718064487,9780.347400815981,042c345cfe16
12,0.0,+/-20%,10,9103.552461677387,8216.507380679177,042c345cfe16
12,0.0,+/-20%,11,10924.262954012862,8425.964019950616,042c345cfe16
12,0.0,+/-20%,12,13109.115544815433,8641.287122307498,042c345cfe16
12,0.0,+/-20%,13,15730.93865377852,14431.3265020075,042c345cfe16
12,0.0,+/-20%,14,18877.126384534222,10456.627913517228,042c345cfe16
12,0.0,+/-20%,15,22652.55166144107,13014.28693197573,042c345cfe16
12,0.02,NHF,1,37348.52762953983,37348.52762953983,042c345cfe16
12,0.02,NHF,2,9710.400825111501,9710.400825111501,042c345cfe16
12,0.02,NHF,3,7097.210611459501,6893.0593226895,042c345cfe16
12,0.02,NHF,4,5858.768275187502,6109.245649217501,042c345cfe16
12,0.02,NHF,5,9465.713765351002,9465.713765351002,042c345cfe16
12,0.02,NHF,6,6812.9196547505,6812.9196547505,042c345cfe16
12,0.02,NHF,7,13693.1197370825,13693.119737082503,042c345cfe16
12,0.02,NHF,8,13157.883731241998,13157.883731241998,042c345cfe16
12,0.02,NHF,9,17802.011767201497,17597.8604784315,042c345cfe16
12,0.02,NHF,10,7924.9335344969995,8129.084823267,042c345cfe16
12,0.02,NHF,11,6098.5356978525,7487.997808042499,042c345cfe16
12,0.02,NHF,12,9355.708147285999,7732.6833703460015,042c345cfe16
12,0.02,NHF,13,13166.150707280496,15639.6418858305,042c345cfe16
12,0.02,NHF,14,8064.3917588125005,5663.2259490774995,042c345cfe16
12,0.02,NHF,15,14271.480625302003,13138.981625717002,042c345cfe16
12,0.02,NDY,1,12162.862545256434,12162.862545256434,042c345cfe16
12,0.02,NDY,2,12162.86254525643,12004.813673363273,042c345cfe16
12,0.02,NDY,3,12162.862545256432,11880.731519750605,042c345cfe16
12,0.02,NDY,4,12162.862545256432,11773.767814990073,042c345cfe16
12,0.02,NDY,5,12162.862545256434,11682.678869188258,042c345cfe16
12,0.02,NDY,6,12162.862545256434,11630.071883687497,042c345cfe16
12,0.02,NDY,7,12162.862545256437,11587.98851974225,042c345cfe16
12,0.02,NDY,8,12162.862545256436,11515.01035437879,042c345cfe16
12,0.02,NDY,9,12162.862545256436,11438.76051214698,042c345cfe16
12,0.02,NDY,10,12162.862545256436,11347.860250056654,042c345cfe16
12,0.02,NDY,11,12162.862545256436,11293.647492075834,042c345cfe16
12,0.02,NDY,12,12162.862545256434,11259.281340894364,042c345cfe16
12,0.02,NDY,13,12162.862545256434,11229.508198720732,042c345cfe16
12,0.02,NDY,14,12162.862545256436,11204.771584693768,042c345cfe16
12,0.02,NDY,15,12162.862545256437,11156.24201525802,042c345cfe16
12,0.02,-10%,1,17427.489886009826,17427.489886009826,042c345cfe16
12,0.02,-10%,2,15684.74089740885,15687.828199030748,042c345cfe16
12,0.02,-10%,3,14116.266807667966,14092.122819828188,042c345cfe16
12,0.02,-10%,4,12704.640126901164,12690.46169420103,042c345cfe16
12,0.02,-10%,5,11434.176114211048,11421.125835057446,042c345cfe16
12,0.02,-10%,6,10290.758502789944,10279.0132474255,042c345cfe16
12,0.02,-10%,7,9261.682652510952,9261.6826545575,042c345cfe16
12,0.02,-10%,8,12356.376863854546,11772.662144397998,042c345cfe16
12,0.02,-10%,9,12003.42825218356,12533.333825705009,042c345cfe16
12,0.02,-10%,10,10803.085426965206,11287.797440931381,042c345cfe16
12,0.02,-10%,11,9722.776884268684,10159.017698756,042c345cfe16
12,0.02,-10%,12,8974.833119865745,9147.411065776,042c345cfe16
12,0.02,-10%,13,12673.039133827935,11570.18035866405,042c345cfe16
12,0.02,-10%,14,11405.735220445142,10419.007465190363,042c345cfe16
12,0.02,-10%,15,11077.365489450367,9377.106720677733,042c345cfe16
12,0.02,-20%,1,21501.409257234467,21501.409257234467,042c345cfe16
12,0.02,-20%,2,17201.127405787574,17185.41404324184,042c345cfe16
12,0.02,-20%,3,13760.901924630063,13754.626608494314,042c345cfe16
12,0.02,-20%,4,11008.721539704045,11003.701287347043,042c345cfe16
12,0.02,-20%,5,8806.97723176324,8805.175688032457,042c345cfe16
12,0.02,-20%,6,7045.58178541059,7044.140551942999,042c345cfe16
12,0.02,-20%,7,8337.318438190572,8337.3184367325,042c345cfe16
12,0.02,-20%,8,16181.000996867931,15658.463305386003,042c345cfe16
12,0.02,-20%,9,13388.233392725026,13770.524160912306,042c345cfe16
12,0.02,-20%,10,10710.586714180023,11032.635242823015,042c345cfe16
12,0.02,-20%,11,8568.46937134402,8826.1081914975,042c345cfe16
12,0.02,-20%,12,8730.343285026001,8787.201118956,042c345cfe16
12,0.02,-20%,13,11393.784950236468,11427.6782972355,042c345cfe16
12,0.02,-20%,14,9115.027960189174,9579.9686429925,042c345cfe16
12,0.02,-20%,15,14733.881903659087,10979.670443390318,042c345cfe16
12,0.02,+/-10%,1,17428.40054382682,17428.40054382682,042c345cfe16
12,0.02,+/-10%,2,15685.56048944414,15689.650128393083,042c345cfe16
12,0.02,+/-10%,3,14117.004440499732,14121.211440663354,042c345cfe16
12,0.02,+/-10%,4,12705.303996449753,12695.914670376804,042c345cfe16
12,0.02,+/-10%,5,11434.773596804778,11427.891998510037,042c345cfe16
12,0.02,+/-10%,6,10291.296237124301,10285.102797002999,042c345cfe16
12,0.02,+/-10%,7,9944.492290653006,9944.4922939575,042c345cfe16
12,0.02,+/-10%,8,10938.941519718306,10938.941515340497,042c345cfe16
12,0.02,+/-10%,9,12032.835671690136,12148.192739948,042c345cfe16
12,0.02,+/-10%,10,10829.552104521128,11234.630675018918,042c345cfe16
12,0.02,+/-10%,11,9746.596894069013,9700.55194191672,042c345cfe16
12,0.02,+/-10%,12,10694.2130275174,10183.9781644205,042c345cfe16
12,0.02,+/-10%,13,11763.63433026914,11216.72053351855,042c345cfe16
12,0.02,+/-10%,14,10587.270897242228,9562.403508532387,042c345cfe16
12,0.02,+/-10%,15,11645.997986966453,9816.800616559856,042c345cfe16
12,0.02,+/-20%,1,21307.307927987884,21307.307927987884,042c345cfe16
12,0.02,+/-20%,2,17045.846342390305,17031.531860168026,042c345cfe16
12,0.02,+/-20%,3,13636.677073912255,13604.573789828739,042c345cfe16
12,0.02,+/-20%,4,10909.341659129797,10900.331565178809,042c345cfe16
12,0.02,+/-20%,5,8727.47332730384,8720.095400993547,042c345cfe16
12,0.02,+/-20%,6,8275.584110430733,8275.584110688,042c345cfe16
12,0.02,+/-20%,7,9930.70093251688,9930.7009366425,042c345cfe16
12,0.02,+/-20%,8,11916.841119020255,11916.841121177999,042c345cfe16
12,0.02,+/-20%,9,14300.209342824306,14571.19051823057,042c345cfe16
12,0.02,+/-20%,10,11440.167474259446,11656.952412277627,042c345cfe16
12,0.02,+/-20%,11,9152.133979407556,9080.190381381244,042c345cfe16
12,0.02,+/-20%,12,9823.108615937772,9580.460211100999,042c345cfe16
12,0.02,+/-20%,13,11787.730339125324,11631.68592827181,042c345cfe16
12,0.02,+/-20%,14,9467.810832544974,9164.664773063761,042c345cfe16
12,0.02,+/-20%,15,11361.372999053969,8804.631423148328,042c345cfe16
12,0.04,NHF,1,39487.18968355732,39487.18968355732,042c345cfe16
12,0.04,NHF,2,7899.7456435215,7899.7456435215,042c345cfe16
12,0.04,NHF,3,6447.9412293820005,6447.9412293820005,042c345cfe16
12,0.04,NHF,4,6988.484654837501,6988.484654837501,042c345cfe16
12,0.04,NHF,5,7704.787616821001,7704.787616821001,042c345cfe16
12,0.04,NHF,6,6812.9196547505,6812.9196547505,042c345cfe16
12,0.04,NHF,7,14449.768445667502,14449.768445667502,042c345cfe16
12,0.04,NHF,8,12700.706948211997,12700.706948212,042c345cfe16
12,0.04,NHF,9,18751.138672726498,18751.138672726498,042c345cfe16
12,0.04,NHF,10,7981.684347721999,7981.684347721999,042c345cfe16
12,0.04,NHF,11,6450.0040852975,6450.0040852975,042c345cfe16
12,0.04,NHF,12,7986.514845266001,7986.514845266001,042c345cfe16
12,0.04,NHF,13,15875.1031979355,15875.1031979355,042c345cfe16
12,0.04,NHF,14,5206.0491660475,5206.0491660475,042c345cfe16
12,0.04,NHF,15,13043.660988932003,13043.660988932003,042c345cfe16
12,0.04,NDY,1,12035.02721118909,12035.02721118909,042c345cfe16
12,0.04,NDY,2,12035.027211189086,11855.261534980986,042c345cfe16
12,0.04,NDY,3,12035.027211189088,11722.936580315643,042c345cfe16
12,0.04,NDY,4,12035.027211189086,11604.958983608616,042c345cfe16
12,0.04,NDY,5,12035.027211189088,11512.260025004707,042c345cfe16
12,0.04,NDY,6,12035.027211189092,11457.982575994592,042c345cfe16
12,0.04,NDY,7,12035.027211189088,11390.197687970965,042c345cfe16
12,0.04,NDY,8,12035.02721118909,11345.250227101069,042c345cfe16
12,0.04,NDY,9,12035.027211189092,11232.20299591311,042c345cfe16
12,0.04,NDY,10,12035.02721118909,11159.8446422175,042c345cfe16
12,0.04,NDY,11,12035.027211189092,11098.083514355474,042c345cfe16
12,0.04,NDY,12,12035.02721118909,11051.857712583183,042c345cfe16
12,0.04,NDY,13,12035.027211189088,11013.457751968695,042c345cfe16
12,0.04,NDY,14,12035.027211189088,10999.496379141805,042c345cfe16
12,0.04,NDY,15,12035.027211189088,10988.68453811908,042c345cfe16
12,0.04,-10%,1,17445.029173707393,17445.029173707393,042c345cfe16
12,0.04,-10%,2,15700.526256336656,15694.811861551196,042c345cfe16
12,0.04,-10%,3,14130.473630702998,14114.180958238047,042c345cfe16
12,0.04,-10%,4,12717.426267632693,12702.502209266777,042c345cfe16
12,0.04,-10%,5,11445.683640869423,11431.9910531065,042c345cfe16
12,0.04,-10%,6,10301.11527678248,10288.791949486498,042c345cfe16
12,0.04,-10%,7,9271.003749104235,9271.003749512502,042c345cfe16
12,0.04,-10%,8,9841.313110493267,9841.313110084999,042c345cfe16
12,0.04,-10%,9,13180.076165004992,13274.0581748955,042c345cfe16
12,0.04,-10%,10,11862.068548504494,11957.17498976397,042c345cfe16
12,0.04,-10%,11,10675.861693654044,10761.457490945502,042c345cfe16
12,0.04,-10%,12,9608.27552428864,9685.311740373001,042c345cfe16
12,0.04,-10%,13,10838.968585234434,10415.680111898733,042c345cfe16
12,0.04,-10%,14,9755.07172671099,9374.112097779,042c345cfe16
12,0.04,-10%,15,11457.266165567336,10269.548888654612,042c345cfe16
12,0.04,-20%,1,21552.605276050865,21552.605276050865,042c345cfe16
12,0.04,-20%,2,17242.084220840694,17242.084219853612,042c345cfe16
12,0.04,-20%,3,13793.667376672562,13792.100891305987,042c345cfe16
12,0.04,-20%,4,11034.933901338043,11033.68071264928,042c345cfe16
12,0.04,-20%,5,8827.94712107044,8826.944568545774,042c345cfe16
12,0.04,-20%,6,7062.357696856348,7061.5556514255,042c345cfe16
12,0.04,-20%,7,6887.742410340214,6887.7424113325,042c345cfe16
12,0.04,-20%,8,14995.496240567789,14995.496239575501,042c345cfe16
12,0.04,-20%,9,14983.508309127392,15002.349102108741,042c345cfe16
12,0.04,-20%,10,11986.806647301913,12001.87928313961,042c345cfe16
12,0.04,-20%,11,9589.445317841533,9601.503422936,042c345cfe16
12,0.04,-20%,12,8447.512338356477,8397.938252601001,042c345cfe16
12,0.04,-20%,13,9820.498435326816,9757.5923080455,042c345cfe16
12,0.04,-20%,14,11104.495915597228,11166.012098092498,042c345cfe16
12,0.04,-20%,15,10395.368848190503,9842.184579220575,042c345cfe16
12,0.04,+/-10%,1,17437.73892657644,17437.73892657644,042c345cfe16
12,0.04,+/-10%,2,15693.9650339188,15691.265527317888,042c345cfe16
12,0.04,+/-10%,3,14124.568530526923,14106.05575796548,042c345cfe16
12,0.04,+/-10%,4,12712.11167747422,12688.837645711816,042c345cfe16
12,0.04,+/-10%,5,11440.900509726804,11414.885805052301,042c345cfe16
12,0.04,+/-10%,6,10296.810458754122,10273.397230474999,042c345cfe16
12,0.04,+/-10%,7,9359.640107755418,9359.640107267502,042c345cfe16
12,0.04,+/-10%,8,10295.604118530957,10295.604120612998,042c345cfe16
12,0.04,+/-10%,9,11325.164530384054,12002.4497823925,042c345cfe16
12,0.04,+/-10%,10,12457.680983422462,12140.248428341609,042c345cfe16
12,0.04,+/-10%,11,11211.912885080217,10926.223585103397,042c345cfe16
12,0.04,+/-10%,12,10090.721596572193,9833.601227060999,042c345cfe16
12,0.04,+/-10%,13,11099.793756229414,10807.966747210006,042c345cfe16
12,0.04,+/-10%,14,9989.814380606473,9727.170069513002,042c345cfe16
12,0.04,+/-10%,15,10576.967414562743,9125.744666878812,042c345cfe16
12,0.04,+/-20%,1,21569.374203977866,21569.374203977866,042c345cfe16
12,0.04,+/-20%,2,17255.49936318229,17251.26951932805,042c345cfe16
12,0.04,+/-20%,3,13804.399490545838,13799.470061244776,042c345cfe16
12,0.04,+/-20%,4,11043.519592436667,11036.21460106845,042c345cfe16
12,0.04,+/-20%,5,8834.815673949339,8660.616117543315,042c345cfe16
12,0.04,+/-20%,6,7144.889215836367,7248.632329110083,042c345cfe16
12,0.04,+/-20%,7,8573.86705900364,8698.3587939325,042c345cfe16
12,0.04,+/-20%,8,10288.640470804368,11336.018226085,042c345cfe16
12,0.04,+/-20%,9,12346.368564965242,15605.636666222854,042c345cfe16
12,0.04,+/-20%,10,14815.642277958286,12484.509331288162,042c345cfe16
12,0.04,+/-20%,11,12784.89850843936,9987.607464013001,042c345cfe16
12,0.04,+/-20%,12,10227.918806751486,10221.112351761,042c345cfe16
12,0.04,+/-20%,13,10414.576384050288,10524.346422754954,042c345cfe16
12,0.04,+/-20%,14,8331.66110724023,8419.4771339565,042c345cfe16
12,0.04,+/-20%,15,9352.925334850508,8516.131777738969,042c345cfe16
12,0.06,NHF,1,39487.18968355732,39487.18968355732,042c345cfe16
12,0.06,NHF,2,7899.7456435215,7899.7456435215,042c345cfe16
12,0.06,NHF,3,6447.9412293820005,6447.9412293820005,042c345cfe16
12,0.06,NHF,4,6988.484654837501,6988.484654837501,042c345cfe16
12,0.06,NHF,5,7704.787616821001,7704.787616821001,042c345cfe16
12,0.06,NHF,6,6812.9196547505,6812.9196547505,042c345cfe16
12,0.06,NHF,7,14449.768445667502,14449.768445667502,042c345cfe16
12,0.06,NHF,8,12700.706948211997,12700.706948212,042c345cfe16
12,0.06,NHF,9,18751.138672726498,18751.138672726498,042c345cfe16
12,0.06,NHF,10,7981.684347721999,7981.684347721999,042c345cfe16
12,0.06,NHF,11,6450.0040852975,6450.0040852975,042c345cfe16
12,0.06,NHF,12,7986.514845266001,7986.514845266001,042c345cfe16
12,0.06,NHF,13,15875.1031979355,15875.1031979355,042c345cfe16
12,0.06,NHF,14,5206.0491660475,5206.0491660475,042c345cfe16
12,0.06,NHF,15,13043.660988932003,13043.660988932003,042c345cfe16
12,0.06,NDY,1,11876.756179943348,11876.756179943348,042c345cfe16
12,0.06,NDY,2,11876.756179943346,11711.647713472961,042c345cfe16
12,0.06,NDY,3,11876.756179943348,11561.552036042845,042c345cfe16
12,0.06,NDY,4,11876.756179943348,11511.520550284798,042c345cfe16
12,0.06,NDY,5,11876.75617994335,11469.548121274565,042c345cfe16
12,0.06,NDY,6,11876.756179943348,11434.383085550659,042c345cfe16
12,0.06,NDY,7,11876.756179943353,11366.561987254332,042c345cfe16
12,0.06,NDY,8,11876.756179943348,11264.909923962134,042c345cfe16
12,0.06,NDY,9,11876.75617994335,11155.617103668634,042c345cfe16
12,0.06,NDY,10,11876.75617994335,11054.46527432225,042c345cfe16
12,0.06,NDY,11,11876.75617994335,10979.686886702866,042c345cfe16
12,0.06,NDY,12,11876.756179943346,10974.747706794462,042c345cfe16
12,0.06,NDY,13,11876.756179943348,10967.487083669694,042c345cfe16
12,0.06,NDY,14,11876.756179943348,10965.068477226117,042c345cfe16
12,0.06,NDY,15,11876.756179943353,10961.967349310362,042c345cfe16
12,0.06,-10%,1,17327.66616462226,17327.66616462226,042c345cfe16
12,0.06,-10%,2,15594.89954816004,15570.339687863681,042c345cfe16
12,0.06,-10%,3,14035.409593344039,14004.91066972142,042c345cfe16
12,0.06,-10%,4,12631.868634009626,12592.637010582059,042c345cfe16
12,0.06,-10%,5,11368.681770608668,11333.328332623656,042c345cfe16
12,0.06,-10%,6,10231.8135935478,10199.995495863499,042c345cfe16
12,0.06,-10%,7,9208.632234193023,9194.12988193232,042c345cfe16
12,0.06,-10%,8,8287.76901077372,8274.71689534,042c345cfe16
12,0.06,-10%,9,12967.396104800855,12783.202623192497,042c345cfe16
12,0.06,-10%,10,12826.00670644437,13061.493714893308,042c345cfe16
12,0.06,-10%,11,11543.406035799931,11755.34434272297,042c345cfe16
12,0.06,-10%,12,10389.065432219939,10579.809905589,042c345cfe16
12,0.06,-10%,13,9843.580855012298,9519.159299248227,042c345cfe16
12,0.06,-10%,14,8859.222769511067,8567.243372749499,042c345cfe16
12,0.06,-10%,15,12451.629252911978,10529.53977120044,042c345cfe16
12,0.06,-20%,1,21493.357018254028,21493.357018254028,042c345cfe16
12,0.06,-20%,2,17194.685614603226,17166.933827346726,042c345cfe16
12,0.06,-20%,3,13755.748491682585,13731.947888254348,042c345cfe16
12,0.06,-20%,4,11004.598793346066,10985.558310906077,042c345cfe16
12,0.06,-20%,5,8803.679034676856,8788.446650685702,042c345cfe16
12,0.06,-20%,6,7042.943227741482,7030.757317900499,042c345cfe16
12,0.06,-20%,7,5634.354582193186,5634.3545816925,042c345cfe16
12,0.06,-20%,8,14423.644309834932,14047.574756419,042c345cfe16
12,0.06,-20%,9,16088.141223872135,16280.347836717514,042c345cfe16
12,0.06,-20%,10,12870.51297909771,13023.421235864258,042c345cfe16
12,0.06,-20%,11,10296.410383278171,10418.73698992146,042c345cfe16
12,0.06,-20%,12,8237.128306622535,8334.98959494,042c345cfe16
12,0.06,-20%,13,8266.99815835498,8109.1619725354985,042c345cfe16
12,0.06,-20%,14,10829.48149986038,10453.4119459775,042c345cfe16
12,0.06,-20%,15,10364.998362632054,9495.165079159002,042c345cfe16
12,0.06,+/-10%,1,17331.367022743332,17331.367022743332,042c345cfe16
12,0.06,+/-10%,2,15598.230320468998,15556.94626841595,042c345cfe16
12,0.06,+/-10%,3,14038.4072884221,13999.267441195834,042c345cfe16
12,0.06,+/-10%,4,12634.566559579884,12589.057064043269,042c345cfe16
12,0.06,+/-10%,5,11371.109903621897,11330.151356621966,042c345cfe16
12,0.06,+/-10%,6,10233.998913259707,10197.1362256325,042c345cfe16
12,0.06,+/-10%,7,9210.599021933736,9210.5990194125,042c345cfe16
12,0.06,+/-10%,8,9475.435538967316,9447.737250134998,042c345cfe16
12,0.06,+/-10%,9,10422.979092864049,10392.51097154,042c345cfe16
12,0.06,+/-10%,10,11465.277002150457,13394.203850661637,042c345cfe16
12,0.06,+/-10%,11,12611.8047023655,12054.783467107773,042c345cfe16
12,0.06,+/-10%,12,11703.248639055508,10849.305122095999,042c345cfe16
12,0.06,+/-10%,13,10613.701695177915,9973.784960272673,042c345cfe16
12,0.06,+/-10%,14,9552.331525660125,8976.406460822998,042c345cfe16
12,0.06,+/-10%,15,10507.56467822614,9878.11761392167,042c345cfe16
12,0.06,+/-20%,1,21472.22605050188,21472.22605050188,042c345cfe16
12,0.06,+/-20%,2,17177.78084040151,17148.859476538702,042c345cfe16
12,0.06,+/-20%,3,13742.22467232121,13717.38256833047,042c345cfe16
12,0.06,+/-20%,4,10993.779737856965,10968.585449957232,042c345cfe16
12,0.06,+/-20%,5,8795.023790285575,8774.86836053127,042c345cfe16
12,0.06,+/-20%,6,7036.019032228458,7036.0190290355,042c345cfe16
12,0.06,+/-20%,7,8443.22283867415,8443.222839132499,042c345cfe16
12,0.06,+/-20%,8,10131.867406408981,10148.688438439998,042c345cfe16
12,0.06,+/-20%,9,12158.240887690776,16666.416186201706,042c345cfe16
12,0.06,+/-20%,10,14589.889065228932,13327.296884167601,042c345cfe16
12,0.06,+/-20%,11,12706.07569393388,10661.837508479794,042c345cfe16
12,0.06,+/-20%,12,10164.8605551471,8529.470004688,042c345cfe16
12,0.06,+/-20%,13,10774.709312197436,10464.270328739029,042c345cfe16
12,0.06,+/-20%,14,8619.76744975795,8371.4162655815,042c345cfe16
12,0.06,+/-20%,15,8008.291688506104,8358.141012257694,042c345cfe16
13,0.0,NHF,1,7689.932110176666,7689.932110176666,042c345cfe16
13,0.0,NHF,2,0.0,396.16232130749995,042c345cfe16
13,0.0,NHF,3,10692.028267234999,2215.46691513,042c345cfe16
13,0.0,NHF,4,4743.052302249999,7756.044903487651,042c345cfe16
13,0.0,NHF,5,22809.66926145409,22374.742524415713,042c345cfe16
13,0.0,NHF,6,7704.8243520675005,8371.406636996833,042c345cfe16
13,0.0,NHF,7,29252.961100316657,11834.618213906457,042c345cfe16
13,0.0,NHF,8,11977.788858379,10834.040959459335,042c345cfe16
13,0.0,NHF,9,10176.709831674165,7678.016889173487,042c345cfe16
13,0.0,NHF,10,577.03839738,8664.985899177425,042c345cfe16
13,0.0,NHF,11,737.3026119599999,11556.401182455984,042c345cfe16
13,0.0,NHF,12,464.72506517999994,10806.09266881618,042c345cfe16
13,0.0,NHF,13,3648.72434856,10658.505829145637,042c345cfe16
13,0.0,NHF,14,1908.6789890240907,4380.24558885109,042c345cfe16
13,0.0,NHF,15,85069.11877648109,5683.428303042818,042c345cfe16
13,0.0,NDY,1,11165.005747959583,11165.005747959583,042c345cfe16
13,0.0,NDY,2,11165.005747959582,11053.6187558449,042c345cfe16
13,0.0,NDY,3,11165.005747959583,10801.977940029261,042c345cfe16
13,0.0,NDY,4,11165.005747959583,10557.823825979825,042c345cfe16
13,0.0,NDY,5,11165.005747959582,10182.459489109373,042c345cfe16
13,0.0,NDY,6,11165.005747959583,10315.936773234378,042c345cfe16
13,0.0,NDY,7,11165.005747959582,10315.90936215065,042c345cfe16
13,0.0,NDY,8,11165.005747959582,10336.338035663563,042c345cfe16
13,0.0,NDY,9,11165.005747959582,10226.386810138332,042c345cfe16
13,0.0,NDY,10,11165.005747959582,10148.738130002892,042c345cfe16
13,0.0,NDY,11,11165.00574795958,9924.026735412624,042c345cfe16
13,0.0,NDY,12,11165.00574795958,10097.498216339885,042c345cfe16
13,0.0,NDY,13,11165.00574795958,10099.511234301792,042c345cfe16
13,0.0,NDY,14,11165.00574795958,10158.021254482863,042c345cfe16
13,0.0,NDY,15,39672.37258711937,10386.76382856161,042c345cfe16
13,0.0,-10%,1,4734.686953504682,4734.686953504682,042c345cfe16
13,0.0,-10%,2,4261.218258154214,5023.666738689167,042c345cfe16
13,0.0,-10%,3,16717.92234226169,2683.5693469905004,042c345cfe16
13,0.0,-10%,4,16392.97668192179,11939.046042235988,042c345cfe16
13,0.0,-10%,5,14753.679013729614,17609.774514476085,042c345cfe16
13,0.0,-10%,6,13278.31111235665,15297.408094679655,042c345cfe16
13,0.0,-10%,7,11950.48000112099,14219.110240058446,042c345cfe16
13,0.0,-10%,8,10755.432001008894,13913.041351693659,042c345cfe16
13,0.0,-10%,9,9679.888800908002,11336.883954749517,042c345cfe16
13,0.0,-10%,10,8711.899920817204,5545.313543321514,042c345cfe16
13,0.0,-10%,11,7840.709928735484,10895.652264344319,042c345cfe16
13,0.0,-10%,12,7056.638935861936,7504.269220895915,042c345cfe16
13,0.0,-10%,13,6350.975042275744,5883.574670548501,042c345cfe16
13,0.0,-10%,14,5715.877538048171,5820.475378356563,042c345cfe16
13,0.0,-10%,15,59353.97396670314,8548.3658299535,042c345cfe16
13,0.0,-20%,1,4049.32979435866,4049.32979435866,042c345cfe16
13,0.0,-20%,2,3239.4638354869276,3533.7394050675,042c345cfe16
13,0.0,-20%,3,13429.109017953011,2946.8189013300002,042c345cfe16
13,0.0,-20%,4,10743.287214362414,7756.044903487651,042c345cfe16
13,0.0,-20%,5,20936.381137943452,24443.648322803947,042c345cfe16
13,0.0,-20%,6,16749.10491035476,16482.034278403306,042c345cfe16
13,0.0,-20%,7,13399.283928283814,13990.47961599324,042c345cfe16
13,0.0,-20%,8,10719.427142627055,14369.02382458855,042c345cfe16
13,0.0,-20%,9,8575.54171410164,9639.734158391666,042c345cfe16
13,0.0,-20%,10,6860.433371281314,7178.928410438789,042c345cfe16
13,0.0,-20%,11,5488.346697025051,8165.409175475419,042c345cfe16
13,0.0,-20%,12,4390.677357620041,9388.761781833764,042c345cfe16
13,0.0,-20%,13,3512.541886096032,8516.763181644323,042c345cfe16
13,0.0,-20%,14,9491.372317460704,6136.829003032209,042c345cfe16
13,0.0,-20%,15,65686.3529188297,6812.654352558499,042c345cfe16
13,0.0,+/-10%,1,9536.60106920581,9536.60106920581,042c345cfe16
13,0.0,+/-10%,2,10490.261176126389,10414.602584381553,042c345cfe16
13,0.0,+/-10%,3,11539.287293739031,11432.556000580837,042c345cfe16
13,0.0,+/-10%,4,12693.21602311294,10779.032459197027,042c345cfe16
13,0.0,+/-10%,5,13624.753700225121,13377.325615192003,042c345cfe16
13,0.0,+/-10%,6,12262.278330202611,12122.414296360366,042c345cfe16
13,0.0,+/-10%,7,11036.050497182356,11530.027903524364,042c345cfe16
13,0.0,+/-10%,8,9932.445447464124,10993.529809142012,042c345cfe16
13,0.0,+/-10%,9,10617.249787238436,10029.393523934732,042c345cfe16
13,0.0,+/-10%,10,11678.974765962279,9593.178917163776,042c345cfe16
13,0.0,+/-10%,11,12846.87224255851,9465.351486217694,042c345cfe16
13,0.0,+/-10%,12,14131.559466814359,10134.566080253619,042c345cfe16
13,0.0,+/-10%,13,15544.71541349579,10796.519739229241,042c345cfe16
13,0.0,+/-10%,14,17099.186954845376,12276.245126719186,042c345cfe16
13,0.0,+/-10%,15,18809.105650329915,11302.350676835977,042c345cfe16
13,0.0,+/-20%,1,8045.466457767563,8045.466457767563,042c345cfe16
13,0.0,+/-20%,2,9654.559749321077,9276.238713598332,042c345cfe16
13,0.0,+/-20%,3,11585.471699185291,9701.062425999604,042c345cfe16
13,0.0,+/-20%,4,13902.566039022351,10532.15959369826,042c345cfe16
13,0.0,+/-20%,5,16683.079246826816,17626.88461064152,042c345cfe16
13,0.0,+/-20%,6,13950.15290689946,15193.593900768825,042c345cfe16
13,0.0,+/-20%,7,11160.122325519573,9352.924461350163,042c345cfe16
13,0.0,+/-20%,8,9301.851574320404,12370.308795008013,042c345cfe16
13,0.0,+/-20%,9,7694.371441772899,8334.886685408272,042c345cfe16
13,0.0,+/-20%,10,9233.245730127479,7431.02162189827,042c345cfe16
13,0.0,+/-20%,11,11079.894876152974,9355.062910766817,042c345cfe16
13,0.0,+/-20%,12,13295.873851383569,9767.649998682498,042c345cfe16
13,0.0,+/-20%,13,15955.04862166028,14897.43956418944,042c345cfe16
13,0.0,+/-20%,14,19146.05834599234,12914.360997664238,042c345cfe16
13,0.0,+/-20%,15,22975.2700151908,11942.268804389818,042c345cfe16
13,0.02,NHF,1,36379.297378790834,36379.297378790834,042c345cfe16
13,0.02,NHF,2,10279.299479663001,10279.299479663001,042c345cfe16
13,0.02,NHF,3,7826.268216023501,7774.198294823501,042c345cfe16
13,0.02,NHF,4,6013.744920502,6077.630567302,042c345cfe16
13,0.02,NHF,5,9535.891147109498,9535.891147109498,042c345cfe16
13,0.02,NHF,6,8247.1558219795,8247.1558219795,042c345cfe16
13,0.02,NHF,7,13762.143762980002,13762.143762980002,042c345cfe16
13,0.02,NHF,8,14300.548906712498,14300.548906712498,042c345cfe16
13,0.02,NHF,9,17106.7478518905,17054.6779306905,042c345cfe16
13,0.02,NHF,10,6557.828661053501,6609.8985822535005,042c345cfe16
13,0.02,NHF,11,7762.1208018120005,8914.364581092,042c345cfe16
13,0.02,NHF,12,7664.320392947,6478.690834447,042c345cfe16
13,0.02,NHF,13,12597.027846679497,15708.349611499498,042c345cfe16
13,0.02,NHF,14,12165.615517599997,8726.971388820002,042c345cfe16
13,0.02,NHF,15,14031.8394240725,13093.885017092503,042c345cfe16
13,0.02,NDY,1,12441.01866865769,12441.01866865769,042c345cfe16
13,0.02,NDY,2,12441.018668657694,12276.833681677199,042c345cfe16
13,0.02,NDY,3,12441.018668657698,12126.42896676962,042c345cfe16
13,0.02,NDY,4,12441.018668657694,11979.032304725104,042c345cfe16
13,0.02,NDY,5,12441.018668657694,11900.997735867075,042c345cfe16
13,0.02,NDY,6,12441.018668657694,11838.206944141786,042c345cfe16
13,0.02,NDY,7,12441.018668657694,11791.022808590431,042c345cfe16
13,0.02,NDY,8,12441.018668657696,11721.397432915894,042c345cfe16
13,0.02,NDY,9,12441.018668657696,11656.466281629278,042c345cfe16
13,0.02,NDY,10,12441.018668657698,11578.84459589573,042c345cfe16
13,0.02,NDY,11,12441.0186686577,11510.258234578125,042c345cfe16
13,0.02,NDY,12,12441.018668657698,11469.547069887392,042c345cfe16
13,0.02,NDY,13,12441.018668657698,11439.241593533037,042c345cfe16
13,0.02,NDY,14,12441.018668657698,11400.397374484453,042c345cfe16
13,0.02,NDY,15,12441.018668657702,11373.69317540409,042c345cfe16
13,0.02,-10%,1,17789.487944446195,17789.487944446195,042c345cfe16
13,0.02,-10%,2,16010.539150001585,16007.870840482003,042c345cfe16
13,0.02,-10%,3,14409.485235001426,14375.437830790366,042c345cfe16
13,0.02,-10%,4,12968.536711501281,12942.050023223332,042c345cfe16
13,0.02,-10%,5,11671.683040351154,11647.845021003037,042c345cfe16
13,0.02,-10%,6,10504.51473631604,10483.060518297,042c345cfe16
13,0.02,-10%,7,9454.063262684434,9454.063265245,042c345cfe16
13,0.02,-10%,8,12932.069781480279,12175.6264256425,042c345cfe16
13,0.02,-10%,9,12076.19857476515,12712.331518624867,042c345cfe16
13,0.02,-10%,10,10868.578717288636,11446.943775459937,042c345cfe16
13,0.02,-10%,11,9781.720845559774,10302.249395722933,042c345cfe16
13,0.02,-10%,12,8803.548761003796,9272.0244585695,042c345cfe16
13,0.02,-10%,13,11049.986961651359,11221.711568769499,042c345cfe16
13,0.02,-10%,14,12395.928717086073,11060.854220321811,042c345cfe16
13,0.02,-10%,15,14055.638233352072,9954.7688007825,042c345cfe16
13,0.02,-20%,1,21728.436870544865,21728.436870544865,042c345cfe16
13,0.02,-20%,2,17382.749496435896,17346.477149776492,042c345cfe16
13,0.02,-20%,3,13906.199597148718,13587.152601591744,042c345cfe16
13,0.02,-20%,4,11124.959677718973,10179.2845467392,042c345cfe16
13,0.02,-20%,5,8899.967742175177,10308.944778877,042c345cfe16
13,0.02,-20%,6,8247.1558219795,8247.1558219795,042c345cfe16
13,0.02,-20%,7,8706.612367635686,8706.612368885,042c345cfe16
13,0.02,-20%,8,16144.237627502087,15456.9696390685,042c345cfe16
13,0.02,-20%,9,13354.6062751725,14169.216900987502,042c345cfe16
13,0.02,-20%,10,10683.685020138,11335.373518163,042c345cfe16
13,0.02,-20%,11,8546.948016110402,9068.298822642,042c345cfe16
13,0.02,-20%,12,9023.331327314832,7652.407975542,042c345cfe16
13,0.02,-20%,13,9602.570091175186,11127.1534772695,042c345cfe16
13,0.02,-20%,14,12766.68601394431,11783.090057325,042c345cfe16
13,0.02,-20%,15,14404.211591312775,10197.1907818985,042c345cfe16
13,0.02,+/-10%,1,17802.68320545272,17802.68320545272,042c345cfe16
13,0.02,+/-10%,2,16022.414884907454,16033.25701657893,042c345cfe16
13,0.02,+/-10%,3,14420.173396416707,14426.802008523722,042c345cfe16
13,0.02,+/-10%,4,12978.156056775037,12970.807518972828,042c345cfe16
13,0.02,+/-10%,5,11680.340451097529,11672.501466366632,042c345cfe16
13,0.02,+/-10%,6,10512.30640598778,10505.2513177095,042c345cfe16
13,0.02,+/-10%,7,10236.714533522256,10236.714534945,042c345cfe16
13,0.02,+/-10%,8,11260.385986874482,11260.3859890275,042c345cfe16
13,0.02,+/-10%,9,12386.42458556193,12682.537268415866,042c345cfe16
13,0.02,+/-10%,10,11147.782127005734,11414.2835383175,042c345cfe16
13,0.02,+/-10%,11,10033.003914305165,10329.39485504334,042c345cfe16
13,0.02,+/-10%,12,9785.49712828524,9296.455369256999,042c345cfe16
13,0.02,+/-10%,13,10764.046841113764,11525.040737130397,042c345cfe16
13,0.02,+/-10%,14,11840.451525225142,10179.132538760863,042c345cfe16
13,0.02,+/-10%,15,13024.496677747662,9969.381701537486,042c345cfe16
13,0.02,+/-20%,1,21707.407501347552,21707.407501347552,042c345cfe16
13,0.02,+/-20%,2,17365.92600107804,17329.78977416664,042c345cfe16
13,0.02,+/-20%,3,13892.740800862435,13866.509490036651,042c345cfe16
13,0.02,+/-20%,4,11114.192640689947,11057.560728763287,042c345cfe16
13,0.02,+/-20%,5,8891.354112551959,8922.322744255167,042c345cfe16
13,0.02,+/-20%,6,8509.054559982895,8511.149077222271,042c345cfe16
13,0.02,+/-20%,7,10210.865471979472,10213.3788888275,042c345cfe16
13,0.02,+/-20%,8,12253.038566375368,12256.054667232498,042c345cfe16
13,0.02,+/-20%,9,14703.646279650442,14823.98137220304,042c345cfe16
13,0.02,+/-20%,10,11762.91702372035,11734.734595731468,042c345cfe16
13,0.02,+/-20%,11,9410.333618976283,8701.287053362,042c345cfe16
13,0.02,+/-20%,12,8911.104993924851,9342.820075977,042c345cfe16
13,0.02,+/-20%,13,10375.25279084597,12315.721098604497,042c345cfe16
13,0.02,+/-20%,14,11027.667362971575,10253.198283114743,042c345cfe16
13,0.02,+/-20%,15,13233.200835565893,9427.6968815375,042c345cfe16
13,0.04,NHF,1,39211.36599963834,39211.36599963834,042c345cfe16
13,0.04,NHF,2,8987.1235248855,8987.1235248855,042c345cfe16
13,0.04,NHF,3,6109.8582264834995,6109.8582264834995,042c345cfe16
13,0.04,NHF,4,6532.295094427001,6532.295094427001,042c345cfe16
13,0.04,NHF,5,7820.575240757,7820.575240757,042c345cfe16
13,0.04,NHF,6,8247.1558219795,8247.1558219795,042c345cfe16
13,0.04,NHF,7,14484.18287,14484.18287,042c345cfe16
13,0.04,NHF,8,14194.591020227497,14194.591020227497,042c345cfe16
13,0.04,NHF,9,18442.6747096655,18442.6747096655,042c345cfe16
13,0.04,NHF,10,6407.166513433501,6407.166513433501,042c345cfe16
13,0.04,NHF,11,7834.585739882,7834.585739882,042c345cfe16
13,0.04,NHF,12,6613.878234127001,6613.878234127001,042c345cfe16
13,0.04,NHF,13,15573.634229359495,15573.634229359495,042c345cfe16
13,0.04,NHF,14,8621.013502335001,8621.013502335001,042c345cfe16
13,0.04,NHF,15,12529.873717757502,12529.873717757502,042c345cfe16
13,0.04,NDY,1,12290.087597958589,12290.087597958589,042c345cfe16
13,0.04,NDY,2,12290.087597958594,12100.450451815697,042c345cfe16
13,0.04,NDY,3,12290.087597958596,11960.893132446152,042c345cfe16
13,0.04,NDY,4,12290.087597958593,11865.574408367253,042c345cfe16
13,0.04,NDY,5,12290.087597958593,11772.804627835338,042c345cfe16
13,0.04,NDY,6,12290.08759795859,11695.862750823017,042c345cfe16
13,0.04,NDY,7,12290.087597958593,11628.153330704625,042c345cfe16
13,0.04,NDY,8,12290.08759795859,11584.640586985843,042c345cfe16
13,0.04,NDY,9,12290.087597958593,11502.253077059193,042c345cfe16
13,0.04,NDY,10,12290.087597958589,11427.092464577832,042c345cfe16
13,0.04,NDY,11,12290.08759795859,11345.022901904955,042c345cfe16
13,0.04,NDY,12,12290.087597958587,11308.486582370824,042c345cfe16
13,0.04,NDY,13,12290.087597958589,11251.903326578149,042c345cfe16
13,0.04,NDY,14,12290.08759795859,11235.11844306323,042c345cfe16
13,0.04,NDY,15,12290.087597958593,11224.307171751498,042c345cfe16
13,0.04,-10%,1,17841.19565857033,17841.19565857033,042c345cfe16
13,0.04,-10%,2,16057.0760927133,16040.202943824566,042c345cfe16
13,0.04,-10%,3,14451.368483441973,14435.650661625907,042c345cfe16
13,0.04,-10%,4,13006.231635097773,12984.774833190822,042c345cfe16
13,0.04,-10%,5,11705.608471587995,11686.297347104995,042c345cfe16
13,0.04,-10%,6,10535.047624429197,10517.6676134245,042c345cfe16
13,0.04,-10%,7,9481.542861986276,9481.542864145,042c345cfe16
13,0.04,-10%,8,9439.472203475309,9379.6325399075,042c345cfe16
13,0.04,-10%,9,13797.197998720836,13889.542746763496,042c345cfe16
13,0.04,-10%,10,12417.478198848754,12500.588471102594,042c345cfe16
13,0.04,-10%,11,11175.73037896388,11250.529623990633,042c345cfe16
13,0.04,-10%,12,10058.157341067492,10125.4766635775,042c345cfe16
13,0.04,-10%,13,10814.014676932604,10144.309883229498,042c345cfe16
13,0.04,-10%,14,9732.613209239344,9840.505337887054,042c345cfe16
13,0.04,-10%,15,8759.35188831541,8856.4548055425,042c345cfe16
13,0.04,-20%,1,21760.580707598387,21760.580707598387,042c345cfe16
13,0.04,-20%,2,17408.46456607871,17399.328696918885,042c345cfe16
13,0.04,-20%,3,13926.771652862972,13914.911536232086,042c345cfe16
13,0.04,-20%,4,11141.417322290374,11131.929228922054,042c345cfe16
13,0.04,-20%,5,8913.133857832301,8905.543385011499,042c345cfe16
13,0.04,-20%,6,8247.1558219795,8247.1558219795,042c345cfe16
13,0.04,-20%,7,8258.946938266663,8258.946939964999,042c345cfe16
13,0.04,-20%,8,12998.542537160836,12998.5425354625,042c345cfe16
13,0.04,-20%,9,15757.816212263355,15724.641322670803,042c345cfe16
13,0.04,-20%,10,12606.252969810685,12579.713060148633,042c345cfe16
13,0.04,-20%,11,10085.00237584855,10063.77045029466,042c345cfe16
13,0.04,-20%,12,8068.001900678838,8051.016357195001,042c345cfe16
13,0.04,-20%,13,9749.022851693691,10024.0051339245,042c345cfe16
13,0.04,-20%,14,11862.036141133336,11516.59877304256,042c345cfe16
13,0.04,-20%,15,9511.4939852925,9213.2790173575,042c345cfe16
13,0.04,+/-10%,1,17809.965144576636,17809.965144576636,042c345cfe16
13,0.04,+/-10%,2,16028.968630118978,16010.533386713443,042c345cfe16
13,0.04,+/-10%,3,14426.071767107082,14406.753146829913,042c345cfe16
13,0.04,+/-10%,4,12983.46459039637,12966.077831980903,042c345cfe16
13,0.04,+/-10%,5,11685.118131356734,11669.47004673437,042c345cfe16
13,0.04,+/-10%,6,10516.60631822106,10502.5230380735,042c345cfe16
13,0.04,+/-10%,7,9567.842415518106,9567.842415745,042c345cfe16
13,0.04,+/-10%,8,10524.626657069917,10524.6266591625,042c345cfe16
13,0.04,+/-10%,9,11577.08932277691,12139.538541634001,042c345cfe16
13,0.04,+/-10%,10,12734.798255054604,12481.857812015141,042c345cfe16
13,0.04,+/-10%,11,11461.318429549145,11233.672032153168,042c345cfe16
13,0.04,+/-10%,12,10315.186586594229,10110.304832207,042c345cfe16
13,0.04,+/-10%,13,11290.65955129437,11013.236542926497,042c345cfe16
13,0.04,+/-10%,14,10161.593596164934,9950.214063414585,042c345cfe16
13,0.04,+/-10%,15,9145.434236548443,9064.322046579535,042c345cfe16
13,0.04,+/-20%,1,21774.647174270398,21774.647174270398,042c345cfe16
13,0.04,+/-20%,2,17419.717739416326,17413.82284947879,042c345cfe16
13,0.04,+/-20%,3,13935.774191533063,13929.29086077838,042c345cfe16
13,0.04,+/-20%,4,11148.619353226444,11136.788733361573,042c345cfe16
13,0.04,+/-20%,5,8918.895482581158,8909.430985816498,042c345cfe16
13,0.04,+/-20%,6,8247.1558219795,8247.1558219795,042c345cfe16
13,0.04,+/-20%,7,9874.460093185227,9874.460089965,042c345cfe16
13,0.04,+/-20%,8,11849.352111822274,11849.3521150425,042c345cfe16
13,0.04,+/-20%,9,14219.22253418673,15147.1586888335,042c345cfe16
13,0.04,+/-20%,10,12920.619392107477,12373.469286895717,042c345cfe16
13,0.04,+/-20%,11,10336.495513685988,9476.183371042767,042c345cfe16
13,0.04,+/-20%,12,8366.479050217353,8678.98173918,042c345cfe16
13,0.04,+/-20%,13,10039.77486026082,11172.970948179498,042c345cfe16
13,0.04,+/-20%,14,12047.729832312987,10600.061564389613,042c345cfe16
13,0.04,+/-20%,15,9638.183865850395,8480.049250407485,042c345cfe16
13,0.06,NHF,1,39211.36599963834,39211.36599963834,042c345cfe16
13,0.06,NHF,2,8987.1235248855,8987.1235248855,042c345cfe16
13,0.06,NHF,3,6109.8582264834995,6109.8582264834995,042c345cfe16
13,0.06,NHF,4,6532.295094427001,6532.295094427001,042c345cfe16
13,0.06,NHF,5,7820.575240757,7820.575240757,042c345cfe16
13,0.06,NHF,6,8247.1558219795,8247.1558219795,042c345cfe16
13,0.06,NHF,7,14484.18287,14484.18287,042c345cfe16
13,0.06,NHF,8,14194.591020227497,14194.591020227497,042c345cfe16
13,0.06,NHF,9,18442.6747096655,18442.6747096655,042c345cfe16
13,0.06,NHF,10,6407.166513433501,6407.166513433501,042c345cfe16
13,0.06,NHF,11,7834.585739882,7834.585739882,042c345cfe16
13,0.06,NHF,12,6613.878234127001,6613.878234127001,042c345cfe16
13,0.06,NHF,13,15573.634229359495,15573.634229359495,042c345cfe16
13,0.06,NHF,14,8621.013502335001,8621.013502335001,042c345cfe16
13,0.06,NHF,15,12529.873717757502,12529.873717757502,042c345cfe16
13,0.06,NDY,1,12152.416761583454,12152.416761583454,042c345cfe16
13,0.06,NDY,2,12152.416761583456,11972.136818381137,042c345cfe16
13,0.06,NDY,3,12152.416761583458,11826.606236369176,042c345cfe16
13,0.06,NDY,4,12152.416761583458,11770.28504738618,042c345cfe16
13,0.06,NDY,5,12152.416761583452,11716.583221779796,042c345cfe16
13,0.06,NDY,6,12152.416761583454,11660.34185724074,042c345cfe16
13,0.06,NDY,7,12152.41676158346,11599.800033015243,042c345cfe16
13,0.06,NDY,8,12152.416761583458,11520.74501972729,042c345cfe16
13,0.06,NDY,9,12152.416761583456,11427.980295468033,042c345cfe16
13,0.06,NDY,10,12152.416761583454,11315.906948324728,042c345cfe16
13,0.06,NDY,11,12152.416761583454,11246.705753826101,042c345cfe16
13,0.06,NDY,12,12152.416761583456,11229.699934761324,042c345cfe16
13,0.06,NDY,13,12152.416761583454,11221.097347515513,042c345cfe16
13,0.06,NDY,14,12152.416761583454,11209.186721813514,042c345cfe16
13,0.06,NDY,15,12152.41676158346,11204.381320043854,042c345cfe16
13,0.06,-10%,1,17688.03231191562,17688.03231191562,042c345cfe16
13,0.06,-10%,2,15919.229080724064,15898.17680923559,042c345cfe16
13,0.06,-10%,3,14327.30617265166,14295.773406459288,042c345cfe16
13,0.06,-10%,4,12894.575555386493,12856.352333282051,042c345cfe16
13,0.06,-10%,5,11605.117999847842,11570.717102139066,042c345cfe16
13,0.06,-10%,6,10444.60619986306,10413.6453947885,042c345cfe16
13,0.06,-10%,7,9400.145579876753,9387.714424337375,042c345cfe16
13,0.06,-10%,8,8460.131021889081,8448.942980195001,042c345cfe16
13,0.06,-10%,9,14137.351748965686,13782.1742507525,042c345cfe16
13,0.06,-10%,10,12723.616574069118,12925.761438153997,042c345cfe16
13,0.06,-10%,11,11451.254916662207,11633.185296721249,042c345cfe16
13,0.06,-10%,12,10306.129424995985,10469.8667678895,042c345cfe16
13,0.06,-10%,13,10521.734784008508,10511.301679170407,042c345cfe16
13,0.06,-10%,14,9469.561305607656,9460.17151435,042c345cfe16
13,0.06,-10%,15,10072.516854519243,9794.011877541998,042c345cfe16
13,0.06,-20%,1,21724.79974524532,21724.79974524532,042c345cfe16
13,0.06,-20%,2,17379.839796196262,17348.009413832126,042c345cfe16
13,0.06,-20%,3,13903.871836957009,13862.425953109087,042c345cfe16
13,0.06,-20%,4,11123.097469565606,11089.940762123897,042c345cfe16
13,0.06,-20%,5,8898.477975652486,8871.952605233999,042c345cfe16
13,0.06,-20%,6,8247.1558219795,8247.1558219795,042c345cfe16
13,0.06,-20%,7,7903.221150278052,7903.221151284999,042c345cfe16
13,0.06,-20%,8,12603.226350893878,12198.43077664,042c345cfe16
13,0.06,-20%,9,15942.429282627316,16242.544689185197,042c345cfe16
13,0.06,-20%,10,12753.943426101854,12990.863097158403,042c345cfe16
13,0.06,-20%,11,10203.154740881484,10392.69047514903,042c345cfe16
13,0.06,-20%,12,8162.523792705186,8314.152380545,042c345cfe16
13,0.06,-20%,13,10479.24159789616,9664.923065769499,042c345cfe16
13,0.06,-20%,14,11281.608026048225,11294.439291602264,042c345cfe16
13,0.06,-20%,15,9025.28642083858,9035.55143107,042c345cfe16
13,0.06,+/-10%,1,17695.55931916246,17695.55931916246,042c345cfe16
13,0.06,+/-10%,2,15926.00338724622,15896.898002997015,042c345cfe16
13,0.06,+/-10%,3,14333.403048521603,14282.323112190104,042c345cfe16
13,0.06,+/-10%,4,12900.062743669441,12851.719159200553,042c345cfe16
13,0.06,+/-10%,5,11610.056469302495,11562.515589291917,042c345cfe16
13,0.06,+/-10%,6,10449.050822372248,10406.2640312945,042c345cfe16
13,0.06,+/-10%,7,9404.145740135024,9206.19334040024,042c345cfe16
13,0.06,+/-10%,8,9883.940843292477,10126.8126748025,042c345cfe16
13,0.06,+/-10%,9,10872.334927621723,11157.598865815,042c345cfe16
13,0.06,+/-10%,10,11959.568420383897,13337.626335795905,042c345cfe16
13,0.06,+/-10%,11,13064.286369639045,12003.863702268467,042c345cfe16
13,0.06,+/-10%,12,11757.857732675137,10803.4773330025,042c345cfe16
13,0.06,+/-10%,13,11237.485957322766,11086.137484325393,042c345cfe16
13,0.06,+/-10%,14,10113.73736159049,9628.755327077006,042c345cfe16
13,0.06,+/-10%,15,9102.363625431442,8665.879794016959,042c345cfe16
13,0.06,+/-20%,1,21719.878285890092,21719.878285890092,042c345cfe16
13,0.06,+/-20%,2,17375.90262871208,17333.712006457354,042c345cfe16
13,0.06,+/-20%,3,13900.722102969661,13851.498477083074,042c345cfe16
13,0.06,+/-20%,4,11120.577682375728,11081.19878389948,042c345cfe16
13,0.06,+/-20%,5,8896.462145900585,8864.959027935998,042c345cfe16
13,0.06,+/-20%,6,7743.010207887603,8041.585029725656,042c345cfe16
13,0.06,+/-20%,7,9291.612249465124,8946.95758731,042c345cfe16
13,0.06,+/-20%,8,11149.934699358151,10736.349104387502,042c345cfe16
13,0.06,+/-20%,9,13379.92163922978,16420.28506986596,042c345cfe16
13,0.06,+/-20%,10,14312.043876579837,13136.229705036498,042c345cfe16
13,0.06,+/-20%,11,11449.63510126387,10508.983767204394,042c345cfe16
13,0.06,+/-20%,12,9159.708081011097,8407.187010936,042c345cfe16
13,0.06,+/-20%,13,10807.009102338348,10876.210692164497,042c345cfe16
13,0.06,+/-20%,14,10653.252105493682,9948.095898848018,042c345cfe16
13,0.06,+/-20%,15,8522.601684394947,8801.4815819875,042c345cfe16
14,0.0,NHF,1,6360.229446372499,6360.229446372499,042c345cfe16
14,0.0,NHF,2,0.0,121.94986871500001,042c345cfe16
14,0.0,NHF,3,11862.944436535,2672.1927807150005,042c345cfe16
14,0.0,NHF,4,5332.013623667499,9187.485073080174,042c345cfe16
14,0.0,NHF,5,22883.43742522818,25325.062897874326,042c345cfe16
14,0.0,NHF,6,5989.045036015,6947.612674901167,042c345cfe16
14,0.0,NHF,7,26485.69459005667,9295.693840919817,042c345cfe16
14,0.0,NHF,8,14204.3497328755,11806.195934222407,042c345cfe16
14,0.0,NHF,9,11425.713075936666,6815.40969163553,042c345cfe16
14,0.0,NHF,10,502.9969775,9517.876793729698,042c345cfe16
14,0.0,NHF,11,755.13619268,8912.046849829545,042c345cfe16
14,0.0,NHF,12,389.42291442,11942.424282916742,042c345cfe16
14,0.0,NHF,13,2440.4690722,7192.611044591002,042c345cfe16
14,0.0,NHF,14,1348.8235023086363,6058.979659385137,042c345cfe16
14,0.0,NHF,15,85510.29218675903,9427.653414498818,042c345cfe16
14,0.0,NDY,1,10854.858085674428,10854.858085674428,042c345cfe16
14,0.0,NDY,2,10854.858085674425,10796.729715208445,042c345cfe16
14,0.0,NDY,3,10854.858085674425,10580.56521506828,042c345cfe16
14,0.0,NDY,4,10854.858085674425,10428.624106578909,042c345cfe16
14,0.0,NDY,5,10854.858085674425,10063.011615700507,042c345cfe16
14,0.0,NDY,6,10854.858085674427,10056.631872500722,042c345cfe16
14,0.0,NDY,7,10854.858085674425,10229.591324739667,042c345cfe16
14,0.0,NDY,8,10854.858085674427,10231.672644365393,042c345cfe16
14,0.0,NDY,9,10854.858085674427,10234.120995023999,042c345cfe16
14,0.0,NDY,10,10854.858085674423,10043.185118148313,042c345cfe16
14,0.0,NDY,11,10854.858085674425,9924.869963063591,042c345cfe16
14,0.0,NDY,12,10854.858085674425,9882.310208006398,042c345cfe16
14,0.0,NDY,13,10854.858085674423,9839.27355262758,042c345cfe16
14,0.0,NDY,14,10854.858085674427,9951.051932295337,042c345cfe16
14,0.0,NDY,15,41806.49318254965,9930.234397509881,042c345cfe16
14,0.0,-10%,1,4955.763143702043,4955.763143702043,042c345cfe16
14,0.0,-10%,2,4460.186829331839,3158.04863077,042c345cfe16
14,0.0,-10%,3,17737.93910426489,5174.606880649644,042c345cfe16
14,0.0,-10%,4,15964.145193838396,12316.674960900395,042c345cfe16
14,0.0,-10%,5,14367.730674454557,17988.08188088183,042c345cfe16
14,0.0,-10%,6,12930.957607009103,14694.274879188873,042c345cfe16
14,0.0,-10%,7,11637.861846308193,13777.836873527307,042c345cfe16
14,0.0,-10%,8,10474.075661677372,12940.780498976947,042c345cfe16
14,0.0,-10%,9,9426.668095509636,11009.225969332692,042c345cfe16
14,0.0,-10%,10,8484.001285958671,7559.241412997876,042c345cfe16
14,0.0,-10%,11,7635.601157362807,8036.788483108,042c345cfe16
14,0.0,-10%,12,6872.041041626526,9491.98653639609,042c345cfe16
14,0.0,-10%,13,6184.836937463874,7794.1084044225,042c345cfe16
14,0.0,-10%,14,5566.353243717486,11033.566270110114,042c345cfe16
14,0.0,-10%,15,59229.46107310705,11885.399302098083,042c345cfe16
14,0.0,-20%,1,3300.4274706810183,3300.4274706810183,042c345cfe16
14,0.0,-20%,2,2640.341976544815,3730.378185145,042c345cfe16
14,0.0,-20%,3,14377.41764605815,3280.262326415,042c345cfe16
14,0.0,-20%,4,12454.27045781095,8039.121255600175,042c345cfe16
14,0.0,-20%,5,20080.885327041844,24755.52625978439,042c345cfe16
14,0.0,-20%,6,16064.708261633483,15878.777108795859,042c345cfe16
14,0.0,-20%,7,12851.76660930678,10824.440461410722,042c345cfe16
14,0.0,-20%,8,10281.413287445424,11800.409744600061,042c345cfe16
14,0.0,-20%,9,8225.13062995634,7789.156326421667,042c345cfe16
14,0.0,-20%,10,6580.104503965073,11870.58371622105,042c345cfe16
14,0.0,-20%,11,5264.083603172057,10208.653330083995,042c345cfe16
14,0.0,-20%,12,4211.266882537646,8243.0804199485,042c345cfe16
14,0.0,-20%,13,3369.0135060301172,9639.742774534947,042c345cfe16
14,0.0,-20%,14,7926.5348118567035,7530.130778053355,042c345cfe16
14,0.0,-20%,15,67635.47392070512,9573.8096093041,042c345cfe16
14,0.0,+/-10%,1,9265.10199846046,9265.10199846046,042c345cfe16
14,0.0,+/-10%,2,10191.612198306508,10225.773966907946,042c345cfe16
14,0.0,+/-10%,3,11210.77341813716,11222.444704361093,042c345cfe16
14,0.0,+/-10%,4,12331.850759950874,11196.217647396526,042c345cfe16
14,0.0,+/-10%,5,13565.035835945962,13300.783016881614,042c345cfe16
14,0.0,+/-10%,6,12208.532252351371,12341.205021002985,042c345cfe16
14,0.0,+/-10%,7,10987.679027116228,11873.082929876275,042c345cfe16
14,0.0,+/-10%,8,9888.911124404613,11053.012252562343,042c345cfe16
14,0.0,+/-10%,9,10498.011765389907,10017.968903022953,042c345cfe16
14,0.0,+/-10%,10,11547.8129419289,10020.664915663578,042c345cfe16
14,0.0,+/-10%,11,12702.59423612178,8694.531501909869,042c345cfe16
14,0.0,+/-10%,12,13972.853659733968,11841.385301133676,042c345cfe16
14,0.0,+/-10%,13,15370.139025707365,10369.013956296518,042c345cfe16
14,0.0,+/-10%,14,16907.1529282781,12141.934431832384,042c345cfe16
14,0.0,+/-10%,15,18597.86822110592,11136.274026554616,042c345cfe16
14,0.0,+/-20%,1,7745.723958464434,7745.723958464434,042c345cfe16
14,0.0,+/-20%,2,9294.86875015732,9189.509735520463,042c345cfe16
14,0.0,+/-20%,3,11153.842500188783,10189.612912420616,042c345cfe16
14,0.0,+/-20%,4,13384.611000226538,10934.892825625033,042c345cfe16
14,0.0,+/-20%,5,16061.533200271857,17209.14979257915,042c345cfe16
14,0.0,+/-20%,6,13471.051464106447,12980.730813737062,042c345cfe16
14,0.0,+/-20%,7,10776.841171285161,13829.566246637074,042c345cfe16
14,0.0,+/-20%,8,10162.239878078937,12056.48770618661,042c345cfe16
14,0.0,+/-20%,9,8129.7919024631465,9687.692320535476,042c345cfe16
14,0.0,+/-20%,10,9136.362727963693,8682.94594569917,042c345cfe16
14,0.0,+/-20%,11,10963.63527355643,7305.559882238379,042c345cfe16
14,0.0,+/-20%,12,13156.362328267716,9319.171950166416,042c345cfe16
14,0.0,+/-20%,13,15787.634793921263,12262.51488010041,042c345cfe16
14,0.0,+/-20%,14,18945.161752705517,14509.747113126092,042c345cfe16
14,0.0,+/-20%,15,22734.194103246617,11818.276195272114,042c345cfe16
14,0.02,NHF,1,39194.24715708834,39194.24715708834,042c345cfe16
14,0.02,NHF,2,6882.16066421,6882.16066421,042c345cfe16
14,0.02,NHF,3,8332.391070270502,7826.859698265503,042c345cfe16
14,0.02,NHF,4,4777.909486649,5398.156222844001,042c345cfe16
14,0.02,NHF,5,9009.0930501035,9009.0930501035,042c345cfe16
14,0.02,NHF,6,6902.708798378,6902.708798378,042c345cfe16
14,0.02,NHF,7,14723.873770215,14723.873770215,042c345cfe16
14,0.02,NHF,8,15546.4591545795,15546.4591545795,042c345cfe16
14,0.02,NHF,9,15944.332536144999,15438.80116414,042c345cfe16
14,0.02,NHF,10,8365.7948571755,8871.3262291805,042c345cfe16
14,0.02,NHF,11,7335.459852224,8016.080002379,042c345cfe16
14,0.02,NHF,12,5689.707276316,5479.179509456,042c345cfe16
14,0.02,NHF,13,13977.407554623,15802.807764993,042c345cfe16
14,0.02,NHF,14,9361.58565923,6492.080927999999,042c345cfe16
14,0.02,NHF,15,15739.165681499499,14852.975601679498,042c345cfe16
14,0.02,NDY,1,12254.319961074574,12254.319961074574,042c345cfe16
14,0.02,NDY,2,12254.319961074576,12104.784934598396,042c345cfe16
14,0.02,NDY,3,12254.319961074576,11963.196776470062,042c345cfe16
14,0.02,NDY,4,12254.319961074574,11835.957445806187,042c345cfe16
14,0.02,NDY,5,12254.319961074574,11766.479408422378,042c345cfe16
14,0.02,NDY,6,12254.319961074576,11703.91191721123,042c345cfe16
14,0.02,NDY,7,12254.319961074578,11649.763172059713,042c345cfe16
14,0.02,NDY,8,12254.319961074578,11602.06274635992,042c345cfe16
14,0.02,NDY,9,12254.319961074578,11543.672851771076,042c345cfe16
14,0.02,NDY,10,12254.31996107458,11462.038841788033,042c345cfe16
14,0.02,NDY,11,12254.319961074576,11400.306244098,042c345cfe16
14,0.02,NDY,12,12254.31996107458,11334.807362407722,042c345cfe16
14,0.02,NDY,13,12254.319961074578,11310.605195467939,042c345cfe16
14,0.02,NDY,14,12254.319961074576,11280.502711285244,042c345cfe16
14,0.02,NDY,15,12254.319961074578,11248.148734009474,042c345cfe16
14,0.02,-10%,1,17324.559836980312,17324.559836980312,042c345cfe16
14,0.02,-10%,2,15592.103853282277,15600.982009684187,042c345cfe16
14,0.02,-10%,3,14032.89346795405,14017.353175084729,042c345cfe16
14,0.02,-10%,4,12629.604121158647,12604.78534828074,042c345cfe16
14,0.02,-10%,5,11366.64370904278,11341.55477057248,042c345cfe16
14,0.02,-10%,6,10229.979338138506,10207.399294533,042c345cfe16
14,0.02,-10%,7,9206.981404324653,9206.98140422,042c345cfe16
14,0.02,-10%,8,13648.985954048487,13712.203129247999,042c345cfe16
14,0.02,-10%,9,12284.087358643637,12411.047603862502,042c345cfe16
14,0.02,-10%,10,11055.678622779276,11240.59847490077,042c345cfe16
14,0.02,-10%,11,9950.110760501348,10116.538625393787,042c345cfe16
14,0.02,-10%,12,8955.099684451216,9104.884763046,042c345cfe16
14,0.02,-10%,13,9362.170835519335,9716.595606223002,042c345cfe16
14,0.02,-10%,14,12117.154155295346,11492.917669444752,042c345cfe16
14,0.02,-10%,15,13837.032834733143,10343.625902728,042c345cfe16
14,0.02,-20%,1,21318.08216786162,21318.08216786162,042c345cfe16
14,0.02,-20%,2,17054.4657342893,17046.529380788543,042c345cfe16
14,0.02,-20%,3,13643.57258743144,13614.206935834012,042c345cfe16
14,0.02,-20%,4,10914.858069945152,10892.025069433752,042c345cfe16
14,0.02,-20%,5,8731.886455956123,8713.620053068262,042c345cfe16
14,0.02,-20%,6,6985.509164764899,6970.896038338,042c345cfe16
14,0.02,-20%,7,8736.718551792337,8736.718554,042c345cfe16
14,0.02,-20%,8,16942.289828712866,16942.2898243415,042c345cfe16
14,0.02,-20%,9,13553.831862970294,14048.383503251998,042c345cfe16
14,0.02,-20%,10,10998.67574697343,11401.049154286438,042c345cfe16
14,0.02,-20%,11,9615.156552624663,9120.839323998924,042c345cfe16
14,0.02,-20%,12,7692.125242099729,7296.6714618860005,042c345cfe16
14,0.02,-20%,13,8430.729686395001,8671.792846203,042c345cfe16
14,0.02,-20%,14,10586.553889450824,11765.405258845,042c345cfe16
14,0.02,-20%,15,17130.629499897386,12349.7933292765,042c345cfe16
14,0.02,+/-10%,1,17321.82530564732,17321.82530564732,042c345cfe16
14,0.02,+/-10%,2,15589.642775082588,15593.566435949575,042c345cfe16
14,0.02,+/-10%,3,14030.678497574329,14027.966399341298,042c345cfe16
14,0.02,+/-10%,4,12627.610647816893,12608.506905703187,042c345cfe16
14,0.02,+/-10%,5,11364.849583035206,11340.388950056762,042c345cfe16
14,0.02,+/-10%,6,10228.364624731686,10206.350055432998,042c345cfe16
14,0.02,+/-10%,7,10465.998701851751,10465.998698079999,042c345cfe16
14,0.02,+/-10%,8,11512.59857203693,11512.5985657255,042c345cfe16
14,0.02,+/-10%,9,12593.726778021171,12752.723458675231,042c345cfe16
14,0.02,+/-10%,10,11334.354100219054,11479.883266107927,042c345cfe16
14,0.02,+/-10%,11,10200.91869019715,10331.894941137298,042c345cfe16
14,0.02,+/-10%,12,9331.532795732977,9298.705443920999,042c345cfe16
14,0.02,+/-10%,13,10264.686075306276,10867.385806790537,042c345cfe16
14,0.02,+/-10%,14,11291.154682836903,9780.682885408922,042c345cfe16
14,0.02,+/-10%,15,12420.270151120592,10242.710922227998,042c345cfe16
14,0.02,+/-20%,1,21060.44618828375,21060.44618828375,042c345cfe16
14,0.02,+/-20%,2,16848.356950627,16827.606441767948,042c345cfe16
14,0.02,+/-20%,3,13478.685560501597,13452.264915335742,042c345cfe16
14,0.02,+/-20%,4,10782.948448401277,10763.400226869882,042c345cfe16
14,0.02,+/-20%,5,8626.358758721024,8607.48605473209,042c345cfe16
14,0.02,+/-20%,6,8645.687186114556,8645.687178338001,042c345cfe16
14,0.02,+/-20%,7,10374.824623337463,10374.82462122,042c345cfe16
14,0.02,+/-20%,8,12449.789548004957,12449.789543873,042c345cfe16
14,0.02,+/-20%,9,14939.747457605945,15145.122986906843,042c345cfe16
14,0.02,+/-20%,10,12037.75829190306,12121.633555036131,042c345cfe16
14,0.02,+/-20%,11,9649.36424556748,9140.833686314583,042c345cfe16
14,0.02,+/-20%,12,7946.105788849585,8424.423315556,042c345cfe16
14,0.02,+/-20%,13,9535.3269466195,10109.307979643001,042c345cfe16
14,0.02,+/-20%,14,11004.468487342281,9686.089253549999,042c345cfe16
14,0.02,+/-20%,15,13205.362184810736,10263.457466185726,042c345cfe16
14,0.04,NHF,1,40680.487381400846,40680.487381400846,042c345cfe16
14,0.04,NHF,2,6180.765471885001,6180.765471885001,042c345cfe16
14,0.04,NHF,3,7398.951956925502,7398.951956925502,042c345cfe16
14,0.04,NHF,4,5238.369678209,5238.369678209,042c345cfe16
14,0.04,NHF,5,7926.023978586,7926.023978586,042c345cfe16
14,0.04,NHF,6,6902.708798378,6902.708798378,042c345cfe16
14,0.04,NHF,7,15034.1292018,15034.1292018,042c345cfe16
14,0.04,NHF,8,15686.1526947195,15686.1526947195,042c345cfe16
14,0.04,NHF,9,16584.486650500003,16584.486650500003,042c345cfe16
14,0.04,NHF,10,8240.1181589455,8240.1181589455,042c345cfe16
14,0.04,NHF,11,7414.457395089001,7414.457395089001,042c345cfe16
14,0.04,NHF,12,5557.497280136,5557.497280136,042c345cfe16
14,0.04,NHF,13,15671.941645337998,15671.941645337998,042c345cfe16
14,0.04,NHF,14,6631.77446814,6631.77446814,042c345cfe16
14,0.04,NHF,15,14908.5580019595,14908.558001959498,042c345cfe16
14,0.04,NDY,1,12130.087709530653,12130.087709530653,042c345cfe16
14,0.04,NDY,2,12130.087709530657,11932.078808146784,042c345cfe16
14,0.04,NDY,3,12130.087709530651,11787.261485417823,042c345cfe16
14,0.04,NDY,4,12130.087709530655,11673.108444775015,042c345cfe16
14,0.04,NDY,5,12130.087709530655,11582.962083376091,042c345cfe16
14,0.04,NDY,6,12130.087709530657,11509.687791488624,042c345cfe16
14,0.04,NDY,7,12130.087709530655,11444.422934185366,042c345cfe16
14,0.04,NDY,8,12130.087709530655,11389.648730715346,042c345cfe16
14,0.04,NDY,9,12130.087709530653,11329.48382360036,042c345cfe16
14,0.04,NDY,10,12130.087709530659,11276.610048761257,042c345cfe16
14,0.04,NDY,11,12130.08770953066,11202.93111800705,042c345cfe16
14,0.04,NDY,12,12130.087709530659,11166.687294300737,042c345cfe16
14,0.04,NDY,13,12130.087709530659,11138.534394887325,042c345cfe16
14,0.04,NDY,14,12130.08770953066,11103.296676156267,042c345cfe16
14,0.04,NDY,15,12130.08770953066,11092.77357598269,042c345cfe16
14,0.04,-10%,1,17336.955737400705,17336.955737400705,042c345cfe16
14,0.04,-10%,2,15603.260163660634,15591.436567458863,042c345cfe16
14,0.04,-10%,3,14042.934147294567,14022.123490809303,042c345cfe16
14,0.04,-10%,4,12638.640732565114,12617.795011850192,042c345cfe16
14,0.04,-10%,5,11374.776659308603,11351.384547149368,042c345cfe16
14,0.04,-10%,6,10237.298993377743,10216.2460946485,042c345cfe16
14,0.04,-10%,7,9213.569094039969,9213.56909614,042c345cfe16
14,0.04,-10%,8,11819.611587923193,11743.7277657655,042c345cfe16
14,0.04,-10%,9,13150.491599998446,13169.604362461,042c345cfe16
14,0.04,-10%,10,11835.442439998602,11930.079291589951,042c345cfe16
14,0.04,-10%,11,10651.898195998743,10737.071364443218,042c345cfe16
14,0.04,-10%,12,9586.70837639887,9663.364227316999,042c345cfe16
14,0.04,-10%,13,9747.246186865576,9959.151242783999,042c345cfe16
14,0.04,-10%,14,10870.931742372693,10280.335196678701,042c345cfe16
14,0.04,-10%,15,10024.878213352837,9252.3016805305,042c345cfe16
14,0.04,-20%,1,21359.328862244136,21359.328862244136,042c345cfe16
14,0.04,-20%,2,17087.463089795314,17086.93656854222,042c345cfe16
14,0.04,-20%,3,13669.970471836248,13665.930921250194,042c345cfe16
14,0.04,-20%,4,10935.976377469,10932.31218682786,042c345cfe16
14,0.04,-20%,5,8748.7811019752,8745.849747405242,042c345cfe16
14,0.04,-20%,6,6999.024881580161,6996.679795678,042c345cfe16
14,0.04,-20%,7,8711.47468696,8711.47468696,042c345cfe16
14,0.04,-20%,8,14299.854805914892,14299.854803065498,042c345cfe16
14,0.04,-20%,9,15227.515765276212,15229.20757419,042c345cfe16
14,0.04,-20%,10,12182.012612220966,12198.408899397402,042c345cfe16
14,0.04,-20%,11,9745.610089776774,9758.433859637182,042c345cfe16
14,0.04,-20%,12,7796.48807182142,7806.747088396,042c345cfe16
14,0.04,-20%,13,10187.13502792662,9595.914031978,042c345cfe16
14,0.04,-20%,14,10685.707083330002,11276.92807798,042c345cfe16
14,0.04,-20%,15,9906.57539646489,10042.080653165498,042c345cfe16
14,0.04,+/-10%,1,17328.936065245747,17328.936065245747,042c345cfe16
14,0.04,+/-10%,2,15596.042458721171,15583.814508380674,042c345cfe16
14,0.04,+/-10%,3,14036.438212849054,14017.555719569933,042c345cfe16
14,0.04,+/-10%,4,12632.794391564148,12614.175197925893,042c345cfe16
14,0.04,+/-10%,5,11369.514952407737,11352.757678717402,042c345cfe16
14,0.04,+/-10%,6,10232.563457166965,10217.4819106795,042c345cfe16
14,0.04,+/-10%,7,10104.484564284521,10104.484561459998,042c345cfe16
14,0.04,+/-10%,8,11114.933020712977,11114.9330235375,042c345cfe16
14,0.04,+/-10%,9,12226.426322784273,12226.426308920001,042c345cfe16
14,0.04,+/-10%,10,12075.95052985295,12134.905646850788,042c345cfe16
14,0.04,+/-10%,11,10868.35547686766,10921.415082611387,042c345cfe16
14,0.04,+/-10%,12,9781.519929180895,9829.2735734245,042c345cfe16
14,0.04,+/-10%,13,10759.671922098985,10886.173057551709,042c345cfe16
14,0.04,+/-10%,14,10313.008924163474,9797.555749568099,042c345cfe16
14,0.04,+/-10%,15,9732.3691211025,9247.5028428225,042c345cfe16
14,0.04,+/-20%,1,21278.110781527488,21278.110781527488,042c345cfe16
14,0.04,+/-20%,2,17022.48862522199,17007.778653629957,042c345cfe16
14,0.04,+/-20%,3,13617.990900177592,13600.755442462982,042c345cfe16
14,0.04,+/-20%,4,10894.392720142074,10876.511287192889,042c345cfe16
14,0.04,+/-20%,5,8715.51417611366,8700.177157333568,042c345cfe16
14,0.04,+/-20%,6,7471.554289250345,7472.151759613828,042c345cfe16
14,0.04,+/-20%,7,8965.865147100414,8966.58210955,042c345cfe16
14,0.04,+/-20%,8,10759.038176520497,12480.417223790499,042c345cfe16
14,0.04,+/-20%,9,12910.845811824593,16069.336704448711,042c345cfe16
14,0.04,+/-20%,10,15493.014974189515,12855.46936309013,042c345cfe16
14,0.04,+/-20%,11,12394.41197935161,10284.3754935365,042c345cfe16
14,0.04,+/-20%,12,9915.529583481288,8277.96990984,042c345cfe16
14,0.04,+/-20%,13,9689.087402479225,9604.261950267999,042c345cfe16
14,0.04,+/-20%,14,9061.092955317104,9231.915236955,042c345cfe16
14,0.04,+/-20%,15,9908.063113305909,9318.794148831765,042c345cfe16
14,0.06,NHF,1,40680.487381400846,40680.487381400846,042c345cfe16
14,0.06,NHF,2,6180.765471885001,6180.765471885001,042c345cfe16
14,0.06,NHF,3,7398.951956925502,7398.951956925502,042c345cfe16
14,0.06,NHF,4,5238.369678209,5238.369678209,042c345cfe16
14,0.06,NHF,5,7926.023978586,7926.023978586,042c345cfe16
14,0.06,NHF,6,6902.708798378,6902.708798378,042c345cfe16
14,0.06,NHF,7,15034.1292018,15034.1292018,042c345cfe16
14,0.06,NHF,8,15686.1526947195,15686.1526947195,042c345cfe16
14,0.06,NHF,9,16584.486650500003,16584.486650500003,042c345cfe16
14,0.06,NHF,10,8240.1181589455,8240.1181589455,042c345cfe16
14,0.06,NHF,11,7414.457395089001,7414.457395089001,042c345cfe16
14,0.06,NHF,12,5557.497280136,5557.497280136,042c345cfe16
14,0.06,NHF,13,15671.941645337998,15671.941645337998,042c345cfe16
14,0.06,NHF,14,6631.77446814,6631.77446814,042c345cfe16
14,0.06,NHF,15,14908.5580019595,14908.558001959498,042c345cfe16
14,0.06,NDY,1,11981.785175114097,11981.785175114097,042c345cfe16
14,0.06,NDY,2,11981.785175114095,11816.516883356682,042c345cfe16
14,0.06,NDY,3,11981.785175114092,11645.146483033817,042c345cfe16
14,0.06,NDY,4,11981.785175114095,11593.459721194598,042c345cfe16
14,0.06,NDY,5,11981.785175114093,11551.9259386377,042c345cfe16
14,0.06,NDY,6,11981.785175114092,11471.479132069646,042c345cfe16
14,0.06,NDY,7,11981.785175114093,11410.350368672118,042c345cfe16
14,0.06,NDY,8,11981.785175114095,11366.633997796582,042c345cfe16
14,0.06,NDY,9,11981.785175114093,11293.805919016308,042c345cfe16
14,0.06,NDY,10,11981.785175114095,11226.760746420152,042c345cfe16
14,0.06,NDY,11,11981.785175114093,11102.391159655139,042c345cfe16
14,0.06,NDY,12,11981.785175114093,11087.734363285917,042c345cfe16
14,0.06,NDY,13,11981.785175114093,11082.864557125748,042c345cfe16
14,0.06,NDY,14,11981.785175114092,11068.17689183589,042c345cfe16
14,0.06,NDY,15,11981.785175114093,11062.516742548753,042c345cfe16
14,0.06,-10%,1,17166.838085725834,17166.838085725834,042c345cfe16
14,0.06,-10%,2,15450.154277153248,15429.159789876268,042c345cfe16
14,0.06,-10%,3,13905.138849437923,13865.863511465848,042c345cfe16
14,0.06,-10%,4,12514.62496449413,12464.746184200365,042c345cfe16
14,0.06,-10%,5,11263.162468044718,11213.038398776269,042c345cfe16
14,0.06,-10%,6,10136.846221240248,10091.734554162002,042c345cfe16
14,0.06,-10%,7,9123.161599116222,9123.16160144,042c345cfe16
14,0.06,-10%,8,8792.023692416093,8802.84504745,042c345cfe16
14,0.06,-10%,9,14320.548205494206,13399.670818265498,042c345cfe16
14,0.06,-10%,10,12888.493384944786,13161.01155100899,042c345cfe16
14,0.06,-10%,11,11599.644046450308,11839.779293187354,042c345cfe16
14,0.06,-10%,12,10439.679641805276,10655.801363043014,042c345cfe16
14,0.06,-10%,13,9395.711677624751,9590.221224337518,042c345cfe16
14,0.06,-10%,14,8456.140509862274,8631.19910373,042c345cfe16
14,0.06,-10%,15,11403.369629324803,10594.450245155,042c345cfe16
14,0.06,-20%,1,21289.91646503887,21289.91646503887,042c345cfe16
14,0.06,-20%,2,17031.933172031102,17028.469429925757,042c345cfe16
14,0.06,-20%,3,13625.546537624878,13622.102375769915,042c345cfe16
14,0.06,-20%,4,10900.437230099904,10897.681901512653,042c345cfe16
14,0.06,-20%,5,8720.349784079925,8718.145519641972,042c345cfe16
14,0.06,-20%,6,6976.27982726394,6974.516413018,042c345cfe16
14,0.06,-20%,7,7365.4602359473565,7365.460235245,042c345cfe16
14,0.06,-20%,8,14808.708459511245,14799.890648577499,042c345cfe16
14,0.06,-20%,9,15576.97497753356,15613.79076045054,042c345cfe16
14,0.06,-20%,10,12461.579982026851,12491.03260818,042c345cfe16
14,0.06,-20%,11,9969.26398562148,9992.826084263466,042c345cfe16
14,0.06,-20%,12,7975.411188497184,7994.260865428,042c345cfe16
14,0.06,-20%,13,9123.362869925357,8976.625834463,042c345cfe16
14,0.06,-20%,14,10827.672615783747,10818.854804850002,042c345cfe16
14,0.06,-20%,15,10311.88405354306,10338.707974027498,042c345cfe16
14,0.06,+/-10%,1,17171.99084982095,17171.99084982095,042c345cfe16
14,0.06,+/-10%,2,15454.791764838854,15427.486135336832,042c345cfe16
14,0.06,+/-10%,3,13909.312588354966,13864.101013078023,042c345cfe16
14,0.06,+/-10%,4,12518.381329519472,12468.06087592278,042c345cfe16
14,0.06,+/-10%,5,11266.543196567529,11205.807580936304,042c345cfe16
14,0.06,+/-10%,6,10139.888876910773,10085.226821233999,042c345cfe16
14,0.06,+/-10%,7,9125.899989219695,9125.899990159998,042c345cfe16
14,0.06,+/-10%,8,10038.489988141666,10038.489992140001,042c345cfe16
14,0.06,+/-10%,9,11042.338986955832,11409.842530580501,042c345cfe16
14,0.06,+/-10%,10,12146.572885651414,13451.448684745885,042c345cfe16
14,0.06,+/-10%,11,12932.80412448623,12106.303817122334,042c345cfe16
14,0.06,+/-10%,12,11639.523712037608,10895.673436647998,042c345cfe16
14,0.06,+/-10%,13,10475.571340833847,10205.999840154362,042c345cfe16
14,0.06,+/-10%,14,9428.014206750464,9185.39985378,042c345cfe16
14,0.06,+/-10%,15,10069.92758340366,9520.54728478203,042c345cfe16
14,0.06,+/-20%,1,21300.070024570457,21300.070024570457,042c345cfe16
14,0.06,+/-20%,2,17040.05601965637,17028.823385866235,042c345cfe16
14,0.06,+/-20%,3,13632.044815725094,13620.953678591304,042c345cfe16
14,0.06,+/-20%,4,10905.635852580077,10894.387480155478,042c345cfe16
14,0.06,+/-20%,5,8724.508682064063,8715.509980968518,042c345cfe16
14,0.06,+/-20%,6,6979.60694565125,6979.606949033,042c345cfe16
14,0.06,+/-20%,7,8375.5283347815,8375.5283358,042c345cfe16
14,0.06,+/-20%,8,10050.634001737799,13193.613372139998,042c345cfe16
14,0.06,+/-20%,9,12060.760802085357,15886.344660039764,042c345cfe16
14,0.06,+/-20%,10,14472.912962502429,12692.545027599763,042c345cfe16
14,0.06,+/-20%,11,14123.59211722316,10154.036023583823,042c345cfe16
14,0.06,+/-20%,12,11298.873693778527,8123.2288175680005,042c345cfe16
14,0.06,+/-20%,13,9975.9337541158,9915.595601298,042c345cfe16
14,0.06,+/-20%,14,8014.041855122799,9832.61854993,042c345cfe16
14,0.06,+/-20%,15,8623.140816156716,8894.545919295662,042c345cfe16
15,0.0,NHF,1,5002.894524825001,5002.894524825001,042c345cfe16
15,0.0,NHF,2,0.0,128.19110806249998,042c345cfe16
15,0.0,NHF,3,12715.043986726665,2289.0433798175,042c345cfe16
15,0.0,NHF,4,5663.455206832501,9670.14476361693,042c345cfe16
15,0.0,NHF,5,22741.616377636594,24110.710967319446,042c345cfe16
15,0.0,NHF,6,7982.340224110001,9436.818654014001,042c345cfe16
15,0.0,NHF,7,24206.17970159917,7351.022036520879,042c345cfe16
15,0.0,NHF,8,12528.1487238215,11377.187231528636,042c345cfe16
15,0.0,NHF,9,10373.106998014166,6270.931403804711,042c345cfe16
15,0.0,NHF,10,566.91398499,7664.923519290198,042c345cfe16
15,0.0,NHF,11,927.50491216,9535.48568886076,042c345cfe16
15,0.0,NHF,12,17.61231892,12443.334404193001,042c345cfe16
15,0.0,NHF,13,3585.7813728500005,8022.992297511955,042c345cfe16
15,0.0,NHF,14,1408.8234623377273,5956.467640991226,042c345cfe16
15,0.0,NHF,15,84715.24743235979,7327.511956063999,042c345cfe16
15,0.0,NDY,1,10639.671042538586,10639.671042538586,042c345cfe16
15,0.0,NDY,2,10639.671042538583,10394.417367557951,042c345cfe16
15,0.0,NDY,3,10639.671042538588,10076.87340862879,042c345cfe16
15,0.0,NDY,4,10639.671042538586,10115.79573916759,042c345cfe16
15,0.0,NDY,5,10639.671042538586,10103.73615019853,042c345cfe16
15,0.0,NDY,6,10639.671042538585,10095.33213133641,042c345cfe16
15,0.0,NDY,7,10639.671042538586,10031.050855179752,042c345cfe16
15,0.0,NDY,8,10639.671042538585,10103.463025405787,042c345cfe16
15,0.0,NDY,9,10639.671042538585,10056.172624966792,042c345cfe16
15,0.0,NDY,10,10639.671042538585,9970.019992134865,042c345cfe16
15,0.0,NDY,11,10639.671042538585,9818.633364956144,042c345cfe16
15,0.0,NDY,12,10639.671042538586,9734.863082283357,042c345cfe16
15,0.0,NDY,13,10639.671042538585,9573.479733076916,042c345cfe16
15,0.0,NDY,14,10639.671042538583,9498.863950579049,042c345cfe16
15,0.0,NDY,15,42393.971375223344,9656.843051355554,042c345cfe16
15,0.0,-10%,1,4012.3427297350045,4012.3427297350045,042c345cfe16
15,0.0,-10%,2,3611.1084567615044,2262.176459692269,042c345cfe16
15,0.0,-10%,3,17517.50122110675,2917.5322652435,042c345cfe16
15,0.0,-10%,4,15765.75109899608,13094.172157581932,042c345cfe16
15,0.0,-10%,5,14189.175989096468,18080.05214024805,042c345cfe16
15,0.0,-10%,6,12770.258390186826,14644.675407053444,042c345cfe16
15,0.0,-10%,7,11493.232551168145,12335.460327523193,042c345cfe16
15,0.0,-10%,8,10343.909296051332,13457.039032202742,042c345cfe16
15,0.0,-10%,9,9309.5183664462,9754.417734337667,042c345cfe16
15,0.0,-10%,10,8378.566529801581,11643.11231999999,042c345cfe16
15,0.0,-10%,11,7540.709876821423,8652.23196095384,042c345cfe16
15,0.0,-10%,12,6786.638889139282,9191.276718309999,042c345cfe16
15,0.0,-10%,13,6107.975000225352,4601.2444131193915,042c345cfe16
15,0.0,-10%,14,5497.177500202816,8706.657305551,042c345cfe16
15,0.0,-10%,15,59603.821624957454,7536.858234781501,042c345cfe16
15,0.0,-20%,1,2672.6918343644943,2672.6918343644943,042c345cfe16
15,0.0,-20%,2,2138.1534674915956,1851.8001317158335,042c345cfe16
15,0.0,-20%,3,13093.749271370061,3091.2513189375,042c345cfe16
15,0.0,-20%,4,14556.331539251114,9639.13750689693,042c345cfe16
15,0.0,-20%,5,19256.744574883185,24110.710967319446,042c345cfe16
15,0.0,-20%,6,15405.395659906546,14953.019965146445,042c345cfe16
15,0.0,-20%,7,12324.316527925239,13019.411334684879,042c345cfe16
15,0.0,-20%,8,9859.453222340191,11305.279655190681,042c345cfe16
15,0.0,-20%,9,7887.562577872153,8320.430269367516,042c345cfe16
15,0.0,-20%,10,6310.050062297723,9119.839791360833,042c345cfe16
15,0.0,-20%,11,5048.040049838179,11253.713538218133,042c345cfe16
15,0.0,-20%,12,4038.432039870543,9582.001740172314,042c345cfe16
15,0.0,-20%,13,3230.745631896435,3313.6092274340003,042c345cfe16
15,0.0,-20%,14,8548.892878654764,9468.046494181619,042c345cfe16
15,0.0,-20%,15,68071.48435086515,7291.3524848915,042c345cfe16
15,0.0,+/-10%,1,8970.588855778533,8970.588855778533,042c345cfe16
15,0.0,+/-10%,2,9867.647741356393,9799.919655021973,042c345cfe16
15,0.0,+/-10%,3,10854.412515492031,10762.67703186617,042c345cfe16
15,0.0,+/-10%,4,11939.853767041233,10380.701577423055,042c345cfe16
15,0.0,+/-10%,5,13133.839143745361,13143.701592789943,042c345cfe16
15,0.0,+/-10%,6,11820.455229370824,11973.327761335313,042c345cfe16
15,0.0,+/-10%,7,10638.409706433742,11902.35551996867,042c345cfe16
15,0.0,+/-10%,8,9574.56873579037,11124.869241207847,042c345cfe16
15,0.0,+/-10%,9,10503.977266916198,10444.301269820913,042c345cfe16
15,0.0,+/-10%,10,11554.374993607818,9414.940058454604,042c345cfe16
15,0.0,+/-10%,11,12709.812492968602,8745.706039392298,042c345cfe16
15,0.0,+/-10%,12,13980.793742265465,11782.366851609546,042c345cfe16
15,0.0,+/-10%,13,15378.87311649201,12024.021958183774,042c345cfe16
15,0.0,+/-10%,14,16916.760428141213,9453.057937290416,042c345cfe16
15,0.0,+/-10%,15,18608.43647095533,10850.966553377148,042c345cfe16
15,0.0,+/-20%,1,7426.975782989532,7426.975782989532,042c345cfe16
15,0.0,+/-20%,2,8912.370939587436,8795.967867782434,042c345cfe16
15,0.0,+/-20%,3,10694.845127504926,9415.715272233334,042c345cfe16
15,0.0,+/-20%,4,12833.814153005911,9556.607395886871,042c345cfe16
15,0.0,+/-20%,5,15400.576983607083,17465.894235495016,042c345cfe16
15,0.0,+/-20%,6,14075.469220189452,13684.06259099568,042c345cfe16
15,0.0,+/-20%,7,11260.375376151556,13163.738038276375,042c345cfe16
15,0.0,+/-20%,8,9008.300300921246,12060.034687987452,042c345cfe16
15,0.0,+/-20%,9,7637.090144372069,9849.062822620108,042c345cfe16
15,0.0,+/-20%,10,9164.508173246484,8027.135986679723,042c345cfe16
15,0.0,+/-20%,11,10997.40980789578,8262.34533843085,042c345cfe16
15,0.0,+/-20%,12,13196.891769474934,9476.593966275339,042c345cfe16
15,0.0,+/-20%,13,15836.270123369928,11240.514494865001,042c345cfe16
15,0.0,+/-20%,14,19003.524148043904,10232.625846641029,042c345cfe16
15,0.0,+/-20%,15,22804.22897765268,12280.558058853043,042c345cfe16
15,0.02,NHF,1,40491.17422838284,40491.17422838284,042c345cfe16
15,0.02,NHF,2,3384.02956508,3384.02956508,042c345cfe16
15,0.02,NHF,3,8890.552790566999,8398.654702291999,042c345cfe16
15,0.02,NHF,4,5283.877079803,5887.3968625279995,042c345cfe16
15,0.02,NHF,5,6653.532931726002,6653.532931726002,042c345cfe16
15,0.02,NHF,6,7803.7605329925,7803.7605329925,042c345cfe16
15,0.02,NHF,7,15480.195023727,15480.195023727,042c345cfe16
15,0.02,NHF,8,13393.950312842499,13393.950312842499,042c345cfe16
15,0.02,NHF,9,19930.817169087495,19438.9190808125,042c345cfe16
15,0.02,NHF,10,5889.857890054499,6381.755978329499,042c345cfe16
15,0.02,NHF,11,8817.980238977998,9775.643004707998,042c345cfe16
15,0.02,NHF,12,5265.999409665999,4609.311072601,042c345cfe16
15,0.02,NHF,13,12195.1130707625,13510.0175688025,042c345cfe16
15,0.02,NHF,14,9271.732630772,7004.132031771999,042c345cfe16
15,0.02,NHF,15,14940.109996792502,14293.769304482503,042c345cfe16
15,0.02,NDY,1,12064.835055031146,12064.835055031146,042c345cfe16
15,0.02,NDY,2,12064.835055031148,11916.324441008446,042c345cfe16
15,0.02,NDY,3,12064.835055031144,11823.740827901445,042c345cfe16
15,0.02,NDY,4,12064.835055031148,11726.175400862754,042c345cfe16
15,0.02,NDY,5,12064.835055031146,11640.681949815413,042c345cfe16
15,0.02,NDY,6,12064.835055031146,11571.985486413736,042c345cfe16
15,0.02,NDY,7,12064.835055031144,11483.136220050224,042c345cfe16
15,0.02,NDY,8,12064.835055031142,11435.496219203416,042c345cfe16
15,0.02,NDY,9,12064.835055031146,11375.657935047773,042c345cfe16
15,0.02,NDY,10,12064.835055031142,11286.529591736698,042c345cfe16
15,0.02,NDY,11,12064.835055031142,11263.882611325049,042c345cfe16
15,0.02,NDY,12,12064.835055031148,11230.362811729905,042c345cfe16
15,0.02,NDY,13,12064.835055031144,11195.30599591976,042c345cfe16
15,0.02,NDY,14,12064.835055031139,11170.395680100411,042c345cfe16
15,0.02,NDY,15,12064.83505503114,11097.132746872237,042c345cfe16
15,0.02,-10%,1,16735.48552470601,16735.48552470601,042c345cfe16
15,0.02,-10%,2,15061.93697223541,15053.317143819015,042c345cfe16
15,0.02,-10%,3,13555.743275011864,13509.945384999683,042c345cfe16
15,0.02,-10%,4,12200.16894751068,12135.204797261584,042c345cfe16
15,0.02,-10%,5,10980.152052759613,10921.69138517098,042c345cfe16
15,0.02,-10%,6,9882.13684748365,9829.522250145,042c345cfe16
15,0.02,-10%,7,9086.265062859238,9086.265060417,042c345cfe16
15,0.02,-10%,8,13932.23666026545,13732.035510872498,042c345cfe16
15,0.02,-10%,9,12539.012994238905,12803.42950957984,042c345cfe16
15,0.02,-10%,10,11285.111694815016,11529.26800832812,042c345cfe16
15,0.02,-10%,11,10156.600525333512,10385.500820353667,042c345cfe16
15,0.02,-10%,12,9140.940472800161,9346.950739500018,042c345cfe16
15,0.02,-10%,13,8226.846425520147,8412.2556637575,042c345cfe16
15,0.02,-10%,14,12022.268503799762,11472.188263748712,042c345cfe16
15,0.02,-10%,15,13581.074537628921,10320.26876807419,042c345cfe16
15,0.02,-20%,1,20444.671931590467,20444.671931590467,042c345cfe16
15,0.02,-20%,2,16355.737545272377,16326.536322855403,042c345cfe16
15,0.02,-20%,3,13084.5900362179,13061.044839199509,042c345cfe16
15,0.02,-20%,4,10467.672028974324,10442.3102209936,042c345cfe16
15,0.02,-20%,5,8374.13762317946,8353.848179863502,042c345cfe16
15,0.02,-20%,6,7803.7605329925,7803.7605329925,042c345cfe16
15,0.02,-20%,7,8834.711112357,8834.711112357,042c345cfe16
15,0.02,-20%,8,16428.161639159345,16346.193782627499,042c345cfe16
15,0.02,-20%,9,14179.378550035499,14349.578456214993,042c345cfe16
15,0.02,-20%,10,11343.502840028403,11488.634361675784,042c345cfe16
15,0.02,-20%,11,9074.802272022722,9190.907487238346,042c345cfe16
15,0.02,-20%,12,7259.841817618177,7352.725985876001,042c345cfe16
15,0.02,-20%,13,8091.4105452642525,7627.5334101175,042c345cfe16
15,0.02,-20%,14,12470.1281286853,13544.910823405184,042c345cfe16
15,0.02,-20%,15,13938.444824720105,10826.950902696111,042c345cfe16
15,0.02,+/-10%,1,16711.877727616036,16711.877727616036,042c345cfe16
15,0.02,+/-10%,2,15040.689954854435,15041.681057119273,042c345cfe16
15,0.02,+/-10%,3,13536.620959368991,13529.95013765866,042c345cfe16
15,0.02,+/-10%,4,12182.95886343209,12152.183999420035,042c345cfe16
15,0.02,+/-10%,5,10964.662977088883,10936.965600888507,042c345cfe16
15,0.02,+/-10%,6,9868.196679379995,9843.2690414,042c345cfe16
15,0.02,+/-10%,7,10738.407605474566,10632.491346250243,042c345cfe16
15,0.02,+/-10%,8,11812.248366022022,11695.7404766525,042c345cfe16
15,0.02,+/-10%,9,12635.241717783983,12875.644502044122,042c345cfe16
15,0.02,+/-10%,10,11371.717546005588,11593.654845112727,042c345cfe16
15,0.02,+/-10%,11,10234.54579140503,10434.289362310912,042c345cfe16
15,0.02,+/-10%,12,9211.091212264528,9390.860430096003,042c345cfe16
15,0.02,+/-10%,13,10095.30357362101,9541.060738902497,042c345cfe16
15,0.02,+/-10%,14,11104.833930983114,10331.601680567,042c345cfe16
15,0.02,+/-10%,15,12215.317324081427,9808.191985913023,042c345cfe16
15,0.02,+/-20%,1,20273.68379995619,20273.68379995619,042c345cfe16
15,0.02,+/-20%,2,16218.947039964958,16183.496625265498,042c345cfe16
15,0.02,+/-20%,3,12975.157631971962,12948.770791230942,042c345cfe16
15,0.02,+/-20%,4,10380.126105577572,10354.790334621724,042c345cfe16
15,0.02,+/-20%,5,8304.10088446206,8283.832268752698,042c345cfe16
15,0.02,+/-20%,6,8717.916677474006,8717.9166793275,042c345cfe16
15,0.02,+/-20%,7,10461.500012968807,10461.500012157,042c345cfe16
15,0.02,+/-20%,8,12553.800015562567,12553.800014082499,042c345cfe16
15,0.02,+/-20%,9,15064.56001867508,15122.961144802523,042c345cfe16
15,0.02,+/-20%,10,12051.648014940063,12090.944935821399,042c345cfe16
15,0.02,+/-20%,11,9641.318411952052,9672.755950346433,042c345cfe16
15,0.02,+/-20%,12,8091.976648618418,7738.204759635999,042c345cfe16
15,0.02,+/-20%,13,9000.018902416032,9229.5216725625,042c345cfe16
15,0.02,+/-20%,14,10800.022682899238,10653.060499137,042c345cfe16
15,0.02,+/-20%,15,12960.027219479085,9834.6856751375,042c345cfe16
15,0.04,NHF,1,41656.065002825344,41656.065002825344,042c345cfe16
15,0.04,NHF,2,3300.5389114424997,3300.5389114424997,042c345cfe16
15,0.04,NHF,3,7989.6768927745015,7989.6768927745015,042c345cfe16
15,0.04,NHF,4,6294.216359878001,6294.216359878001,042c345cfe16
15,0.04,NHF,5,4504.9982120859995,4504.9982120859995,042c345cfe16
15,0.04,NHF,6,7803.7605329925,7803.7605329925,042c345cfe16
15,0.04,NHF,7,15606.073286292,15606.073286292,042c345cfe16
15,0.04,NHF,8,13550.344063982498,13550.344063982498,042c345cfe16
15,0.04,NHF,9,20644.1123658925,20644.1123658925,042c345cfe16
15,0.04,NHF,10,6585.687411019499,6585.687411019499,042c345cfe16
15,0.04,NHF,11,8703.825376512998,8703.825376512998,042c345cfe16
15,0.04,NHF,12,4922.243942041,4922.243942041,042c345cfe16
15,0.04,NHF,13,12703.3838586475,12703.383858647496,042c345cfe16
15,0.04,NHF,14,7160.525782911999,7160.525782911999,042c345cfe16
15,0.04,NHF,15,14503.395379052501,14503.395379052503,042c345cfe16
15,0.04,NDY,1,11946.495305012837,11946.495305012837,042c345cfe16
15,0.04,NDY,2,11946.495305012835,11772.961663697955,042c345cfe16
15,0.04,NDY,3,11946.495305012835,11664.342178809502,042c345cfe16
15,0.04,NDY,4,11946.495305012839,11550.58924637943,042c345cfe16
15,0.04,NDY,5,11946.495305012837,11481.821180581017,042c345cfe16
15,0.04,NDY,6,11946.495305012835,11394.01460128259,042c345cfe16
15,0.04,NDY,7,11946.495305012839,11308.503105555612,042c345cfe16
15,0.04,NDY,8,11946.495305012833,11233.152873493076,042c345cfe16
15,0.04,NDY,9,11946.495305012835,11168.201503525699,042c345cfe16
15,0.04,NDY,10,11946.495305012835,11124.431196350373,042c345cfe16
15,0.04,NDY,11,11946.495305012833,11103.239635124064,042c345cfe16
15,0.04,NDY,12,11946.495305012839,11066.40700898326,042c345cfe16
15,0.04,NDY,13,11946.495305012835,11027.480458508006,042c345cfe16
15,0.04,NDY,14,11946.495305012839,10986.60282278866,042c345cfe16
15,0.04,NDY,15,11946.495305012837,10955.266288905614,042c345cfe16
15,0.04,-10%,1,16737.438714809814,16737.438714809814,042c345cfe16
15,0.04,-10%,2,15063.694843328838,15048.640196679127,042c345cfe16
15,0.04,-10%,3,13557.32535899595,13528.59536792335,042c345cfe16
15,0.04,-10%,4,12201.592823096358,12175.452511627245,042c345cfe16
15,0.04,-10%,5,10981.43354078672,10957.907260611419,042c345cfe16
15,0.04,-10%,6,9883.290186708049,9862.1165393355,042c345cfe16
15,0.04,-10%,7,8894.961168037244,8894.961171737,042c345cfe16
15,0.04,-10%,8,12106.547214202556,12271.132878789998,042c345cfe16
15,0.04,-10%,9,13351.223553928916,13336.32826898432,042c345cfe16
15,0.04,-10%,10,12016.101198536027,11996.855461166433,042c345cfe16
15,0.04,-10%,11,10814.491078682424,10797.169914000726,042c345cfe16
15,0.04,-10%,12,9733.041970814182,9717.452922270295,042c345cfe16
15,0.04,-10%,13,8759.737773732762,8745.707633565498,042c345cfe16
15,0.04,-10%,14,10710.10537876184,10356.628835397001,042c345cfe16
15,0.04,-10%,15,10206.234942520001,9872.59999925,042c345cfe16
15,0.04,-20%,1,20480.287725229133,20480.287725229133,042c345cfe16
15,0.04,-20%,2,16384.230180183313,16382.371642751881,042c345cfe16
15,0.04,-20%,3,13107.384144146647,13083.479712598555,042c345cfe16
15,0.04,-20%,4,10485.90731531732,10466.857393383933,042c345cfe16
15,0.04,-20%,5,8388.725852253858,8373.485916639002,042c345cfe16
15,0.04,-20%,6,7803.7605329925,7803.7605329925,042c345cfe16
15,0.04,-20%,7,8834.711112357,8834.711112357,042c345cfe16
15,0.04,-20%,8,14105.206734332824,14270.224480367498,042c345cfe16
15,0.04,-20%,9,15556.627987702313,15482.825424560542,042c345cfe16
15,0.04,-20%,10,12445.302390161856,12386.260338769136,042c345cfe16
15,0.04,-20%,11,9956.241912129486,9909.008269885999,042c345cfe16
15,0.04,-20%,12,7964.99352970359,7927.206617375001,042c345cfe16
15,0.04,-20%,13,6925.294430870463,6479.958649777501,042c345cfe16
15,0.04,-20%,14,12011.543254225342,12750.270095472002,042c345cfe16
15,0.04,-20%,15,10465.870002402826,10260.4649169175,042c345cfe16
15,0.04,+/-10%,1,16726.88649324616,16726.88649324616,042c345cfe16
15,0.04,+/-10%,2,15054.197843921544,15025.122977508247,042c345cfe16
15,0.04,+/-10%,3,13548.778059529388,13509.564749243069,042c345cfe16
15,0.04,+/-10%,4,12193.900253576452,12158.608272746322,042c345cfe16
15,0.04,+/-10%,5,10974.510228218807,10942.747444133569,042c345cfe16
15,0.04,+/-10%,6,9877.059205396927,9848.4727059125,042c345cfe16
15,0.04,+/-10%,7,10281.989168356655,10281.989168397,042c345cfe16
15,0.04,+/-10%,8,11310.188085192318,11310.188085531,042c345cfe16
15,0.04,+/-10%,9,12441.206893711551,12526.287279654,042c345cfe16
15,0.04,+/-10%,10,12094.118264910636,12206.85233378552,042c345cfe16
15,0.04,+/-10%,11,10884.706438419573,10986.167100845501,042c345cfe16
15,0.04,+/-10%,12,9796.235794577617,9930.2772494555,042c345cfe16
15,0.04,+/-10%,13,9516.063941632923,8937.2495238145,042c345cfe16
15,0.04,+/-10%,14,10467.670335796218,9956.164326217,042c345cfe16
15,0.04,+/-10%,15,10360.646112881821,9248.057246660394,042c345cfe16
15,0.04,+/-20%,1,20465.690081585984,20465.690081585984,042c345cfe16
15,0.04,+/-20%,2,16372.552065268796,16360.661072976476,042c345cfe16
15,0.04,+/-20%,3,13098.041652215032,13081.26490539553,042c345cfe16
15,0.04,+/-20%,4,10478.43332177203,10465.011925266,042c345cfe16
15,0.04,+/-20%,5,8382.746657417625,8372.009537473003,042c345cfe16
15,0.04,+/-20%,6,7803.7605329925,7803.7605329925,042c345cfe16
15,0.04,+/-20%,7,9364.512639591001,9364.512637757001,042c345cfe16
15,0.04,+/-20%,8,11237.4151675092,11758.124566065999,042c345cfe16
15,0.04,+/-20%,9,13484.898201011041,16343.040167280062,042c345cfe16
15,0.04,+/-20%,10,14831.040840887337,13074.432134599363,042c345cfe16
15,0.04,+/-20%,11,11864.832672709872,10459.545709803422,042c345cfe16
15,0.04,+/-20%,12,9491.866138167898,8128.3960783006805,042c345cfe16
15,0.04,+/-20%,13,7593.492910534319,7844.924509242501,042c345cfe16
15,0.04,+/-20%,14,9112.191492641183,10605.821958357003,042c345cfe16
15,0.04,+/-20%,15,10575.749781149176,8928.18982864979,042c345cfe16
15,0.06,NHF,1,41656.065002825344,41656.065002825344,042c345cfe16
15,0.06,NHF,2,3300.5389114424997,3300.5389114424997,042c345cfe16
15,0.06,NHF,3,7989.6768927745015,7989.6768927745015,042c345cfe16
15,0.06,NHF,4,6294.216359878001,6294.216359878001,042c345cfe16
15,0.06,NHF,5,4504.9982120859995,4504.9982120859995,042c345cfe16
15,0.06,NHF,6,7803.7605329925,7803.7605329925,042c345cfe16
15,0.06,NHF,7,15606.073286292,15606.073286292,042c345cfe16
15,0.06,NHF,8,13550.344063982498,13550.344063982498,042c345cfe16
15,0.06,NHF,9,20644.1123658925,20644.1123658925,042c345cfe16
15,0.06,NHF,10,6585.687411019499,6585.687411019499,042c345cfe16
15,0.06,NHF,11,8703.825376512998,8703.825376512998,042c345cfe16
15,0.06,NHF,12,4922.243942041,4922.243942041,042c345cfe16
15,0.06,NHF,13,12703.3838586475,12703.383858647496,042c345cfe16
15,0.06,NHF,14,7160.525782911999,7160.525782911999,042c345cfe16
15,0.06,NHF,15,14503.395379052501,14503.395379052503,042c345cfe16
15,0.06,NDY,1,11791.594335620368,11791.594335620368,042c345cfe16
15,0.06,NDY,2,11791.594335620366,11596.719253015195,042c345cfe16
15,0.06,NDY,3,11791.594335620368,11474.988861855862,042c345cfe16
15,0.06,NDY,4,11791.594335620368,11447.708476486729,042c345cfe16
15,0.06,NDY,5,11791.594335620362,11408.485303222107,042c345cfe16
15,0.06,NDY,6,11791.594335620368,11348.245156972616,042c345cfe16
15,0.06,NDY,7,11791.594335620366,11253.956809588837,042c345cfe16
15,0.06,NDY,8,11791.594335620366,11177.746101559198,042c345cfe16
15,0.06,NDY,9,11791.594335620364,11110.466212447089,042c345cfe16
15,0.06,NDY,10,11791.594335620366,11040.374640223574,042c345cfe16
15,0.06,NDY,11,11791.59433562036,10983.148357145908,042c345cfe16
15,0.06,NDY,12,11791.59433562036,10979.390935944899,042c345cfe16
15,0.06,NDY,13,11791.594335620359,10966.690278223003,042c345cfe16
15,0.06,NDY,14,11791.594335620364,10944.768161041002,042c345cfe16
15,0.06,NDY,15,11791.594335620362,10912.94696191598,042c345cfe16
15,0.06,-10%,1,16597.875491244235,16597.875491244235,042c345cfe16
15,0.06,-10%,2,14938.08794211981,14910.460800184495,042c345cfe16
15,0.06,-10%,3,13444.27914790783,13374.499983875881,042c345cfe16
15,0.06,-10%,4,12099.85123311705,12022.804980339126,042c345cfe16
15,0.06,-10%,5,10889.866109805342,10820.524482128456,042c345cfe16
15,0.06,-10%,6,9800.87949882481,9738.4720354485,042c345cfe16
15,0.06,-10%,7,8820.791548942327,8820.791551857,042c345cfe16
15,0.06,-10%,8,9213.891414770116,9064.292808085,042c345cfe16
15,0.06,-10%,9,14286.474216976827,14360.962967863921,042c345cfe16
15,0.06,-10%,10,12857.826795279145,12914.538624215269,042c345cfe16
15,0.06,-10%,11,11572.04411575123,11623.08476368678,042c345cfe16
15,0.06,-10%,12,10414.839704176109,10460.77628786685,042c345cfe16
15,0.06,-10%,13,9373.355733758495,9414.6986581515,042c345cfe16
15,0.06,-10%,14,8674.211902089375,8479.451376047,042c345cfe16
15,0.06,-10%,15,11129.586761175458,9924.07566638,042c345cfe16
15,0.06,-20%,1,20380.78259636979,20380.78259636979,042c345cfe16
15,0.06,-20%,2,16304.626077095836,16288.401809668765,042c345cfe16
15,0.06,-20%,3,13043.700861676663,13021.965743528335,042c345cfe16
15,0.06,-20%,4,10434.960689341337,10397.767077911234,042c345cfe16
15,0.06,-20%,5,8347.968551473072,8318.213666988002,042c345cfe16
15,0.06,-20%,6,7803.7605329925,7803.7605329925,042c345cfe16
15,0.06,-20%,7,7457.716168147,7457.716168147,042c345cfe16
15,0.06,-20%,8,14220.289687223845,14005.220842330998,042c345cfe16
15,0.06,-20%,9,16011.93259836905,16098.424529373067,042c345cfe16
15,0.06,-20%,10,12809.546078695243,12877.721642449596,042c345cfe16
15,0.06,-20%,11,10247.636862956195,10302.177315188897,042c345cfe16
15,0.06,-20%,12,8198.109490364955,8241.74185131528,042c345cfe16
15,0.06,-20%,13,6558.487592291966,6593.393477907502,042c345cfe16
15,0.06,-20%,14,12101.799799664848,11886.730954772001,042c345cfe16
15,0.06,-20%,15,10410.220786686,9855.461081606,042c345cfe16
15,0.06,+/-10%,1,16610.139439768987,16610.139439768987,042c345cfe16
15,0.06,+/-10%,2,14949.12549579209,14918.912377487213,042c345cfe16
15,0.06,+/-10%,3,13454.21294621288,13385.198198220314,042c345cfe16
15,0.06,+/-10%,4,12108.791651591593,12030.20981244884,042c345cfe16
15,0.06,+/-10%,5,10897.91248643243,10827.188828648386,042c345cfe16
15,0.06,+/-10%,6,9808.121237789188,9744.4699474545,042c345cfe16
15,0.06,+/-10%,7,8827.30911401027,8827.309116477,042c345cfe16
15,0.06,+/-10%,8,9710.040025411296,9710.040030724998,042c345cfe16
15,0.06,+/-10%,9,10681.044027952428,14158.801390819042,042c345cfe16
15,0.06,+/-10%,10,11749.148430747671,12732.824033108876,042c345cfe16
15,0.06,+/-10%,11,12924.06327382244,11459.54162928115,042c345cfe16
15,0.06,+/-10%,12,12204.179780148868,10313.58746711157,042c345cfe16
15,0.06,+/-10%,13,10983.761802133986,9282.228719723502,042c345cfe16
15,0.06,+/-10%,14,9885.385621920586,8740.282118657,042c345cfe16
15,0.06,+/-10%,15,9262.549440344661,9639.395132791336,042c345cfe16
15,0.06,+/-20%,1,20366.75446635465,20366.75446635465,042c345cfe16
15,0.06,+/-20%,2,16293.403573083728,16284.606340022952,042c345cfe16
15,0.06,+/-20%,3,13034.722858466977,13018.941372681538,042c345cfe16
15,0.06,+/-20%,4,10427.778286773588,10401.842178073857,042c345cfe16
15,0.06,+/-20%,5,8342.22262941887,8321.473743595503,042c345cfe16
15,0.06,+/-20%,6,7803.7605329925,7803.7605329925,042c345cfe16
15,0.06,+/-20%,7,9364.512639591001,9364.512637757001,042c345cfe16
15,0.06,+/-20%,8,11237.415167509198,11237.415164884998,042c345cfe16
15,0.06,+/-20%,9,13484.898201011038,16526.016348256664,042c345cfe16
15,0.06,+/-20%,10,14524.32088088452,13220.813076856408,042c345cfe16
15,0.06,+/-20%,11,11619.456704707613,10576.650463678188,042c345cfe16
15,0.06,+/-20%,12,9295.56536376609,8461.320368546003,042c345cfe16
15,0.06,+/-20%,13,7745.7763089265,7353.529087717501,042c345cfe16
15,0.06,+/-20%,14,9294.9315707118,10158.342700156536,042c345cfe16
15,0.06,+/-20%,15,11020.99565747763,9121.5542038915,042c345cfe16
16,0.0,NHF,1,7947.714266280001,7947.714266280001,042c345cfe16
16,0.0,NHF,2,0.0,47.257030959999994,042c345cfe16
16,0.0,NHF,3,12780.751170978332,2518.6510540474997,042c345cfe16
16,0.0,NHF,4,5394.699472272499,9149.929369924115,042c345cfe16
16,0.0,NHF,5,24494.898903269997,26066.384285986423,042c345cfe16
16,0.0,NHF,6,5562.5408057325,7471.032302378501,042c345cfe16
16,0.0,NHF,7,22798.073353630007,10020.874265276092,042c345cfe16
16,0.0,NHF,8,15032.3595827345,9491.45961432947,042c345cfe16
16,0.0,NHF,9,10011.856168468334,6817.619633941878,042c345cfe16
16,0.0,NHF,10,394.43154537,8723.381012060303,042c345cfe16
16,0.0,NHF,11,686.26201817,10565.132133233938,042c345cfe16
16,0.0,NHF,12,334.78104913,12822.069203567711,042c345cfe16
16,0.0,NHF,13,3811.7213388699997,14388.8626862975,042c345cfe16
16,0.0,NHF,14,2205.5918266454546,4390.023244157454,042c345cfe16
16,0.0,NHF,15,83728.62506969251,6139.722976261454,042c345cfe16
16,0.0,NDY,1,10961.598337307982,10961.598337307982,042c345cfe16
16,0.0,NDY,2,10961.598337307982,10953.892291118018,042c345cfe16
16,0.0,NDY,3,10961.598337307982,10689.310516161106,042c345cfe16
16,0.0,NDY,4,10961.598337307982,10257.305316922722,042c345cfe16
16,0.0,NDY,5,10961.598337307985,10084.824072744816,042c345cfe16
16,0.0,NDY,6,10961.598337307982,9995.477440312157,042c345cfe16
16,0.0,NDY,7,10961.598337307982,10100.116462763692,042c345cfe16
16,0.0,NDY,8,10961.598337307983,10146.164170498194,042c345cfe16
16,0.0,NDY,9,10961.59833730798,10118.180391958816,042c345cfe16
16,0.0,NDY,10,10961.59833730798,9855.14937876274,042c345cfe16
16,0.0,NDY,11,10961.598337307987,9802.479762551953,042c345cfe16
16,0.0,NDY,12,10961.59833730798,9908.690070672292,042c345cfe16
16,0.0,NDY,13,10961.59833730798,9850.041433304457,042c345cfe16
16,0.0,NDY,14,10961.598337307982,9953.719732087746,042c345cfe16
16,0.0,NDY,15,40008.76808960997,10045.34778951854,042c345cfe16
16,0.0,-10%,1,5126.275114082981,5126.275114082981,042c345cfe16
16,0.0,-10%,2,4613.647602674683,5433.461726598333,042c345cfe16
16,0.0,-10%,3,17552.03715885869,2551.0583152084996,042c345cfe16
16,0.0,-10%,4,15796.833442972817,10746.644778307449,042c345cfe16
16,0.0,-10%,5,14217.150098675536,18264.022932510947,042c345cfe16
16,0.0,-10%,6,12795.435088807983,15734.984710017654,042c345cfe16
16,0.0,-10%,7,11515.891579927184,12150.441998763108,042c345cfe16
16,0.0,-10%,8,10364.302421934466,13513.980138208517,042c345cfe16
16,0.0,-10%,9,9327.87217974102,8012.105954104834,042c345cfe16
16,0.0,-10%,10,8395.084961766917,12504.586026207131,042c345cfe16
16,0.0,-10%,11,7555.576465590226,10364.944631380919,042c345cfe16
16,0.0,-10%,12,6800.018819031203,8096.019483621258,042c345cfe16
16,0.0,-10%,13,6120.016937128083,7945.036299067126,042c345cfe16
16,0.0,-10%,14,5508.015243415275,5650.636111593136,042c345cfe16
16,0.0,-10%,15,59755.74376769895,13759.815707723497,042c345cfe16
16,0.0,-20%,1,4030.5089531574076,4030.5089531574076,042c345cfe16
16,0.0,-20%,2,3224.4071625259257,4455.8642361690645,042c345cfe16
16,0.0,-20%,3,13730.08177895554,3244.6248599674996,042c345cfe16
16,0.0,-20%,4,10984.065423164433,7991.021255824116,042c345cfe16
16,0.0,-20%,5,20364.022775109464,24455.108657186724,042c345cfe16
16,0.0,-20%,6,16291.218220087572,15114.766028394539,042c345cfe16
16,0.0,-20%,7,13032.974576070055,8557.515297080814,042c345cfe16
16,0.0,-20%,8,10426.379660856048,14853.622894522976,042c345cfe16
16,0.0,-20%,9,8341.103728684839,11382.817405886653,042c345cfe16
16,0.0,-20%,10,6672.882982947871,8841.178658380277,042c345cfe16
16,0.0,-20%,11,5338.306386358297,9431.477143160088,042c345cfe16
16,0.0,-20%,12,4270.645109086639,7628.646156791499,042c345cfe16
16,0.0,-20%,13,3416.5160872693114,3841.1441110297,042c345cfe16
16,0.0,-20%,14,6803.438255853251,7275.629318654499,042c345cfe16
16,0.0,-20%,15,67892.84825088026,9657.898271471837,042c345cfe16
16,0.0,+/-10%,1,9428.255962845904,9428.255962845904,042c345cfe16
16,0.0,+/-10%,2,10371.081559130498,10241.3439575689,042c345cfe16
16,0.0,+/-10%,3,11408.189715043547,10851.086521192163,042c345cfe16
16,0.0,+/-10%,4,12411.911579853233,10799.989376296866,042c345cfe16
16,0.0,+/-10%,5,13297.172336398151,13512.101260810954,042c345cfe16
16,0.0,+/-10%,6,11967.455102758331,12591.359182492633,042c345cfe16
16,0.0,+/-10%,7,10770.709592482499,12080.194919540785,042c345cfe16
16,0.0,+/-10%,8,9693.638633234254,11197.906965251277,042c345cfe16
16,0.0,+/-10%,9,10512.980737881373,10255.829020664289,042c345cfe16
16,0.0,+/-10%,10,11564.278811669512,9476.224133307513,042c345cfe16
16,0.0,+/-10%,11,12720.706692836462,9363.522338325463,042c345cfe16
16,0.0,+/-10%,12,13992.777362120109,10251.22116062692,042c345cfe16
16,0.0,+/-10%,13,15392.055098332126,10633.493410217812,042c345cfe16
16,0.0,+/-10%,14,16931.26060816534,11815.9122971795,042c345cfe16
16,0.0,+/-10%,15,18624.38666898187,11027.559703997558,042c345cfe16
16,0.0,+/-20%,1,7820.41523242562,7820.41523242562,042c345cfe16
16,0.0,+/-20%,2,9384.498278910745,8752.047164845593,042c345cfe16
16,0.0,+/-20%,3,11261.397934692892,10019.677990562159,042c345cfe16
16,0.0,+/-20%,4,13513.677521631469,10054.910397293832,042c345cfe16
16,0.0,+/-20%,5,16216.41302595777,17877.376156793132,042c345cfe16
16,0.0,+/-20%,6,12973.130420766212,13847.934453752538,042c345cfe16
16,0.0,+/-20%,7,10378.50433661297,11743.397807921052,042c345cfe16
16,0.0,+/-20%,8,10079.459585552568,13391.188601893899,042c345cfe16
16,0.0,+/-20%,9,8380.814577677544,10382.126935206494,042c345cfe16
16,0.0,+/-20%,10,9130.711012424372,10225.027236788055,042c345cfe16
16,0.0,+/-20%,11,10956.853214909248,9079.741269729682,042c345cfe16
16,0.0,+/-20%,12,13148.223857891095,7485.683842216756,042c345cfe16
16,0.0,+/-20%,13,15777.868629469316,9372.39082038856,042c345cfe16
16,0.0,+/-20%,14,18933.44235536318,11485.058579912904,042c345cfe16
16,0.0,+/-20%,15,22720.130826435812,10678.12099673371,042c345cfe16
16,0.02,NHF,1,39975.984548543,39975.984548543,042c345cfe16
16,0.02,NHF,2,7565.181919856001,7565.181919856001,042c345cfe16
16,0.02,NHF,3,7274.9709535155,6720.050151310499,042c345cfe16
16,0.02,NHF,4,6049.778243412001,6730.621877407,042c345cfe16
16,0.02,NHF,5,8125.124013011498,8125.124013011498,042c345cfe16
16,0.02,NHF,6,6115.481636725001,6115.481636725001,042c345cfe16
16,0.02,NHF,7,15772.946008508,15772.946008507997,042c345cfe16
16,0.02,NHF,8,14163.2818600105,14163.2818600105,042c345cfe16
16,0.02,NHF,9,18755.617320771,18200.696518566,042c345cfe16
16,0.02,NHF,10,6468.051999605499,7022.972801810498,042c345cfe16
16,0.02,NHF,11,6783.656123042,7259.019129347001,042c345cfe16
16,0.02,NHF,12,6747.341725454,6816.4031585739995,042c345cfe16
16,0.02,NHF,13,12354.21866686,15255.431428745002,042c345cfe16
16,0.02,NHF,14,9685.662307508004,5600.958242758,042c345cfe16
16,0.02,NHF,15,15744.4246417905,14629.079734965499,042c345cfe16
16,0.02,NDY,1,12245.964053578688,12245.964053578688,042c345cfe16
16,0.02,NDY,2,12245.964053578686,12115.449405650352,042c345cfe16
16,0.02,NDY,3,12245.964053578688,11959.783654174185,042c345cfe16
16,0.02,NDY,4,12245.96405357869,11841.756523402662,042c345cfe16
16,0.02,NDY,5,12245.964053578693,11722.734056541623,042c345cfe16
16,0.02,NDY,6,12245.964053578691,11649.425390996215,042c345cfe16
16,0.02,NDY,7,12245.964053578691,11594.812713672167,042c345cfe16
16,0.02,NDY,8,12245.964053578691,11554.339494276608,042c345cfe16
16,0.02,NDY,9,12245.964053578691,11482.130407712199,042c345cfe16
16,0.02,NDY,10,12245.964053578691,11394.643260667342,042c345cfe16
16,0.02,NDY,11,12245.964053578691,11304.97912208487,042c345cfe16
16,0.02,NDY,12,12245.96405357869,11292.422248170318,042c345cfe16
16,0.02,NDY,13,12245.964053578691,11264.426767795343,042c345cfe16
16,0.02,NDY,14,12245.964053578688,11212.08889247747,042c345cfe16
16,0.02,NDY,15,12245.964053578688,11192.850191464537,042c345cfe16
16,0.02,-10%,1,17398.416496442347,17398.416496442347,042c345cfe16
16,0.02,-10%,2,15658.574846798108,15655.728768316168,042c345cfe16
16,0.02,-10%,3,14092.717362118297,14064.172971417627,042c345cfe16
16,0.02,-10%,4,12683.445625906466,12639.808060082752,042c345cfe16
16,0.02,-10%,5,11415.101063315824,11363.50122977981,042c345cfe16
16,0.02,-10%,6,10273.59095698424,10227.15111021,042c345cfe16
16,0.02,-10%,7,9246.231861285818,9246.231864198,042c345cfe16
16,0.02,-10%,8,13716.35300938332,12408.663625409497,042c345cfe16
16,0.02,-10%,9,12464.482328975451,13300.543157222413,042c345cfe16
16,0.02,-10%,10,11218.034096077905,11977.079954857214,042c345cfe16
16,0.02,-10%,11,10096.230686470113,10780.67506577264,042c345cfe16
16,0.02,-10%,12,9086.607617823103,9702.607558049976,042c345cfe16
16,0.02,-10%,13,8177.946856040791,8732.346805565,042c345cfe16
16,0.02,-10%,14,11515.677328458243,9611.856756173,042c345cfe16
16,0.02,-10%,15,14059.14533270024,9091.7922337995,042c345cfe16
16,0.02,-20%,1,21485.22400730188,21485.22400730188,042c345cfe16
16,0.02,-20%,2,17188.17920584151,17168.07271947811,042c345cfe16
16,0.02,-20%,3,13750.543364673207,13729.844443430758,042c345cfe16
16,0.02,-20%,4,11000.434691738566,10985.214183458513,042c345cfe16
16,0.02,-20%,5,8800.347753390852,8787.882692986705,042c345cfe16
16,0.02,-20%,6,7040.278202712684,7030.3061541325,042c345cfe16
16,0.02,-20%,7,8513.83610968343,8513.836108017998,042c345cfe16
16,0.02,-20%,8,17337.65666335139,16896.6132780475,042c345cfe16
16,0.02,-20%,9,13870.12533068111,14312.653061632149,042c345cfe16
16,0.02,-20%,10,11096.100264544888,11450.071292484326,042c345cfe16
16,0.02,-20%,11,8876.880211635911,9160.057033531999,042c345cfe16
16,0.02,-20%,12,7596.410990987092,8196.064979874,042c345cfe16
16,0.02,-20%,13,7650.535111948426,8086.446924174999,042c345cfe16
16,0.02,-20%,14,11602.164498164377,11350.239922478,042c345cfe16
16,0.02,-20%,15,16254.128831818207,11416.042485062499,042c345cfe16
16,0.02,+/-10%,1,17380.12306668936,17380.12306668936,042c345cfe16
16,0.02,+/-10%,2,15642.110760020429,15635.503851665027,042c345cfe16
16,0.02,+/-10%,3,14077.899684018383,14076.272493982477,042c345cfe16
16,0.02,+/-10%,4,12670.109715616543,12646.236910087979,042c345cfe16
16,0.02,+/-10%,5,11403.098744054896,11378.093943074275,042c345cfe16
16,0.02,+/-10%,6,10262.788869649401,10240.28454542,042c345cfe16
16,0.02,+/-10%,7,10486.559772690825,10473.872073886872,042c345cfe16
16,0.02,+/-10%,8,11535.21574995991,11521.2592841145,042c345cfe16
16,0.02,+/-10%,9,12688.737324955904,12894.848961743503,042c345cfe16
16,0.02,+/-10%,10,11419.863592460311,11643.609508009999,042c345cfe16
16,0.02,+/-10%,11,10277.87723321428,10583.89840750321,042c345cfe16
16,0.02,+/-10%,12,9250.089509892852,9525.508566801002,042c345cfe16
16,0.02,+/-10%,13,10175.098460882138,9703.09203534,042c345cfe16
16,0.02,+/-10%,14,11192.608306970355,9168.668820830399,042c345cfe16
16,0.02,+/-10%,15,12311.86913766739,10085.535700715458,042c345cfe16
16,0.02,+/-20%,1,21184.056292736255,21184.056292736255,042c345cfe16
16,0.02,+/-20%,2,16947.245034189007,16919.171162644478,042c345cfe16
16,0.02,+/-20%,3,13557.796027351202,13523.543651113972,042c345cfe16
16,0.02,+/-20%,4,10846.236821880962,10816.02016945835,042c345cfe16
16,0.02,+/-20%,5,8676.989457504771,8650.382270315355,042c345cfe16
16,0.02,+/-20%,6,8637.938416694402,8637.9384178275,042c345cfe16
16,0.02,+/-20%,7,10365.526100033281,10365.526100777999,042c345cfe16
16,0.02,+/-20%,8,12438.63132003994,12438.631319214497,042c345cfe16
16,0.02,+/-20%,9,14926.357584047924,15246.459040778522,042c345cfe16
16,0.02,+/-20%,10,11941.086067238344,12197.698659844453,042c345cfe16
16,0.02,+/-20%,11,9552.868853790673,9758.158925718999,042c345cfe16
16,0.02,+/-20%,12,8096.625689246289,8093.099822959,042c345cfe16
16,0.02,+/-20%,13,9715.950827095545,10169.692109745,042c345cfe16
16,0.02,+/-20%,14,10873.230804295072,8893.737507873178,042c345cfe16
16,0.02,+/-20%,15,13047.876965154084,9995.497850029498,042c345cfe16
16,0.04,NHF,1,42647.70181705799,42647.70181705799,042c345cfe16
16,0.04,NHF,2,5931.832136711,5931.832136711,042c345cfe16
16,0.04,NHF,3,5992.563030390499,5992.563030390499,042c345cfe16
16,0.04,NHF,4,6331.2571733370005,6331.2571733370005,042c345cfe16
16,0.04,NHF,5,6954.6124245089995,6954.6124245089995,042c345cfe16
16,0.04,NHF,6,6115.481636725001,6115.481636725001,042c345cfe16
16,0.04,NHF,7,16229.719015088,16229.719015088,042c345cfe16
16,0.04,NHF,8,13894.1687370505,13894.1687370505,042c345cfe16
16,0.04,NHF,9,20620.875888951,20620.875888951003,042c345cfe16
16,0.04,NHF,10,6066.5604431705,6066.5604431705,042c345cfe16
16,0.04,NHF,11,6146.291815462,6146.291815462,042c345cfe16
16,0.04,NHF,12,6779.512108053999,6779.512108053999,042c345cfe16
16,0.04,NHF,13,15210.395904365003,15210.395904365001,042c345cfe16
16,0.04,NHF,14,5331.845119798,5331.845119798,042c345cfe16
16,0.04,NHF,15,14996.3406535505,14996.340653550496,042c345cfe16
16,0.04,NDY,1,12100.462809705828,12100.462809705828,042c345cfe16
16,0.04,NDY,2,12100.462809705828,11932.540008762451,042c345cfe16
16,0.04,NDY,3,12100.462809705828,11756.88746432289,042c345cfe16
16,0.04,NDY,4,12100.462809705825,11661.603177088034,042c345cfe16
16,0.04,NDY,5,12100.462809705828,11570.38425754328,042c345cfe16
16,0.04,NDY,6,12100.462809705827,11487.728779602416,042c345cfe16
16,0.04,NDY,7,12100.462809705828,11435.15604314974,042c345cfe16
16,0.04,NDY,8,12100.462809705828,11368.92838650178,042c345cfe16
16,0.04,NDY,9,12100.462809705828,11312.188409355056,042c345cfe16
16,0.04,NDY,10,12100.46280970583,11241.880719225133,042c345cfe16
16,0.04,NDY,11,12100.46280970583,11157.373399970666,042c345cfe16
16,0.04,NDY,12,12100.46280970583,11108.654821863782,042c345cfe16
16,0.04,NDY,13,12100.462809705832,11083.004436960673,042c345cfe16
16,0.04,NDY,14,12100.46280970583,11058.212222696282,042c345cfe16
16,0.04,NDY,15,12100.462809705832,11049.495630533549,042c345cfe16
16,0.04,-10%,1,17406.126408169188,17406.126408169188,042c345cfe16
16,0.04,-10%,2,15665.513767352271,15640.407262900413,042c345cfe16
16,0.04,-10%,3,14098.962390617042,14056.215414986338,042c345cfe16
16,0.04,-10%,4,12689.066151555335,12641.037536993259,042c345cfe16
16,0.04,-10%,5,11420.159536399804,11366.063566549035,042c345cfe16
16,0.04,-10%,6,10278.143582759823,10229.457199482667,042c345cfe16
16,0.04,-10%,7,9250.329224483843,9250.329221178,042c345cfe16
16,0.04,-10%,8,11262.25873039516,11262.258734095001,042c345cfe16
16,0.04,-10%,9,13605.765442762839,13701.145579755967,042c345cfe16
16,0.04,-10%,10,12245.188898486555,12331.031022530591,042c345cfe16
16,0.04,-10%,11,11020.6700086379,11097.927921501498,042c345cfe16
16,0.04,-10%,12,9918.60300777411,9988.135130097999,042c345cfe16
16,0.04,-10%,13,8926.7427069967,8989.321615173,042c345cfe16
16,0.04,-10%,14,9984.49177935856,9023.894512709845,042c345cfe16
16,0.04,-10%,15,8986.042601422701,8121.505065354999,042c345cfe16
16,0.04,-20%,1,21507.210096074636,21507.210096074636,042c345cfe16
16,0.04,-20%,2,17205.76807685971,17200.22725672438,042c345cfe16
16,0.04,-20%,3,13764.614461487767,13751.802641441145,042c345cfe16
16,0.04,-20%,4,11011.691569190216,11000.216505528344,042c345cfe16
16,0.04,-20%,5,8809.353255352173,8800.174186624661,042c345cfe16
16,0.04,-20%,6,7047.482604281739,7040.139351168999,042c345cfe16
16,0.04,-20%,7,8788.82180061483,8788.821796917999,042c345cfe16
16,0.04,-20%,8,14982.384680875171,15048.174531461997,042c345cfe16
16,0.04,-20%,9,15075.803615729777,15150.129765295236,042c345cfe16
16,0.04,-20%,10,12060.642892583825,12120.103812460338,042c345cfe16
16,0.04,-20%,11,9648.51431406706,9696.083051971498,042c345cfe16
16,0.04,-20%,12,8139.080877659907,7756.86643751,042c345cfe16
16,0.04,-20%,13,7864.430507155654,7711.248898940999,042c345cfe16
16,0.04,-20%,14,11788.786459546354,11835.174837308,042c345cfe16
16,0.04,-20%,15,10377.750630729277,10471.441516361998,042c345cfe16
16,0.04,+/-10%,1,17380.934703677856,17380.934703677856,042c345cfe16
16,0.04,+/-10%,2,15642.841233310068,15623.743255900104,042c345cfe16
16,0.04,+/-10%,3,14078.557109979069,14046.443215676598,042c345cfe16
16,0.04,+/-10%,4,12670.701398981138,12635.80963619308,042c345cfe16
16,0.04,+/-10%,5,11403.631259083057,11372.240584068404,042c345cfe16
16,0.04,+/-10%,6,10263.268133174735,10235.016532884334,042c345cfe16
16,0.04,+/-10%,7,10129.38093800753,10129.380939777999,042c345cfe16
16,0.04,+/-10%,8,11142.319031808285,11142.319035744,042c345cfe16
16,0.04,+/-10%,9,12256.550934989114,12256.5509358655,042c345cfe16
16,0.04,+/-10%,10,12315.065790002296,12442.308167462827,042c345cfe16
16,0.04,+/-10%,11,11083.55921100206,11198.077351351276,042c345cfe16
16,0.04,+/-10%,12,9975.203289901869,10078.269619731,042c345cfe16
16,0.04,+/-10%,13,9811.381746479532,9620.732810070227,042c345cfe16
16,0.04,+/-10%,14,9986.241030241574,8687.587410396054,042c345cfe16
16,0.04,+/-10%,15,9639.036284051437,9556.346143968998,042c345cfe16
16,0.04,+/-20%,1,21428.60680817242,21428.60680817242,042c345cfe16
16,0.04,+/-20%,2,17142.885446537934,17124.324656446137,042c345cfe16
16,0.04,+/-20%,3,13714.30835723035,13689.982255934907,042c345cfe16
16,0.04,+/-20%,4,10971.446685784282,10951.108724392654,042c345cfe16
16,0.04,+/-20%,5,8777.157348627426,8760.886979143042,042c345cfe16
16,0.04,+/-20%,6,7435.69358909013,7435.693594731002,042c345cfe16
16,0.04,+/-20%,7,8922.832306908154,8922.832309618,042c345cfe16
16,0.04,+/-20%,8,10707.398768289788,12445.086446766998,042c345cfe16
16,0.04,+/-20%,9,12848.878521947747,16122.654036221707,042c345cfe16
16,0.04,+/-20%,10,15418.654226337288,12898.123231717498,042c345cfe16
16,0.04,+/-20%,11,12714.165200416357,10318.498583128,042c345cfe16
16,0.04,+/-20%,12,10171.332160333082,8614.33519985,042c345cfe16
16,0.04,+/-20%,13,8673.439012377903,8431.85453743,042c345cfe16
16,0.04,+/-20%,14,9022.461082074096,9706.652867513001,042c345cfe16
16,0.04,+/-20%,15,8711.270296559942,9620.411955879777,042c345cfe16
16,0.06,NHF,1,42647.70181705799,42647.70181705799,042c345cfe16
16,0.06,NHF,2,5931.832136711,5931.832136711,042c345cfe16
16,0.06,NHF,3,5992.563030390499,5992.563030390499,042c345cfe16
16,0.06,NHF,4,6331.2571733370005,6331.2571733370005,042c345cfe16
16,0.06,NHF,5,6954.6124245089995,6954.6124245089995,042c345cfe16
16,0.06,NHF,6,6115.481636725001,6115.481636725001,042c345cfe16
16,0.06,NHF,7,16229.719015088,16229.719015088,042c345cfe16
16,0.06,NHF,8,13894.1687370505,13894.1687370505,042c345cfe16
16,0.06,NHF,9,20620.875888951,20620.875888951003,042c345cfe16
16,0.06,NHF,10,6066.5604431705,6066.5604431705,042c345cfe16
16,0.06,NHF,11,6146.291815462,6146.291815462,042c345cfe16
16,0.06,NHF,12,6779.512108053999,6779.512108053999,042c345cfe16
16,0.06,NHF,13,15210.395904365003,15210.395904365001,042c345cfe16
16,0.06,NHF,14,5331.845119798,5331.845119798,042c345cfe16
16,0.06,NHF,15,14996.3406535505,14996.340653550496,042c345cfe16
16,0.06,NDY,1,11947.55649582168,11947.55649582168,042c345cfe16
16,0.06,NDY,2,11947.55649582168,11749.96791035662,042c345cfe16
16,0.06,NDY,3,11947.556495821682,11614.598944272499,042c345cfe16
16,0.06,NDY,4,11947.55649582168,11572.043204587411,042c345cfe16
16,0.06,NDY,5,11947.556495821684,11533.521092153636,042c345cfe16
16,0.06,NDY,6,11947.556495821684,11477.759995084343,042c345cfe16
16,0.06,NDY,7,11947.55649582168,11408.36980817211,042c345cfe16
16,0.06,NDY,8,11947.556495821684,11300.132892693719,042c345cfe16
16,0.06,NDY,9,11947.556495821684,11195.334163773781,042c345cfe16
16,0.06,NDY,10,11947.556495821686,11118.795252709191,042c345cfe16
16,0.06,NDY,11,11947.556495821686,11041.860418940236,042c345cfe16
16,0.06,NDY,12,11947.556495821686,11034.907102767655,042c345cfe16
16,0.06,NDY,13,11947.556495821686,11034.83181227545,042c345cfe16
16,0.06,NDY,14,11947.556495821684,11021.014345245976,042c345cfe16
16,0.06,NDY,15,11947.556495821687,11013.073420388993,042c345cfe16
16,0.06,-10%,1,17261.644632981253,17261.644632981253,042c345cfe16
16,0.06,-10%,2,15535.48016968313,15498.964243922072,042c345cfe16
16,0.06,-10%,3,13981.932152714815,13921.337074772042,042c345cfe16
16,0.06,-10%,4,12583.738937443331,12510.708970517828,042c345cfe16
16,0.06,-10%,5,11325.365043699001,11238.6826810258,042c345cfe16
16,0.06,-10%,6,10192.8285393291,10114.814411951,042c345cfe16
16,0.06,-10%,7,9173.545685396191,9151.983396876618,042c345cfe16
16,0.06,-10%,8,8256.191116856571,8236.785061094999,042c345cfe16
16,0.06,-10%,9,14455.197188434982,14520.068405309652,042c345cfe16
16,0.06,-10%,10,13009.677469591486,13065.638265891592,042c345cfe16
16,0.06,-10%,11,11708.709722632337,11755.92628821951,042c345cfe16
16,0.06,-10%,12,10537.838750369103,10580.333658378926,042c345cfe16
16,0.06,-10%,13,9484.054875332193,9522.300293244734,042c345cfe16
16,0.06,-10%,14,8535.649387798974,8570.070264106002,042c345cfe16
16,0.06,-10%,15,10492.72216304052,8802.466709729999,042c345cfe16
16,0.06,-20%,1,21428.194053185285,21428.194053185285,042c345cfe16
16,0.06,-20%,2,17142.55524254823,17092.383864458956,042c345cfe16
16,0.06,-20%,3,13714.044194038584,13655.401295814352,042c345cfe16
16,0.06,-20%,4,10971.235355230867,10923.07005507949,042c345cfe16
16,0.06,-20%,5,8776.988284184694,8735.554094653793,042c345cfe16
16,0.06,-20%,6,7021.590627347757,6988.443275209001,042c345cfe16
16,0.06,-20%,7,7671.088515137999,7671.088515137999,042c345cfe16
16,0.06,-20%,8,13675.458764029607,12723.834400232,042c345cfe16
16,0.06,-20%,9,16387.43099055181,16759.065800685854,042c345cfe16
16,0.06,-20%,10,13109.944792441447,13405.253814788284,042c345cfe16
16,0.06,-20%,11,10487.95583395316,10724.203049344047,042c345cfe16
16,0.06,-20%,12,8390.364667162527,8579.362438368,042c345cfe16
16,0.06,-20%,13,6886.400778674999,7219.4833150409995,042c345cfe16
16,0.06,-20%,14,10129.236401760325,8774.401363073,042c345cfe16
16,0.06,-20%,15,10946.731105964956,10471.207626422,042c345cfe16
16,0.06,+/-10%,1,17282.09550352658,17282.09550352658,042c345cfe16
16,0.06,+/-10%,2,15553.885953173909,15460.6101251436,042c345cfe16
16,0.06,+/-10%,3,13998.497357856519,13882.132401120294,042c345cfe16
16,0.06,+/-10%,4,12598.647622070872,12484.73671870155,042c345cfe16
16,0.06,+/-10%,5,11338.782859863788,11222.388793744007,042c345cfe16
16,0.06,+/-10%,6,10204.90457387742,10100.149913861,042c345cfe16
16,0.06,+/-10%,7,9184.414116489668,9184.414116878,042c345cfe16
16,0.06,+/-10%,8,10102.855528138636,10102.855532172,042c345cfe16
16,0.06,+/-10%,9,11113.141080952502,12219.117816884002,042c345cfe16
16,0.06,+/-10%,10,12224.455189047743,13251.490636353557,042c345cfe16
16,0.06,+/-10%,11,12794.026845204671,11926.341572074321,042c345cfe16
16,0.06,+/-10%,12,11514.624160684203,10733.707413677961,042c345cfe16
16,0.06,+/-10%,13,10363.161744615765,9660.336670090255,042c345cfe16
16,0.06,+/-10%,14,9326.8455701542,8694.302999748,042c345cfe16
16,0.06,+/-10%,15,10144.368902725031,8853.045586894264,042c345cfe16
16,0.06,+/-20%,1,21428.318051084596,21428.318051084596,042c345cfe16
16,0.06,+/-20%,2,17142.65444086768,17073.376604910096,042c345cfe16
16,0.06,+/-20%,3,13714.123552694138,13643.344979019745,042c345cfe16
16,0.06,+/-20%,4,10971.298842155313,10895.334861003808,042c345cfe16
16,0.06,+/-20%,5,8777.03907372425,8716.267888809638,042c345cfe16
16,0.06,+/-20%,6,7021.631258979402,7021.631254684001,042c345cfe16
16,0.06,+/-20%,7,8425.95751077528,8425.957508697998,042c345cfe16
16,0.06,+/-20%,8,10111.149012930337,11034.654504187,042c345cfe16
16,0.06,+/-20%,9,12133.378815516402,17076.159597800903,042c345cfe16
16,0.06,+/-20%,10,14560.054578619678,13658.776233193377,042c345cfe16
16,0.06,+/-20%,11,14065.95624065724,10927.020985998945,042c345cfe16
16,0.06,+/-20%,12,11252.76499252579,8741.616789932,042c345cfe16
16,0.06,+/-20%,13,9002.211994020632,8023.743277759959,042c345cfe16
16,0.06,+/-20%,14,8345.90227297477,8081.1849088180015,042c345cfe16
16,0.06,+/-20%,15,8455.99137001764,9697.421897676999,042c345cfe16
17,0.0,NHF,1,5828.7530842099995,5828.7530842099995,042c345cfe16
17,0.0,NHF,2,0.0,250.650346795,042c345cfe16
17,0.0,NHF,3,13332.79600304083,2020.7673183425,042c345cfe16
17,0.0,NHF,4,6721.637253080001,12076.268062527837,042c345cfe16
17,0.0,NHF,5,28032.043387598405,29239.504822748717,042c345cfe16
17,0.0,NHF,6,6640.89235086,7346.770008255668,042c345cfe16
17,0.0,NHF,7,22225.323814185835,7803.444345913742,042c345cfe16
17,0.0,NHF,8,13064.785639377504,12983.93058007094,042c345cfe16
17,0.0,NHF,9,10492.483457194998,8884.733768793621,042c345cfe16
17,0.0,NHF,10,529.01853869,6008.434945034592,042c345cfe16
17,0.0,NHF,11,1279.7777497,7031.0356948866665,042c345cfe16
17,0.0,NHF,12,662.11474302,13363.15528285597,042c345cfe16
17,0.0,NHF,13,3760.49349477,12127.489551509136,042c345cfe16
17,0.0,NHF,14,605.8398449536363,3631.2465766986356,042c345cfe16
17,0.0,NHF,15,83650.30019413288,7592.397062647409,042c345cfe16
17,0.0,NDY,1,11035.977615632275,11035.977615632275,042c345cfe16
17,0.0,NDY,2,11035.977615632277,10917.835905489219,042c345cfe16
17,0.0,NDY,3,11035.977615632279,10727.93143257427,042c345cfe16
17,0.0,NDY,4,11035.977615632275,10520.285140785085,042c345cfe16
17,0.0,NDY,5,11035.977615632273,10140.991327050479,042c345cfe16
17,0.0,NDY,6,11035.977615632277,10053.73949489512,042c345cfe16
17,0.0,NDY,7,11035.977615632277,10148.536112916743,042c345cfe16
17,0.0,NDY,8,11035.977615632279,10195.031703077471,042c345cfe16
17,0.0,NDY,9,11035.977615632277,10125.815738006348,042c345cfe16
17,0.0,NDY,10,11035.977615632279,10104.928489597165,042c345cfe16
17,0.0,NDY,11,11035.977615632279,9896.30664817644,042c345cfe16
17,0.0,NDY,12,11035.977615632277,10031.234763900044,042c345cfe16
17,0.0,NDY,13,11035.97761563228,9853.687616613362,042c345cfe16
17,0.0,NDY,14,11035.977615632279,9897.216536026379,042c345cfe16
17,0.0,NDY,15,40131.22310551328,9892.997640651556,042c345cfe16
17,0.0,-10%,1,5535.092458419133,5535.092458419133,042c345cfe16
17,0.0,-10%,2,4981.5832125772195,1903.7298125333332,042c345cfe16
17,0.0,-10%,3,17890.994617206656,6792.731112075,042c345cfe16
17,0.0,-10%,4,16101.895155485994,13345.566428344438,042c345cfe16
17,0.0,-10%,5,14491.705639937394,17868.999144447575,042c345cfe16
17,0.0,-10%,6,13042.53507594365,15406.731533967599,042c345cfe16
17,0.0,-10%,7,11738.281568349286,14887.701207055296,042c345cfe16
17,0.0,-10%,8,10564.45341151436,12181.316289216435,042c345cfe16
17,0.0,-10%,9,9508.008070362921,9823.33427313241,042c345cfe16
17,0.0,-10%,10,8557.207263326629,9433.004210412117,042c345cfe16
17,0.0,-10%,11,7701.486536993965,7153.142263810448,042c345cfe16
17,0.0,-10%,12,6931.33788329457,8590.89342160671,042c345cfe16
17,0.0,-10%,13,6238.204094965113,2789.426760067136,042c345cfe16
17,0.0,-10%,14,5614.3836854686015,9469.337164205457,042c345cfe16
17,0.0,-10%,15,58445.54491628462,12397.614428242237,042c345cfe16
17,0.0,-20%,1,3217.826464148148,3217.826464148148,042c345cfe16
17,0.0,-20%,2,2574.2611713185183,2411.4529480999645,042c345cfe16
17,0.0,-20%,3,15992.056419347957,3018.6999284525,042c345cfe16
17,0.0,-20%,4,14079.03382389054,12076.268062527837,042c345cfe16
17,0.0,-20%,5,19881.220160162735,24393.71731523098,042c345cfe16
17,0.0,-20%,6,15904.976128130193,16939.670403783908,042c345cfe16
17,0.0,-20%,7,12723.98090250415,12055.247902391011,042c345cfe16
17,0.0,-20%,8,10179.184722003325,11807.981069575939,042c345cfe16
17,0.0,-20%,9,8143.3477776026575,7974.495551381038,042c345cfe16
17,0.0,-20%,10,6514.678222082127,10167.049752932593,042c345cfe16
17,0.0,-20%,11,5211.742577665701,10081.379527478855,042c345cfe16
17,0.0,-20%,12,4169.394062132562,9026.744901205893,042c345cfe16
17,0.0,-20%,13,3335.515249706049,5270.7351132164085,042c345cfe16
17,0.0,-20%,14,4531.098827114263,4779.425529797272,042c345cfe16
17,0.0,-20%,15,70459.21106579572,9812.275279185566,042c345cfe16
17,0.0,+/-10%,1,9465.314017824758,9465.314017824758,042c345cfe16
17,0.0,+/-10%,2,10411.845419607234,10301.836894604436,042c345cfe16
17,0.0,+/-10%,3,11453.029961567961,11323.73667910186,042c345cfe16
17,0.0,+/-10%,4,12598.332957724759,11843.93204016051,042c345cfe16
17,0.0,+/-10%,5,13858.166253497224,13910.129076057969,042c345cfe16
17,0.0,+/-10%,6,12472.349628147515,12146.188657853134,042c345cfe16
17,0.0,+/-10%,7,11225.114665332787,12118.66750687,042c345cfe16
17,0.0,+/-10%,8,10102.603198799508,11539.484167561299,042c345cfe16
17,0.0,+/-10%,9,10418.817341887605,10306.388758948131,042c345cfe16
17,0.0,+/-10%,10,11460.699076076366,9324.269568073612,042c345cfe16
17,0.0,+/-10%,11,12606.768983684005,9671.281205297988,042c345cfe16
17,0.0,+/-10%,12,13867.445882052409,9575.994950119548,042c345cfe16
17,0.0,+/-10%,13,15254.190470257656,10810.009960509204,042c345cfe16
17,0.0,+/-10%,14,16779.609517283407,11726.41404098225,042c345cfe16
17,0.0,+/-10%,15,18457.57046901176,11296.520683725572,042c345cfe16
17,0.0,+/-20%,1,7851.348894245157,7851.348894245157,042c345cfe16
17,0.0,+/-20%,2,9421.618673094195,9268.706028538461,042c345cfe16
17,0.0,+/-20%,3,11305.942407713019,10166.046746209659,042c345cfe16
17,0.0,+/-20%,4,13567.130889255632,11125.967860446048,042c345cfe16
17,0.0,+/-20%,5,16280.557067106756,18340.95364346563,042c345cfe16
17,0.0,+/-20%,6,13024.445653685407,15286.299369468905,042c345cfe16
17,0.0,+/-20%,7,12197.937718074554,13436.221577529088,042c345cfe16
17,0.0,+/-20%,8,9977.91939361389,11544.403547289461,042c345cfe16
17,0.0,+/-20%,9,7982.3355148911105,9685.87094987371,042c345cfe16
17,0.0,+/-20%,10,9110.394947857021,9032.684487696797,042c345cfe16
17,0.0,+/-20%,11,10932.473937428413,6731.556455181924,042c345cfe16
17,0.0,+/-20%,12,13118.96872491411,8781.901493796213,042c345cfe16
17,0.0,+/-20%,13,15742.762469896914,10404.7540829725,042c345cfe16
17,0.0,+/-20%,14,18891.314963876302,11399.490126937297,042c345cfe16
17,0.0,+/-20%,15,22669.577956651556,13401.597485637001,042c345cfe16
17,0.02,NHF,1,44740.81555381134,44740.81555381134,042c345cfe16
17,0.02,NHF,2,5604.455507275,5604.455507275,042c345cfe16
17,0.02,NHF,3,7324.526561485,6950.493018415,042c345cfe16
17,0.02,NHF,4,7614.216497725501,8073.125869455501,042c345cfe16
17,0.02,NHF,5,7496.164135869,7496.164135869,042c345cfe16
17,0.02,NHF,6,5397.112937186499,5397.112937186499,042c345cfe16
17,0.02,NHF,7,13623.332560633,13623.332560633002,042c345cfe16
17,0.02,NHF,8,12731.432674212501,12731.4326742125,042c345cfe16
17,0.02,NHF,9,23032.53629235,22658.50274928,042c345cfe16
17,0.02,NHF,10,5076.3548478825,5450.388390952499,042c345cfe16
17,0.02,NHF,11,7233.811889680498,8645.6961722805,042c345cfe16
17,0.02,NHF,12,8688.313095468999,7432.068157504,042c345cfe16
17,0.02,NHF,13,11434.6407773465,13208.424521026503,042c345cfe16
17,0.02,NHF,14,7173.569198047999,4558.199418297999,042c345cfe16
17,0.02,NHF,15,13676.278896027503,12961.7780131625,042c345cfe16
17,0.02,NDY,1,12390.067192652805,12390.067192652805,042c345cfe16
17,0.02,NDY,2,12390.067192652808,12201.7989198924,042c345cfe16
17,0.02,NDY,3,12390.067192652808,11996.979380426737,042c345cfe16
17,0.02,NDY,4,12390.067192652808,11861.109313953883,042c345cfe16
17,0.02,NDY,5,12390.067192652808,11725.646183232806,042c345cfe16
17,0.02,NDY,6,12390.067192652807,11647.566134009223,042c345cfe16
17,0.02,NDY,7,12390.067192652808,11576.587889905139,042c345cfe16
17,0.02,NDY,8,12390.067192652808,11533.74123675187,042c345cfe16
17,0.02,NDY,9,12390.067192652807,11472.816854616189,042c345cfe16
17,0.02,NDY,10,12390.067192652808,11410.504134748133,042c345cfe16
17,0.02,NDY,11,12390.067192652808,11331.220975602688,042c345cfe16
17,0.02,NDY,12,12390.067192652807,11277.795957149581,042c345cfe16
17,0.02,NDY,13,12390.067192652808,11236.021738433175,042c345cfe16
17,0.02,NDY,14,12390.06719265281,11201.629004006058,042c345cfe16
17,0.02,NDY,15,12390.06719265281,11146.216207907883,042c345cfe16
17,0.02,-10%,1,18151.282026568555,18151.282026568555,042c345cfe16
17,0.02,-10%,2,16336.153823911702,16325.74461223482,042c345cfe16
17,0.02,-10%,3,14702.538441520532,14677.672144046564,042c345cfe16
17,0.02,-10%,4,13232.284597368476,13196.349234833646,042c345cfe16
17,0.02,-10%,5,11909.056137631631,11882.725097827952,042c345cfe16
17,0.02,-10%,6,10718.150523868468,10694.452583834,042c345cfe16
17,0.02,-10%,7,9646.335471481621,9646.335470083,042c345cfe16
17,0.02,-10%,8,10351.708089546148,9920.861748732,042c345cfe16
17,0.02,-10%,9,12252.752651449231,12951.079546461,042c345cfe16
17,0.02,-10%,10,11027.477386304308,11891.919725020425,042c345cfe16
17,0.02,-10%,11,9924.729647673876,10702.727753603498,042c345cfe16
17,0.02,-10%,12,12142.848294806561,11032.260397116925,042c345cfe16
17,0.02,-10%,13,10928.563465325906,9929.03435634482,042c345cfe16
17,0.02,-10%,14,9835.707118793316,8936.130922373,042c345cfe16
17,0.02,-10%,15,11017.197070067627,8685.080616124791,042c345cfe16
17,0.02,-20%,1,22494.990064104222,22494.990064104222,042c345cfe16
17,0.02,-20%,2,17995.992051283378,17980.897106192337,042c345cfe16
17,0.02,-20%,3,14396.793641026703,14348.144118933393,042c345cfe16
17,0.02,-20%,4,11517.434912821363,11506.439914571189,042c345cfe16
17,0.02,-20%,5,9213.94793025709,9203.86821749918,042c345cfe16
17,0.02,-20%,6,7371.158344205672,7363.094575626499,042c345cfe16
17,0.02,-20%,7,6910.735472243001,6910.735472243001,042c345cfe16
17,0.02,-20%,8,15789.478297975986,15481.6554489545,042c345cfe16
17,0.02,-20%,9,14429.409719631934,15108.725123135147,042c345cfe16
17,0.02,-20%,10,11543.527775705546,12095.924714338023,042c345cfe16
17,0.02,-20%,11,9234.82222056444,9676.739774817503,042c345cfe16
17,0.02,-20%,12,9762.094844710819,9454.45451749668,042c345cfe16
17,0.02,-20%,13,7809.675875768658,7563.563614951501,042c345cfe16
17,0.02,-20%,14,10499.326457246343,10138.378817258,042c345cfe16
17,0.02,-20%,15,13424.704005713014,9530.764635216305,042c345cfe16
17,0.02,+/-10%,1,18141.574826065986,18141.574826065986,042c345cfe16
17,0.02,+/-10%,2,16327.417343459378,16316.161212121004,042c345cfe16
17,0.02,+/-10%,3,14694.675609113443,14683.607867368506,042c345cfe16
17,0.02,+/-10%,4,13225.208048202097,13214.941673012869,042c345cfe16
17,0.02,+/-10%,5,11902.68724338189,11895.35107918488,042c345cfe16
17,0.02,+/-10%,6,10712.418519043697,10606.886727352807,042c345cfe16
17,0.02,+/-10%,7,9641.17666713933,9705.176072034983,042c345cfe16
17,0.02,+/-10%,8,10605.294333853264,10675.693682572,042c345cfe16
17,0.02,+/-10%,9,11665.823767238591,12321.959415976,042c345cfe16
17,0.02,+/-10%,10,11402.077480803191,11154.878316581002,042c345cfe16
17,0.02,+/-10%,11,10261.869732722871,10667.9239223315,042c345cfe16
17,0.02,+/-10%,12,11288.056705995159,10898.760443899766,042c345cfe16
17,0.02,+/-10%,13,11271.257461385989,9611.232213863044,042c345cfe16
17,0.02,+/-10%,14,10144.131715247391,8649.594022663596,042c345cfe16
17,0.02,+/-10%,15,11158.544886772132,9497.728829268905,042c345cfe16
17,0.02,+/-20%,1,22358.15852390575,22358.15852390575,042c345cfe16
17,0.02,+/-20%,2,17886.5268191246,17860.768572919485,042c345cfe16
17,0.02,+/-20%,3,14309.221455299683,14268.626491681645,042c345cfe16
17,0.02,+/-20%,4,11447.377164239744,11396.632993925163,042c345cfe16
17,0.02,+/-20%,5,9157.901731391796,9119.042941101075,042c345cfe16
17,0.02,+/-20%,6,7927.718809121165,7927.718808211499,042c345cfe16
17,0.02,+/-20%,7,9513.2625709454,9513.262571603002,042c345cfe16
17,0.02,+/-20%,8,11415.915085134478,11415.915084977,042c345cfe16
17,0.02,+/-20%,9,13699.098102161372,15474.55628199978,042c345cfe16
17,0.02,+/-20%,10,12805.36914435825,12379.645026027414,042c345cfe16
17,0.02,+/-20%,11,10244.2953154866,9903.716023307,042c345cfe16
17,0.02,+/-20%,12,9738.363872877997,10472.575451346998,042c345cfe16
17,0.02,+/-20%,13,10587.983510121541,8519.100869457081,042c345cfe16
17,0.02,+/-20%,14,9276.776307208356,7418.5684691524175,042c345cfe16
17,0.02,+/-20%,15,11132.131568650027,8901.883842312804,042c345cfe16
17,0.04,NHF,1,46721.363664013836,46721.363664013836,042c345cfe16
17,0.04,NHF,2,5007.74195328,5007.74195328,042c345cfe16
17,0.04,NHF,3,6362.4448567325,6362.4448567325,042c345cfe16
17,0.04,NHF,4,7649.3715589305,7649.3715589305,042c345cfe16
17,0.04,NHF,5,5900.7650170590005,5900.7650170590005,042c345cfe16
17,0.04,NHF,6,5397.112937186499,5397.112937186499,042c345cfe16
17,0.04,NHF,7,13900.830065038,13900.830065038,042c345cfe16
17,0.04,NHF,8,12626.4196075925,12626.4196075925,042c345cfe16
17,0.04,NHF,9,24427.322792285,24427.322792285,042c345cfe16
17,0.04,NHF,10,5512.5287913875,5512.5287913875,042c345cfe16
17,0.04,NHF,11,7634.975892855499,7634.975892855501,042c345cfe16
17,0.04,NHF,12,7120.706013663999,7120.706013663999,042c345cfe16
17,0.04,NHF,13,12804.5595674715,12804.5595674715,042c345cfe16
17,0.04,NHF,14,4453.1863516779995,4453.1863516779995,042c345cfe16
17,0.04,NHF,15,13163.327118447502,13163.327118447502,042c345cfe16
17,0.04,NDY,1,12234.19146739974,12234.19146739974,042c345cfe16
17,0.04,NDY,2,12234.19146739974,11999.256622942394,042c345cfe16
17,0.04,NDY,3,12234.191467399738,11779.012239898186,042c345cfe16
17,0.04,NDY,4,12234.191467399738,11626.96680143959,042c345cfe16
17,0.04,NDY,5,12234.191467399743,11519.86305724981,042c345cfe16
17,0.04,NDY,6,12234.191467399736,11397.487589152845,042c345cfe16
17,0.04,NDY,7,12234.191467399742,11360.683557726552,042c345cfe16
17,0.04,NDY,8,12234.191467399743,11277.296075689841,042c345cfe16
17,0.04,NDY,9,12234.191467399743,11237.43084345569,042c345cfe16
17,0.04,NDY,10,12234.191467399742,11211.542804917663,042c345cfe16
17,0.04,NDY,11,12234.19146739974,11132.678057229936,042c345cfe16
17,0.04,NDY,12,12234.19146739974,11063.451426095144,042c345cfe16
17,0.04,NDY,13,12234.19146739974,10992.01708408733,042c345cfe16
17,0.04,NDY,14,12234.19146739974,10966.484426826411,042c345cfe16
17,0.04,NDY,15,12234.191467399743,10964.452216672871,042c345cfe16
17,0.04,-10%,1,18160.4487241052,18160.4487241052,042c345cfe16
17,0.04,-10%,2,16344.403851694684,16326.824254428655,042c345cfe16
17,0.04,-10%,3,14709.96346652522,14675.79757700101,042c345cfe16
17,0.04,-10%,4,13238.967119872692,13204.506541292138,042c345cfe16
17,0.04,-10%,5,11915.070407885427,11883.88170415479,042c345cfe16
17,0.04,-10%,6,10723.563367096884,10695.4935319985,042c345cfe16
17,0.04,-10%,7,9651.207030387197,9640.826454850094,042c345cfe16
17,0.04,-10%,8,8686.086327348476,8676.743807196,042c345cfe16
17,0.04,-10%,9,13326.546032923814,13473.146924078499,042c345cfe16
17,0.04,-10%,10,11993.891429631432,12229.143879052,042c345cfe16
17,0.04,-10%,11,10794.50228666829,11006.229490374999,042c345cfe16
17,0.04,-10%,12,11227.778118819926,10835.018833471195,042c345cfe16
17,0.04,-10%,13,10105.000306937935,9751.516947857728,042c345cfe16
17,0.04,-10%,14,9094.500276244142,8776.365256305,042c345cfe16
17,0.04,-10%,15,9491.252805069596,8773.000997675463,042c345cfe16
17,0.04,-20%,1,22555.67224471671,22555.67224471671,042c345cfe16
17,0.04,-20%,2,18044.537795773365,18032.972269168455,042c345cfe16
17,0.04,-20%,3,14435.630236618696,14415.926373524931,042c345cfe16
17,0.04,-20%,4,11548.50418929495,11526.153188077404,042c345cfe16
17,0.04,-20%,5,9238.803351435965,9220.922549245759,042c345cfe16
17,0.04,-20%,6,7391.0426811487705,7376.738044243499,042c345cfe16
17,0.04,-20%,7,6910.735472243001,6910.735472243001,042c345cfe16
17,0.04,-20%,8,12057.494257827473,12057.494259113997,042c345cfe16
17,0.04,-20%,9,16503.84972681915,16945.691659459513,042c345cfe16
17,0.04,-20%,10,13203.079781455315,13556.553284292999,042c345cfe16
17,0.04,-20%,11,10562.463825164254,10845.242647729001,042c345cfe16
17,0.04,-20%,12,9855.298308679421,8958.591015352,042c345cfe16
17,0.04,-20%,13,7884.238646943539,7166.872815888501,042c345cfe16
17,0.04,-20%,14,9083.898083203001,8650.071717408,042c345cfe16
17,0.04,-20%,15,9531.989918827476,9419.508312761352,042c345cfe16
17,0.04,+/-10%,1,18141.208675866026,18141.208675866026,042c345cfe16
17,0.04,+/-10%,2,16327.087808279417,16299.495003306476,042c345cfe16
17,0.04,+/-10%,3,14694.379027451481,14653.42988127329,042c345cfe16
17,0.04,+/-10%,4,13224.941124706329,13181.282315111464,042c345cfe16
17,0.04,+/-10%,5,11902.447012235698,11863.154086223334,042c345cfe16
17,0.04,+/-10%,6,10712.202311012128,10676.838672038497,042c345cfe16
17,0.04,+/-10%,7,9640.982079910917,9624.688797889126,042c345cfe16
17,0.04,+/-10%,8,10065.797932475054,10106.927392527,042c345cfe16
17,0.04,+/-10%,9,11072.37772572256,11117.62012806,042c345cfe16
17,0.04,+/-10%,10,12179.615498294816,12461.268479550465,042c345cfe16
17,0.04,+/-10%,11,10961.653948465331,11215.1416347615,042c345cfe16
17,0.04,+/-10%,12,11648.210715941043,11147.066256759983,042c345cfe16
17,0.04,+/-10%,13,10483.38964434694,9885.296396823876,042c345cfe16
17,0.04,+/-10%,14,9435.050679912247,8041.637677084107,042c345cfe16
17,0.04,+/-10%,15,10217.95338460297,8845.801445664332,042c345cfe16
17,0.04,+/-20%,1,22505.616993040905,22505.616993040905,042c345cfe16
17,0.04,+/-20%,2,18004.493594432726,17996.07425169009,042c345cfe16
17,0.04,+/-20%,3,14403.594875546181,14375.328230432273,042c345cfe16
17,0.04,+/-20%,4,11522.875900436942,11500.262584012598,042c345cfe16
17,0.04,+/-20%,5,9218.300720349556,9200.210064781599,042c345cfe16
17,0.04,+/-20%,6,7374.640576279645,7371.192016870499,042c345cfe16
17,0.04,+/-20%,7,8849.568691535576,8845.43041553082,042c345cfe16
17,0.04,+/-20%,8,10619.482429842688,10614.516497162,042c345cfe16
17,0.04,+/-20%,9,12743.378915811229,16063.936235878418,042c345cfe16
17,0.04,+/-20%,10,14723.819838997602,12851.148988204568,042c345cfe16
17,0.04,+/-20%,11,11779.055871198083,10280.9191865415,042c345cfe16
17,0.04,+/-20%,12,11015.747182607985,11001.740964334998,042c345cfe16
17,0.04,+/-20%,13,8812.597746086389,8801.3927737275,042c345cfe16
17,0.04,+/-20%,14,7998.853559279385,6695.104696759651,042c345cfe16
17,0.04,+/-20%,15,9598.624271135264,8034.125635547503,042c345cfe16
17,0.06,NHF,1,46721.363664013836,46721.363664013836,042c345cfe16
17,0.06,NHF,2,5007.74195328,5007.74195328,042c345cfe16
17,0.06,NHF,3,6362.4448567325,6362.4448567325,042c345cfe16
17,0.06,NHF,4,7649.3715589305,7649.3715589305,042c345cfe16
17,0.06,NHF,5,5900.7650170590005,5900.7650170590005,042c345cfe16
17,0.06,NHF,6,5397.112937186499,5397.112937186499,042c345cfe16
17,0.06,NHF,7,13900.830065038,13900.830065038,042c345cfe16
17,0.06,NHF,8,12626.4196075925,12626.4196075925,042c345cfe16
17,0.06,NHF,9,24427.322792285,24427.322792285,042c345cfe16
17,0.06,NHF,10,5512.5287913875,5512.5287913875,042c345cfe16
17,0.06,NHF,11,7634.975892855499,7634.975892855501,042c345cfe16
17,0.06,NHF,12,7120.706013663999,7120.706013663999,042c345cfe16
17,0.06,NHF,13,12804.5595674715,12804.5595674715,042c345cfe16
17,0.06,NHF,14,4453.1863516779995,4453.1863516779995,042c345cfe16
17,0.06,NHF,15,13163.327118447502,13163.327118447502,042c345cfe16
17,0.06,NDY,1,12060.893414667136,12060.893414667136,042c345cfe16
17,0.06,NDY,2,12060.893414667136,11854.083790269306,042c345cfe16
17,0.06,NDY,3,12060.893414667134,11568.611411087308,042c345cfe16
17,0.06,NDY,4,12060.893414667134,11488.992976883163,042c345cfe16
17,0.06,NDY,5,12060.893414667134,11401.618194533643,042c345cfe16
17,0.06,NDY,6,12060.893414667133,11340.239667974538,042c345cfe16
17,0.06,NDY,7,12060.893414667133,11315.686467929942,042c345cfe16
17,0.06,NDY,8,12060.893414667133,11259.128781949346,042c345cfe16
17,0.06,NDY,9,12060.893414667133,11190.017680845524,042c345cfe16
17,0.06,NDY,10,12060.893414667133,11057.096140006888,042c345cfe16
17,0.06,NDY,11,12060.893414667134,10945.017129017673,042c345cfe16
17,0.06,NDY,12,12060.89341466713,10930.918227966085,042c345cfe16
17,0.06,NDY,13,12060.893414667129,10904.240117865957,042c345cfe16
17,0.06,NDY,14,12060.893414667133,10904.08130509754,042c345cfe16
17,0.06,NDY,15,12060.89341466713,10900.488009694243,042c345cfe16
17,0.06,-10%,1,18007.969781196934,18007.969781196934,042c345cfe16
17,0.06,-10%,2,16207.172803077241,16153.918058087293,042c345cfe16
17,0.06,-10%,3,14586.455522769518,14505.240900707911,042c345cfe16
17,0.06,-10%,4,13127.809970492566,13029.898606327597,042c345cfe16
17,0.06,-10%,5,11815.02897344331,11726.908746002056,042c345cfe16
17,0.06,-10%,6,10633.526076098979,10554.2178750135,042c345cfe16
17,0.06,-10%,7,9570.173468489082,9538.727074874148,042c345cfe16
17,0.06,-10%,8,8613.156121640173,8584.854369296001,042c345cfe16
17,0.06,-10%,9,10630.3884431806,9776.011025455,042c345cfe16
17,0.06,-10%,10,13286.893483147736,13921.68229317887,042c345cfe16
17,0.06,-10%,11,11958.204134832964,12526.750264772556,042c345cfe16
17,0.06,-10%,12,11329.09640580526,11274.075238073043,042c345cfe16
17,0.06,-10%,13,10214.729816603058,10146.667715361256,042c345cfe16
17,0.06,-10%,14,9193.256834942751,9132.000942100001,042c345cfe16
17,0.06,-10%,15,10758.637769183797,8631.667449813853,042c345cfe16
17,0.06,-20%,1,22431.37753558953,22431.37753558953,042c345cfe16
17,0.06,-20%,2,17945.10202847162,17872.60436899046,042c345cfe16
17,0.06,-20%,3,14356.0816227773,14295.07980894867,042c345cfe16
17,0.06,-20%,4,11484.865298221837,11413.546579774349,042c345cfe16
17,0.06,-20%,5,9187.892238577473,9130.837263820227,042c345cfe16
17,0.06,-20%,6,7350.313790861977,7304.669810409499,042c345cfe16
17,0.06,-20%,7,5880.251032689583,5880.251029982999,042c345cfe16
17,0.06,-20%,8,10592.941870773606,9814.6841384,042c345cfe16
17,0.06,-20%,9,17301.198186257978,18095.34869075125,042c345cfe16
17,0.06,-20%,10,13840.958549006387,14450.38984220099,042c345cfe16
17,0.06,-20%,11,11072.76683920511,11560.311872084501,042c345cfe16
17,0.06,-20%,12,10272.271140220824,9396.577079917972,042c345cfe16
17,0.06,-20%,13,8217.81691217666,7517.261662047501,042c345cfe16
17,0.06,-20%,14,8052.400553874104,6542.569602802999,042c345cfe16
17,0.06,-20%,15,10721.179190684816,7316.939987400001,042c345cfe16
17,0.06,+/-10%,1,17989.633194441612,17989.633194441612,042c345cfe16
17,0.06,+/-10%,2,16190.66987499745,16149.395011250834,042c345cfe16
17,0.06,+/-10%,3,14571.60288749771,14496.55714697543,042c345cfe16
17,0.06,+/-10%,4,13114.442598747935,13035.72393938186,042c345cfe16
17,0.06,+/-10%,5,11802.998338873145,11729.286830111976,042c345cfe16
17,0.06,+/-10%,6,10622.698504985829,10556.358143788499,042c345cfe16
17,0.06,+/-10%,7,9560.428654487248,9511.191142707763,042c345cfe16
17,0.06,+/-10%,8,8604.385789038522,8612.958153941001,042c345cfe16
17,0.06,+/-10%,9,9464.824367942372,9474.253968194998,042c345cfe16
17,0.06,+/-10%,10,10411.30680473661,14044.853189434893,042c345cfe16
17,0.06,+/-10%,11,11452.437485210272,12634.932951381905,042c345cfe16
17,0.06,+/-10%,12,12597.681233731297,11371.439657898703,042c345cfe16
17,0.06,+/-10%,13,12743.51127496373,10234.295692510892,042c345cfe16
17,0.06,+/-10%,14,11469.16014746736,8888.328856812945,042c345cfe16
17,0.06,+/-10%,15,10322.244132720622,7999.495973156236,042c345cfe16
17,0.06,+/-20%,1,22408.34909481667,22408.34909481667,042c345cfe16
17,0.06,+/-20%,2,17926.679275853334,17883.73787877751,042c345cfe16
17,0.06,+/-20%,3,14341.34342068267,14279.123418479629,042c345cfe16
17,0.06,+/-20%,4,11473.074736546134,11415.258154603982,042c345cfe16
17,0.06,+/-20%,5,9178.45978923691,9132.206523950077,042c345cfe16
17,0.06,+/-20%,6,7342.767831389526,7305.765223322499,042c345cfe16
17,0.06,+/-20%,7,7226.263407619104,7226.263404003001,042c345cfe16
17,0.06,+/-20%,8,8671.516089142928,8671.51609006,042c345cfe16
17,0.06,+/-20%,9,10405.81930697151,17507.66268266474,042c345cfe16
17,0.06,+/-20%,10,12486.983168365812,13996.539831307531,042c345cfe16
17,0.06,+/-20%,11,14984.379802038973,11197.231864346002,042c345cfe16
17,0.06,+/-20%,12,13487.771224304373,10721.480987390256,042c345cfe16
17,0.06,+/-20%,13,10790.216979443501,8577.184790497004,042c345cfe16
17,0.06,+/-20%,14,8632.1735835548,6861.747833007998,042c345cfe16
17,0.06,+/-20%,15,6905.738866843842,8178.501822040002,042c345cfe16
18,0.0,NHF,1,5608.0670710241675,5608.0670710241675,042c345cfe16
18,0.0,NHF,2,0.0,374.0321598025,042c345cfe16
18,0.0,NHF,3,12557.550310234164,2218.14352424,042c345cfe16
18,0.0,NHF,4,7671.015739744999,9502.216634219127,042c345cfe16
18,0.0,NHF,5,23062.907604421365,27455.77940150174,042c345cfe16
18,0.0,NHF,6,7232.5814429975,9459.3978954395,042c345cfe16
18,0.0,NHF,7,24719.541713910836,11961.467286905272,042c345cfe16
18,0.0,NHF,8,11491.982769447002,8847.99850493444,042c345cfe16
18,0.0,NHF,9,9457.1235992925,7436.972073790212,042c345cfe16
18,0.0,NHF,10,397.91432245,7776.6405690276815,042c345cfe16
18,0.0,NHF,11,621.0751926199999,5754.8916981309085,042c345cfe16
18,0.0,NHF,12,1120.56258285,10519.022908062152,042c345cfe16
18,0.0,NHF,13,4278.8562335,14024.345667444,042c345cfe16
18,0.0,NHF,14,2013.5213797513638,3998.326289781364,042c345cfe16
18,0.0,NHF,15,83440.47240405787,4609.272254606319,042c345cfe16
18,0.0,NDY,1,11003.469839737858,11003.469839737858,042c345cfe16
18,0.0,NDY,2,11003.469839737858,10835.6044997563,042c345cfe16
18,0.0,NDY,3,11003.469839737858,9076.150016182957,042c345cfe16
18,0.0,NDY,4,11003.46983973786,10546.367678150304,042c345cfe16
18,0.0,NDY,5,11003.469839737862,10239.57828865994,042c345cfe16
18,0.0,NDY,6,11003.46983973786,10304.27647013719,042c345cfe16
18,0.0,NDY,7,11003.469839737862,10337.568846752893,042c345cfe16
18,0.0,NDY,8,11003.469839737858,10355.340948600515,042c345cfe16
18,0.0,NDY,9,11003.469839737862,10206.778655137494,042c345cfe16
18,0.0,NDY,10,11003.46983973786,9931.611795506751,042c345cfe16
18,0.0,NDY,11,11003.469839737858,9661.2968056034,042c345cfe16
18,0.0,NDY,12,11003.46983973786,9827.125161674208,042c345cfe16
18,0.0,NDY,13,11003.46983973786,9891.572106633681,042c345cfe16
18,0.0,NDY,14,11003.469839737862,9995.083219548746,042c345cfe16
18,0.0,NDY,15,39148.12018122608,9918.79501787249,042c345cfe16
18,0.0,-10%,1,2929.563336792422,2929.563336792422,042c345cfe16
18,0.0,-10%,2,2636.607003113179,4444.162084590834,042c345cfe16
18,0.0,-10%,3,17847.379735100818,2880.1741755825,042c345cfe16
18,0.0,-10%,4,16231.980096674837,12331.391237599539,042c345cfe16
18,0.0,-10%,5,14608.782087007352,18327.99617491404,042c345cfe16
18,0.0,-10%,6,13147.90387830662,15296.065464648325,042c345cfe16
18,0.0,-10%,7,11833.11349047596,14498.925771705452,042c345cfe16
18,0.0,-10%,8,10649.802141428365,12593.684304568429,042c345cfe16
18,0.0,-10%,9,9584.821927285526,11684.822701183844,042c345cfe16
18,0.0,-10%,10,8626.339734556977,9013.178356560626,042c345cfe16
18,0.0,-10%,11,7763.705761101279,6451.338071126999,042c345cfe16
18,0.0,-10%,12,6987.3351849911505,9382.522355960096,042c345cfe16
18,0.0,-10%,13,6288.601666492035,3633.2470911056826,042c345cfe16
18,0.0,-10%,14,5659.74149984283,7042.111618269366,042c345cfe16
18,0.0,-10%,15,58838.045283625936,11871.75468221978,042c345cfe16
18,0.0,-20%,1,2853.4562000467863,2853.4562000467863,042c345cfe16
18,0.0,-20%,2,2282.764960037429,2945.10314566898,042c345cfe16
18,0.0,-20%,3,13151.76825480042,3553.02015851,042c345cfe16
18,0.0,-20%,4,11614.545735786509,8916.394269839127,042c345cfe16
18,0.0,-20%,5,20462.984392998133,24549.70918535034,042c345cfe16
18,0.0,-20%,6,16370.387514398506,18267.901753483184,042c345cfe16
18,0.0,-20%,7,13096.310011518804,12256.702703942146,042c345cfe16
18,0.0,-20%,8,10477.048009215043,11834.901019492112,042c345cfe16
18,0.0,-20%,9,8381.638407372033,10835.304219548825,042c345cfe16
18,0.0,-20%,10,6705.310725897626,6733.819543222499,042c345cfe16
18,0.0,-20%,11,5364.248580718102,5327.427214552001,042c345cfe16
18,0.0,-20%,12,4291.398864574481,12109.292290898273,042c345cfe16
18,0.0,-20%,13,3433.1190916595856,4387.0711310765,042c345cfe16
18,0.0,-20%,14,9999.341913491196,5131.619934224251,042c345cfe16
18,0.0,-20%,15,64936.55047873752,9405.885786674808,042c345cfe16
18,0.0,+/-10%,1,9318.8225549585,9318.8225549585,042c345cfe16
18,0.0,+/-10%,2,10250.704810454354,10293.836637767,042c345cfe16
18,0.0,+/-10%,3,11275.775291499785,10255.341612120668,042c345cfe16
18,0.0,+/-10%,4,12403.352820649769,10278.8908253917,042c345cfe16
18,0.0,+/-10%,5,13522.8271473363,13467.177332104719,042c345cfe16
18,0.0,+/-10%,6,12170.544432602672,12291.632460648778,042c345cfe16
18,0.0,+/-10%,7,10953.489989342403,12323.63835255865,042c345cfe16
18,0.0,+/-10%,8,9858.140990408163,11053.401892546146,042c345cfe16
18,0.0,+/-10%,9,10523.729111783023,10144.718586954266,042c345cfe16
18,0.0,+/-10%,10,11576.10202296133,9269.351336446964,042c345cfe16
18,0.0,+/-10%,11,12733.712225257459,10434.54529946419,042c345cfe16
18,0.0,+/-10%,12,14007.083447783207,10018.673175750715,042c345cfe16
18,0.0,+/-10%,13,15407.791792561531,10750.21838623279,042c345cfe16
18,0.0,+/-10%,14,16948.570971817684,11453.573791329929,042c345cfe16
18,0.0,+/-10%,15,18643.42806899945,9905.509058961174,042c345cfe16
18,0.0,+/-20%,1,7715.349742112029,7715.349742112029,042c345cfe16
18,0.0,+/-20%,2,9258.419690534434,8979.269496616776,042c345cfe16
18,0.0,+/-20%,3,11110.10362864132,9095.497122296056,042c345cfe16
18,0.0,+/-20%,4,13332.124354369587,9356.388365309234,042c345cfe16
18,0.0,+/-20%,5,15998.549225243503,17952.498527540614,042c345cfe16
18,0.0,+/-20%,6,13544.617790226235,16102.428016988535,042c345cfe16
18,0.0,+/-20%,7,10835.69423218099,11825.071501540759,042c345cfe16
18,0.0,+/-20%,8,10501.352765575904,12058.052132352244,042c345cfe16
18,0.0,+/-20%,9,8401.082212460724,9267.630970330745,042c345cfe16
18,0.0,+/-20%,10,9096.880814308059,6768.109243426414,042c345cfe16
18,0.0,+/-20%,11,10916.256977169667,8479.216695391857,042c345cfe16
18,0.0,+/-20%,12,13099.5083726036,8182.140533804255,042c345cfe16
18,0.0,+/-20%,13,15719.410047124318,11356.50386380971,042c345cfe16
18,0.0,+/-20%,14,18863.292056549177,10917.873755332092,042c345cfe16
18,0.0,+/-20%,15,22635.950467859016,14213.851818565881,042c345cfe16
18,0.02,NHF,1,42416.638897551835,42416.638897551835,042c345cfe16
18,0.02,NHF,2,8000.440957478001,8000.440957478001,042c345cfe16
18,0.02,NHF,3,10346.570912829498,9946.405115424499,042c345cfe16
18,0.02,NHF,4,3666.3499228265005,4157.3214896215,042c345cfe16
18,0.02,NHF,5,6094.286136593499,6094.286136593499,042c345cfe16
18,0.02,NHF,6,6071.8311475035,6071.8311475035,042c345cfe16
18,0.02,NHF,7,13716.778545887999,13716.778545887999,042c345cfe16
18,0.02,NHF,8,13233.047634211001,13233.047634211001,042c345cfe16
18,0.02,NHF,9,22926.4064182355,22526.240620830504,042c345cfe16
18,0.02,NHF,10,8267.2373325245,8667.403129929502,042c345cfe16
18,0.02,NHF,11,8386.8577566865,8824.586335886499,042c345cfe16
18,0.02,NHF,12,4613.645517256,4138.604760886,042c345cfe16
18,0.02,NHF,13,10981.726991098501,14506.1295126035,042c345cfe16
18,0.02,NHF,14,10366.789403918003,6250.337666957999,042c345cfe16
18,0.02,NHF,15,10767.793221451002,9998.243049211,042c345cfe16
18,0.02,NDY,1,12347.453608498858,12347.453608498858,042c345cfe16
18,0.02,NDY,2,12347.453608498863,12165.915062285127,042c345cfe16
18,0.02,NDY,3,12347.45360849886,11979.617664983325,042c345cfe16
18,0.02,NDY,4,12347.453608498861,11827.058068590426,042c345cfe16
18,0.02,NDY,5,12347.453608498861,11711.079886275502,042c345cfe16
18,0.02,NDY,6,12347.453608498863,11665.201001231519,042c345cfe16
18,0.02,NDY,7,12347.453608498863,11628.019157544823,042c345cfe16
18,0.02,NDY,8,12347.453608498863,11584.519869206173,042c345cfe16
18,0.02,NDY,9,12347.453608498861,11503.5309010422,042c345cfe16
18,0.02,NDY,10,12347.453608498861,11440.596773476755,042c345cfe16
18,0.02,NDY,11,12347.453608498861,11356.80058531053,042c345cfe16
18,0.02,NDY,12,12347.45360849886,11320.550122693465,042c345cfe16
18,0.02,NDY,13,12347.453608498861,11289.137634407307,042c345cfe16
18,0.02,NDY,14,12347.453608498861,11246.856263089154,042c345cfe16
18,0.02,NDY,15,12347.45360849886,11215.00204402731,042c345cfe16
18,0.02,-10%,1,17803.876584432703,17803.876584432703,042c345cfe16
18,0.02,-10%,2,16023.488925989439,16011.163633773294,042c345cfe16
18,0.02,-10%,3,14421.14003339049,14415.686568598072,042c345cfe16
18,0.02,-10%,4,12979.026030051442,12932.947990931403,042c345cfe16
18,0.02,-10%,5,11681.1234270463,11622.555204802338,042c345cfe16
18,0.02,-10%,6,10513.01108434167,10460.299679491003,042c345cfe16
18,0.02,-10%,7,9461.7099759075,9461.709978433,042c345cfe16
18,0.02,-10%,8,10434.174168373582,10742.6086357045,042c345cfe16
18,0.02,-10%,9,13765.665648403201,13635.324120649499,042c345cfe16
18,0.02,-10%,10,12389.099083562884,12559.23835595411,042c345cfe16
18,0.02,-10%,11,11150.189175206593,11321.671849090695,042c345cfe16
18,0.02,-10%,12,10035.170257685937,10189.504669526503,042c345cfe16
18,0.02,-10%,13,10525.711924881944,10135.759291715487,042c345cfe16
18,0.02,-10%,14,9473.140732393751,9122.183361420019,042c345cfe16
18,0.02,-10%,15,10418.691127840759,8209.9650295195,042c345cfe16
18,0.02,-20%,1,22144.904445780336,22144.904445780336,042c345cfe16
18,0.02,-20%,2,17715.923556624275,17707.95324618388,042c345cfe16
18,0.02,-20%,3,14172.738845299415,14138.102371615876,042c345cfe16
18,0.02,-20%,4,11338.191076239535,11296.234954583517,042c345cfe16
18,0.02,-20%,5,9070.552860991625,9036.9879660045,042c345cfe16
18,0.02,-20%,6,7256.442288793302,7229.590369971,042c345cfe16
18,0.02,-20%,7,6907.480043997221,6907.480042393,042c345cfe16
18,0.02,-20%,8,15731.116526304075,15748.223414629,042c345cfe16
18,0.02,-20%,9,15806.15289496654,15893.095197484367,042c345cfe16
18,0.02,-20%,10,12644.922315973236,12714.388216286672,042c345cfe16
18,0.02,-20%,11,10115.937852778587,10171.51057524819,042c345cfe16
18,0.02,-20%,12,8092.750282222872,8137.2084576785,042c345cfe16
18,0.02,-20%,13,7384.187848798563,8334.4211413985,042c345cfe16
18,0.02,-20%,14,10544.54710208722,10514.971313633065,042c345cfe16
18,0.02,-20%,15,12245.434515701423,8411.977054164001,042c345cfe16
18,0.02,+/-10%,1,17774.582762256905,17774.582762256905,042c345cfe16
18,0.02,+/-10%,2,15997.124486031218,15996.939680142337,042c345cfe16
18,0.02,+/-10%,3,14397.412037428092,14391.251863001136,042c345cfe16
18,0.02,+/-10%,4,12957.670833685286,12961.501668484616,042c345cfe16
18,0.02,+/-10%,5,11661.903750316756,11665.645327723601,042c345cfe16
18,0.02,+/-10%,6,10495.713375285082,10499.080795913002,042c345cfe16
18,0.02,+/-10%,7,9852.554274915366,9852.554272603002,042c345cfe16
18,0.02,+/-10%,8,10837.809702406903,10837.8097014295,042c345cfe16
18,0.02,+/-10%,9,11921.590672647591,11975.916570524498,042c345cfe16
18,0.02,+/-10%,10,12791.517817370448,12623.91857918474,042c345cfe16
18,0.02,+/-10%,11,11512.3660356334,11361.526723065608,042c345cfe16
18,0.02,+/-10%,12,10361.129432070062,10225.374048643003,042c345cfe16
18,0.02,+/-10%,13,10512.373441687832,10477.46567821106,042c345cfe16
18,0.02,+/-10%,14,10127.406110670227,9429.719114049767,042c345cfe16
18,0.02,+/-10%,15,10115.63909398818,9098.42447014256,042c345cfe16
18,0.02,+/-20%,1,21906.529673210305,21906.529673210305,042c345cfe16
18,0.02,+/-20%,2,17525.223738568246,17513.542886439158,042c345cfe16
18,0.02,+/-20%,3,14020.178990854594,14000.155839155941,042c345cfe16
18,0.02,+/-20%,4,11216.143192683681,11169.285326517886,042c345cfe16
18,0.02,+/-20%,5,8972.914554146942,8935.428264474873,042c345cfe16
18,0.02,+/-20%,6,8144.819648472536,8144.8196466635,042c345cfe16
18,0.02,+/-20%,7,9773.783578167047,9773.783574718002,042c345cfe16
18,0.02,+/-20%,8,11728.540293800455,11728.5402909845,042c345cfe16
18,0.02,+/-20%,9,14074.248352560542,15809.748654182002,042c345cfe16
18,0.02,+/-20%,10,13874.857787640995,13242.9066331865,042c345cfe16
18,0.02,+/-20%,11,11099.886230112797,10639.701637799537,042c345cfe16
18,0.02,+/-20%,12,8879.908984090238,8511.761309626001,042c345cfe16
18,0.02,+/-20%,13,9769.33664333938,9502.226451081364,042c345cfe16
18,0.02,+/-20%,14,9003.103522634707,7559.137224893408,042c345cfe16
18,0.02,+/-20%,15,10574.218587927795,9071.426336196993,042c345cfe16
18,0.04,NHF,1,44700.29189158934,44700.29189158934,042c345cfe16
18,0.04,NHF,2,7379.821250780501,7379.821250780501,042c345cfe16
18,0.04,NHF,3,8074.8907988345,8074.8907988345,042c345cfe16
18,0.04,NHF,4,3765.0878800115006,3765.0878800115006,042c345cfe16
18,0.04,NHF,5,5639.877077490999,5639.877077490999,042c345cfe16
18,0.04,NHF,6,6071.8311475035,6071.8311475035,042c345cfe16
18,0.04,NHF,7,14017.844845652999,14017.844845652999,042c345cfe16
18,0.04,NHF,8,13730.147904196001,13730.147904196001,042c345cfe16
18,0.04,NHF,9,23977.972116195502,23977.972116195502,042c345cfe16
18,0.04,NHF,10,7565.9887105195,7565.9887105195,042c345cfe16
18,0.04,NHF,11,7901.9484948214995,7901.9484948214995,042c345cfe16
18,0.04,NHF,12,4239.520572046,4239.520572046,042c345cfe16
18,0.04,NHF,13,14480.4341965685,14480.4341965685,042c345cfe16
18,0.04,NHF,14,6747.437936943,6747.437936943,042c345cfe16
18,0.04,NHF,15,9600.242276866,9600.242276866,042c345cfe16
18,0.04,NDY,1,12189.297698358729,12189.297698358729,042c345cfe16
18,0.04,NDY,2,12189.297698358734,11998.344700394113,042c345cfe16
18,0.04,NDY,3,12189.297698358732,11836.90190953048,042c345cfe16
18,0.04,NDY,4,12189.297698358732,11690.140757380917,042c345cfe16
18,0.04,NDY,5,12189.297698358732,11572.082021273081,042c345cfe16
18,0.04,NDY,6,12189.297698358732,11487.16149986434,042c345cfe16
18,0.04,NDY,7,12189.297698358727,11429.408045876608,042c345cfe16
18,0.04,NDY,8,12189.297698358732,11374.898608010284,042c345cfe16
18,0.04,NDY,9,12189.297698358727,11321.129852818513,042c345cfe16
18,0.04,NDY,10,12189.29769835873,11275.34984853726,042c345cfe16
18,0.04,NDY,11,12189.297698358729,11179.66767648811,042c345cfe16
18,0.04,NDY,12,12189.297698358729,11130.047965868409,042c345cfe16
18,0.04,NDY,13,12189.297698358729,11089.819359089164,042c345cfe16
18,0.04,NDY,14,12189.29769835873,11025.478078920187,042c345cfe16
18,0.04,NDY,15,12189.297698358727,11019.026603840497,042c345cfe16
18,0.04,-10%,1,17829.869522280573,17829.869522280573,042c345cfe16
18,0.04,-10%,2,16046.882570052521,16014.701519032636,042c345cfe16
18,0.04,-10%,3,14442.194313047265,14392.559316770237,042c345cfe16
18,0.04,-10%,4,12997.974881742542,12947.416810923003,042c345cfe16
18,0.04,-10%,5,11698.177393568285,11652.303610813842,042c345cfe16
18,0.04,-10%,6,10528.35965421146,10487.073255811336,042c345cfe16
18,0.04,-10%,7,9475.523688790312,9456.521101447383,042c345cfe16
18,0.04,-10%,8,8527.971319911283,8510.868993130001,042c345cfe16
18,0.04,-10%,9,13160.086268488252,13667.232851266499,042c345cfe16
18,0.04,-10%,10,13554.31750441352,13422.707659738227,042c345cfe16
18,0.04,-10%,11,12198.885753972167,12080.43689546483,042c345cfe16
18,0.04,-10%,12,10978.997178574953,10872.393204166501,042c345cfe16
18,0.04,-10%,13,9881.09746071746,9828.446331593743,042c345cfe16
18,0.04,-10%,14,8892.987714645711,8845.601697598175,042c345cfe16
18,0.04,-10%,15,8003.6889431811405,7961.041526395001,042c345cfe16
18,0.04,-20%,1,22202.040886864626,22202.040886864626,042c345cfe16
18,0.04,-20%,2,17761.632709491707,17737.873058539495,042c345cfe16
18,0.04,-20%,3,14209.306167593364,14175.776086893877,042c345cfe16
18,0.04,-20%,4,11367.444934074694,11338.584995303641,042c345cfe16
18,0.04,-20%,5,9093.955947259756,9070.748061691675,042c345cfe16
18,0.04,-20%,6,7275.1647578078055,7256.598452409,042c345cfe16
18,0.04,-20%,7,5820.131806246245,5820.131805173,042c345cfe16
18,0.04,-20%,8,14023.52676734971,14132.605264407,042c345cfe16
18,0.04,-20%,9,17196.04399629966,17206.275558115525,042c345cfe16
18,0.04,-20%,10,13756.835197039729,13764.149143301209,042c345cfe16
18,0.04,-20%,11,11005.468157631785,11011.31931643465,042c345cfe16
18,0.04,-20%,12,8804.37452610543,8809.0554607985,042c345cfe16
18,0.04,-20%,13,7043.499620884342,7050.532698032499,042c345cfe16
18,0.04,-20%,14,9967.542923464061,9380.503142803987,042c345cfe16
18,0.04,-20%,15,7974.034338771248,7504.402510717001,042c345cfe16
18,0.04,+/-10%,1,17819.53591773083,17819.53591773083,042c345cfe16
18,0.04,+/-10%,2,16037.582325957756,16028.407441850502,042c345cfe16
18,0.04,+/-10%,3,14433.82409336197,14393.390310482804,042c345cfe16
18,0.04,+/-10%,4,12990.44168402578,12943.141608161213,042c345cfe16
18,0.04,+/-10%,5,11691.3975156232,11648.827450205348,042c345cfe16
18,0.04,+/-10%,6,10522.257764060882,10483.944704028001,042c345cfe16
18,0.04,+/-10%,7,9470.031987654793,9443.503384062496,042c345cfe16
18,0.04,+/-10%,8,10041.299186821065,10073.847670124002,042c345cfe16
18,0.04,+/-10%,9,11045.429105503172,11081.2324374205,042c345cfe16
18,0.04,+/-10%,10,12149.972016053489,13522.042822763375,042c345cfe16
18,0.04,+/-10%,11,12882.068527840958,12169.838536936837,042c345cfe16
18,0.04,+/-10%,12,11593.861675056867,10952.854683464,042c345cfe16
18,0.04,+/-10%,13,10589.191184174757,10398.101198301285,042c345cfe16
18,0.04,+/-10%,14,9530.27206575728,9357.793228042918,042c345cfe16
18,0.04,+/-10%,15,8577.244859181552,8422.013904466792,042c345cfe16
18,0.04,+/-20%,1,22127.104819995002,22127.104819995002,042c345cfe16
18,0.04,+/-20%,2,17701.68385599601,17691.34442110956,042c345cfe16
18,0.04,+/-20%,3,14161.347084796806,14144.258778510688,042c345cfe16
18,0.04,+/-20%,4,11329.077667837446,11315.063967764625,042c345cfe16
18,0.04,+/-20%,5,9063.262134269957,9052.051173185997,042c345cfe16
18,0.04,+/-20%,6,7250.609707415965,7250.6097096995,042c345cfe16
18,0.04,+/-20%,7,8700.731648899158,8700.731651383,042c345cfe16
18,0.04,+/-20%,8,10440.877978678991,10440.877979633,042c345cfe16
18,0.04,+/-20%,9,12529.05357441479,16981.245090701,042c345cfe16
18,0.04,+/-20%,10,15034.864289297744,14149.09748802525,042c345cfe16
18,0.04,+/-20%,11,13732.531309369004,11312.605700303806,042c345cfe16
18,0.04,+/-20%,12,10986.025047495204,9050.084556138001,042c345cfe16
18,0.04,+/-20%,13,9578.058927895476,9235.074724494203,042c345cfe16
18,0.04,+/-20%,14,7662.4471423163795,6904.612953946773,042c345cfe16
18,0.04,+/-20%,15,7113.4385537115,8285.535546586858,042c345cfe16
18,0.06,NHF,1,44700.29189158934,44700.29189158934,042c345cfe16
18,0.06,NHF,2,7379.821250780501,7379.821250780501,042c345cfe16
18,0.06,NHF,3,8074.8907988345,8074.8907988345,042c345cfe16
18,0.06,NHF,4,3765.0878800115006,3765.0878800115006,042c345cfe16
18,0.06,NHF,5,5639.877077490999,5639.877077490999,042c345cfe16
18,0.06,NHF,6,6071.8311475035,6071.8311475035,042c345cfe16
18,0.06,NHF,7,14017.844845652999,14017.844845652999,042c345cfe16
18,0.06,NHF,8,13730.147904196001,13730.147904196001,042c345cfe16
18,0.06,NHF,9,23977.972116195502,23977.972116195502,042c345cfe16
18,0.06,NHF,10,7565.9887105195,7565.9887105195,042c345cfe16
18,0.06,NHF,11,7901.9484948214995,7901.9484948214995,042c345cfe16
18,0.06,NHF,12,4239.520572046,4239.520572046,042c345cfe16
18,0.06,NHF,13,14480.4341965685,14480.4341965685,042c345cfe16
18,0.06,NHF,14,6747.437936943,6747.437936943,042c345cfe16
18,0.06,NHF,15,9600.242276866,9600.242276866,042c345cfe16
18,0.06,NDY,1,12051.145785553346,12051.145785553346,042c345cfe16
18,0.06,NDY,2,12051.145785553348,11776.51538612074,042c345cfe16
18,0.06,NDY,3,12051.145785553346,11613.493820037029,042c345cfe16
18,0.06,NDY,4,12051.145785553346,11538.466429175769,042c345cfe16
18,0.06,NDY,5,12051.145785553348,11486.285375530188,042c345cfe16
18,0.06,NDY,6,12051.145785553348,11434.984805152999,042c345cfe16
18,0.06,NDY,7,12051.145785553344,11396.509206389866,042c345cfe16
18,0.06,NDY,8,12051.145785553348,11378.954489451946,042c345cfe16
18,0.06,NDY,9,12051.145785553346,11255.320421195722,042c345cfe16
18,0.06,NDY,10,12051.145785553346,11142.46760239988,042c345cfe16
18,0.06,NDY,11,12051.145785553348,11038.00088227183,042c345cfe16
18,0.06,NDY,12,12051.145785553352,11018.716000781553,042c345cfe16
18,0.06,NDY,13,12051.145785553348,11007.377479172792,042c345cfe16
18,0.06,NDY,14,12051.14578555335,11005.48597760321,042c345cfe16
18,0.06,NDY,15,12051.145785553348,10999.510395473118,042c345cfe16
18,0.06,-10%,1,17687.776744277515,17687.776744277515,042c345cfe16
18,0.06,-10%,2,15918.999069849771,15854.026666740305,042c345cfe16
18,0.06,-10%,3,14327.09916286479,14240.833764373732,042c345cfe16
18,0.06,-10%,4,12894.389246578314,12811.419562636069,042c345cfe16
18,0.06,-10%,5,11604.95032192048,11526.889297721142,042c345cfe16
18,0.06,-10%,6,10444.455289728434,10374.200367000503,042c345cfe16
18,0.06,-10%,7,9400.009760755589,9400.009758423,042c345cfe16
18,0.06,-10%,8,8460.008784680032,8460.00878294,042c345cfe16
18,0.06,-10%,9,8545.795096664944,8728.353803169999,042c345cfe16
18,0.06,-10%,10,14543.731210174814,14474.75803606775,042c345cfe16
18,0.06,-10%,11,13089.35808915733,13015.116647514682,042c345cfe16
18,0.06,-10%,12,11780.422280241595,11708.814518326753,042c345cfe16
18,0.06,-10%,13,10602.380052217437,10527.515613362686,042c345cfe16
18,0.06,-10%,14,9542.142046995696,9474.764054802445,042c345cfe16
18,0.06,-10%,15,8587.927842296125,8527.287644541,042c345cfe16
18,0.06,-20%,1,22073.450774628607,22073.450774628607,042c345cfe16
18,0.06,-20%,2,17658.760619702894,17623.91450741423,042c345cfe16
18,0.06,-20%,3,14127.00849576231,14065.25547156585,042c345cfe16
18,0.06,-20%,4,11301.60679660985,11247.324050700756,042c345cfe16
18,0.06,-20%,5,9041.285437287881,8997.85923864908,042c345cfe16
18,0.06,-20%,6,7233.028349830304,7198.2873938725,042c345cfe16
18,0.06,-20%,7,5786.422679864245,5786.422680633001,042c345cfe16
18,0.06,-20%,8,10954.796577915928,10634.33454377,042c345cfe16
18,0.06,-20%,9,18506.127410341403,18699.375035493005,042c345cfe16
18,0.06,-20%,10,14804.901928273126,14939.653317903563,042c345cfe16
18,0.06,-20%,11,11843.9215426185,11951.722654884816,042c345cfe16
18,0.06,-20%,12,9475.137234094802,9561.378121211847,042c345cfe16
18,0.06,-20%,13,7580.109787275841,7649.102498765499,042c345cfe16
18,0.06,-20%,14,8366.408735737832,7394.6396467429995,042c345cfe16
18,0.06,-20%,15,6693.126988590266,6770.159575,042c345cfe16
18,0.06,+/-10%,1,17688.25846149266,17688.25846149266,042c345cfe16
18,0.06,+/-10%,2,15919.432615343396,15839.101874468077,042c345cfe16
18,0.06,+/-10%,3,14327.489353809055,14236.101713146796,042c345cfe16
18,0.06,+/-10%,4,12894.74041842815,12802.801813929216,042c345cfe16
18,0.06,+/-10%,5,11605.266376585334,11519.110591026212,042c345cfe16
18,0.06,+/-10%,6,10444.739738926803,10367.199535220503,042c345cfe16
18,0.06,+/-10%,7,9400.26576503412,9352.831267925869,042c345cfe16
18,0.06,+/-10%,8,8460.23918853071,8518.43754196,042c345cfe16
18,0.06,+/-10%,9,9306.26310738378,9370.281292245,042c345cfe16
18,0.06,+/-10%,10,10236.889418122162,14355.536058513482,042c345cfe16
18,0.06,+/-10%,11,11260.578359934378,12917.35627772296,042c345cfe16
18,0.06,+/-10%,12,12386.636195927818,11620.830184949202,042c345cfe16
18,0.06,+/-10%,13,13040.087216926002,10448.569356507125,042c345cfe16
18,0.06,+/-10%,14,11736.078495233402,9403.712423266348,042c345cfe16
18,0.06,+/-10%,15,10562.470645710064,8463.341183016,042c345cfe16
18,0.06,+/-20%,1,22053.070012003078,22053.070012003078,042c345cfe16
18,0.06,+/-20%,2,17642.456009602465,17610.088705608814,042c345cfe16
18,0.06,+/-20%,3,14113.96480768197,14055.063099005456,042c345cfe16
18,0.06,+/-20%,4,11291.171846145582,11239.1680816443,042c345cfe16
18,0.06,+/-20%,5,9032.937476916464,8991.334463774594,042c345cfe16
18,0.06,+/-20%,6,7226.349981533171,7193.0675707945,042c345cfe16
18,0.06,+/-20%,7,7382.762022190644,7382.762023353001,042c345cfe16
18,0.06,+/-20%,8,8859.314426628773,8859.314425690001,042c345cfe16
18,0.06,+/-20%,9,10631.177311954525,18709.332259982984,042c345cfe16
18,0.06,+/-20%,10,12757.41277434543,14937.306598819714,042c345cfe16
18,0.06,+/-20%,11,15308.895329214516,11949.845280109474,042c345cfe16
18,0.06,+/-20%,12,13824.587365656382,9559.876228883,042c345cfe16
18,0.06,+/-20%,13,11059.669892525104,8017.845429437077,042c345cfe16
18,0.06,+/-20%,14,8847.735914020086,6414.276343408917,042c345cfe16
18,0.06,+/-20%,15,7078.188731216068,7697.131609265,042c345cfe16
