landbase,discount_path,path_family,discount_rate,flow_policy,period,announced,realized,obj_free,obj_fixed,objective_gap,tail_status
1,linear-4pc-0pc,linear,0.04,NHF,1,54238.435999999994,54238.435999999994,42681704.76501446,42681704.76501446,0.0,optimal
1,linear-4pc-0pc,linear,0.04,NHF,2,0.0,0.0,13314087.001801508,13314087.001801508,0.0,optimal
1,linear-4pc-0pc,linear,0.04,NHF,3,0.0,0.0,17693789.263027415,17693789.263027415,0.0,optimal
1,linear-4pc-0pc,linear,0.04,NHF,4,0.0,0.0,21757671.307331678,21757671.307331678,0.0,optimal
1,linear-4pc-0pc,linear,0.04,NHF,5,0.0,0.0,29544874.223620042,29544874.223620042,0.0,optimal
1,linear-4pc-0pc,linear,0.04,NHF,6,0.0,0.0,38571882.43466711,38571882.43466711,0.0,optimal
1,linear-4pc-0pc,linear,0.04,NHF,7,30640.0,30640.0,52284393.81156174,52284393.81156174,0.0,optimal
1,linear-4pc-0pc,linear,0.04,NHF,8,11500.0,11500.0,36831741.13019621,36831741.13019621,0.0,optimal
1,linear-4pc-0pc,linear,0.04,NHF,9,21480.0,21480.0,33365897.641140264,33365897.641140264,0.0,optimal
1,linear-4pc-0pc,linear,0.04,NHF,10,0.0,0.0,18155643.884772055,18155643.884772055,0.0,optimal
1,linear-4pc-0pc,linear,0.04,NHF,11,0.0,0.0,26287896.838338178,26287896.838338178,0.0,optimal
1,linear-4pc-0pc,linear,0.04,NHF,12,0.0,0.0,33949546.109482825,33949546.109482825,0.0,optimal
1,linear-4pc-0pc,linear,0.04,NHF,13,0.0,30640.0,45554780.8070362,36824663.0579835,8730117.749052696,suboptimal
1,linear-4pc-0pc,linear,0.04,NHF,14,0.0,0.0,25726098.050727926,25726098.050727926,0.0,optimal
1,linear-4pc-0pc,linear,0.04,NHF,15,45420.0,11500.0,34788667.06893903,,,infeasible
1,linear-4pc-0pc,linear,0.04,NDY,1,9785.24317818734,9785.24317818734,27471196.355358057,27471196.355358057,0.0,optimal
1,linear-4pc-0pc,linear,0.04,NDY,2,9785.243178187342,9775.302079574343,28545501.201686326,28545501.201686326,0.0,optimal
1,linear-4pc-0pc,linear,0.04,NDY,3,9785.243178187337,9717.634443129398,28895180.873641033,28895180.873641033,0.0,optimal
1,linear-4pc-0pc,linear,0.04,NDY,4,9785.24317818734,8320.085433551723,29294425.172104646,29099949.071755584,194476.1003490612,suboptimal
1,linear-4pc-0pc,linear,0.04,NDY,5,9785.243178187338,8320.085433626076,30914813.302139226,30428825.82900127,485987.4731379561,suboptimal
1,linear-4pc-0pc,linear,0.04,NDY,6,9785.243178187346,8320.08542945588,31655421.64734799,31046118.095092162,609303.5522558279,suboptimal
1,linear-4pc-0pc,linear,0.04,NDY,7,9785.24317818734,9565.54056802,33032128.302542042,32890892.04499482,141236.25754722208,suboptimal
1,linear-4pc-0pc,linear,0.04,NDY,8,9785.243178187338,9565.540565653948,33874680.10375842,33664420.40365559,210259.70010282844,suboptimal
1,linear-4pc-0pc,linear,0.04,NDY,9,9785.243178187337,9565.54056638125,33260008.38457319,33072735.2860361,187273.09853709117,suboptimal
1,linear-4pc-0pc,linear,0.04,NDY,10,9785.243178187353,9565.540564042502,32098591.910392925,31868944.63514896,229647.27524396405,suboptimal
1,linear-4pc-0pc,linear,0.04,NDY,11,9785.243178187342,9565.5405679,31842353.836676672,31623235.769653693,219118.06702297926,suboptimal
1,linear-4pc-0pc,linear,0.04,NDY,12,9785.243178187346,9565.54056802,31662114.70849835,31516817.26600272,145297.44249563292,suboptimal
1,linear-4pc-0pc,linear,0.04,NDY,13,9785.24317818734,9383.530822655077,31307843.235556673,31078135.027437426,229708.2081192471,suboptimal
1,linear-4pc-0pc,linear,0.04,NDY,14,9785.243178187342,9407.265614570842,31230451.21103417,30750624.81325292,479826.39778125286,suboptimal
1,linear-4pc-0pc,linear,0.04,NDY,15,14073.187810275122,8237.461652846672,31514218.88653139,,,infeasible
1,linear-4pc-0pc,linear,0.04,-10%,1,12713.868264188714,12713.868264188714,29711726.333753545,29711726.333753545,0.0,optimal
1,linear-4pc-0pc,linear,0.04,-10%,2,11442.481437769846,11442.481437743001,28419625.85398447,28419625.85398447,0.0,optimal
1,linear-4pc-0pc,linear,0.04,-10%,3,10298.233293992855,10298.233294222171,27740776.65224033,27740776.65224033,0.0,optimal
1,linear-4pc-0pc,linear,0.04,-10%,4,9268.409964593575,7300.314761859166,27559435.433194455,27507310.871943254,52124.561251200736,suboptimal
1,linear-4pc-0pc,linear,0.04,-10%,5,8341.568968134217,6570.283287002743,28938502.143954862,28431020.119485736,507482.024469126,suboptimal
1,linear-4pc-0pc,linear,0.04,-10%,6,7507.41207132079,5913.254954470981,31254186.89737799,30594710.71768815,659476.1796898395,suboptimal
1,linear-4pc-0pc,linear,0.04,-10%,7,9158.115462538632,9158.11546146,34847728.74344937,34847728.74344937,0.0,optimal
1,linear-4pc-0pc,linear,0.04,-10%,8,12560.69614130522,13009.394256610525,37201552.50687361,37157120.130269766,44432.37660384178,suboptimal
1,linear-4pc-0pc,linear,0.04,-10%,9,11304.626527174687,10695.44655159517,33128307.561510812,33028330.04988223,99977.51162858307,suboptimal
1,linear-4pc-0pc,linear,0.04,-10%,10,10174.163874457226,9625.901898242108,31154180.517607033,30989653.844601315,164526.67300571874,suboptimal
1,linear-4pc-0pc,linear,0.04,-10%,11,9156.747487011504,8663.31170608,30317223.414287195,30105037.5653739,212185.84891329333,suboptimal
1,linear-4pc-0pc,linear,0.04,-10%,12,8241.072738310353,8033.52614992,30939440.69888169,30885115.741147887,54324.9577338025,suboptimal
1,linear-4pc-0pc,linear,0.04,-10%,13,7416.965464479319,9158.11546146,31826442.31998329,31383392.618611764,443049.7013715245,suboptimal
1,linear-4pc-0pc,linear,0.04,-10%,14,6675.268918031385,8242.3039127,32269097.32297037,31734848.534817208,534248.7881531641,suboptimal
1,linear-4pc-0pc,linear,0.04,-10%,15,22258.669166501226,10338.848289360834,34002033.032729544,,,infeasible
1,linear-4pc-0pc,linear,0.04,-20%,1,16147.317091681842,16147.317091681842,31878657.15868322,31878657.158683218,3.725290298461914e-09,optimal
1,linear-4pc-0pc,linear,0.04,-20%,2,12917.853673345477,12917.853673867878,28692017.172572795,28692017.172572795,0.0,optimal
1,linear-4pc-0pc,linear,0.04,-20%,3,10334.282938676384,10316.911984157668,26663977.505221333,26663977.50522133,3.725290298461914e-09,optimal
1,linear-4pc-0pc,linear,0.04,-20%,4,8267.42635094111,6674.661326970483,25973399.11067407,25952202.431066804,21196.679607264698,suboptimal
1,linear-4pc-0pc,linear,0.04,-20%,5,6613.941080752881,4545.384408050885,27594701.665624652,27065587.79758468,529113.8680399731,suboptimal
1,linear-4pc-0pc,linear,0.04,-20%,6,5291.15286460231,3636.307524577494,31861594.724138055,31166150.701177593,695444.0229604617,suboptimal
1,linear-4pc-0pc,linear,0.04,-20%,7,14220.35766482888,14220.357661940001,38499411.56806507,38499411.56806506,7.450580596923828e-09,optimal
1,linear-4pc-0pc,linear,0.04,-20%,8,12976.051109873737,12779.608117633334,36361604.289397776,36347889.96088652,13714.328511253,suboptimal
1,linear-4pc-0pc,linear,0.04,-20%,9,10380.84088789899,10223.686494859998,31109602.496753108,31086443.521288894,23158.97546421364,suboptimal
1,linear-4pc-0pc,linear,0.04,-20%,10,8304.672710319193,8494.377772866666,29314657.28940996,29286433.394249763,28223.89516019821,suboptimal
1,linear-4pc-0pc,linear,0.04,-20%,11,6643.738168255351,6795.50221442,29057836.18561731,29035257.070514113,22579.115103196353,suboptimal
1,linear-4pc-0pc,linear,0.04,-20%,12,5314.990534604283,7492.298589839999,31346747.714774627,30630304.032366183,716443.6824084446,suboptimal
1,linear-4pc-0pc,linear,0.04,-20%,13,4251.992427683425,10618.963846744444,33110473.812431835,31186698.585989714,1923775.226442121,suboptimal
1,linear-4pc-0pc,linear,0.04,-20%,14,3401.593942146742,8495.17108086,32413867.37422022,30852707.361218795,1561160.0130014233,suboptimal
1,linear-4pc-0pc,linear,0.04,-20%,15,37182.670244387285,12586.556805922228,33878464.62501181,,,infeasible
1,linear-4pc-0pc,linear,0.04,+/-10%,1,12713.86826418872,12713.86826418872,29164152.529038705,29164152.529038705,0.0,optimal
1,linear-4pc-0pc,linear,0.04,+/-10%,2,11442.481437769837,11416.859442253366,27948587.036691293,27948587.0366913,-7.450580596923828e-09,optimal
1,linear-4pc-0pc,linear,0.04,+/-10%,3,10298.233293992856,10275.17349872173,27141909.301183693,27141909.301183697,-3.725290298461914e-09,optimal
1,linear-4pc-0pc,linear,0.04,+/-10%,4,9268.409964593577,9247.656149323779,26482061.379230533,26482061.379230533,0.0,optimal
1,linear-4pc-0pc,linear,0.04,+/-10%,5,8341.568968134214,6905.023740231407,25640725.811797835,25600924.347300027,39801.46449780837,suboptimal
1,linear-4pc-0pc,linear,0.04,+/-10%,6,7507.412071320795,8015.995737113863,26270365.943536166,26256355.022619035,14010.920917131007,suboptimal
1,linear-4pc-0pc,linear,0.04,+/-10%,7,8258.15327845288,9306.95629030303,33440207.07477618,32987250.295085646,452956.7796905339,suboptimal
1,linear-4pc-0pc,linear,0.04,+/-10%,8,9083.96860629816,11315.299489789477,36463607.79728118,34918908.08103179,1544699.7162493914,suboptimal
1,linear-4pc-0pc,linear,0.04,+/-10%,9,9191.011847322816,10183.76954304,34640578.43880305,33884070.43009162,756508.0087114275,suboptimal
1,linear-4pc-0pc,linear,0.04,+/-10%,10,8809.148711757272,11629.904847064892,33655610.51743618,32075758.43160484,1579852.0858313367,suboptimal
1,linear-4pc-0pc,linear,0.04,+/-10%,11,9690.063582933,10424.541564557927,31418386.651289493,31191898.95357423,226487.6977152638,suboptimal
1,linear-4pc-0pc,linear,0.04,+/-10%,12,10659.069941226318,9366.604179949129,30325858.857559133,,,infeasible
1,linear-4pc-0pc,linear,0.04,+/-10%,13,11724.97693534891,8429.943762036935,29477671.315694377,,,infeasible
1,linear-4pc-0pc,linear,0.04,+/-10%,14,12897.474628883809,7586.949385600001,30080777.1643521,,,infeasible
1,linear-4pc-0pc,linear,0.04,+/-10%,15,14187.222091772192,9438.300712515791,32239475.933598503,,,infeasible
1,linear-4pc-0pc,linear,0.04,+/-20%,1,15723.940721674813,15723.940721674813,30613307.637708575,30613307.63770859,-1.4901161193847656e-08,optimal
1,linear-4pc-0pc,linear,0.04,+/-20%,2,12579.152577339857,12535.463724680036,27650651.52321694,27650651.523216944,-3.725290298461914e-09,optimal
1,linear-4pc-0pc,linear,0.04,+/-20%,3,10063.322061871882,9799.035002085102,25738314.75525371,25737534.584437147,780.1708165630698,suboptimal
1,linear-4pc-0pc,linear,0.04,+/-20%,4,8050.657649497487,7794.758891824853,25355051.56819781,25305800.785044312,49250.78315349668,suboptimal
1,linear-4pc-0pc,linear,0.04,+/-20%,5,6440.526119598005,6235.807114330607,25128341.251115426,25076700.714864943,51640.536250483245,suboptimal
1,linear-4pc-0pc,linear,0.04,+/-20%,6,6714.374870017955,7482.968542308634,26203275.124783613,25779003.3067327,424271.8180509135,suboptimal
1,linear-4pc-0pc,linear,0.04,+/-20%,7,8057.249844021542,11755.101263199998,37675329.02215262,34361066.952793516,3314262.0693591014,suboptimal
1,linear-4pc-0pc,linear,0.04,+/-20%,8,9668.699812825824,13525.0404378,37763958.7334692,35986305.95749129,1777652.7759779096,suboptimal
1,linear-4pc-0pc,linear,0.04,+/-20%,9,11602.439775391022,10820.03234901,33110480.480902743,,,infeasible
1,linear-4pc-0pc,linear,0.04,+/-20%,10,9281.951820312861,10250.452739266668,31063223.186035592,30830383.900074013,232839.28596157953,suboptimal
1,linear-4pc-0pc,linear,0.04,+/-20%,11,7901.050171314582,8200.36219324,29606896.969604257,29548600.85065393,58296.118950325996,suboptimal
1,linear-4pc-0pc,linear,0.04,+/-20%,12,9481.26020557745,8239.77832456,30508076.46991171,,,infeasible
1,linear-4pc-0pc,linear,0.04,+/-20%,13,11377.512246692833,9305.838446666667,31055510.748525396,,,infeasible
1,linear-4pc-0pc,linear,0.04,+/-20%,14,13653.014696031569,7444.67075744,31047277.949576948,,,infeasible
1,linear-4pc-0pc,linear,0.04,+/-20%,15,16383.617635237846,11360.345316633337,34071993.50197897,,,infeasible
1,linear-6pc-0pc,linear,0.06,NHF,1,54238.435999999994,54238.435999999994,29406968.468626074,29406968.468626074,0.0,optimal
1,linear-6pc-0pc,linear,0.06,NHF,2,0.0,0.0,4384858.478722132,4384858.478722132,0.0,optimal
1,linear-6pc-0pc,linear,0.06,NHF,3,0.0,0.0,6319165.486320829,6319165.486320829,0.0,optimal
1,linear-6pc-0pc,linear,0.06,NHF,4,0.0,0.0,8871796.6647458,8871796.6647458,0.0,optimal
1,linear-6pc-0pc,linear,0.06,NHF,5,0.0,0.0,13724753.55379394,13724753.55379394,0.0,optimal
1,linear-6pc-0pc,linear,0.06,NHF,6,0.0,0.0,21269596.967347987,21269596.967347987,0.0,optimal
1,linear-6pc-0pc,linear,0.06,NHF,7,30640.0,30640.0,34801946.97791524,34801946.97791524,0.0,optimal
1,linear-6pc-0pc,linear,0.06,NHF,8,11500.0,11500.0,22475084.51361654,22475084.51361654,0.0,optimal
1,linear-6pc-0pc,linear,0.06,NHF,9,21480.0,21480.0,20609576.606604584,20609576.606604584,0.0,optimal
1,linear-6pc-0pc,linear,0.06,NHF,10,0.0,0.0,7353462.463475063,7353462.463475063,0.0,optimal
1,linear-6pc-0pc,linear,0.06,NHF,11,0.0,0.0,11777411.417283544,11777411.417283544,0.0,optimal
1,linear-6pc-0pc,linear,0.06,NHF,12,0.0,0.0,18058317.49715142,18058317.49715142,0.0,optimal
1,linear-6pc-0pc,linear,0.06,NHF,13,0.0,30640.0,29270521.99294269,20067876.314545874,9202645.678396817,suboptimal
1,linear-6pc-0pc,linear,0.06,NHF,14,0.0,0.0,12463937.28465908,12463937.28465908,0.0,optimal
1,linear-6pc-0pc,linear,0.06,NHF,15,45420.0,11500.0,19903152.9049071,,,infeasible
1,linear-6pc-0pc,linear,0.06,NDY,1,9878.952732368489,9878.952732368489,14898893.46018829,14898893.46018829,0.0,optimal
1,linear-6pc-0pc,linear,0.06,NDY,2,9878.952732368489,9798.626831299765,15662936.14517482,15662936.14517482,0.0,optimal
1,linear-6pc-0pc,linear,0.06,NDY,3,9878.952732368496,9777.534012820346,15941789.487519251,15941291.59489481,497.8926244415343,suboptimal
1,linear-6pc-0pc,linear,0.06,NDY,4,9878.95273236849,9772.596176230349,16190369.7490753,16188315.530242667,2054.2188326325268,suboptimal
1,linear-6pc-0pc,linear,0.06,NDY,5,9878.952732368489,7505.36312691168,16170158.26733167,15899642.587260874,270515.6800707951,suboptimal
1,linear-6pc-0pc,linear,0.06,NDY,6,9878.952732368492,7505.363134029394,17079916.920760486,16332059.655934267,747857.2648262195,suboptimal
1,linear-6pc-0pc,linear,0.06,NDY,7,9878.952732368494,9714.440829946763,18885531.839844264,18862358.79738221,23173.04246205464,suboptimal
1,linear-6pc-0pc,linear,0.06,NDY,8,9878.95273236849,9714.440829048144,19508187.598588698,19446142.62213426,62044.97645443678,suboptimal
1,linear-6pc-0pc,linear,0.06,NDY,9,9878.952732368489,9619.794023761868,19019603.361553773,18918269.788346063,101333.57320770994,suboptimal
1,linear-6pc-0pc,linear,0.06,NDY,10,9878.952732368502,9619.794023993194,18229633.288195997,18091831.4309587,137801.85723729804,suboptimal
1,linear-6pc-0pc,linear,0.06,NDY,11,9878.952732368492,9619.794023756951,18146374.583771653,17825820.644010216,320553.9397614375,suboptimal
1,linear-6pc-0pc,linear,0.06,NDY,12,9878.952732368496,9619.7940245392,18004208.999858446,17458191.457138248,546017.5427201986,suboptimal
1,linear-6pc-0pc,linear,0.06,NDY,13,9878.952732368494,9510.184788031678,17730820.124324683,16881578.905045755,849241.2192789279,suboptimal
1,linear-6pc-0pc,linear,0.06,NDY,14,9878.9527323685,9451.993151387725,17533608.9663632,16463282.79410987,1070326.1722533293,suboptimal
1,linear-6pc-0pc,linear,0.06,NDY,15,9878.952732368492,9432.137626030712,17630435.873943407,,,infeasible
1,linear-6pc-0pc,linear,0.06,-10%,1,12713.868264188717,12713.868264188717,16718510.055465328,16718510.055465326,1.862645149230957e-09,optimal
1,linear-6pc-0pc,linear,0.06,-10%,2,11442.481437769842,11442.481437817543,15753326.805988196,15753326.805988193,3.725290298461914e-09,optimal
1,linear-6pc-0pc,linear,0.06,-10%,3,10298.233293992858,10298.233293224675,15223999.66161476,15223999.66161476,0.0,optimal
1,linear-6pc-0pc,linear,0.06,-10%,4,9268.409964593571,9268.409964874963,14865482.133967234,14865482.133967238,-3.725290298461914e-09,optimal
1,linear-6pc-0pc,linear,0.06,-10%,5,8341.568968134216,5534.4437051176055,14004439.145481417,13795004.754362468,209434.39111894928,suboptimal
1,linear-6pc-0pc,linear,0.06,-10%,6,7507.412071320795,4980.9993362268,15924322.243806226,15044701.104870748,879621.1389354784,suboptimal
1,linear-6pc-0pc,linear,0.06,-10%,7,8572.14275040135,8572.14275008,19741891.617199574,19741891.617199574,0.0,optimal
1,linear-6pc-0pc,linear,0.06,-10%,8,12508.457526739927,12801.345524073684,22346262.895204894,22280061.61948157,66201.27572332323,suboptimal
1,linear-6pc-0pc,linear,0.06,-10%,9,11257.611774065934,11521.210968740002,18734233.581133977,18710525.610576216,23707.970557760447,suboptimal
1,linear-6pc-0pc,linear,0.06,-10%,10,10131.85059665934,9266.704138389472,17124451.1161299,17028873.453802723,95577.66232717782,suboptimal
1,linear-6pc-0pc,linear,0.06,-10%,11,9118.665536993405,8340.03372858,16553856.616205635,16284479.548342876,269377.0678627584,suboptimal
1,linear-6pc-0pc,linear,0.06,-10%,12,8206.798983294068,10519.541133291521,17108316.047982525,16579185.686104478,529130.3618780468,suboptimal
1,linear-6pc-0pc,linear,0.06,-10%,13,7386.11908496466,6710.9127892,15327626.674348012,15270691.116338035,56935.55800997652,suboptimal
1,linear-6pc-0pc,linear,0.06,-10%,14,6647.507176468193,6039.821512980001,16972851.09188764,16778646.88268416,194204.20920348167,suboptimal
1,linear-6pc-0pc,linear,0.06,-10%,15,23206.685900768098,12116.426825652632,20636352.68505172,,,infeasible
1,linear-6pc-0pc,linear,0.06,-20%,1,16147.317091681842,16147.317091681842,18498994.51986177,18498994.519861765,3.725290298461914e-09,optimal
1,linear-6pc-0pc,linear,0.06,-20%,2,12917.853673345477,12917.85367386788,16124612.786242202,16124612.786242198,3.725290298461914e-09,optimal
1,linear-6pc-0pc,linear,0.06,-20%,3,10334.282938676384,10334.28294039962,14586144.635091826,14586144.635091826,0.0,optimal
1,linear-6pc-0pc,linear,0.06,-20%,4,8267.42635094111,8243.879056093954,13601775.148224214,13601775.148224214,0.0,optimal
1,linear-6pc-0pc,linear,0.06,-20%,5,6613.941080752881,3663.9462469759164,13018266.367817122,12816897.652104268,201368.71571285464,suboptimal
1,linear-6pc-0pc,linear,0.06,-20%,6,5291.15286460231,2931.15700100275,16374581.765424618,15546723.819391875,827857.9460327439,suboptimal
1,linear-6pc-0pc,linear,0.06,-20%,7,14220.35766482888,14220.35766194,22936671.37864341,22936671.378643412,-3.725290298461914e-09,optimal
1,linear-6pc-0pc,linear,0.06,-20%,8,12976.051109873737,11771.686486800001,21205719.360734463,21138711.182501372,67008.17823309079,suboptimal
1,linear-6pc-0pc,linear,0.06,-20%,9,10380.84088789899,9417.34918764,17863178.538197238,17554695.821264025,308482.7169332132,suboptimal
1,linear-6pc-0pc,linear,0.06,-20%,10,8304.672710319193,10346.68013748889,17940353.033166483,17349662.50565774,590690.5275087431,suboptimal
1,linear-6pc-0pc,linear,0.06,-20%,11,6643.738168255351,8277.34410862,16587676.688606502,16100857.272227759,486819.41637874395,suboptimal
1,linear-6pc-0pc,linear,0.06,-20%,12,5314.990534604283,9586.58241434,17225021.158111107,15720284.685042238,1504736.4730688687,suboptimal
1,linear-6pc-0pc,linear,0.06,-20%,13,4251.992427683425,8051.135639188889,16255280.202021055,15084775.152655125,1170505.0493659303,suboptimal
1,linear-6pc-0pc,linear,0.06,-20%,14,3401.593942146742,6440.9085105,16909569.682715792,15960109.319933008,949460.3627827838,suboptimal
1,linear-6pc-0pc,linear,0.06,-20%,15,37182.670244387285,11620.74954868889,20044837.011862494,,,infeasible
1,linear-6pc-0pc,linear,0.06,+/-10%,1,12713.868264188715,12713.868264188715,16527393.883448374,16527393.883448375,-1.862645149230957e-09,optimal
1,linear-6pc-0pc,linear,0.06,+/-10%,2,11442.481437769848,11442.481438924518,15629873.422853837,15629873.422853842,-5.587935447692871e-09,optimal
1,linear-6pc-0pc,linear,0.06,+/-10%,3,10298.233293992853,10298.233293394203,15021953.26587294,15021953.26587294,0.0,optimal
1,linear-6pc-0pc,linear,0.06,+/-10%,4,9268.409964593568,9268.409963178849,14217992.383224385,14217992.383224387,-1.862645149230957e-09,optimal
1,linear-6pc-0pc,linear,0.06,+/-10%,5,8341.568968134216,8341.56896727455,13127811.038529456,13127811.038529454,1.862645149230957e-09,optimal
1,linear-6pc-0pc,linear,0.06,+/-10%,6,7507.412071320801,7507.412071884999,11165362.707123498,11165362.707123496,1.862645149230957e-09,optimal
1,linear-6pc-0pc,linear,0.06,+/-10%,7,8258.153278452879,8258.153275699999,18171807.16791121,18171807.167911205,3.725290298461914e-09,optimal
1,linear-6pc-0pc,linear,0.06,+/-10%,8,9083.968606298164,10190.989923052628,20198787.612923156,19961273.426294748,237514.18662840873,suboptimal
1,linear-6pc-0pc,linear,0.06,+/-10%,9,9992.365466927979,9171.890929770001,18677421.2482543,,,infeasible
1,linear-6pc-0pc,linear,0.06,+/-10%,10,9617.686480053937,11566.372142397418,19651714.42128415,18754607.026519522,897107.3947646283,suboptimal
1,linear-6pc-0pc,linear,0.06,+/-10%,11,9269.365341543116,10409.734929702294,17989376.68459314,17586577.690620102,402798.9939730391,suboptimal
1,linear-6pc-0pc,linear,0.06,+/-10%,12,10196.301875697422,9368.761438422893,16981483.21776012,,,infeasible
1,linear-6pc-0pc,linear,0.06,+/-10%,13,11215.932063267128,8431.88529486009,16290078.535892747,,,infeasible
1,linear-6pc-0pc,linear,0.06,+/-10%,14,12337.52526959388,7588.696768925,16551427.790772028,,,infeasible
1,linear-6pc-0pc,linear,0.06,+/-10%,15,13571.277796553248,9587.620793505263,18430732.387905177,,,infeasible
1,linear-6pc-0pc,linear,0.06,+/-20%,1,16147.317091681845,16147.317091681845,18084041.460530527,18084041.460530527,0.0,optimal
1,linear-6pc-0pc,linear,0.06,+/-20%,2,12917.853673345473,12917.853672477362,15493313.29136658,15493313.291366579,1.862645149230957e-09,optimal
1,linear-6pc-0pc,linear,0.06,+/-20%,3,10334.282938676382,10334.282937444694,13576500.539947594,13576500.539947597,-3.725290298461914e-09,optimal
1,linear-6pc-0pc,linear,0.06,+/-20%,4,8267.426350941107,8243.879054269972,12061006.787701437,12061006.78770144,-1.862645149230957e-09,optimal
1,linear-6pc-0pc,linear,0.06,+/-20%,5,6613.941080752884,6328.369835328864,10615876.752174659,10614656.198245125,1220.5539295338094,suboptimal
1,linear-6pc-0pc,linear,0.06,+/-20%,6,5291.152864602308,5431.661291530159,9046488.523496779,9038549.49073233,7939.032764447853,suboptimal
1,linear-6pc-0pc,linear,0.06,+/-20%,7,6349.383437522768,6517.993549951454,16526635.453757009,16462458.49337341,64176.96038359776,suboptimal
1,linear-6pc-0pc,linear,0.06,+/-20%,8,7619.260125027322,12835.64077176,24040192.597202316,19213971.605606925,4826220.991595391,suboptimal
1,linear-6pc-0pc,linear,0.06,+/-20%,9,9143.112150032786,14690.40001553596,21641948.40170287,18947933.057494815,2694015.3442080542,suboptimal
1,linear-6pc-0pc,linear,0.06,+/-20%,10,10971.734580039345,11752.320013590886,18114191.026795637,17900776.601115245,213414.4256803915,suboptimal
1,linear-6pc-0pc,linear,0.06,+/-20%,11,8777.387664031477,9126.480779259105,15338670.844890103,15323265.195716193,15405.649173909798,suboptimal
1,linear-6pc-0pc,linear,0.06,+/-20%,12,9518.28174549471,6856.627086213214,14083157.991052376,,,infeasible
1,linear-6pc-0pc,linear,0.06,+/-20%,13,11421.938094593657,5485.30166931591,14511136.650544245,,,infeasible
1,linear-6pc-0pc,linear,0.06,+/-20%,14,13706.32571351239,6582.362000655,16651876.570173299,,,infeasible
1,linear-6pc-0pc,linear,0.06,+/-20%,15,16447.590856214865,11169.842993333337,21030216.02951219,,,infeasible
1,invj-4pc-k1,inverse-j,0.04,NHF,1,37347.869999999995,37347.869999999995,95972869.9665067,95972869.9665067,0.0,optimal
1,invj-4pc-k1,inverse-j,0.04,NHF,2,0.0,16890.566,77800081.69673575,77265163.20404275,534918.492693007,suboptimal
1,invj-4pc-k1,inverse-j,0.04,NHF,3,0.0,0.0,69832319.63903323,69832319.63903323,0.0,optimal
1,invj-4pc-k1,inverse-j,0.04,NHF,4,0.0,0.0,85605036.00527243,85605036.00527243,0.0,optimal
1,invj-4pc-k1,inverse-j,0.04,NHF,5,16890.566,0.0,97173400.42127228,,,infeasible
1,invj-4pc-k1,inverse-j,0.04,NHF,6,0.0,0.0,101082475.39403582,101082475.39403582,0.0,optimal
1,invj-4pc-k1,inverse-j,0.04,NHF,7,30640.0,30640.0,109399045.41518232,109399045.41518232,0.0,optimal
1,invj-4pc-k1,inverse-j,0.04,NHF,8,11500.0,11500.0,92374111.23372494,92374111.23372494,0.0,optimal
1,invj-4pc-k1,inverse-j,0.04,NHF,9,0.0,0.0,85011684.10459292,85011684.10459292,0.0,optimal
1,invj-4pc-k1,inverse-j,0.04,NHF,10,0.0,21480.0,90541530.92530718,87190229.50920573,3351301.4161014557,suboptimal
1,invj-4pc-k1,inverse-j,0.04,NHF,11,0.0,0.0,82342002.98806526,82342002.98806526,0.0,optimal
1,invj-4pc-k1,inverse-j,0.04,NHF,12,0.0,0.0,99091341.29748279,99091341.29748279,0.0,optimal
1,invj-4pc-k1,inverse-j,0.04,NHF,13,21480.0,30640.0,107355024.54263781,105482583.8319905,1872440.7106473148,suboptimal
1,invj-4pc-k1,inverse-j,0.04,NHF,14,0.0,0.0,86424035.38371621,86424035.38371621,0.0,optimal
1,invj-4pc-k1,inverse-j,0.04,NHF,15,45420.0,11500.0,94513818.30710857,,,infeasible
1,invj-4pc-k1,inverse-j,0.04,NDY,1,8727.206967531494,8727.206967531494,84411333.39792348,84411333.39792348,0.0,optimal
1,invj-4pc-k1,inverse-j,0.04,NDY,2,8727.206967531494,8727.206967388134,86034544.7546091,86034544.7546091,0.0,optimal
1,invj-4pc-k1,inverse-j,0.04,NDY,3,8727.206967531487,8727.20696729685,86637417.32966936,86637417.32966936,0.0,optimal
1,invj-4pc-k1,inverse-j,0.04,NDY,4,8727.206967531485,7823.218732639926,86915288.71695372,85855920.44157556,1059368.2753781676,suboptimal
1,invj-4pc-k1,inverse-j,0.04,NDY,5,8727.206967531485,8092.9548497626,88121078.90680723,87033051.03723414,1088027.8695730865,suboptimal
1,invj-4pc-k1,inverse-j,0.04,NDY,6,8727.206967531481,7802.878822056554,87517987.77324641,86427775.06141236,1090212.7118340433,suboptimal
1,invj-4pc-k1,inverse-j,0.04,NDY,7,8727.206967531489,7863.159694955262,88790152.09129438,87971955.02673341,818197.0645609647,suboptimal
1,invj-4pc-k1,inverse-j,0.04,NDY,8,8727.206967531485,8348.936762094696,91652348.57778329,91480878.94157699,171469.63620629907,suboptimal
1,invj-4pc-k1,inverse-j,0.04,NDY,9,8727.206967531485,8611.199025213926,91294467.61056955,91256632.40708934,37835.20348021388,suboptimal
1,invj-4pc-k1,inverse-j,0.04,NDY,10,8727.206967531481,8649.710283012093,90879154.49561718,90879154.49561718,0.0,optimal
1,invj-4pc-k1,inverse-j,0.04,NDY,11,8727.20696753148,8649.710283803508,90761989.78429066,90761989.78429066,0.0,optimal
1,invj-4pc-k1,inverse-j,0.04,NDY,12,8727.20696753148,8649.710284757499,91186727.49950445,91186727.49950445,0.0,optimal
1,invj-4pc-k1,inverse-j,0.04,NDY,13,8727.206967531478,8317.218197436401,91820470.24719302,91726254.84356762,94215.40362539887,suboptimal
1,invj-4pc-k1,inverse-j,0.04,NDY,14,8727.206967531472,8666.635295858432,91314417.44386794,91314417.44386794,0.0,optimal
1,invj-4pc-k1,inverse-j,0.04,NDY,15,25122.976983114277,8615.498209737121,91450760.84780075,,,infeasible
1,invj-4pc-k1,inverse-j,0.04,-10%,1,11575.583010890838,11575.583010890838,87943281.74240188,87943281.74240188,0.0,optimal
1,invj-4pc-k1,inverse-j,0.04,-10%,2,10418.024709801753,10418.024710040036,88288561.34263882,88288561.34263882,0.0,optimal
1,invj-4pc-k1,inverse-j,0.04,-10%,3,9376.222238821578,9376.222240828913,87058648.86709002,87058648.86709002,0.0,optimal
1,invj-4pc-k1,inverse-j,0.04,-10%,4,8438.600014939422,8438.600015923861,86421294.98793167,86421294.98793167,0.0,optimal
1,invj-4pc-k1,inverse-j,0.04,-10%,5,7594.740013445481,7594.740013896256,87017650.65682468,87017650.65682468,0.0,optimal
1,invj-4pc-k1,inverse-j,0.04,-10%,6,6835.266012100927,6835.266014729074,87833816.65607013,87833816.65607011,1.4901161193847656e-08,optimal
1,invj-4pc-k1,inverse-j,0.04,-10%,7,9388.145355648425,9388.14535338,91298434.50787921,91298434.50787921,0.0,optimal
1,invj-4pc-k1,inverse-j,0.04,-10%,8,8449.330820083582,9410.9507550485,93829164.60212472,93552167.0826948,276997.5194299221,suboptimal
1,invj-4pc-k1,inverse-j,0.04,-10%,9,7604.397738075222,8469.855680353357,91928694.89432934,91738201.88394557,190493.01038376987,suboptimal
1,invj-4pc-k1,inverse-j,0.04,-10%,10,6843.9579642677,7622.8701116640605,90397806.72044834,90335052.24548416,62754.47496418655,suboptimal
1,invj-4pc-k1,inverse-j,0.04,-10%,11,6159.56216784093,6860.583098455629,91577482.58682781,91504324.14878118,73158.4380466342,suboptimal
1,invj-4pc-k1,inverse-j,0.04,-10%,12,5543.605951056838,6174.524789970001,93534284.19854015,93386662.61698197,147621.58155818284,suboptimal
1,invj-4pc-k1,inverse-j,0.04,-10%,13,4989.245355951154,12431.456306469348,96078113.31748754,94083244.05980736,1994869.2576801777,suboptimal
1,invj-4pc-k1,inverse-j,0.04,-10%,14,4490.32082035604,11694.12104723339,93675570.02638637,92286876.59630123,1388693.4300851375,suboptimal
1,invj-4pc-k1,inverse-j,0.04,-10%,15,44081.288650880095,10749.260384851961,92650287.86444521,,,infeasible
1,invj-4pc-k1,inverse-j,0.04,-20%,1,14701.631754705537,14701.631754705537,90289178.21557514,90289178.21557516,-1.4901161193847656e-08,optimal
1,invj-4pc-k1,inverse-j,0.04,-20%,2,11761.305403764421,11761.305403893644,88193744.55970033,88193744.55970033,0.0,optimal
1,invj-4pc-k1,inverse-j,0.04,-20%,3,9409.04432301153,9409.04432220286,85353639.20605135,85353639.20605135,0.0,optimal
1,invj-4pc-k1,inverse-j,0.04,-20%,4,7527.2354584092245,7527.235456910041,83668323.20385022,83668323.20385022,0.0,optimal
1,invj-4pc-k1,inverse-j,0.04,-20%,5,6021.78836672738,6021.788364747755,85177135.89232804,85177135.89232804,0.0,optimal
1,invj-4pc-k1,inverse-j,0.04,-20%,6,4817.430693381906,4817.430688044744,90159100.09019375,90159100.09019375,0.0,optimal
1,invj-4pc-k1,inverse-j,0.04,-20%,7,13309.40185073108,13021.055814330988,95605408.52146797,95529236.31782085,76172.20364712179,suboptimal
1,invj-4pc-k1,inverse-j,0.04,-20%,8,10647.521480584865,10429.774287269718,94856717.72378327,94796755.88184623,59961.84193703532,suboptimal
1,invj-4pc-k1,inverse-j,0.04,-20%,9,8518.01718446789,8346.070572273447,91567256.45568076,91507961.00535612,59295.45032463968,suboptimal
1,invj-4pc-k1,inverse-j,0.04,-20%,10,6814.413747574311,6676.856456593671,89151996.20302288,89111365.01222719,40631.19079568982,suboptimal
1,invj-4pc-k1,inverse-j,0.04,-20%,11,5451.53099805945,5341.4851617125005,91406529.82079059,91382422.47479476,24107.34599582851,suboptimal
1,invj-4pc-k1,inverse-j,0.04,-20%,12,4361.22479844756,7695.59364354,93784769.15865019,93089535.73912714,695233.4195230454,suboptimal
1,invj-4pc-k1,inverse-j,0.04,-20%,13,3488.9798387580486,13471.568121269009,94764285.55981337,92125610.64146821,2638674.9183451533,suboptimal
1,invj-4pc-k1,inverse-j,0.04,-20%,14,2791.1838710064367,12127.585431113383,94655506.16709234,92760798.95440464,1894707.212687701,suboptimal
1,invj-4pc-k1,inverse-j,0.04,-20%,15,46288.47500425724,10544.652276718696,91633605.00176936,,,infeasible
1,invj-4pc-k1,inverse-j,0.04,+/-10%,1,11443.17249292567,11443.17249292567,85002851.23993284,85002851.23993282,1.4901161193847656e-08,optimal
1,invj-4pc-k1,inverse-j,0.04,+/-10%,2,10298.855243633108,10168.03087665437,85236976.3796862,85231241.94662388,5734.433062329888,suboptimal
1,invj-4pc-k1,inverse-j,0.04,+/-10%,3,9268.969719269795,9487.418618169948,85216462.2524302,85206451.55991577,10010.692514434457,suboptimal
1,invj-4pc-k1,inverse-j,0.04,+/-10%,4,8342.072747342816,8538.676756706906,84221607.01323418,84205496.99535961,16110.0178745687,suboptimal
1,invj-4pc-k1,inverse-j,0.04,+/-10%,5,7507.865472608532,6952.92250115003,85333044.37921056,85294754.93731381,38289.44189675152,suboptimal
1,invj-4pc-k1,inverse-j,0.04,+/-10%,6,7377.500324220076,7648.214749773213,85900979.01911408,85840968.47371644,60010.545397639275,suboptimal
1,invj-4pc-k1,inverse-j,0.04,+/-10%,7,8115.2503566420855,9924.40156246,87805800.75246283,87575053.37709752,230747.37536531687,suboptimal
1,invj-4pc-k1,inverse-j,0.04,+/-10%,8,8926.775392306296,9190.153079787735,88655627.96023482,88625668.55567512,29959.40455970168,suboptimal
1,invj-4pc-k1,inverse-j,0.04,+/-10%,9,8034.097853075686,8326.811086020667,89000875.3018852,88991430.65536244,9444.646522760391,suboptimal
1,invj-4pc-k1,inverse-j,0.04,+/-10%,10,8735.221155858933,7224.65918159177,88527984.0405366,87954471.27989393,573512.7606426626,suboptimal
1,invj-4pc-k1,inverse-j,0.04,+/-10%,11,9608.743271444835,6492.302838799429,88245681.32216538,87575393.67893408,670287.6432313025,suboptimal
1,invj-4pc-k1,inverse-j,0.04,+/-10%,12,10569.617598589313,9434.633510407639,89520209.54553159,89352156.20555082,168053.33998076618,suboptimal
1,invj-4pc-k1,inverse-j,0.04,+/-10%,13,11626.579358448242,12750.068642696735,93528762.17079566,93318356.9867095,210405.18408615887,suboptimal
1,invj-4pc-k1,inverse-j,0.04,+/-10%,14,12789.237294293078,11209.085341004435,89810045.01125649,,,infeasible
1,invj-4pc-k1,inverse-j,0.04,+/-10%,15,14068.161023722387,10522.543568833125,89087606.38207738,,,infeasible
1,invj-4pc-k1,inverse-j,0.04,+/-20%,1,13625.68489022074,13625.68489022074,87060271.2789106,87060271.27891059,1.4901161193847656e-08,optimal
1,invj-4pc-k1,inverse-j,0.04,+/-20%,2,10900.54791217658,11387.604057037417,85370452.79238869,85335937.71506639,34515.07732230425,suboptimal
1,invj-4pc-k1,inverse-j,0.04,+/-20%,3,8720.438329741268,9498.435731414234,84204279.64478421,84143449.73939182,60829.90539239347,suboptimal
1,invj-4pc-k1,inverse-j,0.04,+/-20%,4,6976.350663793018,8084.717754740291,84299157.85861906,84182799.91301489,116357.94560417533,suboptimal
1,invj-4pc-k1,inverse-j,0.04,+/-20%,5,6370.642820031088,5291.815260665476,85265246.58962806,85133433.09144963,131813.49817842245,suboptimal
1,invj-4pc-k1,inverse-j,0.04,+/-20%,6,7644.771384037306,6350.178316582638,87346611.66716027,87159706.76224497,186904.904915303,suboptimal
1,invj-4pc-k1,inverse-j,0.04,+/-20%,7,9173.725660844786,11504.429808420002,91684188.81415538,91337870.8256664,346317.9884889871,suboptimal
1,invj-4pc-k1,inverse-j,0.04,+/-20%,8,11008.470793013734,11046.795115372737,92090103.27671006,92090103.27671008,-1.4901161193847656e-08,optimal
1,invj-4pc-k1,inverse-j,0.04,+/-20%,9,8806.77663441099,8130.1252587399995,88855653.83829725,88783511.34718557,72142.49111168087,suboptimal
1,invj-4pc-k1,inverse-j,0.04,+/-20%,10,7045.42130752879,7682.127927204213,88323103.43648107,88254644.16101354,68459.2754675299,suboptimal
1,invj-4pc-k1,inverse-j,0.04,+/-20%,11,8044.121267291863,5800.078314394517,88075529.40482847,87429951.15347555,645578.2513529211,suboptimal
1,invj-4pc-k1,inverse-j,0.04,+/-20%,12,9652.945520750227,7788.27875842414,90155774.79952246,89900479.83958311,255294.95993934572,suboptimal
1,invj-4pc-k1,inverse-j,0.04,+/-20%,13,11583.534624900281,15166.900987812725,94886302.31996574,94218678.83149867,667623.4884670675,suboptimal
1,invj-4pc-k1,inverse-j,0.04,+/-20%,14,13900.241549880344,12410.78235088693,89377700.57699281,88558894.5431463,818806.0338465124,suboptimal
1,invj-4pc-k1,inverse-j,0.04,+/-20%,15,16680.289859856424,10217.900111715968,88915618.7580646,,,infeasible
1,invj-4pc-k2,inverse-j,0.04,NHF,1,54238.435999999994,54238.435999999994,75003925.59817557,75003925.59817557,0.0,optimal
1,invj-4pc-k2,inverse-j,0.04,NHF,2,0.0,0.0,45448439.69750744,45448439.69750744,0.0,optimal
1,invj-4pc-k2,inverse-j,0.04,NHF,3,0.0,0.0,56068218.553000376,56068218.553000376,0.0,optimal
1,invj-4pc-k2,inverse-j,0.04,NHF,4,0.0,0.0,58749661.12602429,58749661.12602429,0.0,optimal
1,invj-4pc-k2,inverse-j,0.04,NHF,5,0.0,0.0,67608264.51833686,67608264.51833686,0.0,optimal
1,invj-4pc-k2,inverse-j,0.04,NHF,6,0.0,0.0,72688769.97380662,72688769.97380662,0.0,optimal
1,invj-4pc-k2,inverse-j,0.04,NHF,7,30640.0,30640.0,85054474.94792433,85054474.94792433,0.0,optimal
1,invj-4pc-k2,inverse-j,0.04,NHF,8,11500.0,11500.0,69592042.75334343,69592042.75334343,0.0,optimal
1,invj-4pc-k2,inverse-j,0.04,NHF,9,21480.0,21480.0,66075046.43925242,66075046.43925242,0.0,optimal
1,invj-4pc-k2,inverse-j,0.04,NHF,10,0.0,0.0,49328007.86438526,49328007.86438526,0.0,optimal
1,invj-4pc-k2,inverse-j,0.04,NHF,11,0.0,0.0,65639083.08670813,65639083.08670813,0.0,optimal
1,invj-4pc-k2,inverse-j,0.04,NHF,12,0.0,0.0,70502397.4232047,70502397.4232047,0.0,optimal
1,invj-4pc-k2,inverse-j,0.04,NHF,13,0.0,30640.0,81763469.11088304,72233109.83610578,9530359.274777263,suboptimal
1,invj-4pc-k2,inverse-j,0.04,NHF,14,0.0,0.0,60621580.33505176,60621580.33505176,0.0,optimal
1,invj-4pc-k2,inverse-j,0.04,NHF,15,45420.0,11500.0,69381127.84492928,,,infeasible
1,invj-4pc-k2,inverse-j,0.04,NDY,1,8853.57010126438,8853.57010126438,60161698.79528316,60161698.79528316,0.0,optimal
1,invj-4pc-k2,inverse-j,0.04,NDY,2,8853.57010126438,8853.570101130903,61595535.12173168,61595535.12173168,0.0,optimal
1,invj-4pc-k2,inverse-j,0.04,NDY,3,8853.570101264382,8835.022316801793,62057411.678178206,62057411.6781782,7.450580596923828e-09,optimal
1,invj-4pc-k2,inverse-j,0.04,NDY,4,8853.57010126438,8148.463539384525,62078672.91202498,61383553.16894901,695119.7430759743,suboptimal
1,invj-4pc-k2,inverse-j,0.04,NDY,5,8853.570101264379,8277.53547640252,63523491.79312347,62855374.41238445,668117.3807390183,suboptimal
1,invj-4pc-k2,inverse-j,0.04,NDY,6,8853.570101264375,8070.203045713533,62982107.68698652,62272795.47878358,709312.2082029432,suboptimal
1,invj-4pc-k2,inverse-j,0.04,NDY,7,8853.57010126438,7922.630044142705,63552452.81622567,63106395.78323492,446057.03299075365,suboptimal
1,invj-4pc-k2,inverse-j,0.04,NDY,8,8853.57010126438,8558.958722263544,66189546.21417716,66066444.748673126,123101.46550403535,suboptimal
1,invj-4pc-k2,inverse-j,0.04,NDY,9,8853.57010126438,8508.957351116316,65892769.177214466,65747114.31820924,145654.85900522768,suboptimal
1,invj-4pc-k2,inverse-j,0.04,NDY,10,8853.570101264379,8580.182234334645,65439090.10881465,65287740.63547653,151349.4733381197,suboptimal
1,invj-4pc-k2,inverse-j,0.04,NDY,11,8853.570101264379,8580.182234044118,65506621.256177954,65400075.68408377,106545.57209418714,suboptimal
1,invj-4pc-k2,inverse-j,0.04,NDY,12,8853.570101264379,8580.18223545,65297824.04157213,65203706.38236962,94117.65920250863,suboptimal
1,invj-4pc-k2,inverse-j,0.04,NDY,13,8853.570101264379,8680.689112904918,65741377.08310217,65732568.853349715,8808.229752451181,suboptimal
1,invj-4pc-k2,inverse-j,0.04,NDY,14,8853.57010126437,8560.280946686527,65625576.43899451,65541397.14758448,84179.29141002893,suboptimal
1,invj-4pc-k2,inverse-j,0.04,NDY,15,27252.111258554556,8834.679615653506,66152231.58254442,,,infeasible
1,invj-4pc-k2,inverse-j,0.04,-10%,1,11575.583010890838,11575.583010890838,63212348.07461981,63212348.07461981,0.0,optimal
1,invj-4pc-k2,inverse-j,0.04,-10%,2,10418.024709801755,10418.024710040036,63225124.40949852,63225124.40949852,0.0,optimal
1,invj-4pc-k2,inverse-j,0.04,-10%,3,9376.222238821578,9376.222240828907,62333821.902250305,62333821.902250305,0.0,optimal
1,invj-4pc-k2,inverse-j,0.04,-10%,4,8438.600014939422,8438.600015923861,61920551.44951403,61920551.44951403,0.0,optimal
1,invj-4pc-k2,inverse-j,0.04,-10%,5,7594.740013445481,7594.740013896258,62364335.502234414,62364335.502234414,0.0,optimal
1,invj-4pc-k2,inverse-j,0.04,-10%,6,6835.266012100927,6835.266014729074,62985592.7079876,62985592.7079876,0.0,optimal
1,invj-4pc-k2,inverse-j,0.04,-10%,7,9388.145355648425,9388.14535338,65936922.78495026,65936922.78495026,0.0,optimal
1,invj-4pc-k2,inverse-j,0.04,-10%,8,8449.330820083582,9410.9507550485,67992435.00295106,67595619.32495934,396815.67799171805,suboptimal
1,invj-4pc-k2,inverse-j,0.04,-10%,9,7604.397738075223,8469.855680353357,65901903.482647374,65611138.458405256,290765.024242118,suboptimal
1,invj-4pc-k2,inverse-j,0.04,-10%,10,6843.957964267701,7622.87011166406,64470096.64930705,64296309.006180964,173787.6431260854,suboptimal
1,invj-4pc-k2,inverse-j,0.04,-10%,11,6159.562167840932,6860.583098455629,65341710.08230129,65192424.434932165,149285.647369124,suboptimal
1,invj-4pc-k2,inverse-j,0.04,-10%,12,5543.605951056838,6174.524789970001,67128248.25430277,66890357.468968496,237890.78533427417,suboptimal
1,invj-4pc-k2,inverse-j,0.04,-10%,13,4989.245355951154,13035.13652767611,70494742.2919494,67225035.15947999,3269707.1324694157,suboptimal
1,invj-4pc-k2,inverse-j,0.04,-10%,14,4490.320820356039,11790.845172309633,68154188.39637046,65402714.303070165,2751474.0933002904,suboptimal
1,invj-4pc-k2,inverse-j,0.04,-10%,15,44081.288650880095,10651.781348865781,67969779.8937378,,,infeasible
1,invj-4pc-k2,inverse-j,0.04,-20%,1,15556.534243562724,15556.534243562724,65469607.0059933,65469607.0059933,0.0,optimal
1,invj-4pc-k2,inverse-j,0.04,-20%,2,12445.227394850179,11506.991241209424,62923692.132155076,62758572.0532895,165120.0788655728,suboptimal
1,invj-4pc-k2,inverse-j,0.04,-20%,3,9956.181915880143,9205.592991782521,60791511.81294494,60634540.41086565,156971.40207929164,suboptimal
1,invj-4pc-k2,inverse-j,0.04,-20%,4,7964.945532704114,7364.474395150654,59476796.71074894,59373176.43022654,103620.28052239865,suboptimal
1,invj-4pc-k2,inverse-j,0.04,-20%,5,6371.956426163295,5891.579516938029,60561590.23851816,60458688.41813996,102901.82037820667,suboptimal
1,invj-4pc-k2,inverse-j,0.04,-20%,6,5097.565140930636,4713.263611673694,64503849.068168536,64359143.03362416,144706.03454437852,suboptimal
1,invj-4pc-k2,inverse-j,0.04,-20%,7,14042.132068246565,13072.930504904522,70140807.21120289,70089888.43930323,50918.77189965546,suboptimal
1,invj-4pc-k2,inverse-j,0.04,-20%,8,11233.70565459725,10452.545459384915,69038384.48637156,68961742.8737246,76641.61264696717,suboptimal
1,invj-4pc-k2,inverse-j,0.04,-20%,9,8986.964523677798,8369.27502103397,65464012.130299985,65269181.152473904,194830.97782608122,suboptimal
1,invj-4pc-k2,inverse-j,0.04,-20%,10,7189.571618942237,6695.420015334787,63431764.93716517,63287774.582229555,143990.35493561625,suboptimal
1,invj-4pc-k2,inverse-j,0.04,-20%,11,5751.65729515379,5356.336011895,65105393.95118156,64958743.5308943,146650.42028725892,suboptimal
1,invj-4pc-k2,inverse-j,0.04,-20%,12,4601.325836123034,7993.65321666,68025397.66497342,66869315.127349846,1156082.5376235768,suboptimal
1,invj-4pc-k2,inverse-j,0.04,-20%,13,3681.0606688984262,14755.154049111112,69724229.35046332,65612179.94716081,4112049.4033025056,suboptimal
1,invj-4pc-k2,inverse-j,0.04,-20%,14,2944.8485351187396,11804.12323654,68084645.32374577,65308971.632688984,2775673.691056788,suboptimal
1,invj-4pc-k2,inverse-j,0.04,-20%,15,44450.53457238842,11057.291330474665,67029417.90260286,,,infeasible
1,invj-4pc-k2,inverse-j,0.04,+/-10%,1,11575.583010890838,11575.583010890838,61197377.77631308,61197377.77631309,-7.450580596923828e-09,optimal
1,invj-4pc-k2,inverse-j,0.04,+/-10%,2,10418.024709801753,10418.024710553469,60675621.23651763,60675621.23651762,7.450580596923828e-09,optimal
1,invj-4pc-k2,inverse-j,0.04,+/-10%,3,9376.222238821574,9376.222240235027,60718165.8994676,60718165.899099804,0.0003677979111671448,optimal
1,invj-4pc-k2,inverse-j,0.04,+/-10%,4,8438.600014939422,8438.600016603335,60576977.146825306,60576977.14682532,-1.4901161193847656e-08,optimal
1,invj-4pc-k2,inverse-j,0.04,+/-10%,5,7594.740013445479,7594.740013765538,61325860.885843664,61325860.88584367,-7.450580596923828e-09,optimal
1,invj-4pc-k2,inverse-j,0.04,+/-10%,6,6835.266012100933,6835.266014729074,61637817.30639241,61637817.3063924,7.450580596923828e-09,optimal
1,invj-4pc-k2,inverse-j,0.04,+/-10%,7,7518.792613311026,7518.792610900001,63417257.08447394,63417257.084473915,2.2351741790771484e-08,optimal
1,invj-4pc-k2,inverse-j,0.04,+/-10%,8,8270.671874642128,10791.491491341305,67064018.08259523,65826093.21788882,1237924.864706412,suboptimal
1,invj-4pc-k2,inverse-j,0.04,+/-10%,9,8525.420298947676,9712.342342402742,64613034.84671717,64337786.08645499,275248.76026218385,suboptimal
1,invj-4pc-k2,inverse-j,0.04,+/-10%,10,8816.274677456657,8741.10810907629,63633501.15713132,63633501.15713132,0.0,optimal
1,invj-4pc-k2,inverse-j,0.04,+/-10%,11,9697.902145202324,7158.582954941057,62866193.98488318,62574676.542045824,291517.4428373575,suboptimal
1,invj-4pc-k2,inverse-j,0.04,+/-10%,12,10667.692359722558,7874.441254245,63815398.80896523,63279871.10943593,535527.6995292976,suboptimal
1,invj-4pc-k2,inverse-j,0.04,+/-10%,13,11734.461595694815,11408.303366526317,66641804.764010355,66581506.75850006,60298.00551029295,suboptimal
1,invj-4pc-k2,inverse-j,0.04,+/-10%,14,12907.907755264312,10267.473032319998,64890213.745971344,,,infeasible
1,invj-4pc-k2,inverse-j,0.04,+/-10%,15,14198.698530790745,10761.001062073796,65762876.53234972,,,infeasible
1,invj-4pc-k2,inverse-j,0.04,+/-20%,1,15460.710800597977,15460.710800597977,63065475.37185891,63065475.37185888,2.9802322387695312e-08,optimal
1,invj-4pc-k2,inverse-j,0.04,+/-20%,2,12368.568640478352,11618.174572346994,60470081.556354806,60469886.27317063,195.28318417817354,suboptimal
1,invj-4pc-k2,inverse-j,0.04,+/-20%,3,9894.854912382689,8895.180205824247,59124711.074883364,59000396.03949685,124315.03538651764,suboptimal
1,invj-4pc-k2,inverse-j,0.04,+/-20%,4,7915.883929906155,7485.397712411409,59923507.56593625,59895680.3899106,27827.176025651395,suboptimal
1,invj-4pc-k2,inverse-j,0.04,+/-20%,5,6332.707143924925,4899.5330470283825,59853160.723093905,59836987.957470976,16172.765622928739,suboptimal
1,invj-4pc-k2,inverse-j,0.04,+/-20%,6,7599.248572709901,6260.809937564843,63351237.36177849,63311691.54268559,39545.81909289956,suboptimal
1,invj-4pc-k2,inverse-j,0.04,+/-20%,7,9119.098287251918,13090.852001919999,68825611.5891051,67155648.31554332,1669963.2735617757,suboptimal
1,invj-4pc-k2,inverse-j,0.04,+/-20%,8,10942.917944702282,12211.219856352982,68208348.39889915,67747626.7364568,460721.66244235635,suboptimal
1,invj-4pc-k2,inverse-j,0.04,+/-20%,9,9630.381771054574,9916.690936259778,64184416.629820585,64165364.16600755,19052.46381303668,suboptimal
1,invj-4pc-k2,inverse-j,0.04,+/-20%,10,7704.305416843657,7810.643241479886,61596684.13504874,61596479.56084586,204.57420288026333,suboptimal
1,invj-4pc-k2,inverse-j,0.04,+/-20%,11,8147.232101647536,5529.878736754677,60860934.321163185,60206250.21865398,654684.102509208,suboptimal
1,invj-4pc-k2,inverse-j,0.04,+/-20%,12,9776.678521977026,6635.854482944999,63684127.45530855,63261250.303653,422877.1516555473,suboptimal
1,invj-4pc-k2,inverse-j,0.04,+/-20%,13,11732.014226372447,12941.339711988889,67920757.38464284,67627587.20491754,293170.17972530425,suboptimal
1,invj-4pc-k2,inverse-j,0.04,+/-20%,14,14078.417071646989,10353.07177322,65962142.156446,64349410.56054317,1612731.5959028304,suboptimal
1,invj-4pc-k2,inverse-j,0.04,+/-20%,15,16894.100485976367,11125.373274519974,66609114.25363163,,,infeasible
2,linear-4pc-0pc,linear,0.04,NHF,1,67798.045,67798.045,53352130.95626809,53352130.95626809,0.0,optimal
2,linear-4pc-0pc,linear,0.04,NHF,2,0.0,0.0,16642608.752251884,16642608.752251884,0.0,optimal
2,linear-4pc-0pc,linear,0.04,NHF,3,0.0,0.0,22117236.578784265,22117236.578784265,0.0,optimal
2,linear-4pc-0pc,linear,0.04,NHF,4,0.0,0.0,27197089.1341646,27197089.1341646,0.0,optimal
2,linear-4pc-0pc,linear,0.04,NHF,5,0.0,0.0,36931092.77952506,36931092.77952506,0.0,optimal
2,linear-4pc-0pc,linear,0.04,NHF,6,0.0,0.0,48214853.043333896,48214853.043333896,0.0,optimal
2,linear-4pc-0pc,linear,0.04,NHF,7,38300.0,38300.0,65355492.26445218,65355492.26445218,0.0,optimal
2,linear-4pc-0pc,linear,0.04,NHF,8,14375.0,14375.0,46039676.412745275,46039676.412745275,0.0,optimal
2,linear-4pc-0pc,linear,0.04,NHF,9,26850.0,26850.0,41707372.05142533,41707372.05142533,0.0,optimal
2,linear-4pc-0pc,linear,0.04,NHF,10,0.0,0.0,22694554.855965074,22694554.855965074,0.0,optimal
2,linear-4pc-0pc,linear,0.04,NHF,11,0.0,0.0,32859871.047922727,32859871.047922727,0.0,optimal
2,linear-4pc-0pc,linear,0.04,NHF,12,0.0,0.0,42436932.63685353,42436932.63685353,0.0,optimal
2,linear-4pc-0pc,linear,0.04,NHF,13,0.0,38300.0,56943476.00879526,46030828.82247938,10912647.18631588,suboptimal
2,linear-4pc-0pc,linear,0.04,NHF,14,0.0,0.0,32157622.56340991,32157622.56340991,0.0,optimal
2,linear-4pc-0pc,linear,0.04,NHF,15,56775.0,14375.0,43485833.83617379,,,infeasible
2,linear-4pc-0pc,linear,0.04,NDY,1,11299.674166666657,11299.674166666657,33744698.0193168,33744698.01931681,-7.450580596923828e-09,optimal
2,linear-4pc-0pc,linear,0.04,NDY,2,11299.674166666653,11299.674167371508,35637047.068252765,35637047.068252765,0.0,optimal
2,linear-4pc-0pc,linear,0.04,NDY,3,11299.67416666667,11299.674165386785,36625927.75822984,36625927.75822984,0.0,optimal
2,linear-4pc-0pc,linear,0.04,NDY,4,11299.674166666675,11299.674164621309,37775835.91053703,37775835.91053702,7.450580596923828e-09,optimal
2,linear-4pc-0pc,linear,0.04,NDY,5,11299.674166666673,11299.674163716936,39465717.03792778,39465717.03792778,0.0,optimal
2,linear-4pc-0pc,linear,0.04,NDY,6,11299.674166666668,11299.67416197601,39224032.73834571,39224032.73834571,0.0,optimal
2,linear-4pc-0pc,linear,0.04,NDY,7,11299.674166666671,11299.6741631,39902456.1511083,39902456.1511083,0.0,optimal
2,linear-4pc-0pc,linear,0.04,NDY,8,11299.674166666671,11397.015079410467,41315409.103609584,41315409.103609584,0.0,optimal
2,linear-4pc-0pc,linear,0.04,NDY,9,11299.674166666673,11418.561209130774,40864276.8691586,40862593.99788919,1682.8712694123387,suboptimal
2,linear-4pc-0pc,linear,0.04,NDY,10,11299.674166666673,11418.561209596679,39579230.687747575,39578207.15837777,1023.5293698087335,suboptimal
2,linear-4pc-0pc,linear,0.04,NDY,11,11299.674166666677,11418.56121023,39458420.455981515,39454976.59622619,3443.859755322337,suboptimal
2,linear-4pc-0pc,linear,0.04,NDY,12,11299.674166666671,11418.365917056764,39372536.14833877,39369450.92481781,3085.223520964384,suboptimal
2,linear-4pc-0pc,linear,0.04,NDY,13,11299.674166666671,11433.81664314927,39832452.26083026,39822908.864261486,9543.396568775177,suboptimal
2,linear-4pc-0pc,linear,0.04,NDY,14,11299.67416666667,11430.511917646392,39794206.69930314,39782824.62276146,11382.076541684568,suboptimal
2,linear-4pc-0pc,linear,0.04,NDY,15,22690.996702940472,11430.511917796102,40930713.026105665,,,infeasible
2,linear-4pc-0pc,linear,0.04,-10%,1,14469.47876361354,14469.47876361354,36186546.85709338,36186546.85709338,0.0,optimal
2,linear-4pc-0pc,linear,0.04,-10%,2,13022.530887252191,13022.530887314799,35205116.251936935,35205116.251936935,0.0,optimal
2,linear-4pc-0pc,linear,0.04,-10%,3,11720.277798526973,11720.277798876923,35205563.38134535,35205563.38134535,0.0,optimal
2,linear-4pc-0pc,linear,0.04,-10%,4,10548.250018674276,10548.250015997397,36143669.27966504,36143669.27966504,0.0,optimal
2,linear-4pc-0pc,linear,0.04,-10%,5,9493.425016806848,9493.425014960283,37006673.12137514,37006673.12137514,0.0,optimal
2,linear-4pc-0pc,linear,0.04,-10%,6,8544.08251512617,8544.08251490059,38695492.58038918,38695492.58038918,0.0,optimal
2,linear-4pc-0pc,linear,0.04,-10%,7,9122.703367511356,9122.70336572,41513116.609320134,41513116.609320134,0.0,optimal
2,linear-4pc-0pc,linear,0.04,-10%,8,15449.378257906756,15373.894485401917,46525196.84661707,46525196.84661707,0.0,optimal
2,linear-4pc-0pc,linear,0.04,-10%,9,13904.440432116073,13836.505039229234,41987438.39436937,41987438.39436937,0.0,optimal
2,linear-4pc-0pc,linear,0.04,-10%,10,12513.996388904467,12452.854533482896,39347528.908206895,39347528.908206895,0.0,optimal
2,linear-4pc-0pc,linear,0.04,-10%,11,11262.596750014021,11207.569075577501,37983546.71487513,37983546.714875124,7.450580596923828e-09,optimal
2,linear-4pc-0pc,linear,0.04,-10%,12,10136.337075012618,10086.8121811,38346163.44966759,38346163.44966759,0.0,optimal
2,linear-4pc-0pc,linear,0.04,-10%,13,9122.703367511356,9122.70336572,39133175.33902115,39133175.33902115,0.0,optimal
2,linear-4pc-0pc,linear,0.04,-10%,14,8210.433030760249,11117.30868452,42289150.79090085,41166182.28934075,1122968.5015600994,suboptimal
2,linear-4pc-0pc,linear,0.04,-10%,15,28946.76788996003,14465.499188626583,44210115.50667621,,,infeasible
2,linear-4pc-0pc,linear,0.04,-20%,1,18377.039693381907,18377.039693381907,38695745.862352945,38695745.862352945,0.0,optimal
2,linear-4pc-0pc,linear,0.04,-20%,2,14701.631754705522,14701.631755191964,35519485.436730765,35519485.43673077,-7.450580596923828e-09,optimal
2,linear-4pc-0pc,linear,0.04,-20%,3,11761.305403764421,11761.305403384677,34023234.030131765,34023234.030131765,0.0,optimal
2,linear-4pc-0pc,linear,0.04,-20%,4,9409.044323011538,9409.044320849227,34507650.98665383,34507650.98665383,0.0,optimal
2,linear-4pc-0pc,linear,0.04,-20%,5,7527.235458409226,7527.235457744704,36028434.11018299,36028434.11018299,0.0,optimal
2,linear-4pc-0pc,linear,0.04,-20%,6,6021.7883667273845,6021.78837067422,39575628.61159838,39575628.61159838,0.0,optimal
2,linear-4pc-0pc,linear,0.04,-20%,7,14802.655766770042,14802.65576408,45940541.29127943,45940541.29127943,0.0,optimal
2,linear-4pc-0pc,linear,0.04,-20%,8,16624.07734756423,16008.026671733332,46021740.03387786,,,infeasible
2,linear-4pc-0pc,linear,0.04,-20%,9,13299.261878051386,12806.42133386,39743724.19759292,,,infeasible
2,linear-4pc-0pc,linear,0.04,-20%,10,10639.40950244111,11983.105023422222,37815445.735686734,37392626.99830481,422818.73738192767,suboptimal
2,linear-4pc-0pc,linear,0.04,-20%,11,8511.527601952883,9586.48402094,36387711.81540727,36125780.36365531,261931.4517519623,suboptimal
2,linear-4pc-0pc,linear,0.04,-20%,12,6809.22208156231,7669.1872260400005,37849264.90348733,37584527.776381776,264737.1271055564,suboptimal
2,linear-4pc-0pc,linear,0.04,-20%,13,5447.377665249848,12836.00133218889,41585627.88802547,39430366.22336793,2155261.6646575406,suboptimal
2,linear-4pc-0pc,linear,0.04,-20%,14,7658.003533884194,10268.801062539998,41150710.963214286,40412339.66522924,738371.2979850471,suboptimal
2,linear-4pc-0pc,linear,0.04,-20%,15,41587.34717616567,14766.33445958769,43680750.38674758,,,infeasible
2,linear-4pc-0pc,linear,0.04,+/-10%,1,14469.47876361354,14469.47876361354,35533309.1222384,35533309.12223841,-1.4901161193847656e-08,optimal
2,linear-4pc-0pc,linear,0.04,+/-10%,2,13022.530887252182,13022.53088699148,34745804.359628566,34745804.35962856,7.450580596923828e-09,optimal
2,linear-4pc-0pc,linear,0.04,+/-10%,3,11720.277798526971,11720.277797843188,34604617.622052334,34604617.62205234,-7.450580596923828e-09,optimal
2,linear-4pc-0pc,linear,0.04,+/-10%,4,10548.250018674275,10548.250018037568,35012493.71508736,35012493.71508736,0.0,optimal
2,linear-4pc-0pc,linear,0.04,+/-10%,5,9493.425016806848,9493.425016163717,35597274.03404302,35597274.03404302,0.0,optimal
2,linear-4pc-0pc,linear,0.04,+/-10%,6,8544.082515126182,8544.082517649189,36820478.62656108,36820478.62656108,0.0,optimal
2,linear-4pc-0pc,linear,0.04,+/-10%,7,9398.49076663877,9398.49076554,39071079.33409853,39071079.334098555,-2.2351741790771484e-08,optimal
2,linear-4pc-0pc,linear,0.04,+/-10%,8,10338.339843302643,14906.546943452639,46042618.1334543,42056104.30505698,3986513.8283973187,suboptimal
2,linear-4pc-0pc,linear,0.04,+/-10%,9,10656.775373684573,13415.892250190002,43102982.680177905,41060927.58542443,2042055.094753474,suboptimal
2,linear-4pc-0pc,linear,0.04,+/-10%,10,11020.343346820853,13872.137257663157,41001780.43261702,39610595.68819324,1391184.7444237843,suboptimal
2,linear-4pc-0pc,linear,0.04,+/-10%,11,12122.377681502936,12484.92353556,38592093.947644465,38528726.4326294,63367.51501506567,suboptimal
2,linear-4pc-0pc,linear,0.04,+/-10%,12,13334.615449653207,11244.966429328197,37596938.759488545,,,infeasible
2,linear-4pc-0pc,linear,0.04,+/-10%,13,14668.076994618508,10120.469787523572,37079172.34955957,,,infeasible
2,linear-4pc-0pc,linear,0.04,+/-10%,14,16134.884694080363,9187.622285860001,38089126.69460576,,,infeasible
2,linear-4pc-0pc,linear,0.04,+/-10%,15,17748.373163488406,12152.481494672353,41454666.157824114,,,infeasible
2,linear-4pc-0pc,linear,0.04,+/-20%,1,17916.393654261643,17916.393654261643,37212656.584029615,37212656.58402962,-7.450580596923828e-09,optimal
2,linear-4pc-0pc,linear,0.04,+/-20%,2,14333.114923409319,14180.510029456982,34378540.75058741,34377951.02946875,589.721118658781,suboptimal
2,linear-4pc-0pc,linear,0.04,+/-20%,3,11466.491938727457,11443.06163132285,32940526.157095756,32940526.15709577,-1.4901161193847656e-08,optimal
2,linear-4pc-0pc,linear,0.04,+/-20%,4,9173.193550981963,8789.159305748712,33568527.325434774,33467823.59183943,100703.73359534517,suboptimal
2,linear-4pc-0pc,linear,0.04,+/-20%,5,7338.554840785573,7031.327445561679,35138190.2655374,35060255.76620277,77934.49933463335,suboptimal
2,linear-4pc-0pc,linear,0.04,+/-20%,6,7570.296091834046,8437.592931385681,38802265.49060306,37293182.146386094,1509083.3442169651,suboptimal
2,linear-4pc-0pc,linear,0.04,+/-20%,7,9084.355310200852,14044.86733004,44945875.434779316,40556081.73389745,4389793.700881869,suboptimal
2,linear-4pc-0pc,linear,0.04,+/-20%,8,10901.226372241019,15537.376377011113,45110976.4452606,43040271.83065474,2070704.614605859,suboptimal
2,linear-4pc-0pc,linear,0.04,+/-20%,9,13081.471646689242,12429.90109929,40521226.42694696,,,infeasible
2,linear-4pc-0pc,linear,0.04,+/-20%,10,10465.177317351401,12090.408302611111,38653823.30092368,38251448.10834327,402375.19258040935,suboptimal
2,linear-4pc-0pc,linear,0.04,+/-20%,11,10105.382813010641,9672.32663872,37413571.07926931,,,infeasible
2,linear-4pc-0pc,linear,0.04,+/-20%,12,12126.45937561277,10259.51855272,39213282.00128502,,,infeasible
2,linear-4pc-0pc,linear,0.04,+/-20%,13,14551.75125073531,13626.656732666666,40817284.2484478,,,infeasible
2,linear-4pc-0pc,linear,0.04,+/-20%,14,17462.10150088239,10901.325388199999,39245150.45203198,,,infeasible
2,linear-4pc-0pc,linear,0.04,+/-20%,15,20954.521801058858,12532.131444466491,40546265.474214636,,,infeasible
2,linear-6pc-0pc,linear,0.06,NHF,1,67798.045,67798.045,36758710.5857826,36758710.5857826,0.0,optimal
2,linear-6pc-0pc,linear,0.06,NHF,2,0.0,0.0,5481073.098402664,5481073.098402664,0.0,optimal
2,linear-6pc-0pc,linear,0.06,NHF,3,0.0,0.0,7898956.857901036,7898956.857901036,0.0,optimal
2,linear-6pc-0pc,linear,0.06,NHF,4,0.0,0.0,11089745.83093225,11089745.83093225,0.0,optimal
2,linear-6pc-0pc,linear,0.06,NHF,5,0.0,0.0,17155941.942242425,17155941.942242425,0.0,optimal
2,linear-6pc-0pc,linear,0.06,NHF,6,0.0,0.0,26586996.209184982,26586996.209184982,0.0,optimal
2,linear-6pc-0pc,linear,0.06,NHF,7,38300.0,38300.0,43502433.72239406,43502433.72239406,0.0,optimal
2,linear-6pc-0pc,linear,0.06,NHF,8,14375.0,14375.0,28093855.642020673,28093855.642020673,0.0,optimal
2,linear-6pc-0pc,linear,0.06,NHF,9,26850.0,26850.0,25761970.758255735,25761970.758255735,0.0,optimal
2,linear-6pc-0pc,linear,0.06,NHF,10,0.0,0.0,9191828.07934383,9191828.07934383,0.0,optimal
2,linear-6pc-0pc,linear,0.06,NHF,11,0.0,0.0,14721764.27160443,14721764.27160443,0.0,optimal
2,linear-6pc-0pc,linear,0.06,NHF,12,0.0,0.0,22572896.871439274,22572896.871439274,0.0,optimal
2,linear-6pc-0pc,linear,0.06,NHF,13,0.0,38300.0,36588152.49117837,25084845.393182345,11503307.097996026,suboptimal
2,linear-6pc-0pc,linear,0.06,NHF,14,0.0,0.0,15579921.605823848,15579921.605823848,0.0,optimal
2,linear-6pc-0pc,linear,0.06,NHF,15,56775.0,14375.0,24878941.131133877,,,infeasible
2,linear-6pc-0pc,linear,0.06,NDY,1,11299.674166666657,11299.674166666657,17892540.350793887,17892540.350793887,0.0,optimal
2,linear-6pc-0pc,linear,0.06,NDY,2,11299.674166666668,11299.674166659592,19169357.2643093,19169357.2643093,0.0,optimal
2,linear-6pc-0pc,linear,0.06,NDY,3,11299.67416666667,11299.674166529689,19892917.17782289,19892917.177822884,7.450580596923828e-09,optimal
2,linear-6pc-0pc,linear,0.06,NDY,4,11299.67416666667,11299.674166165005,20918652.697908398,20918652.697908405,-7.450580596923828e-09,optimal
2,linear-6pc-0pc,linear,0.06,NDY,5,11299.674166666668,11299.674165936725,21952803.78884983,21952803.78884983,0.0,optimal
2,linear-6pc-0pc,linear,0.06,NDY,6,11299.67416666667,11299.6741653023,21943701.520318944,21943701.520318948,-3.725290298461914e-09,optimal
2,linear-6pc-0pc,linear,0.06,NDY,7,11299.67416666667,11299.674163100002,22458039.75916119,22458039.759161174,1.4901161193847656e-08,optimal
2,linear-6pc-0pc,linear,0.06,NDY,8,11299.67416666666,11427.46318014754,23407046.809940904,23398593.57752425,8453.232416655868,suboptimal
2,linear-6pc-0pc,linear,0.06,NDY,9,11299.674166666679,11427.463179713002,23055575.537233837,23047226.18416117,8349.353072665632,suboptimal
2,linear-6pc-0pc,linear,0.06,NDY,10,11299.674166666642,11427.46317995651,22052150.530692123,22044405.503677186,7745.027014937252,suboptimal
2,linear-6pc-0pc,linear,0.06,NDY,11,11299.674166666664,11427.463179554761,22100070.788449395,22092226.909689806,7843.878759589046,suboptimal
2,linear-6pc-0pc,linear,0.06,NDY,12,11299.674166666664,11427.463180460769,22119116.16349809,22111799.53206754,7316.631430547684,suboptimal
2,linear-6pc-0pc,linear,0.06,NDY,13,11299.67416666667,11427.463179991915,22354372.32502226,22347147.61526521,7224.709757052362,suboptimal
2,linear-6pc-0pc,linear,0.06,NDY,14,11299.674166666662,11427.463181409563,22463580.661104597,22456184.32152746,7396.339577138424,suboptimal
2,linear-6pc-0pc,linear,0.06,NDY,15,21224.017775417276,11427.4631853575,23284015.3100405,,,infeasible
2,linear-6pc-0pc,linear,0.06,-10%,1,14469.478763613548,14469.478763613548,19908880.34704916,19908880.34704916,0.0,optimal
2,linear-6pc-0pc,linear,0.06,-10%,2,13022.530887252191,13022.530887022322,19050996.213134486,19050996.213134483,3.725290298461914e-09,optimal
2,linear-6pc-0pc,linear,0.06,-10%,3,11720.277798526973,11720.27779828381,18892801.143128093,18892801.143128097,-3.725290298461914e-09,optimal
2,linear-6pc-0pc,linear,0.06,-10%,4,10548.250018674273,10548.250018778534,19392196.672232375,19392196.672232375,0.0,optimal
2,linear-6pc-0pc,linear,0.06,-10%,5,9493.425016806847,9493.425018386815,19641703.639718894,19641703.639718894,0.0,optimal
2,linear-6pc-0pc,linear,0.06,-10%,6,8544.08251512617,8544.082521411,20515710.824038167,20515710.824038167,0.0,optimal
2,linear-6pc-0pc,linear,0.06,-10%,7,8374.49998771143,8374.49998926,23029599.006085087,23029599.006085087,0.0,optimal
2,linear-6pc-0pc,linear,0.06,-10%,8,15547.280908681005,15449.25801726,27803225.592092704,27803225.592092704,0.0,optimal
2,linear-6pc-0pc,linear,0.06,-10%,9,13992.552817812906,14046.115419800002,23802570.929620273,23802570.929620273,0.0,optimal
2,linear-6pc-0pc,linear,0.06,-10%,10,12593.297536031616,12657.176829882914,22230403.149552517,22230403.149552517,0.0,optimal
2,linear-6pc-0pc,linear,0.06,-10%,11,11333.967782428457,11391.459145788453,20719008.300811596,20719008.300811596,0.0,optimal
2,linear-6pc-0pc,linear,0.06,-10%,12,10200.57100418561,10252.313232662362,20307849.56742011,20307849.56742011,0.0,optimal
2,linear-6pc-0pc,linear,0.06,-10%,13,9180.513903767056,9227.081907502634,20110033.493329592,20110033.493329592,0.0,optimal
2,linear-6pc-0pc,linear,0.06,-10%,14,8262.462513390352,8304.373716135,21731171.307659313,21731171.307659313,0.0,optimal
2,linear-6pc-0pc,linear,0.06,-10%,15,28765.02240710862,13654.767371627488,25714845.194806516,,,infeasible
2,linear-6pc-0pc,linear,0.06,-20%,1,18377.0396933819,18377.0396933819,21943609.58644737,21943609.58644737,0.0,optimal
2,linear-6pc-0pc,linear,0.06,-20%,2,14701.631754705533,14701.631755191978,19477682.123797446,19477682.123797443,3.725290298461914e-09,optimal
2,linear-6pc-0pc,linear,0.06,-20%,3,11761.305403764423,11761.305403358223,18186758.07754229,18186758.07754229,0.0,optimal
2,linear-6pc-0pc,linear,0.06,-20%,4,9409.04432301154,9409.044322170137,18065105.87019977,18065105.87019977,0.0,optimal
2,linear-6pc-0pc,linear,0.06,-20%,5,7527.2354584092345,7527.235458978108,18649457.662412286,18649457.662412286,0.0,optimal
2,linear-6pc-0pc,linear,0.06,-20%,6,6021.788366727368,6021.788362628294,21103175.087484222,21103175.087484222,0.0,optimal
2,linear-6pc-0pc,linear,0.06,-20%,7,14802.655766770033,14802.65576408,26915662.451964878,26915662.451964878,0.0,optimal
2,linear-6pc-0pc,linear,0.06,-20%,8,16119.513138401015,15457.290979133333,27022896.635777216,,,infeasible
2,linear-6pc-0pc,linear,0.06,-20%,9,12895.610510720813,12365.83277978,22389752.45206177,,,infeasible
2,linear-6pc-0pc,linear,0.06,-20%,10,10316.488408576652,12088.893399933335,21807976.96280879,21305285.50679282,502691.45601597056,suboptimal
2,linear-6pc-0pc,linear,0.06,-20%,11,8253.190726861321,9671.11471602,20674588.463518873,20173316.48690384,501271.97661503404,suboptimal
2,linear-6pc-0pc,linear,0.06,-20%,12,6602.552581489056,12714.8192944,22228124.941581704,20079656.161608785,2148468.7799729183,suboptimal
2,linear-6pc-0pc,linear,0.06,-20%,13,5282.0420651912455,10171.855443488888,20573020.549820308,19048152.628027014,1524867.9217932932,suboptimal
2,linear-6pc-0pc,linear,0.06,-20%,14,4225.63365215299,8137.4843563800005,21413570.55254495,20113160.9598151,1300409.5927298516,suboptimal
2,linear-6pc-0pc,linear,0.06,-20%,15,47189.38153833561,13895.279532118217,25295442.257419843,,,infeasible
2,linear-6pc-0pc,linear,0.06,+/-10%,1,14469.478763613535,14469.478763613535,19671895.02250116,19671895.02250117,-1.1175870895385742e-08,optimal
2,linear-6pc-0pc,linear,0.06,+/-10%,2,13022.53088725218,13022.530886991468,18978784.75089248,18978784.750892486,-7.450580596923828e-09,optimal
2,linear-6pc-0pc,linear,0.06,+/-10%,3,11720.277798526973,11720.277798863473,18706151.808226604,18706151.808226604,0.0,optimal
2,linear-6pc-0pc,linear,0.06,+/-10%,4,10548.250018674284,10548.250019819958,18700365.88074103,18700365.88074103,0.0,optimal
2,linear-6pc-0pc,linear,0.06,+/-10%,5,9493.42501680685,9493.425018386793,18949205.223850317,18949205.223850325,-7.450580596923828e-09,optimal
2,linear-6pc-0pc,linear,0.06,+/-10%,6,8544.082515126176,8544.082521411,19465226.628012624,19465226.628012624,0.0,optimal
2,linear-6pc-0pc,linear,0.06,+/-10%,7,9398.49076663878,9398.49076554,21319991.43263097,21319991.432630975,-3.725290298461914e-09,optimal
2,linear-6pc-0pc,linear,0.06,+/-10%,8,10338.339843302658,11412.016261859462,23624600.200302906,23565666.697168123,58933.50313478336,suboptimal
2,linear-6pc-0pc,linear,0.06,+/-10%,9,11372.173827632934,10298.4974076,22153364.28448874,,,infeasible
2,linear-6pc-0pc,linear,0.06,+/-10%,10,12509.391210396223,14887.880426175525,25127075.51209777,24043662.91594852,1083412.5961492471,suboptimal
2,linear-6pc-0pc,linear,0.06,+/-10%,11,11362.49645333661,13397.907372988142,22906191.727287725,22065670.794254925,840520.9330327995,suboptimal
2,linear-6pc-0pc,linear,0.06,+/-10%,12,12498.746098670252,12058.116636490005,21397726.37882598,,,infeasible
2,linear-6pc-0pc,linear,0.06,+/-10%,13,13748.62070853725,10852.304974172515,20318625.163705513,,,infeasible
2,linear-6pc-0pc,linear,0.06,+/-10%,14,15123.482779391006,9767.074475340001,20293568.333143372,,,infeasible
2,linear-6pc-0pc,linear,0.06,+/-10%,15,16635.8310573301,10103.095004289986,21550331.707777247,,,infeasible
2,linear-6pc-0pc,linear,0.06,+/-20%,1,18377.039693381907,18377.039693381907,21460363.61598946,21460363.61598948,-1.862645149230957e-08,optimal
2,linear-6pc-0pc,linear,0.06,+/-20%,2,14701.631754705504,14701.63175466554,18770250.312642265,18770250.312642265,0.0,optimal
2,linear-6pc-0pc,linear,0.06,+/-20%,3,11761.305403764434,11761.30540257664,17090222.499001455,17090222.49900145,3.725290298461914e-09,optimal
2,linear-6pc-0pc,linear,0.06,+/-20%,4,9409.044323011503,9409.044323800617,16177127.411198579,16177127.411198583,-3.725290298461914e-09,optimal
2,linear-6pc-0pc,linear,0.06,+/-20%,5,7527.235458409232,7527.235457204965,15998130.239175659,15998130.239175662,-3.725290298461914e-09,optimal
2,linear-6pc-0pc,linear,0.06,+/-20%,6,6021.788366727418,6021.788362613001,16652126.882868323,16652126.882868325,-1.862645149230957e-09,optimal
2,linear-6pc-0pc,linear,0.06,+/-20%,7,7226.146040072874,7226.14604132,19230103.044948503,19230103.044948503,0.0,optimal
2,linear-6pc-0pc,linear,0.06,+/-20%,8,8671.375248087437,14375.0,27895289.537028484,22596610.224451266,5298679.312577218,suboptimal
2,linear-6pc-0pc,linear,0.06,+/-20%,9,10405.650297704928,14420.185686840001,25277136.46369247,22632140.208370216,2644996.255322255,suboptimal
2,linear-6pc-0pc,linear,0.06,+/-20%,10,12486.780357245894,15869.961018898197,24278916.96060067,22959295.295194726,1319621.665405944,suboptimal
2,linear-6pc-0pc,linear,0.06,+/-20%,11,14324.874458032584,12648.68297909405,20441447.884760883,,,infeasible
2,linear-6pc-0pc,linear,0.06,+/-20%,12,11459.899566426118,9338.572625639776,18358540.140745,,,infeasible
2,linear-6pc-0pc,linear,0.06,+/-20%,13,13751.879479711286,7328.597548409459,18580620.87291027,,,infeasible
2,linear-6pc-0pc,linear,0.06,+/-20%,14,16502.255375653473,8497.39036062,21064976.845730692,,,infeasible
2,linear-6pc-0pc,linear,0.06,+/-20%,15,19802.706450784222,12743.411012144445,24870920.501779445,,,infeasible
2,invj-4pc-k1,inverse-j,0.04,NHF,1,46684.837499999994,46684.837499999994,119966087.45813338,119966087.45813338,0.0,optimal
2,invj-4pc-k1,inverse-j,0.04,NHF,2,0.0,21113.2075,97250102.12091969,96581454.00505345,668648.1158662438,suboptimal
2,invj-4pc-k1,inverse-j,0.04,NHF,3,0.0,0.0,87290399.54879154,87290399.54879154,0.0,optimal
2,invj-4pc-k1,inverse-j,0.04,NHF,4,0.0,0.0,107006295.00659055,107006295.00659055,0.0,optimal
2,invj-4pc-k1,inverse-j,0.04,NHF,5,21113.2075,0.0,121466750.52659038,,,infeasible
2,invj-4pc-k1,inverse-j,0.04,NHF,6,0.0,0.0,126353094.24254477,126353094.24254477,0.0,optimal
2,invj-4pc-k1,inverse-j,0.04,NHF,7,38300.0,38300.0,136748806.7689779,136748806.7689779,0.0,optimal
2,invj-4pc-k1,inverse-j,0.04,NHF,8,14375.0,14375.0,115467639.04215617,115467639.04215617,0.0,optimal
2,invj-4pc-k1,inverse-j,0.04,NHF,9,0.0,0.0,106264605.13074115,106264605.13074115,0.0,optimal
2,invj-4pc-k1,inverse-j,0.04,NHF,10,0.0,26850.0,113176913.656634,108987786.88650717,4189126.7701268345,suboptimal
2,invj-4pc-k1,inverse-j,0.04,NHF,11,0.0,0.0,102927503.73508157,102927503.73508157,0.0,optimal
2,invj-4pc-k1,inverse-j,0.04,NHF,12,0.0,0.0,123864176.62185349,123864176.62185349,0.0,optimal
2,invj-4pc-k1,inverse-j,0.04,NHF,13,26850.0,38300.0,134193780.67829728,131853229.78998813,2340550.888309151,suboptimal
2,invj-4pc-k1,inverse-j,0.04,NHF,14,0.0,0.0,108030044.22964527,108030044.22964527,0.0,optimal
2,invj-4pc-k1,inverse-j,0.04,NHF,15,56775.0,14375.0,118142272.88388571,,,infeasible
2,invj-4pc-k1,inverse-j,0.04,NDY,1,10827.519088186604,10827.519088186604,105461271.03574699,105461271.03574699,0.0,optimal
2,invj-4pc-k1,inverse-j,0.04,NDY,2,10827.519088186604,10827.519087850435,107410143.18596908,107410143.1859691,-1.4901161193847656e-08,optimal
2,invj-4pc-k1,inverse-j,0.04,NDY,3,10827.519088186602,10827.51908848952,108253432.4019628,108253432.4019628,0.0,optimal
2,invj-4pc-k1,inverse-j,0.04,NDY,4,10827.519088186611,9950.301477190094,108725860.4126604,106884666.09350482,1841194.3191555887,suboptimal
2,invj-4pc-k1,inverse-j,0.04,NDY,5,10827.519088186611,10065.413651246005,110047910.95522544,,,infeasible
2,invj-4pc-k1,inverse-j,0.04,NDY,6,10827.519088186602,9739.968458781212,109356239.81921332,,,infeasible
2,invj-4pc-k1,inverse-j,0.04,NDY,7,10827.519088186618,9820.079419163963,110931441.86714637,,,infeasible
2,invj-4pc-k1,inverse-j,0.04,NDY,8,10827.519088186611,10518.482291923967,114588374.04405497,114486065.38263936,102308.66141560674,suboptimal
2,invj-4pc-k1,inverse-j,0.04,NDY,9,10827.519088186613,10781.229558940704,114164406.85762297,114164406.85762297,0.0,optimal
2,invj-4pc-k1,inverse-j,0.04,NDY,10,10827.519088186611,10824.313745554547,113604291.94732505,113604291.94732505,0.0,optimal
2,invj-4pc-k1,inverse-j,0.04,NDY,11,10827.519088186611,10824.313745094265,113478495.03694697,113478495.03694697,0.0,optimal
2,invj-4pc-k1,inverse-j,0.04,NDY,12,10827.519088186611,10565.029397533563,113972737.62010065,113951997.84225695,20739.77784369886,suboptimal
2,invj-4pc-k1,inverse-j,0.04,NDY,13,10827.519088186613,10422.26902306314,114875234.52084418,114791089.20220645,84145.31863772869,suboptimal
2,invj-4pc-k1,inverse-j,0.04,NDY,14,10827.519088186596,10822.58075096621,114177045.10624146,114177045.10624146,0.0,optimal
2,invj-4pc-k1,inverse-j,0.04,NDY,15,29933.192344104886,10794.01206246075,114476399.10123147,,,infeasible
2,invj-4pc-k1,inverse-j,0.04,-10%,1,14469.478763613552,14469.478763613552,109929102.17800234,109929102.17800233,1.4901161193847656e-08,optimal
2,invj-4pc-k1,inverse-j,0.04,-10%,2,13022.530887252195,13022.530887723822,110360701.67900912,110360701.67900912,0.0,optimal
2,invj-4pc-k1,inverse-j,0.04,-10%,3,11720.27779852697,11720.277798664885,108823311.08000071,108823311.08000071,0.0,optimal
2,invj-4pc-k1,inverse-j,0.04,-10%,4,10548.250018674273,10548.25001973686,108026618.73382741,108026618.73382743,-1.4901161193847656e-08,optimal
2,invj-4pc-k1,inverse-j,0.04,-10%,5,9493.425016806847,9493.425019592767,108772063.3227349,108772063.32273489,1.4901161193847656e-08,optimal
2,invj-4pc-k1,inverse-j,0.04,-10%,6,8544.082515126163,8544.082516300025,109792270.81608857,109792270.81608856,1.4901161193847656e-08,optimal
2,invj-4pc-k1,inverse-j,0.04,-10%,7,11735.181694560535,11735.18169364,114123043.13282037,114123043.13282037,0.0,optimal
2,invj-4pc-k1,inverse-j,0.04,-10%,8,10561.663525104479,11763.688442199946,117286455.74983628,116940208.85118896,346246.89864732325,suboptimal
2,invj-4pc-k1,inverse-j,0.04,-10%,9,9505.497172594029,10587.319598765818,114910868.61588505,114672752.35340232,238116.26248273253,suboptimal
2,invj-4pc-k1,inverse-j,0.04,-10%,10,8554.947455334628,9528.58763935326,112997258.40155618,112918815.30791047,78443.09364570677,suboptimal
2,invj-4pc-k1,inverse-j,0.04,-10%,11,7699.452709801162,8575.728875754447,114471853.23807605,114380405.19022045,91448.04785560071,suboptimal
2,invj-4pc-k1,inverse-j,0.04,-10%,12,6929.507438821047,7718.155990185,116917855.25191182,116733328.27426574,184526.97764608264,suboptimal
2,invj-4pc-k1,inverse-j,0.04,-10%,13,6236.556694938942,15539.320383785862,120097641.64865899,117604055.0752164,2493586.573442593,suboptimal
2,invj-4pc-k1,inverse-j,0.04,-10%,14,5612.901025445048,14617.651308621274,117094462.53158677,115358595.7431329,1735866.788453862,suboptimal
2,invj-4pc-k1,inverse-j,0.04,-10%,15,55101.61081360011,13436.575480577281,115812859.83011112,,,infeasible
2,invj-4pc-k1,inverse-j,0.04,-20%,1,18377.039693381917,18377.039693381917,112861472.76946895,112861472.76946893,1.4901161193847656e-08,optimal
2,invj-4pc-k1,inverse-j,0.04,-20%,2,14701.631754705517,14701.631754867049,110242180.6996254,110242180.6996254,0.0,optimal
2,invj-4pc-k1,inverse-j,0.04,-20%,3,11761.305403764414,11761.305405361822,106692049.01171249,106692049.01171249,0.0,optimal
2,invj-4pc-k1,inverse-j,0.04,-20%,4,9409.044323011534,9409.044323241249,104585404.00781135,104585404.00781135,0.0,optimal
2,invj-4pc-k1,inverse-j,0.04,-20%,5,7527.235458409229,7527.235457107647,106471419.86681366,106471419.86681366,0.0,optimal
2,invj-4pc-k1,inverse-j,0.04,-20%,6,6021.788366727385,6021.788368501213,112698875.1183552,112698875.1183552,0.0,optimal
2,invj-4pc-k1,inverse-j,0.04,-20%,7,16636.752313413846,16276.319767590145,119506760.64843355,,,infeasible
2,invj-4pc-k1,inverse-j,0.04,-20%,8,13309.401850731076,13037.217857296035,118536882.93087013,,,infeasible
2,invj-4pc-k1,inverse-j,0.04,-20%,9,10647.52148058486,10432.588213937077,114395120.48048204,,,infeasible
2,invj-4pc-k1,inverse-j,0.04,-20%,10,8518.017184467888,8346.070571042263,111439995.25419888,,,infeasible
2,invj-4pc-k1,inverse-j,0.04,-20%,11,6814.413747574311,6676.8564545525005,114258162.27764672,,,infeasible
2,invj-4pc-k1,inverse-j,0.04,-20%,12,5451.530998059448,9619.49205174,117230961.44825986,116361919.67442511,869041.77383475,suboptimal
2,invj-4pc-k1,inverse-j,0.04,-20%,13,4361.22479844756,16839.46015240711,118455356.95200366,115157013.30364402,3298343.6483596414,suboptimal
2,invj-4pc-k1,inverse-j,0.04,-20%,14,3488.9798387580468,15159.481786392762,118319382.7026733,115950998.68796088,2368384.014712423,suboptimal
2,invj-4pc-k1,inverse-j,0.04,-20%,15,57860.593755321555,13180.815344476687,114542006.25023694,,,infeasible
2,invj-4pc-k1,inverse-j,0.04,+/-10%,1,14303.965616157111,14303.965616157111,106253564.04991609,106253564.04991604,4.470348358154297e-08,optimal
2,invj-4pc-k1,inverse-j,0.04,+/-10%,2,12873.569054541374,12710.038595627266,106546220.47382922,106539052.43246195,7168.041367277503,suboptimal
2,invj-4pc-k1,inverse-j,0.04,+/-10%,3,11586.212149087216,11859.273271833788,106520577.81379734,106508064.44824138,12513.36555595696,suboptimal
2,invj-4pc-k1,inverse-j,0.04,+/-10%,4,10427.59093417851,10673.345945715657,105277008.76538464,105256871.24306534,20137.522319301963,suboptimal
2,invj-4pc-k1,inverse-j,0.04,+/-10%,5,9384.83184076067,8691.153127442933,106666305.47474466,106618443.6725694,47861.80217526853,suboptimal
2,invj-4pc-k1,inverse-j,0.04,+/-10%,6,9221.875405275121,9560.268439327836,107376223.77481657,107301210.59242618,75013.18239039183,suboptimal
2,invj-4pc-k1,inverse-j,0.04,+/-10%,7,10144.062945802634,12405.50195116,109757250.93888745,109468816.71991324,288434.2189742029,suboptimal
2,invj-4pc-k1,inverse-j,0.04,+/-10%,8,11158.469240382889,11487.69135146348,110819534.95062655,110782085.6945324,37449.256094157696,suboptimal
2,invj-4pc-k1,inverse-j,0.04,+/-10%,9,10042.622316344577,10408.513860544372,111251094.135297,111239288.32699493,11805.80830207467,suboptimal
2,invj-4pc-k1,inverse-j,0.04,+/-10%,10,10919.026444823665,9030.82397643913,110659980.05106176,,,infeasible
2,invj-4pc-k1,inverse-j,0.04,+/-10%,11,12010.929089306033,8115.378549196343,110307101.6554719,,,infeasible
2,invj-4pc-k1,inverse-j,0.04,+/-10%,12,13212.021998236629,8926.9164068325,111508019.88983436,,,infeasible
2,invj-4pc-k1,inverse-j,0.04,+/-10%,13,14533.22419806031,15937.585805472645,116910952.71501008,116647946.2345538,263006.4804562777,suboptimal
2,invj-4pc-k1,inverse-j,0.04,+/-10%,14,15986.546617866361,14011.356679058796,112262556.263031,,,infeasible
2,invj-4pc-k1,inverse-j,0.04,+/-10%,15,17585.201279652974,13153.179458565424,111359507.97223419,,,infeasible
2,invj-4pc-k1,inverse-j,0.04,+/-20%,1,17032.10611277591,17032.10611277591,108825339.09863822,108825339.09863824,-1.4901161193847656e-08,optimal
2,invj-4pc-k1,inverse-j,0.04,+/-20%,2,13625.684890220724,14234.505071750045,106713065.99068606,106669922.14398718,43143.846698880196,suboptimal
2,invj-4pc-k1,inverse-j,0.04,+/-20%,3,10900.547912176582,11873.044666222253,105255349.5584019,105179312.17648764,76037.381914258,suboptimal
2,invj-4pc-k1,inverse-j,0.04,+/-20%,4,8720.438329741264,10105.89719571561,105373947.32487993,105228499.89251775,145447.43236218393,suboptimal
2,invj-4pc-k1,inverse-j,0.04,+/-20%,5,7963.303525038869,6614.769071579269,106581558.22818883,106416791.35488634,164766.87330248952,suboptimal
2,invj-4pc-k1,inverse-j,0.04,+/-20%,6,9555.96423004665,7937.722885171695,109183264.57243632,,,infeasible
2,invj-4pc-k1,inverse-j,0.04,+/-20%,7,11467.157076055968,14380.537254780002,114605236.0190266,114172338.53462592,432897.4844006896,suboptimal
2,invj-4pc-k1,inverse-j,0.04,+/-20%,8,13760.58849126716,13808.493896847169,115112629.10415798,115112629.10415803,-4.470348358154297e-08,optimal
2,invj-4pc-k1,inverse-j,0.04,+/-20%,9,11008.470793013737,10162.65658397,111069567.30719408,110979315.94804116,90251.359152928,suboptimal
2,invj-4pc-k1,inverse-j,0.04,+/-20%,10,8806.77663441098,9602.659908163687,110403879.29366387,110318305.19960317,85574.09406070411,suboptimal
2,invj-4pc-k1,inverse-j,0.04,+/-20%,11,10055.151584114825,7250.097893091628,110094411.75592266,,,infeasible
2,invj-4pc-k1,inverse-j,0.04,+/-20%,12,12066.181900937783,8700.117468870001,112674811.52539797,,,infeasible
2,invj-4pc-k1,inverse-j,0.04,+/-20%,13,14479.418281125352,18958.62623683991,118607877.89711419,117773348.53625086,834529.360863328,suboptimal
2,invj-4pc-k1,inverse-j,0.04,+/-20%,14,17375.301937350458,15513.477947796133,111722125.71778147,,,infeasible
2,invj-4pc-k1,inverse-j,0.04,+/-20%,15,20850.36232482052,12772.375131803008,111144523.43255886,,,infeasible
2,invj-4pc-k2,inverse-j,0.04,NHF,1,67798.045,67798.045,93754906.99771947,93754906.99771947,0.0,optimal
2,invj-4pc-k2,inverse-j,0.04,NHF,2,0.0,0.0,56810549.6218843,56810549.6218843,0.0,optimal
2,invj-4pc-k2,inverse-j,0.04,NHF,3,0.0,0.0,70085273.19125047,70085273.19125047,0.0,optimal
2,invj-4pc-k2,inverse-j,0.04,NHF,4,0.0,0.0,73437076.40753037,73437076.40753037,0.0,optimal
2,invj-4pc-k2,inverse-j,0.04,NHF,5,0.0,0.0,84510330.6479211,84510330.6479211,0.0,optimal
2,invj-4pc-k2,inverse-j,0.04,NHF,6,0.0,0.0,90860962.46725827,90860962.46725827,0.0,optimal
2,invj-4pc-k2,inverse-j,0.04,NHF,7,38300.0,38300.0,106318093.68490541,106318093.68490541,0.0,optimal
2,invj-4pc-k2,inverse-j,0.04,NHF,8,14375.0,14375.0,86990053.44167928,86990053.44167928,0.0,optimal
2,invj-4pc-k2,inverse-j,0.04,NHF,9,26850.0,26850.0,82593808.04906553,82593808.04906553,0.0,optimal
2,invj-4pc-k2,inverse-j,0.04,NHF,10,0.0,0.0,61660009.83048158,61660009.83048158,0.0,optimal
2,invj-4pc-k2,inverse-j,0.04,NHF,11,0.0,0.0,82048853.85838516,82048853.85838516,0.0,optimal
2,invj-4pc-k2,inverse-j,0.04,NHF,12,0.0,0.0,88127996.77900589,88127996.77900589,0.0,optimal
2,invj-4pc-k2,inverse-j,0.04,NHF,13,0.0,38300.0,102204336.3886038,90291387.29513223,11912949.093471572,suboptimal
2,invj-4pc-k2,inverse-j,0.04,NHF,14,0.0,0.0,75776975.41881472,75776975.41881472,0.0,optimal
2,invj-4pc-k2,inverse-j,0.04,NHF,15,56775.0,14375.0,86726409.80616161,,,infeasible
2,invj-4pc-k2,inverse-j,0.04,NDY,1,10909.008709414353,10909.008709414353,75148290.40189195,75148290.40189195,0.0,optimal
2,invj-4pc-k2,inverse-j,0.04,NDY,2,10909.008709414353,10909.008709172345,76761349.11793296,76761349.11793296,0.0,optimal
2,invj-4pc-k2,inverse-j,0.04,NDY,3,10909.008709414356,10909.00870951197,77522794.34883596,77522794.34883596,0.0,optimal
2,invj-4pc-k2,inverse-j,0.04,NDY,4,10909.008709414358,10216.860653274853,77797606.95452392,76628859.162363,1168747.7921609282,suboptimal
2,invj-4pc-k2,inverse-j,0.04,NDY,5,10909.008709414358,10192.050046160392,78991948.34928297,,,infeasible
2,invj-4pc-k2,inverse-j,0.04,NDY,6,10909.00870941436,10096.674437610494,78421356.17560312,,,infeasible
2,invj-4pc-k2,inverse-j,0.04,NDY,7,10909.00870941435,10149.891395689665,79302006.3432677,,,infeasible
2,invj-4pc-k2,inverse-j,0.04,NDY,8,10909.008709414356,10561.180911436017,82408669.03126553,,,infeasible
2,invj-4pc-k2,inverse-j,0.04,NDY,9,10909.008709414358,10562.769373577654,82323247.3725595,,,infeasible
2,invj-4pc-k2,inverse-j,0.04,NDY,10,10909.008709414364,10562.769373893021,81670110.60935086,,,infeasible
2,invj-4pc-k2,inverse-j,0.04,NDY,11,10909.008709414364,10562.769375288637,81801317.59040178,,,infeasible
2,invj-4pc-k2,inverse-j,0.04,NDY,12,10909.008709414364,10562.769379574998,81754990.31250232,,,infeasible
2,invj-4pc-k2,inverse-j,0.04,NDY,13,10909.008709414356,10857.22371282632,82171633.70849177,82171633.70849177,0.0,optimal
2,invj-4pc-k2,inverse-j,0.04,NDY,14,10909.008709414364,10694.937130090397,81881294.1084091,81865382.37325773,15911.7351513803,suboptimal
2,invj-4pc-k2,inverse-j,0.04,NDY,15,28749.47331808621,11069.022978483219,82879962.50124605,,,infeasible
2,invj-4pc-k2,inverse-j,0.04,-10%,1,14469.47876361355,14469.47876361355,79015435.09327476,79015435.09327476,0.0,optimal
2,invj-4pc-k2,inverse-j,0.04,-10%,2,13022.530887252193,13022.530887723822,79031405.51248658,79031405.51248658,0.0,optimal
2,invj-4pc-k2,inverse-j,0.04,-10%,3,11720.277798526973,11720.277798664885,77917277.37439768,77917277.37439768,0.0,optimal
2,invj-4pc-k2,inverse-j,0.04,-10%,4,10548.250018674276,10548.25001973686,77400689.3111555,77400689.3111555,0.0,optimal
2,invj-4pc-k2,inverse-j,0.04,-10%,5,9493.425016806848,9493.425019592767,77955419.37992527,77955419.37992525,1.4901161193847656e-08,optimal
2,invj-4pc-k2,inverse-j,0.04,-10%,6,8544.08251512616,8544.082516300023,78731990.88176137,78731990.88176137,0.0,optimal
2,invj-4pc-k2,inverse-j,0.04,-10%,7,11735.181694560531,11735.18169364,82421153.47985268,82421153.47985268,0.0,optimal
2,invj-4pc-k2,inverse-j,0.04,-10%,8,10561.663525104475,11763.688442199946,84990543.75102302,84494524.15445213,496019.5965708941,suboptimal
2,invj-4pc-k2,inverse-j,0.04,-10%,9,9505.497172594029,10587.319598765818,82377379.35143048,82013923.07181655,363456.279613927,suboptimal
2,invj-4pc-k2,inverse-j,0.04,-10%,10,8554.947455334628,9528.58763935326,80587620.8122087,80370386.25838618,217234.5538225174,suboptimal
2,invj-4pc-k2,inverse-j,0.04,-10%,11,7699.452709801165,8575.728875754447,81677137.60693559,81490530.54709734,186607.05983825028,suboptimal
2,invj-4pc-k2,inverse-j,0.04,-10%,12,6929.507438821048,7718.155990185,83910310.32117814,83612946.83838488,297363.48279325664,suboptimal
2,invj-4pc-k2,inverse-j,0.04,-10%,13,6236.556694938943,16293.920659874428,88118427.86643855,84031293.94968958,4087133.9167489707,suboptimal
2,invj-4pc-k2,inverse-j,0.04,-10%,14,5612.901025445044,14738.556464342153,85192735.49198969,81753392.87566173,3439342.6163279563,suboptimal
2,invj-4pc-k2,inverse-j,0.04,-10%,15,55101.61081360011,13314.726683975206,84962224.86281697,,,infeasible
2,invj-4pc-k2,inverse-j,0.04,-20%,1,18377.039693381903,18377.039693381903,81816761.58712427,81816761.58712427,0.0,optimal
2,invj-4pc-k2,inverse-j,0.04,-20%,2,14701.631754705522,14701.631754867049,79151670.3645503,79151670.3645503,0.0,optimal
2,invj-4pc-k2,inverse-j,0.04,-20%,3,11761.305403764418,11761.305405361822,76292951.67952782,76292951.67952782,0.0,optimal
2,invj-4pc-k2,inverse-j,0.04,-20%,4,9409.044323011536,9409.04432324125,74567159.25829773,74567159.25829773,0.0,optimal
2,invj-4pc-k2,inverse-j,0.04,-20%,5,7527.23545840923,7527.235457107647,75774476.81569101,75774476.81569101,0.0,optimal
2,invj-4pc-k2,inverse-j,0.04,-20%,6,6021.788366727391,6021.788368501213,80527071.68494074,80527071.68494074,0.0,optimal
2,invj-4pc-k2,inverse-j,0.04,-20%,7,16636.752313413836,16291.382684907328,87493193.68844375,,,infeasible
2,invj-4pc-k2,inverse-j,0.04,-20%,8,13309.401850731068,13033.10614777766,86163556.46151358,,,infeasible
2,invj-4pc-k2,inverse-j,0.04,-20%,9,10647.521480584861,10426.484917771193,81772136.09369828,,,infeasible
2,invj-4pc-k2,inverse-j,0.04,-20%,10,8518.017184467886,8341.187934305728,79241379.60352357,,,infeasible
2,invj-4pc-k2,inverse-j,0.04,-20%,11,6814.413747574308,6672.950345810001,81343477.28609265,,,infeasible
2,invj-4pc-k2,inverse-j,0.04,-20%,12,5451.5309980594475,9619.49205174,84977138.07476804,83509327.43500306,1467810.6397649795,suboptimal
2,invj-4pc-k2,inverse-j,0.04,-20%,13,4361.224798447558,18827.13619292222,87519784.19129466,82120899.83845624,5398884.352838412,suboptimal
2,invj-4pc-k2,inverse-j,0.04,-20%,14,3488.979838758043,15061.708957240002,85085742.69518581,81442288.80321263,3643453.8919731826,suboptimal
2,invj-4pc-k2,inverse-j,0.04,-20%,15,57860.59375532157,12750.08443306089,83650033.83678944,,,infeasible
2,invj-4pc-k2,inverse-j,0.04,+/-10%,1,14469.478763613544,14469.478763613544,76496722.22039133,76496722.22039136,-2.9802322387695312e-08,optimal
2,invj-4pc-k2,inverse-j,0.04,+/-10%,2,13022.530887252195,13022.53088699148,75844526.54364274,75844526.54364274,0.0,optimal
2,invj-4pc-k2,inverse-j,0.04,+/-10%,3,11720.277798526968,11720.2777985365,75897707.3716883,75897707.37168826,4.470348358154297e-08,optimal
2,invj-4pc-k2,inverse-j,0.04,+/-10%,4,10548.250018674275,10548.250019135254,75721221.43056826,75721221.43056826,0.0,optimal
2,invj-4pc-k2,inverse-j,0.04,+/-10%,5,9493.425016806848,9493.42501910313,76657326.10883793,76657326.10883795,-1.4901161193847656e-08,optimal
2,invj-4pc-k2,inverse-j,0.04,+/-10%,6,8544.082515126169,8544.082516300023,77047271.62584823,77047271.62584823,0.0,optimal
2,invj-4pc-k2,inverse-j,0.04,+/-10%,7,9398.490766638779,9398.49076554,79271571.35441734,79271571.35441734,0.0,optimal
2,invj-4pc-k2,inverse-j,0.04,+/-10%,8,10338.339843302658,13489.364359182016,83830022.59616283,82282616.51778165,1547406.0783811808,suboptimal
2,invj-4pc-k2,inverse-j,0.04,+/-10%,9,10656.775373684588,12140.427922470531,80766293.54801732,80422232.59938411,344060.94863320887,suboptimal
2,invj-4pc-k2,inverse-j,0.04,+/-10%,10,11020.343346820819,10926.38512971724,79541876.43841521,79541876.43841521,0.0,optimal
2,invj-4pc-k2,inverse-j,0.04,+/-10%,11,12122.37768150292,8948.228686426113,78582742.4730082,,,infeasible
2,invj-4pc-k2,inverse-j,0.04,+/-10%,12,13334.615449653216,9843.051557085,79769248.50426537,,,infeasible
2,invj-4pc-k2,inverse-j,0.04,+/-10%,13,14668.076994618536,14260.379217852631,83302255.96733733,,,infeasible
2,invj-4pc-k2,inverse-j,0.04,+/-10%,14,16134.884694080358,12834.34129346,81112767.17918444,,,infeasible
2,invj-4pc-k2,inverse-j,0.04,+/-10%,15,17748.37316348842,13451.25132340005,82203595.66118859,,,infeasible
2,invj-4pc-k2,inverse-j,0.04,+/-20%,1,17595.622508512584,17595.622508512584,78775836.5598679,78775836.5598679,0.0,optimal
2,invj-4pc-k2,inverse-j,0.04,+/-20%,2,14076.49800681006,14289.994462032791,76267528.56957962,76265388.54496597,2140.024613648653,suboptimal
2,invj-4pc-k2,inverse-j,0.04,+/-20%,3,11261.198405448054,11870.685760588281,74852213.89338453,74786306.33913922,65907.55424530804,suboptimal
2,invj-4pc-k2,inverse-j,0.04,+/-20%,4,9008.95872435845,9853.173060810697,75351694.83417083,75199647.77714229,152047.05702854693,suboptimal
2,invj-4pc-k2,inverse-j,0.04,+/-20%,5,7207.166979486752,7252.524132878147,75151203.78636631,75151203.7863663,1.4901161193847656e-08,optimal
2,invj-4pc-k2,inverse-j,0.04,+/-20%,6,8648.600375384101,6936.045063137883,77732998.00038709,,,infeasible
2,invj-4pc-k2,inverse-j,0.04,+/-20%,7,10378.32045046093,13699.873438820001,84501620.96623263,82845790.3574784,1655830.6087542325,suboptimal
2,invj-4pc-k2,inverse-j,0.04,+/-20%,8,12453.9845405531,15422.354995846215,85964164.14160408,84793560.50398743,1170603.6376166493,suboptimal
2,invj-4pc-k2,inverse-j,0.04,+/-20%,9,12238.859922817275,11873.25897552011,80753728.18727247,80702249.69459307,51478.49267940223,suboptimal
2,invj-4pc-k2,inverse-j,0.04,+/-20%,10,9791.087938253817,10179.446945658598,78348926.58114395,78273621.20395043,75305.37719351053,suboptimal
2,invj-4pc-k2,inverse-j,0.04,+/-20%,11,10067.252250725041,7304.816160783137,77190889.39476414,,,infeasible
2,invj-4pc-k2,inverse-j,0.04,+/-20%,12,12080.702700870072,8765.779393515,80325186.14491054,,,infeasible
2,invj-4pc-k2,inverse-j,0.04,+/-20%,13,14496.843241044062,16677.056823177776,85587154.68208648,85037930.82820298,549223.8538835049,suboptimal
2,invj-4pc-k2,inverse-j,0.04,+/-20%,14,17396.21188925289,13341.64545942,82284895.24481092,,,infeasible
2,invj-4pc-k2,inverse-j,0.04,+/-20%,15,20875.45426710345,13934.139687956882,83245020.13713437,,,infeasible
3,linear-4pc-0pc,linear,0.04,NHF,1,16815.77,16815.77,26247943.505663533,26247943.505663533,0.0,optimal
3,linear-4pc-0pc,linear,0.04,NHF,2,0.0,0.0,20838092.673469357,20838092.673469357,0.0,optimal
3,linear-4pc-0pc,linear,0.04,NHF,3,7660.0,7660.0,26399096.121703126,26399096.121703126,0.0,optimal
3,linear-4pc-0pc,linear,0.04,NHF,4,7660.0,7660.0,27051435.563287843,27051435.563287843,0.0,optimal
3,linear-4pc-0pc,linear,0.04,NHF,5,0.0,0.0,28229927.00289935,28229927.00289935,0.0,optimal
3,linear-4pc-0pc,linear,0.04,NHF,6,0.0,0.0,37039046.9704699,37039046.9704699,0.0,optimal
3,linear-4pc-0pc,linear,0.04,NHF,7,26060.0,26060.0,50677766.025552444,50677766.025552444,0.0,optimal
3,linear-4pc-0pc,linear,0.04,NHF,8,22240.0,22240.0,39927715.53831198,39927715.53831198,0.0,optimal
3,linear-4pc-0pc,linear,0.04,NHF,9,7660.0,7660.0,25040517.927680686,25040517.927680686,0.0,optimal
3,linear-4pc-0pc,linear,0.04,NHF,10,0.0,7660.0,24385833.860962197,22203304.42369902,2182529.437263176,suboptimal
3,linear-4pc-0pc,linear,0.04,NHF,11,0.0,0.0,23323598.40442232,23323598.40442232,0.0,optimal
3,linear-4pc-0pc,linear,0.04,NHF,12,0.0,0.0,29933906.26839034,29933906.26839034,0.0,optimal
3,linear-4pc-0pc,linear,0.04,NHF,13,0.0,15320.0,40104991.17956999,35739932.30504364,4365058.874526352,suboptimal
3,linear-4pc-0pc,linear,0.04,NHF,14,0.0,0.0,36488710.10653795,36488710.10653795,0.0,optimal
3,linear-4pc-0pc,linear,0.04,NHF,15,58433.33333333333,29900.0,50547214.32744255,,,infeasible
3,linear-4pc-0pc,linear,0.04,NDY,1,6361.796928023355,6361.796928023355,20765751.74147756,20765751.74147756,0.0,optimal
3,linear-4pc-0pc,linear,0.04,NDY,2,6361.796928023354,6361.796928192772,21269040.20204352,21269040.202043522,-3.725290298461914e-09,optimal
3,linear-4pc-0pc,linear,0.04,NDY,3,6361.796928023356,5185.666511513383,22725393.422616865,22531833.750719428,193559.67189743742,suboptimal
3,linear-4pc-0pc,linear,0.04,NDY,4,6361.796928023355,5185.666510985793,24876418.03110651,24450795.077641364,425622.9534651451,suboptimal
3,linear-4pc-0pc,linear,0.04,NDY,5,6361.796928023355,5185.666512085213,27165426.527868822,26617829.482527375,547597.045341447,suboptimal
3,linear-4pc-0pc,linear,0.04,NDY,6,6361.796928023354,5185.66650795,30151334.82389245,29618907.857465435,532426.966427017,suboptimal
3,linear-4pc-0pc,linear,0.04,NDY,7,9155.817598517311,10206.121895881879,34086061.55221265,33522573.427334927,563488.1248777211,suboptimal
3,linear-4pc-0pc,linear,0.04,NDY,8,9155.817598517311,9999.583679883643,33468311.328250438,33043038.18402923,425273.144221209,suboptimal
3,linear-4pc-0pc,linear,0.04,NDY,9,9155.817598517313,9621.461526947072,33232829.554991245,33081465.255712017,151364.29927922785,suboptimal
3,linear-4pc-0pc,linear,0.04,NDY,10,9155.817598517315,9509.834020980892,32038798.433214024,31938975.388455167,99823.0447588563,suboptimal
3,linear-4pc-0pc,linear,0.04,NDY,11,9155.817598517313,9500.387158740612,31969455.348433994,31950927.56935831,18527.779075682163,suboptimal
3,linear-4pc-0pc,linear,0.04,NDY,12,9155.817598517311,8789.255619838439,31818373.447522394,31725677.381901864,92696.0656205304,suboptimal
3,linear-4pc-0pc,linear,0.04,NDY,13,9155.817598517313,8789.255617793371,31893483.522521034,31766090.659503628,127392.86301740631,suboptimal
3,linear-4pc-0pc,linear,0.04,NDY,14,9155.817598517315,8789.255615426666,32508918.46155237,32375496.99856245,133421.4629899189,suboptimal
3,linear-4pc-0pc,linear,0.04,NDY,15,25031.780720064176,9941.840150435117,33712409.29811557,,,infeasible
3,linear-4pc-0pc,linear,0.04,-10%,1,8057.052153634332,8057.052153634332,22224307.30633153,22224307.30633153,0.0,optimal
3,linear-4pc-0pc,linear,0.04,-10%,2,7251.346938270897,7093.228614854007,21988216.77486961,21977266.97445288,10949.800416730344,suboptimal
3,linear-4pc-0pc,linear,0.04,-10%,3,6526.21224444381,5200.887250750821,22761248.811501034,22653519.485624626,107729.32587640733,suboptimal
3,linear-4pc-0pc,linear,0.04,-10%,4,5873.59101999943,4680.798526369891,24792206.866443656,24445682.291636895,346524.574806761,suboptimal
3,linear-4pc-0pc,linear,0.04,-10%,5,5286.231917999486,4212.718672465453,27529208.550491158,27084036.08252525,445172.46796590835,suboptimal
3,linear-4pc-0pc,linear,0.04,-10%,6,4757.608726199537,3791.4468061125003,31703975.519974552,31276802.20801375,427173.3119608015,suboptimal
3,linear-4pc-0pc,linear,0.04,-10%,7,12801.666597867375,12801.6665945,38066140.90127738,38066140.90127738,0.0,optimal
3,linear-4pc-0pc,linear,0.04,-10%,8,11521.499938080638,12989.711774673371,36420876.75148962,35633030.30081359,787846.450676024,suboptimal
3,linear-4pc-0pc,linear,0.04,-10%,9,10369.349944272572,11577.138798030464,33601820.1011458,33168184.402987506,433635.69815829024,suboptimal
3,linear-4pc-0pc,linear,0.04,-10%,10,9332.414949845315,10419.424919617006,29989517.052513927,29938860.01142711,50657.04108681902,suboptimal
3,linear-4pc-0pc,linear,0.04,-10%,11,8399.173454860784,7647.769418343045,28502440.727853872,28293086.72980658,209353.99804729223,suboptimal
3,linear-4pc-0pc,linear,0.04,-10%,12,7559.256109374706,6882.992479036715,29397493.625747126,29077390.770274192,320102.8554729335,suboptimal
3,linear-4pc-0pc,linear,0.04,-10%,13,6803.330498437235,6194.693230069999,30864393.724941216,30610811.821786772,253581.90315444395,suboptimal
3,linear-4pc-0pc,linear,0.04,-10%,14,6122.997448593553,6903.26541344,34051172.033793226,33658114.373052515,393057.6607407108,suboptimal
3,linear-4pc-0pc,linear,0.04,-10%,15,30077.06131540351,13484.16814980566,38295055.19136722,,,infeasible
3,linear-4pc-0pc,linear,0.04,-20%,1,9342.094444444443,9342.094444444443,23412416.954227667,23412416.954227667,0.0,optimal
3,linear-4pc-0pc,linear,0.04,-20%,2,7473.6755555555565,7473.675557425548,22845267.184963338,22845267.184963338,0.0,optimal
3,linear-4pc-0pc,linear,0.04,-20%,3,5978.940444444446,5519.208668363285,23158377.884982094,23151082.85319782,7295.031784273684,suboptimal
3,linear-4pc-0pc,linear,0.04,-20%,4,4783.152355555558,4245.184284800398,24752574.19865375,24674593.721687082,77980.47696666792,suboptimal
3,linear-4pc-0pc,linear,0.04,-20%,5,3826.521884444446,3396.147426772423,28073708.78165256,27921896.172530927,151812.60912163183,suboptimal
3,linear-4pc-0pc,linear,0.04,-20%,6,3061.217507555557,2716.9179403025005,33329400.604770664,33191781.123774964,137619.48099569976,suboptimal
3,linear-4pc-0pc,linear,0.04,-20%,7,15768.392885628033,15768.39288262,41753653.98438607,41753653.98438607,0.0,optimal
3,linear-4pc-0pc,linear,0.04,-20%,8,14391.291197155533,16092.654359808428,38658368.92662654,38019048.52126866,639320.4053578824,suboptimal
3,linear-4pc-0pc,linear,0.04,-20%,9,11513.03295772443,12629.836785666112,32087532.21158496,31874132.30984416,213399.9017408006,suboptimal
3,linear-4pc-0pc,linear,0.04,-20%,10,9210.426366179543,8572.304016610404,27789961.61410616,27682380.22398084,107581.39012531936,suboptimal
3,linear-4pc-0pc,linear,0.04,-20%,11,7368.341092943631,6857.843214211405,27196717.8257678,27023838.34125156,172879.48451624066,suboptimal
3,linear-4pc-0pc,linear,0.04,-20%,12,5894.672874354905,5486.2745710399995,28103360.022712264,27951605.337363772,151754.68534849212,suboptimal
3,linear-4pc-0pc,linear,0.04,-20%,13,4715.738299483922,5028.392882620001,30845039.88421147,30765875.994874027,79163.88933744282,suboptimal
3,linear-4pc-0pc,linear,0.04,-20%,14,3772.590639587138,4218.59278814,35311592.1340861,35101106.50969672,210485.62438938022,suboptimal
3,linear-4pc-0pc,linear,0.04,-20%,15,33217.85765243408,18641.754257004028,43751917.647536725,,,infeasible
3,linear-4pc-0pc,linear,0.04,+/-10%,1,7517.481743414169,7517.481743414169,20611939.620023943,20611939.620023943,0.0,optimal
3,linear-4pc-0pc,linear,0.04,+/-10%,2,6765.7335690727505,6902.194713438849,20100283.48304618,20096204.10306418,4079.3799820020795,suboptimal
3,linear-4pc-0pc,linear,0.04,+/-10%,3,6089.160212165476,5938.069286862015,20620699.60694924,20608297.279160745,12402.327788494527,suboptimal
3,linear-4pc-0pc,linear,0.04,+/-10%,4,5480.244190948926,5344.26235805195,21448275.974023,21431124.245389603,17151.728633396327,suboptimal
3,linear-4pc-0pc,linear,0.04,+/-10%,5,5801.318583800284,5878.688593649682,22362059.89826025,22349695.457017932,12364.4412423186,suboptimal
3,linear-4pc-0pc,linear,0.04,+/-10%,6,6381.450442180305,6466.5574567799995,22265906.423285853,22240945.6268254,24960.79646045342,suboptimal
3,linear-4pc-0pc,linear,0.04,+/-10%,7,7019.59548639834,10763.79695432,36016541.6821878,30737539.817601077,5279001.864586726,suboptimal
3,linear-4pc-0pc,linear,0.04,+/-10%,8,7721.555035038174,12375.961712279997,36004190.711670965,31896210.820517574,4107979.8911533915,suboptimal
3,linear-4pc-0pc,linear,0.04,+/-10%,9,8493.710538541995,11010.570022951255,33301327.14544794,32016796.277230155,1284530.868217785,suboptimal
3,linear-4pc-0pc,linear,0.04,+/-10%,10,9343.081592396175,9839.024445178773,30666073.343646258,30541549.56010882,124523.78353743628,suboptimal
3,linear-4pc-0pc,linear,0.04,+/-10%,11,10277.389751635816,8831.067208325489,29668854.216252655,,,infeasible
3,linear-4pc-0pc,linear,0.04,+/-10%,12,11305.128726799398,6986.1976042586775,29908727.96831017,,,infeasible
3,linear-4pc-0pc,linear,0.04,+/-10%,13,12435.641599479339,7684.817364558053,31257969.54922303,,,infeasible
3,linear-4pc-0pc,linear,0.04,+/-10%,14,13679.205759427274,8453.299096533334,32786714.317971814,,,infeasible
3,linear-4pc-0pc,linear,0.04,+/-10%,15,15047.126335370001,13543.992895378946,37738839.59494115,,,infeasible
3,linear-4pc-0pc,linear,0.04,+/-20%,1,9342.094444444441,9342.094444444441,21447160.13193204,21447160.13193204,0.0,optimal
3,linear-4pc-0pc,linear,0.04,+/-20%,2,7473.675555555557,7473.675554101185,19918066.017898306,19918066.017898314,-7.450580596923828e-09,optimal
3,linear-4pc-0pc,linear,0.04,+/-20%,3,5978.940444444446,5368.564821247384,20008065.17387792,19876316.075088486,131749.09878943488,suboptimal
3,linear-4pc-0pc,linear,0.04,+/-20%,4,4783.152355555557,4294.8518576646875,21038940.46557766,20946034.564956445,92905.90062121302,suboptimal
3,linear-4pc-0pc,linear,0.04,+/-20%,5,4587.3304341844305,5153.822229589242,22799283.619726025,22408889.50799878,390394.11172724515,suboptimal
3,linear-4pc-0pc,linear,0.04,+/-20%,6,5504.79652102132,6184.586674835,23645457.81986611,22984748.161045026,660709.6588210836,suboptimal
3,linear-4pc-0pc,linear,0.04,+/-20%,7,6605.755825225582,13765.3866677,39961186.16920789,31672474.01939079,8288712.149817102,suboptimal
3,linear-4pc-0pc,linear,0.04,+/-20%,8,7926.9069902707,15081.510209806433,37996996.314694524,32693200.67598978,5303795.638704743,suboptimal
3,linear-4pc-0pc,linear,0.04,+/-20%,9,9512.288388324832,12065.208167455705,31779323.202682618,30876429.672116544,902893.530566074,suboptimal
3,linear-4pc-0pc,linear,0.04,+/-20%,10,10570.62091899271,9652.166532357498,27763016.95889054,,,infeasible
3,linear-4pc-0pc,linear,0.04,+/-20%,11,8456.496735194172,6808.290995443035,26039549.685870066,,,infeasible
3,linear-4pc-0pc,linear,0.04,+/-20%,12,10147.79608223297,5030.733174258014,26980723.23154587,,,infeasible
3,linear-4pc-0pc,linear,0.04,+/-20%,13,12177.355298679571,6036.8798070807425,29661164.423684504,,,infeasible
3,linear-4pc-0pc,linear,0.04,+/-20%,14,14612.826358415485,7244.25576894,32296728.324254088,,,infeasible
3,linear-4pc-0pc,linear,0.04,+/-20%,15,17535.391630098587,17131.8881522,41070023.58187103,,,infeasible
3,linear-6pc-0pc,linear,0.06,NHF,1,16815.77,16815.77,14415655.730821956,14415655.730821956,0.0,optimal
3,linear-6pc-0pc,linear,0.06,NHF,2,0.0,0.0,8774660.350519128,8774660.350519128,0.0,optimal
3,linear-6pc-0pc,linear,0.06,NHF,3,7660.0,7660.0,13212451.461484771,13212451.461484771,0.0,optimal
3,linear-6pc-0pc,linear,0.06,NHF,4,7660.0,7660.0,13428444.128923425,13428444.128923425,0.0,optimal
3,linear-6pc-0pc,linear,0.06,NHF,5,0.0,0.0,13195387.299706701,13195387.299706701,0.0,optimal
3,linear-6pc-0pc,linear,0.06,NHF,6,0.0,0.0,20509728.411937617,20509728.411937617,0.0,optimal
3,linear-6pc-0pc,linear,0.06,NHF,7,26060.0,26060.0,33719856.74003273,33719856.74003273,0.0,optimal
3,linear-6pc-0pc,linear,0.06,NHF,8,22240.0,22240.0,25713609.044363074,25713609.044363074,0.0,optimal
3,linear-6pc-0pc,linear,0.06,NHF,9,7660.0,7660.0,13052771.737439334,13052771.737439334,0.0,optimal
3,linear-6pc-0pc,linear,0.06,NHF,10,7660.0,7660.0,11919180.910970714,11919180.910970714,0.0,optimal
3,linear-6pc-0pc,linear,0.06,NHF,11,0.0,0.0,9822170.849302264,9822170.849302264,0.0,optimal
3,linear-6pc-0pc,linear,0.06,NHF,12,0.0,0.0,14768077.752052326,14768077.752052326,0.0,optimal
3,linear-6pc-0pc,linear,0.06,NHF,13,0.0,15320.0,23531908.010390464,18930585.171192057,4601322.839198407,suboptimal
3,linear-6pc-0pc,linear,0.06,NHF,14,0.0,0.0,20595779.17035154,20595779.17035154,0.0,optimal
3,linear-6pc-0pc,linear,0.06,NHF,15,46860.0,29900.0,34112836.21336412,,,infeasible
3,linear-6pc-0pc,linear,0.06,NDY,1,6361.796928023355,6361.796928023355,10553609.908679709,10553609.908679709,0.0,optimal
3,linear-6pc-0pc,linear,0.06,NDY,2,6361.796928023354,6361.7969281927635,10650706.849959582,10650706.849959588,-5.587935447692871e-09,optimal
3,linear-6pc-0pc,linear,0.06,NDY,3,6361.796928023354,6361.796927748992,11243210.795919305,11243210.795919305,0.0,optimal
3,linear-6pc-0pc,linear,0.06,NDY,4,6361.796928023355,4733.411607447935,11718557.908040592,11702170.921642264,16386.986398328096,suboptimal
3,linear-6pc-0pc,linear,0.06,NDY,5,6361.796928023355,4733.4116080482245,13371617.91268068,12940995.376556298,430622.53612438217,suboptimal
3,linear-6pc-0pc,linear,0.06,NDY,6,6361.796928023355,4733.411610742501,15695118.951636894,15038194.548713155,656924.4029237386,suboptimal
3,linear-6pc-0pc,linear,0.06,NDY,7,9634.435689557828,10216.461986231861,19511622.23212406,19235352.632628538,276269.5994955227,suboptimal
3,linear-6pc-0pc,linear,0.06,NDY,8,9634.435689557826,9833.840295224729,19310313.203997243,19294249.83982932,16063.36416792497,suboptimal
3,linear-6pc-0pc,linear,0.06,NDY,9,9634.435689557826,9671.139268892122,18811409.84446445,18811409.84446445,0.0,optimal
3,linear-6pc-0pc,linear,0.06,NDY,10,9634.435689557828,9665.588599721235,17645690.816308618,17645690.816308618,0.0,optimal
3,linear-6pc-0pc,linear,0.06,NDY,11,9634.435689557828,9610.14589321109,17204268.417216875,17204268.417216875,0.0,optimal
3,linear-6pc-0pc,linear,0.06,NDY,12,9634.43568955783,9685.842248654397,16588908.465045946,16588908.465045942,3.725290298461914e-09,optimal
3,linear-6pc-0pc,linear,0.06,NDY,13,9634.435689557828,7208.665086681996,16175291.621851949,15587117.170022918,588174.4518290311,suboptimal
3,linear-6pc-0pc,linear,0.06,NDY,14,9634.435689557824,7208.66508685,17517253.588691417,16569905.56932099,947348.0193704274,suboptimal
3,linear-6pc-0pc,linear,0.06,NDY,15,20948.121974161244,10094.192824199985,19943653.51124919,,,infeasible
3,linear-6pc-0pc,linear,0.06,-10%,1,8057.052153634327,8057.052153634327,11597532.52807297,11597532.52807297,0.0,optimal
3,linear-6pc-0pc,linear,0.06,-10%,2,7251.346938270902,7251.346937836602,11062626.379866818,11062626.379866816,1.862645149230957e-09,optimal
3,linear-6pc-0pc,linear,0.06,-10%,3,6526.21224444381,6321.768107775409,11119886.414041577,11113890.744688647,5995.669352930039,suboptimal
3,linear-6pc-0pc,linear,0.06,-10%,4,5873.59101999943,5689.591296673684,11425667.972984452,11384945.828723432,40722.144261019304,suboptimal
3,linear-6pc-0pc,linear,0.06,-10%,5,5286.231917999485,2858.9541837220986,12410667.835867126,11828207.466476554,582460.3693905715,suboptimal
3,linear-6pc-0pc,linear,0.06,-10%,6,4757.608726199538,2573.0587635775005,16155647.919351205,15297271.42533139,858376.4940198157,suboptimal
3,linear-6pc-0pc,linear,0.06,-10%,7,13016.657140124127,13016.65714116,22913106.99683621,22913106.99683621,0.0,optimal
3,linear-6pc-0pc,linear,0.06,-10%,8,11714.991426111714,12956.1473824773,22062733.449372932,21458732.621367197,604000.8280057348,suboptimal
3,linear-6pc-0pc,linear,0.06,-10%,9,10543.492283500542,11660.53264281586,19850379.09282815,19388560.635731306,461818.4570968449,suboptimal
3,linear-6pc-0pc,linear,0.06,-10%,10,9489.143055150485,10494.479379804568,17077851.979419287,16733838.585181985,344013.39423730224,suboptimal
3,linear-6pc-0pc,linear,0.06,-10%,11,8540.228749635438,9445.03144345971,15291017.396981731,15252809.3271853,38208.06979643181,suboptimal
3,linear-6pc-0pc,linear,0.06,-10%,12,7686.205874671896,5861.490059129476,14305060.685858514,13874966.30680664,430094.37905187346,suboptimal
3,linear-6pc-0pc,linear,0.06,-10%,13,6917.585287204704,5275.341048645,15805471.314965213,15177332.83038903,628138.4845761824,suboptimal
3,linear-6pc-0pc,linear,0.06,-10%,14,6225.826758484238,6885.427923800001,19138671.230722617,18828936.029310014,309735.20141260326,suboptimal
3,linear-6pc-0pc,linear,0.06,-10%,15,28750.350415165994,13513.624572583476,23263279.636055157,,,infeasible
3,linear-6pc-0pc,linear,0.06,-20%,1,9342.094444444445,9342.094444444445,12332168.99828081,12332168.99828081,0.0,optimal
3,linear-6pc-0pc,linear,0.06,-20%,2,7473.675555555556,7473.675557725786,11231711.428883595,11231711.428883595,0.0,optimal
3,linear-6pc-0pc,linear,0.06,-20%,3,6336.743480400197,6419.412051553032,11150723.328802528,11150692.64748506,30.68131746724248,suboptimal
3,linear-6pc-0pc,linear,0.06,-20%,4,5069.394784320158,5018.5513336,11315955.248785963,11315917.884965152,37.3638208117336,suboptimal
3,linear-6pc-0pc,linear,0.06,-20%,5,4055.5158274561263,2352.6873588110043,12665428.353687763,12326854.61233648,338573.7413512841,suboptimal
3,linear-6pc-0pc,linear,0.06,-20%,6,3244.412661964901,1882.1498860425002,17080112.37286155,16545314.738649689,534797.6342118606,suboptimal
3,linear-6pc-0pc,linear,0.06,-20%,7,14615.984161432363,14615.98415964,25397255.396021854,25397255.396021854,0.0,optimal
3,linear-6pc-0pc,linear,0.06,-20%,8,15177.734227069497,16256.314715450937,24647682.330671955,24228949.03371569,418733.2969562635,suboptimal
3,linear-6pc-0pc,linear,0.06,-20%,9,12142.187381655596,13005.051771746941,19060152.321976528,18763746.969398927,296405.3525776006,suboptimal
3,linear-6pc-0pc,linear,0.06,-20%,10,9713.749905324477,10404.041417242915,15234771.914560305,15207420.65316162,27351.261398684233,suboptimal
3,linear-6pc-0pc,linear,0.06,-20%,11,7770.999924259581,6302.087373474578,13146723.71849222,12747792.293302933,398931.42518928647,suboptimal
3,linear-6pc-0pc,linear,0.06,-20%,12,6216.799939407663,4957.529909681887,13412283.980297461,12766531.591679402,645752.3886180595,suboptimal
3,linear-6pc-0pc,linear,0.06,-20%,13,4973.439951526129,3966.0239291333337,15297648.347507743,14913014.846028617,384633.5014791265,suboptimal
3,linear-6pc-0pc,linear,0.06,-20%,14,3978.751961220902,4261.495368080001,19786027.799434923,19665458.864672005,120568.93476291746,suboptimal
3,linear-6pc-0pc,linear,0.06,-20%,15,34081.16964750419,18306.949897709394,27628948.328836054,,,infeasible
3,linear-6pc-0pc,linear,0.06,+/-10%,1,7710.81436444758,7710.81436444758,10864097.341528509,10864097.341528507,1.862645149230957e-09,optimal
3,linear-6pc-0pc,linear,0.06,+/-10%,2,6939.732928002833,7060.459622716841,10169839.582701035,10158456.336493567,11383.246207468212,suboptimal
3,linear-6pc-0pc,linear,0.06,+/-10%,3,6245.759635202543,6413.892787335211,10080832.898191925,10066130.284064991,14702.614126933739,suboptimal
3,linear-6pc-0pc,linear,0.06,+/-10%,4,5621.183671682289,5772.503508580908,9829335.763223061,9827648.722942544,1687.0402805171907,suboptimal
3,linear-6pc-0pc,linear,0.06,+/-10%,5,5434.770254579332,5195.253159157018,9331839.164859785,9208773.681009822,123065.48384996317,suboptimal
3,linear-6pc-0pc,linear,0.06,+/-10%,6,5978.247280037265,5714.778479392499,8296855.3323834315,,,infeasible
3,linear-6pc-0pc,linear,0.06,+/-10%,7,6576.072008040986,11081.83990154,21252058.77443444,15954236.329293393,5297822.445141047,suboptimal
3,linear-6pc-0pc,linear,0.06,+/-10%,8,7233.679208845092,12311.307416566387,21431829.422869608,17291819.11644746,4140010.306422148,suboptimal
3,linear-6pc-0pc,linear,0.06,+/-10%,9,7957.047129729615,11007.96007772773,19337090.276828833,17529011.55176066,1808078.7250681743,suboptimal
3,linear-6pc-0pc,linear,0.06,+/-10%,10,8752.751842702568,9907.164070150902,16980062.49350753,16581743.873161899,398318.6203456316,suboptimal
3,linear-6pc-0pc,linear,0.06,+/-10%,11,9628.02702697281,8704.759558930447,15758614.120351437,,,infeasible
3,linear-6pc-0pc,linear,0.06,+/-10%,12,10590.829729670135,7687.09111300374,15388250.468518432,,,infeasible
3,linear-6pc-0pc,linear,0.06,+/-10%,13,11649.912702637126,6918.381999462039,15776025.859738285,,,infeasible
3,linear-6pc-0pc,linear,0.06,+/-10%,14,12814.903972900833,7610.220195514999,17192950.475900706,,,infeasible
3,linear-6pc-0pc,linear,0.06,+/-10%,15,14096.39437019093,14044.051597589474,23624627.11443489,23624627.11443488,1.1175870895385742e-08,optimal
3,linear-6pc-0pc,linear,0.06,+/-20%,1,9342.094444444441,9342.094444444441,11620966.278959792,11620966.278959796,-3.725290298461914e-09,optimal
3,linear-6pc-0pc,linear,0.06,+/-20%,2,7473.675555555557,7473.675554101184,10095048.926262997,10095048.926262997,0.0,optimal
3,linear-6pc-0pc,linear,0.06,+/-20%,3,6296.283492689901,6407.999119938225,9633567.934426056,9630784.471560983,2783.462865073234,suboptimal
3,linear-6pc-0pc,linear,0.06,+/-20%,4,5037.026794151921,4601.4120832,9118801.311194692,9088355.618193181,30445.693001510575,suboptimal
3,linear-6pc-0pc,linear,0.06,+/-20%,5,4302.824105078683,4444.61500212,9242382.780144885,9185467.819944646,56914.96020023897,suboptimal
3,linear-6pc-0pc,linear,0.06,+/-20%,6,5163.388926094413,5333.538,8858057.939855559,8767389.513707025,90668.42614853382,suboptimal
3,linear-6pc-0pc,linear,0.06,+/-20%,7,6196.066711313296,13765.3866677,24349416.58204805,16401835.079763176,7947581.502284875,suboptimal
3,linear-6pc-0pc,linear,0.06,+/-20%,8,7435.280053575956,15174.76969743604,23563834.86538136,18074272.773194823,5489562.092186537,suboptimal
3,linear-6pc-0pc,linear,0.06,+/-20%,9,8922.336064291143,12139.815758081468,18537601.835407965,17244514.646547448,1293087.188860517,suboptimal
3,linear-6pc-0pc,linear,0.06,+/-20%,10,10706.803277149374,9711.852606267119,15250639.051978368,,,infeasible
3,linear-6pc-0pc,linear,0.06,+/-20%,11,8565.4426217195,7518.753583619707,13424819.39048141,,,infeasible
3,linear-6pc-0pc,linear,0.06,+/-20%,12,10278.5311460634,6015.002867804931,12803727.477680681,,,infeasible
3,linear-6pc-0pc,linear,0.06,+/-20%,13,12334.237375276078,4812.002291656098,13324577.744332876,,,infeasible
3,linear-6pc-0pc,linear,0.06,+/-20%,14,14801.084850331297,5774.40275576,15407046.62051776,,,infeasible
3,linear-6pc-0pc,linear,0.06,+/-20%,15,17761.301820397555,17758.42732821111,26621870.469219718,26621870.469219718,0.0,optimal
3,invj-4pc-k1,inverse-j,0.04,NHF,1,16815.77,16815.77,85876284.57206386,85876284.57206386,0.0,optimal
3,invj-4pc-k1,inverse-j,0.04,NHF,2,0.0,0.0,85773609.48134047,85773609.48134047,0.0,optimal
3,invj-4pc-k1,inverse-j,0.04,NHF,3,7660.0,7660.0,89205119.09149963,89205119.09149963,0.0,optimal
3,invj-4pc-k1,inverse-j,0.04,NHF,4,0.0,7660.0,88597149.57642265,87594081.8250567,1003067.7513659447,suboptimal
3,invj-4pc-k1,inverse-j,0.04,NHF,5,0.0,0.0,91589021.33651769,91589021.33651769,0.0,optimal
3,invj-4pc-k1,inverse-j,0.04,NHF,6,0.0,0.0,96637841.51898628,96637841.51898628,0.0,optimal
3,invj-4pc-k1,inverse-j,0.04,NHF,7,26060.0,26060.0,106665216.78414173,106665216.78414173,0.0,optimal
3,invj-4pc-k1,inverse-j,0.04,NHF,8,22240.0,22240.0,95494711.98664662,95494711.98664662,0.0,optimal
3,invj-4pc-k1,inverse-j,0.04,NHF,9,19233.333333333332,7660.0,84362459.75212988,,,infeasible
3,invj-4pc-k1,inverse-j,0.04,NHF,10,0.0,7660.0,87732041.56797889,86128623.43942297,1603418.1285559237,suboptimal
3,invj-4pc-k1,inverse-j,0.04,NHF,11,0.0,0.0,88634808.12852162,88634808.12852162,0.0,optimal
3,invj-4pc-k1,inverse-j,0.04,NHF,12,0.0,0.0,93323423.6026615,93323423.6026615,0.0,optimal
3,invj-4pc-k1,inverse-j,0.04,NHF,13,0.0,15320.0,101643246.74262533,98436410.48551348,3206836.2571118474,suboptimal
3,invj-4pc-k1,inverse-j,0.04,NHF,14,0.0,0.0,95758289.42182864,95758289.42182864,0.0,optimal
3,invj-4pc-k1,inverse-j,0.04,NHF,15,54520.0,29900.0,106623718.85649817,,,infeasible
3,invj-4pc-k1,inverse-j,0.04,NDY,1,5605.668699778628,5605.668699778628,76406198.5232337,76406198.5232337,0.0,optimal
3,invj-4pc-k1,inverse-j,0.04,NDY,2,5605.668699778627,5605.668699979543,80192030.95969175,80192030.95969175,0.0,optimal
3,invj-4pc-k1,inverse-j,0.04,NDY,3,5605.668699778628,5605.668699590128,83412132.92238058,83412132.92238058,0.0,optimal
3,invj-4pc-k1,inverse-j,0.04,NDY,4,5605.668699778628,5605.6686988080355,86201626.06596771,86201626.06596771,0.0,optimal
3,invj-4pc-k1,inverse-j,0.04,NDY,5,5605.668699778629,5605.668699184855,88432532.23222022,88432532.23222022,0.0,optimal
3,invj-4pc-k1,inverse-j,0.04,NDY,6,5605.66869977863,5605.6687031950005,91246478.87233466,91246478.87233466,0.0,optimal
3,invj-4pc-k1,inverse-j,0.04,NDY,7,7159.999999999998,8964.94989881221,93521812.99946174,92860242.50585528,661570.4936064631,suboptimal
3,invj-4pc-k1,inverse-j,0.04,NDY,8,7160.0,9133.892462931704,92435714.07678398,91643255.16426177,792458.9125222117,suboptimal
3,invj-4pc-k1,inverse-j,0.04,NDY,9,7160.000000000002,9082.234013386062,93205893.13649192,92455937.62566741,749955.5108245164,suboptimal
3,invj-4pc-k1,inverse-j,0.04,NDY,10,7160.0,9130.680782947995,91847157.52880718,91037777.33330545,809380.1955017298,suboptimal
3,invj-4pc-k1,inverse-j,0.04,NDY,11,7160.000000000001,8768.061230909612,91908053.66309161,91279956.97561207,628096.6874795407,suboptimal
3,invj-4pc-k1,inverse-j,0.04,NDY,12,7159.999999999998,8899.535788407275,92664646.37307324,92015125.43486132,649520.9382119179,suboptimal
3,invj-4pc-k1,inverse-j,0.04,NDY,13,7159.999999999996,8471.941011184663,92429861.95864148,91986335.79256466,443526.16607682407,suboptimal
3,invj-4pc-k1,inverse-j,0.04,NDY,14,7159.999999999997,8706.910562827517,92518949.316066,91952539.29433861,566410.0217273831,suboptimal
3,invj-4pc-k1,inverse-j,0.04,NDY,15,40254.28329967572,8902.412724272082,92790574.60710056,,,infeasible
3,invj-4pc-k1,inverse-j,0.04,-10%,1,7086.912804822969,7086.912804822969,79092402.96961871,79092402.96961871,0.0,optimal
3,invj-4pc-k1,inverse-j,0.04,-10%,2,6378.221524340668,6378.221524135105,82713340.78075954,82713340.78075954,0.0,optimal
3,invj-4pc-k1,inverse-j,0.04,-10%,3,5740.3993719066075,5740.399371168996,84373818.60018358,84373818.60018358,0.0,optimal
3,invj-4pc-k1,inverse-j,0.04,-10%,4,5166.359434715946,5166.359432897795,86830294.99694568,86830294.99694568,0.0,optimal
3,invj-4pc-k1,inverse-j,0.04,-10%,5,4649.723491244353,4649.723489573287,89947452.25590166,89947452.25590166,0.0,optimal
3,invj-4pc-k1,inverse-j,0.04,-10%,6,4184.751142119922,4184.751136945,94268368.6079865,94268368.6079865,0.0,optimal
3,invj-4pc-k1,inverse-j,0.04,-10%,7,10740.0,13016.2775422,98227934.42837036,97689965.10245453,537969.3259158283,suboptimal
3,invj-4pc-k1,inverse-j,0.04,-10%,8,9666.0,11809.200993298546,94413194.19441378,93694257.15817294,718937.0362408459,suboptimal
3,invj-4pc-k1,inverse-j,0.04,-10%,9,8699.400000000001,10742.210428004866,94078617.68927854,93568639.29013054,509978.39914800227,suboptimal
3,invj-4pc-k1,inverse-j,0.04,-10%,10,7829.460000000001,9648.61765325016,90971199.74943039,90594354.50186616,376845.2475642264,suboptimal
3,invj-4pc-k1,inverse-j,0.04,-10%,11,7046.514,8639.036406762727,90836874.49678975,90630299.22058003,206575.27620972693,suboptimal
3,invj-4pc-k1,inverse-j,0.04,-10%,12,6341.862600000004,7775.132766843161,91630914.56878777,91498900.4039566,132014.1648311615,suboptimal
3,invj-4pc-k1,inverse-j,0.04,-10%,13,5707.676340000002,6997.619489574692,92248964.42944162,92072761.28738345,176203.14205816388,suboptimal
3,invj-4pc-k1,inverse-j,0.04,-10%,14,5136.908706000001,6297.8575415800005,94902386.18161012,94556330.42288099,346055.75872913003,suboptimal
3,invj-4pc-k1,inverse-j,0.04,-10%,15,41233.01731696386,12636.119993579046,97433066.44475774,,,infeasible
3,invj-4pc-k1,inverse-j,0.04,-20%,1,8887.096075500584,8887.096075500584,81320759.7141465,81320759.7141465,0.0,optimal
3,invj-4pc-k1,inverse-j,0.04,-20%,2,7109.676860400466,7109.676859404097,84460702.55371875,84460702.55371875,0.0,optimal
3,invj-4pc-k1,inverse-j,0.04,-20%,3,5687.741488320374,5687.741487343488,85114989.61147444,85114989.61147444,0.0,optimal
3,invj-4pc-k1,inverse-j,0.04,-20%,4,4550.193190656297,4550.193189579225,86912349.40017241,86912349.40017241,0.0,optimal
3,invj-4pc-k1,inverse-j,0.04,-20%,5,3640.154552525038,3640.154550042434,90493399.46874982,90493399.46874982,0.0,optimal
3,invj-4pc-k1,inverse-j,0.04,-20%,6,2912.123642020035,2912.1236434725,95434954.07232288,95434954.07232288,0.0,optimal
3,invj-4pc-k1,inverse-j,0.04,-20%,7,14555.685662243039,16138.027661,101024096.90140107,100710746.54141167,313350.3599894047,suboptimal
3,invj-4pc-k1,inverse-j,0.04,-20%,8,11644.548529794432,14271.111919848496,95863215.01724759,95046880.07775939,816334.9394882023,suboptimal
3,invj-4pc-k1,inverse-j,0.04,-20%,9,9315.638823835547,11755.54015923234,93802024.31354798,93303954.22960465,498070.0839433372,suboptimal
3,invj-4pc-k1,inverse-j,0.04,-20%,10,7452.511059068436,9427.404613818651,88909358.94736427,88623031.80131885,286327.1460454166,suboptimal
3,invj-4pc-k1,inverse-j,0.04,-20%,11,5962.008847254749,7541.923688974086,89272613.84487417,89162974.73349826,109639.11137591302,suboptimal
3,invj-4pc-k1,inverse-j,0.04,-20%,12,4769.607077803798,6033.538952122501,91123061.44055986,91042167.95101684,80893.48954302073,suboptimal
3,invj-4pc-k1,inverse-j,0.04,-20%,13,3815.6856622430387,5398.027661,92929624.54226029,92606297.00396623,323327.538294062,suboptimal
3,invj-4pc-k1,inverse-j,0.04,-20%,14,3052.5485297944315,5679.11192018,96231900.66323881,95601860.93935917,630039.7238796353,suboptimal
3,invj-4pc-k1,inverse-j,0.04,-20%,15,45944.43975025367,16541.63598776667,101035477.40210491,,,infeasible
3,invj-4pc-k1,inverse-j,0.04,+/-10%,1,6157.246876679025,6157.246876679025,73739260.62514007,73739260.62514007,0.0,optimal
3,invj-4pc-k1,inverse-j,0.04,+/-10%,2,5541.522189011122,5609.749012413199,76609136.99845853,76607867.84489362,1269.153564915061,suboptimal
3,invj-4pc-k1,inverse-j,0.04,+/-10%,3,4987.3699701100095,5010.637469387595,80521615.80490468,80521615.8049047,-1.4901161193847656e-08,optimal
3,invj-4pc-k1,inverse-j,0.04,+/-10%,4,5141.65241507288,5418.942571789379,84622790.56236373,84604543.73477963,18246.82758410275,suboptimal
3,invj-4pc-k1,inverse-j,0.04,+/-10%,5,5655.817656580171,5683.622683441086,86845578.93149401,86845578.93149403,-1.4901161193847656e-08,optimal
3,invj-4pc-k1,inverse-j,0.04,+/-10%,6,6221.399422238192,7887.400141726839,89615916.22203672,89374762.40995684,241153.81207987666,suboptimal
3,invj-4pc-k1,inverse-j,0.04,+/-10%,7,6843.53936446201,10740.0,93913850.872487,91649204.46565859,2264646.4068284035,suboptimal
3,invj-4pc-k1,inverse-j,0.04,+/-10%,8,7527.8933009082,11816.026009172703,92316543.26812561,90559224.68463792,1757318.5834876895,suboptimal
3,invj-4pc-k1,inverse-j,0.04,+/-10%,9,8280.682630999023,10766.740289642807,89978878.28854126,89361572.24549997,617306.0430412889,suboptimal
3,invj-4pc-k1,inverse-j,0.04,+/-10%,10,9108.750894098923,9573.52208403966,88436194.52175726,88365737.33954908,70457.18220818043,suboptimal
3,invj-4pc-k1,inverse-j,0.04,+/-10%,11,10019.625983508835,8157.340769158781,88077010.8212308,86724952.97640228,1352057.8448285162,suboptimal
3,invj-4pc-k1,inverse-j,0.04,+/-10%,12,11021.588581859702,7912.813732828138,89675428.85708503,,,infeasible
3,invj-4pc-k1,inverse-j,0.04,+/-10%,13,12123.74744004567,7112.001664413549,89757445.71093889,,,infeasible
3,invj-4pc-k1,inverse-j,0.04,+/-10%,14,13336.122184050235,7823.201829606667,91487165.63129354,,,infeasible
3,invj-4pc-k1,inverse-j,0.04,+/-10%,15,14669.734402455255,12411.395083538966,93598159.38518576,,,infeasible
3,invj-4pc-k1,inverse-j,0.04,+/-20%,1,6912.641563632148,6912.641563632148,75630493.50441414,75630493.50441414,0.0,optimal
3,invj-4pc-k1,inverse-j,0.04,+/-20%,2,5530.113250905716,5297.176071452239,78397954.7850045,78390842.6080169,7112.176987603307,suboptimal
3,invj-4pc-k1,inverse-j,0.04,+/-20%,3,4424.090600724576,4021.4026148185108,82795810.45357235,82794588.86423022,1221.5893421322107,suboptimal
3,invj-4pc-k1,inverse-j,0.04,+/-20%,4,4640.702938158305,4839.909819695238,86693369.87455255,86501801.76659112,191568.10796143115,suboptimal
3,invj-4pc-k1,inverse-j,0.04,+/-20%,5,5568.843525789963,5783.89606623984,89253790.43165171,89090974.04706444,162816.384587273,suboptimal
3,invj-4pc-k1,inverse-j,0.04,+/-20%,6,6682.612230947957,6940.675281945,92477170.98326968,92316877.67918827,160293.30408141017,suboptimal
3,invj-4pc-k1,inverse-j,0.04,+/-20%,7,8019.134677137548,10740.0,94723596.97886717,93581518.1943419,1142078.7845252752,suboptimal
3,invj-4pc-k1,inverse-j,0.04,+/-20%,8,9622.96161256506,14512.68805862236,94113907.81299874,92494521.14968802,1619386.6633107215,suboptimal
3,invj-4pc-k1,inverse-j,0.04,+/-20%,9,7698.369290052045,11381.43876215492,89917403.50886472,89070876.73839396,846526.7704707533,suboptimal
3,invj-4pc-k1,inverse-j,0.04,+/-20%,10,7100.276272563122,9440.304140439774,87233933.3335406,86977782.12242381,256151.21111679077,suboptimal
3,invj-4pc-k1,inverse-j,0.04,+/-20%,11,8520.331527075745,7512.042676776608,88049762.74208541,87623746.282484,426016.4596014172,suboptimal
3,invj-4pc-k1,inverse-j,0.04,+/-20%,12,10224.397832490899,5907.546288058355,89523391.02613664,,,infeasible
3,invj-4pc-k1,inverse-j,0.04,+/-20%,13,12269.277398989072,6452.459456534999,91068074.03674196,,,infeasible
3,invj-4pc-k1,inverse-j,0.04,+/-20%,14,14723.13287878688,7742.95134262,93282699.63748439,,,infeasible
3,invj-4pc-k1,inverse-j,0.04,+/-20%,15,17667.759454544255,14858.679457690716,96074515.51387517,93787280.3566561,2287235.157219067,suboptimal
3,invj-4pc-k2,inverse-j,0.04,NHF,1,16815.77,16815.77,61728019.17276943,61728019.17276943,0.0,optimal
3,invj-4pc-k2,inverse-j,0.04,NHF,2,0.0,0.0,59078755.89956734,59078755.89956734,0.0,optimal
3,invj-4pc-k2,inverse-j,0.04,NHF,3,7660.0,7660.0,63054084.68825172,63054084.68825172,0.0,optimal
3,invj-4pc-k2,inverse-j,0.04,NHF,4,0.0,7660.0,62554352.17690274,60772112.7353984,1782239.4415043443,suboptimal
3,invj-4pc-k2,inverse-j,0.04,NHF,5,0.0,0.0,63662484.516144104,63662484.516144104,0.0,optimal
3,invj-4pc-k2,inverse-j,0.04,NHF,6,0.0,0.0,69305133.31630078,69305133.31630078,0.0,optimal
3,invj-4pc-k2,inverse-j,0.04,NHF,7,26060.0,26060.0,82270909.99352455,82270909.99352455,0.0,optimal
3,invj-4pc-k2,inverse-j,0.04,NHF,8,22240.0,22240.0,72536019.72869813,72536019.72869813,0.0,optimal
3,invj-4pc-k2,inverse-j,0.04,NHF,9,19233.333333333332,7660.0,60068453.98008136,,,infeasible
3,invj-4pc-k2,inverse-j,0.04,NHF,10,0.0,7660.0,61838245.98700414,59455656.16830982,2382589.818694316,suboptimal
3,invj-4pc-k2,inverse-j,0.04,NHF,11,0.0,0.0,60965618.66341916,60965618.66341916,0.0,optimal
3,invj-4pc-k2,inverse-j,0.04,NHF,12,0.0,0.0,65454717.60658359,65454717.60658359,0.0,optimal
3,invj-4pc-k2,inverse-j,0.04,NHF,13,0.0,15320.0,74637482.60824135,69872302.97085272,4765179.637388632,suboptimal
3,invj-4pc-k2,inverse-j,0.04,NHF,14,0.0,0.0,68916193.07490718,68916193.07490718,0.0,optimal
3,invj-4pc-k2,inverse-j,0.04,NHF,15,54520.0,29900.0,82986514.89499441,,,infeasible
3,invj-4pc-k2,inverse-j,0.04,NDY,1,5605.668699778628,5605.668699778628,53712154.140276134,53712154.140276134,0.0,optimal
3,invj-4pc-k2,inverse-j,0.04,NDY,2,5605.668699778627,5605.668699979543,56297521.43098192,56297521.43098192,0.0,optimal
3,invj-4pc-k2,inverse-j,0.04,NDY,3,5605.668699778628,5605.668699590128,58594134.11173378,58594134.11173377,7.450580596923828e-09,optimal
3,invj-4pc-k2,inverse-j,0.04,NDY,4,5605.668699778628,5605.6686988080355,60771790.12291118,60771790.12291118,0.0,optimal
3,invj-4pc-k2,inverse-j,0.04,NDY,5,5605.668699778629,5605.668699184855,62537175.17616311,62537175.176163115,-7.450580596923828e-09,optimal
3,invj-4pc-k2,inverse-j,0.04,NDY,6,5605.66869977863,5605.6687031950005,64803372.21368659,64803372.213686585,7.450580596923828e-09,optimal
3,invj-4pc-k2,inverse-j,0.04,NDY,7,7159.999999999998,9302.866260380004,67420117.31898688,66455765.57263665,964351.7463502288,suboptimal
3,invj-4pc-k2,inverse-j,0.04,NDY,8,7160.0,9035.205336416822,66774255.52194194,65731564.5790077,1042690.9429342374,suboptimal
3,invj-4pc-k2,inverse-j,0.04,NDY,9,7160.000000000002,9009.502351462721,66991853.05724748,66013850.924055286,978002.1331921965,suboptimal
3,invj-4pc-k2,inverse-j,0.04,NDY,10,7160.0,8868.882537501166,65710704.53802094,64843196.90241923,867507.6356017068,suboptimal
3,invj-4pc-k2,inverse-j,0.04,NDY,11,7160.000000000001,8942.124781401135,65978288.472853184,65040973.00370225,937315.4691509306,suboptimal
3,invj-4pc-k2,inverse-j,0.04,NDY,12,7159.999999999998,8998.49875721057,66378469.73312104,65459464.48493973,919005.2481813058,suboptimal
3,invj-4pc-k2,inverse-j,0.04,NDY,13,7159.999999999996,8998.498758660222,66451972.96950421,65711334.035022125,740638.9344820827,suboptimal
3,invj-4pc-k2,inverse-j,0.04,NDY,14,7159.999999999997,8693.66903514854,67161957.41554756,66494199.64458611,667757.770961456,suboptimal
3,invj-4pc-k2,inverse-j,0.04,NDY,15,40254.28329967572,9213.399389255097,67841570.07792078,,,infeasible
3,invj-4pc-k2,inverse-j,0.04,-10%,1,7086.912804822973,7086.912804822973,55872394.263544485,55872394.263544485,0.0,optimal
3,invj-4pc-k2,inverse-j,0.04,-10%,2,6378.221524340673,6378.221524413217,57874987.639279336,57874987.63927934,-7.450580596923828e-09,optimal
3,invj-4pc-k2,inverse-j,0.04,-10%,3,5740.399371906605,5740.399372659771,59078445.79086674,59078445.79086674,0.0,optimal
3,invj-4pc-k2,inverse-j,0.04,-10%,4,5166.359434715946,5166.359436144379,60936073.63649143,60936073.63649143,0.0,optimal
3,invj-4pc-k2,inverse-j,0.04,-10%,5,4649.723491244351,4649.723494307845,62994958.783386596,62994958.783386596,0.0,optimal
3,invj-4pc-k2,inverse-j,0.04,-10%,6,4184.751142119915,4184.7511465925,66563008.601031944,66563008.60103195,-7.450580596923828e-09,optimal
3,invj-4pc-k2,inverse-j,0.04,-10%,7,10740.0,10740.0,70954252.71641985,70954252.71641985,0.0,optimal
3,invj-4pc-k2,inverse-j,0.04,-10%,8,9666.0,12120.968631435411,69965499.8950768,68742927.0879755,1222572.8071012944,suboptimal
3,invj-4pc-k2,inverse-j,0.04,-10%,9,8699.399999999998,10926.887317559256,69041910.54215917,68167724.9178672,874185.6242919713,suboptimal
3,invj-4pc-k2,inverse-j,0.04,-10%,10,7829.460000000001,9841.163646637619,66031976.46373498,65331082.607252255,700893.8564827219,suboptimal
3,invj-4pc-k2,inverse-j,0.04,-10%,11,7046.513999999999,8818.72685713317,65348531.50239724,64858710.88534318,489820.6170540601,suboptimal
3,invj-4pc-k2,inverse-j,0.04,-10%,12,6341.8626,7936.854172600142,65786153.4758106,65396772.178354114,389381.297456488,suboptimal
3,invj-4pc-k2,inverse-j,0.04,-10%,13,5707.676340000001,7143.168754365,66150514.39350943,65793467.24388563,357047.1496238038,suboptimal
3,invj-4pc-k2,inverse-j,0.04,-10%,14,5136.908706000001,6441.579687359999,68172703.87895177,67608788.92674544,563914.9522063285,suboptimal
3,invj-4pc-k2,inverse-j,0.04,-10%,15,41014.28368020521,12598.42224637177,71724895.67334707,,,infeasible
3,invj-4pc-k2,inverse-j,0.04,-20%,1,8887.096075500582,8887.096075500582,57727043.895340025,57727043.895340025,0.0,optimal
3,invj-4pc-k2,inverse-j,0.04,-20%,2,7109.676860400466,7109.676861541297,59196785.083283775,59196785.083283775,0.0,optimal
3,invj-4pc-k2,inverse-j,0.04,-20%,3,5687.741488320374,5687.741489063437,59516944.88711376,59516944.88711376,0.0,optimal
3,invj-4pc-k2,inverse-j,0.04,-20%,4,4550.193190656298,4550.193189579225,60798499.56575312,60798499.56575312,0.0,optimal
3,invj-4pc-k2,inverse-j,0.04,-20%,5,3640.154552525038,3640.1545500424345,63412628.2148976,63412628.2148976,0.0,optimal
3,invj-4pc-k2,inverse-j,0.04,-20%,6,2912.123642020035,2912.1236434725,67614785.45878024,67614785.45878024,0.0,optimal
3,invj-4pc-k2,inverse-j,0.04,-20%,7,14555.685662243039,14555.68565842,74414090.57943311,74414090.57943311,0.0,optimal
3,invj-4pc-k2,inverse-j,0.04,-20%,8,11644.548529794432,14734.281514201608,71847513.08441268,70393509.67344412,1454003.410968557,suboptimal
3,invj-4pc-k2,inverse-j,0.04,-20%,9,9315.638823835547,12007.391034222484,68379905.50673637,67422090.31125635,957815.1954800189,suboptimal
3,invj-4pc-k2,inverse-j,0.04,-20%,10,7452.511059068435,9609.007191332148,63947695.15310903,63340199.36934315,607495.7837658823,suboptimal
3,invj-4pc-k2,inverse-j,0.04,-20%,11,5962.008847254749,7687.205751798203,63849855.71022746,63457489.98389256,392365.72633489966,suboptimal
3,invj-4pc-k2,inverse-j,0.04,-20%,12,4769.607077803798,6149.764600017833,64484625.3085195,64176577.40559282,308047.902926676,suboptimal
3,invj-4pc-k2,inverse-j,0.04,-20%,13,3815.6856622430387,4919.81167666,65656679.19613435,65381680.83474705,274998.3613872975,suboptimal
3,invj-4pc-k2,inverse-j,0.04,-20%,14,3052.5485297944315,4667.99569656,69253132.18227775,68533959.68649563,719172.495782122,suboptimal
3,invj-4pc-k2,inverse-j,0.04,-20%,15,45821.22951585013,16770.08018939064,76217078.92800751,,,infeasible
3,invj-4pc-k2,inverse-j,0.04,+/-10%,1,6463.883885143901,6463.883885143901,52030679.079071656,52030679.079071656,0.0,optimal
3,invj-4pc-k2,inverse-j,0.04,+/-10%,2,5817.495496629509,5814.95973693966,53692356.44402796,53692356.44402795,7.450580596923828e-09,optimal
3,invj-4pc-k2,inverse-j,0.04,+/-10%,3,5235.745946966557,6537.424440788515,56370745.82816729,56303700.25746672,67045.57070057094,suboptimal
3,invj-4pc-k2,inverse-j,0.04,+/-10%,4,5171.036735113918,6545.657679346584,58088205.308692865,57992235.451703034,95969.85698983073,suboptimal
3,invj-4pc-k2,inverse-j,0.04,+/-10%,5,5688.14040862531,6135.48934567167,58516739.360234454,58458217.515646525,58521.84458792955,suboptimal
3,invj-4pc-k2,inverse-j,0.04,+/-10%,6,6256.954449487848,6749.038282755,58265729.18311291,58155337.00391266,110392.17920025438,suboptimal
3,invj-4pc-k2,inverse-j,0.04,+/-10%,7,6882.649894436629,11029.75952324,69282009.82220177,65794371.62975817,3487638.192443602,suboptimal
3,invj-4pc-k2,inverse-j,0.04,+/-10%,8,7570.914883880293,12076.986595935701,68316961.22386895,65537737.18392558,2779224.0399433747,suboptimal
3,invj-4pc-k2,inverse-j,0.04,+/-10%,9,8328.006372268323,10987.375437552644,66019164.04589722,64869028.11820565,1150135.9276915714,suboptimal
3,invj-4pc-k2,inverse-j,0.04,+/-10%,10,9160.807009495154,9715.729502412822,64231415.964223556,64053626.80602145,177789.15820210427,suboptimal
3,invj-4pc-k2,inverse-j,0.04,+/-10%,11,10076.887710444673,8741.764219448462,63412867.25338195,,,infeasible
3,invj-4pc-k2,inverse-j,0.04,+/-10%,12,11084.576481489143,7797.119114516379,63924125.063335985,,,infeasible
3,invj-4pc-k2,inverse-j,0.04,+/-10%,13,12193.034129638054,7017.407201013271,64001690.27268619,,,infeasible
3,invj-4pc-k2,inverse-j,0.04,+/-10%,14,13412.337542601854,7719.147926666667,65574442.14133139,,,infeasible
3,invj-4pc-k2,inverse-j,0.04,+/-10%,15,14753.571296862043,12413.44909769787,69019853.4777642,,,infeasible
3,invj-4pc-k2,inverse-j,0.04,+/-20%,1,8083.2449999165665,8083.2449999165665,53512003.78106841,53512003.78106841,0.0,optimal
3,invj-4pc-k2,inverse-j,0.04,+/-20%,2,6466.595999933256,5862.178545134828,54275387.77387867,54264734.97927356,10652.794605113566,suboptimal
3,invj-4pc-k2,inverse-j,0.04,+/-20%,3,5173.276799946609,6338.452678887252,57095989.05662744,57056586.90996993,39402.14665750414,suboptimal
3,invj-4pc-k2,inverse-j,0.04,+/-20%,4,4156.804114217435,6063.930970619069,58232402.556820445,58180361.99963498,52040.55718546361,suboptimal
3,invj-4pc-k2,inverse-j,0.04,+/-20%,5,4988.164937060924,4956.0185041645045,58775258.613366194,58775258.61336614,5.21540641784668e-08,optimal
3,invj-4pc-k2,inverse-j,0.04,+/-20%,6,5985.797924473097,6790.543593247499,59979081.783650674,59828195.499247216,150886.28440345824,suboptimal
3,invj-4pc-k2,inverse-j,0.04,+/-20%,7,7182.95750936773,11694.509084059999,71076350.8289161,67642613.39748453,3433737.4314315766,suboptimal
3,invj-4pc-k2,inverse-j,0.04,+/-20%,8,8619.549011241277,14703.975727210003,70699632.9658979,67395516.46731402,3304116.498583883,suboptimal
3,invj-4pc-k2,inverse-j,0.04,+/-20%,9,9060.507620945944,11834.987722044665,66327406.628676236,65357027.06131688,970379.5673593581,suboptimal
3,invj-4pc-k2,inverse-j,0.04,+/-20%,10,7248.406096756752,9629.990490258086,63215464.76903743,62568927.8908654,646536.8781720325,suboptimal
3,invj-4pc-k2,inverse-j,0.04,+/-20%,11,8698.087316108102,7688.274132491687,62538276.16989428,,,infeasible
3,invj-4pc-k2,inverse-j,0.04,+/-20%,12,10437.704779329724,5480.855978839829,63083574.191320956,,,infeasible
3,invj-4pc-k2,inverse-j,0.04,+/-20%,13,12525.245735195665,6577.027171295,64886383.70344854,,,infeasible
3,invj-4pc-k2,inverse-j,0.04,+/-20%,14,15030.294882234808,8220.101835039999,67233910.49704833,,,infeasible
3,invj-4pc-k2,inverse-j,0.04,+/-20%,15,18036.353858681767,13545.995879816664,70668700.38424389,,,infeasible
4,linear-4pc-0pc,linear,0.04,NHF,1,29464.9955,29464.9955,36327001.86390612,36327001.86390612,0.0,optimal
4,linear-4pc-0pc,linear,0.04,NHF,2,0.0,0.0,24006801.497496802,24006801.497496802,0.0,optimal
4,linear-4pc-0pc,linear,0.04,NHF,3,7660.0,7660.0,31299316.859561622,31299316.859561622,0.0,optimal
4,linear-4pc-0pc,linear,0.04,NHF,4,7660.0,7660.0,33122801.146954708,33122801.146954708,0.0,optimal
4,linear-4pc-0pc,linear,0.04,NHF,5,3830.0,3830.0,36321338.625014976,36321338.625014976,0.0,optimal
4,linear-4pc-0pc,linear,0.04,NHF,6,0.0,0.0,43154452.89594868,43154452.89594868,0.0,optimal
4,linear-4pc-0pc,linear,0.04,NHF,7,24520.0,24520.0,58516947.00167005,58516947.00167005,0.0,optimal
4,linear-4pc-0pc,linear,0.04,NHF,8,25115.0,25115.0,52730313.33704317,52730313.33704317,0.0,optimal
4,linear-4pc-0pc,linear,0.04,NHF,9,18400.0,18400.0,38405476.14043425,38405476.14043425,0.0,optimal
4,linear-4pc-0pc,linear,0.04,NHF,10,0.0,7660.0,29590941.11538894,27408411.678125765,2182529.437263176,suboptimal
4,linear-4pc-0pc,linear,0.04,NHF,11,0.0,3830.0,31188906.562493496,30097641.843861908,1091264.718631588,suboptimal
4,linear-4pc-0pc,linear,0.04,NHF,12,0.0,0.0,35783524.14306624,35783524.14306624,0.0,optimal
4,linear-4pc-0pc,linear,0.04,NHF,13,0.0,19150.0,47645159.9527459,42188836.35958796,5456323.59315794,suboptimal
4,linear-4pc-0pc,linear,0.04,NHF,14,0.0,0.0,41836377.13590401,41836377.13590401,0.0,optimal
4,linear-4pc-0pc,linear,0.04,NHF,15,65585.83333333333,27405.0,57749622.58631325,,,infeasible
4,linear-4pc-0pc,linear,0.04,NDY,1,8408.764827191791,8408.764827191791,28231030.601695057,28231030.601695057,0.0,optimal
4,linear-4pc-0pc,linear,0.04,NDY,2,8408.764827191788,8408.764827173392,29869135.5829165,29869135.5829165,0.0,optimal
4,linear-4pc-0pc,linear,0.04,NDY,3,8408.764827191777,8408.76482797274,31340624.385363318,31340624.385363318,0.0,optimal
4,linear-4pc-0pc,linear,0.04,NDY,4,8408.76482719178,8408.76482715529,33224481.56483697,33224481.56483697,0.0,optimal
4,linear-4pc-0pc,linear,0.04,NDY,5,8408.764827191779,8408.7648276107,35502038.57213592,35502038.57213592,0.0,optimal
4,linear-4pc-0pc,linear,0.04,NDY,6,8408.76482719179,8408.764830057502,37618837.509007044,37618837.509007044,0.0,optimal
4,linear-4pc-0pc,linear,0.04,NDY,7,10039.149882277972,10039.14988238,40014963.10242765,40014963.10242765,0.0,optimal
4,linear-4pc-0pc,linear,0.04,NDY,8,11509.403653839781,11967.467861213108,42247953.444664925,42053372.6478915,194580.79677342623,suboptimal
4,linear-4pc-0pc,linear,0.04,NDY,9,11509.40365383978,11698.21990317903,41533772.124223605,41493242.942858264,40529.18136534095,suboptimal
4,linear-4pc-0pc,linear,0.04,NDY,10,11509.40365383978,11672.774405543405,40047671.48990438,40017011.28430027,30660.20560411364,suboptimal
4,linear-4pc-0pc,linear,0.04,NDY,11,11509.40365383978,11696.231560666285,39990823.7849292,39956815.77427127,34008.010657928884,suboptimal
4,linear-4pc-0pc,linear,0.04,NDY,12,11509.40365383978,11701.51219805524,40448184.19848318,40397774.45690228,50409.74158089608,suboptimal
4,linear-4pc-0pc,linear,0.04,NDY,13,11509.403653839783,11718.946466942478,40374247.51241497,40314644.066610865,59603.44580410421,suboptimal
4,linear-4pc-0pc,linear,0.04,NDY,14,11509.403653839778,11735.141748196012,40880392.90534059,40810278.69760916,70114.20773143321,suboptimal
4,linear-4pc-0pc,linear,0.04,NDY,15,26738.710268270523,11736.260227107203,41985197.67140501,,,infeasible
4,linear-4pc-0pc,linear,0.04,-10%,1,10651.974822128792,10651.974822128792,29853658.238980576,29853658.238980573,3.725290298461914e-09,optimal
4,linear-4pc-0pc,linear,0.04,-10%,2,9586.777339915858,9657.844438945061,30203958.27599949,30203958.27599949,0.0,optimal
4,linear-4pc-0pc,linear,0.04,-10%,3,8628.099605924266,8692.059995104157,31138178.11998603,31138178.11998603,0.0,optimal
4,linear-4pc-0pc,linear,0.04,-10%,4,7765.289645331839,7822.853996405177,32315558.710870285,32315558.710870285,0.0,optimal
4,linear-4pc-0pc,linear,0.04,-10%,5,6988.760680798656,7040.568595564333,35096780.18864125,35096780.18864125,0.0,optimal
4,linear-4pc-0pc,linear,0.04,-10%,6,6289.884612718791,6336.511737307501,38389366.23388958,38389366.23388958,0.0,optimal
4,linear-4pc-0pc,linear,0.04,-10%,7,10017.013164460754,10017.013164119999,43560569.39762381,43560569.39762381,0.0,optimal
4,linear-4pc-0pc,linear,0.04,-10%,8,15350.358784206066,16342.794779919604,47564969.71478017,47065387.350318804,499582.36446136236,suboptimal
4,linear-4pc-0pc,linear,0.04,-10%,9,13815.322905785457,14572.760268926755,43982207.97431484,43723472.04040991,258735.93390493095,suboptimal
4,linear-4pc-0pc,linear,0.04,-10%,10,12433.790615206912,13067.610976052203,40096844.702391595,39946642.6577199,150202.04467169195,suboptimal
4,linear-4pc-0pc,linear,0.04,-10%,11,11190.41155368622,11843.630907627983,38886803.95499465,38677876.71418855,208927.2408060953,suboptimal
4,linear-4pc-0pc,linear,0.04,-10%,12,10071.3703983176,10659.267817541848,38380831.40345366,38232060.120888665,148771.28256499767,suboptimal
4,linear-4pc-0pc,linear,0.04,-10%,13,9064.233358485839,9593.341029899999,38891509.292948425,38810783.97154366,80725.32140476257,suboptimal
4,linear-4pc-0pc,linear,0.04,-10%,14,8157.810022637237,8685.23119838,41057171.81206095,40944428.3384504,112743.47361055017,suboptimal
4,linear-4pc-0pc,linear,0.04,-10%,15,31182.11116613832,14436.146273800001,45485090.0492404,,,infeasible
4,linear-4pc-0pc,linear,0.04,-20%,1,13428.22256572847,13428.22256572847,31646445.111148402,31646445.111148406,-3.725290298461914e-09,optimal
4,linear-4pc-0pc,linear,0.04,-20%,2,10742.578052582778,10763.624500555015,30336640.366881453,30336640.366881453,0.0,optimal
4,linear-4pc-0pc,linear,0.04,-20%,3,8594.062442066226,8610.899601748217,30301986.203426354,30301986.203426354,0.0,optimal
4,linear-4pc-0pc,linear,0.04,-20%,4,6875.249953652987,6888.71968140238,31697772.23685134,31697772.23685134,0.0,optimal
4,linear-4pc-0pc,linear,0.04,-20%,5,5500.199962922387,5510.975746779019,34884965.40080484,34884965.40080483,7.450580596923828e-09,optimal
4,linear-4pc-0pc,linear,0.04,-20%,6,4400.1599703379125,4408.780596785001,39620018.861903414,39620018.861903414,0.0,optimal
4,linear-4pc-0pc,linear,0.04,-20%,7,12031.57543804552,12031.575438880001,47787378.337278575,47787378.33727858,-7.450580596923828e-09,optimal
4,linear-4pc-0pc,linear,0.04,-20%,8,19287.69504657148,20520.899638415944,51645918.71375533,51142338.71878179,503579.9949735403,suboptimal
4,linear-4pc-0pc,linear,0.04,-20%,9,15430.156037257182,16416.71970910702,42694622.40628307,42360555.1228263,334067.28345677257,suboptimal
4,linear-4pc-0pc,linear,0.04,-20%,10,12344.124829805744,13133.375767120027,37780978.24911146,37540184.61765843,240793.6314530298,suboptimal
4,linear-4pc-0pc,linear,0.04,-20%,11,9875.299863844595,10506.700615569265,35746086.66282694,35603770.10594306,142316.556883879,suboptimal
4,linear-4pc-0pc,linear,0.04,-20%,12,7900.239891075678,8405.3604923,35487030.28388043,35392429.043468714,94601.24041171372,suboptimal
4,linear-4pc-0pc,linear,0.04,-20%,13,6320.191912860542,6724.288390195002,37525758.11086909,37442080.50916652,83677.60170257092,suboptimal
4,linear-4pc-0pc,linear,0.04,-20%,14,5056.153530288434,5882.94082806,42040272.48941375,41749884.138718374,290388.3506953791,suboptimal
4,linear-4pc-0pc,linear,0.04,-20%,15,36062.58275962585,18325.141097266664,50613082.61201826,,,infeasible
4,linear-4pc-0pc,linear,0.04,+/-10%,1,10356.906120539805,10356.906120539805,28669150.48111988,28669150.48111988,0.0,optimal
4,linear-4pc-0pc,linear,0.04,+/-10%,2,9321.215508485826,9430.365327771131,28493237.192158017,28492382.341358148,854.850799869746,suboptimal
4,linear-4pc-0pc,linear,0.04,+/-10%,3,8389.093957637242,8331.646681854161,29230710.458533272,29230710.45853328,-7.450580596923828e-09,optimal
4,linear-4pc-0pc,linear,0.04,+/-10%,4,7550.18456187352,7498.482012237231,30585648.11803689,30585648.118036877,1.1175870895385742e-08,optimal
4,linear-4pc-0pc,linear,0.04,+/-10%,5,7025.124563423634,7025.1245655643015,32719153.329992924,32719153.32999342,-4.954636096954346e-07,optimal
4,linear-4pc-0pc,linear,0.04,+/-10%,6,7727.637019765996,7727.637022815001,35143489.43895254,35143489.438953646,-1.1026859283447266e-06,optimal
4,linear-4pc-0pc,linear,0.04,+/-10%,7,8500.400721742593,8500.40072532,37359577.97851333,37359577.97851323,9.685754776000977e-08,optimal
4,linear-4pc-0pc,linear,0.04,+/-10%,8,9350.440793916856,16234.771613772195,47128590.25064127,40383493.50585629,6745096.744784981,suboptimal
4,linear-4pc-0pc,linear,0.04,+/-10%,9,10285.484873308538,14547.277037390762,42695209.3545897,40119231.315618806,2575978.038970895,suboptimal
4,linear-4pc-0pc,linear,0.04,+/-10%,10,11314.033360639405,12945.627372289056,39266137.69186553,38804832.164891906,461305.5269736275,suboptimal
4,linear-4pc-0pc,linear,0.04,+/-10%,11,12445.436696703324,11373.15344490144,37835910.964375414,,,infeasible
4,linear-4pc-0pc,linear,0.04,+/-10%,12,13689.98036637366,10234.951785265528,37561784.74645248,,,infeasible
4,linear-4pc-0pc,linear,0.04,+/-10%,13,15058.978403011028,9211.456607011522,38241361.48999273,,,infeasible
4,linear-4pc-0pc,linear,0.04,+/-10%,14,16564.876243312123,10132.602263540834,40300962.01264899,,,infeasible
4,linear-4pc-0pc,linear,0.04,+/-10%,15,18221.363867643337,13675.626653494754,44275117.69404813,,,infeasible
4,linear-4pc-0pc,linear,0.04,+/-20%,1,12969.493271249527,12969.493271249527,29861137.27245287,29861137.27245287,0.0,optimal
4,linear-4pc-0pc,linear,0.04,+/-20%,2,10375.594616999617,10140.331827492899,28037123.75127447,28016714.369994942,20409.38127952814,suboptimal
4,linear-4pc-0pc,linear,0.04,+/-20%,3,8300.475693599703,6960.824481259707,28109018.579239592,27973642.723494604,135375.85574498773,suboptimal
4,linear-4pc-0pc,linear,0.04,+/-20%,4,6640.380554879757,5568.659585819657,30720414.57130189,30563715.570780996,156699.00052089244,suboptimal
4,linear-4pc-0pc,linear,0.04,+/-20%,5,5312.304443903806,6682.391503732898,34632327.80379633,31224593.487152394,3407734.3166439347,suboptimal
4,linear-4pc-0pc,linear,0.04,+/-20%,6,6374.765332684569,8018.869800307501,38097030.49020135,34599145.736805215,3497884.753396131,suboptimal
4,linear-4pc-0pc,linear,0.04,+/-20%,7,7649.718399221481,11276.94015192,43744504.095180936,37912663.85880598,5831840.236374959,suboptimal
4,linear-4pc-0pc,linear,0.04,+/-20%,8,9179.662079065778,19897.153149776004,49167210.597639665,41120246.66408289,8046963.933556773,suboptimal
4,linear-4pc-0pc,linear,0.04,+/-20%,9,11015.594494878935,15540.466900191128,40002957.972824395,38357707.32322729,1645250.6495971084,suboptimal
4,linear-4pc-0pc,linear,0.04,+/-20%,10,12959.909884125113,12324.59156904882,35606978.64519773,35162576.62950515,444402.01569257677,suboptimal
4,linear-4pc-0pc,linear,0.04,+/-20%,11,10367.927907300094,8634.882285349562,33067116.367142357,32518447.356581155,548669.0105612017,suboptimal
4,linear-4pc-0pc,linear,0.04,+/-20%,12,12441.51348876011,6495.057537690644,34278076.09435749,,,infeasible
4,linear-4pc-0pc,linear,0.04,+/-20%,13,14929.816186512107,7794.0690461366685,37869104.79185835,,,infeasible
4,linear-4pc-0pc,linear,0.04,+/-20%,14,17915.779423814514,9352.882856981667,41138248.499745764,,,infeasible
4,linear-4pc-0pc,linear,0.04,+/-20%,15,21498.93530857745,17164.888771888887,49046790.37787401,,,infeasible
4,linear-6pc-0pc,linear,0.06,NHF,1,29464.9955,29464.9955,21452445.336494137,21452445.336494137,0.0,optimal
4,linear-6pc-0pc,linear,0.06,NHF,2,0.0,0.0,9942420.035864813,9942420.035864813,0.0,optimal
4,linear-6pc-0pc,linear,0.06,NHF,3,7660.0,7660.0,15126189.937625807,15126189.937625807,0.0,optimal
4,linear-6pc-0pc,linear,0.06,NHF,4,7660.0,7660.0,16215613.86306144,16215613.86306144,0.0,optimal
4,linear-6pc-0pc,linear,0.06,NHF,5,3830.0,3830.0,17595831.455822073,17595831.455822073,0.0,optimal
4,linear-6pc-0pc,linear,0.06,NHF,6,0.0,0.0,23027476.86932754,23027476.86932754,0.0,optimal
4,linear-6pc-0pc,linear,0.06,NHF,7,24520.0,24520.0,37473336.24093829,37473336.24093829,0.0,optimal
4,linear-6pc-0pc,linear,0.06,NHF,8,25115.0,25115.0,33826740.02605438,33826740.02605438,0.0,optimal
4,linear-6pc-0pc,linear,0.06,NHF,9,18400.0,18400.0,22473424.045043353,22473424.045043353,0.0,optimal
4,linear-6pc-0pc,linear,0.06,NHF,10,7660.0,7660.0,14543767.56705797,14543767.56705797,0.0,optimal
4,linear-6pc-0pc,linear,0.06,NHF,11,0.0,3830.0,14258293.199224968,13107962.489425365,1150330.7097996026,suboptimal
4,linear-6pc-0pc,linear,0.06,NHF,12,0.0,0.0,17416101.637814626,17416101.637814626,0.0,optimal
4,linear-6pc-0pc,linear,0.06,NHF,13,0.0,19150.0,27629788.140389066,21878134.591391053,5751653.548998013,suboptimal
4,linear-6pc-0pc,linear,0.06,NHF,14,0.0,0.0,22633212.788993012,22633212.788993012,0.0,optimal
4,linear-6pc-0pc,linear,0.06,NHF,15,54012.5,27405.0,37172800.940880604,,,infeasible
4,linear-6pc-0pc,linear,0.06,NDY,1,8408.76482719178,8408.76482719178,14307948.021244928,14307948.021244938,-9.313225746154785e-09,optimal
4,linear-6pc-0pc,linear,0.06,NDY,2,8408.764827191782,8408.764827986219,15174074.259898935,15174074.259898935,0.0,optimal
4,linear-6pc-0pc,linear,0.06,NDY,3,8408.764827191784,8408.764826714145,15896643.088467693,15896643.088467695,-1.862645149230957e-09,optimal
4,linear-6pc-0pc,linear,0.06,NDY,4,8408.764827191786,8408.764826632923,17133834.35676351,17133834.35676351,0.0,optimal
4,linear-6pc-0pc,linear,0.06,NDY,5,8408.764827191782,8408.76482731452,18523524.7554506,18523524.7554506,0.0,optimal
4,linear-6pc-0pc,linear,0.06,NDY,6,8408.764827191784,8408.764830057502,19802200.713285003,19802200.713285003,0.0,optimal
4,linear-6pc-0pc,linear,0.06,NDY,7,9895.794740010333,9895.794736520002,21876082.212397523,21876082.21239752,3.725290298461914e-09,optimal
4,linear-6pc-0pc,linear,0.06,NDY,8,11647.864023464273,11482.90810546763,23733451.326256435,23680225.214141198,53226.11211523786,suboptimal
4,linear-6pc-0pc,linear,0.06,NDY,9,11647.864023464273,11482.908105236456,22992796.059489507,,,infeasible
4,linear-6pc-0pc,linear,0.06,NDY,10,11647.864023464275,11482.908104608317,22135148.359080046,,,infeasible
4,linear-6pc-0pc,linear,0.06,NDY,11,11647.864023464277,11482.90810414857,22082868.921423215,,,infeasible
4,linear-6pc-0pc,linear,0.06,NDY,12,11647.864023464275,11484.397720470482,22156038.88339504,,,infeasible
4,linear-6pc-0pc,linear,0.06,NDY,13,11647.864023464279,11484.397718185244,22522228.40992074,,,infeasible
4,linear-6pc-0pc,linear,0.06,NDY,14,11647.864023464277,11484.3977155175,23008846.35820809,,,infeasible
4,linear-6pc-0pc,linear,0.06,NDY,15,25689.386810403157,11750.619163825713,24108665.55324089,,,infeasible
4,linear-6pc-0pc,linear,0.06,-10%,1,10713.824872236493,10713.824872236493,15702945.522330368,15702945.522330366,1.862645149230957e-09,optimal
4,linear-6pc-0pc,linear,0.06,-10%,2,9642.442385012837,9642.44238464046,15247441.093176266,15247441.093176266,0.0,optimal
4,linear-6pc-0pc,linear,0.06,-10%,3,8678.198146511555,8678.198147405164,15521901.872146621,15521901.872146621,0.0,optimal
4,linear-6pc-0pc,linear,0.06,-10%,4,7810.378331860402,7810.378332591177,16227336.393932328,16227336.393932328,0.0,optimal
4,linear-6pc-0pc,linear,0.06,-10%,5,7029.340498674361,7029.340501299187,17523287.467721764,17523287.46772176,3.725290298461914e-09,optimal
4,linear-6pc-0pc,linear,0.06,-10%,6,6326.406448806925,6326.406453785,19574171.2284397,19574171.2284397,0.0,optimal
4,linear-6pc-0pc,linear,0.06,-10%,7,8855.550535558627,8855.550535620001,23816003.702716738,23816003.702716738,0.0,optimal
4,linear-6pc-0pc,linear,0.06,-10%,8,15177.991647213992,16162.388811772125,28370058.644784145,27896550.839591496,473507.80519264936,suboptimal
4,linear-6pc-0pc,linear,0.06,-10%,9,13660.19248249259,14505.97344679841,25311552.22466518,24968095.723411463,343456.50125371665,suboptimal
4,linear-6pc-0pc,linear,0.06,-10%,10,12294.173234243332,13055.376102047188,22639184.919969246,22355880.611622598,283304.30834664777,suboptimal
4,linear-6pc-0pc,linear,0.06,-10%,11,11064.755910818996,11749.83849486,21324604.2399702,21102489.54520647,222114.6947637312,suboptimal
4,linear-6pc-0pc,linear,0.06,-10%,12,9958.28031973711,10574.854641358921,20563437.784668714,20406514.010587253,156923.77408146113,suboptimal
4,linear-6pc-0pc,linear,0.06,-10%,13,8962.452287763395,9517.369179157726,20763311.75438978,20649379.874827504,113931.87956227735,suboptimal
4,linear-6pc-0pc,linear,0.06,-10%,14,8066.207058987055,8565.632263445,22236222.70256687,22090311.87226553,145910.83030134067,suboptimal
4,linear-6pc-0pc,linear,0.06,-10%,15,32203.9271477578,13747.695725557895,26200251.707076263,,,infeasible
4,linear-6pc-0pc,linear,0.06,-20%,1,13447.083523070072,13447.083523070072,17179642.083394,17179642.083394,0.0,optimal
4,linear-6pc-0pc,linear,0.06,-20%,2,10757.666818456059,10757.66681818167,15527435.317290604,15527435.317290604,0.0,optimal
4,linear-6pc-0pc,linear,0.06,-20%,3,8606.133454764846,8606.133453689603,15024436.256656503,15024436.256656503,0.0,optimal
4,linear-6pc-0pc,linear,0.06,-20%,4,6884.906763811876,6884.906762664309,15545941.98615707,15545941.98615707,0.0,optimal
4,linear-6pc-0pc,linear,0.06,-20%,5,5507.925411049504,5507.925411472644,17161638.25053187,17161638.25053187,0.0,optimal
4,linear-6pc-0pc,linear,0.06,-20%,6,4406.340328839604,4406.340329192501,20584316.082023762,20584316.082023762,0.0,optimal
4,linear-6pc-0pc,linear,0.06,-20%,7,12062.602765350992,12062.60276678,27896402.220753234,27896402.220753238,-3.725290298461914e-09,optimal
4,linear-6pc-0pc,linear,0.06,-20%,8,20205.973354481575,20344.051721215237,31782267.40501643,31782267.405016433,-3.725290298461914e-09,optimal
4,linear-6pc-0pc,linear,0.06,-20%,9,16164.778683585255,16275.241376776667,24913414.936969697,24913414.936969697,0.0,optimal
4,linear-6pc-0pc,linear,0.06,-20%,10,12931.822946868208,13020.193100771448,21229792.67183994,21229792.67183994,0.0,optimal
4,linear-6pc-0pc,linear,0.06,-20%,11,10345.458357494566,10416.154482286174,19036500.467289016,19036500.467289016,0.0,optimal
4,linear-6pc-0pc,linear,0.06,-20%,12,8276.36668599565,8332.923586390534,18182905.259173375,18182905.25917338,-3.725290298461914e-09,optimal
4,linear-6pc-0pc,linear,0.06,-20%,13,6621.093348796521,6666.338866203703,19227254.078064196,19227254.078064196,0.0,optimal
4,linear-6pc-0pc,linear,0.06,-20%,14,5296.874679037218,5333.071095666667,22838798.629288062,22838798.629288062,0.0,optimal
4,linear-6pc-0pc,linear,0.06,-20%,15,30322.920268457237,18785.914690122227,31113774.516224273,,,infeasible
4,linear-6pc-0pc,linear,0.06,+/-10%,1,10483.84631187303,10483.84631187303,15168168.673816703,15168168.673816718,-1.4901161193847656e-08,optimal
4,linear-6pc-0pc,linear,0.06,+/-10%,2,9435.461680685727,9527.781443081549,14611572.611953039,14611572.611953113,-7.450580596923828e-08,optimal
4,linear-6pc-0pc,linear,0.06,+/-10%,3,8491.91551261716,8457.849181523903,14640851.204438092,14640851.204438094,-1.862645149230957e-09,optimal
4,linear-6pc-0pc,linear,0.06,+/-10%,4,7642.723961355459,7612.064264061182,15202355.396515444,15202355.396515438,5.587935447692871e-09,optimal
4,linear-6pc-0pc,linear,0.06,+/-10%,5,6878.451565219909,6850.857834413321,16136617.723589586,16136617.723589584,1.862645149230957e-09,optimal
4,linear-6pc-0pc,linear,0.06,+/-10%,6,7397.853706064795,7397.8537035975005,17693750.551796004,17693750.551796,3.725290298461914e-09,optimal
4,linear-6pc-0pc,linear,0.06,+/-10%,7,8137.639076671267,8137.63907344,19477361.492487565,19477361.492487565,0.0,optimal
4,linear-6pc-0pc,linear,0.06,+/-10%,8,8951.402984338394,15360.709904519725,27392214.985570587,21769642.307166338,5622572.678404249,suboptimal
4,linear-6pc-0pc,linear,0.06,+/-10%,9,9846.543282772234,13824.638915056103,23478925.66176367,21164936.22847246,2313989.4332912117,suboptimal
4,linear-6pc-0pc,linear,0.06,+/-10%,10,10831.197611049458,12442.175023506765,21453860.636419304,20900057.010484003,553803.6259353012,suboptimal
4,linear-6pc-0pc,linear,0.06,+/-10%,11,11914.31737215444,10844.160169644532,19791207.582818765,,,infeasible
4,linear-6pc-0pc,linear,0.06,+/-10%,12,13105.749109369834,9668.74357092231,19367981.647094637,,,infeasible
4,linear-6pc-0pc,linear,0.06,+/-10%,13,14416.324020306834,8701.869215348823,19892168.06240288,,,infeasible
4,linear-6pc-0pc,linear,0.06,+/-10%,14,15857.95642233759,9572.056142163332,21688050.32381683,,,infeasible
4,linear-6pc-0pc,linear,0.06,+/-10%,15,17443.752064571258,13540.009482200006,26205927.247706696,,,infeasible
4,linear-6pc-0pc,linear,0.06,+/-20%,1,13395.857981719275,13395.857981719275,16401058.821110435,16401058.821110439,-3.725290298461914e-09,optimal
4,linear-6pc-0pc,linear,0.06,+/-20%,2,10716.6863853754,10716.686384546674,14185291.531135757,14185291.531135762,-5.587935447692871e-09,optimal
4,linear-6pc-0pc,linear,0.06,+/-20%,3,8573.349108300337,8573.349107870758,13230043.259280132,13230043.259280132,0.0,optimal
4,linear-6pc-0pc,linear,0.06,+/-20%,4,6858.679286640265,6858.679287709492,12820473.11232782,12820473.112327833,-1.30385160446167e-08,optimal
4,linear-6pc-0pc,linear,0.06,+/-20%,5,5486.943429312201,4361.633623519184,13014611.815446824,12975528.39676209,39083.41868473403,suboptimal
4,linear-6pc-0pc,linear,0.06,+/-20%,6,4617.470342582669,5233.960349470638,15238320.344456395,14037521.734632256,1200798.6098241396,suboptimal
4,linear-6pc-0pc,linear,0.06,+/-20%,7,5540.964411099192,6280.7524195000005,17764246.09449716,16437772.452723343,1326473.6417738162,suboptimal
4,linear-6pc-0pc,linear,0.06,+/-20%,8,6649.157293319031,21138.649431322654,32525835.913540468,19254082.922113672,13271752.991426796,suboptimal
4,linear-6pc-0pc,linear,0.06,+/-20%,9,7978.988751982823,16910.919546420737,25378002.13135643,19588105.82200414,5789896.30935229,suboptimal
4,linear-6pc-0pc,linear,0.06,+/-20%,10,9574.786502379406,13528.735635895275,21083343.854189515,19659887.79379353,1423456.0603959858,suboptimal
4,linear-6pc-0pc,linear,0.06,+/-20%,11,11489.743802855271,10443.146557980781,18270638.818622276,,,infeasible
4,linear-6pc-0pc,linear,0.06,+/-20%,12,13787.692563426332,8316.844888910658,17297200.611564096,,,infeasible
4,linear-6pc-0pc,linear,0.06,+/-20%,13,16545.231076111595,6653.475912354859,17834589.968713928,,,infeasible
4,linear-6pc-0pc,linear,0.06,+/-20%,14,19854.27729133393,7984.171089346666,20513992.317463,,,infeasible
4,linear-6pc-0pc,linear,0.06,+/-20%,15,23825.1327496007,15947.03065952222,28321410.91793779,,,infeasible
4,invj-4pc-k1,inverse-j,0.04,NHF,1,21019.7125,21019.7125,107081570.2117425,107081570.2117425,0.0,optimal
4,invj-4pc-k1,inverse-j,0.04,NHF,2,0.0,8445.283,105394539.88445733,105127080.63811083,267459.2463465035,suboptimal
4,invj-4pc-k1,inverse-j,0.04,NHF,3,7660.0,7660.0,104894144.31415598,104894144.31415598,0.0,optimal
4,invj-4pc-k1,inverse-j,0.04,NHF,4,0.0,7660.0,111266679.5657944,110263611.81442845,1003067.7513659447,suboptimal
4,invj-4pc-k1,inverse-j,0.04,NHF,5,12275.283,3830.0,116646167.77497032,,,infeasible
4,invj-4pc-k1,inverse-j,0.04,NHF,6,0.0,0.0,119268820.87698957,119268820.87698957,0.0,optimal
4,invj-4pc-k1,inverse-j,0.04,NHF,7,24520.0,24520.0,130166572.9066732,130166572.9066732,0.0,optimal
4,invj-4pc-k1,inverse-j,0.04,NHF,8,25115.0,25115.0,122650878.85846877,122650878.85846877,0.0,optimal
4,invj-4pc-k1,inverse-j,0.04,NHF,9,19233.333333333332,7660.0,107713328.98871809,,,infeasible
4,invj-4pc-k1,inverse-j,0.04,NHF,10,0.0,18400.0,113266950.25305395,109987881.4164473,3279068.8366066515,suboptimal
4,invj-4pc-k1,inverse-j,0.04,NHF,11,0.0,3830.0,107079154.00147401,106277444.93719605,801709.0642779619,suboptimal
4,invj-4pc-k1,inverse-j,0.04,NHF,12,0.0,0.0,115928038.3696489,115928038.3696489,0.0,optimal
4,invj-4pc-k1,inverse-j,0.04,NHF,13,10740.0,19150.0,125712686.57693921,123974757.15733759,1737929.4196016192,suboptimal
4,invj-4pc-k1,inverse-j,0.04,NHF,14,0.0,0.0,117369711.45684318,117369711.45684318,0.0,optimal
4,invj-4pc-k1,inverse-j,0.04,NHF,15,61672.5,27405.0,130308981.02345328,,,infeasible
4,invj-4pc-k1,inverse-j,0.04,NDY,1,8408.764827191782,8408.764827191782,99262856.4119494,99262856.4119494,0.0,optimal
4,invj-4pc-k1,inverse-j,0.04,NDY,2,8408.764827191786,8408.764827203318,103977925.61943893,103977925.61943893,0.0,optimal
4,invj-4pc-k1,inverse-j,0.04,NDY,3,8408.764827191784,8354.997384130635,105805853.31415382,105805853.31415382,0.0,optimal
4,invj-4pc-k1,inverse-j,0.04,NDY,4,8408.764827191784,8427.440665912884,107450824.80045407,107450824.80045407,0.0,optimal
4,invj-4pc-k1,inverse-j,0.04,NDY,5,8408.764827191782,8427.440663987898,110986579.27244547,110986579.27244547,0.0,optimal
4,invj-4pc-k1,inverse-j,0.04,NDY,6,8408.764827191784,8427.440663155001,114272769.06778495,114272769.06778495,0.0,optimal
4,invj-4pc-k1,inverse-j,0.04,NDY,7,8408.764827191782,8924.35598772,115292675.39277013,115136830.94155616,155844.45121397078,suboptimal
4,invj-4pc-k1,inverse-j,0.04,NDY,8,8408.764827191782,11637.879522658117,116888728.06330922,115551509.56428221,1337218.4990270138,suboptimal
4,invj-4pc-k1,inverse-j,0.04,NDY,9,8408.764827191782,11622.773895860008,116276394.84354474,114971391.62461698,1305003.218927756,suboptimal
4,invj-4pc-k1,inverse-j,0.04,NDY,10,8408.764827191782,11515.821474987777,114567413.93794978,113480792.5754693,1086621.3624804765,suboptimal
4,invj-4pc-k1,inverse-j,0.04,NDY,11,8408.764827191782,11170.52239119785,114813467.60364957,113713759.55248329,1099708.051166281,suboptimal
4,invj-4pc-k1,inverse-j,0.04,NDY,12,8408.764827191784,11234.745230944796,116060115.64575592,115010258.0021142,1049857.6436417103,suboptimal
4,invj-4pc-k1,inverse-j,0.04,NDY,13,8408.764827191782,10570.971608358139,116549235.4570909,115783589.77063997,765645.6864509284,suboptimal
4,invj-4pc-k1,inverse-j,0.04,NDY,14,8408.764827191782,10846.06366189432,116262034.0861661,115408610.02595222,853424.0602138788,suboptimal
4,invj-4pc-k1,inverse-j,0.04,NDY,15,52835.47594930731,11427.843654460585,117692706.6381013,,,infeasible
4,invj-4pc-k1,inverse-j,0.04,-10%,1,10628.123006885238,10628.123006885238,101501891.92652765,101501891.92652765,0.0,optimal
4,invj-4pc-k1,inverse-j,0.04,-10%,2,9565.310706196717,9609.928714298338,105838872.81888501,105838872.81888501,0.0,optimal
4,invj-4pc-k1,inverse-j,0.04,-10%,3,8608.779635577044,8700.630115335021,106591136.3755993,106590608.4200846,527.9555146992207,suboptimal
4,invj-4pc-k1,inverse-j,0.04,-10%,4,7747.9016720193395,7847.049236288786,108049017.88581586,108047934.23898898,1083.64682687819,suboptimal
4,invj-4pc-k1,inverse-j,0.04,-10%,5,6973.111504817406,7062.344311408296,113401326.7164322,113400250.1992189,1076.5172132998705,suboptimal
4,invj-4pc-k1,inverse-j,0.04,-10%,6,6275.800354335665,6356.109881052501,117561318.75475584,117558493.06701276,2825.6877430826426,suboptimal
4,invj-4pc-k1,inverse-j,0.04,-10%,7,11715.481107320034,11715.48110374,121428008.55068834,121428008.55068834,0.0,optimal
4,invj-4pc-k1,inverse-j,0.04,-10%,8,10543.932996588032,16051.282693691417,122168696.63900578,120087212.67246722,2081483.9665385634,suboptimal
4,invj-4pc-k1,inverse-j,0.04,-10%,9,9489.53969692923,14227.083064396644,118883154.67877038,117762472.41578573,1120682.2629846483,suboptimal
4,invj-4pc-k1,inverse-j,0.04,-10%,10,8540.585727236305,12736.42479445222,113224137.52263978,112300878.2343307,923259.2883090824,suboptimal
4,invj-4pc-k1,inverse-j,0.04,-10%,11,7686.527154512676,11554.285812488957,111611705.31766215,110825589.82628754,786115.4913746119,suboptimal
4,invj-4pc-k1,inverse-j,0.04,-10%,12,6917.874439061409,10450.260574305963,113531047.8645891,112970261.20920998,560786.6553791165,suboptimal
4,invj-4pc-k1,inverse-j,0.04,-10%,13,6226.086995155266,9405.234519425401,114948258.50057125,114608905.634124,339352.866447255,suboptimal
4,invj-4pc-k1,inverse-j,0.04,-10%,14,5603.478295639739,8464.71106692,117133171.18641698,116610186.82128534,522984.3651316464,suboptimal
4,invj-4pc-k1,inverse-j,0.04,-10%,15,57913.304488031616,14468.877816236161,121641279.65794545,,,infeasible
4,invj-4pc-k1,inverse-j,0.04,-20%,1,13296.573010191009,13296.573010191009,103807865.9185899,103807865.9185899,0.0,optimal
4,invj-4pc-k1,inverse-j,0.04,-20%,2,10637.25840815281,10748.106688601567,107218895.27443361,107218519.80974123,375.4646923840046,suboptimal
4,invj-4pc-k1,inverse-j,0.04,-20%,3,8509.806726522242,8460.639037954648,106649597.79748514,106649597.79748514,0.0,optimal
4,invj-4pc-k1,inverse-j,0.04,-20%,4,6807.845381217793,6885.915887882228,108811713.29593708,108810759.71545595,953.5804811269045,suboptimal
4,invj-4pc-k1,inverse-j,0.04,-20%,5,5446.276304974234,5508.732714468348,113270701.08401024,113269457.55715112,1243.5268591195345,suboptimal
4,invj-4pc-k1,inverse-j,0.04,-20%,6,4357.021043979387,4406.98616898,118566512.53842922,118565004.20401186,1508.3344173580408,suboptimal
4,invj-4pc-k1,inverse-j,0.04,-20%,7,17032.60340548536,17032.603408119998,125521432.84049246,125521432.84049246,0.0,optimal
4,invj-4pc-k1,inverse-j,0.04,-20%,8,13626.082724388285,17958.982937985966,122131372.66478933,121009278.67467183,1122093.9901175052,suboptimal
4,invj-4pc-k1,inverse-j,0.04,-20%,9,10900.866179510627,14509.230662537522,116592900.66392612,115880861.52583046,712039.138095662,suboptimal
4,invj-4pc-k1,inverse-j,0.04,-20%,10,8720.692943608505,11731.800802556127,110624426.06183377,110202885.74175434,421540.32007943094,suboptimal
4,invj-4pc-k1,inverse-j,0.04,-20%,11,6976.554354886804,9385.440641936944,111488572.63560896,111267355.87053752,221216.76507143676,suboptimal
4,invj-4pc-k1,inverse-j,0.04,-20%,12,5581.243483909443,7508.352510645,115012331.96807075,114622825.0777555,389506.89031524956,suboptimal
4,invj-4pc-k1,inverse-j,0.04,-20%,13,4464.994787127555,11201.571579477779,119150449.61388123,117518694.1650368,1631755.4488444328,suboptimal
4,invj-4pc-k1,inverse-j,0.04,-20%,14,4112.378188661661,8961.257266960001,119112623.25397728,118325510.55207105,787112.701906234,suboptimal
4,invj-4pc-k1,inverse-j,0.04,-20%,15,57994.180431207176,17048.85379518889,123288365.10732181,,,infeasible
4,invj-4pc-k1,inverse-j,0.04,+/-10%,1,9861.395029904248,9861.395029904248,96842714.31806178,96842714.31806177,1.4901161193847656e-08,optimal
4,invj-4pc-k1,inverse-j,0.04,+/-10%,2,8875.255526913821,8768.700995843112,99684080.61358419,99683826.52111474,254.09246945381165,suboptimal
4,invj-4pc-k1,inverse-j,0.04,+/-10%,3,7987.72997422242,7651.163886225401,102657899.30297138,102652863.89296347,5035.41000790894,suboptimal
4,invj-4pc-k1,inverse-j,0.04,+/-10%,4,7188.956976800199,7318.861032118944,106756219.97268826,106690144.91666457,66075.05602368712,suboptimal
4,invj-4pc-k1,inverse-j,0.04,+/-10%,5,7734.574598106907,8050.74713531508,110131711.60631223,109890848.73531221,240862.8710000217,suboptimal
4,invj-4pc-k1,inverse-j,0.04,+/-10%,6,8508.032057917597,8855.821847215002,112397013.12734908,112189021.4425529,207991.6847961843,suboptimal
4,invj-4pc-k1,inverse-j,0.04,+/-10%,7,9358.835263709343,11169.12738308,116028795.5410523,115004655.58323927,1024139.9578130245,suboptimal
4,invj-4pc-k1,inverse-j,0.04,+/-10%,8,10294.71879008028,15033.586665470913,116947983.34840831,115427510.27836002,1520473.0700482875,suboptimal
4,invj-4pc-k1,inverse-j,0.04,+/-10%,9,10187.35879563984,13557.821778298778,113104439.85367748,112191508.61369835,912931.239979133,suboptimal
4,invj-4pc-k1,inverse-j,0.04,+/-10%,10,11206.09467520384,12175.371060252559,111128222.39538923,110985887.52508269,142334.87030653656,suboptimal
4,invj-4pc-k1,inverse-j,0.04,+/-10%,11,12326.704142724224,10920.407238299536,110968760.10106875,,,infeasible
4,invj-4pc-k1,inverse-j,0.04,+/-10%,12,13559.374556996652,9895.164174370651,111885160.15625869,,,infeasible
4,invj-4pc-k1,inverse-j,0.04,+/-10%,13,14915.312012696339,9388.542740970453,112943908.51248449,,,infeasible
4,invj-4pc-k1,inverse-j,0.04,+/-10%,14,16406.84321396597,8975.825173913332,113473586.9255647,,,infeasible
4,invj-4pc-k1,inverse-j,0.04,+/-10%,15,18047.527535362544,15574.007624905265,118264310.02301039,,,infeasible
4,invj-4pc-k1,inverse-j,0.04,+/-20%,1,11333.017444147743,11333.017444147743,98911566.90670015,98911566.90670016,-1.4901161193847656e-08,optimal
4,invj-4pc-k1,inverse-j,0.04,+/-20%,2,9066.413955318196,8485.441928398955,101069298.50459568,101058863.08857866,10435.41601702571,suboptimal
4,invj-4pc-k1,inverse-j,0.04,+/-20%,3,7253.13116425456,6613.512863693928,103310153.9627451,103307375.33214134,2778.630603760481,suboptimal
4,invj-4pc-k1,inverse-j,0.04,+/-20%,4,6122.954939080633,8681.042359972154,108493582.3636894,107871668.59194082,621913.7717485726,suboptimal
4,invj-4pc-k1,inverse-j,0.04,+/-20%,5,7347.545926896773,6944.8338890927025,110387288.72937126,110327515.36328433,59773.36608693004,suboptimal
4,invj-4pc-k1,inverse-j,0.04,+/-20%,6,8817.05511227612,8333.8006678575,113290590.89606398,,,infeasible
4,invj-4pc-k1,inverse-j,0.04,+/-20%,7,10580.466134731345,10580.46613426,117246544.33545783,117246544.33545783,0.0,optimal
4,invj-4pc-k1,inverse-j,0.04,+/-20%,8,12696.559361677613,18272.457421995678,120117735.67590739,118919070.22247995,1198665.453427434,suboptimal
4,invj-4pc-k1,inverse-j,0.04,+/-20%,9,10788.178062866711,14980.514598151636,112956724.43054955,112135804.50408518,820919.9264643639,suboptimal
4,invj-4pc-k1,inverse-j,0.04,+/-20%,10,8630.542450293346,12904.684472348516,109049739.61288016,108284340.34298421,765399.269895941,suboptimal
4,invj-4pc-k1,inverse-j,0.04,+/-20%,11,10356.65094035203,10279.597204462965,108671278.11679012,108671278.11679028,-1.6391277313232422e-07,optimal
4,invj-4pc-k1,inverse-j,0.04,+/-20%,12,12427.981128422405,8111.717652692775,110031882.30915877,,,infeasible
4,invj-4pc-k1,inverse-j,0.04,+/-20%,13,14913.577354106883,6746.481595540285,111785721.4878026,,,infeasible
4,invj-4pc-k1,inverse-j,0.04,+/-20%,14,17896.292824928227,8095.777916068334,115158937.80866951,,,infeasible
4,invj-4pc-k1,inverse-j,0.04,+/-20%,15,21475.551389913948,18739.322206822217,121717510.49771361,,,infeasible
4,invj-4pc-k2,inverse-j,0.04,NHF,1,29464.9955,29464.9955,78444955.994227,78444955.994227,0.0,optimal
4,invj-4pc-k2,inverse-j,0.04,NHF,2,0.0,0.0,68765648.06221892,68765648.06221892,0.0,optimal
4,invj-4pc-k2,inverse-j,0.04,NHF,3,7660.0,7660.0,78083717.96980733,78083717.96980733,0.0,optimal
4,invj-4pc-k2,inverse-j,0.04,NHF,4,0.0,7660.0,78336816.77782255,76554577.33631821,1782239.4415043443,suboptimal
4,invj-4pc-k2,inverse-j,0.04,NHF,5,3830.0,3830.0,81786262.77415971,81786262.77415971,0.0,optimal
4,invj-4pc-k2,inverse-j,0.04,NHF,6,0.0,0.0,84926052.70024554,84926052.70024554,0.0,optimal
4,invj-4pc-k2,inverse-j,0.04,NHF,7,24520.0,24520.0,98781567.47741176,98781567.47741176,0.0,optimal
4,invj-4pc-k2,inverse-j,0.04,NHF,8,25115.0,25115.0,93541936.23481518,93541936.23481518,0.0,optimal
4,invj-4pc-k2,inverse-j,0.04,NHF,9,29973.333333333332,18400.0,80200378.49410403,,,infeasible
4,invj-4pc-k2,inverse-j,0.04,NHF,10,0.0,7660.0,73282467.17337993,70899877.3546856,2382589.8186943233,suboptimal
4,invj-4pc-k2,inverse-j,0.04,NHF,11,0.0,3830.0,78874005.62506902,77682710.71572186,1191294.9093471617,suboptimal
4,invj-4pc-k2,inverse-j,0.04,NHF,12,0.0,0.0,81171099.51990075,81171099.51990075,0.0,optimal
4,invj-4pc-k2,inverse-j,0.04,NHF,13,0.0,19150.0,92044509.65250108,86088035.10576528,5956474.546735793,suboptimal
4,invj-4pc-k2,inverse-j,0.04,NHF,14,0.0,0.0,83737144.82905625,83737144.82905625,0.0,optimal
4,invj-4pc-k2,inverse-j,0.04,NHF,15,61672.5,27405.0,99348350.41835798,,,infeasible
4,invj-4pc-k2,inverse-j,0.04,NDY,1,8408.764827191782,8408.764827191782,70139232.6218266,70139232.6218266,0.0,optimal
4,invj-4pc-k2,inverse-j,0.04,NDY,2,8408.764827191782,8408.764827405317,73399464.74986468,73399464.74986468,0.0,optimal
4,invj-4pc-k2,inverse-j,0.04,NDY,3,8408.764827191784,8408.764826958064,74830343.07525069,74830343.07525069,0.0,optimal
4,invj-4pc-k2,inverse-j,0.04,NDY,4,8408.764827191784,8408.764827482664,76149252.20569786,76149252.20569786,0.0,optimal
4,invj-4pc-k2,inverse-j,0.04,NDY,5,8408.764827191786,8408.764827448556,78754765.0910091,78754765.0910091,0.0,optimal
4,invj-4pc-k2,inverse-j,0.04,NDY,6,8408.764827191786,8408.764830057502,81158929.38158506,81158929.38158505,1.4901161193847656e-08,optimal
4,invj-4pc-k2,inverse-j,0.04,NDY,7,8408.764827191786,8408.76482706,82160924.22806679,82160924.22806679,0.0,optimal
4,invj-4pc-k2,inverse-j,0.04,NDY,8,8408.764827191786,11709.715129031345,84953068.13063838,83078586.19742356,1874481.9332148135,suboptimal
4,invj-4pc-k2,inverse-j,0.04,NDY,9,8408.764827191788,11718.412645815983,83924987.14192271,82146387.13021407,1778600.011708647,suboptimal
4,invj-4pc-k2,inverse-j,0.04,NDY,10,8408.764827191786,11522.748206619013,82300918.16026865,80686180.55445069,1614737.6058179587,suboptimal
4,invj-4pc-k2,inverse-j,0.04,NDY,11,8408.764827191786,11213.916910830474,82052556.34033497,80536255.49750116,1516300.842833802,suboptimal
4,invj-4pc-k2,inverse-j,0.04,NDY,12,8408.764827191786,11651.756033748028,82773323.39824633,81162366.08596066,1610957.3122856766,suboptimal
4,invj-4pc-k2,inverse-j,0.04,NDY,13,8408.764827191788,10872.53336218702,82757635.91359678,81678467.75427331,1079168.1593234688,suboptimal
4,invj-4pc-k2,inverse-j,0.04,NDY,14,8408.764827191788,10872.533357976668,83398612.9759411,82325267.23289607,1073345.743045032,suboptimal
4,invj-4pc-k2,inverse-j,0.04,NDY,15,52826.84739926623,11542.399737362233,85477051.62738521,,,infeasible
4,invj-4pc-k2,inverse-j,0.04,-10%,1,10628.12300688524,10628.12300688524,72132491.97717617,72132491.97717617,0.0,optimal
4,invj-4pc-k2,inverse-j,0.04,-10%,2,9565.310706196717,9609.928714298338,74891229.94739625,74891229.94739625,0.0,optimal
4,invj-4pc-k2,inverse-j,0.04,-10%,3,8608.779635577046,8713.478157894715,75356621.97961146,75352267.00833473,4354.971276730299,suboptimal
4,invj-4pc-k2,inverse-j,0.04,-10%,4,7747.9016720193395,7842.1303421093235,76345979.66640975,76341755.59939674,4224.067013010383,suboptimal
4,invj-4pc-k2,inverse-j,0.04,-10%,5,6973.111504817405,7057.9173089713295,80234774.42738895,80231887.55745259,2886.869936361909,suboptimal
4,invj-4pc-k2,inverse-j,0.04,-10%,6,6275.800354335665,6352.1255793225,83573999.88067,83570378.36364774,3621.517022252083,suboptimal
4,invj-4pc-k2,inverse-j,0.04,-10%,7,11715.481107320036,11715.48110374,88109559.6467008,88109559.6467008,0.0,optimal
4,invj-4pc-k2,inverse-j,0.04,-10%,8,10543.932996588032,16058.415613169293,89929619.23949149,87114341.3865734,2815277.8529180884,suboptimal
4,invj-4pc-k2,inverse-j,0.04,-10%,9,9489.53969692923,14298.134130707664,86783462.12092447,84925928.45026155,1857533.6706629246,suboptimal
4,invj-4pc-k2,inverse-j,0.04,-10%,10,8540.585727236306,12848.764864540213,82036014.746837,80411940.6678525,1624074.078984499,suboptimal
4,invj-4pc-k2,inverse-j,0.04,-10%,11,7686.527154512675,11645.438889549117,80715092.18478525,79314344.79445678,1400747.390328467,suboptimal
4,invj-4pc-k2,inverse-j,0.04,-10%,12,6917.874439061407,10503.344443383652,81518049.00109644,80430256.14314951,1087792.8579469323,suboptimal
4,invj-4pc-k2,inverse-j,0.04,-10%,13,6226.086995155267,9453.350594876796,82365252.91015653,81624109.04254194,741143.8676145971,suboptimal
4,invj-4pc-k2,inverse-j,0.04,-10%,14,5603.47829563974,8508.01553237,84053195.24079886,83097321.18912439,955874.0516744703,suboptimal
4,invj-4pc-k2,inverse-j,0.04,-10%,15,57913.304488031616,14408.286795099631,88851163.68346441,,,infeasible
4,invj-4pc-k2,inverse-j,0.04,-20%,1,13296.573010191001,13296.573010191001,74212775.92207357,74212775.92207356,1.4901161193847656e-08,optimal
4,invj-4pc-k2,inverse-j,0.04,-20%,2,10637.258408152804,10748.106688601567,76032548.41004623,76031591.76630715,956.6437390893698,suboptimal
4,invj-4pc-k2,inverse-j,0.04,-20%,3,8509.80672652224,8580.507282280792,75151408.44708459,75151408.44708459,0.0,optimal
4,invj-4pc-k2,inverse-j,0.04,-20%,4,6807.8453812177995,6919.766947674178,76457492.4813391,76446582.92838219,10909.552956908941,suboptimal
4,invj-4pc-k2,inverse-j,0.04,-20%,5,5446.276304974239,5535.8135594246805,80204730.50070548,80197028.10404123,7702.396664246917,suboptimal
4,invj-4pc-k2,inverse-j,0.04,-20%,6,4357.021043979391,4428.6508435775,84689158.46560648,84680332.80012746,8825.665479019284,suboptimal
4,invj-4pc-k2,inverse-j,0.04,-20%,7,17032.60340548535,17032.603408119998,92402657.12410273,92402657.12410273,0.0,optimal
4,invj-4pc-k2,inverse-j,0.04,-20%,8,13626.082724388283,18172.278763154347,90447396.50221145,88729848.65196396,1717547.8502474874,suboptimal
4,invj-4pc-k2,inverse-j,0.04,-20%,9,10900.866179510622,14678.091948576799,84968142.01502158,83674739.17228846,1293402.842733115,suboptimal
4,invj-4pc-k2,inverse-j,0.04,-20%,10,8720.6929436085,11937.549114836034,79651366.0726257,78694751.41685548,956614.6557702124,suboptimal
4,invj-4pc-k2,inverse-j,0.04,-20%,11,6976.5543548868,9550.039291502257,79895142.95478217,79239774.56704113,655368.3877410442,suboptimal
4,invj-4pc-k2,inverse-j,0.04,-20%,12,5581.24348390944,7640.0314304,81599204.93982592,80952658.79324168,646546.1465842426,suboptimal
4,invj-4pc-k2,inverse-j,0.04,-20%,13,4464.994787127552,10810.041344577778,85329586.23400523,83367800.53263184,1961785.7013733834,suboptimal
4,invj-4pc-k2,inverse-j,0.04,-20%,14,4112.378188661665,8648.03307264,85634724.91978735,84378197.4117426,1256527.5080447495,suboptimal
4,invj-4pc-k2,inverse-j,0.04,-20%,15,57994.18043120719,16445.10502769,90704327.75424998,,,infeasible
4,invj-4pc-k2,inverse-j,0.04,+/-10%,1,10188.698979077752,10188.698979077752,68841118.80515565,68841118.80515563,1.4901161193847656e-08,optimal
4,invj-4pc-k2,inverse-j,0.04,+/-10%,2,9169.829081169979,9434.82159744195,70208960.58812535,70200237.22515485,8723.362970501184,suboptimal
4,invj-4pc-k2,inverse-j,0.04,+/-10%,3,8252.84617305298,8223.193790179219,71893100.39097342,71893100.39097342,0.0,optimal
4,invj-4pc-k2,inverse-j,0.04,+/-10%,4,7427.561555747696,7634.007974143869,74481299.13790125,74478512.15881833,2786.9790829122066,suboptimal
4,invj-4pc-k2,inverse-j,0.04,+/-10%,5,7201.68599374165,7094.6141221279795,76987282.14270113,76975642.12844503,11640.014256104827,suboptimal
4,invj-4pc-k2,inverse-j,0.04,+/-10%,6,7921.854593115781,7804.075535260001,79835361.386482,,,infeasible
4,invj-4pc-k2,inverse-j,0.04,+/-10%,7,8714.040052427386,8714.04005564,81870218.18401678,81870218.18401682,-4.470348358154297e-08,optimal
4,invj-4pc-k2,inverse-j,0.04,+/-10%,8,9585.444057670127,16207.79694570281,87993426.88801365,83542374.73848674,4451052.149526909,suboptimal
4,invj-4pc-k2,inverse-j,0.04,+/-10%,9,10543.98846343714,14384.78646914571,83810518.10452747,82019741.07117756,1790777.0333499163,suboptimal
4,invj-4pc-k2,inverse-j,0.04,+/-10%,10,11333.956296201974,12902.467129675217,80417882.29115985,80000196.4549955,417685.8361643553,suboptimal
4,invj-4pc-k2,inverse-j,0.04,+/-10%,11,12467.351925822193,11825.243941626104,79361390.99260473,,,infeasible
4,invj-4pc-k2,inverse-j,0.04,+/-10%,12,13714.087118404366,10759.855058376028,79400567.7267005,,,infeasible
4,invj-4pc-k2,inverse-j,0.04,+/-10%,13,15085.495830244823,9683.86955057076,79343564.52890193,,,infeasible
4,invj-4pc-k2,inverse-j,0.04,+/-10%,14,16594.04541326931,8715.48259598,80340879.68654422,,,infeasible
4,invj-4pc-k2,inverse-j,0.04,+/-10%,15,18253.44995459626,12980.628044310528,84951524.7025394,,,infeasible
4,invj-4pc-k2,inverse-j,0.04,+/-20%,1,11682.69647713491,11682.69647713491,70490557.45803766,70490557.45803763,2.9802322387695312e-08,optimal
4,invj-4pc-k2,inverse-j,0.04,+/-20%,2,9346.157181707938,10091.383367787104,71331450.38960089,71251547.7265806,79902.66302028298,suboptimal
4,invj-4pc-k2,inverse-j,0.04,+/-20%,3,7476.925745366343,8840.241290019154,71838953.90316997,71696320.65510838,142633.24806159735,suboptimal
4,invj-4pc-k2,inverse-j,0.04,+/-20%,4,5981.540596293065,7072.193032352064,74498345.63934489,74409712.18802665,88633.4513182342,suboptimal
4,invj-4pc-k2,inverse-j,0.04,+/-20%,5,7065.0567268492305,5657.754425722043,76757921.85611044,,,infeasible
4,invj-4pc-k2,inverse-j,0.04,+/-20%,6,8478.06807221907,6789.305312325,79905882.92847233,,,infeasible
4,invj-4pc-k2,inverse-j,0.04,+/-20%,7,10173.681686662883,10173.68168872,84926347.63948286,84926347.63948286,0.0,optimal
4,invj-4pc-k2,inverse-j,0.04,+/-20%,8,12208.418023995458,19678.80505137743,90251655.70364128,86975629.85022528,3276025.853415996,suboptimal
4,invj-4pc-k2,inverse-j,0.04,+/-20%,9,10869.744458550671,15676.42459678639,82139579.6164762,80554275.24690837,1585304.3695678264,suboptimal
4,invj-4pc-k2,inverse-j,0.04,+/-20%,10,8695.795566840536,12657.482488074034,77890754.27782367,76511829.29879236,1378924.9790313095,suboptimal
4,invj-4pc-k2,inverse-j,0.04,+/-20%,11,10434.954680208644,10464.821564027421,76896809.98946524,76896809.98946525,-1.4901161193847656e-08,optimal
4,invj-4pc-k2,inverse-j,0.04,+/-20%,12,12521.945616250348,7952.867414184744,77594744.57209545,,,infeasible
4,invj-4pc-k2,inverse-j,0.04,+/-20%,13,15026.334739500453,6592.0903207068195,79384938.70600903,,,infeasible
4,invj-4pc-k2,inverse-j,0.04,+/-20%,14,18031.60168740053,7388.843317788333,81797499.17678341,,,infeasible
4,invj-4pc-k2,inverse-j,0.04,+/-20%,15,21637.922024880634,18284.687489633336,91432028.47623213,,,infeasible
5,linear-4pc-0pc,linear,0.04,NHF,1,8833.409429901822,8833.409429901822,24301845.295123044,24301845.295123044,0.0,optimal
5,linear-4pc-0pc,linear,0.04,NHF,2,0.0,0.0,23104336.436701767,23104336.436701767,0.0,optimal
5,linear-4pc-0pc,linear,0.04,NHF,3,10942.85714614,10942.85714614,29798490.74702403,29798490.74702403,0.0,optimal
5,linear-4pc-0pc,linear,0.04,NHF,4,4377.14285386,4377.14285386,29409758.58044692,29409758.58044692,0.0,optimal
5,linear-4pc-0pc,linear,0.04,NHF,5,2188.57143076,2188.57143076,34416055.156716645,34416055.156716645,0.0,optimal
5,linear-4pc-0pc,linear,0.04,NHF,6,20148.57144106,20148.57144106,43841846.82246744,43841846.82246744,0.0,optimal
5,linear-4pc-0pc,linear,0.04,NHF,7,14462.85713584,14462.85713584,36299283.845879726,36299283.845879726,0.0,optimal
5,linear-4pc-0pc,linear,0.04,NHF,8,11500.0,11500.0,33255615.4879121,33255615.4879121,0.0,optimal
5,linear-4pc-0pc,linear,0.04,NHF,9,10942.85714614,10942.85714614,28750547.766471848,28750547.766471848,0.0,optimal
5,linear-4pc-0pc,linear,0.04,NHF,10,0.0,4377.14285386,25411040.9961862,24163881.318685472,1247159.6775007285,suboptimal
5,linear-4pc-0pc,linear,0.04,NHF,11,0.0,2188.57143076,27883903.031341676,27260323.191500045,623579.8398416303,suboptimal
5,linear-4pc-0pc,linear,0.04,NHF,12,0.0,10942.85714614,34211410.07274555,31093510.875719927,3117899.1970256194,suboptimal
5,linear-4pc-0pc,linear,0.04,NHF,13,0.0,2188.57143076,33505342.95832005,32881763.118478425,623579.8398416266,suboptimal
5,linear-4pc-0pc,linear,0.04,NHF,14,0.0,9205.71429492,42568945.7835985,40009008.7427603,2559937.040838197,suboptimal
5,linear-4pc-0pc,linear,0.04,NHF,15,69831.19048416083,34717.14285122001,48105149.438107766,,,infeasible
5,linear-4pc-0pc,linear,0.04,NDY,1,4416.704714950911,4416.704714950911,20369312.11782656,20369312.11782656,0.0,optimal
5,linear-4pc-0pc,linear,0.04,NDY,2,4416.704714950911,4416.704713405426,22616152.65057264,22616152.65057264,0.0,optimal
5,linear-4pc-0pc,linear,0.04,NDY,3,5957.67900729576,5957.679007295759,25286458.49673608,25286458.49673608,0.0,optimal
5,linear-4pc-0pc,linear,0.04,NDY,4,5957.67900729576,5957.67900914295,27628634.022987083,27628634.02298708,3.725290298461914e-09,optimal
5,linear-4pc-0pc,linear,0.04,NDY,5,5957.679007295759,5957.6790066,30463942.660420444,30463942.660420444,0.0,optimal
5,linear-4pc-0pc,linear,0.04,NDY,6,9528.645928205482,9974.42676734498,33479902.434639577,33247351.226394236,232551.20824534073,suboptimal
5,linear-4pc-0pc,linear,0.04,NDY,7,9528.645928205482,9787.308481585045,32833623.854429506,32738356.192241494,95267.66218801215,suboptimal
5,linear-4pc-0pc,linear,0.04,NDY,8,9528.645928205482,9504.680317954513,33296376.206785347,33296376.206785344,3.725290298461914e-09,optimal
5,linear-4pc-0pc,linear,0.04,NDY,9,9528.64592820548,9264.996337117816,32580117.85129333,32501133.098755296,78984.75253803283,suboptimal
5,linear-4pc-0pc,linear,0.04,NDY,10,9528.64592820548,9186.158848833204,31437372.727448948,30869424.96028786,567947.7671610862,suboptimal
5,linear-4pc-0pc,linear,0.04,NDY,11,9528.64592820548,9156.909291707223,31566015.73071664,30825967.309022397,740048.4216942415,suboptimal
5,linear-4pc-0pc,linear,0.04,NDY,12,9528.645928205482,9156.909291515176,31859286.173480902,31037308.0071409,821978.1663400009,suboptimal
5,linear-4pc-0pc,linear,0.04,NDY,13,9528.645928205482,9156.909294126672,31922612.301168997,31402881.3152032,519730.9859657958,suboptimal
5,linear-4pc-0pc,linear,0.04,NDY,14,9528.645928205482,9156.90929706,32053924.213693526,31580051.74991098,473872.4637825452,suboptimal
5,linear-4pc-0pc,linear,0.04,NDY,15,27472.1765589794,9338.06093409545,32696039.382899944,,,infeasible
5,linear-4pc-0pc,linear,0.04,-10%,1,4649.162857843065,4649.162857843065,21460376.0830516,21460376.0830516,0.0,optimal
5,linear-4pc-0pc,linear,0.04,-10%,2,4184.246572058758,4184.246571814066,23831244.192004442,23831244.192004442,0.0,optimal
5,linear-4pc-0pc,linear,0.04,-10%,3,6572.598745311634,6572.598745311633,27003924.30260013,27003924.30260013,0.0,optimal
5,linear-4pc-0pc,linear,0.04,-10%,4,5915.338870780471,5915.3388693417455,29552071.025178116,29552071.025178112,3.725290298461914e-09,optimal
5,linear-4pc-0pc,linear,0.04,-10%,5,5323.804983702423,5323.804985000001,33090708.062249947,33090708.062249947,0.0,optimal
5,linear-4pc-0pc,linear,0.04,-10%,6,13510.457001805062,14096.325811512375,38210179.648604564,37987478.17825314,222701.4703514278,suboptimal
5,linear-4pc-0pc,linear,0.04,-10%,7,12159.411301624557,12662.149488211635,35118458.02281102,34938826.94439206,179631.0784189552,suboptimal
5,linear-4pc-0pc,linear,0.04,-10%,8,10943.4701714621,11423.543680200484,33188320.15976445,33108460.897000454,79859.26276399568,suboptimal
5,linear-4pc-0pc,linear,0.04,-10%,9,9849.12315431589,9596.060303510094,30044357.40367804,29998685.86111809,45671.542559951544,suboptimal
5,linear-4pc-0pc,linear,0.04,-10%,10,8864.210838884303,8636.454271305516,28112464.986355968,28025744.005899135,86720.9804568328,suboptimal
5,linear-4pc-0pc,linear,0.04,-10%,11,7977.789754995871,6965.60858195244,27430967.51039552,27183880.669370424,247086.84102509543,suboptimal
5,linear-4pc-0pc,linear,0.04,-10%,12,7180.010779496284,6269.047725308771,28210099.113749593,27950567.10488062,259532.0088689737,suboptimal
5,linear-4pc-0pc,linear,0.04,-10%,13,6462.009701546651,5642.142954026667,30207146.72547504,29857907.709250245,349239.0162247941,suboptimal
5,linear-4pc-0pc,linear,0.04,-10%,14,6074.379189952444,6604.960326300001,33538631.0746271,33289578.1275142,249052.947112903,suboptimal
5,linear-4pc-0pc,linear,0.04,-10%,15,35250.81078899825,13364.894502622083,37683488.182793505,,,infeasible
5,linear-4pc-0pc,linear,0.04,-20%,1,4907.449683278789,4907.449683278789,22294835.57955833,22294835.57955833,0.0,optimal
5,linear-4pc-0pc,linear,0.04,-20%,2,3925.9597466230325,3925.9597478236665,24490323.159958337,24490323.159958337,0.0,optimal
5,linear-4pc-0pc,linear,0.04,-20%,3,7273.3882675946925,7273.3882675946925,28111064.623524982,28111064.623524982,0.0,optimal
5,linear-4pc-0pc,linear,0.04,-20%,4,5818.710614075754,5818.710616139267,30281897.322441537,30281897.322441537,0.0,optimal
5,linear-4pc-0pc,linear,0.04,-20%,5,4654.9684912606035,4654.96849156,34361487.9315551,34361487.9315551,0.0,optimal
5,linear-4pc-0pc,linear,0.04,-20%,6,17322.216588250754,17322.216587551757,40951587.64604001,40951587.646040015,-7.450580596923828e-09,optimal
5,linear-4pc-0pc,linear,0.04,-20%,7,13857.773270600603,13857.77326808613,35114313.14360577,35114313.14360577,0.0,optimal
5,linear-4pc-0pc,linear,0.04,-20%,8,11086.21861648048,11086.21861421,31940205.422279518,31940205.42227952,-3.725290298461914e-09,optimal
5,linear-4pc-0pc,linear,0.04,-20%,9,8868.974893184386,8855.66564330022,28849912.728858903,28849912.728858903,0.0,optimal
5,linear-4pc-0pc,linear,0.04,-20%,10,7095.179914547509,7084.532513264513,26968256.701407254,26968256.701407254,0.0,optimal
5,linear-4pc-0pc,linear,0.04,-20%,11,5676.143931638006,5667.62601272,27272312.910236277,27272312.910236277,0.0,optimal
5,linear-4pc-0pc,linear,0.04,-20%,12,4540.915145310406,5388.8832551333335,29411525.29259448,29179147.39916919,232377.89342528954,suboptimal
5,linear-4pc-0pc,linear,0.04,-20%,13,3632.7321162483245,4311.10660666,32943652.383118022,32791705.8727451,151946.51037292182,suboptimal
5,linear-4pc-0pc,linear,0.04,-20%,14,5845.724434748647,12637.153012580002,39323286.76909415,36089388.70365226,3233898.065441884,suboptimal
5,linear-4pc-0pc,linear,0.04,-20%,15,35783.20869368735,16266.525884774188,38824084.96935254,,,infeasible
5,linear-4pc-0pc,linear,0.04,+/-10%,1,4476.985103102395,4476.985103102395,19376303.51327045,19376303.513270453,-3.725290298461914e-09,optimal
5,linear-4pc-0pc,linear,0.04,+/-10%,2,4924.68361341264,4924.6836134126415,21325560.287531663,21325560.287531666,-3.725290298461914e-09,optimal
5,linear-4pc-0pc,linear,0.04,+/-10%,3,5417.151974753903,6765.254578048712,24389613.47024586,24082211.96543028,307401.5048155822,suboptimal
5,linear-4pc-0pc,linear,0.04,+/-10%,4,5958.867172229291,7441.780034553802,25815193.829409264,25259359.2632662,555834.5661430657,suboptimal
5,linear-4pc-0pc,linear,0.04,+/-10%,5,6554.753889452235,8185.958036806705,26299665.301307213,25017377.460808933,1282287.8404982798,suboptimal
5,linear-4pc-0pc,linear,0.04,+/-10%,6,7210.22927839745,13528.107762035153,37481873.3365881,30672763.861893993,6809109.474694107,suboptimal
5,linear-4pc-0pc,linear,0.04,+/-10%,7,7931.252206237199,12226.89930804324,34720496.136211626,31211929.760058526,3508566.3761531003,suboptimal
5,linear-4pc-0pc,linear,0.04,+/-10%,8,8724.377426860916,10984.103546085991,32912459.84693278,31714819.493018866,1197640.3539139144,suboptimal
5,linear-4pc-0pc,linear,0.04,+/-10%,9,9579.275949716419,9843.835151958014,30037268.08964094,29975196.769540012,62071.32010092959,suboptimal
5,linear-4pc-0pc,linear,0.04,+/-10%,10,8621.348354744781,8848.477488804165,27871737.113397576,27839717.36895653,32019.74444104731,suboptimal
5,linear-4pc-0pc,linear,0.04,+/-10%,11,9483.483190219278,7217.345834521794,27097824.524513226,,,infeasible
5,linear-4pc-0pc,linear,0.04,+/-10%,12,10431.831509241192,6306.056348235755,27707873.420795284,,,infeasible
5,linear-4pc-0pc,linear,0.04,+/-10%,13,11475.014660165321,6936.661988315001,29502925.489721343,,,infeasible
5,linear-4pc-0pc,linear,0.04,+/-10%,14,12622.51612618185,9101.29718034,31509713.923930302,,,infeasible
5,linear-4pc-0pc,linear,0.04,+/-10%,15,13884.767738800037,14388.855215237367,37444833.717743576,37293072.000155136,151761.71758843958,suboptimal
5,linear-4pc-0pc,linear,0.04,+/-20%,1,4715.978070771559,4715.978070771559,20100558.857347704,20100558.857347712,-7.450580596923828e-09,optimal
5,linear-4pc-0pc,linear,0.04,+/-20%,2,4117.4313591302625,4117.431358990242,22215351.44236996,22215351.442360025,9.935349225997925e-06,optimal
5,linear-4pc-0pc,linear,0.04,+/-20%,3,4940.9176309562945,5621.107974763399,25402594.91770537,25268683.986978788,133910.93072658032,suboptimal
5,linear-4pc-0pc,linear,0.04,+/-20%,4,5929.101157147578,7914.551982650566,28252035.54575871,27891454.70323334,360580.8425253704,suboptimal
5,linear-4pc-0pc,linear,0.04,+/-20%,5,7114.921388577124,9497.46238196,29302909.740699526,28096727.786412425,1206181.9542871006,suboptimal
5,linear-4pc-0pc,linear,0.04,+/-20%,6,8537.905666292532,17147.413208258196,40486230.09937875,34254033.37933287,6232196.7200458795,suboptimal
5,linear-4pc-0pc,linear,0.04,+/-20%,7,10245.486799550974,13717.93056685,34668707.138064735,33364019.23276691,1304687.9052978233,suboptimal
5,linear-4pc-0pc,linear,0.04,+/-20%,8,10560.783608886064,10974.344453590002,31054127.009965844,30963776.393374536,90350.61659130827,suboptimal
5,linear-4pc-0pc,linear,0.04,+/-20%,9,8448.626887108774,8966.977809477448,27384293.14725346,27296948.24170309,87344.90555037186,suboptimal
5,linear-4pc-0pc,linear,0.04,+/-20%,10,6758.901509687037,6355.458198362101,25305127.948641907,25284748.997179575,20378.95146233216,suboptimal
5,linear-4pc-0pc,linear,0.04,+/-20%,11,7921.763361491533,4928.225272200352,26275039.2026849,,,infeasible
5,linear-4pc-0pc,linear,0.04,+/-20%,12,9506.116033789822,5913.870328644319,28991931.004630387,,,infeasible
5,linear-4pc-0pc,linear,0.04,+/-20%,13,11407.339240547724,7096.6443929175,31678541.934267823,,,infeasible
5,linear-4pc-0pc,linear,0.04,+/-20%,14,13688.807088657384,11394.285725680002,37232328.47739349,,,infeasible
5,linear-4pc-0pc,linear,0.04,+/-20%,15,16426.568506388758,16292.297800827868,38055001.58525892,38055001.58525892,0.0,optimal
5,linear-6pc-0pc,linear,0.06,NHF,1,8833.409429901822,8833.409429901822,11868767.841717793,11868767.841717793,0.0,optimal
5,linear-6pc-0pc,linear,0.06,NHF,2,0.0,0.0,10245967.198392898,10245967.198392898,0.0,optimal
5,linear-6pc-0pc,linear,0.06,NHF,3,10942.85714614,10942.85714614,15739053.204206562,15739053.204206562,0.0,optimal
5,linear-6pc-0pc,linear,0.06,NHF,4,4377.14285386,4377.14285386,14741980.367414473,14741980.367414473,0.0,optimal
5,linear-6pc-0pc,linear,0.06,NHF,5,2188.57143076,2188.57143076,18700652.468377423,18700652.468377423,0.0,optimal
5,linear-6pc-0pc,linear,0.06,NHF,6,20148.57144106,20148.57144106,27793700.109844062,27793700.109844062,0.0,optimal
5,linear-6pc-0pc,linear,0.06,NHF,7,14462.85713584,14462.85713584,22224749.889912505,22224749.889912505,0.0,optimal
5,linear-6pc-0pc,linear,0.06,NHF,8,11500.0,11500.0,19484607.214866485,19484607.214866485,0.0,optimal
5,linear-6pc-0pc,linear,0.06,NHF,9,10942.85714614,10942.85714614,15481310.641909568,15481310.641909568,0.0,optimal
5,linear-6pc-0pc,linear,0.06,NHF,10,4377.14285386,4377.14285386,12069904.343490077,12069904.343490077,0.0,optimal
5,linear-6pc-0pc,linear,0.06,NHF,11,0.0,2188.57143076,13632961.138527846,12975629.303699313,657331.8348285332,suboptimal
5,linear-6pc-0pc,linear,0.06,NHF,12,0.0,10942.85714614,18919321.94830926,15632662.776467254,3286659.171842007,suboptimal
5,linear-6pc-0pc,linear,0.06,NHF,13,0.0,2188.57143076,17840004.441618886,17182672.606790353,657331.8348285332,suboptimal
5,linear-6pc-0pc,linear,0.06,NHF,14,0.0,9205.71429492,26310678.018293936,23501234.37585293,2809443.6424410045,suboptimal
5,linear-6pc-0pc,linear,0.06,NHF,15,63217.85715578751,34717.14285122001,32812240.96678768,,,infeasible
5,linear-6pc-0pc,linear,0.06,NDY,1,4416.704714950911,4416.704714950911,9607091.889522655,9607091.889522655,0.0,optimal
5,linear-6pc-0pc,linear,0.06,NDY,2,4416.704714950911,4416.704713405426,10847382.11896202,10847382.11896202,0.0,optimal
5,linear-6pc-0pc,linear,0.06,NDY,3,5957.67900729576,5957.679007295762,12603148.807259679,12603148.807259679,0.0,optimal
5,linear-6pc-0pc,linear,0.06,NDY,4,5957.67900729576,5957.67900914295,14196433.195288155,14196433.195288157,-1.862645149230957e-09,optimal
5,linear-6pc-0pc,linear,0.06,NDY,5,5957.679007295759,5957.6790066,16362268.172657628,16362268.172657628,0.0,optimal
5,linear-6pc-0pc,linear,0.06,NDY,6,9674.717602238761,9971.440163863994,19106814.70009392,19027010.401525255,79804.29856866598,suboptimal
5,linear-6pc-0pc,linear,0.06,NDY,7,9674.717602238763,9695.411514066647,18779217.172238976,18779217.17223899,-1.4901161193847656e-08,optimal
5,linear-6pc-0pc,linear,0.06,NDY,8,9674.717602238763,9538.83727562098,18943329.881318025,18924797.252753172,18532.62856485322,suboptimal
5,linear-6pc-0pc,linear,0.06,NDY,9,9674.717602238763,9427.47675646179,18184809.89019026,18121330.68503268,63479.20515757799,suboptimal
5,linear-6pc-0pc,linear,0.06,NDY,10,9674.717602238763,9388.156596684667,17116330.72104304,16707917.816527974,408412.90451506525,suboptimal
5,linear-6pc-0pc,linear,0.06,NDY,11,9674.717602238761,9082.440115732848,16712003.630401423,,,infeasible
5,linear-6pc-0pc,linear,0.06,NDY,12,9674.717602238761,8346.910766163379,16733037.52533974,,,infeasible
5,linear-6pc-0pc,linear,0.06,NDY,13,9674.717602238765,8264.767020053538,17194612.30271743,16291158.270301303,903454.0324161258,suboptimal
5,linear-6pc-0pc,linear,0.06,NDY,14,9674.717602238765,8264.767019233333,18042840.626561936,17484971.629351467,557868.9972104691,suboptimal
5,linear-6pc-0pc,linear,0.06,NDY,15,25353.23924400691,9693.53421980863,19460005.91322757,,,infeasible
5,linear-6pc-0pc,linear,0.06,-10%,1,4649.162857843065,4649.162857843065,10098242.703179058,10098242.703179058,0.0,optimal
5,linear-6pc-0pc,linear,0.06,-10%,2,4184.246572058758,4184.246571814066,11386678.678427342,11386678.678427342,0.0,optimal
5,linear-6pc-0pc,linear,0.06,-10%,3,6572.598745311634,6572.598745311633,13610032.71871448,13610032.71871448,0.0,optimal
5,linear-6pc-0pc,linear,0.06,-10%,4,5915.338870780471,5915.3388693417455,15283083.027580317,15283083.027580317,0.0,optimal
5,linear-6pc-0pc,linear,0.06,-10%,5,5323.804983702424,5323.804985000001,18111105.093373425,18111105.093373425,0.0,optimal
5,linear-6pc-0pc,linear,0.06,-10%,6,13592.459334045467,14096.325811512374,23080005.15203307,22886534.14568697,193471.00634609908,suboptimal
5,linear-6pc-0pc,linear,0.06,-10%,7,12233.213400640918,12686.693230871422,21097423.174381465,20946382.77515824,151040.39922322333,suboptimal
5,linear-6pc-0pc,linear,0.06,-10%,8,11009.892060576829,11418.023908016241,19736005.127768055,19603265.078365088,132740.0494029671,suboptimal
5,linear-6pc-0pc,linear,0.06,-10%,9,9908.902854519145,10276.221516761874,17001874.75912089,16992709.648503494,9165.11061739549,suboptimal
5,linear-6pc-0pc,linear,0.06,-10%,10,8918.012569067228,8246.0848174701,14857740.462477157,14630075.381436031,227665.08104112558,suboptimal
5,linear-6pc-0pc,linear,0.06,-10%,11,8026.211312160507,7415.583864236913,14252060.241849186,13882442.93156097,369617.31028821506,suboptimal
5,linear-6pc-0pc,linear,0.06,-10%,12,7223.590180944456,5763.118879975437,14197275.647179002,13786612.25793102,410663.38924798183,suboptimal
5,linear-6pc-0pc,linear,0.06,-10%,13,6501.23116285001,5186.806992213333,15827686.93654897,15325608.23407828,502078.70247069,suboptimal
5,linear-6pc-0pc,linear,0.06,-10%,14,5851.10804656501,7428.90588966,19250113.07882107,18452838.92916274,797274.1496583298,suboptimal
5,linear-6pc-0pc,linear,0.06,-10%,15,34702.47730116014,13113.588043529224,22543197.21114563,,,infeasible
5,linear-6pc-0pc,linear,0.06,-20%,1,4907.449683278789,4907.449683278789,10506882.521960832,10506882.521960832,0.0,optimal
5,linear-6pc-0pc,linear,0.06,-20%,2,3925.9597466230325,3925.9597478236665,11672263.022808816,11672263.022808816,0.0,optimal
5,linear-6pc-0pc,linear,0.06,-20%,3,7273.3882675946925,8511.111111111111,14370449.052055053,14319039.353801446,51409.69825360738,suboptimal
5,linear-6pc-0pc,linear,0.06,-20%,4,5818.710614075754,5100.207759078368,15097490.545294063,14956786.947615676,140703.59767838754,suboptimal
5,linear-6pc-0pc,linear,0.06,-20%,5,4654.9684912606035,4080.1662093200002,18680446.90144322,18490892.448085595,189554.45335762575,suboptimal
5,linear-6pc-0pc,linear,0.06,-20%,6,17322.21658825075,18012.698414522223,25619344.532509755,25504848.93598289,114495.59652686492,suboptimal
5,linear-6pc-0pc,linear,0.06,-20%,7,13857.773270600603,13456.945923558202,20990480.75533563,20957113.556230415,33367.19910521433,suboptimal
5,linear-6pc-0pc,linear,0.06,-20%,8,11086.218616480484,10765.55674221,18534588.030888353,18459304.983692344,75283.04719600827,suboptimal
5,linear-6pc-0pc,linear,0.06,-20%,9,8868.974893184386,9771.993015127779,15913335.255418072,15769500.995618487,143834.25979958475,suboptimal
5,linear-6pc-0pc,linear,0.06,-20%,10,7095.179914547509,6581.746662556079,13425809.717897007,13357399.444976233,68410.2729207743,suboptimal
5,linear-6pc-0pc,linear,0.06,-20%,11,5676.143931638006,5265.39732776,13560455.155875139,13431263.64423413,129191.51164100878,suboptimal
5,linear-6pc-0pc,linear,0.06,-20%,12,4540.915145310406,5549.802407355556,15274922.067530748,14979227.739802713,295694.3277280349,suboptimal
5,linear-6pc-0pc,linear,0.06,-20%,13,3632.7321162483245,4439.84192248,17860266.923565287,17657184.61402324,203082.30954204872,suboptimal
5,linear-6pc-0pc,linear,0.06,-20%,14,5845.724434748647,12347.498538580003,23729815.836202767,20615971.389243104,3113844.446959663,suboptimal
5,linear-6pc-0pc,linear,0.06,-20%,15,35783.20869368735,16301.42515132079,24457330.023943678,,,infeasible
5,linear-6pc-0pc,linear,0.06,+/-10%,1,6054.14770320048,6054.14770320048,9245320.069483677,9245320.069483679,-1.862645149230957e-09,optimal
5,linear-6pc-0pc,linear,0.06,+/-10%,2,5448.732932880432,4924.683613412648,8725214.772780411,8698098.69899687,27116.0737835411,suboptimal
5,linear-6pc-0pc,linear,0.06,+/-10%,3,5993.606226168476,7220.769709821081,12219716.687307669,12065684.919831712,154031.76747595705,suboptimal
5,linear-6pc-0pc,linear,0.06,+/-10%,4,6592.966848785317,6498.692739020098,12487551.365736952,12474479.128188668,13072.237548284233,suboptimal
5,linear-6pc-0pc,linear,0.06,+/-10%,5,7252.263533663861,7148.562012634386,12830815.978920812,,,infeasible
5,linear-6pc-0pc,linear,0.06,+/-10%,6,7977.489887030242,13950.912358198373,22974863.08750892,17776497.472004183,5198365.615504738,suboptimal
5,linear-6pc-0pc,linear,0.06,+/-10%,7,8775.238875733261,12600.501524032476,21212476.11740546,18548000.737876855,2664475.3795286044,suboptimal
5,linear-6pc-0pc,linear,0.06,+/-10%,8,9652.762763306586,11328.021995166167,19656294.98004252,18907403.07093477,748891.9091077521,suboptimal
5,linear-6pc-0pc,linear,0.06,+/-10%,9,10618.03903963724,10195.219794732693,16623121.189572204,,,infeasible
5,linear-6pc-0pc,linear,0.06,+/-10%,10,9556.235135673529,9175.697816655653,14627249.465305218,,,infeasible
5,linear-6pc-0pc,linear,0.06,+/-10%,11,8600.611622106177,8258.12803450055,13024370.956558114,,,infeasible
5,linear-6pc-0pc,linear,0.06,+/-10%,12,9460.672784316801,7432.315235297499,11222044.077333596,,,infeasible
5,linear-6pc-0pc,linear,0.06,+/-10%,13,10406.74006274847,6682.411507363636,8812399.463351116,,,infeasible
5,linear-6pc-0pc,linear,0.06,+/-10%,14,11447.414069023318,7364.6642821,16981673.57096598,,,infeasible
5,linear-6pc-0pc,linear,0.06,+/-10%,15,12592.155475925652,14452.015792979168,23893939.943869304,22968897.38463728,925042.5592320226,suboptimal
5,linear-6pc-0pc,linear,0.06,+/-20%,1,5528.67086079778,5528.67086079778,9555782.029328162,9555782.029328164,-1.862645149230957e-09,optimal
5,linear-6pc-0pc,linear,0.06,+/-20%,2,4422.936688638225,4439.484131423613,9741183.939756129,9741183.939756127,1.862645149230957e-09,optimal
5,linear-6pc-0pc,linear,0.06,+/-20%,3,5307.5240263658725,7907.152272042118,12844439.306381967,12473389.618280578,371049.6881013885,suboptimal
5,linear-6pc-0pc,linear,0.06,+/-20%,4,6369.028831639036,6325.721816406289,12811105.674401533,12811105.674401527,5.587935447692871e-09,optimal
5,linear-6pc-0pc,linear,0.06,+/-20%,5,7642.834597966854,7590.866176063367,13473339.827865696,13473339.827865697,-1.862645149230957e-09,optimal
5,linear-6pc-0pc,linear,0.06,+/-20%,6,9171.40151756022,17395.482444020367,25461201.100204054,20100517.31014064,5360683.790063415,suboptimal
5,linear-6pc-0pc,linear,0.06,+/-20%,7,11005.68182107226,13916.385954621803,21298291.69270872,20139739.59893533,1158552.093773391,suboptimal
5,linear-6pc-0pc,linear,0.06,+/-20%,8,13206.81818528671,11133.108762769083,18344730.502491016,,,infeasible
5,linear-6pc-0pc,linear,0.06,+/-20%,9,10565.454548229378,8906.487011132274,14914803.546101656,,,infeasible
5,linear-6pc-0pc,linear,0.06,+/-20%,10,8452.363638583498,7125.189610215413,13053760.314051483,,,infeasible
5,linear-6pc-0pc,linear,0.06,+/-20%,11,6831.26891122505,5700.151685866666,12594546.764852464,,,infeasible
5,linear-6pc-0pc,linear,0.06,+/-20%,12,8197.522693470042,6016.352026563638,13245374.305046596,,,infeasible
5,linear-6pc-0pc,linear,0.06,+/-20%,13,9837.027232164051,7219.62242842,13847441.996979948,,,infeasible
5,linear-6pc-0pc,linear,0.06,+/-20%,14,11804.43267859687,11819.424435100002,22886290.66592484,22886290.665924843,-3.725290298461914e-09,optimal
5,linear-6pc-0pc,linear,0.06,+/-20%,15,14165.319214316245,18163.484380892747,25001255.290938187,23599296.621228438,1401958.6697097495,suboptimal
5,invj-4pc-k1,inverse-j,0.04,NHF,1,8833.409429901822,8833.409429901822,89823280.51477784,89823280.51477784,0.0,optimal
5,invj-4pc-k1,inverse-j,0.04,NHF,2,0.0,0.0,87242681.3787941,87242681.3787941,0.0,optimal
5,invj-4pc-k1,inverse-j,0.04,NHF,3,10942.85714614,10942.85714614,91409418.18721442,91409418.18721442,0.0,optimal
5,invj-4pc-k1,inverse-j,0.04,NHF,4,0.0,4377.14285386,90998067.10187098,90424885.53009176,573181.5717792213,suboptimal
5,invj-4pc-k1,inverse-j,0.04,NHF,5,2188.57143076,2188.57143076,94164585.68085805,94164585.68085805,0.0,optimal
5,invj-4pc-k1,inverse-j,0.04,NHF,6,20148.57144106,20148.57144106,100166081.54769504,100166081.54769504,0.0,optimal
5,invj-4pc-k1,inverse-j,0.04,NHF,7,14462.85713584,14462.85713584,91865816.53953573,91865816.53953573,0.0,optimal
5,invj-4pc-k1,inverse-j,0.04,NHF,8,11500.0,11500.0,93151074.9247449,93151074.9247449,0.0,optimal
5,invj-4pc-k1,inverse-j,0.04,NHF,9,17556.190474513332,10942.85714614,92930768.73726855,,,infeasible
5,invj-4pc-k1,inverse-j,0.04,NHF,10,0.0,4377.14285386,89531988.60582907,88615749.67591286,916238.9299162179,suboptimal
5,invj-4pc-k1,inverse-j,0.04,NHF,11,0.0,2188.57143076,90470942.86506198,90012823.39930217,458119.4657598138,suboptimal
5,invj-4pc-k1,inverse-j,0.04,NHF,12,0.0,10942.85714614,95142066.10261756,92851468.77542192,2290597.3271956444,suboptimal
5,invj-4pc-k1,inverse-j,0.04,NHF,13,0.0,2188.57143076,94089940.13764231,93631820.67188251,458119.4657597989,suboptimal
5,invj-4pc-k1,inverse-j,0.04,NHF,14,9205.71429492,9205.71429492,99491706.20733002,99491706.20733002,0.0,optimal
5,invj-4pc-k1,inverse-j,0.04,NHF,15,58389.28571472749,34717.14285122001,102600501.06237534,,,infeasible
5,invj-4pc-k1,inverse-j,0.04,NDY,1,4416.704714950911,4416.704714950911,78207790.76137997,78207790.76137997,0.0,optimal
5,invj-4pc-k1,inverse-j,0.04,NDY,2,4416.704714950911,4416.704713405426,83136417.28065546,83136417.28065546,0.0,optimal
5,invj-4pc-k1,inverse-j,0.04,NDY,3,5957.679007295759,5957.67900729576,86029150.74326487,86029150.74326487,0.0,optimal
5,invj-4pc-k1,inverse-j,0.04,NDY,4,5957.679007295761,5957.67900914295,88056164.62594035,88056164.62594035,0.0,optimal
5,invj-4pc-k1,inverse-j,0.04,NDY,5,5957.679007295759,5957.6790066,90213576.72876061,90213576.72876061,0.0,optimal
5,invj-4pc-k1,inverse-j,0.04,NDY,6,7606.255302053192,8497.296182276983,92639140.35741273,92294245.0477048,344895.3097079247,suboptimal
5,invj-4pc-k1,inverse-j,0.04,NDY,7,7606.255302053192,8807.658236881114,92274656.41240452,91883103.54662,391552.8657845259,suboptimal
5,invj-4pc-k1,inverse-j,0.04,NDY,8,7606.255302053192,8904.17096919366,91595234.44246037,91173106.73648292,422127.7059774548,suboptimal
5,invj-4pc-k1,inverse-j,0.04,NDY,9,7606.255302053191,8722.037817586192,92129641.62907274,91751466.64936255,378174.9797101915,suboptimal
5,invj-4pc-k1,inverse-j,0.04,NDY,10,7606.255302053192,8672.826907910043,91373221.21960635,91010149.92329842,363071.2963079363,suboptimal
5,invj-4pc-k1,inverse-j,0.04,NDY,11,7606.255302053192,8981.08373514507,92304580.94823763,91805547.52172811,499033.42650951445,suboptimal
5,invj-4pc-k1,inverse-j,0.04,NDY,12,7606.255302053191,8900.992680284908,92603977.83281599,92161634.23807584,442343.59474015236,suboptimal
5,invj-4pc-k1,inverse-j,0.04,NDY,13,7606.255302053191,8321.872740026378,92340485.8395966,92173931.3893287,166554.45026789606,suboptimal
5,invj-4pc-k1,inverse-j,0.04,NDY,14,8442.952306225176,8667.891892415466,93016640.58139774,92972518.21745737,44122.36394037306,suboptimal
5,invj-4pc-k1,inverse-j,0.04,NDY,15,37446.00797133508,8987.073719870528,93502685.52425313,,,infeasible
5,invj-4pc-k1,inverse-j,0.04,-10%,1,4649.162857843065,4649.162857843065,80808579.15768008,80808579.15768008,0.0,optimal
5,invj-4pc-k1,inverse-j,0.04,-10%,2,4184.246572058758,4184.246571814066,84786681.37711766,84786681.37711766,0.0,optimal
5,invj-4pc-k1,inverse-j,0.04,-10%,3,6572.598745311635,6572.598745311633,87703224.00217266,87703224.00217266,0.0,optimal
5,invj-4pc-k1,inverse-j,0.04,-10%,4,5915.338870780471,5915.3388693417455,90090672.93327554,90090672.93327554,0.0,optimal
5,invj-4pc-k1,inverse-j,0.04,-10%,5,5323.804983702423,5323.804985000001,93594410.79036371,93594410.79036371,0.0,optimal
5,invj-4pc-k1,inverse-j,0.04,-10%,6,11499.286753870314,12951.488564241548,96669497.95153281,96388350.940545,281147.01098781824,suboptimal
5,invj-4pc-k1,inverse-j,0.04,-10%,7,10349.358078483285,11669.73642597492,92833095.2330271,92541121.00392711,291974.22909998894,suboptimal
5,invj-4pc-k1,inverse-j,0.04,-10%,8,9314.422270634957,10816.774373606357,93255060.27515654,92915758.81406148,339301.4610950649,suboptimal
5,invj-4pc-k1,inverse-j,0.04,-10%,9,8382.98004357146,9767.704485735103,92342740.31181787,92041888.89800411,300851.4138137549,suboptimal
5,invj-4pc-k1,inverse-j,0.04,-10%,10,7544.682039214315,8788.749802678609,90222257.06737034,89940915.97378154,281341.09358879924,suboptimal
5,invj-4pc-k1,inverse-j,0.04,-10%,11,6790.213835292883,7913.89282574098,89610693.72458936,89513378.08071621,97315.64387315512,suboptimal
5,invj-4pc-k1,inverse-j,0.04,-10%,12,6111.192451763598,7122.503544448524,91394824.57412523,91224989.12860689,169835.44551834464,suboptimal
5,invj-4pc-k1,inverse-j,0.04,-10%,13,5500.073206587236,6410.2531932950005,93615159.53578362,93477061.97718246,138097.55860115588,suboptimal
5,invj-4pc-k1,inverse-j,0.04,-10%,14,11394.285725680002,8105.5839967,94922432.84940127,93544181.72192161,1378251.1274796575,suboptimal
5,invj-4pc-k1,inverse-j,0.04,-10%,15,34327.024998352026,12185.818790202371,96001179.08790746,,,infeasible
5,invj-4pc-k1,inverse-j,0.04,-20%,1,4907.449683278789,4907.449683278789,83329476.60411422,83329476.60411422,0.0,optimal
5,invj-4pc-k1,inverse-j,0.04,-20%,2,3925.9597466230325,3925.9597478236665,86181073.65132147,86181073.65132147,0.0,optimal
5,invj-4pc-k1,inverse-j,0.04,-20%,3,7273.3882675946925,7273.388267594693,89003918.92554201,89003918.92554203,-1.4901161193847656e-08,optimal
5,invj-4pc-k1,inverse-j,0.04,-20%,4,5818.710614075755,5818.710616139267,90232482.64016141,90232482.64016141,0.0,optimal
5,invj-4pc-k1,inverse-j,0.04,-20%,5,4654.968491260603,4654.96849156,93833908.71631473,93833908.71631473,0.0,optimal
5,invj-4pc-k1,inverse-j,0.04,-20%,6,15342.85713135,16856.67052197092,98039169.56429611,97782226.84519474,256942.71910136938,suboptimal
5,invj-4pc-k1,inverse-j,0.04,-20%,7,12274.285705080001,13667.862880190754,91228578.43841374,91047123.62773404,181454.81067970395,suboptimal
5,invj-4pc-k1,inverse-j,0.04,-20%,8,9819.428564064001,11243.123035293102,91534545.60356985,91326961.4437404,207584.15982945263,suboptimal
5,invj-4pc-k1,inverse-j,0.04,-20%,9,7855.542851251203,9009.36042207696,90670802.33136036,90440829.57402332,229972.75733703375,suboptimal
5,invj-4pc-k1,inverse-j,0.04,-20%,10,6284.434281000962,7207.488338640854,88894914.30932155,88829545.16309339,65369.146228164434,suboptimal
5,invj-4pc-k1,inverse-j,0.04,-20%,11,5027.547424800772,5765.9906716000005,89102413.51716101,89069726.60597417,32686.91118684411,suboptimal
5,invj-4pc-k1,inverse-j,0.04,-20%,12,4022.0379398406167,6079.365081188889,91209092.35041468,90793586.67262541,415505.6777892709,suboptimal
5,invj-4pc-k1,inverse-j,0.04,-20%,13,3217.6303518724944,4863.492064100001,93996559.82439043,93770678.27491552,225881.5494749099,suboptimal
5,invj-4pc-k1,inverse-j,0.04,-20%,14,11492.85916845093,10485.21260248,97398720.97497879,97011167.27269912,387553.702279672,suboptimal
5,invj-4pc-k1,inverse-j,0.04,-20%,15,40341.79201887312,15098.669807414346,96964368.74674113,,,infeasible
5,invj-4pc-k1,inverse-j,0.04,+/-10%,1,4476.985103102401,4476.985103102401,74336445.61805294,74336445.61805294,0.0,optimal
5,invj-4pc-k1,inverse-j,0.04,+/-10%,2,4924.683613412641,4924.68361341264,79867311.36899866,79867311.36899865,1.4901161193847656e-08,optimal
5,invj-4pc-k1,inverse-j,0.04,+/-10%,3,5417.151974753904,5417.151974753906,84509290.49566634,84509290.49566633,1.4901161193847656e-08,optimal
5,invj-4pc-k1,inverse-j,0.04,+/-10%,4,5958.867172229297,5958.86717109263,86936958.48660327,86936958.48660327,0.0,optimal
5,invj-4pc-k1,inverse-j,0.04,+/-10%,5,6554.753889452229,9781.279539053317,89725957.1168191,89095100.00278565,630857.1140334457,suboptimal
5,invj-4pc-k1,inverse-j,0.04,+/-10%,6,7210.229278397459,12719.57478170285,93001929.292948,90647525.31928995,2354403.97365804,suboptimal
5,invj-4pc-k1,inverse-j,0.04,+/-10%,7,7931.252206237205,10978.867243191722,89263436.10603061,88434990.23984866,828445.8661819547,suboptimal
5,invj-4pc-k1,inverse-j,0.04,+/-10%,8,7506.646291825652,10797.204938088063,89181102.35975154,88126116.81348044,1054985.5462711006,suboptimal
5,invj-4pc-k1,inverse-j,0.04,+/-10%,9,8257.310921008102,9788.129678362242,87910828.06702304,87576714.65322933,334113.41379371285,suboptimal
5,invj-4pc-k1,inverse-j,0.04,+/-10%,10,9083.04201310892,8697.251394385234,87521917.19592293,87350751.97089435,171165.22502857447,suboptimal
5,invj-4pc-k1,inverse-j,0.04,+/-10%,11,9991.346214419824,7737.680890978716,88556485.95419957,,,infeasible
5,invj-4pc-k1,inverse-j,0.04,+/-10%,12,10990.4808358618,6963.912799520249,88918931.63349809,,,infeasible
5,invj-4pc-k1,inverse-j,0.04,+/-10%,13,12089.52891944798,7273.239372159999,90158316.04554147,,,infeasible
5,invj-4pc-k1,inverse-j,0.04,+/-10%,14,13298.481811392798,8000.5633072,91325076.51134925,,,infeasible
5,invj-4pc-k1,inverse-j,0.04,+/-10%,15,14628.329992532064,11797.162401983132,92587363.28015122,89697920.62074488,2889442.659406334,suboptimal
5,invj-4pc-k1,inverse-j,0.04,+/-20%,1,4701.036270570213,4701.036270570213,77137499.72173806,77137499.72173806,0.0,optimal
5,invj-4pc-k1,inverse-j,0.04,+/-20%,2,4132.373159331609,4132.373157670266,82226918.29461129,82226918.29461122,7.450580596923828e-08,optimal
5,invj-4pc-k1,inverse-j,0.04,+/-20%,3,4958.847791197927,4940.917630956318,85977717.03483877,85977717.03483877,0.0,optimal
5,invj-4pc-k1,inverse-j,0.04,+/-20%,4,5950.617349437514,5929.101158441422,89000616.71240833,89000616.71240832,1.4901161193847656e-08,optimal
5,invj-4pc-k1,inverse-j,0.04,+/-20%,5,7140.740819325015,9729.653075469836,91835929.70949072,91515687.97299424,320241.7364964783,suboptimal
5,invj-4pc-k1,inverse-j,0.04,+/-20%,6,8568.888983190018,16532.098957041428,94951185.23013695,92837197.78312077,2113987.4470161796,suboptimal
5,invj-4pc-k1,inverse-j,0.04,+/-20%,7,10282.666779828021,13493.513495091884,88204280.69255091,87577556.53198269,626724.1605682224,suboptimal
5,invj-4pc-k1,inverse-j,0.04,+/-20%,8,8226.133423862415,10354.533527790354,86940025.27773602,86561705.06728336,378320.2104526609,suboptimal
5,invj-4pc-k1,inverse-j,0.04,+/-20%,9,6580.906739089939,8240.685345806329,86201631.41380095,85995986.58041936,205644.83338159323,suboptimal
5,invj-4pc-k1,inverse-j,0.04,+/-20%,10,7206.678295072732,6498.412332830948,86788516.38176067,86784220.79462563,4295.5871350467205,suboptimal
5,invj-4pc-k1,inverse-j,0.04,+/-20%,11,8648.013954087266,6527.026748234354,88364902.68993929,87780365.6691608,584537.0207784921,suboptimal
5,invj-4pc-k1,inverse-j,0.04,+/-20%,12,10377.616744904728,5840.980150849999,89215587.88621087,,,infeasible
5,invj-4pc-k1,inverse-j,0.04,+/-20%,13,12453.140093885677,7330.028325357222,91831956.0112485,,,infeasible
5,invj-4pc-k1,inverse-j,0.04,+/-20%,14,14943.768112662827,11394.285725680002,94287045.51587757,,,infeasible
5,invj-4pc-k1,inverse-j,0.04,+/-20%,15,17932.521735195405,14262.96304854307,92963508.9771411,89924683.75856104,3038825.2185800523,suboptimal
5,invj-4pc-k2,inverse-j,0.04,NHF,1,8833.409429901822,8833.409429901822,63150338.19404784,63150338.19404784,0.0,optimal
5,invj-4pc-k2,inverse-j,0.04,NHF,2,0.0,0.0,60377452.26702017,60377452.26702017,0.0,optimal
5,invj-4pc-k2,inverse-j,0.04,NHF,3,10942.85714614,10942.85714614,65317451.43484731,65317451.43484731,0.0,optimal
5,invj-4pc-k2,inverse-j,0.04,NHF,4,0.0,4377.14285386,64167732.39857947,63149309.86134081,1018422.5372386575,suboptimal
5,invj-4pc-k2,inverse-j,0.04,NHF,5,2188.57143076,2188.57143076,67357819.6745935,67357819.6745935,0.0,optimal
5,invj-4pc-k2,inverse-j,0.04,NHF,6,20148.57144106,20148.57144106,75626657.53602876,75626657.53602876,0.0,optimal
5,invj-4pc-k2,inverse-j,0.04,NHF,7,14462.85713584,14462.85713584,68179662.6537868,68179662.6537868,0.0,optimal
5,invj-4pc-k2,inverse-j,0.04,NHF,8,11500.0,11500.0,68230767.0282348,68230767.0282348,0.0,optimal
5,invj-4pc-k2,inverse-j,0.04,NHF,9,17556.190474513332,10942.85714614,66638719.484115265,,,infeasible
5,invj-4pc-k2,inverse-j,0.04,NHF,10,0.0,4377.14285386,62694801.041229285,61333321.145853646,1361479.8953756392,suboptimal
5,invj-4pc-k2,inverse-j,0.04,NHF,11,0.0,2188.57143076,63506010.98833008,62825271.039450966,680739.9488791153,suboptimal
5,invj-4pc-k2,inverse-j,0.04,NHF,12,0.0,10942.85714614,68700008.71777233,65296308.97575934,3403699.7420129925,suboptimal
5,invj-4pc-k2,inverse-j,0.04,NHF,13,0.0,2188.57143076,66942539.16864131,66261799.21976219,680739.9488791153,suboptimal
5,invj-4pc-k2,inverse-j,0.04,NHF,14,9205.71429492,9205.71429492,73979236.50625329,73979236.50625329,0.0,optimal
5,invj-4pc-k2,inverse-j,0.04,NHF,15,58389.28571472749,34717.14285122001,80324919.66316478,,,infeasible
5,invj-4pc-k2,inverse-j,0.04,NDY,1,4416.704714950911,4416.704714950911,54646205.91986884,54646205.91986884,0.0,optimal
5,invj-4pc-k2,inverse-j,0.04,NDY,2,4416.704714950911,4416.704713405426,58176185.955232106,58176185.955232106,0.0,optimal
5,invj-4pc-k2,inverse-j,0.04,NDY,3,5957.679007295759,5957.67900729576,60533807.597406775,60533807.597406775,0.0,optimal
5,invj-4pc-k2,inverse-j,0.04,NDY,4,5957.679007295761,5957.67900914295,62288302.39574877,62288302.395748764,7.450580596923828e-09,optimal
5,invj-4pc-k2,inverse-j,0.04,NDY,5,5957.679007295759,5957.6790066,64185779.38060526,64185779.38060526,0.0,optimal
5,invj-4pc-k2,inverse-j,0.04,NDY,6,7606.255302053192,8877.73744042934,66574364.34655196,66045509.829503454,528854.5170485079,suboptimal
5,invj-4pc-k2,inverse-j,0.04,NDY,7,7606.255302053192,8765.960107404582,66339807.618425936,65784886.921411194,554920.6970147416,suboptimal
5,invj-4pc-k2,inverse-j,0.04,NDY,8,7606.255302053192,8872.371358749551,66210805.83440071,65533106.628390834,677699.2060098797,suboptimal
5,invj-4pc-k2,inverse-j,0.04,NDY,9,7606.255302053191,8820.672163468545,66338420.31662204,65800988.929931946,537431.3866900951,suboptimal
5,invj-4pc-k2,inverse-j,0.04,NDY,10,7606.255302053192,8716.17531676592,65238484.3509939,64704528.40038664,533955.9506072626,suboptimal
5,invj-4pc-k2,inverse-j,0.04,NDY,11,7606.255302053192,8790.786815956442,65529319.41199383,64944994.22135209,584325.1906417385,suboptimal
5,invj-4pc-k2,inverse-j,0.04,NDY,12,7606.255302053191,8861.155279686445,66108153.2218671,65514317.67923359,593835.5426335111,suboptimal
5,invj-4pc-k2,inverse-j,0.04,NDY,13,7606.255302053191,8861.15527824065,66514913.55216895,66086350.61828106,428562.9338878915,suboptimal
5,invj-4pc-k2,inverse-j,0.04,NDY,14,8442.952306225176,8638.752446054401,67097909.75982514,67068286.09807834,29623.661746799946,suboptimal
5,invj-4pc-k2,inverse-j,0.04,NDY,15,37446.00797133508,9297.937666019157,67756365.55352978,,,infeasible
5,invj-4pc-k2,inverse-j,0.04,-10%,1,4649.162857843065,4649.162857843065,56476244.977330744,56476244.977330744,0.0,optimal
5,invj-4pc-k2,inverse-j,0.04,-10%,2,4184.246572058758,4184.246571814066,59301826.48659377,59301826.48659377,0.0,optimal
5,invj-4pc-k2,inverse-j,0.04,-10%,3,6572.598745311635,6572.598745311634,61854498.42157492,61854498.42157492,0.0,optimal
5,invj-4pc-k2,inverse-j,0.04,-10%,4,5915.338870780471,5915.3388693417455,63855800.434951246,63855800.434951246,0.0,optimal
5,invj-4pc-k2,inverse-j,0.04,-10%,5,5323.804983702423,5323.804985000001,66979674.30810199,66979674.30810198,7.450580596923828e-09,optimal
5,invj-4pc-k2,inverse-j,0.04,-10%,6,11499.286753870314,13184.577124495476,70980814.0758332,70403467.52606831,577346.5497648865,suboptimal
5,invj-4pc-k2,inverse-j,0.04,-10%,7,10349.358078483285,11904.959025102109,67894283.81400204,67312605.27064309,581678.5433589518,suboptimal
5,invj-4pc-k2,inverse-j,0.04,-10%,8,9314.422270634957,10708.417399813718,67887742.04808524,67373422.34851432,514319.69957092404,suboptimal
5,invj-4pc-k2,inverse-j,0.04,-10%,9,8382.98004357146,9678.591071203526,66705543.28611664,66240825.43900794,464717.8471086994,suboptimal
5,invj-4pc-k2,inverse-j,0.04,-10%,10,7544.682039214315,8710.65412960428,64647104.80942052,64241046.19879801,406058.6106225103,suboptimal
5,invj-4pc-k2,inverse-j,0.04,-10%,11,6790.213835292883,7839.69084887189,64008209.86272025,63766348.35944128,241861.50327897072,suboptimal
5,invj-4pc-k2,inverse-j,0.04,-10%,12,6111.192451763598,7055.721765610836,65141258.88719288,64877685.22239826,263573.66479462385,suboptimal
5,invj-4pc-k2,inverse-j,0.04,-10%,13,5500.073206587236,6350.14958564,66819932.21539247,66591816.91442249,228115.30096998066,suboptimal
5,invj-4pc-k2,inverse-j,0.04,-10%,14,11394.285725680002,8352.8892757,68706819.25587311,67435930.22844121,1270889.0274319053,suboptimal
5,invj-4pc-k2,inverse-j,0.04,-10%,15,34327.024998352026,12151.361409560264,70396790.23363711,,,infeasible
5,invj-4pc-k2,inverse-j,0.04,-20%,1,4978.647231729917,4978.647231729917,58255699.84472713,58255699.84472713,0.0,optimal
5,invj-4pc-k2,inverse-j,0.04,-20%,2,3982.9177853839346,3854.7621996751177,60230630.57778622,60202181.580362834,28448.997423388064,suboptimal
5,invj-4pc-k2,inverse-j,0.04,-20%,3,7273.3882675946925,7273.3882675946925,62939784.57552516,62939784.57552515,7.450580596923828e-09,optimal
5,invj-4pc-k2,inverse-j,0.04,-20%,4,5818.710614075755,5818.710616139267,64060997.182170376,64060997.182170376,0.0,optimal
5,invj-4pc-k2,inverse-j,0.04,-20%,5,4654.968491260603,4654.96849156,67428544.5651007,67428544.5651007,0.0,optimal
5,invj-4pc-k2,inverse-j,0.04,-20%,6,15342.85713135,17310.479494266383,73314775.1332983,72660210.32995766,654564.8033406287,suboptimal
5,invj-4pc-k2,inverse-j,0.04,-20%,7,12274.285705080001,13834.739747629563,67191961.60657258,66721613.4617547,470348.1448178813,suboptimal
5,invj-4pc-k2,inverse-j,0.04,-20%,8,9819.428564064001,11099.36208198995,66706290.070258446,66299134.93474056,407155.1355178878,suboptimal
5,invj-4pc-k2,inverse-j,0.04,-20%,9,7855.542851251203,8881.895483829696,65052502.931006186,64743427.52833013,309075.40267605335,suboptimal
5,invj-4pc-k2,inverse-j,0.04,-20%,10,6284.434281000962,7105.516385211773,62901052.04903047,62742863.99855718,158188.0504732877,suboptimal
5,invj-4pc-k2,inverse-j,0.04,-20%,11,5027.547424800771,5684.41310552,62716077.81930785,62592180.96018714,123896.85912071168,suboptimal
5,invj-4pc-k2,inverse-j,0.04,-20%,12,4022.0379398406167,5369.566245855555,64437412.86962649,64036348.744354926,401064.1252715662,suboptimal
5,invj-4pc-k2,inverse-j,0.04,-20%,13,3217.6303518724944,4295.65299328,67305779.35828392,67038948.95576003,266830.40252389014,suboptimal
5,invj-4pc-k2,inverse-j,0.04,-20%,14,11394.285725680002,12550.452092300002,72555234.78621112,72147920.02818707,407314.7580240518,suboptimal
5,invj-4pc-k2,inverse-j,0.04,-20%,15,40482.41622939221,14893.558898725722,71527598.6398377,,,infeasible
5,invj-4pc-k2,inverse-j,0.04,+/-10%,1,5471.870681569601,5471.870681569601,52082868.47915873,52082868.47915872,7.450580596923828e-09,optimal
5,invj-4pc-k2,inverse-j,0.04,+/-10%,2,4924.6836134126415,4924.683613412641,54914263.07397089,54914263.0739709,-7.450580596923828e-09,optimal
5,invj-4pc-k2,inverse-j,0.04,+/-10%,3,5417.151974753905,5900.236547715398,59464991.77946407,59458153.130329564,6838.649134509265,suboptimal
5,invj-4pc-k2,inverse-j,0.04,+/-10%,4,5958.867172229297,5907.7163684037405,61147870.24361443,61147870.24361442,7.450580596923828e-09,optimal
5,invj-4pc-k2,inverse-j,0.04,+/-10%,5,6554.753889452227,9836.140650397258,63468697.98992027,62976840.03509705,491857.95482322574,suboptimal
5,invj-4pc-k2,inverse-j,0.04,+/-10%,6,7210.22927839745,13219.751234029372,68533337.58975177,64975214.52053474,3558123.0692170262,suboptimal
5,invj-4pc-k2,inverse-j,0.04,+/-10%,7,7931.252206237199,11866.5279538426,65384446.091240995,63707631.71909112,1676814.3721498773,suboptimal
5,invj-4pc-k2,inverse-j,0.04,+/-10%,8,7531.279096897717,10672.702585669816,65028258.80343269,63341825.17822028,1686433.6252124086,suboptimal
5,invj-4pc-k2,inverse-j,0.04,+/-10%,9,8284.407006587488,9701.213816919155,63124051.36960794,62607264.22923564,516787.14037229866,suboptimal
5,invj-4pc-k2,inverse-j,0.04,+/-10%,10,9112.847707246243,8718.189386048354,62238398.63655701,62168717.85688789,69680.77966912091,suboptimal
5,invj-4pc-k2,inverse-j,0.04,+/-10%,11,10024.13247797087,7864.121989411453,62574435.78826411,,,infeasible
5,invj-4pc-k2,inverse-j,0.04,+/-10%,12,11026.54572576795,7054.0489597780925,62599492.620535195,,,infeasible
5,invj-4pc-k2,inverse-j,0.04,+/-10%,13,12129.200298344747,6348.64406438104,63288006.39522528,,,infeasible
5,invj-4pc-k2,inverse-j,0.04,+/-10%,14,13342.120328179222,7203.0631794064675,64763533.032384776,,,infeasible
5,invj-4pc-k2,inverse-j,0.04,+/-10%,15,14676.332360997148,12171.631458938318,68626974.67216316,67731047.16439626,895927.5077669024,suboptimal
5,invj-4pc-k2,inverse-j,0.04,+/-20%,1,5172.624842442277,5172.624842442277,53982749.30014494,53982749.30014493,7.450580596923828e-09,optimal
5,invj-4pc-k2,inverse-j,0.04,+/-20%,2,4138.099873953808,4117.431359130263,56969220.31549067,56969220.31549067,0.0,optimal
5,invj-4pc-k2,inverse-j,0.04,+/-20%,3,4965.719848744579,6485.1291542701965,60578769.15031625,60432649.10990335,146120.04041290283,suboptimal
5,invj-4pc-k2,inverse-j,0.04,+/-20%,4,5958.8638184934925,5412.330615706067,61774550.64481483,61745538.27699167,29012.367823153734,suboptimal
5,invj-4pc-k2,inverse-j,0.04,+/-20%,5,7150.63658219219,9867.459612956318,64548268.91470247,64280641.08696996,267627.82773251086,suboptimal
5,invj-4pc-k2,inverse-j,0.04,+/-20%,6,8580.76389863063,17270.356946410808,71366882.00945294,67225425.50745931,4141456.5019936264,suboptimal
5,invj-4pc-k2,inverse-j,0.04,+/-20%,7,10296.916678356745,13831.38087666933,65361550.43654995,64188857.70404775,1172692.7325021997,suboptimal
5,invj-4pc-k2,inverse-j,0.04,+/-20%,8,8237.533342685407,10627.079536647598,63273329.57541532,62554997.971415594,718331.6039997265,suboptimal
5,invj-4pc-k2,inverse-j,0.04,+/-20%,9,6590.026674148321,8767.361975468722,61300696.70291874,60853015.87528699,447680.8276317492,suboptimal
5,invj-4pc-k2,inverse-j,0.04,+/-20%,10,7216.597566483202,7202.969103791481,60803075.11062234,60803075.11062235,-7.450580596923828e-09,optimal
5,invj-4pc-k2,inverse-j,0.04,+/-20%,11,8659.91707977984,5611.1116643000005,60957722.5295543,,,infeasible
5,invj-4pc-k2,inverse-j,0.04,+/-20%,12,10391.90049573582,6659.256605814921,62061528.43850669,,,infeasible
5,invj-4pc-k2,inverse-j,0.04,+/-20%,13,12470.280594882966,6701.402985073626,62665587.97751826,,,infeasible
5,invj-4pc-k2,inverse-j,0.04,+/-20%,14,14964.336713859568,11435.7267623,69795303.13105883,,,infeasible
5,invj-4pc-k2,inverse-j,0.04,+/-20%,15,17957.204056631483,14941.597688814785,69712845.32498616,68963921.36082627,748923.964159891,suboptimal
6,linear-4pc-0pc,linear,0.04,NHF,1,17693.728929901823,17693.728929901823,32062546.168224476,32062546.168224476,0.0,optimal
6,linear-4pc-0pc,linear,0.04,NHF,2,0.0,0.0,26966443.732453834,26966443.732453834,0.0,optimal
6,linear-4pc-0pc,linear,0.04,NHF,3,10942.85714614,10942.85714614,34327207.440872915,34327207.440872915,0.0,optimal
6,linear-4pc-0pc,linear,0.04,NHF,4,8207.14285386,8207.14285386,34734542.4282198,34734542.4282198,0.0,optimal
6,linear-4pc-0pc,linear,0.04,NHF,5,0.0,0.0,37759445.652321465,37759445.652321465,0.0,optimal
6,linear-4pc-0pc,linear,0.04,NHF,6,9307.14286416,9307.14286416,50078721.50108964,50078721.50108964,0.0,optimal
6,linear-4pc-0pc,linear,0.04,NHF,7,29021.428567479998,29021.428567479998,57656455.07407007,57656455.07407007,0.0,optimal
6,linear-4pc-0pc,linear,0.04,NHF,8,22046.428568360003,22046.42856836,45973448.91775197,45973448.91775197,0.0,optimal
6,linear-4pc-0pc,linear,0.04,NHF,9,10942.85714614,10942.85714614,32806579.41780917,32806579.41780917,0.0,optimal
6,linear-4pc-0pc,linear,0.04,NHF,10,0.0,8207.14285386,30790757.55736447,28452333.16123215,2338424.39613232,suboptimal
6,linear-4pc-0pc,linear,0.04,NHF,11,0.0,0.0,30865392.682051353,30865392.682051353,0.0,optimal
6,linear-4pc-0pc,linear,0.04,NHF,12,0.0,5471.42856924,40016948.48997725,38457998.892555706,1558949.5974215418,suboptimal
6,linear-4pc-0pc,linear,0.04,NHF,13,0.0,13678.57143076,47480428.96248726,43583054.96675087,3897373.9957363904,suboptimal
6,linear-4pc-0pc,linear,0.04,NHF,14,0.0,3835.71429492,48303337.06032935,47236696.625153475,1066640.4351758733,suboptimal
6,linear-4pc-0pc,linear,0.04,NHF,15,78930.35714391501,40660.714282860004,62363367.856536314,,,infeasible
6,linear-4pc-0pc,linear,0.04,NDY,1,7500.1217906134,7500.1217906134,26876825.33875259,26876825.33875259,0.0,optimal
6,linear-4pc-0pc,linear,0.04,NDY,2,7500.1217906134025,7500.121790680056,28219766.95657965,28219766.95657965,0.0,optimal
6,linear-4pc-0pc,linear,0.04,NDY,3,7500.1217906134025,7500.121791078325,30443462.568567246,30443462.56856725,-3.725290298461914e-09,optimal
6,linear-4pc-0pc,linear,0.04,NDY,4,7500.121790613402,7500.12179069,32983272.145801444,32983272.145801444,0.0,optimal
6,linear-4pc-0pc,linear,0.04,NDY,5,7500.121790613401,7500.121791520001,35747147.56410899,35747147.564109,-7.450580596923828e-09,optimal
6,linear-4pc-0pc,linear,0.04,NDY,6,9307.14286416,9307.14286416,38871348.3284282,38871348.328428194,7.450580596923828e-09,optimal
6,linear-4pc-0pc,linear,0.04,NDY,7,10958.985771173097,11712.116632686955,40703375.703357644,40351048.99997104,352326.7033866048,suboptimal
6,linear-4pc-0pc,linear,0.04,NDY,8,10958.985771173095,11639.064006778774,40920442.099004395,40561579.05503538,358863.0439690128,suboptimal
6,linear-4pc-0pc,linear,0.04,NDY,9,10958.985771173097,11453.939634985934,41171399.53068407,40959070.12856427,212329.40211980045,suboptimal
6,linear-4pc-0pc,linear,0.04,NDY,10,10958.985771173087,11407.20996695679,39568016.56709261,39382288.68345064,185727.88364197314,suboptimal
6,linear-4pc-0pc,linear,0.04,NDY,11,10958.985771173093,11337.939513884492,39497651.39131788,39347415.08787547,150236.30344241112,suboptimal
6,linear-4pc-0pc,linear,0.04,NDY,12,10958.985771173093,11337.939510548431,39632448.75048525,39493481.25643012,138967.4940551296,suboptimal
6,linear-4pc-0pc,linear,0.04,NDY,13,10958.985771173091,11337.939510577498,39916793.51327891,39770191.072240315,146602.44103859365,suboptimal
6,linear-4pc-0pc,linear,0.04,NDY,14,10958.985771173077,11471.431330979902,40261506.41632515,40035152.87341367,226353.54291148484,suboptimal
6,linear-4pc-0pc,linear,0.04,NDY,15,31634.829071762237,11442.126506574215,40700607.133494444,,,infeasible
6,linear-4pc-0pc,linear,0.04,-10%,1,9100.890234965935,9100.890234965935,28399670.651451904,28399670.651451904,0.0,optimal
6,linear-4pc-0pc,linear,0.04,-10%,2,8190.801211469342,8190.801211397553,28706260.324246902,28706260.324246902,0.0,optimal
6,linear-4pc-0pc,linear,0.04,-10%,3,7371.721090322406,7371.721090985264,30427698.195471916,30427698.195471916,0.0,optimal
6,linear-4pc-0pc,linear,0.04,-10%,4,6634.548981290167,6634.548983210526,32948158.609176077,32948158.609176077,0.0,optimal
6,linear-4pc-0pc,linear,0.04,-10%,5,5971.0940831611515,5971.0940855,36540332.12074081,36540332.12074081,0.0,optimal
6,linear-4pc-0pc,linear,0.04,-10%,6,9307.14286416,9307.14286416,41627109.97026573,41627109.97026573,0.0,optimal
6,linear-4pc-0pc,linear,0.04,-10%,7,15312.371181735662,15342.857136720002,44821307.664020956,44821307.664020956,0.0,optimal
6,linear-4pc-0pc,linear,0.04,-10%,8,13781.134063562096,13971.64962523617,42712845.245879814,42682385.335831046,30459.910048767924,suboptimal
6,linear-4pc-0pc,linear,0.04,-10%,9,12403.020657205885,12480.280506047751,39407434.06421976,39407434.06421976,0.0,optimal
6,linear-4pc-0pc,linear,0.04,-10%,10,11162.7185914853,11232.252457855098,36846587.17140905,36846587.17140905,0.0,optimal
6,linear-4pc-0pc,linear,0.04,-10%,11,10046.446732336768,10109.027211437584,36286659.7046423,36286659.7046423,0.0,optimal
6,linear-4pc-0pc,linear,0.04,-10%,12,9041.80205910309,9098.124487916963,36601165.38482062,36601165.38482062,0.0,optimal
6,linear-4pc-0pc,linear,0.04,-10%,13,8137.6218531927825,8188.312033755,38046852.9729654,38046852.9729654,0.0,optimal
6,linear-4pc-0pc,linear,0.04,-10%,14,7323.859667873503,7425.10745202,40941465.52601938,40926454.46445417,15011.061565212905,suboptimal
6,linear-4pc-0pc,linear,0.04,-10%,15,38008.38052955014,15786.01664078546,46856267.4932122,,,infeasible
6,linear-4pc-0pc,linear,0.04,-20%,1,9829.849405501012,9829.849405501012,29213777.796840753,29213777.79684075,3.725290298461914e-09,optimal
6,linear-4pc-0pc,linear,0.04,-20%,2,7863.879524400811,7863.879521636548,29741976.183444038,29741976.183444038,0.0,optimal
6,linear-4pc-0pc,linear,0.04,-20%,3,7978.418836099455,7978.418836099455,31612592.813863136,31612592.813863136,0.0,optimal
6,linear-4pc-0pc,linear,0.04,-20%,4,6382.735068879564,6382.735067255555,33873893.1933399,33873893.1933399,0.0,optimal
6,linear-4pc-0pc,linear,0.04,-20%,5,5106.188055103651,5106.1880516,38079994.16143497,38079994.16143496,7.450580596923828e-09,optimal
6,linear-4pc-0pc,linear,0.04,-20%,6,9307.14286416,9307.14286416,44807718.406793006,44807718.406793006,0.0,optimal
6,linear-4pc-0pc,linear,0.04,-20%,7,19681.797224659516,19681.79722662,49524680.63020249,49524680.63020249,0.0,optimal
6,linear-4pc-0pc,linear,0.04,-20%,8,15745.437779727617,16898.5717708328,44554982.49746943,44128649.16776748,426333.32970195264,suboptimal
6,linear-4pc-0pc,linear,0.04,-20%,9,12596.350223782094,13518.857416760828,38462179.36109861,38160131.14019281,302048.22090580314,suboptimal
6,linear-4pc-0pc,linear,0.04,-20%,10,10077.080179025676,10815.085933750044,34793217.412415445,34611072.274202175,182145.1382132694,suboptimal
6,linear-4pc-0pc,linear,0.04,-20%,11,8061.6641432205415,8652.068746718134,33634494.07203349,33500972.70419106,133521.3678424284,suboptimal
6,linear-4pc-0pc,linear,0.04,-20%,12,6449.331314576434,6921.654998717611,34295434.38805417,34201210.48949629,94223.89855787903,suboptimal
6,linear-4pc-0pc,linear,0.04,-20%,13,5159.465051661147,5537.32400271,37256643.887495786,37180960.435912125,75683.45158366114,suboptimal
6,linear-4pc-0pc,linear,0.04,-20%,14,4127.572041328918,5077.08209086,42929786.02308371,42484635.474759944,445150.5483237654,suboptimal
6,linear-4pc-0pc,linear,0.04,-20%,15,47624.45291795358,21342.68061422413,52683141.387913816,,,infeasible
6,linear-4pc-0pc,linear,0.04,+/-10%,1,8779.811788689056,8779.811788689056,26459523.43844523,26459523.438445233,-3.725290298461914e-09,optimal
6,linear-4pc-0pc,linear,0.04,+/-10%,2,7901.830609820152,7218.252322803531,26681348.026770554,26584687.626042344,96660.4007282108,suboptimal
6,linear-4pc-0pc,linear,0.04,+/-10%,3,7111.64754883813,6496.4270905138155,28938292.640791494,28798589.326673195,139703.31411829963,suboptimal
6,linear-4pc-0pc,linear,0.04,+/-10%,4,6461.386636323314,7146.069799819048,32079185.65210466,30495051.126359344,1584134.5257453173,suboptimal
6,linear-4pc-0pc,linear,0.04,+/-10%,5,7107.525299955645,7860.67677652,34911691.19240736,33268776.13268052,1642915.0597268417,suboptimal
6,linear-4pc-0pc,linear,0.04,+/-10%,6,7818.277829951211,9307.14286416,38402363.6688031,35524323.798062086,2878039.870741017,suboptimal
6,linear-4pc-0pc,linear,0.04,+/-10%,7,8600.105612946332,15342.857136720002,44391663.26378732,37430172.62070702,6961490.643080302,suboptimal
6,linear-4pc-0pc,linear,0.04,+/-10%,8,9460.116174240968,13809.594565726276,41758176.79237629,38402697.46023966,3355479.3321366236,suboptimal
6,linear-4pc-0pc,linear,0.04,+/-10%,9,10406.127791665067,12352.219033195177,38400499.12331209,37649671.31935831,750827.8039537817,suboptimal
6,linear-4pc-0pc,linear,0.04,+/-10%,10,11446.740570831586,11116.997130735106,35615131.9699153,,,infeasible
6,linear-4pc-0pc,linear,0.04,+/-10%,11,12591.414627914755,10005.297416591722,34758598.628902875,,,infeasible
6,linear-4pc-0pc,linear,0.04,+/-10%,12,13850.556090706234,8158.868370746924,35056302.46071453,,,infeasible
6,linear-4pc-0pc,linear,0.04,+/-10%,13,15235.611699776819,8600.801669521035,37089948.71167411,,,infeasible
6,linear-4pc-0pc,linear,0.04,+/-10%,14,16759.17286975457,9460.88183936,39093187.185499765,,,infeasible
6,linear-4pc-0pc,linear,0.04,+/-10%,15,18435.090156729995,15588.014588216745,45915107.157745674,,,infeasible
6,linear-4pc-0pc,linear,0.04,+/-20%,1,9829.84940550101,9829.84940550101,27353628.195592374,27353628.195592374,0.0,optimal
6,linear-4pc-0pc,linear,0.04,+/-20%,2,7863.879524400811,7431.106952917532,27047533.08834974,26989013.91379048,58519.17455926165,suboptimal
6,linear-4pc-0pc,linear,0.04,+/-20%,3,6291.103619520647,5944.885564340748,29485406.4864436,29431859.2424635,53547.24398010224,suboptimal
6,linear-4pc-0pc,linear,0.04,+/-20%,4,6071.302169849263,6463.293656599609,33056633.7560548,32276351.01311618,780282.7429386191,suboptimal
6,linear-4pc-0pc,linear,0.04,+/-20%,5,7285.562603819108,7755.952387820001,36930211.66213138,36100070.01084023,830141.6512911469,suboptimal
6,linear-4pc-0pc,linear,0.04,+/-20%,6,8742.675124582933,9307.14286416,40067805.641294934,39246808.0779013,820997.5633936375,suboptimal
6,linear-4pc-0pc,linear,0.04,+/-20%,7,10491.210149499519,16084.90793224,46597674.99820335,41893143.96912,4704531.029083349,suboptimal
6,linear-4pc-0pc,linear,0.04,+/-20%,8,12589.45217939942,17126.479314405384,44278648.24958613,42241431.986819305,2037216.2627668232,suboptimal
6,linear-4pc-0pc,linear,0.04,+/-20%,9,10859.934397352423,13701.183451697607,36419912.62955521,35526096.13573104,893816.493824169,suboptimal
6,linear-4pc-0pc,linear,0.04,+/-20%,10,8687.947517881936,10915.002841991154,32661215.583362132,32209153.764461886,452061.8189002462,suboptimal
6,linear-4pc-0pc,linear,0.04,+/-20%,11,10425.537021458322,7328.303295599088,31022815.15500343,,,infeasible
6,linear-4pc-0pc,linear,0.04,+/-20%,12,12510.64442574999,5862.642636822633,32507755.743128486,,,infeasible
6,linear-4pc-0pc,linear,0.04,+/-20%,13,15012.77331089999,7035.1711647521815,36025404.55653583,,,infeasible
6,linear-4pc-0pc,linear,0.04,+/-20%,14,18015.327973079984,8442.205392366666,39469661.78008345,,,infeasible
6,linear-4pc-0pc,linear,0.04,+/-20%,15,21618.393567695985,21046.432801347473,51464880.19223275,,,infeasible
6,linear-6pc-0pc,linear,0.06,NHF,1,17693.728929901823,17693.728929901823,16964246.56096039,16964246.56096039,0.0,optimal
6,linear-6pc-0pc,linear,0.06,NHF,2,0.0,0.0,11558455.234451087,11558455.234451087,0.0,optimal
6,linear-6pc-0pc,linear,0.06,NHF,3,10942.85714614,10942.85714614,17511718.56133956,17511718.56133956,0.0,optimal
6,linear-6pc-0pc,linear,0.06,NHF,4,8207.14285386,8207.14285386,17253929.710620183,17253929.710620183,0.0,optimal
6,linear-6pc-0pc,linear,0.06,NHF,5,0.0,0.0,18636251.643059436,18636251.643059436,0.0,optimal
6,linear-6pc-0pc,linear,0.06,NHF,6,9307.14286416,9307.14286416,29490575.210437,29490575.210437,0.0,optimal
6,linear-6pc-0pc,linear,0.06,NHF,7,29021.428567479998,29021.428567479998,37719625.44825775,37719625.44825775,0.0,optimal
6,linear-6pc-0pc,linear,0.06,NHF,8,22046.428568360003,22046.42856836,28593266.2916056,28593266.2916056,0.0,optimal
6,linear-6pc-0pc,linear,0.06,NHF,9,10942.85714614,10942.85714614,17264931.522861604,17264931.522861604,0.0,optimal
6,linear-6pc-0pc,linear,0.06,NHF,10,8207.14285386,8207.14285386,14837506.440123253,14837506.440123253,0.0,optimal
6,linear-6pc-0pc,linear,0.06,NHF,11,0.0,0.0,13634630.760703158,13634630.760703158,0.0,optimal
6,linear-6pc-0pc,linear,0.06,NHF,12,0.0,5471.42856924,20865112.330566578,19221782.745795906,1643329.584770672,suboptimal
6,linear-6pc-0pc,linear,0.06,NHF,13,0.0,13678.57143076,27134535.698361132,23026211.73413379,4108323.964227341,suboptimal
6,linear-6pc-0pc,linear,0.06,NHF,14,0.0,3835.71429492,28291452.43413424,27120850.914811645,1170601.5193225965,suboptimal
6,linear-6pc-0pc,linear,0.06,NHF,15,66530.35714887502,40660.714282860004,42389758.41379969,,,infeasible
6,linear-6pc-0pc,linear,0.06,NDY,1,7500.1217906134,7500.1217906134,13348923.40989122,13348923.40989122,0.0,optimal
6,linear-6pc-0pc,linear,0.06,NDY,2,7500.121790613401,7500.121790680056,13907444.859084843,13907444.859084845,-1.862645149230957e-09,optimal
6,linear-6pc-0pc,linear,0.06,NDY,3,7500.121790613404,7500.121791078323,15144476.304150272,15144476.304150272,0.0,optimal
6,linear-6pc-0pc,linear,0.06,NDY,4,7500.121790613402,7500.12179069,16763268.436783174,16763268.436783174,0.0,optimal
6,linear-6pc-0pc,linear,0.06,NDY,5,7500.1217906134025,7500.121791520001,18698312.888558894,18698312.888558898,-3.725290298461914e-09,optimal
6,linear-6pc-0pc,linear,0.06,NDY,6,9307.14286416,9307.14286416,21161753.296197284,21161753.296197284,0.0,optimal
6,linear-6pc-0pc,linear,0.06,NDY,7,11459.840783426138,11680.726720400742,22949428.595786497,22893250.276020408,56178.31976608932,suboptimal
6,linear-6pc-0pc,linear,0.06,NDY,8,11459.840783426138,11586.458563323526,23118617.826659605,23118536.804011673,81.02264793217182,suboptimal
6,linear-6pc-0pc,linear,0.06,NDY,9,11459.84078342614,11383.871808866908,23365072.548385136,23365072.548385132,3.725290298461914e-09,optimal
6,linear-6pc-0pc,linear,0.06,NDY,10,11459.840783426138,11383.87180903979,21847407.461021584,21847407.46102158,3.725290298461914e-09,optimal
6,linear-6pc-0pc,linear,0.06,NDY,11,11459.840783426136,11383.871808361639,21743784.165115904,21743784.1651159,3.725290298461914e-09,optimal
6,linear-6pc-0pc,linear,0.06,NDY,12,11459.840783426134,11383.871807317515,21863873.45385677,21863873.45385677,0.0,optimal
6,linear-6pc-0pc,linear,0.06,NDY,13,11459.840783426134,11364.804634781463,22135517.993006643,22135517.99300664,3.725290298461914e-09,optimal
6,linear-6pc-0pc,linear,0.06,NDY,14,11459.840783426138,11379.131831710318,22493446.134156045,22493446.13415604,3.725290298461914e-09,optimal
6,linear-6pc-0pc,linear,0.06,NDY,15,27354.155261006174,11379.131832024184,23063650.03958886,,,infeasible
6,linear-6pc-0pc,linear,0.06,-10%,1,9100.890234965935,9100.890234965935,14364515.734440403,14364515.734440403,0.0,optimal
6,linear-6pc-0pc,linear,0.06,-10%,2,8190.801211469342,8190.801211397555,14040637.596534094,14040637.59653409,3.725290298461914e-09,optimal
6,linear-6pc-0pc,linear,0.06,-10%,3,7371.721090322406,7371.721090985263,14922536.35396487,14922536.35396487,0.0,optimal
6,linear-6pc-0pc,linear,0.06,-10%,4,6634.548981290167,6634.548983210526,16403108.670966834,16403108.670966834,0.0,optimal
6,linear-6pc-0pc,linear,0.06,-10%,5,5971.0940831611515,5971.0940855,18906286.88508275,18906286.88508275,0.0,optimal
6,linear-6pc-0pc,linear,0.06,-10%,6,9307.14286416,9307.14286416,23198980.891222578,23198980.891222578,0.0,optimal
6,linear-6pc-0pc,linear,0.06,-10%,7,15312.371181735662,15342.85713672,26528523.688107643,26528523.688107643,0.0,optimal
6,linear-6pc-0pc,linear,0.06,-10%,8,13781.134063562096,13892.46619679014,25089293.402912084,25089293.402912088,-3.725290298461914e-09,optimal
6,linear-6pc-0pc,linear,0.06,-10%,9,12403.020657205885,12503.219575547157,22283874.219406,22283874.219406,0.0,optimal
6,linear-6pc-0pc,linear,0.06,-10%,10,11162.7185914853,11252.897619119753,20096274.92068809,20096274.92068809,0.0,optimal
6,linear-6pc-0pc,linear,0.06,-10%,11,10046.446732336768,10127.607854674814,19354626.71597205,19354626.715972055,-3.725290298461914e-09,optimal
6,linear-6pc-0pc,linear,0.06,-10%,12,9041.80205910309,9114.84706866,19200358.647293746,19200358.647293746,0.0,optimal
6,linear-6pc-0pc,linear,0.06,-10%,13,8137.6218531927825,8203.362360795,20039406.651595365,20039406.651595365,0.0,optimal
6,linear-6pc-0pc,linear,0.06,-10%,14,7323.859667873503,7383.026131320001,22443079.58298544,22443079.58298544,0.0,optimal
6,linear-6pc-0pc,linear,0.06,-10%,15,38008.38052955014,15630.04503047972,27821583.696540993,,,infeasible
6,linear-6pc-0pc,linear,0.06,-20%,1,9829.849405501012,9829.849405501012,14787725.717206467,14787725.717206467,0.0,optimal
6,linear-6pc-0pc,linear,0.06,-20%,2,7863.879524400811,7863.879524313661,14334292.286113728,14334292.286113728,0.0,optimal
6,linear-6pc-0pc,linear,0.06,-20%,3,7978.418836099455,7978.418836099455,15428939.636847435,15428939.636847435,0.0,optimal
6,linear-6pc-0pc,linear,0.06,-20%,4,6382.735068879564,6382.735067255554,16598760.917803723,16598760.917803723,0.0,optimal
6,linear-6pc-0pc,linear,0.06,-20%,5,5106.188055103651,5106.1880516,19416690.61685482,19416690.61685482,0.0,optimal
6,linear-6pc-0pc,linear,0.06,-20%,6,9307.14286416,9307.14286416,24982031.78308267,24982031.78308267,0.0,optimal
6,linear-6pc-0pc,linear,0.06,-20%,7,18148.41558545395,18148.41558476,29692764.42814447,29692764.428144466,3.725290298461914e-09,optimal
6,linear-6pc-0pc,linear,0.06,-20%,8,16686.804730382602,17072.98529372677,27361646.662308354,27263582.359392263,98064.30291609094,suboptimal
6,linear-6pc-0pc,linear,0.06,-20%,9,13349.44378430608,13658.388234142458,21757660.14837451,21688075.921259064,69584.22711544484,suboptimal
6,linear-6pc-0pc,linear,0.06,-20%,10,10679.555027444865,10926.710588349062,18697559.923820868,18649851.477712233,47708.446108635515,suboptimal
6,linear-6pc-0pc,linear,0.06,-20%,11,8543.644021955894,8741.368469306763,17258138.858798318,17223140.760760322,34998.0980379954,suboptimal
6,linear-6pc-0pc,linear,0.06,-20%,12,6834.91521756472,6993.094778350784,17161929.202415038,17137224.26308135,24704.939333688468,suboptimal
6,linear-6pc-0pc,linear,0.06,-20%,13,5467.932174051772,5594.475825533333,18921800.849704035,18902487.10717443,19313.742529604584,suboptimal
6,linear-6pc-0pc,linear,0.06,-20%,14,4374.345739241419,4542.24041568,23510439.186146148,23449609.867104758,60829.31904138997,suboptimal
6,linear-6pc-0pc,linear,0.06,-20%,15,44840.47420708727,21450.942480553495,33120110.416358735,,,infeasible
6,linear-6pc-0pc,linear,0.06,+/-10%,1,8808.039099146778,8808.039099146778,13541204.229192505,13541204.229192505,0.0,optimal
6,linear-6pc-0pc,linear,0.06,+/-10%,2,7927.235189232103,7927.235189395091,13111837.709159229,13111837.709159218,1.1175870895385742e-08,optimal
6,linear-6pc-0pc,linear,0.06,+/-10%,3,7134.511670308883,7082.202518407572,13774445.433201905,13774445.433201905,0.0,optimal
6,linear-6pc-0pc,linear,0.06,+/-10%,4,6421.060503278002,6448.636132923806,14987879.360107778,14987879.36010778,-1.862645149230957e-09,optimal
6,linear-6pc-0pc,linear,0.06,+/-10%,5,7063.166553605813,7093.4997461600005,16887522.799774975,16887522.799774975,0.0,optimal
6,linear-6pc-0pc,linear,0.06,+/-10%,6,7769.483208966387,9307.14286416,20842769.949254382,18597625.928633995,2245144.020620387,suboptimal
6,linear-6pc-0pc,linear,0.06,+/-10%,7,8546.431529863028,15342.85713672,26384904.011163298,20243596.44482693,6141307.566336367,suboptimal
6,linear-6pc-0pc,linear,0.06,+/-10%,8,9401.074682849334,13823.306472845044,24700223.372499015,21483994.896994643,3216228.4755043723,suboptimal
6,linear-6pc-0pc,linear,0.06,+/-10%,9,10341.182151134266,12440.975827002945,21870605.20373135,20953126.124218315,917479.0795130357,suboptimal
6,linear-6pc-0pc,linear,0.06,+/-10%,10,11375.300366247691,11196.878244667287,19438134.31844596,,,infeasible
6,linear-6pc-0pc,linear,0.06,+/-10%,11,12512.830402872465,9975.809117723786,18390061.699365813,,,infeasible
6,linear-6pc-0pc,linear,0.06,+/-10%,12,13764.113443159713,8817.694435790669,18033979.716261428,,,infeasible
6,linear-6pc-0pc,linear,0.06,+/-10%,13,15140.524787475688,7935.9249944863195,18610309.81090451,,,infeasible
6,linear-6pc-0pc,linear,0.06,+/-10%,14,16654.577266223252,8729.517496026667,20405889.60345879,,,infeasible
6,linear-6pc-0pc,linear,0.06,+/-10%,15,18320.03499284558,15474.925047642046,27402976.44465634,,,infeasible
6,linear-6pc-0pc,linear,0.06,+/-20%,1,9829.849405501012,9829.849405501012,14078426.744998088,14078426.74499809,-1.862645149230957e-09,optimal
6,linear-6pc-0pc,linear,0.06,+/-20%,2,7863.879524400811,7863.879522970878,13124083.183257623,13124083.18325762,1.862645149230957e-09,optimal
6,linear-6pc-0pc,linear,0.06,+/-20%,3,6291.103619520647,5951.594846302458,13935620.826620672,13932094.01672869,3526.809891982004,suboptimal
6,linear-6pc-0pc,linear,0.06,+/-20%,4,6071.30216984926,6242.144465645455,16172831.484527811,15982696.69780917,190134.78671864234,suboptimal
6,linear-6pc-0pc,linear,0.06,+/-20%,5,7285.562603819109,7490.57336086,18985897.74992911,18768909.926043026,216987.8238860853,suboptimal
6,linear-6pc-0pc,linear,0.06,+/-20%,6,8742.675124582933,9307.14286416,22021753.53971544,21337870.470007464,683883.0697079748,suboptimal
6,linear-6pc-0pc,linear,0.06,+/-20%,7,10491.210149499515,16084.90793224,28307576.915569242,23808298.21746294,4499278.698106304,suboptimal
6,linear-6pc-0pc,linear,0.06,+/-20%,8,12589.45217939943,17152.80140146122,27180532.059740413,24967690.946110807,2212841.1136296056,suboptimal
6,linear-6pc-0pc,linear,0.06,+/-20%,9,14396.86856901174,13722.241120766928,21013650.903016124,,,infeasible
6,linear-6pc-0pc,linear,0.06,+/-20%,10,11517.49485520939,10977.792894509656,17820165.035078354,,,infeasible
6,linear-6pc-0pc,linear,0.06,+/-20%,11,9213.995884167516,8782.234317990893,15962370.695940638,,,infeasible
6,linear-6pc-0pc,linear,0.06,+/-20%,12,11056.795061001023,7025.787452787848,15283469.499105282,,,infeasible
6,linear-6pc-0pc,linear,0.06,+/-20%,13,13268.154073201225,5620.62996735,15959928.287093535,,,infeasible
6,linear-6pc-0pc,linear,0.06,+/-20%,14,15921.784887841479,6744.7559572400005,18531228.19967588,,,infeasible
6,linear-6pc-0pc,linear,0.06,+/-20%,15,19106.141865409776,21140.042638185158,32452600.950427268,31589052.094728656,863548.8556986116,suboptimal
6,invj-4pc-k1,inverse-j,0.04,NHF,1,17693.728929901823,17693.728929901823,109652635.48509985,109652635.48509985,0.0,optimal
6,invj-4pc-k1,inverse-j,0.04,NHF,2,0.0,0.0,107770479.87527299,107770479.87527299,0.0,optimal
6,invj-4pc-k1,inverse-j,0.04,NHF,3,10942.85714614,10942.85714614,112158251.63192502,112158251.63192502,0.0,optimal
6,invj-4pc-k1,inverse-j,0.04,NHF,4,0.0,8207.14285386,111706744.03758141,110632028.59011921,1074715.4474622011,suboptimal
6,invj-4pc-k1,inverse-j,0.04,NHF,5,0.0,0.0,115408139.7242043,115408139.7242043,0.0,optimal
6,invj-4pc-k1,inverse-j,0.04,NHF,6,9307.14286416,9307.14286416,123027814.33971384,123027814.33971384,0.0,optimal
6,invj-4pc-k1,inverse-j,0.04,NHF,7,29021.428567479998,29021.428567479998,127280830.61685921,127280830.61685921,0.0,optimal
6,invj-4pc-k1,inverse-j,0.04,NHF,8,22046.428568360003,22046.42856836,117222539.78127415,117222539.78127415,0.0,optimal
6,invj-4pc-k1,inverse-j,0.04,NHF,9,23342.85714118,10942.85714614,109493544.48111942,,,infeasible
6,invj-4pc-k1,inverse-j,0.04,NHF,10,0.0,8207.14285386,110360303.87627189,108642355.88207772,1717947.9941941649,suboptimal
6,invj-4pc-k1,inverse-j,0.04,NHF,11,0.0,0.0,111376637.13960248,111376637.13960248,0.0,optimal
6,invj-4pc-k1,inverse-j,0.04,NHF,12,0.0,5471.42856924,118105508.22165035,116960209.55885424,1145298.66279611,suboptimal
6,invj-4pc-k1,inverse-j,0.04,NHF,13,0.0,13678.57143076,123863239.63958631,120999992.98099262,2863246.6585936993,suboptimal
6,invj-4pc-k1,inverse-j,0.04,NHF,14,3835.71429492,3835.71429492,121276409.03747565,121276409.03747565,0.0,optimal
6,invj-4pc-k1,inverse-j,0.04,NHF,15,70901.78570781501,40660.714282860004,131526677.14748073,,,infeasible
6,invj-4pc-k1,inverse-j,0.04,NDY,1,7500.121790613398,7500.121790613398,97549096.51364192,97549096.51364195,-2.9802322387695312e-08,optimal
6,invj-4pc-k1,inverse-j,0.04,NDY,2,7500.121790613397,7500.121790960908,102389829.79339331,102389829.79339331,0.0,optimal
6,invj-4pc-k1,inverse-j,0.04,NDY,3,7500.121790613412,7500.121791078327,105705159.8384766,105705159.8384766,0.0,optimal
6,invj-4pc-k1,inverse-j,0.04,NDY,4,7500.121790613401,7500.12179069,108885305.91408524,108885305.91408524,0.0,optimal
6,invj-4pc-k1,inverse-j,0.04,NDY,5,7500.1217906134,7500.121791520001,111584832.57859218,111584832.57859217,1.4901161193847656e-08,optimal
6,invj-4pc-k1,inverse-j,0.04,NDY,6,8847.66254473926,9307.14286416,114529506.95680967,114385072.95549321,144434.001316458,suboptimal
6,invj-4pc-k1,inverse-j,0.04,NDY,7,8847.66254473926,10939.810585506784,114951624.17157382,114242772.08197679,708852.0895970315,suboptimal
6,invj-4pc-k1,inverse-j,0.04,NDY,8,8847.662544739258,10913.723735092706,115514015.7775718,114628344.1276486,885671.6499231905,suboptimal
6,invj-4pc-k1,inverse-j,0.04,NDY,9,8847.662544739253,11335.402550091589,116307399.61315048,115360403.3648074,946996.2483430803,suboptimal
6,invj-4pc-k1,inverse-j,0.04,NDY,10,8847.66254473926,11349.138162390906,114766233.12722547,113769966.99014412,996266.1370813549,suboptimal
6,invj-4pc-k1,inverse-j,0.04,NDY,11,8847.66254473926,11060.521791135732,114805271.55977501,113963681.44856489,841590.1112101227,suboptimal
6,invj-4pc-k1,inverse-j,0.04,NDY,12,8847.662544739258,10826.380999040273,115748403.9032469,114958783.37168865,789620.5315582454,suboptimal
6,invj-4pc-k1,inverse-j,0.04,NDY,13,8847.662544739258,10718.990132929803,115789361.5253118,115101120.0886419,688241.436669901,suboptimal
6,invj-4pc-k1,inverse-j,0.04,NDY,14,8847.662544739258,10959.398733559836,115851584.33345188,115067356.28264612,784228.0508057624,suboptimal
6,invj-4pc-k1,inverse-j,0.04,NDY,15,50270.65603928412,11032.444524869312,115789363.85180554,,,infeasible
6,invj-4pc-k1,inverse-j,0.04,-10%,1,9100.890234965937,9100.890234965937,100640388.54463947,100640388.54463947,0.0,optimal
6,invj-4pc-k1,inverse-j,0.04,-10%,2,8190.801211469345,8190.801211330219,104963892.41874342,104963892.4187434,1.4901161193847656e-08,optimal
6,invj-4pc-k1,inverse-j,0.04,-10%,3,7371.721090322402,7371.721090985265,106659289.12176336,106659289.12176336,0.0,optimal
6,invj-4pc-k1,inverse-j,0.04,-10%,4,6634.548981290167,6634.548983210525,109919524.12816182,109919524.12816182,0.0,optimal
6,invj-4pc-k1,inverse-j,0.04,-10%,5,5971.094083161151,5971.0940855,113884311.43741441,113884311.43741441,0.0,optimal
6,invj-4pc-k1,inverse-j,0.04,-10%,6,9307.14286416,9307.14286416,118878055.51195002,118878055.51195002,0.0,optimal
6,invj-4pc-k1,inverse-j,0.04,-10%,7,13654.912750818992,15544.05097948821,119837838.90005209,119483964.658575,353874.24147708714,suboptimal
6,invj-4pc-k1,inverse-j,0.04,-10%,8,12289.421475737094,14050.092194334713,117446731.32368802,116865639.58477311,581091.738914907,suboptimal
6,invj-4pc-k1,inverse-j,0.04,-10%,9,11060.479328163372,12692.879304023409,117003039.94634716,116641324.07758199,361715.86876517534,suboptimal
6,invj-4pc-k1,inverse-j,0.04,-10%,10,9954.431395347043,11443.3226920246,113947609.59756397,113660507.59281471,287102.0047492534,suboptimal
6,invj-4pc-k1,inverse-j,0.04,-10%,11,8958.988255812339,10245.246012049927,113405023.95259131,113291569.66830726,113454.28428405523,suboptimal
6,invj-4pc-k1,inverse-j,0.04,-10%,12,8063.089430231104,9220.72141166101,115306276.40786602,115234643.60777432,71632.80009169877,suboptimal
6,invj-4pc-k1,inverse-j,0.04,-10%,13,7256.780487207996,8298.6492678,116880728.93621895,116742065.19604771,138663.74017123878,suboptimal
6,invj-4pc-k1,inverse-j,0.04,-10%,14,6531.102438487195,11039.43800722,119616285.09014636,118418693.80109441,1197591.28905195,suboptimal
6,invj-4pc-k1,inverse-j,0.04,-10%,15,47822.15796939377,15364.8678171795,120088869.44801712,,,infeasible
6,invj-4pc-k1,inverse-j,0.04,-20%,1,9829.84940550101,9829.84940550101,103267277.43350378,103267277.43350378,0.0,optimal
6,invj-4pc-k1,inverse-j,0.04,-20%,2,7863.879524400811,7863.879525582999,106761053.02106614,106761053.02106614,0.0,optimal
6,invj-4pc-k1,inverse-j,0.04,-20%,3,7978.418836099455,7978.418836099455,108417241.04133396,108417241.04133396,0.0,optimal
6,invj-4pc-k1,inverse-j,0.04,-20%,4,6382.735068879565,6382.735067255555,110803705.41248119,110803705.41248119,0.0,optimal
6,invj-4pc-k1,inverse-j,0.04,-20%,5,5106.18805510365,5106.1880516,114913880.56642114,114913880.56642114,0.0,optimal
6,invj-4pc-k1,inverse-j,0.04,-20%,6,9307.14286416,9307.14286416,120472814.16153985,120472814.16153985,0.0,optimal
6,invj-4pc-k1,inverse-j,0.04,-20%,7,15342.85713672,19557.6911169,122177628.41811098,121431015.17884324,746613.2392677367,suboptimal
6,invj-4pc-k1,inverse-j,0.04,-20%,8,12274.285709376001,16647.677002276465,117829277.93867205,116341597.20908733,1487680.7295847237,suboptimal
6,invj-4pc-k1,inverse-j,0.04,-20%,9,9819.428567500803,13431.062897255235,115888175.01027483,115072973.93888128,815201.0713935494,suboptimal
6,invj-4pc-k1,inverse-j,0.04,-20%,10,7855.542854000643,10750.400145071246,111499864.5643171,111062779.04247366,437085.5218434483,suboptimal
6,invj-4pc-k1,inverse-j,0.04,-20%,11,6284.434283200515,8600.320117255462,111444466.84274216,111210022.8524326,234443.99030956626,suboptimal
6,invj-4pc-k1,inverse-j,0.04,-20%,12,5027.5474265604125,6880.256095790087,114285385.85079429,114049486.58579998,235899.26499430835,suboptimal
6,invj-4pc-k1,inverse-j,0.04,-20%,13,4022.037941248331,5504.20487733,117484939.02439874,117265369.67938453,219569.34501421452,suboptimal
6,invj-4pc-k1,inverse-j,0.04,-20%,14,4970.631127387478,10141.739611899999,121987000.78388481,120678540.23095655,1308460.552928254,suboptimal
6,invj-4pc-k1,inverse-j,0.04,-20%,15,64620.17551555841,20352.066284836314,125023160.28222051,,,infeasible
6,invj-4pc-k1,inverse-j,0.04,+/-10%,1,8327.059532913081,8327.059532913081,94275191.49544175,94275191.49544173,1.4901161193847656e-08,optimal
6,invj-4pc-k1,inverse-j,0.04,+/-10%,2,7494.353579621771,7338.09258130044,98064712.04805349,98052465.55059199,12246.497461497784,suboptimal
6,invj-4pc-k1,inverse-j,0.04,+/-10%,3,6744.918221659598,6604.283323457988,103402753.75522427,103382574.39176391,20179.363460361958,suboptimal
6,invj-4pc-k1,inverse-j,0.04,+/-10%,4,7108.198089732276,7264.7116546,107551721.69911517,107438221.97217661,113499.7269385606,suboptimal
6,invj-4pc-k1,inverse-j,0.04,+/-10%,5,7819.017898705492,7991.182822840001,110056410.416994,109956061.35416926,100349.062824741,suboptimal
6,invj-4pc-k1,inverse-j,0.04,+/-10%,6,8600.919688576054,9307.14286416,113196219.67633772,112702530.9333756,493688.74296212196,suboptimal
6,invj-4pc-k1,inverse-j,0.04,+/-10%,7,9461.011657433657,15084.495485143718,115256136.42972583,113405566.91623005,1850569.513495773,suboptimal
6,invj-4pc-k1,inverse-j,0.04,+/-10%,8,10407.11282317703,13590.914214529916,112906195.6085746,112043024.57927002,863171.0293045789,suboptimal
6,invj-4pc-k1,inverse-j,0.04,+/-10%,9,10120.174595556666,12347.010609244531,111282604.47143926,110763341.3480844,519263.1233548522,suboptimal
6,invj-4pc-k1,inverse-j,0.04,+/-10%,10,11132.192055112318,10970.085123172743,110658534.49877195,110647131.36600503,11403.132766917348,suboptimal
6,invj-4pc-k1,inverse-j,0.04,+/-10%,11,12245.411260623545,9769.362219393224,111602209.07546835,,,infeasible
6,invj-4pc-k1,inverse-j,0.04,+/-10%,12,13469.952386685916,8671.306495267858,112727414.9456662,,,infeasible
6,invj-4pc-k1,inverse-j,0.04,+/-10%,13,14816.947625354514,9538.437141409999,113688246.87060821,,,infeasible
6,invj-4pc-k1,inverse-j,0.04,+/-10%,14,16298.642387889955,10789.56856976,115101245.16525468,,,infeasible
6,invj-4pc-k1,inverse-j,0.04,+/-10%,15,17928.506626678965,15764.675908790276,116276835.99023384,,,infeasible
6,invj-4pc-k1,inverse-j,0.04,+/-20%,1,9829.849405501014,9829.849405501014,97001112.91088317,97001112.91088322,-4.470348358154297e-08,optimal
6,invj-4pc-k1,inverse-j,0.04,+/-20%,2,7863.879524400809,6778.2036020347205,100084553.48271771,99820939.60025978,263613.88245792687,suboptimal
6,invj-4pc-k1,inverse-j,0.04,+/-20%,3,6291.103619520647,5967.523731677953,104996514.75693318,104994176.79358268,2337.9633505046368,suboptimal
6,invj-4pc-k1,inverse-j,0.04,+/-20%,4,6071.302169849256,7161.02847442,109124909.46640027,108424361.20810686,700548.2582934052,suboptimal
6,invj-4pc-k1,inverse-j,0.04,+/-20%,5,7285.562603819115,7755.952387980001,111870377.90832078,111430909.93267938,439467.9756413996,suboptimal
6,invj-4pc-k1,inverse-j,0.04,+/-20%,6,8742.675124582898,9307.14286416,115145143.0510045,114806645.30739251,338497.7436119914,suboptimal
6,invj-4pc-k1,inverse-j,0.04,+/-20%,7,10491.210149499491,16084.90793224,117207328.11110038,115384604.49240875,1822723.6186916232,suboptimal
6,invj-4pc-k1,inverse-j,0.04,+/-20%,8,12469.9728266447,16080.815747856366,114954329.62817198,113969607.71267857,984721.9154934138,suboptimal
6,invj-4pc-k1,inverse-j,0.04,+/-20%,9,9975.978261315777,12790.52041434646,111288020.11869507,110820501.21740362,467518.9012914449,suboptimal
6,invj-4pc-k1,inverse-j,0.04,+/-20%,10,8812.052007485372,10435.929225710337,110440460.69861636,110312315.99730352,128144.70131283998,suboptimal
6,invj-4pc-k1,inverse-j,0.04,+/-20%,11,10574.462408982437,8790.816570550442,111197944.48321328,,,infeasible
6,invj-4pc-k1,inverse-j,0.04,+/-20%,12,12689.354890778972,6890.286322370621,112051703.2288502,,,infeasible
6,invj-4pc-k1,inverse-j,0.04,+/-20%,13,15227.225868934716,8268.343583926666,114713608.95697054,,,infeasible
6,invj-4pc-k1,inverse-j,0.04,+/-20%,14,18272.671042721646,11311.557576899999,117851241.59232718,,,infeasible
6,invj-4pc-k1,inverse-j,0.04,+/-20%,15,21927.205251266045,19978.50938142022,119611151.47566146,,,infeasible
6,invj-4pc-k2,inverse-j,0.04,NHF,1,17693.728929901823,17693.728929901823,78197434.77429593,78197434.77429593,0.0,optimal
6,invj-4pc-k2,inverse-j,0.04,NHF,2,0.0,0.0,74343651.8461423,74343651.8461423,0.0,optimal
6,invj-4pc-k2,inverse-j,0.04,NHF,3,10942.85714614,10942.85714614,79565501.69385163,79565501.69385163,0.0,optimal
6,invj-4pc-k2,inverse-j,0.04,NHF,4,0.0,8207.14285386,78799629.58782184,76890087.32983102,1909542.2579908222,suboptimal
6,invj-4pc-k2,inverse-j,0.04,NHF,5,0.0,0.0,80892497.1710781,80892497.1710781,0.0,optimal
6,invj-4pc-k2,inverse-j,0.04,NHF,6,9307.14286416,9307.14286416,90098162.49879988,90098162.49879988,0.0,optimal
6,invj-4pc-k2,inverse-j,0.04,NHF,7,29021.428567479998,29021.428567479998,97266164.43825461,97266164.43825461,0.0,optimal
6,invj-4pc-k2,inverse-j,0.04,NHF,8,22046.428568360003,22046.42856836,87718264.16113864,87718264.16113864,0.0,optimal
6,invj-4pc-k2,inverse-j,0.04,NHF,9,23342.85714118,10942.85714614,78120806.42269476,,,infeasible
6,invj-4pc-k2,inverse-j,0.04,NHF,10,0.0,8207.14285386,77568453.47100006,75015678.66627726,2552774.804722801,suboptimal
6,invj-4pc-k2,inverse-j,0.04,NHF,11,0.0,0.0,76994958.69479531,76994958.69479531,0.0,optimal
6,invj-4pc-k2,inverse-j,0.04,NHF,12,0.0,5471.42856924,83895738.64716807,82193888.77735288,1701849.8698151857,suboptimal
6,invj-4pc-k2,inverse-j,0.04,NHF,13,0.0,13678.57143076,90087832.72544461,85833208.04852404,4254624.676920578,suboptimal
6,invj-4pc-k2,inverse-j,0.04,NHF,14,3835.71429492,3835.71429492,88337266.23750356,88337266.23750356,0.0,optimal
6,invj-4pc-k2,inverse-j,0.04,NHF,15,70901.78570781501,40660.714282860004,102775876.04745302,,,infeasible
6,invj-4pc-k2,inverse-j,0.04,NDY,1,7500.1217906134,7500.1217906134,68702107.79233333,68702107.79233333,0.0,optimal
6,invj-4pc-k2,inverse-j,0.04,NDY,2,7500.1217906134025,7500.1217906800575,71848883.79082923,71848883.79082923,0.0,optimal
6,invj-4pc-k2,inverse-j,0.04,NDY,3,7500.1217906134025,7500.121791078325,74337817.00988434,74337817.00988436,-1.4901161193847656e-08,optimal
6,invj-4pc-k2,inverse-j,0.04,NDY,4,7500.1217906134025,7500.12179069,76966590.0040845,76966590.00408448,1.4901161193847656e-08,optimal
6,invj-4pc-k2,inverse-j,0.04,NDY,5,7500.121790613401,7500.121791520001,79162660.33702107,79162660.33702107,0.0,optimal
6,invj-4pc-k2,inverse-j,0.04,NDY,6,9237.570142291821,9307.14286416,82024067.8540998,82024067.85409978,1.4901161193847656e-08,optimal
6,invj-4pc-k2,inverse-j,0.04,NDY,7,9237.570142291821,10994.13669311193,82669503.46088651,81867730.47708203,801772.9838044792,suboptimal
6,invj-4pc-k2,inverse-j,0.04,NDY,8,9237.570142291821,11373.601767183343,83358488.4443207,82248232.58076617,1110255.8635545224,suboptimal
6,invj-4pc-k2,inverse-j,0.04,NDY,9,9237.570142291823,11283.027512072045,83946604.85783611,82886548.16863197,1060056.6892041415,suboptimal
6,invj-4pc-k2,inverse-j,0.04,NDY,10,9237.570142291821,11323.055020692616,81980797.38520983,80994688.79015622,986108.5950536132,suboptimal
6,invj-4pc-k2,inverse-j,0.04,NDY,11,9237.57014229182,11301.183803484002,82147629.48550186,81126463.25299665,1021166.2325052023,suboptimal
6,invj-4pc-k2,inverse-j,0.04,NDY,12,9237.570142291821,11410.480669037073,82573260.93212074,81506303.57863714,1066957.3534836024,suboptimal
6,invj-4pc-k2,inverse-j,0.04,NDY,13,9237.570142291823,11030.388326545855,82766400.65165679,82037768.80245405,728631.8492027372,suboptimal
6,invj-4pc-k2,inverse-j,0.04,NDY,14,9237.570142291821,11245.482773321599,83225521.58759838,82481064.08661307,744457.5009853095,suboptimal
6,invj-4pc-k2,inverse-j,0.04,NDY,15,46564.24681171772,11082.760999146958,83344756.66974023,,,infeasible
6,invj-4pc-k2,inverse-j,0.04,-10%,1,9100.890234965937,9100.890234965937,71143665.2060748,71143665.2060748,0.0,optimal
6,invj-4pc-k2,inverse-j,0.04,-10%,2,8190.801211469343,8190.801211397557,73416663.97881399,73416663.97881399,0.0,optimal
6,invj-4pc-k2,inverse-j,0.04,-10%,3,7371.721090322405,7371.721090985262,74819785.45190066,74819785.45190066,0.0,optimal
6,invj-4pc-k2,inverse-j,0.04,-10%,4,6634.548981290166,6634.548983210525,77419943.85920276,77419943.85920276,0.0,optimal
6,invj-4pc-k2,inverse-j,0.04,-10%,5,5971.0940831611515,5971.0940855,80402553.69808465,80402553.69808465,0.0,optimal
6,invj-4pc-k2,inverse-j,0.04,-10%,6,9307.14286416,9307.14286416,85249856.3668025,85249856.3668025,0.0,optimal
6,invj-4pc-k2,inverse-j,0.04,-10%,7,14327.066493675795,15317.59439213319,87372376.78599301,87060125.9525317,312250.83346131444,suboptimal
6,invj-4pc-k2,inverse-j,0.04,-10%,8,12894.359844308216,13978.712809459976,85362071.55566716,84889692.757632,472378.7980351597,suboptimal
6,invj-4pc-k2,inverse-j,0.04,-10%,9,11604.923859877388,12452.109475266134,83676986.78152719,83397871.73742847,279115.04409871995,suboptimal
6,invj-4pc-k2,inverse-j,0.04,-10%,10,10444.431473889654,11206.898528602957,81472186.78769831,81240569.96731713,231616.82038117945,suboptimal
6,invj-4pc-k2,inverse-j,0.04,-10%,11,9399.988326500688,10086.208676754039,80597185.49861382,80422733.19431964,174452.30429418385,suboptimal
6,invj-4pc-k2,inverse-j,0.04,-10%,12,8459.989493850619,9077.587808316914,81700838.41027081,81549982.72410087,150855.68616993725,suboptimal
6,invj-4pc-k2,inverse-j,0.04,-10%,13,7613.99054446556,8169.8290322600005,83256423.23873426,83119179.59851846,137243.6402157992,suboptimal
6,invj-4pc-k2,inverse-j,0.04,-10%,14,6852.591490019002,7428.86111246,85373605.89462465,85153698.29181585,219907.60280880332,suboptimal
6,invj-4pc-k2,inverse-j,0.04,-10%,15,43876.29213010718,16159.648976078039,90644953.30587387,,,infeasible
6,invj-4pc-k2,inverse-j,0.04,-20%,1,9829.84940550101,9829.84940550101,73035780.52932455,73035780.52932455,0.0,optimal
6,invj-4pc-k2,inverse-j,0.04,-20%,2,7863.8795244008115,7863.879522970878,74559675.92072587,74559675.92072587,0.0,optimal
6,invj-4pc-k2,inverse-j,0.04,-20%,3,7978.418836099455,7978.418836099455,76007530.19366378,76007530.19366378,0.0,optimal
6,invj-4pc-k2,inverse-j,0.04,-20%,4,6382.735068879563,6382.735067255555,77725732.90553543,77725732.90553541,1.4901161193847656e-08,optimal
6,invj-4pc-k2,inverse-j,0.04,-20%,5,5106.188055103652,5106.1880516,80757960.85244808,80757960.85244808,0.0,optimal
6,invj-4pc-k2,inverse-j,0.04,-20%,6,9307.14286416,9307.14286416,86275235.18811898,86275235.18811898,0.0,optimal
6,invj-4pc-k2,inverse-j,0.04,-20%,7,15733.38784003261,16084.90793224,89081251.3394605,89012571.8934945,68679.44596600533,suboptimal
6,invj-4pc-k2,inverse-j,0.04,-20%,8,12586.71027202609,17257.56658141248,88107186.24499711,85970476.88265073,2136709.362346381,suboptimal
6,invj-4pc-k2,inverse-j,0.04,-20%,9,10069.368217620873,13770.417637862312,84011620.79412131,82713734.48289596,1297886.3112253547,suboptimal
6,invj-4pc-k2,inverse-j,0.04,-20%,10,8055.4945740967,11016.3341097495,79903657.57642806,79117935.49913777,785722.0772902817,suboptimal
6,invj-4pc-k2,inverse-j,0.04,-20%,11,6444.395659277362,8813.067288513197,79801237.22664234,79198346.04555899,602891.1810833514,suboptimal
6,invj-4pc-k2,inverse-j,0.04,-20%,12,5155.516527421889,7050.453832493251,80687489.68225569,80207145.21486887,480344.467386812,suboptimal
6,invj-4pc-k2,inverse-j,0.04,-20%,13,4124.413221937517,5640.36306122,83237238.92311648,82853420.6193075,383818.30380897224,suboptimal
6,invj-4pc-k2,inverse-j,0.04,-20%,14,3835.71429492,7772.856338840001,87771206.19722827,86044855.1747865,1726351.0224417746,suboptimal
6,invj-4pc-k2,inverse-j,0.04,-20%,15,63907.80928387725,20784.291071394437,94647418.03409249,,,infeasible
6,invj-4pc-k2,inverse-j,0.04,+/-10%,1,8779.94081893687,8779.94081893687,66709856.789098315,66709856.78909832,-7.450580596923828e-09,optimal
6,invj-4pc-k2,inverse-j,0.04,+/-10%,2,7901.946737043182,7333.5130214352275,68662033.10667925,68592241.92789336,69791.17878589034,suboptimal
6,invj-4pc-k2,inverse-j,0.04,+/-10%,3,7111.752063338868,6459.043332691624,72413111.42144617,72278402.93778118,134708.48366498947,suboptimal
6,invj-4pc-k2,inverse-j,0.04,+/-10%,4,6461.202300980843,7104.947667171429,75793865.08971772,74837073.01293744,956792.0767802745,suboptimal
6,invj-4pc-k2,inverse-j,0.04,+/-10%,5,7107.322531078926,7815.442433460001,78105039.69921559,77288335.27515283,816704.4240627587,suboptimal
6,invj-4pc-k2,inverse-j,0.04,+/-10%,6,7818.05478418682,9307.14286416,81216988.70530829,79675401.7788367,1541586.926471591,suboptimal
6,invj-4pc-k2,inverse-j,0.04,+/-10%,7,8599.860262605502,15260.417760200884,84696069.21511707,80595833.46460101,4100235.750516057,suboptimal
6,invj-4pc-k2,inverse-j,0.04,+/-10%,8,9459.846288866054,13802.355667622642,82517620.8641739,80164393.90120654,2353226.962967366,suboptimal
6,invj-4pc-k2,inverse-j,0.04,+/-10%,9,10405.830917752666,12466.687301272872,79909620.98228501,79135485.60950807,774135.3727769405,suboptimal
6,invj-4pc-k2,inverse-j,0.04,+/-10%,10,11446.414009527933,11164.234704766232,78350975.0178463,,,infeasible
6,invj-4pc-k2,inverse-j,0.04,+/-10%,11,12591.055410480709,10047.811233321707,78606411.12033124,,,infeasible
6,invj-4pc-k2,inverse-j,0.04,+/-10%,12,13850.16095152879,9043.030115235,79031270.27874237,,,infeasible
6,invj-4pc-k2,inverse-j,0.04,+/-10%,13,15235.17704668167,8150.152997055,79446567.80088319,,,infeasible
6,invj-4pc-k2,inverse-j,0.04,+/-10%,14,16758.694751349845,8965.168299820001,81470110.7471572,,,infeasible
6,invj-4pc-k2,inverse-j,0.04,+/-10%,15,18434.56422648482,15287.359447347208,86354267.20974763,,,infeasible
6,invj-4pc-k2,inverse-j,0.04,+/-20%,1,9829.849405501012,9829.849405501012,68770529.10438107,68770529.10438107,0.0,optimal
6,invj-4pc-k2,inverse-j,0.04,+/-20%,2,7863.87952440081,7431.106952917532,70154776.0399376,70086382.23439461,68393.80554299057,suboptimal
6,invj-4pc-k2,inverse-j,0.04,+/-20%,3,6291.103619520652,6332.555089683855,73365589.75357215,73365589.75357215,0.0,optimal
6,invj-4pc-k2,inverse-j,0.04,+/-20%,4,6071.302169849253,6268.2166573545455,76297965.08016764,76114031.20264354,183933.8775240928,suboptimal
6,invj-4pc-k2,inverse-j,0.04,+/-20%,5,7285.562603819111,7521.85998616,79359923.83718105,79157375.04220612,202548.79497492313,suboptimal
6,invj-4pc-k2,inverse-j,0.04,+/-20%,6,8742.675124582944,9307.14286416,82724064.40312947,82288953.85318631,435110.549943164,suboptimal
6,invj-4pc-k2,inverse-j,0.04,+/-20%,7,10491.21014949953,16084.90793224,86697055.51170278,83589712.69120823,3107342.8204945475,suboptimal
6,invj-4pc-k2,inverse-j,0.04,+/-20%,8,12469.972826644667,16564.253854993873,84891258.64808764,83151051.26550911,1740207.382578522,suboptimal
6,invj-4pc-k2,inverse-j,0.04,+/-20%,9,9975.97826131573,13289.685059326763,80113701.26611052,79035996.74780631,1077704.5183042139,suboptimal
6,invj-4pc-k2,inverse-j,0.04,+/-20%,10,8812.05200748538,10479.566636262409,77992214.1455555,77630204.46914017,362009.6764153242,suboptimal
6,invj-4pc-k2,inverse-j,0.04,+/-20%,11,10574.462408982456,8471.017772176207,77898403.64885196,,,infeasible
6,invj-4pc-k2,inverse-j,0.04,+/-20%,12,12689.354890778937,6660.7558267074255,78698763.78775004,,,infeasible
6,invj-4pc-k2,inverse-j,0.04,+/-20%,13,15227.225868934735,7992.906990654999,81469449.82356776,,,infeasible
6,invj-4pc-k2,inverse-j,0.04,+/-20%,14,18272.67104272168,9769.99446522,84006439.93046793,,,infeasible
6,invj-4pc-k2,inverse-j,0.04,+/-20%,15,21927.205251266016,20067.6927990693,90466241.24560802,,,infeasible
7,linear-4pc-0pc,linear,0.04,NHF,1,15320.0,15320.0,31693995.706506066,31693995.706506066,0.0,optimal
7,linear-4pc-0pc,linear,0.04,NHF,2,2188.57143076,2188.57143076,29953230.133860454,29953230.133860454,0.0,optimal
7,linear-4pc-0pc,linear,0.04,NHF,3,20148.57144106,20148.57144106,37965460.13972403,37965460.13972403,0.0,optimal
7,linear-4pc-0pc,linear,0.04,NHF,4,12274.285705080001,12274.285705080001,31324009.70944439,31324009.70944439,0.0,optimal
7,linear-4pc-0pc,linear,0.04,NHF,5,2152.2857164380002,2152.2857164380002,29657360.37378207,29657360.37378207,0.0,optimal
7,linear-4pc-0pc,linear,0.04,NHF,6,8365.71428676,8365.71428676,37477849.075428165,37477849.075428165,0.0,optimal
7,linear-4pc-0pc,linear,0.04,NHF,7,21594.285713240002,21594.285713240002,38763402.00441684,38763402.00441684,0.0,optimal
7,linear-4pc-0pc,linear,0.04,NHF,8,2188.57143076,2188.57143076,25471321.663719002,25471321.663719002,0.0,optimal
7,linear-4pc-0pc,linear,0.04,NHF,9,10942.85714614,10942.85714614,31221418.043218136,31221418.043218136,0.0,optimal
7,linear-4pc-0pc,linear,0.04,NHF,10,0.0,0.0,28430790.000491012,28430790.000491012,0.0,optimal
7,linear-4pc-0pc,linear,0.04,NHF,11,9205.71429492,9205.71429492,38397195.16825811,38397195.16825811,0.0,optimal
7,linear-4pc-0pc,linear,0.04,NHF,12,12274.285705080001,14426.571421518001,40593577.46823931,40101897.29473534,491680.17350396514,suboptimal
7,linear-4pc-0pc,linear,0.04,NHF,13,0.0,15320.0,38673016.81408364,34307957.93955729,4365058.874526352,suboptimal
7,linear-4pc-0pc,linear,0.04,NHF,14,0.0,10554.28571752,34880545.47249278,32716504.57498892,2164040.8975038566,suboptimal
7,linear-4pc-0pc,linear,0.04,NHF,15,49444.8571516395,17217.14285938,31865068.649952937,,,infeasible
7,linear-4pc-0pc,linear,0.04,NDY,1,9087.85979923306,9087.85979923306,28436642.713178292,28436642.71317829,3.725290298461914e-09,optimal
7,linear-4pc-0pc,linear,0.04,NDY,2,9087.859799233063,9087.859795240001,30487520.61365612,30487520.61365612,0.0,optimal
7,linear-4pc-0pc,linear,0.04,NDY,3,10442.578735495255,10428.378717412932,32656050.858557872,32656050.85855787,3.725290298461914e-09,optimal
7,linear-4pc-0pc,linear,0.04,NDY,4,10442.578735495255,10441.878320476753,33293838.314771943,33293838.314771943,0.0,optimal
7,linear-4pc-0pc,linear,0.04,NDY,5,10442.578735495252,10364.68284043802,34377357.733646,34377357.733646,0.0,optimal
7,linear-4pc-0pc,linear,0.04,NDY,6,10442.578735495234,10328.177081404527,34241773.68009812,34226802.15517064,14971.524927474558,suboptimal
7,linear-4pc-0pc,linear,0.04,NDY,7,10442.578735495235,9605.075245475295,32756452.83071457,32656151.939187337,100300.89152723178,suboptimal
7,linear-4pc-0pc,linear,0.04,NDY,8,10442.57873549524,9522.9874519548,32632475.20815073,32282250.04099415,350225.16715658084,suboptimal
7,linear-4pc-0pc,linear,0.04,NDY,9,10442.578735495237,8808.403351965297,32198840.56045604,31203903.920924168,994936.6395318732,suboptimal
7,linear-4pc-0pc,linear,0.04,NDY,10,10442.578735495237,8310.888033353773,31097320.706099275,29869298.67436023,1228022.031739045,suboptimal
7,linear-4pc-0pc,linear,0.04,NDY,11,10442.578735495254,8310.88803406106,31979684.4771677,30837040.87736101,1142643.5998066887,suboptimal
7,linear-4pc-0pc,linear,0.04,NDY,12,10442.578735495237,8310.888037543,32792415.123388123,32012437.35573995,779977.7676481716,suboptimal
7,linear-4pc-0pc,linear,0.04,NDY,13,10442.578735495234,10022.052984814425,34275104.475673534,34238470.263158575,36634.212514959276,suboptimal
7,linear-4pc-0pc,linear,0.04,NDY,14,10442.57873549523,9758.173913741099,34581901.87654381,34029554.44947397,552347.4270698428,suboptimal
7,linear-4pc-0pc,linear,0.04,NDY,15,32112.75327587941,9725.566858966718,35241775.68801856,,,infeasible
7,linear-4pc-0pc,linear,0.04,-10%,1,9540.656768545701,9540.656768545701,29397877.095313024,29397877.095313024,0.0,optimal
7,linear-4pc-0pc,linear,0.04,-10%,2,8586.59109169113,8586.59109524,31670939.18756726,31670939.18756726,0.0,optimal
7,linear-4pc-0pc,linear,0.04,-10%,3,12586.64231441051,12519.988818022244,34621447.61070556,34621447.61070556,0.0,optimal
7,linear-4pc-0pc,linear,0.04,-10%,4,11327.978082969455,11268.217284958693,33864891.05760507,33864891.05760507,0.0,optimal
7,linear-4pc-0pc,linear,0.04,-10%,5,10195.18027467251,10140.44243719611,34173096.975469634,34173096.975469634,0.0,optimal
7,linear-4pc-0pc,linear,0.04,-10%,6,9175.662247205259,9126.398190600998,34068763.632131174,34068763.632131174,0.0,optimal
7,linear-4pc-0pc,linear,0.04,-10%,7,10113.887288222742,10636.04278966466,33310739.88697476,33189944.38837534,120795.49859942123,suboptimal
7,linear-4pc-0pc,linear,0.04,-10%,8,9102.498559400468,9468.182505061033,32222342.966339976,32139761.865701664,82581.10063831136,suboptimal
7,linear-4pc-0pc,linear,0.04,-10%,9,8192.248703460422,8521.364253743697,31600146.06179445,31537636.61391847,62509.44787598029,suboptimal
7,linear-4pc-0pc,linear,0.04,-10%,10,7373.023833114382,7669.22782446,30626563.510180928,30575978.597454645,50584.91272628307,suboptimal
7,linear-4pc-0pc,linear,0.04,-10%,11,6635.721449802941,7812.585997926317,32360110.969525125,32066248.8683746,293862.1011505239,suboptimal
7,linear-4pc-0pc,linear,0.04,-10%,12,8992.424415289428,7031.3273967,33909166.1261403,33075616.030769937,833550.0953703597,suboptimal
7,linear-4pc-0pc,linear,0.04,-10%,13,8093.181973760485,14397.490764697093,37730184.41419589,35263175.69183093,2467008.7223649547,suboptimal
7,linear-4pc-0pc,linear,0.04,-10%,14,7967.914662214299,12106.278788723313,34563129.8548956,33222639.01099211,1340490.8439034894,suboptimal
7,linear-4pc-0pc,linear,0.04,-10%,15,33315.05705647705,9061.82955449988,32008888.343986243,,,infeasible
7,linear-4pc-0pc,linear,0.04,-20%,1,10040.94038606391,10040.94038606391,29830891.574885573,29830891.574885573,0.0,optimal
7,linear-4pc-0pc,linear,0.04,-20%,2,8032.752308851128,8032.752305800001,31822907.35981214,31822907.35981214,0.0,optimal
7,linear-4pc-0pc,linear,0.04,-20%,3,14170.14051745,14170.14051745,35346441.83903219,35346441.83903219,0.0,optimal
7,linear-4pc-0pc,linear,0.04,-20%,4,11336.11241396,11336.112414321111,33339808.192387,33339808.192387,0.0,optimal
7,linear-4pc-0pc,linear,0.04,-20%,5,9068.889931168,9068.889933018,33462232.565504592,33462232.565504592,0.0,optimal
7,linear-4pc-0pc,linear,0.04,-20%,6,8365.71428676,8365.714286759998,34330360.435041636,34330360.435041636,0.0,optimal
7,linear-4pc-0pc,linear,0.04,-20%,7,13048.744617479615,12263.564674776315,34577322.21038002,,,infeasible
7,linear-4pc-0pc,linear,0.04,-20%,8,10438.995693983694,9702.39129887876,31947705.715404768,,,infeasible
7,linear-4pc-0pc,linear,0.04,-20%,9,8351.196555186956,7751.6734580638895,30626435.208923798,,,infeasible
7,linear-4pc-0pc,linear,0.04,-20%,10,6680.9572441495675,6201.338762660001,30802714.352629755,30623502.52353726,179211.82909249514,suboptimal
7,linear-4pc-0pc,linear,0.04,-20%,11,5818.943962263045,9205.714294920002,34314860.20763701,33434052.17921696,880808.0284200534,suboptimal
7,linear-4pc-0pc,linear,0.04,-20%,12,8700.586687631643,7509.967204938001,35031249.17505296,34552139.80903156,479109.3660214022,suboptimal
7,linear-4pc-0pc,linear,0.04,-20%,13,6960.4693501053125,16531.327074675188,39045506.391172625,35456650.75168602,3588855.6394866034,suboptimal
7,linear-4pc-0pc,linear,0.04,-20%,14,7467.63104469609,12451.433890781758,33933959.0988689,32376659.761305574,1557299.3375633247,suboptimal
7,linear-4pc-0pc,linear,0.04,-20%,15,38207.24399731223,9288.515169392562,30099653.025463358,,,infeasible
7,linear-4pc-0pc,linear,0.04,+/-10%,1,8676.094709548182,8676.094709548182,28619382.292054318,28619382.29205432,-3.725290298461914e-09,optimal
7,linear-4pc-0pc,linear,0.04,+/-10%,2,9543.704180503006,9543.70417956,31321886.56402708,31321886.56402708,0.0,optimal
7,linear-4pc-0pc,linear,0.04,+/-10%,3,10498.074598553303,12573.756960261919,34335484.662372,33732413.659062795,603071.0033092052,suboptimal
7,linear-4pc-0pc,linear,0.04,+/-10%,4,11547.882058408632,11295.805917491485,33536365.110042177,33370769.83935127,165595.2706909068,suboptimal
7,linear-4pc-0pc,linear,0.04,+/-10%,5,11412.224073615705,10166.225326562188,33488455.18596363,,,infeasible
7,linear-4pc-0pc,linear,0.04,+/-10%,6,10271.001666254135,9149.60279721,33376353.403189693,,,infeasible
7,linear-4pc-0pc,linear,0.04,+/-10%,7,9243.901499628724,10593.263524644446,32656114.46356815,32296425.05787571,359689.4056924395,suboptimal
7,linear-4pc-0pc,linear,0.04,+/-10%,8,8319.51134966585,9533.937171968204,31208146.961617343,31055910.654013436,152236.30760390684,suboptimal
7,linear-4pc-0pc,linear,0.04,+/-10%,9,8535.94242147806,7143.535308703128,30650594.08167388,30574138.671436347,76455.41023753211,suboptimal
7,linear-4pc-0pc,linear,0.04,+/-10%,10,9389.536663625868,7738.2176636275,31501543.95931898,30845461.7653339,656082.1939850822,suboptimal
7,linear-4pc-0pc,linear,0.04,+/-10%,11,10328.490329988455,8512.039426627618,32842753.357156,32686368.51562912,156384.84152688086,suboptimal
7,linear-4pc-0pc,linear,0.04,+/-10%,12,11361.3393629873,9489.503474212308,33867006.03082388,33669791.85964369,197214.17118018866,suboptimal
7,linear-4pc-0pc,linear,0.04,+/-10%,13,12497.473299286034,13669.115540030207,36021474.87905604,35653732.02344921,367742.85560682416,suboptimal
7,linear-4pc-0pc,linear,0.04,+/-10%,14,13747.220629214637,12190.169391685162,32856942.358656414,,,infeasible
7,linear-4pc-0pc,linear,0.04,+/-10%,15,15121.942692136112,9193.796227405437,29833733.530221794,,,infeasible
7,linear-4pc-0pc,linear,0.04,+/-20%,1,8300.025869150162,8300.025869150162,29177760.891398974,29177760.891398974,0.0,optimal
7,linear-4pc-0pc,linear,0.04,+/-20%,2,9960.031042980187,9960.03104308,32313361.12826164,32313361.128261637,3.725290298461914e-09,optimal
7,linear-4pc-0pc,linear,0.04,+/-20%,3,11952.037251576228,14222.956998977112,34961823.6682104,34492338.81908264,469484.849127762,suboptimal
7,linear-4pc-0pc,linear,0.04,+/-20%,4,12783.662755688678,11389.337580455684,32934242.146793906,,,infeasible
7,linear-4pc-0pc,linear,0.04,+/-20%,5,10226.930204550945,9111.470059758001,32399784.862682488,,,infeasible
7,linear-4pc-0pc,linear,0.04,+/-20%,6,8365.71428676,8365.714286759998,33297531.071638476,33297531.071638476,0.0,optimal
7,linear-4pc-0pc,linear,0.04,+/-20%,7,10038.857144112,12709.775077177412,33952433.04079827,33241593.04972954,710839.9910687283,suboptimal
7,linear-4pc-0pc,linear,0.04,+/-20%,8,8995.305521811015,10167.820062812358,29688743.584159616,29574835.359882914,113908.22427670285,suboptimal
7,linear-4pc-0pc,linear,0.04,+/-20%,9,7196.24441744881,5515.168298041667,27547740.68909108,27473288.135117237,74452.55397384241,suboptimal
7,linear-4pc-0pc,linear,0.04,+/-20%,10,7157.276475387636,6618.201957650001,29886611.729668938,29715370.424018543,171241.3056503944,suboptimal
7,linear-4pc-0pc,linear,0.04,+/-20%,11,8588.73177046516,9619.546191789359,33740912.991001904,33622061.3313802,118851.65962170064,suboptimal
7,linear-4pc-0pc,linear,0.04,+/-20%,12,10306.478124558183,11656.570561458,37069533.24382283,36243397.44106058,826135.8027622476,suboptimal
7,linear-4pc-0pc,linear,0.04,+/-20%,13,12367.773749469827,13722.24355574,36464238.15834371,36014473.742781274,449764.415562436,suboptimal
7,linear-4pc-0pc,linear,0.04,+/-20%,14,14841.328499363794,13274.279705101357,33507849.941948865,29583565.354847398,3924284.587101467,suboptimal
7,linear-4pc-0pc,linear,0.04,+/-20%,15,17809.594199236555,9097.037965470434,29132533.60913897,,,infeasible
7,linear-6pc-0pc,linear,0.06,NHF,1,15320.0,15320.0,17132837.947275832,17132837.947275832,0.0,optimal
7,linear-6pc-0pc,linear,0.06,NHF,2,2188.57143076,2188.57143076,15397931.269766541,15397931.269766541,0.0,optimal
7,linear-6pc-0pc,linear,0.06,NHF,3,20148.57144106,20148.57144106,22763096.844960902,22763096.844960902,0.0,optimal
7,linear-6pc-0pc,linear,0.06,NHF,4,12274.285705080001,12274.285705080001,17531770.269005567,17531770.269005567,0.0,optimal
7,linear-6pc-0pc,linear,0.06,NHF,5,2152.2857164380002,2152.2857164380002,15094417.48760818,15094417.48760818,0.0,optimal
7,linear-6pc-0pc,linear,0.06,NHF,6,8365.71428676,8365.71428676,21723969.911751457,21723969.911751457,0.0,optimal
7,linear-6pc-0pc,linear,0.06,NHF,7,21594.285713240002,21594.285713240002,23782824.831323486,23782824.831323486,0.0,optimal
7,linear-6pc-0pc,linear,0.06,NHF,8,2188.57143076,2188.57143076,12190750.15200327,12190750.15200327,0.0,optimal
7,linear-6pc-0pc,linear,0.06,NHF,9,10942.85714614,10942.85714614,16667638.777196469,16667638.777196469,0.0,optimal
7,linear-6pc-0pc,linear,0.06,NHF,10,0.0,0.0,13754558.518514764,13754558.518514764,0.0,optimal
7,linear-6pc-0pc,linear,0.06,NHF,11,9205.71429492,9205.71429492,21945419.1913054,21945419.1913054,0.0,optimal
7,linear-6pc-0pc,linear,0.06,NHF,12,12274.285705080001,14426.571421518001,24545472.55019551,24037534.744608212,507937.80558729917,suboptimal
7,linear-6pc-0pc,linear,0.06,NHF,13,0.0,15320.0,23167303.533747174,18565980.694548767,4601322.839198407,suboptimal
7,linear-6pc-0pc,linear,0.06,NHF,14,0.0,10554.28571752,20247234.320460234,17415531.415651478,2831702.904808756,suboptimal
7,linear-6pc-0pc,linear,0.06,NHF,15,49444.8571516395,17217.14285938,18528827.626075435,,,infeasible
7,linear-6pc-0pc,linear,0.06,NDY,1,9087.859799233061,9087.859799233061,14669397.032431515,14669397.03243152,-5.587935447692871e-09,optimal
7,linear-6pc-0pc,linear,0.06,NDY,2,9087.859799233061,9087.859795240001,16204414.571210781,16204414.571210781,0.0,optimal
7,linear-6pc-0pc,linear,0.06,NDY,3,10451.443664601142,10448.847999318397,18162660.701191157,18162660.70119115,7.450580596923828e-09,optimal
7,linear-6pc-0pc,linear,0.06,NDY,4,10451.443664601142,10448.8479989933,19029178.812528,19029178.812528003,-3.725290298461914e-09,optimal
7,linear-6pc-0pc,linear,0.06,NDY,5,10451.44366460115,10418.154168595931,19926018.33690057,19926018.33690057,0.0,optimal
7,linear-6pc-0pc,linear,0.06,NDY,6,10451.443664601145,10387.081655207963,19911572.655670144,19911572.655670144,0.0,optimal
7,linear-6pc-0pc,linear,0.06,NDY,7,10451.443664601136,10366.664502385825,18321188.1458913,18321188.145891298,3.725290298461914e-09,optimal
7,linear-6pc-0pc,linear,0.06,NDY,8,10451.443664601153,10366.664500353925,17461532.04394119,17461532.04394119,0.0,optimal
7,linear-6pc-0pc,linear,0.06,NDY,9,10451.44366460113,8610.138652094562,16474931.839871934,15816121.159904893,658810.6799670402,suboptimal
7,linear-6pc-0pc,linear,0.06,NDY,10,10451.443664601145,7916.774468004999,15468380.190953342,14009364.355113152,1459015.8358401898,suboptimal
7,linear-6pc-0pc,linear,0.06,NDY,11,10451.44366460117,6275.499413559999,15775201.316014221,14132205.835994447,1642995.4800197743,suboptimal
7,linear-6pc-0pc,linear,0.06,NDY,12,10451.443664601142,6275.49941744,17448039.412604384,16079522.5258107,1368516.8867936842,suboptimal
7,linear-6pc-0pc,linear,0.06,NDY,13,10451.443664601144,11078.519578733867,20415465.54398779,20164685.39239435,250780.15159343928,suboptimal
7,linear-6pc-0pc,linear,0.06,NDY,14,10451.443664601153,10203.71852752382,20020806.33082556,20011475.988009185,9330.342816375196,suboptimal
7,linear-6pc-0pc,linear,0.06,NDY,15,31811.077681011895,10010.217298395151,19602543.49782813,,,infeasible
7,linear-6pc-0pc,linear,0.06,-10%,1,9540.656768545701,9540.656768545701,15235260.329849819,15235260.32984982,-1.862645149230957e-09,optimal
7,linear-6pc-0pc,linear,0.06,-10%,2,8586.591091691134,8586.59109524,16815628.117006037,16815628.117006037,0.0,optimal
7,linear-6pc-0pc,linear,0.06,-10%,3,12601.698726057974,12751.646649499757,19597967.008342154,19596246.689016767,1720.3193253874779,suboptimal
7,linear-6pc-0pc,linear,0.06,-10%,4,11341.528853452179,11429.084256432787,19228030.612969827,19228030.612969827,0.0,optimal
7,linear-6pc-0pc,linear,0.06,-10%,5,10207.375968106962,10282.083901739517,18985472.741998143,18985472.741998143,0.0,optimal
7,linear-6pc-0pc,linear,0.06,-10%,6,9186.638371296265,9253.875514502499,18972184.41809367,18972184.41809367,0.0,optimal
7,linear-6pc-0pc,linear,0.06,-10%,7,10794.664049900166,9999.747086952058,17795186.26199175,,,infeasible
7,linear-6pc-0pc,linear,0.06,-10%,8,9715.197644910148,8889.97006111409,17079636.49748534,,,infeasible
7,linear-6pc-0pc,linear,0.06,-10%,9,8743.677880419133,6165.881974416377,16595722.040881263,,,infeasible
7,linear-6pc-0pc,linear,0.06,-10%,10,7869.31009237722,5549.29377997,18714709.879146922,17910449.192988884,804260.6861580387,suboptimal
7,linear-6pc-0pc,linear,0.06,-10%,11,7082.379083139501,14672.065167609475,23485123.512159236,20095174.458737597,3389949.053421639,suboptimal
7,linear-6pc-0pc,linear,0.06,-10%,12,9004.94193077435,13036.449328380606,21095828.497425344,19505121.75679025,1590706.7406350933,suboptimal
7,linear-6pc-0pc,linear,0.06,-10%,13,8104.4477376969135,11732.804392748,18977387.25467652,17671302.52296128,1306084.7317152396,suboptimal
7,linear-6pc-0pc,linear,0.06,-10%,14,7967.914662214299,9984.283193022991,17533466.610529874,16988942.03410078,544524.5764290951,suboptimal
7,linear-6pc-0pc,linear,0.06,-10%,15,34993.82152701769,7939.736866130619,15986650.615182891,,,infeasible
7,linear-6pc-0pc,linear,0.06,-20%,1,10040.940386063914,10040.940386063914,15552035.311193144,15552035.311193144,0.0,optimal
7,linear-6pc-0pc,linear,0.06,-20%,2,8032.752308851126,8032.752305800001,16943098.319381736,16943098.31938174,-3.725290298461914e-09,optimal
7,linear-6pc-0pc,linear,0.06,-20%,3,14306.460658311247,14421.407193548912,20352897.95378493,20352897.95378493,0.0,optimal
7,linear-6pc-0pc,linear,0.06,-20%,4,11445.168526649,11537.125755865556,18908241.83666827,18908241.83666827,0.0,optimal
7,linear-6pc-0pc,linear,0.06,-20%,5,9156.134821319203,9229.700607058,18287389.85838243,18287389.85838243,0.0,optimal
7,linear-6pc-0pc,linear,0.06,-20%,6,8365.71428676,8365.71428676,19048180.26161841,19048180.26161841,0.0,optimal
7,linear-6pc-0pc,linear,0.06,-20%,7,12243.263908311175,11629.04673176024,18939744.877087038,,,infeasible
7,linear-6pc-0pc,linear,0.06,-20%,8,9794.611126648937,9190.708290651055,16794290.21362571,,,infeasible
7,linear-6pc-0pc,linear,0.06,-20%,9,7835.688901319151,5327.169807627777,15516189.477198886,,,infeasible
7,linear-6pc-0pc,linear,0.06,-20%,10,6268.551121055325,4261.7358434,17900443.465562765,17202825.58879689,697617.8767658733,suboptimal
7,linear-6pc-0pc,linear,0.06,-20%,11,6470.771756992097,14932.8785441,24055268.86014477,20962487.09219739,3092781.767947383,suboptimal
7,linear-6pc-0pc,linear,0.06,-20%,12,8338.460135004392,13600.401194398659,21635605.84144067,19921552.467079867,1714053.3743608035,suboptimal
7,linear-6pc-0pc,linear,0.06,-20%,13,6670.768108003513,10880.320954346,19101321.51999538,17555409.654218897,1545911.865776483,suboptimal
7,linear-6pc-0pc,linear,0.06,-20%,14,7467.63104469609,10663.925078541011,18577841.31743004,17471136.812253907,1106704.5051761344,suboptimal
7,linear-6pc-0pc,linear,0.06,-20%,15,40697.80055949371,8531.1400660275,16358876.576159576,,,infeasible
7,linear-6pc-0pc,linear,0.06,+/-10%,1,8676.094709548186,8676.094709548186,14785781.621846057,14785781.621846056,1.862645149230957e-09,optimal
7,linear-6pc-0pc,linear,0.06,+/-10%,2,9543.704180503002,9543.70417956,16806160.3288519,16806160.3288519,0.0,optimal
7,linear-6pc-0pc,linear,0.06,+/-10%,3,10498.074598553301,12676.255079953604,19522056.92740413,18839949.98092083,682106.9464833029,suboptimal
7,linear-6pc-0pc,linear,0.06,+/-10%,4,11547.882058408632,11409.429315226425,19161398.99999072,19152807.451292828,8591.548697892576,suboptimal
7,linear-6pc-0pc,linear,0.06,+/-10%,5,11401.581575891953,10268.486379910999,18839375.53379588,,,infeasible
7,linear-6pc-0pc,linear,0.06,+/-10%,6,10261.423418302758,9241.637743182,18654033.775999427,,,infeasible
7,linear-6pc-0pc,linear,0.06,+/-10%,7,9602.925524646209,10165.801520759886,17504569.583969913,17383401.153107975,121168.43086193874,suboptimal
7,linear-6pc-0pc,linear,0.06,+/-10%,8,8642.63297218159,8936.708864976321,15914969.185970262,15906100.215930806,8868.97003945522,suboptimal
7,linear-6pc-0pc,linear,0.06,+/-10%,9,8413.218287501488,7577.121426041692,15163138.308969306,14978900.47027117,184237.8386981357,suboptimal
7,linear-6pc-0pc,linear,0.06,+/-10%,10,9254.540116251632,8334.833569805,14231309.102496922,,,infeasible
7,linear-6pc-0pc,linear,0.06,+/-10%,11,10179.994127876795,12975.743629658948,22102040.486177344,20562780.15375436,1539260.332422983,suboptimal
7,linear-6pc-0pc,linear,0.06,+/-10%,12,11197.993540664476,11678.169267152,20640900.694357183,20553715.58072233,87185.11363485456,suboptimal
7,linear-6pc-0pc,linear,0.06,+/-10%,13,12317.792894730926,11640.486801146002,19669360.7360413,19459894.319159955,209466.4168813452,suboptimal
7,linear-6pc-0pc,linear,0.06,+/-10%,14,13549.572184204017,11022.490944842162,18479783.496472213,,,infeasible
7,linear-6pc-0pc,linear,0.06,+/-10%,15,14904.529402624425,9400.46256759258,16848820.951997735,,,infeasible
7,linear-6pc-0pc,linear,0.06,+/-20%,1,8977.613583769647,8977.613583769647,15057885.044309366,15057885.044309366,0.0,optimal
7,linear-6pc-0pc,linear,0.06,+/-20%,2,9209.907828884465,9209.907830600001,16977888.953670625,16977888.95367063,-3.725290298461914e-09,optimal
7,linear-6pc-0pc,linear,0.06,+/-20%,3,11051.889394661352,14421.407193548912,20188354.334289715,19336647.56245545,851706.7718342654,suboptimal
7,linear-6pc-0pc,linear,0.06,+/-20%,4,13262.267273593627,11537.125755865563,18654430.41972866,,,infeasible
7,linear-6pc-0pc,linear,0.06,+/-20%,5,10609.813818874904,9229.700607058,17751815.658027966,,,infeasible
7,linear-6pc-0pc,linear,0.06,+/-20%,6,8487.85105509992,8365.714286760001,18169278.67418218,,,infeasible
7,linear-6pc-0pc,linear,0.06,+/-20%,7,10185.421266119904,11357.413784291435,18047891.76606296,17769459.39789045,278432.36817251146,suboptimal
7,linear-6pc-0pc,linear,0.06,+/-20%,8,8629.751340163195,8759.092585826947,15025830.868632067,15025154.582996495,676.2856355719268,suboptimal
7,linear-6pc-0pc,linear,0.06,+/-20%,9,6903.801072130555,6262.593702676328,13815148.09247069,13682031.310118206,133116.78235248476,suboptimal
7,linear-6pc-0pc,linear,0.06,+/-20%,10,7177.609111597461,7515.112448065,14193176.224217381,14081046.485725116,112129.73849226534,suboptimal
7,linear-6pc-0pc,linear,0.06,+/-20%,11,8613.130933916953,14932.8785441,23355890.006654464,19673108.088879377,3682781.917775087,suboptimal
7,linear-6pc-0pc,linear,0.06,+/-20%,12,10335.757120700346,12056.687225470452,20449727.22210593,20104574.190959968,345153.0311459638,suboptimal
7,linear-6pc-0pc,linear,0.06,+/-20%,13,12402.908544840402,9645.349778807002,18836013.576772586,18058326.56913861,777687.0076339766,suboptimal
7,linear-6pc-0pc,linear,0.06,+/-20%,14,14883.490253808488,13113.937234687874,19916842.950716227,15111033.31802584,4805809.632690387,suboptimal
7,linear-6pc-0pc,linear,0.06,+/-20%,15,17860.188304570183,9593.471882906528,16280959.916920269,,,infeasible
7,invj-4pc-k1,inverse-j,0.04,NHF,1,4377.14285386,4377.14285386,97338077.46249545,97338077.46249545,0.0,optimal
7,invj-4pc-k1,inverse-j,0.04,NHF,2,2188.57143076,2188.57143076,100451070.72254767,100451070.72254767,0.0,optimal
7,invj-4pc-k1,inverse-j,0.04,NHF,3,24725.000007417504,20148.57144106,106746680.98886646,106704707.1685511,41973.82031536102,suboptimal
7,invj-4pc-k1,inverse-j,0.04,NHF,4,0.0,27724.285709715,100245091.30388375,98315742.01661694,1929349.2872668058,suboptimal
7,invj-4pc-k1,inverse-j,0.04,NHF,5,23632.285716438,2152.2857164380002,90285015.59686084,,,infeasible
7,invj-4pc-k1,inverse-j,0.04,NHF,6,8365.71428676,8365.71428676,101496509.66115275,101496509.66115275,0.0,optimal
7,invj-4pc-k1,inverse-j,0.04,NHF,7,10651.4285671,10651.4285671,100361816.29862578,100361816.29862578,0.0,optimal
7,invj-4pc-k1,inverse-j,0.04,NHF,8,2188.57143076,2188.57143076,96433309.09803697,96433309.09803697,0.0,optimal
7,invj-4pc-k1,inverse-j,0.04,NHF,9,21885.71429228,10942.85714614,100462599.42434256,,,infeasible
7,invj-4pc-k1,inverse-j,0.04,NHF,10,0.0,10942.85714614,98378949.08406107,96088351.75686543,2290597.3271956444,suboptimal
7,invj-4pc-k1,inverse-j,0.04,NHF,11,0.0,9205.71429492,97215919.7182182,95779647.68130988,1436272.0369083285,suboptimal
7,invj-4pc-k1,inverse-j,0.04,NHF,12,0.0,14426.571421518001,96478906.7551849,94111315.96602955,2367590.789155349,suboptimal
7,invj-4pc-k1,inverse-j,0.04,NHF,13,21480.0,4377.14285386,96533912.48817617,,,infeasible
7,invj-4pc-k1,inverse-j,0.04,NHF,14,2188.57143076,10554.28571752,108067264.86651456,107196156.19337344,871108.6731411219,suboptimal
7,invj-4pc-k1,inverse-j,0.04,NHF,15,46084.8571490995,17217.14285938,103599758.8875989,,,infeasible
7,invj-4pc-k1,inverse-j,0.04,NDY,1,9087.859799233063,9087.859799233063,92255866.15167207,92255866.15167207,0.0,optimal
7,invj-4pc-k1,inverse-j,0.04,NDY,2,9087.85979923306,9087.859795240001,93985814.46824297,93985814.46824297,0.0,optimal
7,invj-4pc-k1,inverse-j,0.04,NDY,3,9348.227513629798,9189.011965202704,95303899.98347956,95209962.89888051,93937.0845990479,suboptimal
7,invj-4pc-k1,inverse-j,0.04,NDY,4,9348.227513629798,8713.169240888768,95287286.9728658,93885475.060231,1401811.9126348048,suboptimal
7,invj-4pc-k1,inverse-j,0.04,NDY,5,9348.227513629801,8742.14143189705,96050406.06084263,94879906.14247617,1170499.918366462,suboptimal
7,invj-4pc-k1,inverse-j,0.04,NDY,6,9348.2275136298,9007.414084464159,98925915.26765835,98867464.97609285,58450.29156550765,suboptimal
7,invj-4pc-k1,inverse-j,0.04,NDY,7,9348.22751362979,9430.926799842056,99561460.19595742,99561460.19595742,0.0,optimal
7,invj-4pc-k1,inverse-j,0.04,NDY,8,9348.227513629798,9461.867451782158,100370642.53823794,100364492.19663595,6150.341601997614,suboptimal
7,invj-4pc-k1,inverse-j,0.04,NDY,9,9348.227513629798,9087.021753800458,98457818.25886716,98367988.72089407,89829.537973091,suboptimal
7,invj-4pc-k1,inverse-j,0.04,NDY,10,9348.227513629798,8752.247179323047,99202335.3643076,99006175.50862245,196159.85568514466,suboptimal
7,invj-4pc-k1,inverse-j,0.04,NDY,11,9348.227513629803,9274.502806281736,98647173.64903697,98647173.649037,-2.9802322387695312e-08,optimal
7,invj-4pc-k1,inverse-j,0.04,NDY,12,9348.227513629798,9039.196924597658,97662014.0408908,97518362.63357927,143651.40731152892,suboptimal
7,invj-4pc-k1,inverse-j,0.04,NDY,13,9348.227513629801,9181.693268388486,97614916.6232859,97607997.26763088,6919.355655029416,suboptimal
7,invj-4pc-k1,inverse-j,0.04,NDY,14,10943.888889870612,9287.989841077551,99105671.05275959,93971666.6591833,5134004.393576294,suboptimal
7,invj-4pc-k1,inverse-j,0.04,NDY,15,27950.812018219065,9001.625643507126,98386907.57852271,,,infeasible
7,invj-4pc-k1,inverse-j,0.04,-10%,1,9215.037595136844,9215.037595136844,93494142.4495501,93494142.4495501,0.0,optimal
7,invj-4pc-k1,inverse-j,0.04,-10%,2,8947.067670086315,3666.8496571656324,96589658.63062307,96411570.67848098,178087.9521420896,suboptimal
7,invj-4pc-k1,inverse-j,0.04,-10%,3,12626.243533629713,14534.220895080682,101283578.17833787,101155701.49612781,127876.68221005797,suboptimal
7,invj-4pc-k1,inverse-j,0.04,-10%,4,11363.619180266745,11937.060829309703,97612362.46013825,97605760.68333285,6601.776805400848,suboptimal
7,invj-4pc-k1,inverse-j,0.04,-10%,5,10227.257262240077,11899.019752993036,100473344.00360659,100393213.82582697,80130.17777961493,suboptimal
7,invj-4pc-k1,inverse-j,0.04,-10%,6,9204.531536016068,10763.809539798753,99681654.70994958,99501513.84189439,180140.86805519462,suboptimal
7,invj-4pc-k1,inverse-j,0.04,-10%,7,9215.037595136844,9687.428585566515,98402875.12483062,98347069.65125659,55805.47357402742,suboptimal
7,invj-4pc-k1,inverse-j,0.04,-10%,8,8293.533835623159,8718.685726148695,98218802.44126992,98165751.85111788,53050.590152040124,suboptimal
7,invj-4pc-k1,inverse-j,0.04,-10%,9,7464.180452060841,7810.42365793693,97065202.36572988,97019301.47597869,45900.88975119591,suboptimal
7,invj-4pc-k1,inverse-j,0.04,-10%,10,6717.7624068547575,7029.3812954575005,97432203.28068593,97408286.86226423,23916.418421700597,suboptimal
7,invj-4pc-k1,inverse-j,0.04,-10%,11,6045.986166169281,11622.3749183,99478020.97744808,98534479.7075758,943541.269872278,suboptimal
7,invj-4pc-k1,inverse-j,0.04,-10%,12,8588.387851805857,10552.890509318,96980573.47736837,96641631.22170264,338942.2556657344,suboptimal
7,invj-4pc-k1,inverse-j,0.04,-10%,13,7729.549066625272,11103.965984035993,98708164.97185244,98129432.37476446,578732.5970879793,suboptimal
7,invj-4pc-k1,inverse-j,0.04,-10%,14,10697.050052946885,9929.444430035897,98241361.55578211,97585455.63440856,655905.9213735461,suboptimal
7,invj-4pc-k1,inverse-j,0.04,-10%,15,35547.8973766428,8858.997411577382,97299651.45121045,,,infeasible
7,invj-4pc-k1,inverse-j,0.04,-20%,1,10040.940386063907,10040.940386063907,93993682.14744592,93993682.14744593,-1.4901161193847656e-08,optimal
7,invj-4pc-k1,inverse-j,0.04,-20%,2,8032.752308851133,2188.57143076,96514135.91648376,96285787.2141183,228348.702365458,suboptimal
7,invj-4pc-k1,inverse-j,0.04,-20%,3,12773.39272216151,16678.455661826658,102031641.32599173,101792855.0335154,238786.29247634113,suboptimal
7,invj-4pc-k1,inverse-j,0.04,-20%,4,10218.714177729213,11058.528314838619,96916579.19785042,96862245.51911826,54333.67873215675,suboptimal
7,invj-4pc-k1,inverse-j,0.04,-20%,5,10351.274555515965,12926.565080465349,101319323.56383407,101157527.0167401,161796.54709397256,suboptimal
7,invj-4pc-k1,inverse-j,0.04,-20%,6,8365.71428676,10341.252060285,99302667.15578194,99084860.98090965,217806.17487229407,suboptimal
7,invj-4pc-k1,inverse-j,0.04,-20%,7,12169.772029498386,10612.378325798049,98251402.14800431,,,infeasible
7,invj-4pc-k1,inverse-j,0.04,-20%,8,9735.81762359872,8915.49319521289,97157638.78880297,,,infeasible
7,invj-4pc-k1,inverse-j,0.04,-20%,9,7788.65409887897,7128.561495644444,94904413.7533248,,,infeasible
7,invj-4pc-k1,inverse-j,0.04,-20%,10,6230.923279103175,5702.849195440001,95713123.83871359,95510922.36238335,202201.4763302356,suboptimal
7,invj-4pc-k1,inverse-j,0.04,-20%,11,4984.73862328254,10240.692206254444,99496687.64150488,98750039.14763235,746648.4938725382,suboptimal
7,invj-4pc-k1,inverse-j,0.04,-20%,12,9164.034098176367,8192.553763738,97389152.80363497,97007189.79101567,381963.0126193017,suboptimal
7,invj-4pc-k1,inverse-j,0.04,-20%,13,7331.227278541094,14649.535530849462,103148050.48054329,101972898.76229833,1175151.718244955,suboptimal
7,invj-4pc-k1,inverse-j,0.04,-20%,14,7467.631044696094,11679.409413966698,99845671.08697106,99318650.14857312,527020.938397944,suboptimal
7,invj-4pc-k1,inverse-j,0.04,-20%,15,37867.03462381846,9343.527529301431,97681981.74155495,,,infeasible
7,invj-4pc-k1,inverse-j,0.04,+/-10%,1,8676.094709548182,8676.094709548182,91275188.29141581,91275188.29141581,0.0,optimal
7,invj-4pc-k1,inverse-j,0.04,+/-10%,2,9543.704180503004,9543.70417956,93240048.91018377,93240048.91018374,2.9802322387695312e-08,optimal
7,invj-4pc-k1,inverse-j,0.04,+/-10%,3,10498.074598553305,11815.252744698011,94117574.4087374,94024028.28442791,93546.12430949509,suboptimal
7,invj-4pc-k1,inverse-j,0.04,+/-10%,4,9448.267138697976,10558.96380709485,91930899.75915004,91825998.51185268,104901.2472973615,suboptimal
7,invj-4pc-k1,inverse-j,0.04,+/-10%,5,8503.440424828166,10711.228037530862,93316451.83090816,92929275.00134964,387176.8295585215,suboptimal
7,invj-4pc-k1,inverse-j,0.04,+/-10%,6,7653.096382345369,10515.540815209162,94663963.1578734,93835343.91855322,828619.2393201888,suboptimal
7,invj-4pc-k1,inverse-j,0.04,+/-10%,7,8400.447518699679,9585.62355231044,93503875.32848899,93279967.39851083,223907.92997816205,suboptimal
7,invj-4pc-k1,inverse-j,0.04,+/-10%,8,9240.492270569646,8458.184566993874,93620430.15137643,93251212.79092291,369217.36045351624,suboptimal
7,invj-4pc-k1,inverse-j,0.04,+/-10%,9,10164.541497626611,7770.820104905088,93054308.22434089,,,infeasible
7,invj-4pc-k1,inverse-j,0.04,+/-10%,10,9901.826946371153,6758.111867549525,93264692.72079596,91671760.21869224,1592932.5021037161,suboptimal
7,invj-4pc-k1,inverse-j,0.04,+/-10%,11,10892.009641008259,7433.923053052499,94860720.5804377,94216238.70849901,644481.8719386905,suboptimal
7,invj-4pc-k1,inverse-j,0.04,+/-10%,12,11981.210605109098,12492.752315953245,97088131.46508712,97038693.96331659,49437.50177052617,suboptimal
7,invj-4pc-k1,inverse-j,0.04,+/-10%,13,13179.331665619999,11503.872691777924,95451531.55943462,93972518.10965946,1479013.4497751594,suboptimal
7,invj-4pc-k1,inverse-j,0.04,+/-10%,14,14497.264832182005,10247.75914565,94859957.62852173,89055488.22181955,5804469.406702176,suboptimal
7,invj-4pc-k1,inverse-j,0.04,+/-10%,15,15946.991315400208,9245.604176605886,95001444.8350813,,,infeasible
7,invj-4pc-k1,inverse-j,0.04,+/-20%,1,8300.025869150162,8300.025869150162,92421415.29086027,92421415.29086027,0.0,optimal
7,invj-4pc-k1,inverse-j,0.04,+/-20%,2,9960.031042980188,9960.03104308,94603024.63402617,94603024.63402615,1.4901161193847656e-08,optimal
7,invj-4pc-k1,inverse-j,0.04,+/-20%,3,11952.037251576228,13456.786207011994,95159259.25475305,95056415.44640326,102843.80834978819,suboptimal
7,invj-4pc-k1,inverse-j,0.04,+/-20%,4,10378.734785127519,11646.741048543332,91759767.04599749,91732510.01629394,27257.02970354259,suboptimal
7,invj-4pc-k1,inverse-j,0.04,+/-20%,5,8302.987828102014,9488.125086638,91270368.88674404,91115057.09323683,155311.79350720346,suboptimal
7,invj-4pc-k1,inverse-j,0.04,+/-20%,6,7946.671179663757,8365.714286760001,94479970.15327302,94432693.78459677,47276.36867624521,suboptimal
7,invj-4pc-k1,inverse-j,0.04,+/-20%,7,9536.00541559651,10166.944063122504,95538472.51555414,95531331.78135388,7140.734200268984,suboptimal
7,invj-4pc-k1,inverse-j,0.04,+/-20%,8,11443.206498715808,9173.245762024333,95034871.87530862,94058949.75119802,975922.1241105944,suboptimal
7,invj-4pc-k1,inverse-j,0.04,+/-20%,9,9220.51349081169,7728.431712442535,93543240.27446522,93039488.87515408,503751.3993111402,suboptimal
7,invj-4pc-k1,inverse-j,0.04,+/-20%,10,7376.410792649353,5704.6153705978095,93462793.90809365,93189598.93640494,273194.9716887027,suboptimal
7,invj-4pc-k1,inverse-j,0.04,+/-20%,11,8851.692951179226,6845.538441665,96062654.13245836,95808822.31676574,253831.8156926185,suboptimal
7,invj-4pc-k1,inverse-j,0.04,+/-20%,12,10622.03154141507,13799.026766777999,99668582.52834879,99017487.66064255,651094.8677062392,suboptimal
7,invj-4pc-k1,inverse-j,0.04,+/-20%,13,12746.437849698083,13944.617839947132,96559241.56659101,96429818.34298949,129423.22360152006,suboptimal
7,invj-4pc-k1,inverse-j,0.04,+/-20%,14,15295.725419637676,10242.382163279895,94618255.32610479,90685013.81129147,3933241.514813319,suboptimal
7,invj-4pc-k1,inverse-j,0.04,+/-20%,15,18354.87050356526,9191.367141815836,94735632.96800882,,,infeasible
7,invj-4pc-k2,inverse-j,0.04,NHF,1,15320.0,15320.0,69305864.94420664,69305864.94420664,0.0,optimal
7,invj-4pc-k2,inverse-j,0.04,NHF,2,2188.57143076,2188.57143076,65650934.834843434,65650934.834843434,0.0,optimal
7,invj-4pc-k2,inverse-j,0.04,NHF,3,10942.85714614,20148.57144106,73175521.99263346,71531847.71128388,1643674.2813495845,suboptimal
7,invj-4pc-k2,inverse-j,0.04,NHF,4,0.0,12274.285705080001,65661875.97396528,63212691.76296976,2449184.2109955177,suboptimal
7,invj-4pc-k2,inverse-j,0.04,NHF,5,23632.285716438,2152.2857164380002,67018933.0060997,,,infeasible
7,invj-4pc-k2,inverse-j,0.04,NHF,6,8365.71428676,8365.71428676,77279357.22909518,77279357.22909518,0.0,optimal
7,invj-4pc-k2,inverse-j,0.04,NHF,7,21594.285713240002,21594.285713240002,79155564.15743384,79155564.15743384,0.0,optimal
7,invj-4pc-k2,inverse-j,0.04,NHF,8,2188.57143076,2188.57143076,63860559.44499422,63860559.44499422,0.0,optimal
7,invj-4pc-k2,inverse-j,0.04,NHF,9,10942.85714614,10942.85714614,68549942.66608162,68549942.66608162,0.0,optimal
7,invj-4pc-k2,inverse-j,0.04,NHF,10,0.0,0.0,64289329.85030817,64289329.85030817,0.0,optimal
7,invj-4pc-k2,inverse-j,0.04,NHF,11,0.0,9205.71429492,74149574.97373483,71557687.9909006,2591886.98283422,suboptimal
7,invj-4pc-k2,inverse-j,0.04,NHF,12,0.0,14426.571421518001,74585255.2024849,70433616.68450287,4151638.517982036,suboptimal
7,invj-4pc-k2,inverse-j,0.04,NHF,13,21480.0,15320.0,75534514.73298407,72953538.05596024,2580976.677023828,suboptimal
7,invj-4pc-k2,inverse-j,0.04,NHF,14,2188.57143076,10554.28571752,74962514.9736845,72853899.68746462,2108615.28621988,suboptimal
7,invj-4pc-k2,inverse-j,0.04,NHF,15,47256.2857208795,17217.14285938,72117762.85263558,,,infeasible
7,invj-4pc-k2,inverse-j,0.04,NDY,1,9087.859799233061,9087.859799233061,65341403.45618634,65341403.456186354,-1.4901161193847656e-08,optimal
7,invj-4pc-k2,inverse-j,0.04,NDY,2,9087.859799233061,9087.859795240001,66832512.075745,66832512.075745,0.0,optimal
7,invj-4pc-k2,inverse-j,0.04,NDY,3,9348.227513629796,9201.64899722171,68095973.02795343,68061269.91138086,34703.11657257378,suboptimal
7,invj-4pc-k2,inverse-j,0.04,NDY,4,9348.227513629798,8787.134605556517,68274502.20790721,67552509.79511946,721992.4127877504,suboptimal
7,invj-4pc-k2,inverse-j,0.04,NDY,5,9348.227513629796,8769.338305929869,68988682.66168952,68430300.99335936,558381.6683301628,suboptimal
7,invj-4pc-k2,inverse-j,0.04,NDY,6,9348.227513629798,9495.738439392615,71226730.50236902,71217153.39483576,9577.10753326118,suboptimal
7,invj-4pc-k2,inverse-j,0.04,NDY,7,9348.227513629798,9493.00648711608,71729724.8086555,71705972.67210114,23752.13655436039,suboptimal
7,invj-4pc-k2,inverse-j,0.04,NDY,8,9348.227513629796,9426.042726948399,71297521.70376183,71297521.70376183,0.0,optimal
7,invj-4pc-k2,inverse-j,0.04,NDY,9,9348.227513629796,9346.29614753909,71430574.24840376,71430574.24840376,0.0,optimal
7,invj-4pc-k2,inverse-j,0.04,NDY,10,9348.227513629816,9256.047128725975,69863600.14227626,69863600.14227626,0.0,optimal
7,invj-4pc-k2,inverse-j,0.04,NDY,11,9348.22751362978,9051.847710826934,69879227.03608589,69817743.9358405,61483.10024538636,suboptimal
7,invj-4pc-k2,inverse-j,0.04,NDY,12,9348.227513629798,9193.806376571492,69890260.53552006,69886713.33195205,3547.2035680115223,suboptimal
7,invj-4pc-k2,inverse-j,0.04,NDY,13,9348.227513629767,8900.208935452216,68961314.88066377,68440679.51896854,520635.36169523,suboptimal
7,invj-4pc-k2,inverse-j,0.04,NDY,14,10943.88888987064,9163.092153569778,70883696.58280174,67359790.42466862,3523906.1581331193,suboptimal
7,invj-4pc-k2,inverse-j,0.04,NDY,15,27950.81201821908,9228.071592828717,71030276.54044746,,,infeasible
7,invj-4pc-k2,inverse-j,0.04,-10%,1,9540.656768545703,9540.656768545703,66392220.89460144,66392220.89460145,-7.450580596923828e-09,optimal
7,invj-4pc-k2,inverse-j,0.04,-10%,2,8586.591091691129,8586.591095239999,68629257.66752133,68629257.66752133,0.0,optimal
7,invj-4pc-k2,inverse-j,0.04,-10%,3,12626.24353362972,12737.022881924448,70644831.72779644,70644831.72779644,0.0,optimal
7,invj-4pc-k2,inverse-j,0.04,-10%,4,11363.619180266745,11415.797277828704,68652791.1476283,68652791.1476283,0.0,optimal
7,invj-4pc-k2,inverse-j,0.04,-10%,5,10227.257262240071,10270.174995602589,70364882.07435946,70364882.07435945,1.4901161193847656e-08,optimal
7,invj-4pc-k2,inverse-j,0.04,-10%,6,9204.531536016064,9243.15749896,71783597.85111478,71783597.8511148,-1.4901161193847656e-08,optimal
7,invj-4pc-k2,inverse-j,0.04,-10%,7,9215.037595136844,9231.857222859768,70226171.95371546,70226171.95371546,0.0,optimal
7,invj-4pc-k2,inverse-j,0.04,-10%,8,8293.533835623155,8100.7011230095995,69648590.9831972,69622595.9519821,25995.03121510148,suboptimal
7,invj-4pc-k2,inverse-j,0.04,-10%,9,7464.180452060841,7290.6310153800005,69552102.18056898,69518601.7410198,33500.439549177885,suboptimal
7,invj-4pc-k2,inverse-j,0.04,-10%,10,6717.762406854755,6561.5679117,70013980.7679924,69975336.06838009,38644.69961231947,suboptimal
7,invj-4pc-k2,inverse-j,0.04,-10%,11,6045.9861661692785,13202.816442567218,73735059.59979825,71002130.1780235,2732929.421774745,suboptimal
7,invj-4pc-k2,inverse-j,0.04,-10%,12,8588.387851805852,11990.243846540301,70833205.38309868,69672087.98599553,1161117.3971031457,suboptimal
7,invj-4pc-k2,inverse-j,0.04,-10%,13,7729.549066625272,10791.219463095085,70399132.87642798,69390319.45366727,1008813.4227607101,suboptimal
7,invj-4pc-k2,inverse-j,0.04,-10%,14,10697.050052946894,9679.04339888716,70772291.02279238,70169657.12767632,602633.895116061,suboptimal
7,invj-4pc-k2,inverse-j,0.04,-10%,15,35547.8973766428,8694.916167981923,70069476.6807026,,,infeasible
7,invj-4pc-k2,inverse-j,0.04,-20%,1,10040.940386063907,10040.940386063907,66770804.4984996,66770804.498499595,7.450580596923828e-09,optimal
7,invj-4pc-k2,inverse-j,0.04,-20%,2,8032.7523088511325,8032.752305800001,68614609.18469267,68614609.18469267,0.0,optimal
7,invj-4pc-k2,inverse-j,0.04,-20%,3,13709.18396057159,14421.407193548908,71124174.23388563,71016910.8472093,107263.3866763264,suboptimal
7,invj-4pc-k2,inverse-j,0.04,-20%,4,10967.347168457272,11537.125755865556,67924212.73771778,67834712.13457029,89500.60314749181,suboptimal
7,invj-4pc-k2,inverse-j,0.04,-20%,5,8773.877734765809,9229.700607058,69817547.96189182,69747058.22241576,70489.7394760549,suboptimal
7,invj-4pc-k2,inverse-j,0.04,-20%,6,8365.71428676,8365.71428676,72800589.3005631,72800589.3005631,0.0,optimal
7,invj-4pc-k2,inverse-j,0.04,-20%,7,11866.072011646049,10648.92505855064,72138341.89911515,,,infeasible
7,invj-4pc-k2,inverse-j,0.04,-20%,8,9492.857609316841,8254.96329711534,69671605.4227608,69465504.22111094,206101.20164985955,suboptimal
7,invj-4pc-k2,inverse-j,0.04,-20%,9,8359.25851254365,6603.970638911149,68600328.96586812,68061495.99121593,538832.974652186,suboptimal
7,invj-4pc-k2,inverse-j,0.04,-20%,10,6687.406810034918,5283.176511755,69708978.12677068,69128394.59064642,580583.5361242592,suboptimal
7,invj-4pc-k2,inverse-j,0.04,-20%,11,5349.92544802794,14932.8785441,75298390.77845098,72112526.23120216,3185864.5472488254,suboptimal
7,invj-4pc-k2,inverse-j,0.04,-20%,12,8961.152528873363,13593.062116854446,71020609.05181791,69577910.54720832,1442698.5046095848,suboptimal
7,invj-4pc-k2,inverse-j,0.04,-20%,13,7168.922023098701,10874.449696640002,69923380.57973514,68816050.26961182,1107330.3101233244,suboptimal
7,invj-4pc-k2,inverse-j,0.04,-20%,14,7467.631044696093,9559.96067753383,70823202.31965935,70258317.61147662,564884.7081827372,suboptimal
7,invj-4pc-k2,inverse-j,0.04,-20%,15,37403.163746544466,7647.9685457375,68950649.27554551,,,infeasible
7,invj-4pc-k2,inverse-j,0.04,+/-10%,1,8676.094709548186,8676.094709548186,64675877.78835397,64675877.78835397,0.0,optimal
7,invj-4pc-k2,inverse-j,0.04,+/-10%,2,9543.704180503002,9543.70417956,66592345.196776055,66592345.196776055,0.0,optimal
7,invj-4pc-k2,inverse-j,0.04,+/-10%,3,10498.074598553309,12638.304922279307,68174087.1405773,67779218.83504051,394868.3055367917,suboptimal
7,invj-4pc-k2,inverse-j,0.04,+/-10%,4,10163.109838250772,11175.801662386164,66179556.80381519,66000062.14201301,179494.6618021801,suboptimal
7,invj-4pc-k2,inverse-j,0.04,+/-10%,5,9146.798854425693,10355.371813050591,67042696.730078936,66772838.207677364,269858.5224015713,suboptimal
7,invj-4pc-k2,inverse-j,0.04,+/-10%,6,8232.118968983123,9319.834632669998,68120266.60679264,67697321.8703546,422944.73643805087,suboptimal
7,invj-4pc-k2,inverse-j,0.04,+/-10%,7,8306.687734335612,9598.68994942122,67649551.95538753,67319439.91614072,330112.03924681246,suboptimal
7,invj-4pc-k2,inverse-j,0.04,+/-10%,8,8832.476721211817,8466.9230893155,67101063.07091026,67071917.16492495,29145.905985310674,suboptimal
7,invj-4pc-k2,inverse-j,0.04,+/-10%,9,9715.724393333005,7259.005483353012,66299052.7269019,,,infeasible
7,invj-4pc-k2,inverse-j,0.04,+/-10%,10,9754.481973755373,7202.118212415181,66564972.21599542,65904605.50942878,660366.7065666467,suboptimal
7,invj-4pc-k2,inverse-j,0.04,+/-10%,11,10729.930171130907,9027.44970854,69076362.68695547,68659075.53463942,417287.15231604874,suboptimal
7,invj-4pc-k2,inverse-j,0.04,+/-10%,12,11802.923188243996,12637.716308184174,70231552.61105394,69985117.49013637,246435.12091757357,suboptimal
7,invj-4pc-k2,inverse-j,0.04,+/-10%,13,12983.215507068398,11401.010469118775,68476617.53247717,67597219.0612341,879398.4712430686,suboptimal
7,invj-4pc-k2,inverse-j,0.04,+/-10%,14,14281.537057775238,10025.09642516651,67982618.95417185,,,infeasible
7,invj-4pc-k2,inverse-j,0.04,+/-10%,15,15709.690763552771,9169.051985406544,67436603.32605778,,,infeasible
7,invj-4pc-k2,inverse-j,0.04,+/-20%,1,8879.371448923775,8879.371448923775,65491613.30807659,65491613.30807659,0.0,optimal
7,invj-4pc-k2,inverse-j,0.04,+/-20%,2,9318.666745789556,9318.66674772,67318023.96022333,67318023.96022272,6.109476089477539e-07,optimal
7,invj-4pc-k2,inverse-j,0.04,+/-20%,3,11182.400094947467,14225.533058268162,69284811.05090417,68664589.85812604,620221.1927781254,suboptimal
7,invj-4pc-k2,inverse-j,0.04,+/-20%,4,10694.350908873868,11380.426447810001,66166777.28825969,66046666.064179085,120111.2240806073,suboptimal
7,invj-4pc-k2,inverse-j,0.04,+/-20%,5,8886.539715687228,9104.341159038,66249454.86905959,66218133.14961348,31321.719446115196,suboptimal
7,invj-4pc-k2,inverse-j,0.04,+/-20%,6,7733.75283807297,8365.714286759998,68896681.24033706,68621027.28172873,275653.9586083293,suboptimal
7,invj-4pc-k2,inverse-j,0.04,+/-20%,7,9280.503405687554,11513.382667649865,70002692.15641482,69456655.80782022,546036.3485946059,suboptimal
7,invj-4pc-k2,inverse-j,0.04,+/-20%,8,11136.604086825064,9627.654221596811,67614571.3256963,,,infeasible
7,invj-4pc-k2,inverse-j,0.04,+/-20%,9,9283.290719508563,7557.652541338239,66014430.660605304,65607765.949774005,406664.7108312994,suboptimal
7,invj-4pc-k2,inverse-j,0.04,+/-20%,10,7426.632575606851,6046.1220325375,65295532.405865856,64720983.83736806,574548.5684977919,suboptimal
7,invj-4pc-k2,inverse-j,0.04,+/-20%,11,8911.959090728227,7498.614011084135,66940296.529405884,66758165.64897152,182130.88043436408,suboptimal
7,invj-4pc-k2,inverse-j,0.04,+/-20%,12,10694.35090887387,13532.712163458002,72989642.1140248,71867822.67496377,1121819.4390610307,suboptimal
7,invj-4pc-k2,inverse-j,0.04,+/-20%,13,12833.221090648638,13717.865145021446,70778371.30661722,70549038.3312615,229332.97535571456,suboptimal
7,invj-4pc-k2,inverse-j,0.04,+/-20%,14,15399.865308778384,11207.708919807043,68556888.7459512,,,infeasible
7,invj-4pc-k2,inverse-j,0.04,+/-20%,15,18479.838370534017,9328.243055287716,67408826.40858139,,,infeasible
8,linear-4pc-0pc,linear,0.04,NHF,1,19150.0,19150.0,34523301.67688953,34523301.67688953,0.0,optimal
8,linear-4pc-0pc,linear,0.04,NHF,2,0.0,0.0,31050806.60556283,31050806.60556283,0.0,optimal
8,linear-4pc-0pc,linear,0.04,NHF,3,9307.14286416,9307.14286416,40513870.095935985,40513870.095935985,0.0,optimal
8,linear-4pc-0pc,linear,0.04,NHF,4,15342.85713672,15342.85713672,44873925.14113192,44873925.14113192,0.0,optimal
8,linear-4pc-0pc,linear,0.04,NHF,5,18432.857143017,18432.857143017,45421466.974169776,45421466.974169776,0.0,optimal
8,linear-4pc-0pc,linear,0.04,NHF,6,2690.357141781,2690.357141781,39920995.09555564,39920995.09555564,0.0,optimal
8,linear-4pc-0pc,linear,0.04,NHF,7,26992.85713972,26992.85713972,50882117.36725981,50882117.36725981,0.0,optimal
8,linear-4pc-0pc,linear,0.04,NHF,8,0.0,10457.14286028,34533775.960391864,32608199.63797711,1925576.3224147558,suboptimal
8,linear-4pc-0pc,linear,0.04,NHF,9,5471.42856924,5471.42856924,30684512.905855026,30684512.905855026,0.0,optimal
8,linear-4pc-0pc,linear,0.04,NHF,10,0.0,0.0,34063881.15398466,34063881.15398466,0.0,optimal
8,linear-4pc-0pc,linear,0.04,NHF,11,3835.71429492,3835.71429492,45795038.12102624,45795038.12102624,0.0,optimal
8,linear-4pc-0pc,linear,0.04,NHF,12,15342.85713672,26104.285711377,57696082.91568614,55126172.52526332,2569910.390422821,suboptimal
8,linear-4pc-0pc,linear,0.04,NHF,13,7671.42856836,29511.785710141005,48112014.97717786,42078284.04735079,6033730.929827072,suboptimal
8,linear-4pc-0pc,linear,0.04,NHF,14,0.0,0.0,30700961.09390255,30700961.09390255,0.0,optimal
8,linear-4pc-0pc,linear,0.04,NHF,15,73498.928575356,13314.28570896,40391954.1637803,,,infeasible
8,linear-4pc-0pc,linear,0.04,NDY,1,9839.416903574445,9839.416903574445,32166317.192635994,32166317.192635994,0.0,optimal
8,linear-4pc-0pc,linear,0.04,NDY,2,9839.416903574443,9839.416903630086,34498463.91606855,34498463.91606855,0.0,optimal
8,linear-4pc-0pc,linear,0.04,NDY,3,9839.416903574442,9839.4169048475,37038191.002044566,37038191.002044566,0.0,optimal
8,linear-4pc-0pc,linear,0.04,NDY,4,11513.35806115979,11567.76083317755,39673662.84172337,39673662.84172337,0.0,optimal
8,linear-4pc-0pc,linear,0.04,NDY,5,11513.358061159792,11653.862556419492,40834644.09067967,40822444.1471194,12199.943560265005,suboptimal
8,linear-4pc-0pc,linear,0.04,NDY,6,11513.35806115979,11614.714576574555,41430208.69817284,41430208.69817284,0.0,optimal
8,linear-4pc-0pc,linear,0.04,NDY,7,11513.358061159794,11546.6557522835,42369277.135823034,42369277.135823034,0.0,optimal
8,linear-4pc-0pc,linear,0.04,NDY,8,11513.358061159795,11503.956691078474,42092596.419426695,42092596.419426695,0.0,optimal
8,linear-4pc-0pc,linear,0.04,NDY,9,11513.358061159795,11556.626958663413,42401609.35695209,42401609.356952086,7.450580596923828e-09,optimal
8,linear-4pc-0pc,linear,0.04,NDY,10,11513.358061159797,11556.626958964913,42732275.485549755,42732275.485549755,0.0,optimal
8,linear-4pc-0pc,linear,0.04,NDY,11,11513.358061159795,11556.626964045001,41221353.00791351,41221353.00791351,0.0,optimal
8,linear-4pc-0pc,linear,0.04,NDY,12,11513.35806115979,11775.098512047001,41334667.58649468,41248032.810308,86634.77618667483,suboptimal
8,linear-4pc-0pc,linear,0.04,NDY,13,11513.3580611598,11977.06966100716,41363346.203780055,41163862.20575641,199483.9980236441,suboptimal
8,linear-4pc-0pc,linear,0.04,NDY,14,11513.358061159795,11884.523144134137,41548194.44004133,41397571.564489014,150622.875552319,suboptimal
8,linear-4pc-0pc,linear,0.04,NDY,15,35009.39131041913,11887.885777543113,41861012.85052881,,,infeasible
8,linear-4pc-0pc,linear,0.04,-10%,1,10562.768310133992,10562.768310133992,32908379.82589391,32908379.82589391,0.0,optimal
8,linear-4pc-0pc,linear,0.04,-10%,2,9506.491479120596,9506.49147504,35073438.19880382,35073438.19880383,-7.450580596923828e-09,optimal
8,linear-4pc-0pc,linear,0.04,-10%,3,9307.14286416,9307.14286416,38122786.084707856,38122786.084707856,0.0,optimal
8,linear-4pc-0pc,linear,0.04,-10%,4,13863.316651590672,13863.31665159067,41651374.98467667,41651374.98467667,0.0,optimal
8,linear-4pc-0pc,linear,0.04,-10%,5,12476.984986431604,12476.984988197984,41220836.76230781,41220836.76230781,0.0,optimal
8,linear-4pc-0pc,linear,0.04,-10%,6,11229.286487788444,11229.286490584,41321669.86390892,41321669.86390892,0.0,optimal
8,linear-4pc-0pc,linear,0.04,-10%,7,12521.177061633658,12858.802504387802,42612334.46488297,42535417.297018774,76917.167864196,suboptimal
8,linear-4pc-0pc,linear,0.04,-10%,8,11269.059355470294,11572.922254035177,41328187.99101279,41263328.38924298,64859.601769812405,suboptimal
8,linear-4pc-0pc,linear,0.04,-10%,9,10142.153419923265,10415.6300267519,40779182.8331336,40726054.10547522,53128.72765838355,suboptimal
8,linear-4pc-0pc,linear,0.04,-10%,10,9127.93807793094,9374.067026841441,40942687.01211602,40899095.986051045,43591.02606497705,suboptimal
8,linear-4pc-0pc,linear,0.04,-10%,11,8215.144270137847,8436.660328875,41946301.02461073,41885398.90639408,60902.1182166487,suboptimal
8,linear-4pc-0pc,linear,0.04,-10%,12,12112.781950042105,15895.858580221031,45811950.60070343,44263290.11403261,1548660.486670822,suboptimal
8,linear-4pc-0pc,linear,0.04,-10%,13,10901.503755037895,14298.883487605824,42851865.98101434,41452815.24491344,1399050.7361009046,suboptimal
8,linear-4pc-0pc,linear,0.04,-10%,14,9811.353379534106,12885.338026904019,41168265.845964454,40039046.94622957,1129218.8997348845,suboptimal
8,linear-4pc-0pc,linear,0.04,-10%,15,41092.013658089854,11570.139909814849,40253203.25819976,,,infeasible
8,linear-4pc-0pc,linear,0.04,-20%,1,11116.648411829134,11116.648411829134,33174839.892284546,33174839.892284546,0.0,optimal
8,linear-4pc-0pc,linear,0.04,-20%,2,8893.318729463308,8893.318727680002,35144529.32462453,35144529.32462453,0.0,optimal
8,linear-4pc-0pc,linear,0.04,-20%,3,9307.14286416,9307.14286416,38707939.1212936,38707939.1212936,0.0,optimal
8,linear-4pc-0pc,linear,0.04,-20%,4,15321.99236710785,15321.99236710785,42520085.60313246,42520085.60313246,0.0,optimal
8,linear-4pc-0pc,linear,0.04,-20%,5,12257.593893686282,12257.593893820584,40973896.19909734,40973896.19909734,0.0,optimal
8,linear-4pc-0pc,linear,0.04,-20%,6,9806.075114949028,9806.075115296,41560888.21534142,41560888.21534142,0.0,optimal
8,linear-4pc-0pc,linear,0.04,-20%,7,14964.133415466467,15203.984996154124,44649595.734801754,44617267.090292804,32328.644508950412,suboptimal
8,linear-4pc-0pc,linear,0.04,-20%,8,11971.306732373174,12163.187995460548,40844484.99159504,40820232.816870786,24252.174724251032,suboptimal
8,linear-4pc-0pc,linear,0.04,-20%,9,9577.04538589854,9730.550398231544,39116016.409284495,39098737.82341485,17278.585869647563,suboptimal
8,linear-4pc-0pc,linear,0.04,-20%,10,7661.636308718833,7784.440316590547,39595842.94691634,39584047.43853088,11795.508385464549,suboptimal
8,linear-4pc-0pc,linear,0.04,-20%,11,6129.309046975068,6227.5522479374995,42441664.97022556,42432007.58888076,9657.381344795227,suboptimal
8,linear-4pc-0pc,linear,0.04,-20%,12,12785.714280600001,19887.292922292,49769978.49790021,47081563.361716114,2688415.1361840963,suboptimal
8,linear-4pc-0pc,linear,0.04,-20%,13,10228.57142448,16682.650081620468,43782689.007365,41262647.92629764,2520041.081067361,suboptimal
8,linear-4pc-0pc,linear,0.04,-20%,14,8182.857139584,13363.105812515529,39944288.652788505,38186572.4144049,1757716.238383606,suboptimal
8,linear-4pc-0pc,linear,0.04,-20%,15,43165.9541690139,10645.092331682592,38046250.30660039,,,infeasible
8,linear-4pc-0pc,linear,0.04,+/-10%,1,8983.259177467693,8983.259177467693,31975853.313385785,31975853.313385785,0.0,optimal
8,linear-4pc-0pc,linear,0.04,+/-10%,2,9881.585095214465,9881.585094689723,35224307.18170412,35224307.18170411,7.450580596923828e-09,optimal
8,linear-4pc-0pc,linear,0.04,+/-10%,3,10869.743604735913,10869.7436057625,38323111.783614896,38323111.783614896,0.0,optimal
8,linear-4pc-0pc,linear,0.04,+/-10%,4,11956.717965209507,13863.31665159067,41244379.14334558,40810572.33670092,433806.8066446632,suboptimal
8,linear-4pc-0pc,linear,0.04,+/-10%,5,13152.389761730456,12476.984988197986,40519185.117266946,,,infeasible
8,linear-4pc-0pc,linear,0.04,+/-10%,6,11837.15078555742,11229.286490584,39928146.2207494,,,infeasible
8,linear-4pc-0pc,linear,0.04,+/-10%,7,10653.435707001674,12733.226918723263,40848815.02674564,40305024.27376008,543790.7529855594,suboptimal
8,linear-4pc-0pc,linear,0.04,+/-10%,8,9619.219870519464,11035.13968764911,39317262.97768486,38983015.957327604,334247.0203572586,suboptimal
8,linear-4pc-0pc,linear,0.04,+/-10%,9,10581.141857571414,9931.625719558224,39141722.16208662,38858212.052336596,283510.109750025,suboptimal
8,linear-4pc-0pc,linear,0.04,+/-10%,10,11639.256043328556,8938.463148349849,39696343.581859276,,,infeasible
8,linear-4pc-0pc,linear,0.04,+/-10%,11,12803.181647661415,9832.309464787502,40580745.17670238,,,infeasible
8,linear-4pc-0pc,linear,0.04,+/-10%,12,14083.499812427555,15768.424767735261,45081254.05939108,44548903.39420691,532350.66518417,suboptimal
8,linear-4pc-0pc,linear,0.04,+/-10%,13,15491.84979367031,14226.392924950747,41891065.951597266,,,infeasible
8,linear-4pc-0pc,linear,0.04,+/-10%,14,17041.03477303735,12605.406376746958,39527609.6829322,,,infeasible
8,linear-4pc-0pc,linear,0.04,+/-10%,15,18745.138250341086,11178.428965889421,38584243.78360122,,,infeasible
8,linear-4pc-0pc,linear,0.04,+/-20%,1,10680.542557864994,10680.542557864994,32642572.019008078,32642572.019008074,3.725290298461914e-09,optimal
8,linear-4pc-0pc,linear,0.04,+/-20%,2,8544.434046291995,8544.434044980091,34638051.80666704,34638051.80666704,0.0,optimal
8,linear-4pc-0pc,linear,0.04,+/-20%,3,10253.320855550386,10253.320857457498,38439928.554527745,38439928.554527745,0.0,optimal
8,linear-4pc-0pc,linear,0.04,+/-20%,4,12303.985026660468,15321.99236710785,41876574.797444455,41347094.974401526,529479.8230429292,suboptimal
8,linear-4pc-0pc,linear,0.04,+/-20%,5,14036.436297804878,12257.59389382058,39796247.32780933,,,infeasible
8,linear-4pc-0pc,linear,0.04,+/-20%,6,11229.149038243906,9806.075115296,39248218.45044767,,,infeasible
8,linear-4pc-0pc,linear,0.04,+/-20%,7,13015.43041468404,14661.947907364469,42361285.55724059,41962518.17815363,398767.37908696383,suboptimal
8,linear-4pc-0pc,linear,0.04,+/-20%,8,10412.344331747237,11542.690855897612,38994149.01057277,38772208.20832338,221940.8022493869,suboptimal
8,linear-4pc-0pc,linear,0.04,+/-20%,9,8329.875465397792,9234.152684799868,37479309.364076175,37450597.68390661,28711.680169567466,suboptimal
8,linear-4pc-0pc,linear,0.04,+/-20%,10,9201.410878343167,7387.322145631925,38105088.36567328,,,infeasible
8,linear-4pc-0pc,linear,0.04,+/-20%,11,11041.693054011794,8864.786572185,40503313.47938174,,,infeasible
8,linear-4pc-0pc,linear,0.04,+/-20%,12,13250.031664814162,19887.292922292,48303071.54214787,45409016.9030823,2894054.6390655637,suboptimal
8,linear-4pc-0pc,linear,0.04,+/-20%,13,15900.037997776995,16083.308151008756,41592118.328631654,41589508.10006238,2610.228569276631,suboptimal
8,linear-4pc-0pc,linear,0.04,+/-20%,14,19080.045597332377,12614.419862576868,37145360.06478189,,,infeasible
8,linear-4pc-0pc,linear,0.04,+/-20%,15,22896.054716798866,9155.67313106776,35286753.36625296,,,infeasible
8,linear-6pc-0pc,linear,0.06,NHF,1,19150.0,19150.0,18260411.46631149,18260411.46631149,0.0,optimal
8,linear-6pc-0pc,linear,0.06,NHF,2,0.0,0.0,14159013.429060834,14159013.429060834,0.0,optimal
8,linear-6pc-0pc,linear,0.06,NHF,3,9307.14286416,9307.14286416,21925383.629820246,21925383.629820246,0.0,optimal
8,linear-6pc-0pc,linear,0.06,NHF,4,15342.85713672,15342.85713672,26253025.852349926,26253025.852349926,0.0,optimal
8,linear-6pc-0pc,linear,0.06,NHF,5,18432.857143017,18432.857143017,26490447.61196906,26490447.61196906,0.0,optimal
8,linear-6pc-0pc,linear,0.06,NHF,6,2690.357141781,2690.357141781,21352254.641774256,21352254.641774256,0.0,optimal
8,linear-6pc-0pc,linear,0.06,NHF,7,26992.85713972,26992.85713972,31599684.249145333,31599684.249145333,0.0,optimal
8,linear-6pc-0pc,linear,0.06,NHF,8,10457.14286028,10457.14286028,18335094.648919336,18335094.648919336,0.0,optimal
8,linear-6pc-0pc,linear,0.06,NHF,9,5471.42856924,5471.42856924,14391803.590054208,14391803.590054208,0.0,optimal
8,linear-6pc-0pc,linear,0.06,NHF,10,0.0,0.0,16014172.444781011,16014172.444781011,0.0,optimal
8,linear-6pc-0pc,linear,0.06,NHF,11,3835.71429492,3835.71429492,25354534.493803985,25354534.493803985,0.0,optimal
8,linear-6pc-0pc,linear,0.06,NHF,12,15342.85713672,26104.285711377,36783739.987051375,34128854.32232192,2654885.6647294536,suboptimal
8,linear-6pc-0pc,linear,0.06,NHF,13,7671.42856836,29511.785710141005,29923738.067651086,23521804.322656628,6401933.744994458,suboptimal
8,linear-6pc-0pc,linear,0.06,NHF,14,0.0,0.0,14358229.412625914,14358229.412625914,0.0,optimal
8,linear-6pc-0pc,linear,0.06,NHF,15,53556.071426516,13314.28570896,22533212.738599487,,,infeasible
8,linear-6pc-0pc,linear,0.06,NDY,1,9839.416903574445,9839.416903574445,16095863.29595462,16095863.29595462,0.0,optimal
8,linear-6pc-0pc,linear,0.06,NDY,2,9839.416903574443,9839.416903630088,17685323.96747244,17685323.96747244,0.0,optimal
8,linear-6pc-0pc,linear,0.06,NDY,3,9839.416903574443,9839.4169048475,19597313.1752229,19597313.1752229,0.0,optimal
8,linear-6pc-0pc,linear,0.06,NDY,4,11507.142852540002,11625.802372732605,21913549.66374531,21913100.989393987,448.67435132339597,suboptimal
8,linear-6pc-0pc,linear,0.06,NDY,5,11507.142852539999,11642.06223018149,22739702.58230981,22732083.22712885,7619.355180960149,suboptimal
8,linear-6pc-0pc,linear,0.06,NDY,6,11507.142852539999,11592.380639439243,22805987.48152165,22805987.48152165,0.0,optimal
8,linear-6pc-0pc,linear,0.06,NDY,7,11507.142852539993,11378.054636038256,23529688.946295917,23529590.65397837,98.29231754690409,suboptimal
8,linear-6pc-0pc,linear,0.06,NDY,8,11507.142852539999,11358.80797021878,22972859.04171797,22955586.359247,17272.682470969856,suboptimal
8,linear-6pc-0pc,linear,0.06,NDY,9,11507.14285254,11358.807971816484,23354166.924175072,23316080.067329302,38086.85684577003,suboptimal
8,linear-6pc-0pc,linear,0.06,NDY,10,11507.14285254,11358.807970275953,23278024.782068864,,,infeasible
8,linear-6pc-0pc,linear,0.06,NDY,11,11507.142852539999,11358.807975329999,22629718.72507085,,,infeasible
8,linear-6pc-0pc,linear,0.06,NDY,12,11507.142852540002,11879.381257152001,23264147.588813707,23120561.943189252,143585.64562445506,suboptimal
8,linear-6pc-0pc,linear,0.06,NDY,13,11507.142852539999,11986.573401462083,23301682.317420956,23118709.086725224,182973.23069573194,suboptimal
8,linear-6pc-0pc,linear,0.06,NDY,14,11507.142852539997,11948.012761087817,23393312.61137994,23236051.86420367,157260.74717627093,suboptimal
8,linear-6pc-0pc,linear,0.06,NDY,15,35000.528730538645,11919.07983300597,23911964.639920354,,,infeasible
8,linear-6pc-0pc,linear,0.06,-10%,1,10562.768310133992,10562.768310133992,16593930.76956701,16593930.76956701,0.0,optimal
8,linear-6pc-0pc,linear,0.06,-10%,2,9506.491479120596,9506.49147504,17967931.866335023,17967931.866335023,0.0,optimal
8,linear-6pc-0pc,linear,0.06,-10%,3,9307.14286416,9307.14286416,20323885.01056362,20323885.01056362,0.0,optimal
8,linear-6pc-0pc,linear,0.06,-10%,4,13863.316651590672,13863.316651590672,23582379.258824367,23582379.258824367,0.0,optimal
8,linear-6pc-0pc,linear,0.06,-10%,5,12476.984986431604,12476.984988197984,23131624.48874446,23131624.488744464,-3.725290298461914e-09,optimal
8,linear-6pc-0pc,linear,0.06,-10%,6,11229.286487788444,11229.286490584,22725646.087854326,22725646.087854326,0.0,optimal
8,linear-6pc-0pc,linear,0.06,-10%,7,12521.177061633658,12668.068350756084,23808909.95855789,23806668.037767652,2241.9207902364433,suboptimal
8,linear-6pc-0pc,linear,0.06,-10%,8,11269.059355470294,11386.120209513845,22334916.646264568,22334256.635412138,660.0108524300158,suboptimal
8,linear-6pc-0pc,linear,0.06,-10%,9,10142.153419923265,10247.508188374295,22007143.025367253,22005766.427373655,1376.5979935973883,suboptimal
8,linear-6pc-0pc,linear,0.06,-10%,10,9127.93807793094,9222.757370201198,22225574.354443613,22224705.82293685,868.5315067619085,suboptimal
8,linear-6pc-0pc,linear,0.06,-10%,11,8215.144270137847,8300.4816284125,22840717.539157175,22839346.531266913,1371.0078902617097,suboptimal
8,linear-6pc-0pc,linear,0.06,-10%,12,12112.781950042105,16290.039237467563,27339729.032178815,25518460.87290804,1821268.1592707746,suboptimal
8,linear-6pc-0pc,linear,0.06,-10%,13,10901.503755037895,14661.035314594457,24984862.852512054,23348581.847308636,1636281.0052034184,suboptimal
8,linear-6pc-0pc,linear,0.06,-10%,14,9811.353379534106,13112.22812016652,23333605.91269749,22078453.97454437,1255151.9381531216,suboptimal
8,linear-6pc-0pc,linear,0.06,-10%,15,41092.013658089854,11767.060619696707,22522697.102806676,,,infeasible
8,linear-6pc-0pc,linear,0.06,-20%,1,11116.648411829134,11116.648411829134,16816259.753757615,16816259.753757615,0.0,optimal
8,linear-6pc-0pc,linear,0.06,-20%,2,8893.318729463308,8893.318727680002,17930663.030908316,17930663.030908313,3.725290298461914e-09,optimal
8,linear-6pc-0pc,linear,0.06,-20%,3,9307.14286416,9307.14286416,20771762.493214417,20771762.493214417,0.0,optimal
8,linear-6pc-0pc,linear,0.06,-20%,4,15321.99236710785,15321.992367107852,24368564.455605783,24368564.455605783,0.0,optimal
8,linear-6pc-0pc,linear,0.06,-20%,5,12257.593893686282,12257.59389382058,22950591.416431133,22950591.416431133,0.0,optimal
8,linear-6pc-0pc,linear,0.06,-20%,6,9806.075114949028,9806.075115296,22763703.327399027,22763703.327399027,0.0,optimal
8,linear-6pc-0pc,linear,0.06,-20%,7,14964.133415466467,15084.252254472485,25503188.839359768,25503188.839359768,0.0,optimal
8,linear-6pc-0pc,linear,0.06,-20%,8,11971.306732373174,12067.401803069197,22329422.569695767,22329422.56969577,-3.725290298461914e-09,optimal
8,linear-6pc-0pc,linear,0.06,-20%,9,9577.04538589854,9645.746916077465,20917837.659672365,20917837.659672365,0.0,optimal
8,linear-6pc-0pc,linear,0.06,-20%,10,7661.636308718833,7716.59753625,21176419.371639293,21176419.371639293,0.0,optimal
8,linear-6pc-0pc,linear,0.06,-20%,11,6129.309046975068,6173.278023825,23158844.393238395,23158844.393238395,0.0,optimal
8,linear-6pc-0pc,linear,0.06,-20%,12,12785.714280600001,19887.292922292,30396000.590245407,27473251.922535382,2922748.667710025,suboptimal
8,linear-6pc-0pc,linear,0.06,-20%,13,10228.57142448,17011.169493144844,26016515.597126205,23151258.39303977,2865257.204086434,suboptimal
8,linear-6pc-0pc,linear,0.06,-20%,14,8182.857139584,13588.354947893757,22473226.95588548,20502421.22436388,1970805.7315216027,suboptimal
8,linear-6pc-0pc,linear,0.06,-20%,15,43165.9541690139,10729.011041340438,20610463.573093724,,,infeasible
8,linear-6pc-0pc,linear,0.06,+/-10%,1,10211.449523947782,10211.449523947782,16080080.101830592,16080080.101830592,0.0,optimal
8,linear-6pc-0pc,linear,0.06,+/-10%,2,9190.304571553002,9190.304572480452,17543540.964135777,17543540.964135773,3.725290298461914e-09,optimal
8,linear-6pc-0pc,linear,0.06,+/-10%,3,10109.335028708309,10109.3350264525,20018871.683424156,20018871.683424156,0.0,optimal
8,linear-6pc-0pc,linear,0.06,+/-10%,4,11120.268531579139,13863.31665159067,23483212.15604201,22451367.532660853,1031844.6233811565,suboptimal
8,linear-6pc-0pc,linear,0.06,+/-10%,5,12232.295384737055,12476.984988197984,22906799.125825327,22896616.465265967,10182.660559359938,suboptimal
8,linear-6pc-0pc,linear,0.06,+/-10%,6,12722.364296958336,11229.286490584,22242076.13982774,,,infeasible
8,linear-6pc-0pc,linear,0.06,+/-10%,7,11450.127867262505,12625.655001300842,23141606.85487225,22744923.889596447,396682.9652758017,suboptimal
8,linear-6pc-0pc,linear,0.06,+/-10%,8,10305.115080536254,11363.089499793354,21426475.471046746,21194018.731940188,232456.73910655826,suboptimal
8,linear-6pc-0pc,linear,0.06,+/-10%,9,10482.831490949991,9603.90998493677,20648259.53631924,,,infeasible
8,linear-6pc-0pc,linear,0.06,+/-10%,10,11531.11464004499,8643.518990999999,20788833.4744365,,,infeasible
8,linear-6pc-0pc,linear,0.06,+/-10%,11,12684.22610404949,9507.87088849,21144278.733443342,,,infeasible
8,linear-6pc-0pc,linear,0.06,+/-10%,12,13952.648714454439,16263.869838277707,27159407.629929557,26284838.52506968,874569.1048598774,suboptimal
8,linear-6pc-0pc,linear,0.06,+/-10%,13,15347.913585899885,14637.48285344296,24748677.82276498,,,infeasible
8,linear-6pc-0pc,linear,0.06,+/-10%,14,16882.704944489873,13174.11087537668,22822959.20986378,,,infeasible
8,linear-6pc-0pc,linear,0.06,+/-10%,15,18570.97543893887,11722.488713447063,21858016.77319365,,,infeasible
8,linear-6pc-0pc,linear,0.06,+/-20%,1,11063.315230176762,11063.315230176762,16472590.662926806,16472590.662926806,0.0,optimal
8,linear-6pc-0pc,linear,0.06,+/-20%,2,8850.652184141412,8418.8307914132,17463511.22226647,17437682.130111635,25829.09215483442,suboptimal
8,linear-6pc-0pc,linear,0.06,+/-20%,3,9422.854869012952,9914.1280903025,20445211.42389007,20192377.12551479,252834.2983752787,suboptimal
8,linear-6pc-0pc,linear,0.06,+/-20%,4,11307.42584281554,15321.99236710785,24039806.209243823,23050657.866271857,989148.3429719657,suboptimal
8,linear-6pc-0pc,linear,0.06,+/-20%,5,13568.911011378648,12257.59389382058,22249432.344883993,,,infeasible
8,linear-6pc-0pc,linear,0.06,+/-20%,6,12910.52362370996,9806.075115296,21412970.74573261,,,infeasible
8,linear-6pc-0pc,linear,0.06,+/-20%,7,13075.174217496784,15179.142512056342,24463063.52496333,23817270.22906954,645793.2958937921,suboptimal
8,linear-6pc-0pc,linear,0.06,+/-20%,8,10460.139373997423,11956.352987215281,21181864.663447168,20918163.416926473,263701.24652069435,suboptimal
8,linear-6pc-0pc,linear,0.06,+/-20%,9,8368.111499197938,8598.4651997273,19211968.330494914,19187683.942216974,24284.388277940452,suboptimal
8,linear-6pc-0pc,linear,0.06,+/-20%,10,9145.470133284532,6878.772163125,18963247.21738111,,,infeasible
8,linear-6pc-0pc,linear,0.06,+/-20%,11,10974.564159941443,8254.526593285,20526416.109144095,,,infeasible
8,linear-6pc-0pc,linear,0.06,+/-20%,12,13169.47699192973,19887.292922292,29731751.63963308,26527474.042846557,3204277.596786525,suboptimal
8,linear-6pc-0pc,linear,0.06,+/-20%,13,15803.372390315682,16277.43743492899,24881892.922378007,24762916.325611606,118976.59676640108,suboptimal
8,linear-6pc-0pc,linear,0.06,+/-20%,14,18964.046868378835,13021.949947031582,21323042.368268114,,,infeasible
8,linear-6pc-0pc,linear,0.06,+/-20%,15,22756.856242054593,10261.744732183894,19515231.032843027,,,infeasible
8,invj-4pc-k1,inverse-j,0.04,NHF,1,8207.14285386,8207.14285386,116362688.59879752,116362688.59879752,0.0,optimal
8,invj-4pc-k1,inverse-j,0.04,NHF,2,0.0,0.0,117927017.5797342,117927017.5797342,0.0,optimal
8,invj-4pc-k1,inverse-j,0.04,NHF,3,19253.571430517502,9307.14286416,126047406.99236375,125952837.51695889,94569.47540485859,suboptimal
8,invj-4pc-k1,inverse-j,0.04,NHF,4,0.0,30792.857141354998,129122066.94424829,126965626.58513638,2156440.359111905,suboptimal
8,invj-4pc-k1,inverse-j,0.04,NHF,5,37611.428574657,18432.857143017,118802489.00072363,,,infeasible
8,invj-4pc-k1,inverse-j,0.04,NHF,6,2690.357141781,2690.357141781,118123694.61114481,118123694.61114481,0.0,optimal
8,invj-4pc-k1,inverse-j,0.04,NHF,7,16049.999993579999,16049.999993579999,128975456.68003678,128975456.68003678,0.0,optimal
8,invj-4pc-k1,inverse-j,0.04,NHF,8,0.0,10457.14286028,123022933.52019794,121931191.55033766,1091741.9698602855,suboptimal
8,invj-4pc-k1,inverse-j,0.04,NHF,9,16414.285715380003,5471.42856924,117583741.17572322,,,infeasible
8,invj-4pc-k1,inverse-j,0.04,NHF,10,0.0,10942.85714614,120221009.09838219,117930411.77118655,2290597.3271956444,suboptimal
8,invj-4pc-k1,inverse-j,0.04,NHF,11,0.0,3835.71429492,120662158.89842932,120063712.21554637,598446.6828829497,suboptimal
8,invj-4pc-k1,inverse-j,0.04,NHF,12,0.0,26104.285711377,128110149.84560634,123453556.07254995,4656593.773056388,suboptimal
8,invj-4pc-k1,inverse-j,0.04,NHF,13,26850.0,18568.928564001,117663676.6151607,,,infeasible
8,invj-4pc-k1,inverse-j,0.04,NHF,14,0.0,0.0,118793193.24964167,118793193.24964167,0.0,optimal
8,invj-4pc-k1,inverse-j,0.04,NHF,15,72327.500003576,13314.28570896,130390173.71864592,,,infeasible
8,invj-4pc-k1,inverse-j,0.04,NDY,1,9701.54348641626,9701.54348641626,111436343.52459449,111436343.52459449,0.0,optimal
8,invj-4pc-k1,inverse-j,0.04,NDY,2,9701.54348641626,9920.648409602934,113697452.99715918,113696157.77868907,1295.2184701114893,suboptimal
8,invj-4pc-k1,inverse-j,0.04,NDY,3,10169.919012721166,9920.6484110625,115640814.7827145,,,infeasible
8,invj-4pc-k1,inverse-j,0.04,NDY,4,10169.919012721173,10195.283107753996,116628996.51517104,116628996.51517102,1.4901161193847656e-08,optimal
8,invj-4pc-k1,inverse-j,0.04,NDY,5,10169.919012721171,10545.74385261828,119800440.16136143,119703609.32562667,96830.8357347548,suboptimal
8,invj-4pc-k1,inverse-j,0.04,NDY,6,10169.919012721171,11154.369213328206,123488374.91778813,123145136.35875311,343238.5590350181,suboptimal
8,invj-4pc-k1,inverse-j,0.04,NDY,7,10169.919012721173,11138.482478237389,124388722.11448936,123985615.50675645,403106.60773290694,suboptimal
8,invj-4pc-k1,inverse-j,0.04,NDY,8,10169.919012721173,11261.428670975503,124368990.85048102,123988719.01890665,380271.8315743655,suboptimal
8,invj-4pc-k1,inverse-j,0.04,NDY,9,10169.919012721171,10836.216699355464,123636889.37893754,123421870.8568057,215018.52213184536,suboptimal
8,invj-4pc-k1,inverse-j,0.04,NDY,10,10169.919012721166,10589.090148641826,123216251.928545,123125921.3370835,90330.59146149457,suboptimal
8,invj-4pc-k1,inverse-j,0.04,NDY,11,10169.919012721164,10660.963059559886,122537438.36135678,122391088.77363254,146349.58772423863,suboptimal
8,invj-4pc-k1,inverse-j,0.04,NDY,12,10169.919012721173,11022.410073165995,122081920.9167662,121826088.73757295,255832.17919324338,suboptimal
8,invj-4pc-k1,inverse-j,0.04,NDY,13,10169.919012721159,11162.261782169626,123011432.95718308,122661906.17724954,349526.779933542,suboptimal
8,invj-4pc-k1,inverse-j,0.04,NDY,14,10169.919012721168,11219.634085238396,123769339.50211002,123449696.10667594,319643.39543408155,suboptimal
8,invj-4pc-k1,inverse-j,0.04,NDY,15,51094.97218083489,11406.944266644734,124708700.78799722,,,infeasible
8,invj-4pc-k1,inverse-j,0.04,-10%,1,9067.97626344128,9067.97626344128,112816922.46708184,112816922.46708184,0.0,optimal
8,invj-4pc-k1,inverse-j,0.04,-10%,2,8161.178637097153,559.9136361607176,115640900.78383705,115383469.9265969,257430.85724015534,suboptimal
8,invj-4pc-k1,inverse-j,0.04,-10%,3,12720.312084352096,14132.419027058477,124591959.40805045,124585346.30352557,6613.104524880648,suboptimal
8,invj-4pc-k1,inverse-j,0.04,-10%,4,11448.280875916884,16326.87938022547,123358884.60870029,122858344.65743645,500539.95126384497,suboptimal
8,invj-4pc-k1,inverse-j,0.04,-10%,5,12469.812901171477,14966.517983311975,122812885.98359212,122510169.1369425,302716.84664961696,suboptimal
8,invj-4pc-k1,inverse-j,0.04,-10%,6,11222.831611054327,13469.866184250177,122792254.31261735,122583048.28514105,209206.02747629583,suboptimal
8,invj-4pc-k1,inverse-j,0.04,-10%,7,10100.548449948896,12122.879566633981,123188747.11428732,122965748.82519306,222998.28909425437,suboptimal
8,invj-4pc-k1,inverse-j,0.04,-10%,8,9090.493604954005,10910.591610032985,123095059.27320102,122861485.66808781,233573.6051132083,suboptimal
8,invj-4pc-k1,inverse-j,0.04,-10%,9,8181.444244458603,9819.53245054069,120735419.23717718,120486936.94103107,248482.2961461097,suboptimal
8,invj-4pc-k1,inverse-j,0.04,-10%,10,7363.299820012745,8837.579205642618,121416082.5356108,121179371.99181773,236710.54379306734,suboptimal
8,invj-4pc-k1,inverse-j,0.04,-10%,11,6626.9698380114705,7953.8212875425,122484528.2048918,122222997.32321095,261530.8816808462,suboptimal
8,invj-4pc-k1,inverse-j,0.04,-10%,12,6924.560632858611,16431.31304312137,124066319.7466767,122158118.36489454,1908201.3817821592,suboptimal
8,invj-4pc-k1,inverse-j,0.04,-10%,13,6232.104569572752,14594.860155035905,122205909.76083978,120606340.42687012,1599569.3339696527,suboptimal
8,invj-4pc-k1,inverse-j,0.04,-10%,14,17595.015280909265,13135.714587171078,122675626.81392932,,,infeasible
8,invj-4pc-k1,inverse-j,0.04,-10%,15,57844.01935813957,11789.280906359072,120948216.84208351,,,infeasible
8,invj-4pc-k1,inverse-j,0.04,-20%,1,10497.226851665388,10497.226851665388,113522107.9998401,113522107.9998401,0.0,optimal
8,invj-4pc-k1,inverse-j,0.04,-20%,2,9579.049125049285,0.0,115397271.16410252,114957154.580516,440116.5835865289,suboptimal
8,invj-4pc-k1,inverse-j,0.04,-20%,3,9307.14286416,10706.480172401505,124177848.42620622,124169942.6847923,7905.741413921118,suboptimal
8,invj-4pc-k1,inverse-j,0.04,-20%,4,7445.714291328001,18974.58571698918,125371274.73857757,124427650.11472343,943624.6238541454,suboptimal
8,invj-4pc-k1,inverse-j,0.04,-20%,5,16899.947555341038,15989.371618609865,123710965.8780945,,,infeasible
8,invj-4pc-k1,inverse-j,0.04,-20%,6,13519.958044272826,12791.497298361,124538407.22857782,,,infeasible
8,invj-4pc-k1,inverse-j,0.04,-20%,7,10815.966435418266,13693.327274999223,123617569.21086785,123306609.00692979,310960.20393806696,suboptimal
8,invj-4pc-k1,inverse-j,0.04,-20%,8,8652.773148334612,10954.661821048681,122940425.48324633,122680874.17349973,259551.30974659324,suboptimal
8,invj-4pc-k1,inverse-j,0.04,-20%,9,6922.218518667691,8763.729454647659,119867793.17404245,119660645.31516156,207147.8588808924,suboptimal
8,invj-4pc-k1,inverse-j,0.04,-20%,10,5537.774814934153,7010.983560915,119888306.53722708,119648691.77827337,239614.75895370543,suboptimal
8,invj-4pc-k1,inverse-j,0.04,-20%,11,4430.219851947323,7295.91392266,123017774.18165345,122558453.60623631,459320.5754171461,suboptimal
8,invj-4pc-k1,inverse-j,0.04,-20%,12,7445.714291328001,20000.973838952166,126036152.71879609,123745304.36603032,2290848.3527657688,suboptimal
8,invj-4pc-k1,inverse-j,0.04,-20%,13,15568.571413751997,15840.401128070762,121059608.53397708,121058721.29749866,887.2364784181118,suboptimal
8,invj-4pc-k1,inverse-j,0.04,-20%,14,12777.847630378721,10752.612178122148,120885852.07415143,120860885.33528005,24966.738871380687,suboptimal
8,invj-4pc-k1,inverse-j,0.04,-20%,15,56166.42607280315,11764.59068484235,121251812.05603494,,,infeasible
8,invj-4pc-k1,inverse-j,0.04,+/-10%,1,8983.259177467691,8983.259177467691,108992279.7268713,108992279.72687128,1.4901161193847656e-08,optimal
8,invj-4pc-k1,inverse-j,0.04,+/-10%,2,9881.585095214468,9881.585094689723,111830557.42455482,111830557.42455484,-1.4901161193847656e-08,optimal
8,invj-4pc-k1,inverse-j,0.04,+/-10%,3,10869.74360473591,10869.7436057625,113498489.75934145,113498489.75934142,2.9802322387695312e-08,optimal
8,invj-4pc-k1,inverse-j,0.04,+/-10%,4,11956.717965209504,12890.864496579314,113923179.71592478,113817354.7403513,105824.97557348013,suboptimal
8,invj-4pc-k1,inverse-j,0.04,+/-10%,5,11057.567739870496,13022.176298815379,114870185.76442477,114539811.9981007,330373.7663240731,suboptimal
8,invj-4pc-k1,inverse-j,0.04,+/-10%,6,9951.81096588345,11719.958666634,116563538.92024052,116077348.99468175,486189.92555877566,suboptimal
8,invj-4pc-k1,inverse-j,0.04,+/-10%,7,10389.09462320724,12541.856164858538,118712720.48652098,118240374.41909203,472346.0674289465,suboptimal
8,invj-4pc-k1,inverse-j,0.04,+/-10%,8,11428.004085527968,11206.920188577496,118524444.46812211,118511115.98056579,13328.487556323409,suboptimal
8,invj-4pc-k1,inverse-j,0.04,+/-10%,9,11026.388525031363,10126.935364156832,117528841.8891308,,,infeasible
8,invj-4pc-k1,inverse-j,0.04,+/-10%,10,12129.027377534509,8754.808062437882,117219055.64906257,,,infeasible
8,invj-4pc-k1,inverse-j,0.04,+/-10%,11,13341.930115287965,9630.288871195,118299348.67853475,,,infeasible
8,invj-4pc-k1,inverse-j,0.04,+/-10%,12,14676.123126816761,14722.438496532035,119844785.3261771,119844785.3261771,0.0,optimal
8,invj-4pc-k1,inverse-j,0.04,+/-10%,13,16143.735439498432,13928.408311596619,117727666.13304193,,,infeasible
8,invj-4pc-k1,inverse-j,0.04,+/-10%,14,17758.108983448285,12324.188725879889,116459956.33414117,,,infeasible
8,invj-4pc-k1,inverse-j,0.04,+/-10%,15,19533.91988179312,11156.16524163161,117547383.44096395,,,infeasible
8,invj-4pc-k1,inverse-j,0.04,+/-20%,1,9521.506301131034,9521.506301131034,110364835.4217209,110364835.4217209,0.0,optimal
8,invj-4pc-k1,inverse-j,0.04,+/-20%,2,9168.885320908043,8679.419585879368,112751635.92293939,112748175.44482863,3460.4781107604504,suboptimal
8,invj-4pc-k1,inverse-j,0.04,+/-20%,3,11002.662385089649,11559.5162386825,114994631.73930126,114971717.67625852,22914.063042744994,suboptimal
8,invj-4pc-k1,inverse-j,0.04,+/-20%,4,13203.194862107579,15321.992367107854,115552385.65374291,115347542.98384091,204842.66990199685,suboptimal
8,invj-4pc-k1,inverse-j,0.04,+/-20%,5,10562.555889686062,12257.593893820584,114582945.30884878,114354378.52704261,228566.78180617094,suboptimal
8,invj-4pc-k1,inverse-j,0.04,+/-20%,6,8658.227374687176,9806.075115296,117757158.75069363,117513793.0911384,243365.65955524147,suboptimal
8,invj-4pc-k1,inverse-j,0.04,+/-20%,7,10389.872849624615,14032.30877573358,122317585.92116722,121686554.44147107,631031.4796961546,suboptimal
8,invj-4pc-k1,inverse-j,0.04,+/-20%,8,11763.554855245191,11685.716491849995,119256480.97805884,119256480.97805884,0.0,optimal
8,invj-4pc-k1,inverse-j,0.04,+/-20%,9,9410.843884196154,9541.802262140951,117300202.4857027,117299210.06847504,992.4172276556492,suboptimal
8,invj-4pc-k1,inverse-j,0.04,+/-20%,10,9832.269091827204,7372.2676895193135,117168955.65429318,,,infeasible
8,invj-4pc-k1,inverse-j,0.04,+/-20%,11,11798.72291019269,8846.7212263575,119643948.80714545,,,infeasible
8,invj-4pc-k1,inverse-j,0.04,+/-20%,12,14158.467492231228,19755.471802657088,123059438.5951043,122098054.50037824,961384.0947260708,suboptimal
8,invj-4pc-k1,inverse-j,0.04,+/-20%,13,16990.16099067747,15855.83056537818,117022298.26314844,,,infeasible
8,invj-4pc-k1,inverse-j,0.04,+/-20%,14,20388.193188812977,11020.072744902565,115234192.84812832,,,infeasible
8,invj-4pc-k1,inverse-j,0.04,+/-20%,15,24465.831826575566,9624.194139174344,116871099.09079668,,,infeasible
8,invj-4pc-k2,inverse-j,0.04,NHF,1,19150.0,19150.0,82601708.68980171,82601708.68980171,0.0,optimal
8,invj-4pc-k2,inverse-j,0.04,NHF,2,0.0,0.0,76587777.24804804,76587777.24804804,0.0,optimal
8,invj-4pc-k2,inverse-j,0.04,NHF,3,5471.42856924,9307.14286416,84642757.73174357,83959541.2341656,683216.4975779802,suboptimal
8,invj-4pc-k2,inverse-j,0.04,NHF,4,0.0,15342.85713672,87383147.6935069,84321667.42869098,3061480.2648159117,suboptimal
8,invj-4pc-k2,inverse-j,0.04,NHF,5,37611.428574657,18432.857143017,90149968.55014095,,,infeasible
8,invj-4pc-k2,inverse-j,0.04,NHF,6,2690.357141781,2690.357141781,87076291.52703135,87076291.52703135,0.0,optimal
8,invj-4pc-k2,inverse-j,0.04,NHF,7,26992.85713972,26992.85713972,100888698.81707042,100888698.81707042,0.0,optimal
8,invj-4pc-k2,inverse-j,0.04,NHF,8,0.0,10457.14286028,84159214.7057688,81516532.02192613,2642682.683842659,suboptimal
8,invj-4pc-k2,inverse-j,0.04,NHF,9,5471.42856924,5471.42856924,78715925.39910038,78715925.39910038,0.0,optimal
8,invj-4pc-k2,inverse-j,0.04,NHF,10,0.0,0.0,79005534.43648973,79005534.43648973,0.0,optimal
8,invj-4pc-k2,inverse-j,0.04,NHF,11,0.0,3835.71429492,89796640.36784434,88716687.45681816,1079952.9110261798,suboptimal
8,invj-4pc-k2,inverse-j,0.04,NHF,12,0.0,26104.285711377,100281098.25471404,92482340.55721924,7798757.697494805,suboptimal
8,invj-4pc-k2,inverse-j,0.04,NHF,13,26850.0,29511.785710141005,92429683.81066673,91755849.5073644,673834.3033023179,suboptimal
8,invj-4pc-k2,inverse-j,0.04,NHF,14,0.0,0.0,78761743.32841696,78761743.32841696,0.0,optimal
8,invj-4pc-k2,inverse-j,0.04,NHF,15,73498.928575356,13314.28570896,90639293.2052924,,,infeasible
8,invj-4pc-k2,inverse-j,0.04,NDY,1,9839.416903574445,9839.416903574445,78534627.88555858,78534627.88555859,-1.4901161193847656e-08,optimal
8,invj-4pc-k2,inverse-j,0.04,NDY,2,9839.416903574443,9839.416903630086,80405448.22870895,80405448.22870895,0.0,optimal
8,invj-4pc-k2,inverse-j,0.04,NDY,3,9839.416903574443,9839.4169048475,82181535.0257233,82181535.0257233,0.0,optimal
8,invj-4pc-k2,inverse-j,0.04,NDY,4,10169.42926954636,10339.634355373188,83352717.79194276,83345019.22618368,7698.565759077668,suboptimal
8,invj-4pc-k2,inverse-j,0.04,NDY,5,10169.429269546365,10604.919934026337,85815938.50184536,85665496.95363975,150441.5482056141,suboptimal
8,invj-4pc-k2,inverse-j,0.04,NDY,6,10169.429269546357,11222.71943921148,88587890.83501126,88107647.82162984,480243.01338142157,suboptimal
8,invj-4pc-k2,inverse-j,0.04,NDY,7,10169.429269546355,11241.694815261728,89515160.95338872,88962002.47262235,553158.4807663709,suboptimal
8,invj-4pc-k2,inverse-j,0.04,NDY,8,10169.429269546348,11242.1112485078,88787052.1167383,88328308.5071976,458743.6095407009,suboptimal
8,invj-4pc-k2,inverse-j,0.04,NDY,9,10169.42926954636,10862.688001556948,87475624.0194101,87172352.95703644,303271.06237366796,suboptimal
8,invj-4pc-k2,inverse-j,0.04,NDY,10,10169.42926954636,10666.337308457321,86347475.66219488,86223897.9495482,123577.71264667809,suboptimal
8,invj-4pc-k2,inverse-j,0.04,NDY,11,10169.429269546357,10801.206058369622,85720310.60286073,85544975.33098957,175335.27187116444,suboptimal
8,invj-4pc-k2,inverse-j,0.04,NDY,12,10169.42926954636,10866.728573531824,86554331.17725222,86342237.33616164,212093.84109057486,suboptimal
8,invj-4pc-k2,inverse-j,0.04,NDY,13,10169.429269546363,10947.211867451115,87234573.9672965,86956911.2941859,277662.6731105894,suboptimal
8,invj-4pc-k2,inverse-j,0.04,NDY,14,10169.429269546361,11226.822404386068,89256899.67976797,88793612.76754293,463286.9122250378,suboptimal
8,invj-4pc-k2,inverse-j,0.04,NDY,15,51115.49869712979,11498.930416590289,89474319.46516843,,,infeasible
8,invj-4pc-k2,inverse-j,0.04,-10%,1,10562.768310133994,10562.768310133994,79575286.62959385,79575286.62959385,0.0,optimal
8,invj-4pc-k2,inverse-j,0.04,-10%,2,9506.491479120594,9506.49147504,80875927.77613635,80875927.77613635,0.0,optimal
8,invj-4pc-k2,inverse-j,0.04,-10%,3,9307.14286416,9307.14286416,83497726.33654878,83497726.33654878,0.0,optimal
8,invj-4pc-k2,inverse-j,0.04,-10%,4,13398.25010508352,13863.316651590672,85901019.51668407,85830446.72580937,70572.79087470472,suboptimal
8,invj-4pc-k2,inverse-j,0.04,-10%,5,12058.425094575166,12143.680867622912,86545297.20489345,86545297.20489345,0.0,optimal
8,invj-4pc-k2,inverse-j,0.04,-10%,6,10852.58258511765,10929.312783203999,89094332.55066685,89094332.55066685,0.0,optimal
8,invj-4pc-k2,inverse-j,0.04,-10%,7,9767.324326605885,12858.802504387808,90616603.04042234,89595383.4538425,1021219.5865798295,suboptimal
8,invj-4pc-k2,inverse-j,0.04,-10%,8,8790.591893945299,11572.922254035175,89469645.35879184,88561119.32512024,908526.0336716026,suboptimal
8,invj-4pc-k2,inverse-j,0.04,-10%,9,7911.532704550767,10212.786170738358,88618556.04849544,87927524.28901786,691031.7594775856,suboptimal
8,invj-4pc-k2,inverse-j,0.04,-10%,10,7120.379434095693,9191.507551875,87185008.86843495,86566514.0673248,618494.8011101484,suboptimal
8,invj-4pc-k2,inverse-j,0.04,-10%,11,6408.3414906861235,8272.35679444,87002915.16671903,86505763.78618792,497151.3805311173,suboptimal
8,invj-4pc-k2,inverse-j,0.04,-10%,12,7734.340328948256,16266.097358418983,91616808.55711089,88563662.25850898,3053146.2986019105,suboptimal
8,invj-4pc-k2,inverse-j,0.04,-10%,13,6960.906296053431,14651.182692572973,88402493.53766355,85840813.73039469,2561679.807268858,suboptimal
8,invj-4pc-k2,inverse-j,0.04,-10%,14,17119.454659389132,13042.788025737664,87793699.97448124,,,infeasible
8,invj-4pc-k2,inverse-j,0.04,-10%,15,57275.786609131465,11735.787285172524,87868141.24238876,,,infeasible
8,invj-4pc-k2,inverse-j,0.04,-20%,1,11116.648411829134,11116.648411829134,80119778.23735002,80119778.23735002,0.0,optimal
8,invj-4pc-k2,inverse-j,0.04,-20%,2,8893.318729463308,8893.318727680002,80909015.31673709,80909015.31673709,0.0,optimal
8,invj-4pc-k2,inverse-j,0.04,-20%,3,9307.14286416,9307.14286416,83708615.13909055,83708615.13909055,0.0,optimal
8,invj-4pc-k2,inverse-j,0.04,-20%,4,7445.714291328001,15321.99236710785,86395100.19785686,84739362.64494993,1655737.5529069304,suboptimal
8,invj-4pc-k2,inverse-j,0.04,-20%,5,16899.947555341038,11875.653087671086,86156169.90342233,,,infeasible
8,invj-4pc-k2,inverse-j,0.04,-20%,6,13519.958044272826,9500.522466635,89735317.31532164,,,infeasible
8,invj-4pc-k2,inverse-j,0.04,-20%,7,10815.966435418264,15203.984996154126,92700233.69016504,91311356.50808965,1388877.1820753962,suboptimal
8,invj-4pc-k2,inverse-j,0.04,-20%,8,8652.773148334612,12163.187995460547,89428163.95319258,88297888.07611445,1130275.8770781308,suboptimal
8,invj-4pc-k2,inverse-j,0.04,-20%,9,6922.218518667691,9613.951757127032,87095325.7877039,86286011.43614565,809314.3515582532,suboptimal
8,invj-4pc-k2,inverse-j,0.04,-20%,10,5537.774814934153,7691.161410000001,85861370.77498257,85212542.44206356,648828.3329190165,suboptimal
8,invj-4pc-k2,inverse-j,0.04,-20%,11,4430.219851947323,6152.9291266,86999358.7400036,86597803.19418594,401555.5458176583,suboptimal
8,invj-4pc-k2,inverse-j,0.04,-20%,12,7445.714291328001,20602.96792952364,94631650.20128426,90103386.9020893,4528263.299194962,suboptimal
8,invj-4pc-k2,inverse-j,0.04,-20%,13,15568.571413751997,16476.453253973446,88397960.64514819,88163496.13067217,234464.51447601616,suboptimal
8,invj-4pc-k2,inverse-j,0.04,-20%,14,12777.847630378725,13181.162606180002,87384778.47812141,87299766.17236234,85012.3057590723,suboptimal
8,invj-4pc-k2,inverse-j,0.04,-20%,15,56166.42607280315,10544.930079620886,86063561.8418502,,,infeasible
8,invj-4pc-k2,inverse-j,0.04,+/-10%,1,10562.768310133988,10562.768310133988,76946567.28446588,76946567.28446588,0.0,optimal
8,invj-4pc-k2,inverse-j,0.04,+/-10%,2,9506.4914791206,9215.962927434886,78404138.352682,78397153.09164824,6985.261033758521,suboptimal
8,invj-4pc-k2,inverse-j,0.04,+/-10%,3,9307.14286416,9637.670478355,80343003.43675849,80245791.71906276,97211.71769572794,suboptimal
8,invj-4pc-k2,inverse-j,0.04,+/-10%,4,10237.857150575997,13863.31665159067,82704187.27612816,81557412.80676906,1146774.4693590999,suboptimal
8,invj-4pc-k2,inverse-j,0.04,+/-10%,5,10964.955526780926,12476.984988197983,82906482.23764724,82478995.72733107,427486.5103161633,suboptimal
8,invj-4pc-k2,inverse-j,0.04,+/-10%,6,9868.459974102838,11229.286490584,84055505.41605851,83288379.80781457,767125.6082439423,suboptimal
8,invj-4pc-k2,inverse-j,0.04,+/-10%,7,10615.839854605965,12650.859654262273,86040196.29248284,85441708.01367815,598488.2788046896,suboptimal
8,invj-4pc-k2,inverse-j,0.04,+/-10%,8,11677.423840066576,11265.725009745129,85039916.49315862,,,infeasible
8,invj-4pc-k2,inverse-j,0.04,+/-10%,9,11181.065510944292,10307.446936519576,84136647.95298916,,,infeasible
8,invj-4pc-k2,inverse-j,0.04,+/-10%,10,12299.172062038717,9276.702244626711,83371049.53557317,,,infeasible
8,invj-4pc-k2,inverse-j,0.04,+/-10%,11,13529.089268242591,8349.032021315,82668206.0832773,,,infeasible
8,invj-4pc-k2,inverse-j,0.04,+/-10%,12,14881.998195066848,16022.444407976182,88026414.81073977,87795189.63752642,231225.1732133478,suboptimal
8,invj-4pc-k2,inverse-j,0.04,+/-10%,13,16370.198014573538,14417.18374984403,85065386.69161277,,,infeasible
8,invj-4pc-k2,inverse-j,0.04,+/-10%,14,18007.217816030898,13330.82678361882,83360232.80449688,,,infeasible
8,invj-4pc-k2,inverse-j,0.04,+/-10%,15,19807.939597633987,11774.063445430718,83508861.9430755,,,infeasible
8,invj-4pc-k2,inverse-j,0.04,+/-20%,1,11116.648411829134,11116.648411829134,77909693.04752755,77909693.04752755,0.0,optimal
8,invj-4pc-k2,inverse-j,0.04,+/-20%,2,8893.318729463308,8893.318727680002,78977611.86608455,78977611.86608455,0.0,optimal
8,invj-4pc-k2,inverse-j,0.04,+/-20%,3,9307.14286416,9307.14286416,80945052.50647584,80945052.50647584,0.0,optimal
8,invj-4pc-k2,inverse-j,0.04,+/-20%,4,11168.571436992,15321.992367107854,84187396.71192461,83129697.16079089,1057699.551133722,suboptimal
8,invj-4pc-k2,inverse-j,0.04,+/-20%,5,11845.714268087999,12257.59389382058,83106025.13161226,83043376.93098076,62648.20063149929,suboptimal
8,invj-4pc-k2,inverse-j,0.04,+/-20%,6,9476.571414470396,9806.075115296,84789095.67199394,84673327.54328582,115768.12870812416,suboptimal
8,invj-4pc-k2,inverse-j,0.04,+/-20%,7,10072.382979338028,14567.766150390824,88953747.46816649,87510312.68676302,1443434.781403467,suboptimal
8,invj-4pc-k2,inverse-j,0.04,+/-20%,8,12086.859575205639,12130.021040422955,85936446.32517877,85936446.32517876,1.4901161193847656e-08,optimal
8,invj-4pc-k2,inverse-j,0.04,+/-20%,9,9669.487660164508,9966.357944373089,83635674.81922273,83606379.28772219,29295.531500548124,suboptimal
8,invj-4pc-k2,inverse-j,0.04,+/-20%,10,9786.370062914562,8235.163058310955,82567603.41279249,,,infeasible
8,invj-4pc-k2,inverse-j,0.04,+/-20%,11,11743.644075497476,6588.130445085,82495899.50716317,,,infeasible
8,invj-4pc-k2,inverse-j,0.04,+/-20%,12,14092.37289059697,19887.292922292,91495117.28852905,89585029.66022293,1910087.6283061206,suboptimal
8,invj-4pc-k2,inverse-j,0.04,+/-20%,13,16910.84746871636,16220.103138975313,85584991.86123092,,,infeasible
8,invj-4pc-k2,inverse-j,0.04,+/-20%,14,20293.01696245963,12387.869335494002,82654942.1243499,,,infeasible
8,invj-4pc-k2,inverse-j,0.04,+/-20%,15,24351.620354951563,10489.585581556727,82620873.97451405,,,infeasible
9,linear-4pc-0pc,linear,0.04,NHF,1,50845.57293750499,50845.57293750499,51933617.30750411,51933617.30750411,0.0,optimal
9,linear-4pc-0pc,linear,0.04,NHF,2,6652.083339865001,6652.083339865001,28429921.148244407,28429921.148244407,0.0,optimal
9,linear-4pc-0pc,linear,0.04,NHF,3,6652.083339865001,6652.083339865001,31883598.5170512,31883598.5170512,0.0,optimal
9,linear-4pc-0pc,linear,0.04,NHF,4,6652.083339865001,6652.083339865001,34973370.960502155,34973370.960502155,0.0,optimal
9,linear-4pc-0pc,linear,0.04,NHF,5,6652.083339865001,6652.083339865001,39647870.51662568,39647870.51662568,0.0,optimal
9,linear-4pc-0pc,linear,0.04,NHF,6,6652.083339865001,6652.083339865001,44660390.45613245,44660390.45613245,0.0,optimal
9,linear-4pc-0pc,linear,0.04,NHF,7,25095.833310355,25095.833310355003,52154848.27627437,52154848.27627437,0.0,optimal
9,linear-4pc-0pc,linear,0.04,NHF,8,9751.041683115,10350.000018365,41258509.63316225,41178750.615897916,79759.01726433635,suboptimal
9,linear-4pc-0pc,linear,0.04,NHF,9,14271.875030915002,18006.250042865002,42018932.73028479,41196092.435509115,822840.2947756723,suboptimal
9,linear-4pc-0pc,linear,0.04,NHF,10,2239.5833405000003,6652.083339865001,33753942.33447378,32704466.58696348,1049475.7475103028,suboptimal
9,linear-4pc-0pc,linear,0.04,NHF,11,2239.5833405000003,6652.083339865001,38152446.04689946,37102970.29938916,1049475.747510299,suboptimal
9,linear-4pc-0pc,linear,0.04,NHF,12,1118.75000358,6652.083339865001,42463426.63999001,41087083.15713475,1376343.4828552604,suboptimal
9,linear-4pc-0pc,linear,0.04,NHF,13,1118.75000358,25095.833310355003,48962058.106946774,43446912.250375666,5515145.856571108,suboptimal
9,linear-4pc-0pc,linear,0.04,NHF,14,0.0,6652.083339865001,36287604.52218968,34556662.08755269,1730942.4346369877,suboptimal
9,linear-4pc-0pc,linear,0.04,NHF,15,76630.12154563834,10350.000018365,40234010.23959977,,,infeasible
9,linear-4pc-0pc,linear,0.04,NDY,1,13476.40650807871,13476.40650807871,39499489.71258818,39499489.71258818,0.0,optimal
9,linear-4pc-0pc,linear,0.04,NDY,2,13476.40650807871,13347.095308596721,41104318.0041805,41104318.0041805,0.0,optimal
9,linear-4pc-0pc,linear,0.04,NDY,3,13476.40650807871,13107.317284916497,42714388.759655,,,infeasible
9,linear-4pc-0pc,linear,0.04,NDY,4,13476.406508078711,12906.428484711008,43712748.386235386,,,infeasible
9,linear-4pc-0pc,linear,0.04,NDY,5,13476.406508078708,12684.75506752225,44004760.33298368,,,infeasible
9,linear-4pc-0pc,linear,0.04,NDY,6,13476.406508078708,12553.095617667475,43373811.9164718,,,infeasible
9,linear-4pc-0pc,linear,0.04,NDY,7,13476.406508078708,12456.838450853986,43071433.63496449,,,infeasible
9,linear-4pc-0pc,linear,0.04,NDY,8,13476.406508078708,12315.381308195989,42992573.66010763,,,infeasible
9,linear-4pc-0pc,linear,0.04,NDY,9,13476.406508078708,12290.420868295296,42590826.65812985,,,infeasible
9,linear-4pc-0pc,linear,0.04,NDY,10,13476.406508078708,12283.90793150914,42705780.447817996,,,infeasible
9,linear-4pc-0pc,linear,0.04,NDY,11,13476.40650807871,12278.146518594534,42343095.6325876,,,infeasible
9,linear-4pc-0pc,linear,0.04,NDY,12,13476.40650807871,12222.004675042146,42319335.34570218,,,infeasible
9,linear-4pc-0pc,linear,0.04,NDY,13,13476.406508078708,12149.655785585752,42181973.31030503,,,infeasible
9,linear-4pc-0pc,linear,0.04,NDY,14,13476.406508078711,12082.044153917459,41967952.71070958,,,infeasible
9,linear-4pc-0pc,linear,0.04,NDY,15,14760.189282350195,11969.750982830377,42134366.34568836,,,infeasible
9,linear-4pc-0pc,linear,0.04,-10%,1,19953.151121292725,19953.151121292725,45340550.832748115,45340550.832748115,0.0,optimal
9,linear-4pc-0pc,linear,0.04,-10%,2,17957.836009163446,17972.892912193965,44692260.19736679,44692260.19736679,0.0,optimal
9,linear-4pc-0pc,linear,0.04,-10%,3,16162.052408247102,16148.018617833572,44034029.559566155,44034029.55956615,7.450580596923828e-09,optimal
9,linear-4pc-0pc,linear,0.04,-10%,4,14545.847167422395,14514.79427021799,43647068.772247106,43647068.772247106,0.0,optimal
9,linear-4pc-0pc,linear,0.04,-10%,5,13091.262450680159,13056.956554351971,42740691.26238134,42740691.26238134,0.0,optimal
9,linear-4pc-0pc,linear,0.04,-10%,6,11782.13620561214,11751.260893814168,41190885.248249635,41190885.248249635,0.0,optimal
9,linear-4pc-0pc,linear,0.04,-10%,7,11270.954887477532,11270.95488388,41090537.914895125,41090537.914895125,0.0,optimal
9,linear-4pc-0pc,linear,0.04,-10%,8,10143.859398729779,11053.296599444999,41740301.36636463,41620620.25928732,119681.107077308,suboptimal
9,linear-4pc-0pc,linear,0.04,-10%,9,9129.473458856799,12383.47032311,42461928.83557408,41617072.81892353,844856.0166505501,suboptimal
9,linear-4pc-0pc,linear,0.04,-10%,10,8216.52611297112,13238.025164834413,42209998.46326641,40838639.81742936,1371358.6458370537,suboptimal
9,linear-4pc-0pc,linear,0.04,-10%,11,7394.87350167401,11914.222646835002,40985102.426044695,39810240.64762291,1174861.778421782,suboptimal
9,linear-4pc-0pc,linear,0.04,-10%,12,6655.38615150661,11442.998507699998,40844126.054312855,39683931.2276203,1160194.8266925514,suboptimal
9,linear-4pc-0pc,linear,0.04,-10%,13,5989.84753635595,12213.777582990355,40874579.71997653,39125526.69984835,1749053.020128183,suboptimal
9,linear-4pc-0pc,linear,0.04,-10%,14,5390.8627827203545,10992.399825250002,39879777.68480443,38255446.19753572,1624331.4872687086,suboptimal
9,linear-4pc-0pc,linear,0.04,-10%,15,59158.706201187735,11118.632195034072,40349649.08978819,,,infeasible
9,linear-4pc-0pc,linear,0.04,-20%,1,24729.746262110282,24729.746262110282,47301729.561532445,47301729.561532445,0.0,optimal
9,linear-4pc-0pc,linear,0.04,-20%,2,19783.797009688224,19772.548463249084,43441760.444442794,43441760.444442794,0.0,optimal
9,linear-4pc-0pc,linear,0.04,-20%,3,15827.037607750579,15802.814142563053,41383672.24336744,41383672.24336744,0.0,optimal
9,linear-4pc-0pc,linear,0.04,-20%,4,12661.630086200465,12642.251315530004,39635550.02304595,39635550.02304595,0.0,optimal
9,linear-4pc-0pc,linear,0.04,-20%,5,10129.304068960373,10113.801054038766,38914526.59704894,38914526.59704894,0.0,optimal
9,linear-4pc-0pc,linear,0.04,-20%,6,8103.4432551682985,8091.040845030001,39763345.41405723,39763345.41405723,0.0,optimal
9,linear-4pc-0pc,linear,0.04,-20%,7,10702.26922224799,10702.269219280002,43419768.46412552,43419768.46412552,0.0,optimal
9,linear-4pc-0pc,linear,0.04,-20%,8,13299.291884397644,15120.748437769998,45900930.04272218,45487637.24791421,413292.7948079705,suboptimal
9,linear-4pc-0pc,linear,0.04,-20%,9,10639.433507518112,15392.116173873615,43383519.264848255,42088363.70479873,1295155.5600495264,suboptimal
9,linear-4pc-0pc,linear,0.04,-20%,10,8511.546806014489,12313.692938815,39765053.36038352,38914797.980694614,850255.3796889037,suboptimal
9,linear-4pc-0pc,linear,0.04,-20%,11,6809.2374448115925,10094.44982,38797477.831774704,38302542.91750303,494934.91427167505,suboptimal
9,linear-4pc-0pc,linear,0.04,-20%,12,5447.389955849274,9460.763941100002,39695372.10806432,38880440.62219141,814931.4858729169,suboptimal
9,linear-4pc-0pc,linear,0.04,-20%,13,4357.911964679419,11301.22755453,41373361.9682511,39397255.79382281,1976106.1744282916,suboptimal
9,linear-4pc-0pc,linear,0.04,-20%,14,4230.835377368372,12901.998430669999,41917672.07042307,39647810.97519546,2269861.0952276066,suboptimal
9,linear-4pc-0pc,linear,0.04,-20%,15,61931.57088035344,10971.390078245,40910883.478600234,,,infeasible
9,linear-4pc-0pc,linear,0.04,+/-10%,1,19965.182671147904,19965.182671147904,44935026.811920606,44935026.811920606,0.0,optimal
9,linear-4pc-0pc,linear,0.04,+/-10%,2,17968.664404033112,17966.653714136533,44158929.50185655,44158929.50185655,0.0,optimal
9,linear-4pc-0pc,linear,0.04,+/-10%,3,16171.7979636298,16143.759177211847,43618050.936455525,43618050.936455525,0.0,optimal
9,linear-4pc-0pc,linear,0.04,+/-10%,4,14554.618167266814,14494.612810393359,43308807.110430166,43308807.11043015,1.4901161193847656e-08,optimal
9,linear-4pc-0pc,linear,0.04,+/-10%,5,13099.156350540146,13051.331637480216,42262281.37580027,42262281.37580027,0.0,optimal
9,linear-4pc-0pc,linear,0.04,+/-10%,6,11789.240715486125,11746.198474327502,40840848.052152246,40840848.052152246,0.0,optimal
9,linear-4pc-0pc,linear,0.04,+/-10%,7,10935.265779600784,10935.26578324,40729227.854642525,40729227.854642525,0.0,optimal
9,linear-4pc-0pc,linear,0.04,+/-10%,8,12028.792357560862,12028.792362364999,41874148.20659682,41874148.206596814,7.450580596923828e-09,optimal
9,linear-4pc-0pc,linear,0.04,+/-10%,9,11301.685283431523,12415.381331409999,41477173.60223316,41240206.78324369,236966.81898946315,suboptimal
9,linear-4pc-0pc,linear,0.04,+/-10%,10,10171.516755088367,12361.02019962333,41058577.36421621,40124936.060689315,933641.3035268933,suboptimal
9,linear-4pc-0pc,linear,0.04,+/-10%,11,11188.668430597208,11124.918181530002,40517938.57072613,40517938.57072613,0.0,optimal
9,linear-4pc-0pc,linear,0.04,+/-10%,12,12307.535273656926,12666.666678255002,41369045.59853493,41322636.98646395,46408.61207097769,suboptimal
9,linear-4pc-0pc,linear,0.04,+/-10%,13,13538.288801022627,11986.899945347115,40112990.076579735,,,infeasible
9,linear-4pc-0pc,linear,0.04,+/-10%,14,14892.117681124892,10788.20994922,39413077.79382466,,,infeasible
9,linear-4pc-0pc,linear,0.04,+/-10%,15,16381.329449237379,11152.835025539855,39989867.828167394,,,infeasible
9,linear-4pc-0pc,linear,0.04,+/-20%,1,24752.02516397122,24752.02516397122,46881156.90365305,46881156.90365305,0.0,optimal
9,linear-4pc-0pc,linear,0.04,+/-20%,2,19801.620131176973,19710.996606198863,42891140.128591985,42891140.128591985,0.0,optimal
9,linear-4pc-0pc,linear,0.04,+/-20%,3,15841.296104941568,15708.304367454366,40515568.68348325,40515568.68348325,0.0,optimal
9,linear-4pc-0pc,linear,0.04,+/-20%,4,12673.036883953253,12566.643491604224,38828264.60730137,38828264.607301384,-1.4901161193847656e-08,optimal
9,linear-4pc-0pc,linear,0.04,+/-20%,5,10138.429507162611,10053.314792929763,38293714.05881857,38293714.05881857,0.0,optimal
9,linear-4pc-0pc,linear,0.04,+/-20%,6,8110.743605730085,8423.53538849,38986385.91291849,38667639.1743941,318746.73852439225,suboptimal
9,linear-4pc-0pc,linear,0.04,+/-20%,7,9732.892326876103,10108.242462180002,41996940.23995005,41708682.57464993,288257.6653001234,suboptimal
9,linear-4pc-0pc,linear,0.04,+/-20%,8,11679.470792251319,14344.774918005001,45753620.26815717,44385278.145918086,1368342.122239083,suboptimal
9,linear-4pc-0pc,linear,0.04,+/-20%,9,13650.958342461221,16397.59928243393,44290794.234501585,43634302.60142072,656491.6330808625,suboptimal
9,linear-4pc-0pc,linear,0.04,+/-20%,10,10920.766673968978,13118.07942815579,39854171.51992183,39388772.95981424,465398.56010758877,suboptimal
9,linear-4pc-0pc,linear,0.04,+/-20%,11,9640.50229086589,10494.463545415001,37936190.131266065,37834536.20180985,101653.92945621163,suboptimal
9,linear-4pc-0pc,linear,0.04,+/-20%,12,11568.60274903908,8842.72544774,38252774.29979134,,,infeasible
9,linear-4pc-0pc,linear,0.04,+/-20%,13,13882.323298846895,10742.089462930002,40473049.5981213,,,infeasible
9,linear-4pc-0pc,linear,0.04,+/-20%,14,16658.787958616267,12126.024910904998,41398524.994987525,,,infeasible
9,linear-4pc-0pc,linear,0.04,+/-20%,15,19990.54555033954,11160.099262700001,41192411.7706924,,,infeasible
9,linear-6pc-0pc,linear,0.06,NHF,1,50845.57293750499,50845.57293750499,33668440.33959091,33668440.33959091,0.0,optimal
9,linear-6pc-0pc,linear,0.06,NHF,2,6652.083339865001,6652.083339865001,13668378.83115542,13668378.83115542,0.0,optimal
9,linear-6pc-0pc,linear,0.06,NHF,3,6652.083339865001,6652.083339865001,15502281.56316688,15502281.56316688,0.0,optimal
9,linear-6pc-0pc,linear,0.06,NHF,4,6652.083339865001,6652.083339865001,17569261.814287208,17569261.814287208,0.0,optimal
9,linear-6pc-0pc,linear,0.06,NHF,5,6652.083339865001,6652.083339865001,20655576.770785924,20655576.770785924,0.0,optimal
9,linear-6pc-0pc,linear,0.06,NHF,6,6652.083339865001,6652.083339865001,24802644.654468976,24802644.654468976,0.0,optimal
9,linear-6pc-0pc,linear,0.06,NHF,7,25095.833310355,25095.833310355003,32195573.780345127,32195573.780345127,0.0,optimal
9,linear-6pc-0pc,linear,0.06,NHF,8,10350.000018365,10350.000018365,23347186.154397156,23347186.154397156,0.0,optimal
9,linear-6pc-0pc,linear,0.06,NHF,9,18006.250042865002,18006.250042865002,24517433.638853077,24517433.638853077,0.0,optimal
9,linear-6pc-0pc,linear,0.06,NHF,10,3835.4166712800006,6652.083339865001,17295360.09580553,16592734.21902351,702625.8767820187,suboptimal
9,linear-6pc-0pc,linear,0.06,NHF,11,2239.5833405000003,6652.083339865001,19768105.38744565,18575015.400165178,1193089.987280473,suboptimal
9,linear-6pc-0pc,linear,0.06,NHF,12,2239.5833405000003,6652.083339865001,23328484.431179278,22135394.443898804,1193089.987280473,suboptimal
9,linear-6pc-0pc,linear,0.06,NHF,13,1118.75000358,25095.833310355003,29687663.89872438,23396668.322109006,6290995.576615375,suboptimal
9,linear-6pc-0pc,linear,0.06,NHF,14,0.0,6652.083339865001,18855884.30458488,16928771.86116124,1927112.44342364,suboptimal
9,linear-6pc-0pc,linear,0.06,NHF,15,65050.781242379984,10350.000018365,21997755.318871304,,,infeasible
9,linear-6pc-0pc,linear,0.06,NDY,1,13343.75870448389,13343.75870448389,21135714.391815506,21135714.39181551,-3.725290298461914e-09,optimal
9,linear-6pc-0pc,linear,0.06,NDY,2,13343.758704483891,13121.65757289287,21754099.398032032,21715446.363014895,38653.035017136484,suboptimal
9,linear-6pc-0pc,linear,0.06,NDY,3,13343.758704483891,12960.515480138985,22981230.73970962,,,infeasible
9,linear-6pc-0pc,linear,0.06,NDY,4,13343.758704483891,12850.578186623805,23996632.729586154,,,infeasible
9,linear-6pc-0pc,linear,0.06,NDY,5,13343.758704483891,12738.134292737168,24672606.663648803,,,infeasible
9,linear-6pc-0pc,linear,0.06,NDY,6,13343.758704483891,12627.546469809298,24540927.246147405,,,infeasible
9,linear-6pc-0pc,linear,0.06,NDY,7,13343.758704483887,12521.957216301562,24512957.21355326,,,infeasible
9,linear-6pc-0pc,linear,0.06,NDY,8,13343.758704483887,12470.683337554343,24782412.374034967,,,infeasible
9,linear-6pc-0pc,linear,0.06,NDY,9,13343.758704483891,12431.049825044975,24275248.00063272,,,infeasible
9,linear-6pc-0pc,linear,0.06,NDY,10,13343.75870448389,12354.784984206195,24049879.64083936,,,infeasible
9,linear-6pc-0pc,linear,0.06,NDY,11,13343.758704483891,12296.209292740044,23929358.237285268,,,infeasible
9,linear-6pc-0pc,linear,0.06,NDY,12,13343.758704483891,12226.089108604432,23778242.528091513,,,infeasible
9,linear-6pc-0pc,linear,0.06,NDY,13,13343.758704483891,12181.03850603984,23758130.97076178,,,infeasible
9,linear-6pc-0pc,linear,0.06,NDY,14,13343.758704483891,12132.328077421093,23817830.785871226,,,infeasible
9,linear-6pc-0pc,linear,0.06,NDY,15,13343.758704483887,12112.719887831248,24049827.060749065,,,infeasible
9,linear-6pc-0pc,linear,0.06,-10%,1,19951.28413852715,19951.28413852715,25782548.36027854,25782548.36027854,0.0,optimal
9,linear-6pc-0pc,linear,0.06,-10%,2,17956.155724674434,17886.308814895772,25251370.16519699,25251370.16519699,0.0,optimal
9,linear-6pc-0pc,linear,0.06,-10%,3,16160.540152206991,16024.444302669523,24699259.995235313,24699259.995235313,0.0,optimal
9,linear-6pc-0pc,linear,0.06,-10%,4,14544.486136986292,14385.5723333786,24239916.38996832,24234224.896684367,5691.493283953518,suboptimal
9,linear-6pc-0pc,linear,0.06,-10%,5,13090.037523287665,12947.015102540623,23445008.273298047,,,infeasible
9,linear-6pc-0pc,linear,0.06,-10%,6,11781.033770958898,11652.313587856668,22496459.736255307,,,infeasible
9,linear-6pc-0pc,linear,0.06,-10%,7,10602.930393863007,10602.93039438,22328682.46130013,22328682.46130013,0.0,optimal
9,linear-6pc-0pc,linear,0.06,-10%,8,11988.92120116682,10311.879755545002,23256924.426071383,,,infeasible
9,linear-6pc-0pc,linear,0.06,-10%,9,10790.02908105014,11957.132048445,24639147.887428254,24247162.038545616,391985.8488826379,suboptimal
9,linear-6pc-0pc,linear,0.06,-10%,10,9711.026172945125,14720.824424533563,25628070.829115346,23647428.05130081,1980642.7778145373,suboptimal
9,linear-6pc-0pc,linear,0.06,-10%,11,8739.923555650614,13248.741980689889,23529447.841873765,22119152.134856362,1410295.707017403,suboptimal
9,linear-6pc-0pc,linear,0.06,-10%,12,7865.9312000855525,11923.867782323781,22104249.1779825,21033618.10544501,1070631.072537493,suboptimal
9,linear-6pc-0pc,linear,0.06,-10%,13,7079.338080076997,10731.481005824535,21237681.116447423,20251006.541021645,986674.5754257776,suboptimal
9,linear-6pc-0pc,linear,0.06,-10%,14,6371.404272069298,9658.33290891,21305954.933660287,20339908.59355644,966046.340103846,suboptimal
9,linear-6pc-0pc,linear,0.06,-10%,15,44282.88565275988,10826.800884330733,22678286.69989454,,,infeasible
9,linear-6pc-0pc,linear,0.06,-20%,1,24640.0240023737,24640.0240023737,27897876.579710677,27897876.579710677,0.0,optimal
9,linear-6pc-0pc,linear,0.06,-20%,2,19712.019201898962,19652.374103197457,24606001.507365372,24606001.507365372,0.0,optimal
9,linear-6pc-0pc,linear,0.06,-20%,3,15769.615361519169,15692.552854914262,22724103.571137324,22724103.571137324,0.0,optimal
9,linear-6pc-0pc,linear,0.06,-20%,4,12615.692289215334,12554.042284651016,21252554.43111965,21252554.43111965,0.0,optimal
9,linear-6pc-0pc,linear,0.06,-20%,5,10092.553831372272,10043.23382468136,20596351.51026842,20596351.51026842,0.0,optimal
9,linear-6pc-0pc,linear,0.06,-20%,6,8074.043065097817,8034.587057160001,20921347.870001454,20921347.870001454,0.0,optimal
9,linear-6pc-0pc,linear,0.06,-20%,7,8164.963903895499,8164.963902300001,23747684.87341015,23747684.87341015,0.0,optimal
9,linear-6pc-0pc,linear,0.06,-20%,8,16655.3651865516,16590.218439124998,28725066.754254658,28725066.754254658,0.0,optimal
9,linear-6pc-0pc,linear,0.06,-20%,9,13324.292149241284,16704.190558975206,26360331.589630045,25269956.629457045,1090374.9601729997,suboptimal
9,linear-6pc-0pc,linear,0.06,-20%,10,10659.433719393028,13363.352448169644,22535596.609337278,21830974.29787699,704622.3114602864,suboptimal
9,linear-6pc-0pc,linear,0.06,-20%,11,8527.546975514422,10690.681956923856,20472832.08049649,20005183.03819931,467649.04229718074,suboptimal
9,linear-6pc-0pc,linear,0.06,-20%,12,6822.037580411538,8552.545569335,19868827.37567732,19509379.991075266,359447.38460205495,suboptimal
9,linear-6pc-0pc,linear,0.06,-20%,13,5457.630064329231,8164.963902300001,21410709.720850118,20783253.830594983,627455.8902551346,suboptimal
9,linear-6pc-0pc,linear,0.06,-20%,14,4366.104051463384,12903.340407525,24556480.35139815,21768874.524899304,2787605.8264988475,suboptimal
9,linear-6pc-0pc,linear,0.06,-20%,15,45633.225184382005,12465.446583339999,24467358.267396856,,,infeasible
9,linear-6pc-0pc,linear,0.06,+/-10%,1,19956.560042756708,19956.560042756708,25721879.066078432,25721879.06607843,3.725290298461914e-09,optimal
9,linear-6pc-0pc,linear,0.06,+/-10%,2,17960.904038481032,17884.714165643745,25194483.59818472,25194483.59818472,0.0,optimal
9,linear-6pc-0pc,linear,0.06,+/-10%,3,16164.813634632932,16035.648330099206,24696285.24482067,24696285.24482067,0.0,optimal
9,linear-6pc-0pc,linear,0.06,+/-10%,4,14548.332271169638,14394.375097483848,24154302.825691964,24152446.08763414,1856.7380578257143,suboptimal
9,linear-6pc-0pc,linear,0.06,+/-10%,5,13093.499044052674,12954.93758949303,23303315.14878921,23275661.197042253,27653.951746955514,suboptimal
9,linear-6pc-0pc,linear,0.06,+/-10%,6,11784.149139647408,11659.443827488332,22332657.13279305,,,infeasible
9,linear-6pc-0pc,linear,0.06,+/-10%,7,10605.73422568267,10520.988871626138,22114489.69632356,22114489.69632356,0.0,optimal
9,linear-6pc-0pc,linear,0.06,+/-10%,8,11563.69233131886,10594.267427505001,23052422.273283113,,,infeasible
9,linear-6pc-0pc,linear,0.06,+/-10%,9,12126.058176783501,11653.694174485001,23983164.639599055,,,infeasible
9,linear-6pc-0pc,linear,0.06,+/-10%,10,11735.733452227489,14775.824125585597,25628793.260753963,24253664.20801934,1375129.0527346246,suboptimal
9,linear-6pc-0pc,linear,0.06,+/-10%,11,10562.160107004736,13298.241713485164,23506422.742728725,22438994.622066543,1067428.1206621826,suboptimal
9,linear-6pc-0pc,linear,0.06,+/-10%,12,11618.376117705211,11968.41754236358,21934556.576235134,21874193.574358378,60363.00187675655,suboptimal
9,linear-6pc-0pc,linear,0.06,+/-10%,13,12780.213729475734,10771.575790033618,20982871.8285962,,,infeasible
9,linear-6pc-0pc,linear,0.06,+/-10%,14,14058.235102423314,9694.418208359999,20879410.513744995,,,infeasible
9,linear-6pc-0pc,linear,0.06,+/-10%,15,15464.058612665634,9769.890025809325,21918783.154736158,,,infeasible
9,linear-6pc-0pc,linear,0.06,+/-20%,1,24717.441329285633,24717.441329285633,27810418.77382391,27810418.773823913,-3.725290298461914e-09,optimal
9,linear-6pc-0pc,linear,0.06,+/-20%,2,19773.953063428507,19697.032032832274,24860940.479471803,24860940.479471803,0.0,optimal
9,linear-6pc-0pc,linear,0.06,+/-20%,3,15819.16245074281,15724.077797291327,22538392.08183636,22538392.08183636,0.0,optimal
9,linear-6pc-0pc,linear,0.06,+/-20%,4,12655.329960594245,12558.222527013928,21052834.837903082,21052834.837903082,0.0,optimal
9,linear-6pc-0pc,linear,0.06,+/-20%,5,10124.2639684754,10046.578017957656,20329313.18841481,20329313.188414805,3.725290298461914e-09,optimal
9,linear-6pc-0pc,linear,0.06,+/-20%,6,8099.41117478032,8099.411172600001,20484316.692040987,20484316.692040987,0.0,optimal
9,linear-6pc-0pc,linear,0.06,+/-20%,7,9719.293409736383,9719.29340744,22954829.34331512,22954829.34331512,0.0,optimal
9,linear-6pc-0pc,linear,0.06,+/-20%,8,11663.152091683656,12784.388979325002,26204522.19114402,25499553.1556105,704969.0355335176,suboptimal
9,linear-6pc-0pc,linear,0.06,+/-20%,9,13995.782510020392,17662.229328043664,27657365.431057416,26439754.29912705,1217611.1319303662,suboptimal
9,linear-6pc-0pc,linear,0.06,+/-20%,10,11598.516846167102,14129.783462333726,23455942.43535929,22728563.523333017,727378.912026275,suboptimal
9,linear-6pc-0pc,linear,0.06,+/-20%,11,9278.813476933685,11303.826767682585,20920338.100297865,20509696.258852698,410641.8414451666,suboptimal
9,linear-6pc-0pc,linear,0.06,+/-20%,12,11134.57617232042,9043.061416235001,20076184.438419327,,,infeasible
9,linear-6pc-0pc,linear,0.06,+/-20%,13,13361.491406784517,9719.29340744,21291540.609807935,,,infeasible
9,linear-6pc-0pc,linear,0.06,+/-20%,14,16033.789688141402,10565.638972225002,22546055.581892055,,,infeasible
9,linear-6pc-0pc,linear,0.06,+/-20%,15,19240.547625769694,11213.401017205,23699233.80212511,,,infeasible
9,invj-4pc-k1,inverse-j,0.04,NHF,1,33248.437480667504,33248.437480667504,129596110.7294653,129596110.7294653,0.0,optimal
9,invj-4pc-k1,inverse-j,0.04,NHF,2,1595.83333078,15552.083368345002,118684903.00829792,118245768.18021095,439134.82808697224,suboptimal
9,invj-4pc-k1,inverse-j,0.04,NHF,3,5858.8541572925005,13156.510433197502,117120198.02778503,116910181.01279226,210017.01499277353,suboptimal
9,invj-4pc-k1,inverse-j,0.04,NHF,4,0.0,11898.177095837502,118336972.15714967,117413424.39569914,923547.7614505291,suboptimal
9,invj-4pc-k1,inverse-j,0.04,NHF,5,32118.57646321167,6652.083339865001,119350692.67591119,,,infeasible
9,invj-4pc-k1,inverse-j,0.04,NHF,6,9421.093762517503,6652.083339865001,122972897.20036149,,,infeasible
9,invj-4pc-k1,inverse-j,0.04,NHF,7,21713.802095842497,21904.166648795002,128296504.85466133,128296504.85466133,0.0,optimal
9,invj-4pc-k1,inverse-j,0.04,NHF,8,16888.541652115,7391.666675565001,119071825.48076846,,,infeasible
9,invj-4pc-k1,inverse-j,0.04,NHF,9,8317.361103173333,10847.916678965,121885797.33002263,121555780.01793891,330017.31208372116,suboptimal
9,invj-4pc-k1,inverse-j,0.04,NHF,10,0.0,14660.416691165003,121599124.2115313,118909519.12092975,2689605.0906015486,suboptimal
9,invj-4pc-k1,inverse-j,0.04,NHF,11,1258.33333736,10232.291684655,119433934.16749966,117950386.99376093,1483547.173738733,suboptimal
9,invj-4pc-k1,inverse-j,0.04,NHF,12,2516.66667472,8371.875012035,121986559.23235646,121087359.06458521,899200.16777125,suboptimal
9,invj-4pc-k1,inverse-j,0.04,NHF,13,8950.000028639999,21904.166648795002,126552309.06017579,124894990.40621455,1657318.6539612412,suboptimal
9,invj-4pc-k1,inverse-j,0.04,NHF,14,5033.33334178,6652.083339865001,117230542.11059758,117037316.62876572,193225.48183186352,suboptimal
9,invj-4pc-k1,inverse-j,0.04,NHF,15,73032.72571957833,8987.500006345,120248747.51092607,,,infeasible
9,invj-4pc-k1,inverse-j,0.04,NDY,1,12474.380313167307,12474.380313167307,121807312.21136135,121807312.21136135,0.0,optimal
9,invj-4pc-k1,inverse-j,0.04,NDY,2,12474.38031316731,12512.233728229592,124143276.55848601,124143276.55848601,0.0,optimal
9,invj-4pc-k1,inverse-j,0.04,NDY,3,12474.38031316731,12310.44082694245,125161735.49009174,125150942.16707617,10793.32301557064,suboptimal
9,invj-4pc-k1,inverse-j,0.04,NDY,4,12474.380313167308,12184.621520450048,126195013.32071175,126126949.80811104,68063.51260070503,suboptimal
9,invj-4pc-k1,inverse-j,0.04,NDY,5,12474.380313167308,12022.880397408506,126181031.10257775,125962542.26838444,218488.83419330418,suboptimal
9,invj-4pc-k1,inverse-j,0.04,NDY,6,12474.380313167308,11897.238408494908,125245903.20818885,124778812.12352331,467091.0846655369,suboptimal
9,invj-4pc-k1,inverse-j,0.04,NDY,7,12474.380313167308,11846.982938073592,125036530.13355641,124456386.46036488,580143.6731915325,suboptimal
9,invj-4pc-k1,inverse-j,0.04,NDY,8,12474.38031316731,11750.255113176368,124682758.40264218,123823401.3320953,859357.0705468804,suboptimal
9,invj-4pc-k1,inverse-j,0.04,NDY,9,12474.380313167308,11649.846112291467,124663192.4000246,123690576.0029386,972616.3970859945,suboptimal
9,invj-4pc-k1,inverse-j,0.04,NDY,10,12474.380313167308,11535.00466439753,123800816.04474746,122352284.71200332,1448531.3327441365,suboptimal
9,invj-4pc-k1,inverse-j,0.04,NDY,11,12474.380313167307,11415.018199138836,123749063.78147082,121665439.47543381,2083624.3060370088,suboptimal
9,invj-4pc-k1,inverse-j,0.04,NDY,12,12474.380313167308,11363.970148662645,123468889.7969761,121119241.52141643,2349648.2755596787,suboptimal
9,invj-4pc-k1,inverse-j,0.04,NDY,13,12474.380313167312,11371.782609000704,123767411.4510275,121331058.45907493,2436352.9919525683,suboptimal
9,invj-4pc-k1,inverse-j,0.04,NDY,14,12474.380313167308,11179.544939789836,123026440.04282261,120346349.96702656,2680090.075796053,suboptimal
9,invj-4pc-k1,inverse-j,0.04,NDY,15,35142.86782551799,11265.755910284555,123364045.63306709,,,infeasible
9,invj-4pc-k1,inverse-j,0.04,-10%,1,19275.293428776382,19275.293428776382,126893906.73804052,126893906.73804052,0.0,optimal
9,invj-4pc-k1,inverse-j,0.04,-10%,2,17347.76408589874,17492.881976148703,125790500.99405417,125790500.99405415,1.4901161193847656e-08,optimal
9,invj-4pc-k1,inverse-j,0.04,-10%,3,15612.987677308867,15179.67258067166,123866083.32583024,123860687.30450076,5396.021329477429,suboptimal
9,invj-4pc-k1,inverse-j,0.04,-10%,4,14051.68890957798,14407.350033388626,124495694.86413862,124479401.84715627,16293.016982346773,suboptimal
9,invj-4pc-k1,inverse-j,0.04,-10%,5,12991.408730009502,13521.094994305433,123607046.98570931,123600821.27168567,6225.714023634791,suboptimal
9,invj-4pc-k1,inverse-j,0.04,-10%,6,11692.267857008552,12915.185902737627,121786632.61905909,121681482.9040818,105149.7149772793,suboptimal
9,invj-4pc-k1,inverse-j,0.04,-10%,7,10523.041071307696,11798.823765341072,120595916.33837499,120471720.18376692,124196.15460807085,suboptimal
9,invj-4pc-k1,inverse-j,0.04,-10%,8,9470.736964176927,10618.941390053373,120649959.51179618,120539204.09219626,110755.41959992051,suboptimal
9,invj-4pc-k1,inverse-j,0.04,-10%,9,8523.663267759233,9557.047249905001,121554881.34641507,121422119.30386499,132762.04255008698,suboptimal
9,invj-4pc-k1,inverse-j,0.04,-10%,10,7671.296940983311,14467.022681742934,122985369.66524781,121913087.86032106,1072281.804926753,suboptimal
9,invj-4pc-k1,inverse-j,0.04,-10%,11,6904.16724688498,13020.320416614999,120018805.75205147,118958989.89202034,1059815.860031128,suboptimal
9,invj-4pc-k1,inverse-j,0.04,-10%,12,6213.750522196483,12409.16226445492,120516923.12696563,119742073.54865679,774849.5783088356,suboptimal
9,invj-4pc-k1,inverse-j,0.04,-10%,13,5592.375469976834,11773.683070006617,120160091.02321725,119375710.9810994,784380.042117849,suboptimal
9,invj-4pc-k1,inverse-j,0.04,-10%,14,7678.680472808265,11458.03243924999,119570158.89040568,119075398.57669903,494760.31370665133,suboptimal
9,invj-4pc-k1,inverse-j,0.04,-10%,15,65490.32355273926,10312.229192865001,119683779.92174107,,,infeasible
9,invj-4pc-k1,inverse-j,0.04,-20%,1,19483.839250306293,19483.839250306293,127833899.40132274,127833899.40132274,0.0,optimal
9,invj-4pc-k1,inverse-j,0.04,-20%,2,15587.071400245037,17379.29264640538,126527668.51144534,126527030.13159715,638.3798481971025,suboptimal
9,invj-4pc-k1,inverse-j,0.04,-20%,3,12469.657120196027,17795.7720986054,124485346.2350612,124295271.15889107,190075.07617013156,suboptimal
9,invj-4pc-k1,inverse-j,0.04,-20%,4,9975.725696156824,14714.659734840976,123675184.8416965,123303850.24978815,371334.5919083506,suboptimal
9,invj-4pc-k1,inverse-j,0.04,-20%,5,18502.657892901883,12627.68138676436,122634874.16538791,,,infeasible
9,invj-4pc-k1,inverse-j,0.04,-20%,6,14802.126314321507,10102.14511397,121199394.65300062,,,infeasible
9,invj-4pc-k1,inverse-j,0.04,-20%,7,12529.812732272287,12646.94332541816,122435839.11971249,122435839.11971249,0.0,optimal
9,invj-4pc-k1,inverse-j,0.04,-20%,8,10023.850185817828,10117.554661915,121444093.86560355,121444093.86560355,0.0,optimal
9,invj-4pc-k1,inverse-j,0.04,-20%,9,8019.080148654263,11668.256951315,122900837.1556219,122359585.64621304,541251.5094088614,suboptimal
9,invj-4pc-k1,inverse-j,0.04,-20%,10,6415.264118923412,12765.524584385,122107554.61216883,121045009.8555372,1062544.7566316277,suboptimal
9,invj-4pc-k1,inverse-j,0.04,-20%,11,5132.21129513873,13054.737699895,120564089.46585937,119314066.11487053,1250023.350988835,suboptimal
9,invj-4pc-k1,inverse-j,0.04,-20%,12,4105.769036110984,11607.08703805,121184063.27754448,119984251.18266559,1199812.094878897,suboptimal
9,invj-4pc-k1,inverse-j,0.04,-20%,13,3284.615228888788,13752.05836211382,122364724.50599036,120799459.81712526,1565264.6888650954,suboptimal
9,invj-4pc-k1,inverse-j,0.04,-20%,14,8051.344163199314,11510.310610115,119958811.56260592,119511921.93992679,446889.62267912924,suboptimal
9,invj-4pc-k1,inverse-j,0.04,-20%,15,71361.120877766,9655.352230125001,119475217.88932693,,,infeasible
9,invj-4pc-k1,inverse-j,0.04,+/-10%,1,17879.369418409937,17879.369418409937,121639109.90476644,121639109.90476644,0.0,optimal
9,invj-4pc-k1,inverse-j,0.04,+/-10%,2,16091.432476568942,16940.004566500014,121404666.29435295,121370144.62273599,34521.67161695659,suboptimal
9,invj-4pc-k1,inverse-j,0.04,+/-10%,3,14482.289228912045,15596.089861933588,119437684.57715818,119376432.4701924,61252.10696578026,suboptimal
9,invj-4pc-k1,inverse-j,0.04,+/-10%,4,13034.060306020841,14878.703542549323,118167418.46541077,117938852.52417658,228565.9412341863,suboptimal
9,invj-4pc-k1,inverse-j,0.04,+/-10%,5,11730.654275418758,14029.0628097919,117340182.52316493,116960547.54704812,379634.97611680627,suboptimal
9,invj-4pc-k1,inverse-j,0.04,+/-10%,6,10557.58884787688,13058.613613450807,116114703.24676359,115755933.44275726,358769.8040063232,suboptimal
9,invj-4pc-k1,inverse-j,0.04,+/-10%,7,11537.447577113719,12202.824018455707,115416898.73528221,115341344.9950958,75553.74018640816,suboptimal
9,invj-4pc-k1,inverse-j,0.04,+/-10%,8,12691.19233482509,10982.541617420753,114926440.28582177,,,infeasible
9,invj-4pc-k1,inverse-j,0.04,+/-10%,9,12831.066921240259,9884.287457291242,115309653.68368803,,,infeasible
9,invj-4pc-k1,inverse-j,0.04,+/-10%,10,11547.960229116237,8895.858709164999,115945223.8894215,,,infeasible
9,invj-4pc-k1,inverse-j,0.04,+/-10%,11,12702.75625202786,13022.215436415001,118125051.92716333,118095927.71149924,29124.215664088726,suboptimal
9,invj-4pc-k1,inverse-j,0.04,+/-10%,12,13973.031877230645,14155.513609560461,117430158.72445421,117427888.95427862,2269.770175591111,suboptimal
9,invj-4pc-k1,inverse-j,0.04,+/-10%,13,15370.335064953706,13340.11959057691,115942805.30419618,,,infeasible
9,invj-4pc-k1,inverse-j,0.04,+/-10%,14,16907.368571449082,12403.209952074347,115005902.3564291,,,infeasible
9,invj-4pc-k1,inverse-j,0.04,+/-10%,15,18598.105428593983,11380.192589108814,114581624.59951057,,,infeasible
9,invj-4pc-k1,inverse-j,0.04,+/-20%,1,20823.402866105265,20823.402866105265,123258927.28453319,123258927.28453322,-2.9802322387695312e-08,optimal
9,invj-4pc-k1,inverse-j,0.04,+/-20%,2,16658.722292884177,18472.214858616157,121024119.96373393,121000324.31529842,23795.648435503244,suboptimal
9,invj-4pc-k1,inverse-j,0.04,+/-20%,3,13326.977834307343,17147.411858693562,118543381.01392709,118285908.6973106,257472.31661649048,suboptimal
9,invj-4pc-k1,inverse-j,0.04,+/-20%,4,10661.582267445869,14480.913206881565,116223735.26985952,115808668.58635356,415066.68350596726,suboptimal
9,invj-4pc-k1,inverse-j,0.04,+/-20%,5,12793.898720935093,11592.917483306104,115981002.04658319,,,infeasible
9,invj-4pc-k1,inverse-j,0.04,+/-20%,6,10235.118976748072,9274.33398977,116079067.30863401,,,infeasible
9,invj-4pc-k1,inverse-j,0.04,+/-20%,7,11865.245225689632,14091.101682755107,118540753.3860559,118291118.01610005,249635.36995585263,suboptimal
9,invj-4pc-k1,inverse-j,0.04,+/-20%,8,14238.294270827564,11272.881343838759,116579757.54378636,,,infeasible
9,invj-4pc-k1,inverse-j,0.04,+/-20%,9,11390.635416662044,9018.305078829999,115916916.11787982,,,infeasible
9,invj-4pc-k1,inverse-j,0.04,+/-20%,10,9112.508333329639,10822.727967044999,117499253.58306815,117007813.55585581,491440.02721233666,suboptimal
9,invj-4pc-k1,inverse-j,0.04,+/-20%,11,10935.009999995566,15212.439381976816,118490505.06547265,117759105.95778735,731399.1076852977,suboptimal
9,invj-4pc-k1,inverse-j,0.04,+/-20%,12,13122.011999994676,12169.9515097,115901164.74233916,,,infeasible
9,invj-4pc-k1,inverse-j,0.04,+/-20%,13,15746.414399993617,13905.527996948702,116949717.70741645,,,infeasible
9,invj-4pc-k1,inverse-j,0.04,+/-20%,14,18895.697279992342,12038.66215299417,115075198.74118893,,,infeasible
9,invj-4pc-k1,inverse-j,0.04,+/-20%,15,22674.836735990793,9830.100318185,114071119.80219309,,,infeasible
9,invj-4pc-k2,inverse-j,0.04,NHF,1,50845.57293750499,50845.57293750499,97394721.70982471,97394721.70982471,0.0,optimal
9,invj-4pc-k2,inverse-j,0.04,NHF,2,4791.666667245,6652.083339865001,74194250.06911898,73939047.84672993,255202.22238904238,suboptimal
9,invj-4pc-k2,inverse-j,0.04,NHF,3,1595.83333078,6652.083339865001,80240149.52330327,79341404.8136093,898744.7096939683,suboptimal
9,invj-4pc-k2,inverse-j,0.04,NHF,4,0.0,6652.083339865001,82493295.03385934,81106190.03177887,1387105.0020804703,suboptimal
9,invj-4pc-k2,inverse-j,0.04,NHF,5,13999.218777167502,6652.083339865001,86814268.40386805,,,infeasible
9,invj-4pc-k2,inverse-j,0.04,NHF,6,8225.000008690002,6652.083339865001,90468024.2690301,,,infeasible
9,invj-4pc-k2,inverse-j,0.04,NHF,7,21658.5937470125,25095.833310355003,97952468.85100086,97220069.38495988,732399.4660409838,suboptimal
9,invj-4pc-k2,inverse-j,0.04,NHF,8,21324.99999255,10350.000018365,86720108.28108977,,,infeasible
9,invj-4pc-k2,inverse-j,0.04,NHF,9,9600.694455933335,18006.250042865002,87888915.6815741,85632346.07699753,2256569.604576573,suboptimal
9,invj-4pc-k2,inverse-j,0.04,NHF,10,1118.75000358,6652.083339865001,79324094.8350039,77793876.0215482,1530218.8134557009,suboptimal
9,invj-4pc-k2,inverse-j,0.04,NHF,11,1258.33333736,6652.083339865001,86030168.68580079,84545732.8469636,1484435.8388371915,suboptimal
9,invj-4pc-k2,inverse-j,0.04,NHF,12,6291.6666868,6652.083339865001,89075274.93951495,89007621.33364826,67653.60586668551,suboptimal
9,invj-4pc-k2,inverse-j,0.04,NHF,13,3356.25001074,25095.833310355003,95948319.49010287,90128824.53188601,5819494.958216861,suboptimal
9,invj-4pc-k2,inverse-j,0.04,NHF,14,4434.37500653,6652.083339865001,83181628.67645855,82650114.61240572,531514.0640528351,suboptimal
9,invj-4pc-k2,inverse-j,0.04,NHF,15,70575.00001860749,10350.000018365,86633630.51207317,,,infeasible
9,invj-4pc-k2,inverse-j,0.04,NDY,1,12674.920410018069,12674.920410018069,86552219.36980623,86552219.36980623,0.0,optimal
9,invj-4pc-k2,inverse-j,0.04,NDY,2,12674.92041001807,12580.098745270308,88442977.26057559,88442977.26057559,0.0,optimal
9,invj-4pc-k2,inverse-j,0.04,NDY,3,12674.92041001807,12381.640696470437,89663474.33954693,89631113.33339407,32361.00615286827,suboptimal
9,invj-4pc-k2,inverse-j,0.04,NDY,4,12674.92041001807,12324.243331385003,90532450.99946347,90478734.51735854,53716.4821049273,suboptimal
9,invj-4pc-k2,inverse-j,0.04,NDY,5,12674.920410018069,12132.406075073173,90577691.28853348,90364069.9563179,213621.33221557736,suboptimal
9,invj-4pc-k2,inverse-j,0.04,NDY,6,12674.920410018069,11957.55542596071,89807628.57648483,89309327.43738516,498301.13909967244,suboptimal
9,invj-4pc-k2,inverse-j,0.04,NDY,7,12674.920410018069,11820.652627254185,89025016.22596885,88145886.63006009,879129.595908761,suboptimal
9,invj-4pc-k2,inverse-j,0.04,NDY,8,12674.920410018069,11695.239956050886,88733745.86044927,87251960.87917171,1481784.9812775552,suboptimal
9,invj-4pc-k2,inverse-j,0.04,NDY,9,12674.920410018069,11630.05040595986,88973440.12915948,86986215.26606289,1987224.8630965948,suboptimal
9,invj-4pc-k2,inverse-j,0.04,NDY,10,12674.920410018069,11561.434299226708,88514484.26060282,85806002.9981844,2708481.262418419,suboptimal
9,invj-4pc-k2,inverse-j,0.04,NDY,11,12674.92041001807,11507.16686209763,88608431.97652154,85598781.93904348,3009650.0374780595,suboptimal
9,invj-4pc-k2,inverse-j,0.04,NDY,12,12674.92041001807,11416.452550684156,87904297.7007233,,,infeasible
9,invj-4pc-k2,inverse-j,0.04,NDY,13,12674.92041001807,11412.901267064575,87831830.82168417,,,infeasible
9,invj-4pc-k2,inverse-j,0.04,NDY,14,12674.920410018069,11337.379776034148,87487027.01685217,,,infeasible
9,invj-4pc-k2,inverse-j,0.04,NDY,15,32383.905294824766,11374.431463683923,87699842.46389647,,,infeasible
9,invj-4pc-k2,inverse-j,0.04,-10%,1,19604.02199835367,19604.02199835367,91834847.74821459,91834847.74821459,0.0,optimal
9,invj-4pc-k2,inverse-j,0.04,-10%,2,17643.619798518303,17840.903706092482,91021837.83648436,91019201.14416073,2636.6923236250877,suboptimal
9,invj-4pc-k2,inverse-j,0.04,-10%,3,15879.257818666472,15987.954724718082,89285404.81060539,89285404.81060539,0.0,optimal
9,invj-4pc-k2,inverse-j,0.04,-10%,4,14291.332036799828,14377.79057609675,88753529.56908341,88753529.56908341,0.0,optimal
9,invj-4pc-k2,inverse-j,0.04,-10%,5,12862.198833119844,13014.816623766395,87998652.97329538,87992013.48067221,6639.49262316525,suboptimal
9,invj-4pc-k2,inverse-j,0.04,-10%,6,11575.97894980786,11713.334965138332,86837871.77137083,86832300.91054,5570.8608308285475,suboptimal
9,invj-4pc-k2,inverse-j,0.04,-10%,7,10418.381054827074,11500.484313076282,86881283.55978203,86630007.44779232,251276.11198970675,suboptimal
9,invj-4pc-k2,inverse-j,0.04,-10%,8,9376.542949344366,10350.435882070362,86904823.8553698,86711131.12407647,193692.73129333556,suboptimal
9,invj-4pc-k2,inverse-j,0.04,-10%,9,8438.88865440993,9315.392292735,87638378.8212916,87457296.16374189,181082.65754970908,suboptimal
9,invj-4pc-k2,inverse-j,0.04,-10%,10,7594.999788968937,14140.398144175,90200920.45880614,87981648.54170527,2219271.9171008766,suboptimal
9,invj-4pc-k2,inverse-j,0.04,-10%,11,6835.499810072044,14519.923339000989,88416053.96768427,85811511.78694105,2604542.1807432175,suboptimal
9,invj-4pc-k2,inverse-j,0.04,-10%,12,6151.94982906484,13017.764909677255,86547413.00401136,84604782.88631795,1942630.1176934093,suboptimal
9,invj-4pc-k2,inverse-j,0.04,-10%,13,5536.754846158356,11951.656047703498,85697967.73329104,83943873.13321267,1754094.6000783741,suboptimal
9,invj-4pc-k2,inverse-j,0.04,-10%,14,7178.3872735839395,10756.490445016421,85144314.17262025,84185168.18684663,959145.985773623,suboptimal
9,invj-4pc-k2,inverse-j,0.04,-10%,15,65618.50573242114,9680.841401860001,85390410.10172476,,,infeasible
9,invj-4pc-k2,inverse-j,0.04,-20%,1,24254.815117154536,24254.815117154536,93131514.9587386,93131514.9587386,0.0,optimal
9,invj-4pc-k2,inverse-j,0.04,-20%,2,19403.85209372363,19354.468913854165,89157094.3650266,89157094.3650266,0.0,optimal
9,invj-4pc-k2,inverse-j,0.04,-20%,3,15523.081674978906,15781.708953855137,86733608.12070347,86730933.54822603,2674.5724774450064,suboptimal
9,invj-4pc-k2,inverse-j,0.04,-20%,4,12418.465339983124,12783.260811295058,86578161.00522453,86533748.7747257,44412.23049882054,suboptimal
9,invj-4pc-k2,inverse-j,0.04,-20%,5,9934.772271986501,10226.608645785429,85597417.91386123,85554757.82858075,42660.085280478,suboptimal
9,invj-4pc-k2,inverse-j,0.04,-20%,6,7947.817817589201,8181.286920600001,86258391.14236519,86217097.794835,41293.347530186176,suboptimal
9,invj-4pc-k2,inverse-j,0.04,-20%,7,12246.679446386413,12627.294791147557,89706144.78955011,89649319.65005529,56825.13949482143,suboptimal
9,invj-4pc-k2,inverse-j,0.04,-20%,8,9797.343557109132,10101.835829130001,88789786.7791046,88743982.38564013,45804.39346447587,suboptimal
9,invj-4pc-k2,inverse-j,0.04,-20%,9,7837.874845687306,14663.67217543,90515828.57466379,88299670.86892933,2216157.7057344615,suboptimal
9,invj-4pc-k2,inverse-j,0.04,-20%,10,6270.299876549845,15009.117841840596,88186599.9898542,85350890.57210448,2835709.417749718,suboptimal
9,invj-4pc-k2,inverse-j,0.04,-20%,11,5016.239901239877,12007.294271547946,85237699.62567477,83273350.38460657,1964349.2410681993,suboptimal
9,invj-4pc-k2,inverse-j,0.04,-20%,12,4012.9919209919017,9605.835419340001,85505658.95194963,83941185.0695739,1564473.882375732,suboptimal
9,invj-4pc-k2,inverse-j,0.04,-20%,13,3210.393536793521,11888.736840319914,87515650.0896585,85222198.1052643,2293451.9843941927,suboptimal
9,invj-4pc-k2,inverse-j,0.04,-20%,14,10011.681781537298,9510.989474360002,86760585.54784149,,,infeasible
9,invj-4pc-k2,inverse-j,0.04,-20%,15,71941.30976590021,11727.461254210015,88245045.68260194,,,infeasible
9,invj-4pc-k2,inverse-j,0.04,+/-10%,1,19350.605281658656,19350.605281658656,88033705.74307656,88033705.74307656,0.0,optimal
9,invj-4pc-k2,inverse-j,0.04,+/-10%,2,17415.544753492788,17639.57355115191,87066152.15944198,87065227.29581589,924.8636260926723,suboptimal
9,invj-4pc-k2,inverse-j,0.04,+/-10%,3,15673.99027814351,16133.558832211622,86098039.06512333,86083271.83533008,14767.22979325056,suboptimal
9,invj-4pc-k2,inverse-j,0.04,+/-10%,4,14106.591250329155,14526.167157070933,84364969.30966823,84310946.45253032,54022.85713790357,suboptimal
9,invj-4pc-k2,inverse-j,0.04,+/-10%,5,12695.93212529624,13019.136354084074,84046456.23679592,83996144.72790553,50311.508890390396,suboptimal
9,invj-4pc-k2,inverse-j,0.04,+/-10%,6,11426.33891276662,11717.222715531665,83323542.25559282,83279601.00942062,43941.246172204614,suboptimal
9,invj-4pc-k2,inverse-j,0.04,+/-10%,7,10283.705021489957,12077.945231253434,83367339.52135506,82908863.05479126,458476.46656380594,suboptimal
9,invj-4pc-k2,inverse-j,0.04,+/-10%,8,9493.623795245241,10870.150706613502,82925689.92470849,82613276.27214172,312413.6525667608,suboptimal
9,invj-4pc-k2,inverse-j,0.04,+/-10%,9,10442.986174769765,9783.135633773209,82367365.26187167,,,infeasible
9,invj-4pc-k2,inverse-j,0.04,+/-10%,10,11487.28479224674,8804.82206595,82805932.58102162,,,infeasible
9,invj-4pc-k2,inverse-j,0.04,+/-10%,11,12636.013271471416,15558.736884683232,87442729.79962125,86509061.49690095,933668.3027203083,suboptimal
9,invj-4pc-k2,inverse-j,0.04,+/-10%,12,13899.614598618555,14291.455480285602,84463304.0715303,84448725.91638696,14578.155143335462,suboptimal
9,invj-4pc-k2,inverse-j,0.04,+/-10%,13,15289.576058480416,13089.339362286919,83066753.41582434,,,infeasible
9,invj-4pc-k2,inverse-j,0.04,+/-10%,14,16818.533664328454,11780.405426743306,82056795.771164,,,infeasible
9,invj-4pc-k2,inverse-j,0.04,+/-10%,15,18500.387030761296,10602.36488391196,81609054.74289782,,,infeasible
9,invj-4pc-k2,inverse-j,0.04,+/-20%,1,23813.318576245994,23813.318576245994,89940863.28541176,89940863.28541175,1.4901161193847656e-08,optimal
9,invj-4pc-k2,inverse-j,0.04,+/-20%,2,19050.6548609968,19724.797498788143,86357180.0291127,86313866.29684559,43313.73226711154,suboptimal
9,invj-4pc-k2,inverse-j,0.04,+/-20%,3,15240.523888797436,15925.253141506393,83324207.23125894,83219909.14666912,104298.08458982408,suboptimal
9,invj-4pc-k2,inverse-j,0.04,+/-20%,4,12192.419111037949,12737.006544598018,82548583.91445097,82463279.80198196,85304.1124690175,suboptimal
9,invj-4pc-k2,inverse-j,0.04,+/-20%,5,9753.93528883036,10189.60523325905,82312223.96235505,82238888.9009973,73335.06135775149,suboptimal
9,invj-4pc-k2,inverse-j,0.04,+/-20%,6,7803.148231064288,8151.684184005001,82580524.61187054,82446166.27158551,134358.340285033,suboptimal
9,invj-4pc-k2,inverse-j,0.04,+/-20%,7,9363.777877277143,13523.010627364656,86380565.32751876,85081560.44496,1299004.882558763,suboptimal
9,invj-4pc-k2,inverse-j,0.04,+/-20%,8,11236.53345273258,10818.408498505,84925486.01970284,,,infeasible
9,invj-4pc-k2,inverse-j,0.04,+/-20%,9,11609.11388696321,10444.803107755,84760160.89749743,,,infeasible
9,invj-4pc-k2,inverse-j,0.04,+/-20%,10,9287.291109570564,16193.75616489723,87284094.60244693,84253543.39697023,3030551.2054767013,suboptimal
9,invj-4pc-k2,inverse-j,0.04,+/-20%,11,11144.74933148468,12955.004934173921,83113698.08146973,82710562.93132812,403135.1501416117,suboptimal
9,invj-4pc-k2,inverse-j,0.04,+/-20%,12,13373.69919778161,10364.003950810002,82304620.38022244,,,infeasible
9,invj-4pc-k2,inverse-j,0.04,+/-20%,13,16048.439037337932,12396.27417100648,83889013.73065212,,,infeasible
9,invj-4pc-k2,inverse-j,0.04,+/-20%,14,19258.126844805505,9917.019337445001,83011180.67981386,,,infeasible
9,invj-4pc-k2,inverse-j,0.04,+/-20%,15,23109.75221376661,11258.081478242257,84193194.28575309,,,infeasible
10,linear-4pc-0pc,linear,0.04,NHF,1,49641.30665560585,49641.30665560585,51991772.07469668,51991772.07469668,0.0,optimal
10,linear-4pc-0pc,linear,0.04,NHF,2,6719.769365464999,6719.769365464999,29663321.348652385,29663321.348652385,0.0,optimal
10,linear-4pc-0pc,linear,0.04,NHF,3,6836.678579879999,6836.678579879999,33340864.930986308,33340864.930986308,0.0,optimal
10,linear-4pc-0pc,linear,0.04,NHF,4,10212.637892735,10212.637892735,37048044.48906782,37048044.48906782,0.0,optimal
10,linear-4pc-0pc,linear,0.04,NHF,5,7051.388840309999,7051.388840309999,38619929.64649276,38619929.64649276,0.0,optimal
10,linear-4pc-0pc,linear,0.04,NHF,6,5620.05767879,5620.05767879,42741335.78829352,42741335.78829352,0.0,optimal
10,linear-4pc-0pc,linear,0.04,NHF,7,25000.295038505,25000.295038505003,50854691.37096965,50854691.37096965,0.0,optimal
10,linear-4pc-0pc,linear,0.04,NHF,8,7484.2458594650025,7667.616533465,39318291.510817245,39301029.29177468,17262.21904256195,suboptimal
10,linear-4pc-0pc,linear,0.04,NHF,9,12555.61104722,16422.69530962,42582326.674805224,41587773.49730188,994553.1775033474,suboptimal
10,linear-4pc-0pc,linear,0.04,NHF,10,3365.72068322,8695.782691024999,36427780.16585445,35209649.18917728,1218130.9766771644,suboptimal
10,linear-4pc-0pc,linear,0.04,NHF,11,2399.8933868999998,7000.59446996,39520567.013182096,38300495.22505282,1220071.7881292775,suboptimal
10,linear-4pc-0pc,linear,0.04,NHF,12,1942.1265832200002,9319.0410596,43900576.51559379,42140616.64770285,1759959.8678909391,suboptimal
10,linear-4pc-0pc,linear,0.04,NHF,13,1798.75113816,26271.360697485004,47819904.89734448,42243644.91847331,5576259.978871167,suboptimal
10,linear-4pc-0pc,linear,0.04,NHF,14,0.0,3702.6332329649995,33351034.966637436,32429228.8653596,921806.1012778357,suboptimal
10,linear-4pc-0pc,linear,0.04,NHF,15,76896.51759517085,9288.96098055,39557536.41417603,,,infeasible
10,linear-4pc-0pc,linear,0.04,NDY,1,13525.576513985096,13525.576513985096,39615499.14655945,39615499.14655945,0.0,optimal
10,linear-4pc-0pc,linear,0.04,NDY,2,13525.576513985096,13387.00372704176,41269814.46734411,41268739.074686036,1075.3926580771804,suboptimal
10,linear-4pc-0pc,linear,0.04,NDY,3,13525.576513985096,13119.40142953156,42763510.303848684,,,infeasible
10,linear-4pc-0pc,linear,0.04,NDY,4,13525.576513985101,12936.12823507453,43826584.40711009,,,infeasible
10,linear-4pc-0pc,linear,0.04,NDY,5,13525.576513985101,12700.482685812018,44172011.11923433,,,infeasible
10,linear-4pc-0pc,linear,0.04,NDY,6,13525.576513985097,12529.810710453707,43361555.89196147,,,infeasible
10,linear-4pc-0pc,linear,0.04,NDY,7,13525.576513985097,12394.9373681976,43167083.24243755,,,infeasible
10,linear-4pc-0pc,linear,0.04,NDY,8,13525.576513985096,12324.199486830188,42975393.8037207,,,infeasible
10,linear-4pc-0pc,linear,0.04,NDY,9,13525.576513985096,12272.873914837572,42517868.99989267,,,infeasible
10,linear-4pc-0pc,linear,0.04,NDY,10,13525.576513985097,12262.823598213294,42662006.65719587,,,infeasible
10,linear-4pc-0pc,linear,0.04,NDY,11,13525.5765139851,12321.659952981037,42500776.77207086,,,infeasible
10,linear-4pc-0pc,linear,0.04,NDY,12,13525.5765139851,12248.703120936374,42348352.12649594,,,infeasible
10,linear-4pc-0pc,linear,0.04,NDY,13,13525.576513985097,12144.686248563821,42288379.630702354,,,infeasible
10,linear-4pc-0pc,linear,0.04,NDY,14,13525.5765139851,12074.885257497179,42030835.22568785,,,infeasible
10,linear-4pc-0pc,linear,0.04,NDY,15,15432.964244740213,11974.88891299326,42070382.96720543,,,infeasible
10,linear-4pc-0pc,linear,0.04,-10%,1,20231.235764972873,20231.235764972873,45725367.116316035,45725367.116316035,0.0,optimal
10,linear-4pc-0pc,linear,0.04,-10%,2,18208.112188475585,18185.18072263461,45004663.7986594,45004663.7986594,0.0,optimal
10,linear-4pc-0pc,linear,0.04,-10%,3,16387.300969628028,16355.34629487108,44483612.6592847,44483612.6592847,0.0,optimal
10,linear-4pc-0pc,linear,0.04,-10%,4,14748.570872665226,14707.389625274962,43877131.24929642,43877131.24929642,0.0,optimal
10,linear-4pc-0pc,linear,0.04,-10%,5,13273.713785398706,13220.976816243508,42770935.168583244,42770935.168583244,0.0,optimal
10,linear-4pc-0pc,linear,0.04,-10%,6,11946.342406858836,11898.879141836665,41067827.72067993,41067827.72067993,0.0,optimal
10,linear-4pc-0pc,linear,0.04,-10%,7,11102.56166988205,11102.561667779997,40555585.30981191,40555585.30981191,0.0,optimal
10,linear-4pc-0pc,linear,0.04,-10%,8,9992.305502893847,11110.344412254999,41181119.376239344,40978146.09451213,202973.28172721714,suboptimal
10,linear-4pc-0pc,linear,0.04,-10%,9,8993.074952604462,12165.253732651598,41790814.2192766,40974163.981016226,816650.2382603735,suboptimal
10,linear-4pc-0pc,linear,0.04,-10%,10,8093.767457344016,10948.728356180001,41278998.23502307,40628565.0547108,650433.1803122684,suboptimal
10,linear-4pc-0pc,linear,0.04,-10%,11,7284.390711609614,11727.331716525,42714553.84601847,41162826.95100148,1551726.8950169906,suboptimal
10,linear-4pc-0pc,linear,0.04,-10%,12,6555.951640448655,14172.327459059754,43317858.17389554,40616902.767578244,2700955.4063172936,suboptimal
10,linear-4pc-0pc,linear,0.04,-10%,13,5900.356476403787,12755.094711889798,41064868.99334761,38944989.53938117,2119879.453966439,suboptimal
10,linear-4pc-0pc,linear,0.04,-10%,14,5310.320828763409,11479.585239274553,39485615.93903347,37748128.75079772,1737487.1882357523,suboptimal
10,linear-4pc-0pc,linear,0.04,-10%,15,60238.50627998288,10331.62671915,39066383.475374304,,,infeasible
10,linear-4pc-0pc,linear,0.04,-20%,1,25029.450776676214,25029.450776676214,47736202.50159281,47736202.50159281,0.0,optimal
10,linear-4pc-0pc,linear,0.04,-20%,2,20023.56062134097,20021.906563227665,43765826.838670276,43765826.838670276,0.0,optimal
10,linear-4pc-0pc,linear,0.04,-20%,3,16018.848497072782,15971.199971153692,41535889.39383295,41535889.39383295,0.0,optimal
10,linear-4pc-0pc,linear,0.04,-20%,4,12815.078797658225,12752.102199067896,39674738.08927521,39674738.08927521,0.0,optimal
10,linear-4pc-0pc,linear,0.04,-20%,5,10252.063038126582,10201.68175937818,38795107.659726545,38795107.659726545,0.0,optimal
10,linear-4pc-0pc,linear,0.04,-20%,6,8201.650430501266,8161.34541216,39489706.329849094,39489706.329849094,0.0,optimal
10,linear-4pc-0pc,linear,0.04,-20%,7,11805.41970638075,11805.419705844999,43324415.06313975,43324415.06313975,0.0,optimal
10,linear-4pc-0pc,linear,0.04,-20%,8,13002.906282656582,13480.578770885,44200935.91390916,44126115.91805687,74819.99585229158,suboptimal
10,linear-4pc-0pc,linear,0.04,-20%,9,10402.325026125267,14434.988872050357,42796374.09241773,41769211.536453836,1027162.5559638962,suboptimal
10,linear-4pc-0pc,linear,0.04,-20%,10,8321.860020900214,11547.991095419999,40299189.2455335,39569225.28852786,729963.9570056424,suboptimal
10,linear-4pc-0pc,linear,0.04,-20%,11,6657.48801672017,9892.500554999999,40271344.85119671,39611345.10406715,659999.7471295595,suboptimal
10,linear-4pc-0pc,linear,0.04,-20%,12,5325.990413376137,12308.606480835002,41917407.872602314,39943002.6816029,1974405.190999411,suboptimal
10,linear-4pc-0pc,linear,0.04,-20%,13,4260.79233070091,13358.0916699977,41261286.48333924,38460291.28054434,2800995.202794902,suboptimal
10,linear-4pc-0pc,linear,0.04,-20%,14,3408.6338645607284,10686.47333402,39314192.74873329,37530309.852878116,1783882.8958551735,suboptimal
10,linear-4pc-0pc,linear,0.04,-20%,15,62102.80064052239,10526.031791999998,40021857.364802405,,,infeasible
10,linear-4pc-0pc,linear,0.04,+/-10%,1,20213.057659419897,20213.057659419897,45306264.22715185,45306264.227151856,-7.450580596923828e-09,optimal
10,linear-4pc-0pc,linear,0.04,+/-10%,2,18191.75189347791,18181.81644518429,44356662.52259853,44356662.52259853,0.0,optimal
10,linear-4pc-0pc,linear,0.04,+/-10%,3,16372.576704130117,16324.881091083418,43923025.2401299,43923025.2401299,0.0,optimal
10,linear-4pc-0pc,linear,0.04,+/-10%,4,14735.319033717115,14664.38121339921,43516412.153210446,43516412.15321044,7.450580596923828e-09,optimal
10,linear-4pc-0pc,linear,0.04,+/-10%,5,13261.787130345392,13182.545181416359,42182864.77910791,42182864.77910791,0.0,optimal
10,linear-4pc-0pc,linear,0.04,+/-10%,6,11935.60841731085,11864.290663659998,40751694.03380516,40751694.03380516,0.0,optimal
10,linear-4pc-0pc,linear,0.04,+/-10%,7,10742.04757557977,10742.047573049998,40297620.0704165,40297620.0704165,0.0,optimal
10,linear-4pc-0pc,linear,0.04,+/-10%,8,11816.252333137752,11918.02591683,41476620.02226178,41476620.022261776,7.450580596923828e-09,optimal
10,linear-4pc-0pc,linear,0.04,+/-10%,9,11275.246089405675,12403.93407309571,40994629.65619279,40853966.1155458,140663.54064698517,suboptimal
10,linear-4pc-0pc,linear,0.04,+/-10%,10,10147.721480465108,10904.271874669279,40356624.54645868,40057037.29076138,299587.25569729507,suboptimal
10,linear-4pc-0pc,linear,0.04,+/-10%,11,11162.493628511627,11176.285968494998,41312686.86310912,41312686.86310913,-7.450580596923828e-09,optimal
10,linear-4pc-0pc,linear,0.04,+/-10%,12,12278.742991362806,14021.993914199678,42686450.883164674,42287166.012782805,399284.8703818694,suboptimal
10,linear-4pc-0pc,linear,0.04,+/-10%,13,13506.617290499065,12619.794520794238,40428900.67295497,,,infeasible
10,linear-4pc-0pc,linear,0.04,+/-10%,14,14857.279019548983,11357.815066395,39101394.987748325,,,infeasible
10,linear-4pc-0pc,linear,0.04,+/-10%,15,16343.006921503875,10482.883506096163,38763811.20456515,,,infeasible
10,linear-4pc-0pc,linear,0.04,+/-20%,1,25052.758816936606,25052.758816936606,47291135.0445887,47291135.044588685,1.4901161193847656e-08,optimal
10,linear-4pc-0pc,linear,0.04,+/-20%,2,20042.207053549282,19987.148385402143,43197503.292127594,43197503.292127594,0.0,optimal
10,linear-4pc-0pc,linear,0.04,+/-20%,3,16033.765642839428,15804.082369868303,40601289.97857407,40595461.06840976,5828.910164304078,suboptimal
10,linear-4pc-0pc,linear,0.04,+/-20%,4,12827.012514271544,12526.037264578936,39104350.47025492,39074141.92873589,30208.54151903093,suboptimal
10,linear-4pc-0pc,linear,0.04,+/-20%,5,10261.610011417224,10020.829813656479,38506929.73886833,38478019.354072325,28910.384796008468,suboptimal
10,linear-4pc-0pc,linear,0.04,+/-20%,6,8209.288009133801,8903.93597704,39354597.31389805,38608499.018949956,746098.2949480936,suboptimal
10,linear-4pc-0pc,linear,0.04,+/-20%,7,9851.145610960562,11037.95112867,42348153.844864264,41677290.16580988,670863.6790543869,suboptimal
10,linear-4pc-0pc,linear,0.04,+/-20%,8,11821.374733152676,12388.285244850002,43898596.80839265,43655210.02723504,243386.7811576128,suboptimal
10,linear-4pc-0pc,linear,0.04,+/-20%,9,13380.654048901228,15627.07264498302,44039169.01924333,43529026.97232772,510142.0469156131,suboptimal
10,linear-4pc-0pc,linear,0.04,+/-20%,10,10704.523239120983,12501.658115168007,40328440.327614196,40024079.01232446,304361.3152897358,suboptimal
10,linear-4pc-0pc,linear,0.04,+/-20%,11,9625.553776285838,10001.326492634998,39525507.783629335,39395751.293385446,129756.49024388939,suboptimal
10,linear-4pc-0pc,linear,0.04,+/-20%,12,11550.664531542989,12549.373216365002,41076405.51628971,40900356.94826863,176048.5680210814,suboptimal
10,linear-4pc-0pc,linear,0.04,+/-20%,13,13860.79743785161,12354.640134532385,40002306.46993188,,,infeasible
10,linear-4pc-0pc,linear,0.04,+/-20%,14,16632.956925421968,9883.71210358,38874001.06219307,,,infeasible
10,linear-4pc-0pc,linear,0.04,+/-20%,15,19959.548310506307,10541.54857949,40474717.96260674,,,infeasible
10,linear-6pc-0pc,linear,0.06,NHF,1,49641.30665560585,49641.30665560585,33504927.899061523,33504927.899061523,0.0,optimal
10,linear-6pc-0pc,linear,0.06,NHF,2,6719.769365464999,6719.769365464999,14517847.086106181,14517847.086106181,0.0,optimal
10,linear-6pc-0pc,linear,0.06,NHF,3,6836.678579879999,6836.678579879999,16741454.965595871,16741454.965595871,0.0,optimal
10,linear-6pc-0pc,linear,0.06,NHF,4,10212.637892735,10212.637892735,19561935.638953615,19561935.638953615,0.0,optimal
10,linear-6pc-0pc,linear,0.06,NHF,5,7051.388840309999,7051.388840309999,20087660.89727966,20087660.89727966,0.0,optimal
10,linear-6pc-0pc,linear,0.06,NHF,6,5620.05767879,5620.05767879,23344610.01639005,23344610.01639005,0.0,optimal
10,linear-6pc-0pc,linear,0.06,NHF,7,25000.295038505,25000.295038505003,31088423.974426217,31088423.974426217,0.0,optimal
10,linear-6pc-0pc,linear,0.06,NHF,8,7667.616533465002,7667.616533465,21494304.665414363,21494304.665414363,0.0,optimal
10,linear-6pc-0pc,linear,0.06,NHF,9,16422.69530962,16422.69530962,24651663.803850148,24651663.803850148,0.0,optimal
10,linear-6pc-0pc,linear,0.06,NHF,10,5511.477876819999,8695.782691024999,19391401.701938506,18642414.757547256,748986.9443912506,suboptimal
10,linear-6pc-0pc,linear,0.06,NHF,11,2399.8933868999998,7000.59446996,20969745.710628666,19632900.26439152,1336845.4462371469,suboptimal
10,linear-6pc-0pc,linear,0.06,NHF,12,3734.52900798,9319.0410596,24834800.621471502,23381304.442168996,1453496.1793025061,suboptimal
10,linear-6pc-0pc,linear,0.06,NHF,13,1798.75113816,26271.360697485004,29071078.847294394,22683100.145188496,6387978.702105898,suboptimal
10,linear-6pc-0pc,linear,0.06,NHF,14,0.0,3702.6332329649995,16401438.110440215,15355143.488819951,1046294.6216202639,suboptimal
10,linear-6pc-0pc,linear,0.06,NHF,15,64297.07525836418,9288.96098055,21283366.153655168,,,infeasible
10,linear-6pc-0pc,linear,0.06,NDY,1,13439.697633593723,13439.697633593723,21168818.431972016,21168818.43197202,-3.725290298461914e-09,optimal
10,linear-6pc-0pc,linear,0.06,NDY,2,13439.697633593723,13188.915628784256,21927043.42399934,21880351.47592739,46691.948071949184,suboptimal
10,linear-6pc-0pc,linear,0.06,NDY,3,13439.697633593725,12951.09324836287,23026769.09148812,,,infeasible
10,linear-6pc-0pc,linear,0.06,NDY,4,13439.697633593727,12803.588672506832,24027514.99387295,,,infeasible
10,linear-6pc-0pc,linear,0.06,NDY,5,13439.697633593729,12706.098754304498,24555109.969553117,,,infeasible
10,linear-6pc-0pc,linear,0.06,NDY,6,13439.697633593729,12587.330638831436,24402716.95367376,,,infeasible
10,linear-6pc-0pc,linear,0.06,NDY,7,13439.697633593729,12512.957780552328,24400931.194232717,,,infeasible
10,linear-6pc-0pc,linear,0.06,NDY,8,13439.69763359373,12470.10760546197,24627981.509862266,,,infeasible
10,linear-6pc-0pc,linear,0.06,NDY,9,13439.697633593729,12435.100974171797,24301329.283350423,,,infeasible
10,linear-6pc-0pc,linear,0.06,NDY,10,13439.69763359374,12372.99586672179,24136187.26136316,,,infeasible
10,linear-6pc-0pc,linear,0.06,NDY,11,13439.697633593732,12275.525707302055,24039406.08156373,,,infeasible
10,linear-6pc-0pc,linear,0.06,NDY,12,13439.69763359373,12191.45484933918,23745677.67382481,,,infeasible
10,linear-6pc-0pc,linear,0.06,NDY,13,13439.697633593732,12124.26244584473,23673450.031664602,,,infeasible
10,linear-6pc-0pc,linear,0.06,NDY,14,13439.697633593736,12095.900011061105,23678437.905814514,,,infeasible
10,linear-6pc-0pc,linear,0.06,NDY,15,13439.697633593732,12062.06914520198,23861336.43678606,,,infeasible
10,linear-6pc-0pc,linear,0.06,-10%,1,20181.62401216326,20181.62401216326,26032483.037247736,26032483.03724774,-3.725290298461914e-09,optimal
10,linear-6pc-0pc,linear,0.06,-10%,2,18163.461610946935,18126.60217126435,25432416.902694326,25432416.902694326,0.0,optimal
10,linear-6pc-0pc,linear,0.06,-10%,3,16347.11544985225,16242.861658969081,25057653.13103795,25057653.13103795,0.0,optimal
10,linear-6pc-0pc,linear,0.06,-10%,4,14712.403904867027,14586.990203385423,24582937.867209807,24582937.867209807,0.0,optimal
10,linear-6pc-0pc,linear,0.06,-10%,5,13241.163514380323,13128.291183769115,23667519.72329718,23667519.72329718,0.0,optimal
10,linear-6pc-0pc,linear,0.06,-10%,6,11917.047162942292,11815.462061010001,22446172.87139311,22446172.871393114,-3.725290298461914e-09,optimal
10,linear-6pc-0pc,linear,0.06,-10%,7,10725.342446648061,10725.342445889999,22114641.85544746,22114641.85544746,0.0,optimal
10,linear-6pc-0pc,linear,0.06,-10%,8,10968.07181841048,10241.054101755002,22756618.607827485,,,infeasible
10,linear-6pc-0pc,linear,0.06,-10%,9,10732.392608082424,11638.902092795,23859058.112907186,23666787.387335755,192270.72557143122,suboptimal
10,linear-6pc-0pc,linear,0.06,-10%,10,9659.153347274181,13322.71581317,24732691.271119464,23566010.676011324,1166680.5951081403,suboptimal
10,linear-6pc-0pc,linear,0.06,-10%,11,8693.238012546764,12392.35881873,23960062.958225887,22616398.977164768,1343663.9810611196,suboptimal
10,linear-6pc-0pc,linear,0.06,-10%,12,7823.914211292087,13203.346280396257,23528459.922213938,21714573.2921326,1813886.630081337,suboptimal
10,linear-6pc-0pc,linear,0.06,-10%,13,7041.522790162879,11883.01165146434,22236245.637532096,20560359.06677002,1675886.5707620755,suboptimal
10,linear-6pc-0pc,linear,0.06,-10%,14,6337.3705111465915,10694.710485315,21357869.05848389,20138658.792073913,1219210.2664099783,suboptimal
10,linear-6pc-0pc,linear,0.06,-10%,15,46347.36239155993,10366.164480160525,21677748.35624808,,,infeasible
10,linear-6pc-0pc,linear,0.06,-20%,1,24991.363549353497,24991.363549353497,28177080.894392688,28177080.894392688,0.0,optimal
10,linear-6pc-0pc,linear,0.06,-20%,2,19993.090839482797,19903.146223817133,24959796.680863466,24959796.68086347,-3.725290298461914e-09,optimal
10,linear-6pc-0pc,linear,0.06,-20%,3,15994.472671586242,15892.941949388376,22960937.247246522,22960937.247246522,0.0,optimal
10,linear-6pc-0pc,linear,0.06,-20%,4,12795.578137268993,12686.264088756856,21468009.426537514,21468009.426537514,0.0,optimal
10,linear-6pc-0pc,linear,0.06,-20%,5,10236.462509815196,10149.011270353321,20607105.308659807,20607105.308659807,0.0,optimal
10,linear-6pc-0pc,linear,0.06,-20%,6,8189.170007852156,8119.2090117299995,20808794.593142126,20808794.593142126,0.0,optimal
10,linear-6pc-0pc,linear,0.06,-20%,7,9726.187173505461,9726.187174390001,23669201.94404889,23669201.94404889,0.0,optimal
10,linear-6pc-0pc,linear,0.06,-20%,8,14842.365646599617,13817.73733014,26674632.211650528,,,infeasible
10,linear-6pc-0pc,linear,0.06,-20%,9,12196.43812676863,16233.804926660594,26291494.072898038,25039819.06744552,1251675.0054525174,suboptimal
10,linear-6pc-0pc,linear,0.06,-20%,10,9757.150501414902,12987.043940954998,22961756.030132648,22232842.78379409,728913.2463385575,suboptimal
10,linear-6pc-0pc,linear,0.06,-20%,11,7805.720401131923,10478.410089474999,21623473.677100047,21042370.163310714,581103.5137893334,suboptimal
10,linear-6pc-0pc,linear,0.06,-20%,12,6244.5763209055385,11165.589619280001,21929698.000566345,20626651.63437382,1303046.3661925234,suboptimal
10,linear-6pc-0pc,linear,0.06,-20%,13,4995.661056724431,10997.252833370001,21840097.875239383,20205068.337731868,1635029.5375075154,suboptimal
10,linear-6pc-0pc,linear,0.06,-20%,14,3996.5288453795447,9852.75402964,21958740.221714716,20117165.940279245,1841574.281435471,suboptimal
10,linear-6pc-0pc,linear,0.06,-20%,15,52300.42404362403,12216.44330150678,23671349.699606486,,,infeasible
10,linear-6pc-0pc,linear,0.06,+/-10%,1,20182.29968767644,20182.29968767644,25966220.795878362,25966220.795878362,0.0,optimal
10,linear-6pc-0pc,linear,0.06,+/-10%,2,18164.069718908795,18117.829681781965,25378739.140096184,25378739.140096184,0.0,optimal
10,linear-6pc-0pc,linear,0.06,+/-10%,3,16347.662747017923,16240.427253199063,25030834.57628372,25030834.57628372,0.0,optimal
10,linear-6pc-0pc,linear,0.06,+/-10%,4,14712.89647231613,14574.194381554327,24443727.67626791,24443727.676267914,-3.725290298461914e-09,optimal
10,linear-6pc-0pc,linear,0.06,+/-10%,5,13241.606825084518,13116.774941390615,23434102.052914355,23434102.052914355,0.0,optimal
10,linear-6pc-0pc,linear,0.06,+/-10%,6,11917.446142576064,11805.097442960001,22283892.414500944,22283892.414500944,0.0,optimal
10,linear-6pc-0pc,linear,0.06,+/-10%,7,10725.701528318456,10725.70153137,21929503.224750824,21929503.224750824,0.0,optimal
10,linear-6pc-0pc,linear,0.06,+/-10%,8,10722.725286183671,10241.054101755002,22527059.607892502,,,infeasible
10,linear-6pc-0pc,linear,0.06,+/-10%,9,11794.99781480204,11265.159512295002,23525677.109450832,,,infeasible
10,linear-6pc-0pc,linear,0.06,+/-10%,10,10615.498033321823,13221.476768159999,24957550.84094982,23157681.889213853,1799868.951735966,suboptimal
10,linear-6pc-0pc,linear,0.06,+/-10%,11,11084.469195710466,13522.391411899998,24504187.384142168,23367441.277620494,1136746.1065216735,suboptimal
10,linear-6pc-0pc,linear,0.06,+/-10%,12,12192.916115281532,12963.073113618388,23021506.939182248,22834481.815184318,187025.12399793044,suboptimal
10,linear-6pc-0pc,linear,0.06,+/-10%,13,13412.207726809671,11666.7658012964,21646368.498096734,,,infeasible
10,linear-6pc-0pc,linear,0.06,+/-10%,14,14753.428499490641,10482.826897718827,20809129.05880659,,,infeasible
10,linear-6pc-0pc,linear,0.06,+/-10%,15,16228.771349439705,9434.544209549364,20966079.215454336,,,infeasible
10,linear-6pc-0pc,linear,0.06,+/-20%,1,24992.826763003108,24992.826763003108,28097718.900701907,28097718.900701903,3.725290298461914e-09,optimal
10,linear-6pc-0pc,linear,0.06,+/-20%,2,19994.261410402487,19928.028975916463,24967418.840690162,24967418.840690162,0.0,optimal
10,linear-6pc-0pc,linear,0.06,+/-20%,3,15995.409128321995,15898.200729644037,22808508.474382777,22808508.474382773,3.725290298461914e-09,optimal
10,linear-6pc-0pc,linear,0.06,+/-20%,4,12796.327302657595,12695.51842811636,21320183.920980614,21320183.920980614,0.0,optimal
10,linear-6pc-0pc,linear,0.06,+/-20%,5,10237.061842126075,10156.414744154217,20384385.41449931,20384385.41449931,0.0,optimal
10,linear-6pc-0pc,linear,0.06,+/-20%,6,8189.649473700862,8189.649474469999,20446705.631972436,20446705.631972436,0.0,optimal
10,linear-6pc-0pc,linear,0.06,+/-20%,7,9827.579368441036,9827.579369530002,22986463.504127994,22986463.504127994,0.0,optimal
10,linear-6pc-0pc,linear,0.06,+/-20%,8,11793.095242129242,12517.91772144,25813913.597670857,25448502.3937619,365411.20390895754,suboptimal
10,linear-6pc-0pc,linear,0.06,+/-20%,9,14151.714290555092,16852.434980309838,26975848.101284783,26283331.906914853,692516.1943699308,suboptimal
10,linear-6pc-0pc,linear,0.06,+/-20%,10,11321.37143244407,13481.947983074331,23313086.04717295,22803209.650443796,509876.39672915265,suboptimal
10,linear-6pc-0pc,linear,0.06,+/-20%,11,9252.423708944756,10785.55838333,21629941.27201636,21091167.702684183,538773.5693321787,suboptimal
10,linear-6pc-0pc,linear,0.06,+/-20%,12,11102.908450733708,11215.71751127,21694858.584115356,21694493.746029515,364.8380858413875,suboptimal
10,linear-6pc-0pc,linear,0.06,+/-20%,13,13323.490140880449,11098.645028509998,21428183.575531363,,,infeasible
10,linear-6pc-0pc,linear,0.06,+/-20%,14,15988.188169056539,8993.91515824,21157985.021954995,,,infeasible
10,linear-6pc-0pc,linear,0.06,+/-20%,15,19185.82580286785,11281.105579809406,23325264.762767848,,,infeasible
10,invj-4pc-k1,inverse-j,0.04,NHF,1,32561.93342071083,32561.93342071083,130245624.89977036,130245624.89977036,0.0,optimal
10,invj-4pc-k1,inverse-j,0.04,NHF,2,376.15998768,15603.325038699999,119784405.43787386,119300602.04554139,483803.39233246446,suboptimal
10,invj-4pc-k1,inverse-j,0.04,NHF,3,6197.414259665,13829.27117022,117612425.63729762,117421375.71507855,191049.9222190678,suboptimal
10,invj-4pc-k1,inverse-j,0.04,NHF,4,0.0,14201.2429826675,118684628.01758294,117510960.17691486,1173667.8406680822,suboptimal
10,invj-4pc-k1,inverse-j,0.04,NHF,5,34849.337407650826,7051.388840309999,117715232.49099275,,,infeasible
10,invj-4pc-k1,inverse-j,0.04,NHF,6,8738.490847117499,5620.05767879,121567171.8524014,,,infeasible
10,invj-4pc-k1,inverse-j,0.04,NHF,7,22698.227239115,22286.966330225,128693498.92840391,,,infeasible
10,invj-4pc-k1,inverse-j,0.04,NHF,8,15050.177157584996,4358.237280064999,117580981.7608488,,,infeasible
10,invj-4pc-k1,inverse-j,0.04,NHF,9,9110.796043186667,11298.80569741,123412051.90941308,123098983.90600961,313068.0034034699,suboptimal
10,invj-4pc-k1,inverse-j,0.04,NHF,10,0.0,14027.455842825,122280974.95771433,119771608.17311382,2509366.784600511,suboptimal
10,invj-4pc-k1,inverse-j,0.04,NHF,11,1292.0751088000002,11085.71547826,120770771.22175552,119029416.15694053,1741355.0648149848,suboptimal
10,invj-4pc-k1,inverse-j,0.04,NHF,12,2098.04186096,11048.844473390001,122504623.65724786,121142296.73122966,1362326.9260181934,suboptimal
10,invj-4pc-k1,inverse-j,0.04,NHF,13,10038.8564988,23558.031989205003,125337690.42733267,123623350.49079108,1714339.936541587,suboptimal
10,invj-4pc-k1,inverse-j,0.04,NHF,14,2050.76915635,3702.6332329649995,114775361.03560655,114567057.20025913,208303.83534741402,suboptimal
10,invj-4pc-k1,inverse-j,0.04,NHF,15,75899.26521947332,8331.39086787,120699971.34889072,,,infeasible
10,invj-4pc-k1,inverse-j,0.04,NDY,1,12624.266278595403,12624.266278595403,122321653.51458733,122321653.51458733,0.0,optimal
10,invj-4pc-k1,inverse-j,0.04,NDY,2,12624.266278595402,12524.524962877354,124472914.33154264,124472914.33154264,0.0,optimal
10,invj-4pc-k1,inverse-j,0.04,NDY,3,12624.266278595402,12371.903916875852,125435819.12977327,125401100.38952205,34718.74025122821,suboptimal
10,invj-4pc-k1,inverse-j,0.04,NDY,4,12624.266278595403,12243.13301375786,126208130.35978413,125997263.17013222,210867.1896519065,suboptimal
10,invj-4pc-k1,inverse-j,0.04,NDY,5,12624.266278595403,12123.219469159098,125955857.34519662,125428472.36599413,527384.979202494,suboptimal
10,invj-4pc-k1,inverse-j,0.04,NDY,6,12624.266278595405,11908.118381563161,125074507.35093908,124262772.8417865,811734.5091525763,suboptimal
10,invj-4pc-k1,inverse-j,0.04,NDY,7,12624.2662785954,11819.403943571133,124581946.8501222,123464235.34556171,1117711.5045604855,suboptimal
10,invj-4pc-k1,inverse-j,0.04,NDY,8,12624.266278595402,11735.36010829262,124575436.4988165,123161639.0196326,1413797.4791839123,suboptimal
10,invj-4pc-k1,inverse-j,0.04,NDY,9,12624.266278595402,11581.087883190386,124405344.95405148,122210831.51340531,2194513.4406461716,suboptimal
10,invj-4pc-k1,inverse-j,0.04,NDY,10,12624.266278595398,11527.14290333067,124252655.96073188,121485453.31610686,2767202.644625023,suboptimal
10,invj-4pc-k1,inverse-j,0.04,NDY,11,12624.2662785954,11429.433121905524,124493940.83720824,121441294.0370243,3052646.800183937,suboptimal
10,invj-4pc-k1,inverse-j,0.04,NDY,12,12624.266278595398,11327.883419551366,123547982.27737479,120140299.03942089,3407683.2379539013,suboptimal
10,invj-4pc-k1,inverse-j,0.04,NDY,13,12624.266278595398,11264.98951753485,123217543.95742378,119702965.98310588,3514577.9743178934,suboptimal
10,invj-4pc-k1,inverse-j,0.04,NDY,14,12624.266278595398,11256.45488627304,123080567.75657709,119532451.79002628,3548115.966550812,suboptimal
10,invj-4pc-k1,inverse-j,0.04,NDY,15,34152.601940905006,11190.188186787835,122687552.5284851,,,infeasible
10,invj-4pc-k1,inverse-j,0.04,-10%,1,19587.252839569137,19587.252839569137,127317239.72426648,127317239.72426648,0.0,optimal
10,invj-4pc-k1,inverse-j,0.04,-10%,2,17628.52755561222,17480.003187878552,126243011.18138997,126243011.18138997,0.0,optimal
10,invj-4pc-k1,inverse-j,0.04,-10%,3,15865.674800051002,15856.11624071184,124709083.12426274,124709083.12426274,0.0,optimal
10,invj-4pc-k1,inverse-j,0.04,-10%,4,14279.107320045901,14688.517569580952,124182136.66339469,124174188.34563337,7948.3177613168955,suboptimal
10,invj-4pc-k1,inverse-j,0.04,-10%,5,13260.263370485589,13697.592349631466,123231857.2846406,123216843.92603807,15013.358602523804,suboptimal
10,invj-4pc-k1,inverse-j,0.04,-10%,6,11934.23703343703,12829.70827882293,121332421.51059245,121298063.32234323,34358.188249215484,suboptimal
10,invj-4pc-k1,inverse-j,0.04,-10%,7,10740.813330093326,11229.963551950215,120500699.83061801,120455514.22751339,45185.60310462117,suboptimal
10,invj-4pc-k1,inverse-j,0.04,-10%,8,9666.731997083993,10729.74373531776,120695529.00420664,120593936.04683734,101592.95736929774,suboptimal
10,invj-4pc-k1,inverse-j,0.04,-10%,9,8700.058797375596,9656.76936355,121654144.62463017,121531782.12631467,122362.49831549823,suboptimal
10,invj-4pc-k1,inverse-j,0.04,-10%,10,7830.052917638035,13212.516260518873,122778040.93473452,121915928.05147454,862112.8832599819,suboptimal
10,invj-4pc-k1,inverse-j,0.04,-10%,11,7047.047625874233,11891.264635759999,121038207.98464097,120123712.13651979,914495.8481211811,suboptimal
10,invj-4pc-k1,inverse-j,0.04,-10%,12,6342.342863286809,13707.614386753065,122334882.11169899,121162423.07439496,1172459.0373040289,suboptimal
10,invj-4pc-k1,inverse-j,0.04,-10%,13,5708.108576958128,12935.71795271924,120915823.39616886,119866933.18184723,1048890.2143216282,suboptimal
10,invj-4pc-k1,inverse-j,0.04,-10%,14,5137.297719262313,11793.17561721343,119858032.43297638,118845074.89315826,1012957.539818123,suboptimal
10,invj-4pc-k1,inverse-j,0.04,-10%,15,66103.18314897556,10810.007449010754,119819126.04095158,,,infeasible
10,invj-4pc-k1,inverse-j,0.04,-20%,1,19538.62746520057,19538.62746520057,128255431.49115646,128255431.49115646,0.0,optimal
10,invj-4pc-k1,inverse-j,0.04,-20%,2,15630.901972160456,17575.1947839095,126871223.74095728,126868316.86016294,2906.8807943314314,suboptimal
10,invj-4pc-k1,inverse-j,0.04,-20%,3,12504.721577728367,17842.326730144465,124762304.7843025,124501344.28283042,260960.5014720857,suboptimal
10,invj-4pc-k1,inverse-j,0.04,-20%,4,10003.777262182697,15009.092501169831,124118197.52492504,123709405.68921845,408791.8357065916,suboptimal
10,invj-4pc-k1,inverse-j,0.04,-20%,5,19327.440416712,13152.767414214062,122281811.44568779,,,infeasible
10,invj-4pc-k1,inverse-j,0.04,-20%,6,15461.952333369598,10522.2139316775,120788919.89102475,,,infeasible
10,invj-4pc-k1,inverse-j,0.04,-20%,7,12451.875743650096,12037.645966325788,121959111.24060896,,,infeasible
10,invj-4pc-k1,inverse-j,0.04,-20%,8,9961.500594920079,9630.116774675,121052444.18665422,,,infeasible
10,invj-4pc-k1,inverse-j,0.04,-20%,9,7969.200475936064,10297.193171395,122889786.53939882,122566474.75751123,323311.7818875909,suboptimal
10,invj-4pc-k1,inverse-j,0.04,-20%,10,6375.36038074885,13923.24773778,123465478.38310705,122174966.72110148,1290511.6620055735,suboptimal
10,invj-4pc-k1,inverse-j,0.04,-20%,11,5100.28830459908,12890.54204941,120519777.57514101,119268202.03921795,1251575.5359230638,suboptimal
10,invj-4pc-k1,inverse-j,0.04,-20%,12,4080.2306436792646,12372.463507285,121849892.42252961,120440326.76818945,1409565.6543401629,suboptimal
10,invj-4pc-k1,inverse-j,0.04,-20%,13,3264.1845149434116,14114.64723444926,122311390.99181205,120563253.54700585,1748137.4448062032,suboptimal
10,invj-4pc-k1,inverse-j,0.04,-20%,14,6675.971921625902,11945.219588225538,119614147.88027716,118878746.30249718,735401.5777799785,suboptimal
10,invj-4pc-k1,inverse-j,0.04,-20%,15,72106.42230245062,9556.175668845,119176732.0141783,,,infeasible
10,invj-4pc-k1,inverse-j,0.04,+/-10%,1,17683.81037372172,17683.81037372172,122126821.49819908,122126821.49819908,0.0,optimal
10,invj-4pc-k1,inverse-j,0.04,+/-10%,2,15915.429336349547,16786.273661667256,122092327.61449148,122039195.54249176,53132.07199971378,suboptimal
10,invj-4pc-k1,inverse-j,0.04,+/-10%,3,14323.886402714603,15876.674096434457,120206887.09030177,120100745.6000738,106141.4902279675,suboptimal
10,invj-4pc-k1,inverse-j,0.04,+/-10%,4,12891.497762443138,14944.371186167677,118304052.91454703,118044833.21686016,259219.69768686593,suboptimal
10,invj-4pc-k1,inverse-j,0.04,+/-10%,5,12092.637674846568,14239.996562195025,117598616.74195619,117250316.49155806,348300.2503981292,suboptimal
10,invj-4pc-k1,inverse-j,0.04,+/-10%,6,10883.373907361909,13140.788876080644,115989053.35560377,115661855.11302614,327198.2425776273,suboptimal
10,invj-4pc-k1,inverse-j,0.04,+/-10%,7,11971.711298098098,11999.5700242464,115570011.9238974,115570011.9238974,0.0,optimal
10,invj-4pc-k1,inverse-j,0.04,+/-10%,8,13168.8824279079,10799.613019613891,115069861.26745382,,,infeasible
10,invj-4pc-k1,inverse-j,0.04,+/-10%,9,12811.07469941282,9719.651720400001,115780107.80065466,,,infeasible
10,invj-4pc-k1,inverse-j,0.04,+/-10%,10,11529.967229471538,9150.077954265,116930370.17654032,,,infeasible
10,invj-4pc-k1,inverse-j,0.04,+/-10%,11,12682.963952418691,14030.372352065,118795673.70627409,118593960.52030395,201713.18597014248,suboptimal
10,invj-4pc-k1,inverse-j,0.04,+/-10%,12,13951.260347660556,14137.27318615501,116561090.30235149,116557971.03736058,3119.2649909108877,suboptimal
10,invj-4pc-k1,inverse-j,0.04,+/-10%,13,15346.386382426625,13237.023368128725,115479224.99832729,,,infeasible
10,invj-4pc-k1,inverse-j,0.04,+/-10%,14,16881.02502066928,12184.831373251936,114240712.68629985,,,infeasible
10,invj-4pc-k1,inverse-j,0.04,+/-10%,15,18569.127522736217,11029.069277847151,114273200.34657429,,,infeasible
10,invj-4pc-k1,inverse-j,0.04,+/-20%,1,20906.185054181853,20906.185054181853,123756630.3149298,123756630.31492981,-1.4901161193847656e-08,optimal
10,invj-4pc-k1,inverse-j,0.04,+/-20%,2,16724.94804334548,18697.89106750657,121575907.35877375,121524690.94478935,51216.413984403014,suboptimal
10,invj-4pc-k1,inverse-j,0.04,+/-20%,3,13379.958434676384,17206.844236901048,118653260.37053971,118391447.18628255,261813.1842571646,suboptimal
10,invj-4pc-k1,inverse-j,0.04,+/-20%,4,10703.966747741108,14838.629903693723,116442802.49953648,115971126.36468071,471676.134855777,suboptimal
10,invj-4pc-k1,inverse-j,0.04,+/-20%,5,12714.477189252962,11893.507074687692,115748718.87528598,,,infeasible
10,invj-4pc-k1,inverse-j,0.04,+/-20%,6,10171.581751402371,9514.80566179,115727882.6969541,,,infeasible
10,invj-4pc-k1,inverse-j,0.04,+/-20%,7,12205.898101682844,13739.045796365557,118528474.96939972,118369599.75733335,158875.21206636727,suboptimal
10,invj-4pc-k1,inverse-j,0.04,+/-20%,8,14308.9585824488,11075.757031528301,116270665.27723081,,,infeasible
10,invj-4pc-k1,inverse-j,0.04,+/-20%,9,11447.166865959036,8860.605624785001,116278972.52209227,,,infeasible
10,invj-4pc-k1,inverse-j,0.04,+/-20%,10,9157.733492767231,10253.651840825,117495823.31091128,117194130.96002355,301692.3508877307,suboptimal
10,invj-4pc-k1,inverse-j,0.04,+/-20%,11,10989.280191320675,14021.21154809,118553972.81278704,117946208.79515946,607764.017627582,suboptimal
10,invj-4pc-k1,inverse-j,0.04,+/-20%,12,13187.136229584812,14104.453690285001,117350614.34821245,117242901.99694209,107712.35127036273,suboptimal
10,invj-4pc-k1,inverse-j,0.04,+/-20%,13,15824.563475501769,14605.725988046139,116921513.87027377,,,infeasible
10,invj-4pc-k1,inverse-j,0.04,+/-20%,14,18989.476170602127,12026.153769488285,114508888.78672667,,,infeasible
10,invj-4pc-k1,inverse-j,0.04,+/-20%,15,22787.37140472255,9868.725548632568,113916592.16163467,,,infeasible
10,invj-4pc-k2,inverse-j,0.04,NHF,1,49641.30665560585,49641.30665560585,97567686.62743177,97567686.62743177,0.0,optimal
10,invj-4pc-k2,inverse-j,0.04,NHF,2,3990.967584525,6719.769365464999,75236792.06095393,74843222.28993864,393569.77101528645,suboptimal
10,invj-4pc-k2,inverse-j,0.04,NHF,3,2421.6210632,6836.678579879999,80921389.9482612,80089525.56534217,831864.3829190284,suboptimal
10,invj-4pc-k2,inverse-j,0.04,NHF,4,0.0,10212.637892735,84270208.35415836,82125627.6431068,2144580.7110515535,suboptimal
10,invj-4pc-k2,inverse-j,0.04,NHF,5,15747.133400432498,7051.388840309999,85660004.03569284,,,infeasible
10,invj-4pc-k2,inverse-j,0.04,NHF,6,7566.332088959999,5620.05767879,88915848.0234824,,,infeasible
10,invj-4pc-k2,inverse-j,0.04,NHF,7,23086.860055317502,25000.295038505003,97527546.8064243,97144919.28314133,382627.52328297496,suboptimal
10,invj-4pc-k2,inverse-j,0.04,NHF,8,19684.15251915,7667.616533465,85003119.26104268,,,infeasible
10,invj-4pc-k2,inverse-j,0.04,NHF,9,9927.627588046667,16422.69530962,88442537.53224842,86665572.07718587,1776965.4550625533,suboptimal
10,invj-4pc-k2,inverse-j,0.04,NHF,10,1835.0788981800001,8695.782691024999,81675286.38510248,79826062.49829379,1849223.8868086934,suboptimal
10,invj-4pc-k2,inverse-j,0.04,NHF,11,1292.0751088000002,7000.59446996,86535603.06185618,84869412.0317246,1666191.0301315784,suboptimal
10,invj-4pc-k2,inverse-j,0.04,NHF,12,6157.16356968,9319.0410596,90198110.97032836,89459252.79506715,738858.1752612144,suboptimal
10,invj-4pc-k2,inverse-j,0.04,NHF,13,4673.61734748,26271.360697485004,94950003.89002365,89251671.71258008,5698332.177443564,suboptimal
10,invj-4pc-k2,inverse-j,0.04,NHF,14,1463.7965581,3702.6332329649995,80752646.70466343,80188774.16869546,563872.535967961,suboptimal
10,invj-4pc-k2,inverse-j,0.04,NHF,15,72716.16372938665,9288.96098055,86661085.68507197,,,infeasible
10,invj-4pc-k2,inverse-j,0.04,NDY,1,12807.651487746163,12807.651487746163,86908145.70860529,86908145.70860529,0.0,optimal
10,invj-4pc-k2,inverse-j,0.04,NDY,2,12807.651487746161,12580.56848930578,88745891.41675226,88733391.73177704,12499.684975221753,suboptimal
10,invj-4pc-k2,inverse-j,0.04,NDY,3,12807.651487746161,12432.404444461856,89683335.90752694,89616364.28836735,66971.61915959418,suboptimal
10,invj-4pc-k2,inverse-j,0.04,NDY,4,12807.651487746161,12353.882155868014,90413615.81574781,90240977.71917306,172638.09657475352,suboptimal
10,invj-4pc-k2,inverse-j,0.04,NDY,5,12807.651487746161,12159.386701735353,90606048.8854811,90146785.95764533,459262.9278357774,suboptimal
10,invj-4pc-k2,inverse-j,0.04,NDY,6,12807.651487746163,12031.25102018124,89651392.62474056,88799885.52598433,851507.0987562239,suboptimal
10,invj-4pc-k2,inverse-j,0.04,NDY,7,12807.651487746163,11805.578740269486,89519329.60358755,88170034.1059143,1349295.4976732582,suboptimal
10,invj-4pc-k2,inverse-j,0.04,NDY,8,12807.651487746163,11619.930284521331,88801140.62234135,86119012.56854022,2682128.053801134,suboptimal
10,invj-4pc-k2,inverse-j,0.04,NDY,9,12807.651487746165,11589.582264724197,88851898.96198316,,,infeasible
10,invj-4pc-k2,inverse-j,0.04,NDY,10,12807.651487746163,11661.667850512807,88627419.59087805,,,infeasible
10,invj-4pc-k2,inverse-j,0.04,NDY,11,12807.651487746163,11493.749974778551,88220681.09195961,,,infeasible
10,invj-4pc-k2,inverse-j,0.04,NDY,12,12807.651487746165,11526.822046677755,88533696.07574175,,,infeasible
10,invj-4pc-k2,inverse-j,0.04,NDY,13,12807.651487746165,11549.098249934419,88490630.08044042,,,infeasible
10,invj-4pc-k2,inverse-j,0.04,NDY,14,12807.651487746165,11429.339367004632,87680859.53471139,,,infeasible
10,invj-4pc-k2,inverse-j,0.04,NDY,15,31494.453893540598,11606.224628196225,88127833.0713244,,,infeasible
10,invj-4pc-k2,inverse-j,0.04,-10%,1,19900.208571434167,19900.208571434167,92177232.80210806,92177232.80210806,0.0,optimal
10,invj-4pc-k2,inverse-j,0.04,-10%,2,17910.187714290754,17996.805294124508,91276574.31931902,91276574.31931902,0.0,optimal
10,invj-4pc-k2,inverse-j,0.04,-10%,3,16119.168942861674,16164.943518816806,89269007.12751049,89269007.12751049,0.0,optimal
10,invj-4pc-k2,inverse-j,0.04,-10%,4,14507.252048575507,14470.946905966746,88171747.6986244,88171747.6986244,0.0,optimal
10,invj-4pc-k2,inverse-j,0.04,-10%,5,13056.526843717958,13136.052177210293,87881664.37365386,87881664.37365386,0.0,optimal
10,invj-4pc-k2,inverse-j,0.04,-10%,6,11750.874159346164,11822.446954750001,86667440.20128353,86667440.20128353,0.0,optimal
10,invj-4pc-k2,inverse-j,0.04,-10%,7,10575.786743411545,11283.271078517215,86539148.23397401,86387283.16914678,151865.06482723355,suboptimal
10,invj-4pc-k2,inverse-j,0.04,-10%,8,9518.20806907039,10154.943972294896,86367652.91831464,86249625.88192873,118027.03638590872,suboptimal
10,invj-4pc-k2,inverse-j,0.04,-10%,9,8566.387262163353,9139.449577604999,87620356.10590714,87507856.11051653,112499.9953906089,suboptimal
10,invj-4pc-k2,inverse-j,0.04,-10%,10,7709.748535947017,12382.798227284999,89606872.33863012,87996337.37123998,1610534.9673901498,suboptimal
10,invj-4pc-k2,inverse-j,0.04,-10%,11,6938.7736823523155,15201.72528985577,89613479.29916303,86600420.49835789,3013058.8008051366,suboptimal
10,invj-4pc-k2,inverse-j,0.04,-10%,12,6244.896314117084,13654.176264366632,87208689.4760906,84854431.87649505,2354257.5995955467,suboptimal
10,invj-4pc-k2,inverse-j,0.04,-10%,13,5620.406682705376,12349.690784436456,86212762.9034676,84197666.50572076,2015096.3977468312,suboptimal
10,invj-4pc-k2,inverse-j,0.04,-10%,14,5058.366014434838,11114.721708467436,85357969.22202343,83588987.26965484,1768981.9523685873,suboptimal
10,invj-4pc-k2,inverse-j,0.04,-10%,15,66300.81431290302,10003.24954174,85494591.29220909,,,infeasible
10,invj-4pc-k2,inverse-j,0.04,-20%,1,24539.879448171545,24539.879448171545,93463398.61159578,93463398.61159578,0.0,optimal
10,invj-4pc-k2,inverse-j,0.04,-20%,2,19631.903558537237,19869.51272837809,89525785.71253157,89525690.96605816,94.7464734017849,suboptimal
10,invj-4pc-k2,inverse-j,0.04,-20%,3,15705.522846829792,15921.671394646188,86542228.70778176,86539474.37173866,2754.3360431045294,suboptimal
10,invj-4pc-k2,inverse-j,0.04,-20%,4,12564.418277463836,12808.558246285138,86535415.74453753,86511564.8684906,23850.876046925783,suboptimal
10,invj-4pc-k2,inverse-j,0.04,-20%,5,10051.534621971068,10323.534980141283,85426356.5804274,85382975.51389517,43381.06653222442,suboptimal
10,invj-4pc-k2,inverse-j,0.04,-20%,6,8041.227697576855,8258.82798446,85907482.18083487,85867651.3813377,39830.79949717224,suboptimal
10,invj-4pc-k2,inverse-j,0.04,-20%,7,12628.406202880995,12640.734875880633,89721110.66109477,89721110.66109477,0.0,optimal
10,invj-4pc-k2,inverse-j,0.04,-20%,8,10102.724962304794,10112.587897730002,88337182.80888109,88337182.80888109,0.0,optimal
10,invj-4pc-k2,inverse-j,0.04,-20%,9,8082.179969843838,13853.346747459998,90185975.82358792,88340819.04386133,1845156.7797265947,suboptimal
10,invj-4pc-k2,inverse-j,0.04,-20%,10,6465.743975875069,14268.506354565001,88078198.77162978,85672898.80313411,2405299.968495667,suboptimal
10,invj-4pc-k2,inverse-j,0.04,-20%,11,5172.595180700055,11968.72985649,85881508.02180299,83776820.97793052,2104687.0438724756,suboptimal
10,invj-4pc-k2,inverse-j,0.04,-20%,12,4138.076144560045,11580.817854935001,86700051.0993868,84596509.77015081,2103541.329235986,suboptimal
10,invj-4pc-k2,inverse-j,0.04,-20%,13,3310.4609156480356,12406.507361883201,87217327.43693013,84658517.73438764,2558809.7025424987,suboptimal
10,invj-4pc-k2,inverse-j,0.04,-20%,14,5293.809407963663,9925.20589359,85934295.34925477,84657875.60183583,1276419.74741894,suboptimal
10,invj-4pc-k2,inverse-j,0.04,-20%,15,74904.32753195355,10856.119586953377,87120728.64725897,,,infeasible
10,invj-4pc-k2,inverse-j,0.04,+/-10%,1,19483.079110424063,19483.079110424063,88350077.65766296,88350077.65766291,4.470348358154297e-08,optimal
10,invj-4pc-k2,inverse-j,0.04,+/-10%,2,17534.771199381557,17784.05979499217,87433179.37505493,87430440.69497883,2738.6800760924816,suboptimal
10,invj-4pc-k2,inverse-j,0.04,+/-10%,3,15781.29407944343,16082.257547080211,86094419.80940072,86090608.83066179,3810.9787389338017,suboptimal
10,invj-4pc-k2,inverse-j,0.04,+/-10%,4,14203.164671499128,14552.643666066244,84079795.68558383,84055620.40821639,24175.277367442846,suboptimal
10,invj-4pc-k2,inverse-j,0.04,+/-10%,5,12782.848204349184,13189.442346064594,83692590.30940609,83609454.82316476,83135.48624132574,suboptimal
10,invj-4pc-k2,inverse-j,0.04,+/-10%,6,11504.563383914263,11870.498117750001,82797852.65425754,82730647.48212413,67205.17213340104,suboptimal
10,invj-4pc-k2,inverse-j,0.04,+/-10%,7,10354.10704552289,11911.092604435813,83063629.69126694,82730008.60007942,333621.0911875218,suboptimal
10,invj-4pc-k2,inverse-j,0.04,+/-10%,8,9499.735326550866,10719.98334555688,82524391.49019234,82256773.40481167,267618.0853806734,suboptimal
10,invj-4pc-k2,inverse-j,0.04,+/-10%,9,10449.708859205934,9647.985008683725,82579462.77512701,,,infeasible
10,invj-4pc-k2,inverse-j,0.04,+/-10%,10,11494.67974512656,8683.18650999,82936172.54076755,,,infeasible
10,invj-4pc-k2,inverse-j,0.04,+/-10%,11,12644.147719639208,14833.70747686,87455811.82605931,86718417.13748038,737394.6885789335,suboptimal
10,invj-4pc-k2,inverse-j,0.04,+/-10%,12,13908.562491603136,14453.32411192955,84672396.42971401,84588827.79169284,83568.6380211711,suboptimal
10,invj-4pc-k2,inverse-j,0.04,+/-10%,13,15299.418740763458,13417.296022150942,83082110.40829375,,,infeasible
10,invj-4pc-k2,inverse-j,0.04,+/-10%,14,16829.3606148398,12178.211265557862,81972281.265276,,,infeasible
10,invj-4pc-k2,inverse-j,0.04,+/-10%,15,18512.29667632376,10977.230812710057,81700116.6140187,,,infeasible
10,invj-4pc-k2,inverse-j,0.04,+/-20%,1,24100.607746812533,24100.607746812533,90293670.06931886,90293670.06931886,0.0,optimal
10,invj-4pc-k2,inverse-j,0.04,+/-20%,2,19280.486197450027,20003.34364091996,86672429.02938277,86601835.24559517,70593.78378759325,suboptimal
10,invj-4pc-k2,inverse-j,0.04,+/-20%,3,15424.388957960025,16151.814568519501,83406682.49738148,83286874.04794213,119808.44943934679,suboptimal
10,invj-4pc-k2,inverse-j,0.04,+/-20%,4,12339.511166368018,12904.979721130254,82616600.83517343,82516178.91054198,100421.9246314466,suboptimal
10,invj-4pc-k2,inverse-j,0.04,+/-20%,5,9871.608933094418,10323.983780496897,82135162.28286201,82050808.08037236,84354.20248964429,suboptimal
10,invj-4pc-k2,inverse-j,0.04,+/-20%,6,7897.2871464755335,8259.1870241,82307162.85030636,82126940.81782992,180222.03247644007,suboptimal
10,invj-4pc-k2,inverse-j,0.04,+/-20%,7,9268.525909074342,13420.339502196417,86445719.92516704,85145866.07863134,1299853.8465356976,suboptimal
10,invj-4pc-k2,inverse-j,0.04,+/-20%,8,11122.231090889209,10736.271597845,84595858.6520689,,,infeasible
10,invj-4pc-k2,inverse-j,0.04,+/-20%,9,11609.411472316679,10286.847359645,84720874.46174324,,,infeasible
10,invj-4pc-k2,inverse-j,0.04,+/-20%,10,9287.529177853345,15374.608199934999,86890435.0726294,84183609.16466922,2706825.9079601914,suboptimal
10,invj-4pc-k2,inverse-j,0.04,+/-20%,11,11145.035013424014,12932.02392317,83745951.13145353,83328915.55890553,417035.572548002,suboptimal
10,invj-4pc-k2,inverse-j,0.04,+/-20%,12,13374.042016108819,11661.113200775002,83038660.2874279,,,infeasible
10,invj-4pc-k2,inverse-j,0.04,+/-20%,13,16048.850419330583,12707.781676798762,83600337.43262807,,,infeasible
10,invj-4pc-k2,inverse-j,0.04,+/-20%,14,19258.620503196697,10166.22533745,82330626.9291088,,,infeasible
10,invj-4pc-k2,inverse-j,0.04,+/-20%,15,23110.344603836045,10734.050445312412,83318447.1704493,,,infeasible
11,linear-4pc-0pc,linear,0.04,NHF,1,38765.2009502795,38765.2009502795,45455628.61342777,45455628.61342777,0.0,optimal
11,linear-4pc-0pc,linear,0.04,NHF,2,8159.157716560999,8159.157716560999,29077108.296376824,29077108.296376824,0.0,optimal
11,linear-4pc-0pc,linear,0.04,NHF,3,8403.271529223,8403.271529223,31497540.699660216,31497540.699660216,0.0,optimal
11,linear-4pc-0pc,linear,0.04,NHF,4,6961.445037165,6961.445037165,33192772.278063044,33192772.278063044,0.0,optimal
11,linear-4pc-0pc,linear,0.04,NHF,5,7639.5559876610005,7639.5559876610005,36460852.96750707,36460852.96750707,0.0,optimal
11,linear-4pc-0pc,linear,0.04,NHF,6,5809.8733633715,5809.8733633715,39044353.77632959,39044353.77632959,0.0,optimal
11,linear-4pc-0pc,linear,0.04,NHF,7,14363.241768420003,14363.241768420003,45186020.85137504,45186020.85137504,0.0,optimal
11,linear-4pc-0pc,linear,0.04,NHF,8,13813.258245409997,14173.812774169997,44152013.14463594,44116635.28144465,35377.86319129169,suboptimal
11,linear-4pc-0pc,linear,0.04,NHF,9,14073.158939070001,18940.985947541,41875399.23480727,40767753.66935857,1107645.5654487014,suboptimal
11,linear-4pc-0pc,linear,0.04,NHF,10,3703.4043195900003,7257.124019133001,32423729.60611509,31628360.08717196,795369.518943131,suboptimal
11,linear-4pc-0pc,linear,0.04,NHF,11,3385.18550022,8926.076004155,35275930.26783967,33955182.17700487,1320748.0908348039,suboptimal
11,linear-4pc-0pc,linear,0.04,NHF,12,2263.49251482,6482.175018141,35896007.50857178,34891136.99213222,1004870.5164395645,suboptimal
11,linear-4pc-0pc,linear,0.04,NHF,13,3593.1898086250003,14506.208473511502,39929001.88134101,37362042.92443601,2566958.956905,suboptimal
11,linear-4pc-0pc,linear,0.04,NHF,14,0.0,4236.0978651,35931209.5143783,34798225.62097069,1132983.893407613,suboptimal
11,linear-4pc-0pc,linear,0.04,NHF,15,61467.9909448954,14489.693632020002,43358346.513953425,,,infeasible
11,linear-4pc-0pc,linear,0.04,NDY,1,12315.432470533531,12315.432470533531,36621433.33223807,36621433.33223808,-7.450580596923828e-09,optimal
11,linear-4pc-0pc,linear,0.04,NDY,2,12315.43247053353,12128.138014174152,37990896.460612416,,,infeasible
11,linear-4pc-0pc,linear,0.04,NDY,3,12315.432470533528,11967.00316702164,39390418.05337037,,,infeasible
11,linear-4pc-0pc,linear,0.04,NDY,4,12315.43247053353,11799.265277280989,40758707.00639508,,,infeasible
11,linear-4pc-0pc,linear,0.04,NDY,5,12315.432470533531,11658.472193799433,41186770.52657087,,,infeasible
11,linear-4pc-0pc,linear,0.04,NDY,6,12315.43247053353,11527.135737353994,40507744.55647642,,,infeasible
11,linear-4pc-0pc,linear,0.04,NDY,7,12315.432470533533,11441.939189206949,40434832.58867935,,,infeasible
11,linear-4pc-0pc,linear,0.04,NDY,8,12315.432470533531,11393.626981734302,40339171.85198633,,,infeasible
11,linear-4pc-0pc,linear,0.04,NDY,9,12315.432470533531,11383.45329547479,40010261.61616876,,,infeasible
11,linear-4pc-0pc,linear,0.04,NDY,10,12315.43247053353,11394.732009810268,39741336.28048625,,,infeasible
11,linear-4pc-0pc,linear,0.04,NDY,11,12315.432470533531,11301.69609234644,39735074.10908931,,,infeasible
11,linear-4pc-0pc,linear,0.04,NDY,12,12315.43247053353,11214.035311148054,39488642.1708361,,,infeasible
11,linear-4pc-0pc,linear,0.04,NDY,13,12315.432470533533,11161.481563644877,39581340.43052806,,,infeasible
11,linear-4pc-0pc,linear,0.04,NDY,14,12315.43247053353,11120.723381986983,39349218.19306084,,,infeasible
11,linear-4pc-0pc,linear,0.04,NDY,15,12315.43247053353,11084.054200334776,39480776.171832845,,,infeasible
11,linear-4pc-0pc,linear,0.04,-10%,1,17634.142458454,17634.142458454,40998668.6540183,40998668.6540183,0.0,optimal
11,linear-4pc-0pc,linear,0.04,-10%,2,15870.7282126086,15870.728206303236,40552982.44894561,40552982.44894561,0.0,optimal
11,linear-4pc-0pc,linear,0.04,-10%,3,14283.65539134774,14255.392836863415,40368279.02419134,40368279.02419134,0.0,optimal
11,linear-4pc-0pc,linear,0.04,-10%,4,12855.289852212965,12789.901729160585,40006773.31999054,40006773.31999054,0.0,optimal
11,linear-4pc-0pc,linear,0.04,-10%,5,11569.760866991674,11499.079302213042,39396203.71888821,39396203.71888821,0.0,optimal
11,linear-4pc-0pc,linear,0.04,-10%,6,10412.784780292503,10349.171371059332,38355653.51739384,38355653.51739384,0.0,optimal
11,linear-4pc-0pc,linear,0.04,-10%,7,9371.506302263253,9371.50629854,38708514.9360859,38708514.9360859,0.0,optimal
11,linear-4pc-0pc,linear,0.04,-10%,8,10443.921934546233,11366.2319169435,40463936.40863222,40284353.74189475,179582.66673746705,suboptimal
11,linear-4pc-0pc,linear,0.04,-10%,9,9399.52974109161,12265.023550894502,40119765.280704394,39038815.723406255,1080949.5572981387,suboptimal
11,linear-4pc-0pc,linear,0.04,-10%,10,8459.576766982449,12521.989611354818,39131861.03894735,37610134.27236768,1521726.7665796727,suboptimal
11,linear-4pc-0pc,linear,0.04,-10%,11,7613.6190902842045,11257.715950224812,37529458.56054638,36466122.899951875,1063335.660594508,suboptimal
11,linear-4pc-0pc,linear,0.04,-10%,12,6852.257181255784,10153.815072682453,36955296.90058809,36215345.080570966,739951.8200171217,suboptimal
11,linear-4pc-0pc,linear,0.04,-10%,13,6167.031463130207,9138.433567692871,36715062.33562941,36030651.591642834,684410.7439865768,suboptimal
11,linear-4pc-0pc,linear,0.04,-10%,14,5550.328316817187,8224.590212842499,37737170.20729247,37173355.325907774,563814.8813846931,suboptimal
11,linear-4pc-0pc,linear,0.04,-10%,15,46106.299385499515,11648.3256131935,40882582.5705878,,,infeasible
11,linear-4pc-0pc,linear,0.04,-20%,1,21812.841959792342,21812.841959792342,42612810.12691321,42612810.12691321,0.0,optimal
11,linear-4pc-0pc,linear,0.04,-20%,2,17450.273567833883,17422.853923874034,39480242.19380917,39480242.19380917,0.0,optimal
11,linear-4pc-0pc,linear,0.04,-20%,3,13960.218854267105,13933.095162876645,37608964.14494565,37608964.14494565,0.0,optimal
11,linear-4pc-0pc,linear,0.04,-20%,4,11168.175083413684,11164.218264035866,36375211.59771762,36375211.59771762,0.0,optimal
11,linear-4pc-0pc,linear,0.04,-20%,5,8934.540066730948,8931.031981180968,35834549.611370906,35834549.611370906,0.0,optimal
11,linear-4pc-0pc,linear,0.04,-20%,6,7147.63205338476,7144.825585766501,36851773.73028389,36851773.73028389,0.0,optimal
11,linear-4pc-0pc,linear,0.04,-20%,7,7729.979248782581,7729.97925234,40306819.72164941,40306819.72164941,0.0,optimal
11,linear-4pc-0pc,linear,0.04,-20%,8,13390.75848497976,15354.527664550998,44861573.39307612,44330500.197120845,531073.1959552765,suboptimal
11,linear-4pc-0pc,linear,0.04,-20%,9,10712.60678798381,15436.70395169191,41834645.02857018,40270940.270676136,1563704.7578940466,suboptimal
11,linear-4pc-0pc,linear,0.04,-20%,10,8570.08543038705,12349.363158727,37328229.864718795,36408618.04852858,919611.816190213,suboptimal
11,linear-4pc-0pc,linear,0.04,-20%,11,6856.06834430964,10057.07462775,35487971.19119303,34784790.244729124,703180.9464639053,suboptimal
11,linear-4pc-0pc,linear,0.04,-20%,12,5484.854675447713,8054.7541108059995,35061269.33339398,34580299.29014722,480970.04324676096,suboptimal
11,linear-4pc-0pc,linear,0.04,-20%,13,4387.88374035817,8486.8387285615,36589359.6767841,35777825.43103582,811534.2457482815,suboptimal
11,linear-4pc-0pc,linear,0.04,-20%,14,3510.3069922865357,8577.357948814999,38473277.840242796,37172686.191895574,1300591.6483472213,suboptimal
11,linear-4pc-0pc,linear,0.04,-20%,15,52084.368442189,11843.094260806001,41560266.38689421,,,infeasible
11,linear-4pc-0pc,linear,0.04,+/-10%,1,17642.774914118247,17642.774914118247,40681385.72472019,40681385.72472019,0.0,optimal
11,linear-4pc-0pc,linear,0.04,+/-10%,2,15878.497422706423,15873.80680129843,40164416.58559048,40164416.58559048,0.0,optimal
11,linear-4pc-0pc,linear,0.04,+/-10%,3,14290.64768043578,14277.45548483017,39895696.88804053,39895696.88804053,0.0,optimal
11,linear-4pc-0pc,linear,0.04,+/-10%,4,12861.582912392201,12825.870523359536,39738805.24788453,39738805.24788453,0.0,optimal
11,linear-4pc-0pc,linear,0.04,+/-10%,5,11575.424621152988,11276.537830763968,38894552.053950354,38876277.33243998,18274.721510373056,suboptimal
11,linear-4pc-0pc,linear,0.04,+/-10%,6,10417.882159037687,10148.88404572038,38157338.480854176,38122120.35288207,35218.127972103655,suboptimal
11,linear-4pc-0pc,linear,0.04,+/-10%,7,9422.803973682818,10065.096545620001,38746877.0680616,38135931.8312601,610945.2368014976,suboptimal
11,linear-4pc-0pc,linear,0.04,+/-10%,8,10365.0843710511,11071.606198741001,39945098.27992762,39502235.62956981,442862.6503578052,suboptimal
11,linear-4pc-0pc,linear,0.04,+/-10%,9,10474.015046291528,13197.595790497,40053479.93483532,38905028.14633469,1148451.7885006294,suboptimal
11,linear-4pc-0pc,linear,0.04,+/-10%,10,9426.613541662373,11937.06665132847,37982848.680222906,36942430.88581205,1040417.7944108546,suboptimal
11,linear-4pc-0pc,linear,0.04,+/-10%,11,10369.274895828614,10743.359987840679,36958538.446022406,36915009.16437304,43529.28164936602,suboptimal
11,linear-4pc-0pc,linear,0.04,+/-10%,12,11406.202385411474,9669.023992263998,36373604.41069148,,,infeasible
11,linear-4pc-0pc,linear,0.04,+/-10%,13,12546.822623952627,9014.816465514648,36958168.222610585,,,infeasible
11,linear-4pc-0pc,linear,0.04,+/-10%,14,13801.50488634789,9714.690287334999,38489086.54312155,,,infeasible
11,linear-4pc-0pc,linear,0.04,+/-10%,15,15181.65537498268,11480.096385751001,40145357.11764574,,,infeasible
11,linear-4pc-0pc,linear,0.04,+/-20%,1,21816.879993226183,21816.879993226183,42263045.82960216,42263045.82960216,0.0,optimal
11,linear-4pc-0pc,linear,0.04,+/-20%,2,17453.50399458095,17439.322097240714,39071702.32856688,39071702.32856688,0.0,optimal
11,linear-4pc-0pc,linear,0.04,+/-20%,3,13962.803195664763,13951.952573028002,36875466.01590892,36875466.01590892,0.0,optimal
11,linear-4pc-0pc,linear,0.04,+/-20%,4,11170.242556531812,11160.026741118354,35511389.65498528,35511389.65498528,0.0,optimal
11,linear-4pc-0pc,linear,0.04,+/-20%,5,8936.194045225451,8525.517974130742,34871078.165906526,34865912.79468731,5165.371219217777,suboptimal
11,linear-4pc-0pc,linear,0.04,+/-20%,6,7148.955236180362,7382.493730740511,36019564.683164515,35740299.3113076,279265.37185691297,suboptimal
11,linear-4pc-0pc,linear,0.04,+/-20%,7,8578.746283416433,8858.99247336,38946051.30094116,38684346.20619114,261705.09475002438,suboptimal
11,linear-4pc-0pc,linear,0.04,+/-20%,8,10294.495540099717,12690.194607973499,42952501.83043314,41217480.1339349,1735021.6964982376,suboptimal
11,linear-4pc-0pc,linear,0.04,+/-20%,9,12353.394648119662,16163.111832484714,42684282.77944595,41402243.00758953,1282039.7718564272,suboptimal
11,linear-4pc-0pc,linear,0.04,+/-20%,10,9882.715718495729,12930.854277493041,37784300.65330107,37022076.06468038,762224.588620685,suboptimal
11,linear-4pc-0pc,linear,0.04,+/-20%,11,8785.485223221895,10344.68342289681,35475903.12543763,35189003.15560564,286899.96983199567,suboptimal
11,linear-4pc-0pc,linear,0.04,+/-20%,12,10542.582267866273,8275.746738581,34877917.47947118,,,infeasible
11,linear-4pc-0pc,linear,0.04,+/-20%,13,12651.098721439526,8561.03290040016,36291917.48475775,,,infeasible
11,linear-4pc-0pc,linear,0.04,+/-20%,14,15181.318465727436,8714.397704514999,38152681.66540552,,,infeasible
11,linear-4pc-0pc,linear,0.04,+/-20%,15,18217.58215887292,10801.3585733885,40820894.09933376,,,infeasible
11,linear-6pc-0pc,linear,0.06,NHF,1,38765.2009502795,38765.2009502795,28731649.37954567,28731649.37954567,0.0,optimal
11,linear-6pc-0pc,linear,0.06,NHF,2,8159.157716560999,8159.157716560999,14808324.050784765,14808324.050784765,0.0,optimal
11,linear-6pc-0pc,linear,0.06,NHF,3,8403.271529223,8403.271529223,15996370.60396387,15996370.60396387,0.0,optimal
11,linear-6pc-0pc,linear,0.06,NHF,4,6961.445037165,6961.445037165,16958051.637843948,16958051.637843948,0.0,optimal
11,linear-6pc-0pc,linear,0.06,NHF,5,7639.5559876610005,7639.5559876610005,19122495.23150968,19122495.23150968,0.0,optimal
11,linear-6pc-0pc,linear,0.06,NHF,6,5809.8733633715,5809.8733633715,20979030.696950298,20979030.696950298,0.0,optimal
11,linear-6pc-0pc,linear,0.06,NHF,7,14363.241768420003,14363.241768420003,26588232.83224726,26588232.83224726,0.0,optimal
11,linear-6pc-0pc,linear,0.06,NHF,8,14173.812774169997,14173.812774169997,26291258.286574163,26291258.286574163,0.0,optimal
11,linear-6pc-0pc,linear,0.06,NHF,9,18940.985947541,18940.985947541,25129401.3874191,25129401.3874191,0.0,optimal
11,linear-6pc-0pc,linear,0.06,NHF,10,4574.45832095,7257.124019133001,17161284.555338435,16496765.345839707,664519.2094987277,suboptimal
11,linear-6pc-0pc,linear,0.06,NHF,11,4342.06702884,8926.076004155,18786569.385632657,17563765.649149165,1222803.736483492,suboptimal
11,linear-6pc-0pc,linear,0.06,NHF,12,3062.6669508400005,6482.175018141,19026599.59749882,18117437.997191925,909161.6003068946,suboptimal
11,linear-6pc-0pc,linear,0.06,NHF,13,2116.3240753,14506.208473511502,22475845.675132785,19101802.348874304,3374043.3262584805,suboptimal
11,linear-6pc-0pc,linear,0.06,NHF,14,0.0,4236.0978651,18802608.640771937,17578706.347552232,1223902.2932197042,suboptimal
11,linear-6pc-0pc,linear,0.06,NHF,15,50281.29892895622,14489.693632020002,25103393.449174155,,,infeasible
11,linear-6pc-0pc,linear,0.06,NDY,1,12174.865766348272,12174.865766348272,19598508.69164835,19598508.69164835,0.0,optimal
11,linear-6pc-0pc,linear,0.06,NDY,2,12174.865766348274,11937.40497136686,20194376.11117092,20139531.633210424,54844.47796049714,suboptimal
11,linear-6pc-0pc,linear,0.06,NDY,3,12174.865766348274,11774.518344921733,21081429.81070321,,,infeasible
11,linear-6pc-0pc,linear,0.06,NDY,4,12174.86576634827,11664.860994587896,22128617.47251586,,,infeasible
11,linear-6pc-0pc,linear,0.06,NDY,5,12174.865766348274,11580.801194514132,22717744.319648962,,,infeasible
11,linear-6pc-0pc,linear,0.06,NDY,6,12174.86576634827,11531.331194000502,22645683.54037418,,,infeasible
11,linear-6pc-0pc,linear,0.06,NDY,7,12174.865766348272,11469.673092119001,22787060.424764182,,,infeasible
11,linear-6pc-0pc,linear,0.06,NDY,8,12174.86576634827,11427.1353790428,23053978.587329876,,,infeasible
11,linear-6pc-0pc,linear,0.06,NDY,9,12174.865766348272,11342.05506668559,22524993.28973791,,,infeasible
11,linear-6pc-0pc,linear,0.06,NDY,10,12174.86576634827,11226.464378776975,22197586.061709777,,,infeasible
11,linear-6pc-0pc,linear,0.06,NDY,11,12174.86576634827,11122.03937056012,21996198.007630493,,,infeasible
11,linear-6pc-0pc,linear,0.06,NDY,12,12174.865766348274,11094.549039638168,21847835.569739465,,,infeasible
11,linear-6pc-0pc,linear,0.06,NDY,13,12174.865766348275,11083.261657579002,21818219.71168148,,,infeasible
11,linear-6pc-0pc,linear,0.06,NDY,14,12174.86576634827,11056.470027680707,21891776.08808793,,,infeasible
11,linear-6pc-0pc,linear,0.06,NDY,15,12174.865766348272,11053.693338844232,22394854.100197587,,,infeasible
11,linear-6pc-0pc,linear,0.06,-10%,1,17600.0235886331,17600.0235886331,23255123.82202597,23255123.822025966,3.725290298461914e-09,optimal
11,linear-6pc-0pc,linear,0.06,-10%,2,15840.021229769785,15789.176790189706,22777775.950815074,22777775.950815074,0.0,optimal
11,linear-6pc-0pc,linear,0.06,-10%,3,14256.019106792806,14170.497298353403,22524698.460299402,22524698.460299402,0.0,optimal
11,linear-6pc-0pc,linear,0.06,-10%,4,12830.417196113529,12730.434995159801,22219564.27342768,22219564.27342768,0.0,optimal
11,linear-6pc-0pc,linear,0.06,-10%,5,11547.37547650218,11451.027375239904,21694370.30172339,21694370.30172339,0.0,optimal
11,linear-6pc-0pc,linear,0.06,-10%,6,10392.637928851958,10305.924639508,20947244.302217156,20947244.302217156,0.0,optimal
11,linear-6pc-0pc,linear,0.06,-10%,7,9353.374135966764,9353.37413636,21160945.919105783,21160945.919105783,0.0,optimal
11,linear-6pc-0pc,linear,0.06,-10%,8,10275.711441191062,10161.8145086445,22682966.656226955,,,infeasible
11,linear-6pc-0pc,linear,0.06,-10%,9,10430.318544535821,13177.813250646499,23816558.753225222,22716431.459824376,1100127.2934008464,suboptimal
11,linear-6pc-0pc,linear,0.06,-10%,10,9387.286690082237,12664.12153145955,22554547.242095612,21280524.048656575,1274023.1934390366,suboptimal
11,linear-6pc-0pc,linear,0.06,-10%,11,8448.558021074015,11397.709377305358,21100627.032925736,20099393.976141375,1001233.0567843616,suboptimal
11,linear-6pc-0pc,linear,0.06,-10%,12,7603.702218966614,10257.938438359999,20111692.607113596,19391751.22323406,719941.3838795349,suboptimal
11,linear-6pc-0pc,linear,0.06,-10%,13,6843.331997069951,9367.014162137591,19718959.540688902,19099286.248974636,619673.291714266,suboptimal
11,linear-6pc-0pc,linear,0.06,-10%,14,6158.998797362957,8430.312747,20078295.270193815,19482284.689916655,596010.5802771598,suboptimal
11,linear-6pc-0pc,linear,0.06,-10%,15,38233.61425321644,10563.9258853345,22171029.58625749,,,infeasible
11,linear-6pc-0pc,linear,0.06,-20%,1,21789.485163244906,21789.485163244906,25087268.081867523,25087268.081867523,0.0,optimal
11,linear-6pc-0pc,linear,0.06,-20%,2,17431.58813059593,17413.042027730407,22461840.046337448,22461840.046337448,0.0,optimal
11,linear-6pc-0pc,linear,0.06,-20%,3,13945.270504476744,13904.646351135492,20698932.69022086,20698932.69022086,0.0,optimal
11,linear-6pc-0pc,linear,0.06,-20%,4,11156.216403581395,11118.19689148316,19451689.7135605,19451689.7135605,0.0,optimal
11,linear-6pc-0pc,linear,0.06,-20%,5,8924.97312286512,8894.557514589724,18909956.194321353,18909956.194321353,0.0,optimal
11,linear-6pc-0pc,linear,0.06,-20%,6,7139.9784982920955,7115.646010714,19214096.052313678,19214096.052313678,0.0,optimal
11,linear-6pc-0pc,linear,0.06,-20%,7,7431.760507599456,7431.7605066900005,21939445.65783545,21939445.65783545,0.0,optimal
11,linear-6pc-0pc,linear,0.06,-20%,8,14192.568315074044,13636.3691153935,26288275.10564727,,,infeasible
11,linear-6pc-0pc,linear,0.06,-20%,9,12242.276707727126,16550.84166385412,25975409.56905323,24331956.935536876,1643452.6335163526,suboptimal
11,linear-6pc-0pc,linear,0.06,-20%,10,9793.821366181703,13240.673332509072,21918784.876502566,20838140.649518725,1080644.2269838415,suboptimal
11,linear-6pc-0pc,linear,0.06,-20%,11,7835.0570929453625,10592.538666032935,19571630.60016759,18807611.326498967,764019.2736686245,suboptimal
11,linear-6pc-0pc,linear,0.06,-20%,12,6268.04567435629,8474.030932176,18324293.114223268,17851633.276429206,472659.83779406175,suboptimal
11,linear-6pc-0pc,linear,0.06,-20%,13,5014.436539485032,7428.602742111501,18854133.19550608,18275141.489178985,578991.7063270956,suboptimal
11,linear-6pc-0pc,linear,0.06,-20%,14,4011.549231588025,9016.168384434997,20874411.220417548,19448587.62711598,1425823.5933015682,suboptimal
11,linear-6pc-0pc,linear,0.06,-20%,15,41322.128099450856,10313.6066724885,22889288.70103895,,,infeasible
11,linear-6pc-0pc,linear,0.06,+/-10%,1,17606.146750500367,17606.146750500367,23208996.3347652,23208996.3347652,0.0,optimal
11,linear-6pc-0pc,linear,0.06,+/-10%,2,15845.532075450334,15794.355260781154,22723939.20286015,22723939.20286015,0.0,optimal
11,linear-6pc-0pc,linear,0.06,+/-10%,3,14260.978867905298,14159.426398258107,22454780.45749412,22454780.45749412,0.0,optimal
11,linear-6pc-0pc,linear,0.06,+/-10%,4,12834.880981114773,12727.002259900353,22037780.385696128,22037780.385696128,0.0,optimal
11,linear-6pc-0pc,linear,0.06,+/-10%,5,11551.392883003296,11440.292453309141,21404087.937677093,21404087.93767709,3.725290298461914e-09,optimal
11,linear-6pc-0pc,linear,0.06,+/-10%,6,10396.253594702966,10296.2632132055,20678445.1313498,20678445.1313498,0.0,optimal
11,linear-6pc-0pc,linear,0.06,+/-10%,7,9356.62823523267,9277.98464746736,20771936.776780717,20771936.776780717,0.0,optimal
11,linear-6pc-0pc,linear,0.06,+/-10%,8,10292.291058755938,10205.7831082295,22141508.75175369,22141508.75175369,0.0,optimal
11,linear-6pc-0pc,linear,0.06,+/-10%,9,11321.520164631536,12382.422293551499,23474139.605495904,22943660.914261296,530478.6912346072,suboptimal
11,linear-6pc-0pc,linear,0.06,+/-10%,10,10761.894864367689,13004.341514782645,22909993.059006162,21964370.544932943,945622.5140732192,suboptimal
11,linear-6pc-0pc,linear,0.06,+/-10%,11,9685.705377930919,11699.719623429146,21417986.507743217,20700658.70288383,717327.8048593886,suboptimal
11,linear-6pc-0pc,linear,0.06,+/-10%,12,10654.275915724009,10417.241522022505,20059371.1582214,,,infeasible
11,linear-6pc-0pc,linear,0.06,+/-10%,13,11719.703507296414,9371.948465364188,19551111.5372946,,,infeasible
11,linear-6pc-0pc,linear,0.06,+/-10%,14,12891.673858026057,8807.999926596,19983900.761437617,,,infeasible
11,linear-6pc-0pc,linear,0.06,+/-10%,15,14180.841243828663,9704.464979943243,21610133.172324795,,,infeasible
11,linear-6pc-0pc,linear,0.06,+/-20%,1,21766.317708924456,21766.317708924456,25001971.782356896,25001971.7823569,-3.725290298461914e-09,optimal
11,linear-6pc-0pc,linear,0.06,+/-20%,2,17413.054167139573,17386.11612346322,22372028.523416076,22372028.523416076,0.0,optimal
11,linear-6pc-0pc,linear,0.06,+/-20%,3,13930.443333711659,13892.89033654085,20409362.976421364,20409362.97642136,3.725290298461914e-09,optimal
11,linear-6pc-0pc,linear,0.06,+/-20%,4,11144.354666969328,11100.816471242015,19192221.102954526,19192221.10295452,3.725290298461914e-09,optimal
11,linear-6pc-0pc,linear,0.06,+/-20%,5,8915.483733575466,8879.922370598699,18555725.781442706,18555725.781442706,0.0,optimal
11,linear-6pc-0pc,linear,0.06,+/-20%,6,7132.386986860372,7132.3869895195,18650102.519816235,18650102.519816235,0.0,optimal
11,linear-6pc-0pc,linear,0.06,+/-20%,7,8558.864384232445,8558.86438236,21022316.00104073,21022316.00104073,0.0,optimal
11,linear-6pc-0pc,linear,0.06,+/-20%,8,10270.637261078933,11386.897102457,24315417.746091716,23450196.44699878,865221.2990929373,suboptimal
11,linear-6pc-0pc,linear,0.06,+/-20%,9,12324.764713294719,16964.374364916308,26479784.073109165,24614217.053573698,1865567.019535467,suboptimal
11,linear-6pc-0pc,linear,0.06,+/-20%,10,10676.793833000784,13566.843898500743,22290773.231759585,21448824.855779838,841948.3759797476,suboptimal
11,linear-6pc-0pc,linear,0.06,+/-20%,11,8541.435066400627,10853.475119054698,19690495.021629363,19076817.7430301,613677.2785992622,suboptimal
11,linear-6pc-0pc,linear,0.06,+/-20%,12,10249.722079680752,8682.780095881999,18393161.969813995,,,infeasible
11,linear-6pc-0pc,linear,0.06,+/-20%,13,12299.666495616902,8069.118476422322,18790579.0953108,,,infeasible
11,linear-6pc-0pc,linear,0.06,+/-20%,14,14759.599794740283,8069.50892539,20054920.20755254,,,infeasible
11,linear-6pc-0pc,linear,0.06,+/-20%,15,17711.51975368834,9905.513328142,22619798.159899045,,,infeasible
11,invj-4pc-k1,inverse-j,0.04,NHF,1,22209.6891187155,22209.6891187155,117944682.69309993,117944682.69309993,0.0,optimal
11,invj-4pc-k1,inverse-j,0.04,NHF,2,717.16490427,19395.0367771305,113084935.658004,112422978.14975706,661957.5082469434,suboptimal
11,invj-4pc-k1,inverse-j,0.04,NHF,3,4341.333622595,10443.646881600002,107203179.42649859,106965195.84933078,237983.577167809,suboptimal
11,invj-4pc-k1,inverse-j,0.04,NHF,4,817.76348043,12162.17845487,113323782.91687852,112555998.62530819,767784.2915703356,suboptimal
11,invj-4pc-k1,inverse-j,0.04,NHF,5,37275.96676120316,8312.260744081,112665056.75844437,,,infeasible
11,invj-4pc-k1,inverse-j,0.04,NHF,6,5577.639045494,5809.8733633715,113596837.65697195,113581172.5466385,15665.110333442688,suboptimal
11,invj-4pc-k1,inverse-j,0.04,NHF,7,15938.013209539999,12755.592925940002,117785135.58490025,,,infeasible
11,invj-4pc-k1,inverse-j,0.04,NHF,8,17887.060835343505,12451.384590721002,115567012.44013762,,,infeasible
11,invj-4pc-k1,inverse-j,0.04,NHF,9,6780.271859216666,8013.280572219001,112924120.72371218,112811238.94412972,112881.77958245575,suboptimal
11,invj-4pc-k1,inverse-j,0.04,NHF,10,1305.52736466,18059.741507614002,115587161.30177906,112905197.68564549,2681963.6161335707,suboptimal
11,invj-4pc-k1,inverse-j,0.04,NHF,11,1652.12843499,10312.208195494999,108064201.33975469,106690595.140783,1373606.1989716887,suboptimal
11,invj-4pc-k1,inverse-j,0.04,NHF,12,2165.81831041,7634.294898176,112740984.80342133,111925735.12956187,815249.6738594621,suboptimal
11,invj-4pc-k1,inverse-j,0.04,NHF,13,20675.769819510002,12839.387721051502,115371976.99722752,,,infeasible
11,invj-4pc-k1,inverse-j,0.04,NHF,14,2276.87436106,5212.182616475001,112021140.73275909,111657350.56594487,363790.16681422293,suboptimal
11,invj-4pc-k1,inverse-j,0.04,NHF,15,56757.928211813996,13495.878336731,117477622.98480342,,,infeasible
11,invj-4pc-k1,inverse-j,0.04,NDY,1,11103.060124080417,11103.060124080417,115035105.60779491,115035105.60779491,0.0,optimal
11,invj-4pc-k1,inverse-j,0.04,NDY,2,11103.060124080419,11078.539991643735,117283919.56143828,117283919.56143828,0.0,optimal
11,invj-4pc-k1,inverse-j,0.04,NDY,3,11103.060124080419,10814.344092299507,117668077.64656788,117631357.77738598,36719.86918190122,suboptimal
11,invj-4pc-k1,inverse-j,0.04,NDY,4,11103.060124080417,10477.495329485344,117524792.21053559,117117359.17358364,407433.03695194423,suboptimal
11,invj-4pc-k1,inverse-j,0.04,NDY,5,11103.06012408042,10204.92944279651,117801001.37837876,116826384.1753176,974617.2030611634,suboptimal
11,invj-4pc-k1,inverse-j,0.04,NDY,6,11103.060124080423,10092.184988504257,117637469.84260687,116535220.16903345,1102249.6735734195,suboptimal
11,invj-4pc-k1,inverse-j,0.04,NDY,7,11103.060124080419,10177.735308556683,116965161.66639544,115812868.81157228,1152292.8548231572,suboptimal
11,invj-4pc-k1,inverse-j,0.04,NDY,8,11103.060124080417,10175.634895954601,117085590.60563365,115803841.73741235,1281748.8682212979,suboptimal
11,invj-4pc-k1,inverse-j,0.04,NDY,9,11103.06012408042,10246.113112928124,117329594.22903077,115983182.10215972,1346412.1268710494,suboptimal
11,invj-4pc-k1,inverse-j,0.04,NDY,10,11103.060124080419,10111.740581250271,116578972.33400932,114804299.39007205,1774672.9439372718,suboptimal
11,invj-4pc-k1,inverse-j,0.04,NDY,11,11103.060124080423,9925.989915272066,115464357.63579468,113424472.59940922,2039885.0363854617,suboptimal
11,invj-4pc-k1,inverse-j,0.04,NDY,12,11103.060124080423,10013.66483169517,117096967.20805074,115612482.92700264,1484484.2810481042,suboptimal
11,invj-4pc-k1,inverse-j,0.04,NDY,13,11103.060124080424,10094.32628535312,117452418.72526501,116061600.55856454,1390818.1667004675,suboptimal
11,invj-4pc-k1,inverse-j,0.04,NDY,14,11103.06012408042,10148.591773691136,117837609.05331181,116507812.58416407,1329796.4691477418,suboptimal
11,invj-4pc-k1,inverse-j,0.04,NDY,15,38858.94371851221,10213.745719132778,117252234.80690733,,,infeasible
11,invj-4pc-k1,inverse-j,0.04,-10%,1,12374.524566916602,12374.524566916602,116776704.50193495,116776704.50193495,0.0,optimal
11,invj-4pc-k1,inverse-j,0.04,-10%,2,11137.072110224944,15518.140439303994,118447115.21170707,118367259.24131303,79855.97039404511,suboptimal
11,invj-4pc-k1,inverse-j,0.04,-10%,3,10023.364899202446,14798.67030684077,116050385.86402148,115740762.06912847,309623.79489301145,suboptimal
11,invj-4pc-k1,inverse-j,0.04,-10%,4,9021.028409282204,13420.978199779793,117491076.5305998,117059016.88179249,432059.648807317,suboptimal
11,invj-4pc-k1,inverse-j,0.04,-10%,5,15181.654555244211,12879.82715451438,118432229.30925496,,,infeasible
11,invj-4pc-k1,inverse-j,0.04,-10%,6,13663.48909971979,11561.279962299954,116236758.7566505,,,infeasible
11,invj-4pc-k1,inverse-j,0.04,-10%,7,12297.140189747812,10835.760877032402,114722779.34327912,,,infeasible
11,invj-4pc-k1,inverse-j,0.04,-10%,8,11067.42617077303,9648.82155948079,113428289.72730017,,,infeasible
11,invj-4pc-k1,inverse-j,0.04,-10%,9,9960.683553695726,8683.9394042115,113404993.29539336,,,infeasible
11,invj-4pc-k1,inverse-j,0.04,-10%,10,8964.615198326155,13064.126838710665,114750081.43564934,114080255.66101204,669825.7746372968,suboptimal
11,invj-4pc-k1,inverse-j,0.04,-10%,11,8068.153678493539,12349.568540848917,111568772.01208365,110836531.65132736,732240.3607562929,suboptimal
11,invj-4pc-k1,inverse-j,0.04,-10%,12,7261.338310644185,11186.958321421946,113193626.29046968,112568099.88906907,625526.4014006108,suboptimal
11,invj-4pc-k1,inverse-j,0.04,-10%,13,6535.2044795797665,9928.56570936644,114904198.67107685,114470014.32089339,434184.35018345714,suboptimal
11,invj-4pc-k1,inverse-j,0.04,-10%,14,5881.684031621791,9321.373664819997,114890000.24768884,114489942.63388337,400057.61380547285,suboptimal
11,invj-4pc-k1,inverse-j,0.04,-10%,15,55335.49466954134,11174.122484346653,116709956.56875825,,,infeasible
11,invj-4pc-k1,inverse-j,0.04,-20%,1,11669.356221080528,11669.356221080528,117138835.20918371,117138835.20918371,0.0,optimal
11,invj-4pc-k1,inverse-j,0.04,-20%,2,9335.484976864427,18349.96256493899,119101863.2380861,118891431.1560505,210432.08203560114,suboptimal
11,invj-4pc-k1,inverse-j,0.04,-20%,3,7468.387981491543,16824.408101195397,114656064.337415,114166151.17362781,489913.16378718615,suboptimal
11,invj-4pc-k1,inverse-j,0.04,-20%,4,5974.710385193234,13710.132014861716,115000545.81548981,114310204.91705602,690340.8984337896,suboptimal
11,invj-4pc-k1,inverse-j,0.04,-20%,5,20832.588071616417,11622.860274911518,115660403.89378694,,,infeasible
11,invj-4pc-k1,inverse-j,0.04,-20%,6,16666.070457293128,9298.2882253915,114279813.92339437,,,infeasible
11,invj-4pc-k1,inverse-j,0.04,-20%,7,13332.856365834507,8642.483993355,114177196.60387468,,,infeasible
11,invj-4pc-k1,inverse-j,0.04,-20%,8,10666.285092667604,11349.435117657991,115079396.23339067,115021412.99624258,57983.2371480912,suboptimal
11,invj-4pc-k1,inverse-j,0.04,-20%,9,8533.028074134085,9079.5480916615,113921227.91785076,113880193.66907929,41034.248771473765,suboptimal
11,invj-4pc-k1,inverse-j,0.04,-20%,10,6826.422459307269,15083.650219965928,115345358.27237259,114029968.74394614,1315389.5284264535,suboptimal
11,invj-4pc-k1,inverse-j,0.04,-20%,11,5461.137967445814,12258.576409236666,109837441.20926411,108724797.43119338,1112643.778070733,suboptimal
11,invj-4pc-k1,inverse-j,0.04,-20%,12,4368.910373956653,9806.861122600998,111795330.42119634,110952929.84568882,842400.5755075216,suboptimal
11,invj-4pc-k1,inverse-j,0.04,-20%,13,9214.335099723,9290.333764381501,114303323.71832529,114303323.71832529,0.0,optimal
11,invj-4pc-k1,inverse-j,0.04,-20%,14,10225.265242353466,7488.875197910001,114791352.59521404,,,infeasible
11,invj-4pc-k1,inverse-j,0.04,-20%,15,56079.11403045646,13074.311893645854,118049337.93498597,,,infeasible
11,invj-4pc-k1,inverse-j,0.04,+/-10%,1,14487.435250591407,14487.435250591407,113099022.84568833,113099022.84568833,0.0,optimal
11,invj-4pc-k1,inverse-j,0.04,+/-10%,2,13038.691725532262,14376.757161502475,113453918.42405319,113401791.55640274,52126.867650449276,suboptimal
11,invj-4pc-k1,inverse-j,0.04,+/-10%,3,11734.822552979038,13381.996857563963,112042157.18950373,111922551.5817277,119605.6077760309,suboptimal
11,invj-4pc-k1,inverse-j,0.04,+/-10%,4,10561.340297681132,12760.849770639752,111932276.34443972,111666768.58037046,265507.76406925917,suboptimal
11,invj-4pc-k1,inverse-j,0.04,+/-10%,5,11617.474327449245,12929.584840850768,112351753.21456835,112179439.5464414,172313.66812694073,suboptimal
11,invj-4pc-k1,inverse-j,0.04,+/-10%,6,10455.726894704321,11958.066291135203,111366758.29372261,111114851.32984364,251906.96387897432,suboptimal
11,invj-4pc-k1,inverse-j,0.04,+/-10%,7,10110.925794294002,11607.403055214976,110893367.28610526,110668649.71961612,224717.56648914516,suboptimal
11,invj-4pc-k1,inverse-j,0.04,+/-10%,8,9555.397180028373,10522.481846198836,110252699.93900664,110119752.89008887,132947.0489177704,suboptimal
11,invj-4pc-k1,inverse-j,0.04,+/-10%,9,10510.936898031208,9470.233657167,110041000.6093299,,,infeasible
11,invj-4pc-k1,inverse-j,0.04,+/-10%,10,11562.030587834328,10507.051031064,110550062.16271083,,,infeasible
11,invj-4pc-k1,inverse-j,0.04,+/-10%,11,12718.233646617762,11840.673919588402,109587245.20650588,109465750.95909834,121494.24740754068,suboptimal
11,invj-4pc-k1,inverse-j,0.04,+/-10%,12,13990.05701127954,11632.352189022875,109302966.78684956,,,infeasible
11,invj-4pc-k1,inverse-j,0.04,+/-10%,13,15389.0627124075,11360.55660950257,109862713.45896305,,,infeasible
11,invj-4pc-k1,inverse-j,0.04,+/-10%,14,16927.968983648247,10668.6247131955,109883851.19352621,,,infeasible
11,invj-4pc-k1,inverse-j,0.04,+/-10%,15,18620.765882013075,10844.355438565854,110388196.13512129,,,infeasible
11,invj-4pc-k1,inverse-j,0.04,+/-20%,1,15096.277693139056,15096.277693139056,114279751.91404368,114279751.91404368,0.0,optimal
11,invj-4pc-k1,inverse-j,0.04,+/-20%,2,12077.022154511247,16200.819261870698,114170864.31357059,114037130.61934516,133733.6942254305,suboptimal
11,invj-4pc-k1,inverse-j,0.04,+/-20%,3,9661.617723609,16249.202154189423,111601677.33676763,111058946.11973666,542731.2170309722,suboptimal
11,invj-4pc-k1,inverse-j,0.04,+/-20%,4,10367.410190511173,13807.751965770887,110465667.17565145,110131960.0434569,333707.13219454885,suboptimal
11,invj-4pc-k1,inverse-j,0.04,+/-20%,5,12440.89222861341,11179.528632747704,110767919.78545032,,,infeasible
11,invj-4pc-k1,inverse-j,0.04,+/-20%,6,11024.24583782055,8943.622905715167,110073061.63213535,,,infeasible
11,invj-4pc-k1,inverse-j,0.04,+/-20%,7,13229.095005384659,10023.927482334999,111436398.96826807,,,infeasible
11,invj-4pc-k1,inverse-j,0.04,+/-20%,8,10737.242885786884,10038.239770531389,111775120.43364568,,,infeasible
11,invj-4pc-k1,inverse-j,0.04,+/-20%,9,8589.794308629505,8030.591813506499,111008661.21818182,,,infeasible
11,invj-4pc-k1,inverse-j,0.04,+/-20%,10,9017.805169710664,14036.721309391,114032574.50469309,112746418.3143351,1286156.190357998,suboptimal
11,invj-4pc-k1,inverse-j,0.04,+/-20%,11,10821.366203652793,14471.056364318243,110433348.52908587,109816620.90617037,616727.6229155064,suboptimal
11,invj-4pc-k1,inverse-j,0.04,+/-20%,12,12985.639444383349,11576.845089443997,108343266.24710439,,,infeasible
11,invj-4pc-k1,inverse-j,0.04,+/-20%,13,15582.767333260026,9878.4063434331,109282370.4798014,,,infeasible
11,invj-4pc-k1,inverse-j,0.04,+/-20%,14,18699.32079991202,7902.725076925,109392698.31732555,,,infeasible
11,invj-4pc-k1,inverse-j,0.04,+/-20%,15,22439.18495989444,10588.391818465001,112383619.87181124,,,infeasible
11,invj-4pc-k2,inverse-j,0.04,NHF,1,38765.2009502795,38765.2009502795,87469160.77501757,87469160.77501757,0.0,optimal
11,invj-4pc-k2,inverse-j,0.04,NHF,2,6552.717572379999,8159.157716560999,71356248.55832927,71153816.61180109,202431.94652818143,suboptimal
11,invj-4pc-k2,inverse-j,0.04,NHF,3,1462.47742534,8403.271529223,76271145.56821911,75065104.57460599,1206040.993613124,suboptimal
11,invj-4pc-k2,inverse-j,0.04,NHF,4,0.0,6961.445037165,77538670.96808894,75955648.64924507,1583022.3188438714,suboptimal
11,invj-4pc-k2,inverse-j,0.04,NHF,5,19183.1422603365,7639.5559876610005,80867753.92562483,,,infeasible
11,invj-4pc-k2,inverse-j,0.04,NHF,6,4737.9147837665005,5809.8733633715,82546330.69737838,82321773.74577183,224556.95160655677,suboptimal
11,invj-4pc-k2,inverse-j,0.04,NHF,7,13642.4748047325,14363.241768420003,87973137.84212345,87845067.62855998,128070.21356347203,suboptimal
11,invj-4pc-k2,inverse-j,0.04,NHF,8,19346.5166307,14173.812774169997,86244887.8419688,,,infeasible
11,invj-4pc-k2,inverse-j,0.04,NHF,9,14209.592343376667,18940.985947541,84187617.28424573,82997003.56866479,1190613.7155809402,suboptimal
11,invj-4pc-k2,inverse-j,0.04,NHF,10,4191.614060100001,7257.124019133001,74599718.21341816,73833954.05028988,765764.1631282717,suboptimal
11,invj-4pc-k2,inverse-j,0.04,NHF,11,1652.12843499,8926.076004155,80021620.32862061,78021214.73670885,2000405.591911763,suboptimal
11,invj-4pc-k2,inverse-j,0.04,NHF,12,2701.62216833,6482.175018141,80113721.78967258,79134223.29738316,979498.492289424,suboptimal
11,invj-4pc-k2,inverse-j,0.04,NHF,13,8868.24405405,14506.208473511502,84210832.15567727,82881006.27523552,1329825.880441755,suboptimal
11,invj-4pc-k2,inverse-j,0.04,NHF,14,3152.10746239,4236.0978651,79299703.64518873,79041751.74164121,257951.9035475254,suboptimal
11,invj-4pc-k2,inverse-j,0.04,NHF,15,57234.22634659616,14489.693632020002,86518393.40604767,,,infeasible
11,invj-4pc-k2,inverse-j,0.04,NDY,1,11277.755380232291,11277.755380232291,81571327.92068487,81571327.92068487,0.0,optimal
11,invj-4pc-k2,inverse-j,0.04,NDY,2,11277.755380232291,11198.118879922615,83247933.89615916,83247933.89615916,0.0,optimal
11,invj-4pc-k2,inverse-j,0.04,NDY,3,11277.755380232293,11022.22058921053,83746217.66502313,83713640.00185633,32577.6631668061,suboptimal
11,invj-4pc-k2,inverse-j,0.04,NDY,4,11277.755380232291,10522.280822305482,83656805.44501647,83222822.3197758,433983.12524066865,suboptimal
11,invj-4pc-k2,inverse-j,0.04,NDY,5,11277.755380232291,10484.204964671619,84300003.33950612,83659739.48021008,640263.8592960387,suboptimal
11,invj-4pc-k2,inverse-j,0.04,NDY,6,11277.755380232291,10344.001272836089,83648515.54873572,82754090.7384005,894424.8103352189,suboptimal
11,invj-4pc-k2,inverse-j,0.04,NDY,7,11277.755380232293,10262.610058823513,83493156.43850152,82422510.52698576,1070645.9115157574,suboptimal
11,invj-4pc-k2,inverse-j,0.04,NDY,8,11277.755380232291,10410.297690171206,84221849.62595522,83287562.24545144,934287.3805037886,suboptimal
11,invj-4pc-k2,inverse-j,0.04,NDY,9,11277.755380232291,10504.295167777007,84587598.09778805,83710350.90330707,877247.1944809854,suboptimal
11,invj-4pc-k2,inverse-j,0.04,NDY,10,11277.75538023229,10473.046630239107,84356893.81877364,83290061.67818034,1066832.1405933052,suboptimal
11,invj-4pc-k2,inverse-j,0.04,NDY,11,11277.755380232291,10380.602294182243,83850794.36130314,82756715.85442066,1094078.5068824738,suboptimal
11,invj-4pc-k2,inverse-j,0.04,NDY,12,11277.75538023229,10053.029864295959,82837196.14925985,81395570.06265938,1441626.0866004676,suboptimal
11,invj-4pc-k2,inverse-j,0.04,NDY,13,11277.755380232291,9993.445587472235,82911258.70176125,81094190.98989818,1817067.7118630707,suboptimal
11,invj-4pc-k2,inverse-j,0.04,NDY,14,11277.755380232285,10050.967937885442,82966018.72519042,81305928.82194726,1660089.9032431543,suboptimal
11,invj-4pc-k2,inverse-j,0.04,NDY,15,36207.13161226554,10226.586433194341,83275284.07661122,,,infeasible
11,invj-4pc-k2,inverse-j,0.04,-10%,1,16659.470940500116,16659.470940500116,83852901.05982758,83852901.05982758,0.0,optimal
11,invj-4pc-k2,inverse-j,0.04,-10%,2,14993.523846450113,15300.952078670509,83355115.45995942,83345628.29526317,9487.164696246386,suboptimal
11,invj-4pc-k2,inverse-j,0.04,-10%,3,13494.1714618051,13929.810129237545,81589362.84100239,81560788.26398705,28574.57701534033,suboptimal
11,invj-4pc-k2,inverse-j,0.04,-10%,4,12144.75431562459,12895.684381205805,83144626.53385024,83016192.72518437,128433.80866587162,suboptimal
11,invj-4pc-k2,inverse-j,0.04,-10%,5,10930.278884062134,11706.920252727856,83910625.54406014,83725801.17849912,184824.36556102335,suboptimal
11,invj-4pc-k2,inverse-j,0.04,-10%,6,9837.250995655917,10538.526774140972,82698704.21355946,82566896.88042448,131807.333134979,suboptimal
11,invj-4pc-k2,inverse-j,0.04,-10%,7,8853.525896090327,9484.674097444999,82136999.24917632,82001864.19635428,135135.05282203853,suboptimal
11,invj-4pc-k2,inverse-j,0.04,-10%,8,9492.463878496967,10650.586188430789,82782894.78529176,82484204.01027215,298690.7750196159,suboptimal
11,invj-4pc-k2,inverse-j,0.04,-10%,9,8543.217490647274,9585.527572240499,82157203.52459958,81881225.99314773,275977.53145185113,suboptimal
11,invj-4pc-k2,inverse-j,0.04,-10%,10,7688.895741582543,13158.58030845227,83015391.66527575,81192281.57508865,1823110.0901871026,suboptimal
11,invj-4pc-k2,inverse-j,0.04,-10%,11,6920.006167424288,11827.570639727934,80310257.6784126,78695934.40377024,1614323.2746423632,suboptimal
11,invj-4pc-k2,inverse-j,0.04,-10%,12,6228.00555068186,10795.818013496477,81427372.27714773,80033153.77432476,1394218.5028229654,suboptimal
11,invj-4pc-k2,inverse-j,0.04,-10%,13,5605.204995613673,9745.915227639049,82020612.61829133,80928412.0145111,1092200.6037802398,suboptimal
11,invj-4pc-k2,inverse-j,0.04,-10%,14,5044.684496052308,8771.323708449998,82467073.81186713,81373127.50732915,1093946.3045379817,suboptimal
11,invj-4pc-k2,inverse-j,0.04,-10%,15,60230.1262305459,11704.292257740612,84984741.72825153,,,infeasible
11,invj-4pc-k2,inverse-j,0.04,-20%,1,20777.2607395218,20777.2607395218,84656330.48077436,84656330.48077436,0.0,optimal
11,invj-4pc-k2,inverse-j,0.04,-20%,2,16621.80859161744,16948.68977723496,81716815.41280793,81698803.61101344,18011.801794484258,suboptimal
11,invj-4pc-k2,inverse-j,0.04,-20%,3,13297.446873293951,13955.230225640284,80148533.06765422,80061685.45015024,86847.61750398576,suboptimal
11,invj-4pc-k2,inverse-j,0.04,-20%,4,10637.957498635158,11415.14400826375,81316910.24338058,81173463.78960797,143446.45377260447,suboptimal
11,invj-4pc-k2,inverse-j,0.04,-20%,5,8510.36599890813,9153.401447593991,80883030.43645385,80748039.4491906,134990.98726324737,suboptimal
11,invj-4pc-k2,inverse-j,0.04,-20%,6,6808.292799126504,7322.721159441501,81082191.13579772,80984365.76447776,97825.37131996453,suboptimal
11,invj-4pc-k2,inverse-j,0.04,-20%,7,6189.530108975,8642.483993355,83602915.58317895,83066837.92719953,536077.6559794247,suboptimal
11,invj-4pc-k2,inverse-j,0.04,-20%,8,13952.426222829617,13688.784196262,86110929.8363013,,,infeasible
11,invj-4pc-k2,inverse-j,0.04,-20%,9,11161.940978263698,14334.374954488,83799203.35743158,82875756.23210837,923447.1253232062,suboptimal
11,invj-4pc-k2,inverse-j,0.04,-20%,10,8929.552782610957,13067.859054213748,80489001.80989726,79177680.81099658,1311320.9989006817,suboptimal
11,invj-4pc-k2,inverse-j,0.04,-20%,11,7143.642226088766,10455.984701730333,78447565.9152585,77530284.64715327,917281.2681052238,suboptimal
11,invj-4pc-k2,inverse-j,0.04,-20%,12,5714.913780871014,8364.787762215998,80133310.72975926,79425614.28422664,707696.44553262,suboptimal
11,invj-4pc-k2,inverse-j,0.04,-20%,13,4571.931024696811,8374.259520868081,81766122.46951817,80850281.40642115,915841.063097015,suboptimal
11,invj-4pc-k2,inverse-j,0.04,-20%,14,3995.135743032619,6699.407616039999,82420875.46971782,81659598.3903116,761277.0794062167,suboptimal
11,invj-4pc-k2,inverse-j,0.04,-20%,15,58394.100512400924,15083.302914641978,87581170.50960296,,,infeasible
11,invj-4pc-k2,inverse-j,0.04,+/-10%,1,15768.472490001097,15768.472490001097,81363589.3488309,81363589.3488309,0.0,optimal
11,invj-4pc-k2,inverse-j,0.04,+/-10%,2,14191.625241000984,15031.429406851757,81011005.64702623,80908360.98382898,102644.66319724917,suboptimal
11,invj-4pc-k2,inverse-j,0.04,+/-10%,3,12772.462716900889,13965.172207650816,79837834.8511909,79645021.51163283,192813.33955806494,suboptimal
11,invj-4pc-k2,inverse-j,0.04,+/-10%,4,11495.216445210795,13114.563432318366,79930862.17428395,79561012.94261503,369849.2316689193,suboptimal
11,invj-4pc-k2,inverse-j,0.04,+/-10%,5,10345.69480068972,12059.869229076137,79940616.98354478,79398671.0725488,541945.9109959751,suboptimal
11,invj-4pc-k2,inverse-j,0.04,+/-10%,6,9311.125320620744,10863.625882896496,79119525.90740259,78680613.75190064,438912.1555019468,suboptimal
11,invj-4pc-k2,inverse-j,0.04,+/-10%,7,8639.726300317388,9777.2632928,79118433.35833944,78584077.60683867,534355.7515007704,suboptimal
11,invj-4pc-k2,inverse-j,0.04,+/-10%,8,9503.698930349128,10899.877672729737,80135679.54527307,79724694.61391568,410984.9313573837,suboptimal
11,invj-4pc-k2,inverse-j,0.04,+/-10%,9,10454.06882338404,9809.8899089465,79124194.0967841,,,infeasible
11,invj-4pc-k2,inverse-j,0.04,+/-10%,10,11499.475705722449,12095.473203387,80329088.07314508,80165101.41481814,163986.65832693875,suboptimal
11,invj-4pc-k2,inverse-j,0.04,+/-10%,11,12649.4232762947,12316.898802806809,78872763.84236024,,,infeasible
11,invj-4pc-k2,inverse-j,0.04,+/-10%,12,13914.365603924167,11302.758507237357,78103698.30883586,,,infeasible
11,invj-4pc-k2,inverse-j,0.04,+/-10%,13,15305.802164316583,10234.022613087873,78083690.25956985,,,infeasible
11,invj-4pc-k2,inverse-j,0.04,+/-10%,14,16836.38238074824,9210.62035026,78254128.75078915,,,infeasible
11,invj-4pc-k2,inverse-j,0.04,+/-10%,15,18520.020618823066,11185.50150899375,80438071.2550964,,,infeasible
11,invj-4pc-k2,inverse-j,0.04,+/-20%,1,20860.514282169843,20860.514282169843,82921152.14503999,82921152.14503999,0.0,optimal
11,invj-4pc-k2,inverse-j,0.04,+/-20%,2,16688.411425735885,17123.10426653625,79931164.10637915,79904189.88224028,26974.224138870835,suboptimal
11,invj-4pc-k2,inverse-j,0.04,+/-20%,3,13350.729140588708,13935.563192180973,77669079.3618596,77586886.1293332,82193.23252640665,suboptimal
11,invj-4pc-k2,inverse-j,0.04,+/-20%,4,10680.583312470966,11365.110267944445,78034800.01267008,77917347.5765445,117452.4361255914,suboptimal
11,invj-4pc-k2,inverse-j,0.04,+/-20%,5,8544.466649976777,9087.059905191658,77935352.8663323,77843299.29644075,92053.5698915422,suboptimal
11,invj-4pc-k2,inverse-j,0.04,+/-20%,6,6835.5733199814185,7269.647923744,78273798.03892274,78036111.5106919,237686.52823084593,suboptimal
11,invj-4pc-k2,inverse-j,0.04,+/-20%,7,6137.165605198691,10064.014223294998,81673496.40379176,79105460.9197635,2568035.48402825,suboptimal
11,invj-4pc-k2,inverse-j,0.04,+/-20%,8,7364.59872623843,12468.323560565997,82885121.83018702,80220468.27727735,2664653.5529096723,suboptimal
11,invj-4pc-k2,inverse-j,0.04,+/-20%,9,8837.518471486115,10962.350897567001,81134717.08797343,79976571.4285269,1158145.6594465375,suboptimal
11,invj-4pc-k2,inverse-j,0.04,+/-20%,10,9382.298496054696,14852.982225587804,81501375.35728605,79352663.4952555,2148711.862030551,suboptimal
11,invj-4pc-k2,inverse-j,0.04,+/-20%,11,11258.758195265642,11879.993199014914,77765364.59227858,77637706.9900985,127657.60218007863,suboptimal
11,invj-4pc-k2,inverse-j,0.04,+/-20%,12,13510.509834318756,9503.994560095998,77621127.85736576,,,infeasible
11,invj-4pc-k2,inverse-j,0.04,+/-20%,13,16212.611801182522,8995.6868619528,78223197.62041493,,,infeasible
11,invj-4pc-k2,inverse-j,0.04,+/-20%,14,19455.134161419017,7196.549491029999,78501358.17457631,,,infeasible
11,invj-4pc-k2,inverse-j,0.04,+/-20%,15,23346.160993702826,12669.371650386964,83268393.94881718,,,infeasible
12,linear-4pc-0pc,linear,0.04,NHF,1,39487.18968355732,39487.18968355732,45061241.439745754,45061241.439745754,0.0,optimal
12,linear-4pc-0pc,linear,0.04,NHF,2,7899.7456435215,7899.7456435215,27864505.830141395,27864505.830141395,0.0,optimal
12,linear-4pc-0pc,linear,0.04,NHF,3,6447.9412293820005,6447.9412293820005,30274379.029742025,30274379.029742025,0.0,optimal
12,linear-4pc-0pc,linear,0.04,NHF,4,6988.484654837501,6988.484654837501,33206879.625091862,33206879.625091862,0.0,optimal
12,linear-4pc-0pc,linear,0.04,NHF,5,7704.787616821001,7704.787616821001,36476386.63654467,36476386.63654467,0.0,optimal
12,linear-4pc-0pc,linear,0.04,NHF,6,6812.9196547505,6812.9196547505,39136556.87875641,39136556.87875641,0.0,optimal
12,linear-4pc-0pc,linear,0.04,NHF,7,14449.768445667502,14449.768445667502,44015484.20890488,44015484.20890488,0.0,optimal
12,linear-4pc-0pc,linear,0.04,NHF,8,12053.862394391997,12700.706948212,42676222.64617864,42584102.93702994,92119.70914869756,suboptimal
12,linear-4pc-0pc,linear,0.04,NHF,9,13751.8820214675,18751.138672726498,41700857.350822486,40494519.83323181,1206337.5175906792,suboptimal
12,linear-4pc-0pc,linear,0.04,NHF,10,4197.668835394999,7981.684347721999,32473046.12552832,31567300.56526783,905745.5602604896,suboptimal
12,linear-4pc-0pc,linear,0.04,NHF,11,889.4057352399999,6450.0040852975,34589453.96962196,33203602.218010843,1385851.7516111135,suboptimal
12,linear-4pc-0pc,linear,0.04,NHF,12,3086.4614792400002,7986.514845266001,37911676.75397437,36686422.86154385,1225253.8924305215,suboptimal
12,linear-4pc-0pc,linear,0.04,NHF,13,4259.106039675,15875.1031979355,40715713.289077036,37959474.094974145,2756239.194102891,suboptimal
12,linear-4pc-0pc,linear,0.04,NHF,14,0.0,5206.0491660475,35493536.36641554,34040003.33240313,1453533.034012407,suboptimal
12,linear-4pc-0pc,linear,0.04,NHF,15,63495.92105723786,13043.660988932003,41238824.45977092,,,infeasible
12,linear-4pc-0pc,linear,0.04,NDY,1,12088.975554628403,12088.975554628403,35982225.87153243,35982225.87153243,0.0,optimal
12,linear-4pc-0pc,linear,0.04,NDY,2,12088.9755546284,11944.87962667963,37284829.988249704,37278365.36926226,6464.618987441063,suboptimal
12,linear-4pc-0pc,linear,0.04,NDY,3,12088.975554628405,11816.289331402004,38946246.21303177,,,infeasible
12,linear-4pc-0pc,linear,0.04,NDY,4,12088.975554628398,11702.237911990429,40251914.6135161,,,infeasible
12,linear-4pc-0pc,linear,0.04,NDY,5,12088.975554628401,11598.753724881939,41176080.20114978,,,infeasible
12,linear-4pc-0pc,linear,0.04,NDY,6,12088.975554628403,11486.109138304622,40526862.38701332,,,infeasible
12,linear-4pc-0pc,linear,0.04,NDY,7,12088.975554628407,11423.393628364558,40052619.761955015,,,infeasible
12,linear-4pc-0pc,linear,0.04,NDY,8,12088.975554628401,11367.753915431302,40042815.04382832,,,infeasible
12,linear-4pc-0pc,linear,0.04,NDY,9,12088.975554628403,11303.780332391063,39534299.14184767,,,infeasible
12,linear-4pc-0pc,linear,0.04,NDY,10,12088.975554628403,11200.44366147457,39530366.69807336,,,infeasible
12,linear-4pc-0pc,linear,0.04,NDY,11,12088.975554628401,11153.234597116185,39378439.87134442,,,infeasible
12,linear-4pc-0pc,linear,0.04,NDY,12,12088.975554628401,11110.913221185574,39216335.86128962,,,infeasible
12,linear-4pc-0pc,linear,0.04,NDY,13,12088.9755546284,11024.873017802427,39235515.941061586,,,infeasible
12,linear-4pc-0pc,linear,0.04,NDY,14,12088.975554628401,11001.240808382792,38943254.32840545,,,infeasible
12,linear-4pc-0pc,linear,0.04,NDY,15,13168.991741797963,10980.63729779863,38905697.5437717,,,infeasible
12,linear-4pc-0pc,linear,0.04,-10%,1,17368.15116024417,17368.15116024417,40416637.514694214,40416637.514694214,0.0,optimal
12,linear-4pc-0pc,linear,0.04,-10%,2,15631.336044219754,15634.207643332431,39924204.13922092,39924204.13922092,0.0,optimal
12,linear-4pc-0pc,linear,0.04,-10%,3,14068.202439797788,14053.324605877575,39608588.11725004,39608588.11725004,0.0,optimal
12,linear-4pc-0pc,linear,0.04,-10%,4,12661.382195818,12626.725701953432,39233356.71800827,39233356.71800827,0.0,optimal
12,linear-4pc-0pc,linear,0.04,-10%,5,11395.243976236205,11346.683958109255,38672431.145884834,38672431.145884834,0.0,optimal
12,linear-4pc-0pc,linear,0.04,-10%,6,10255.719578612583,10212.015561463,37427636.08936858,37427636.08936858,0.0,optimal
12,linear-4pc-0pc,linear,0.04,-10%,7,9230.147620751328,9230.1476171125,37477286.817761,37477286.817761,0.0,optimal
12,linear-4pc-0pc,linear,0.04,-10%,8,9875.770345240251,10718.4510133305,39173444.433039874,39037223.750811696,136220.6822281778,suboptimal
12,linear-4pc-0pc,linear,0.04,-10%,9,8888.193310716226,11040.679888613,39188414.318319984,38458019.67188644,730394.6464335471,suboptimal
12,linear-4pc-0pc,linear,0.04,-10%,10,7999.373979644603,12456.282991781825,39597943.35921993,38113369.23334327,1484574.1258766577,suboptimal
12,linear-4pc-0pc,linear,0.04,-10%,11,7199.436581680143,11210.654694105862,38031636.130844876,36978652.78564218,1052983.3452026993,suboptimal
12,linear-4pc-0pc,linear,0.04,-10%,12,6479.492923512131,10089.589229051,37574808.63618553,36695388.82129923,879419.8148862943,suboptimal
12,linear-4pc-0pc,linear,0.04,-10%,13,5831.543631160918,10382.845160802986,37734358.20733186,36443422.27189564,1290935.935436219,suboptimal
12,linear-4pc-0pc,linear,0.04,-10%,14,5248.389268044826,9344.560641145,37611219.302256584,36563934.71585262,1047284.586403966,suboptimal
12,linear-4pc-0pc,linear,0.04,-10%,15,49542.031023891126,11069.24144031214,39350209.13356115,,,infeasible
12,linear-4pc-0pc,linear,0.04,-20%,1,21540.580213288755,21540.580213288755,42051568.7832572,42051568.7832572,0.0,optimal
12,linear-4pc-0pc,linear,0.04,-20%,2,17232.464170631007,17205.137227813357,38821212.131954014,38821212.131954014,0.0,optimal
12,linear-4pc-0pc,linear,0.04,-20%,3,13785.971336504812,13768.179621276966,36937416.48293993,36937416.48293993,0.0,optimal
12,linear-4pc-0pc,linear,0.04,-20%,4,11028.777069203843,11019.784355776754,35749418.84648243,35749418.84648243,0.0,optimal
12,linear-4pc-0pc,linear,0.04,-20%,5,8823.02165536308,8815.827482419134,35000797.14919581,35000797.14919581,0.0,optimal
12,linear-4pc-0pc,linear,0.04,-20%,6,7058.417324290462,7052.6619879605005,35978531.990386344,35978531.990386344,0.0,optimal
12,linear-4pc-0pc,linear,0.04,-20%,7,7219.665570024712,7219.6655696325,39023680.27664225,39023680.27664225,0.0,optimal
12,linear-4pc-0pc,linear,0.04,-20%,8,13309.143350066044,14942.414215228002,44001276.77250986,43582370.77215688,418906.0003529787,suboptimal
12,linear-4pc-0pc,linear,0.04,-20%,9,10647.314680052838,14825.755055057281,41169011.65770393,39825036.1405504,1343975.5171535313,suboptimal
12,linear-4pc-0pc,linear,0.04,-20%,10,8517.851744042271,11858.879859830644,37437175.11038271,36637006.34549485,800168.7648878619,suboptimal
12,linear-4pc-0pc,linear,0.04,-20%,11,6814.281395233815,9487.103885674002,36156021.93362764,35701348.64024545,454673.29338219017,suboptimal
12,linear-4pc-0pc,linear,0.04,-20%,12,5451.425116187054,8894.618798145999,36579567.992284104,35716093.414684944,863474.5775991604,suboptimal
12,linear-4pc-0pc,linear,0.04,-20%,13,4361.140092949643,9483.3095170955,37444829.41429263,36214285.703800075,1230543.7104925588,suboptimal
12,linear-4pc-0pc,linear,0.04,-20%,14,3488.9120743597136,9794.3211812725,38681156.59224433,36829756.12486202,1851400.4673823044,suboptimal
12,linear-4pc-0pc,linear,0.04,-20%,15,52292.95546878306,11871.001682884042,40214555.98047447,,,infeasible
12,linear-4pc-0pc,linear,0.04,+/-10%,1,17406.425581397227,17406.425581397227,40093317.20593653,40093317.20593653,0.0,optimal
12,linear-4pc-0pc,linear,0.04,+/-10%,2,15665.783023257502,15665.032909619415,39681130.6262,39681130.6262,0.0,optimal
12,linear-4pc-0pc,linear,0.04,+/-10%,3,14099.20472093176,14080.590972299104,39198711.319809236,39198711.319809236,0.0,optimal
12,linear-4pc-0pc,linear,0.04,+/-10%,4,12689.284248838574,12651.271823463792,38921101.16290742,38921101.16290742,0.0,optimal
12,linear-4pc-0pc,linear,0.04,+/-10%,5,11420.35582395472,11329.61852995739,38206430.9665578,38206430.9665578,0.0,optimal
12,linear-4pc-0pc,linear,0.04,+/-10%,6,10278.320241559246,10196.656675306323,37182585.86671964,37182585.86671964,0.0,optimal
12,linear-4pc-0pc,linear,0.04,+/-10%,7,9250.488217403323,9385.354293170001,37305589.24214461,37255699.97885882,49889.26328578591,suboptimal
12,linear-4pc-0pc,linear,0.04,+/-10%,8,9762.983523449044,10323.8897235555,38795130.549507506,38358059.080719545,437071.4687879607,suboptimal
12,linear-4pc-0pc,linear,0.04,+/-10%,9,10510.614574487572,11631.609858922999,39311192.753701605,38788812.08109324,522380.6726083681,suboptimal
12,linear-4pc-0pc,linear,0.04,+/-10%,10,9459.553117038815,12391.280117646107,39129282.7508766,37700908.23570819,1428374.515168406,suboptimal
12,linear-4pc-0pc,linear,0.04,+/-10%,11,10405.508428742698,11152.152106172674,37687144.033480905,37565407.92985787,121736.10362303257,suboptimal
12,linear-4pc-0pc,linear,0.04,+/-10%,12,11446.059271616965,10036.936893969,36829822.61086588,,,infeasible
12,linear-4pc-0pc,linear,0.04,+/-10%,13,12590.665198778663,10252.273646964752,36985284.80395241,,,infeasible
12,linear-4pc-0pc,linear,0.04,+/-10%,14,13849.731718656527,9227.046285677,37031558.9850802,,,infeasible
12,linear-4pc-0pc,linear,0.04,+/-10%,15,15234.704890522189,9769.230416966611,38626698.33003568,,,infeasible
12,linear-4pc-0pc,linear,0.04,+/-20%,1,21552.455354084886,21552.455354084886,41723980.534753986,41723980.534753986,0.0,optimal
12,linear-4pc-0pc,linear,0.04,+/-20%,2,17241.964283267913,17225.36036007997,38537973.75206331,38537973.75206331,0.0,optimal
12,linear-4pc-0pc,linear,0.04,+/-20%,3,13793.571426614337,13770.716765931393,36362735.66200081,36362735.66200081,0.0,optimal
12,linear-4pc-0pc,linear,0.04,+/-20%,4,11034.857141291464,11016.573415440555,35034084.04349958,35034084.04349958,0.0,optimal
12,linear-4pc-0pc,linear,0.04,+/-20%,5,8827.885713033174,8519.498637654107,34340975.23242032,34328589.690587215,12385.541833102703,suboptimal
12,linear-4pc-0pc,linear,0.04,+/-20%,6,7062.308570426538,7242.972977321266,35398986.560377605,35220866.59553347,178119.96484413743,suboptimal
12,linear-4pc-0pc,linear,0.04,+/-20%,7,8474.770284511846,8691.567576125,38118029.91298825,37944857.88132011,173172.03166814148,suboptimal
12,linear-4pc-0pc,linear,0.04,+/-20%,8,10169.724341414216,12175.831561802997,41922066.01248989,40589525.89691611,1332540.1155737862,suboptimal
12,linear-4pc-0pc,linear,0.04,+/-20%,9,12203.669209697058,15439.361052838616,41866002.72466748,40840557.804642655,1025444.9200248271,suboptimal
12,linear-4pc-0pc,linear,0.04,+/-20%,10,9762.935367757646,12351.568767047833,37877492.554000966,37256808.53993512,620684.0140658468,suboptimal
12,linear-4pc-0pc,linear,0.04,+/-20%,11,8764.369713940312,9881.255013596001,36146054.49020813,36002493.33379482,143561.15641330928,suboptimal
12,linear-4pc-0pc,linear,0.04,+/-20%,12,10517.243656728375,8846.383153606,36135055.22842644,,,infeasible
12,linear-4pc-0pc,linear,0.04,+/-20%,13,12620.692388074049,10717.74431927314,37189419.041655384,,,infeasible
12,linear-4pc-0pc,linear,0.04,+/-20%,14,15144.830865688858,8574.1954567775,36940319.86870969,,,infeasible
12,linear-4pc-0pc,linear,0.04,+/-20%,15,18173.797038826633,10192.449331668002,39149712.94970026,,,infeasible
12,linear-6pc-0pc,linear,0.06,NHF,1,39487.18968355732,39487.18968355732,28566305.20402555,28566305.20402555,0.0,optimal
12,linear-6pc-0pc,linear,0.06,NHF,2,7899.7456435215,7899.7456435215,13991236.107863845,13991236.107863845,0.0,optimal
12,linear-6pc-0pc,linear,0.06,NHF,3,6447.9412293820005,6447.9412293820005,15004714.903591054,15004714.903591054,0.0,optimal
12,linear-6pc-0pc,linear,0.06,NHF,4,6988.484654837501,6988.484654837501,16988505.27665326,16988505.27665326,0.0,optimal
12,linear-6pc-0pc,linear,0.06,NHF,5,7704.787616821001,7704.787616821001,19307119.38289164,19307119.38289164,0.0,optimal
12,linear-6pc-0pc,linear,0.06,NHF,6,6812.9196547505,6812.9196547505,21333653.178230293,21333653.178230293,0.0,optimal
12,linear-6pc-0pc,linear,0.06,NHF,7,14449.768445667502,14449.768445667502,25863697.143416256,25863697.143416256,0.0,optimal
12,linear-6pc-0pc,linear,0.06,NHF,8,12700.706948211997,12700.706948212,25143166.44901394,25143166.44901394,0.0,optimal
12,linear-6pc-0pc,linear,0.06,NHF,9,18751.138672726498,18751.138672726498,25083038.38655769,25083038.38655769,0.0,optimal
12,linear-6pc-0pc,linear,0.06,NHF,10,5643.1676331,7981.684347721999,17255697.75685419,16665894.947023515,589802.8098306768,suboptimal
12,linear-6pc-0pc,linear,0.06,NHF,11,2084.748341045,6450.0040852975,18019800.82803321,16846595.751644515,1173205.0763886943,suboptimal
12,linear-6pc-0pc,linear,0.06,NHF,12,3289.1658709400003,7986.514845266001,20672067.6914047,19351968.985033493,1320098.7063712068,suboptimal
12,linear-6pc-0pc,linear,0.06,NHF,13,2811.1696108500005,15875.1031979355,23344862.58046682,19779935.050124478,3564927.530342344,suboptimal
12,linear-6pc-0pc,linear,0.06,NHF,14,0.0,5206.0491660475,18716381.354802743,17122660.48193782,1593720.8728649244,suboptimal
12,linear-6pc-0pc,linear,0.06,NHF,15,51016.94919314869,13043.660988932003,23577065.753978763,,,infeasible
12,linear-6pc-0pc,linear,0.06,NDY,1,11996.072374245201,11996.072374245201,19260573.522797305,19260573.522797305,0.0,optimal
12,linear-6pc-0pc,linear,0.06,NDY,2,11996.072374245197,11777.70556292407,19898131.501960896,19865984.76649733,32146.735463567078,suboptimal
12,linear-6pc-0pc,linear,0.06,NDY,3,11996.072374245206,11647.403499549782,21003695.737571057,,,infeasible
12,linear-6pc-0pc,linear,0.06,NDY,4,11996.0723742452,11551.597618123757,21919729.1663695,,,infeasible
12,linear-6pc-0pc,linear,0.06,NDY,5,11996.072374245203,11482.416879560573,22556822.576015968,,,infeasible
12,linear-6pc-0pc,linear,0.06,NDY,6,11996.072374245205,11444.077988452676,22522182.65998414,,,infeasible
12,linear-6pc-0pc,linear,0.06,NDY,7,11996.072374245206,11383.360423006045,22456301.727901246,,,infeasible
12,linear-6pc-0pc,linear,0.06,NDY,8,11996.072374245201,11298.813823197137,22698467.305243436,,,infeasible
12,linear-6pc-0pc,linear,0.06,NDY,9,11996.072374245205,11179.354387363617,22277893.65475176,,,infeasible
12,linear-6pc-0pc,linear,0.06,NDY,10,11996.072374245205,11105.446175502955,22076135.626298785,,,infeasible
12,linear-6pc-0pc,linear,0.06,NDY,11,11996.072374245205,11034.471555629341,21959360.661590673,,,infeasible
12,linear-6pc-0pc,linear,0.06,NDY,12,11996.072374245203,11001.985793348194,21865741.595234003,,,infeasible
12,linear-6pc-0pc,linear,0.06,NDY,13,11996.072374245197,10970.7580037743,21701125.546802856,,,infeasible
12,linear-6pc-0pc,linear,0.06,NDY,14,11996.0723742452,10977.716131392493,21740771.746398717,,,infeasible
12,linear-6pc-0pc,linear,0.06,NDY,15,11996.072374245206,10961.325382012657,22056092.34992984,,,infeasible
12,linear-6pc-0pc,linear,0.06,-10%,1,17359.24532002475,17359.24532002475,22892539.957573667,22892539.95757367,-3.725290298461914e-09,optimal
12,linear-6pc-0pc,linear,0.06,-10%,2,15623.32078802228,15575.267415247457,22425885.15978074,22425885.15978074,0.0,optimal
12,linear-6pc-0pc,linear,0.06,-10%,3,14060.988709220059,13981.005737742098,22064374.52149989,22064374.52149989,0.0,optimal
12,linear-6pc-0pc,linear,0.06,-10%,4,12654.889838298046,12580.482632641664,21844497.176526036,21844497.176526036,0.0,optimal
12,linear-6pc-0pc,linear,0.06,-10%,5,11389.40085446824,11310.37838550052,21242975.794234905,21242975.794234905,0.0,optimal
12,linear-6pc-0pc,linear,0.06,-10%,6,10250.460769021416,10179.3405448875,20412098.850925487,20412098.850925487,0.0,optimal
12,linear-6pc-0pc,linear,0.06,-10%,7,9225.414692119273,9225.4146927575,20316475.14676078,20316475.146760777,3.725290298461914e-09,optimal
12,linear-6pc-0pc,linear,0.06,-10%,8,9810.361593835272,9295.047829989999,21587001.788842853,,,infeasible
12,linear-6pc-0pc,linear,0.06,-10%,9,10099.377094557069,11599.287965600497,23020130.13367604,22506433.46922625,513696.66444979236,suboptimal
12,linear-6pc-0pc,linear,0.06,-10%,10,9089.439385101363,13075.350902420992,23254642.20464782,21630373.316565488,1624268.888082333,suboptimal
12,linear-6pc-0pc,linear,0.06,-10%,11,8180.495446591224,11767.815809616797,21682465.825338192,20471673.205224562,1210792.6201136298,suboptimal
12,linear-6pc-0pc,linear,0.06,-10%,12,7362.445901932105,10591.034230255998,20497384.696148735,19589836.818515293,907547.8776334412,suboptimal
12,linear-6pc-0pc,linear,0.06,-10%,13,6626.201311738893,9572.004343305953,19845153.62645404,19025981.868387002,819171.7580670379,suboptimal
12,linear-6pc-0pc,linear,0.06,-10%,14,5963.581180565005,8614.803911123001,20200563.2108427,19371165.19945572,829398.0113869794,suboptimal
12,linear-6pc-0pc,linear,0.06,-10%,15,39647.81301656644,10828.72516960013,21882520.18049524,,,infeasible
12,linear-6pc-0pc,linear,0.06,-20%,1,21516.17271366615,21516.17271366615,24747259.52185147,24747259.52185147,0.0,optimal
12,linear-6pc-0pc,linear,0.06,-20%,2,17212.938170932925,17171.02600321808,22026120.19143943,22026120.19143943,0.0,optimal
12,linear-6pc-0pc,linear,0.06,-20%,3,13770.350536746346,13734.130179909771,20282579.566077095,20282579.566077095,0.0,optimal
12,linear-6pc-0pc,linear,0.06,-20%,4,11016.280429397071,10987.12365888351,19021575.90973688,19021575.90973688,0.0,optimal
12,linear-6pc-0pc,linear,0.06,-20%,5,8813.024343517662,8789.698926981453,18418440.95086301,18418440.95086301,0.0,optimal
12,linear-6pc-0pc,linear,0.06,-20%,6,7050.419474814127,7031.7591415305,18677424.23545087,18677424.23545087,0.0,optimal
12,linear-6pc-0pc,linear,0.06,-20%,7,6300.048497952501,6300.048497952499,20929605.40930509,20929605.40930509,0.0,optimal
12,linear-6pc-0pc,linear,0.06,-20%,8,14934.666450694995,13750.9157225705,26105971.596875183,,,infeasible
12,linear-6pc-0pc,linear,0.06,-20%,9,11947.733160555996,16132.149008294895,25605719.93054417,24013781.58089875,1591938.349645421,suboptimal
12,linear-6pc-0pc,linear,0.06,-20%,10,9558.186528444796,12900.150250175479,21952237.198837597,20891709.9484707,1060527.2503668964,suboptimal
12,linear-6pc-0pc,linear,0.06,-20%,11,7646.549222755837,10320.120203114871,19524301.370706167,18904229.145826537,620072.2248796299,suboptimal
12,linear-6pc-0pc,linear,0.06,-20%,12,6117.239378204671,8256.096163561,18850623.127156436,18334205.594001245,516417.5331551917,suboptimal
12,linear-6pc-0pc,linear,0.06,-20%,13,4893.791502563737,8379.9745195355,19769119.319586754,18752851.936947886,1016267.382638868,suboptimal
12,linear-6pc-0pc,linear,0.06,-20%,14,3915.033202050989,10443.1856358975,21395313.587682,19217101.34916923,2178212.238512773,suboptimal
12,linear-6pc-0pc,linear,0.06,-20%,15,42496.06905345421,10366.11797415688,21909460.504524205,,,infeasible
12,linear-6pc-0pc,linear,0.06,+/-10%,1,17362.869837533253,17362.869837533253,22847518.24340929,22847518.24340929,0.0,optimal
12,linear-6pc-0pc,linear,0.06,+/-10%,2,15626.582853779926,15586.843036789025,22403662.463366542,22403662.463366542,0.0,optimal
12,linear-6pc-0pc,linear,0.06,+/-10%,3,14063.92456840194,13995.882367298353,22114088.50930183,22114088.509301834,-3.725290298461914e-09,optimal
12,linear-6pc-0pc,linear,0.06,+/-10%,4,12657.532111561739,12584.437443857054,21738635.757298082,21738635.757298082,0.0,optimal
12,linear-6pc-0pc,linear,0.06,+/-10%,5,11391.778900405567,11325.993699981156,21231779.416714545,21231779.41671454,3.725290298461914e-09,optimal
12,linear-6pc-0pc,linear,0.06,+/-10%,6,10252.60101036501,10193.39433254,20307288.047549035,20307288.047549035,0.0,optimal
12,linear-6pc-0pc,linear,0.06,+/-10%,7,9227.34090932851,9182.69842160263,20207347.22418511,20207347.22418511,0.0,optimal
12,linear-6pc-0pc,linear,0.06,+/-10%,8,9804.616757833852,9844.078446719997,21485768.45856063,21485768.45856063,0.0,optimal
12,linear-6pc-0pc,linear,0.06,+/-10%,9,10785.078433617242,10828.486287302498,22204427.318954773,22204427.318954773,0.0,optimal
12,linear-6pc-0pc,linear,0.06,+/-10%,10,10887.976949924236,12916.115878254182,23136946.905942686,22346570.079208646,790376.8267340399,suboptimal
12,linear-6pc-0pc,linear,0.06,+/-10%,11,9799.17925493181,11624.504289659746,21725729.33117862,21091881.32759624,633848.0035823807,suboptimal
12,linear-6pc-0pc,linear,0.06,+/-10%,12,10779.097180424991,10462.053863857998,20701734.44710122,,,infeasible
12,linear-6pc-0pc,linear,0.06,+/-10%,13,11857.006898467493,10319.003304792757,20413251.856949914,,,infeasible
12,linear-6pc-0pc,linear,0.06,+/-10%,14,13042.707588314244,9287.102978558,20229718.03796324,,,infeasible
12,linear-6pc-0pc,linear,0.06,+/-10%,15,14346.978347145676,9782.329577275003,21255839.55225547,,,infeasible
12,linear-6pc-0pc,linear,0.06,+/-20%,1,21464.607501953535,21464.607501953535,24631283.29807623,24631283.29807623,0.0,optimal
12,linear-6pc-0pc,linear,0.06,+/-20%,2,17171.686001562834,17139.15624084121,22041136.610639393,22041136.610639393,0.0,optimal
12,linear-6pc-0pc,linear,0.06,+/-20%,3,13737.34880125027,13704.806089722439,20107256.71253463,20107256.71253463,0.0,optimal
12,linear-6pc-0pc,linear,0.06,+/-20%,4,10989.879041000211,10960.894132853164,18892915.863422815,18892915.863422815,0.0,optimal
12,linear-6pc-0pc,linear,0.06,+/-20%,5,8791.903232800172,8768.715307849332,18265553.02093176,18265553.02093176,0.0,optimal
12,linear-6pc-0pc,linear,0.06,+/-20%,6,7033.522586240137,7033.522591725499,18452358.21290991,18452358.21290991,0.0,optimal
12,linear-6pc-0pc,linear,0.06,+/-20%,7,8440.227103488163,8440.2271050525,20603326.962462734,20603326.962462734,0.0,optimal
12,linear-6pc-0pc,linear,0.06,+/-20%,8,10128.272524185797,11463.050927175,24038902.95057362,23080037.13563972,958865.8149338998,suboptimal
12,linear-6pc-0pc,linear,0.06,+/-20%,9,12153.927029022956,16117.058834840267,25599024.442375768,24148586.939037737,1450437.5033380315,suboptimal
12,linear-6pc-0pc,linear,0.06,+/-20%,10,10694.763469009313,12889.525829162152,21892061.5318189,21210759.416844875,681302.1149740256,suboptimal
12,linear-6pc-0pc,linear,0.06,+/-20%,11,8555.81077520745,10311.620662400488,19572999.089396004,19228825.256957617,344173.832438387,suboptimal
12,linear-6pc-0pc,linear,0.06,+/-20%,12,10266.97293024894,8249.296527661001,18958317.002859667,,,infeasible
12,linear-6pc-0pc,linear,0.06,+/-20%,13,12320.367516298727,10068.248437935501,20059721.663602374,,,infeasible
12,linear-6pc-0pc,linear,0.06,+/-20%,14,14784.441019558475,8813.2283928775,19952913.60754738,,,infeasible
12,linear-6pc-0pc,linear,0.06,+/-20%,15,17741.329223470173,9214.315199695,21338563.4164496,,,infeasible
12,invj-4pc-k1,inverse-j,0.04,NHF,1,23711.413748724834,23711.413748724834,116797522.10288483,116797522.10288483,0.0,optimal
12,invj-4pc-k1,inverse-j,0.04,NHF,2,1106.59360581,18616.9558635425,110178417.36974874,109637990.54185356,540426.8278951794,suboptimal
12,invj-4pc-k1,inverse-j,0.04,NHF,3,4860.6779939325,8263.924908052502,105754685.36298268,105669163.29205269,85522.07092998922,suboptimal
12,invj-4pc-k1,inverse-j,0.04,NHF,4,1054.1221269075,11647.479520739997,112779665.63110031,112131400.0135378,648265.6175625175,suboptimal
12,invj-4pc-k1,inverse-j,0.04,NHF,5,31818.722824253,8402.028272816002,110987284.37859368,,,infeasible
12,invj-4pc-k1,inverse-j,0.04,NHF,6,7600.167770660499,6812.9196547505,112079756.68290035,,,infeasible
12,invj-4pc-k1,inverse-j,0.04,NHF,7,15824.4372845925,13285.0942013075,114888732.50566623,,,infeasible
12,invj-4pc-k1,inverse-j,0.04,NHF,8,17549.985231697003,11268.971073676998,112540527.721675,,,infeasible
12,invj-4pc-k1,inverse-j,0.04,NHF,9,6474.524376866666,8589.1708923625,111384799.26578078,111108936.99650824,275862.26927253604,suboptimal
12,invj-4pc-k1,inverse-j,0.04,NHF,10,1765.3112361499998,17313.048273841,113524326.26213606,111012162.03249611,2512164.2296399474,suboptimal
12,invj-4pc-k1,inverse-j,0.04,NHF,11,985.6382772999999,6590.270220342499,107636711.2310078,106578223.55037446,1058487.6806333363,suboptimal
12,invj-4pc-k1,inverse-j,0.04,NHF,12,2633.73236393,9972.501949601,115209431.21620043,114090675.34987223,1118755.8663281947,suboptimal
12,invj-4pc-k1,inverse-j,0.04,NHF,13,17948.34373476,15187.507065175501,114754628.5054397,,,infeasible
12,invj-4pc-k1,inverse-j,0.04,NHF,14,5206.177279055,6029.7317882074985,110049999.73125552,109981510.21076143,68489.52049408853,suboptimal
12,invj-4pc-k1,inverse-j,0.04,NHF,15,56110.69118188231,12214.226126897003,114227050.12361312,,,infeasible
12,invj-4pc-k1,inverse-j,0.04,NDY,1,10985.366026482327,10985.366026482327,113712144.01366423,113712144.01366425,-1.4901161193847656e-08,optimal
12,invj-4pc-k1,inverse-j,0.04,NDY,2,10985.366026482327,10875.121730032335,115811750.00882679,115811737.56242615,12.44640064239502,optimal
12,invj-4pc-k1,inverse-j,0.04,NDY,3,10985.366026482325,10694.551508665181,116531136.41058706,116464140.05587316,66996.35471390188,suboptimal
12,invj-4pc-k1,inverse-j,0.04,NDY,4,10985.366026482328,10463.782291732854,116607333.26284577,116136432.46583396,470900.79701180756,suboptimal
12,invj-4pc-k1,inverse-j,0.04,NDY,5,10985.366026482328,10150.744069205768,116873084.37837212,115991471.09765896,881613.2807131559,suboptimal
12,invj-4pc-k1,inverse-j,0.04,NDY,6,10985.36602648233,10088.438666537237,116676730.30021264,115494633.99819265,1182096.3020199835,suboptimal
12,invj-4pc-k1,inverse-j,0.04,NDY,7,10985.36602648233,10109.39959719744,115394588.30661687,113915816.37436171,1478771.9322551638,suboptimal
12,invj-4pc-k1,inverse-j,0.04,NDY,8,10985.36602648233,10053.448198182527,115641149.35466756,114282047.9038027,1359101.4508648664,suboptimal
12,invj-4pc-k1,inverse-j,0.04,NDY,9,10985.36602648233,9974.126582474408,115435463.9634678,113995113.98324905,1440349.9802187532,suboptimal
12,invj-4pc-k1,inverse-j,0.04,NDY,10,10985.366026482332,10084.501494886768,115221456.47886895,113294309.04514301,1927147.4337259382,suboptimal
12,invj-4pc-k1,inverse-j,0.04,NDY,11,10985.366026482332,10066.751758517334,116181291.96652026,114602677.25723667,1578614.7092835903,suboptimal
12,invj-4pc-k1,inverse-j,0.04,NDY,12,10985.366026482334,9992.17491766132,116708680.23895906,115471353.07514505,1237327.1638140082,suboptimal
12,invj-4pc-k1,inverse-j,0.04,NDY,13,10985.366026482334,10063.83114398872,117158665.95793214,116193676.13943124,964989.8185009062,suboptimal
12,invj-4pc-k1,inverse-j,0.04,NDY,14,10985.366026482334,10136.747656893802,116278105.08401585,114740484.02316816,1537621.0608476847,suboptimal
12,invj-4pc-k1,inverse-j,0.04,NDY,15,38313.86977553736,10173.907547999457,116140071.41524291,,,infeasible
12,invj-4pc-k1,inverse-j,0.04,-10%,1,12933.818847787214,12933.818847787214,115695865.78313635,115695865.78313635,0.0,optimal
12,invj-4pc-k1,inverse-j,0.04,-10%,2,11640.436963008493,15447.972001392507,116374536.59433275,116306489.42593989,68047.16839286685,suboptimal
12,invj-4pc-k1,inverse-j,0.04,-10%,3,10476.393266707644,14446.142869260399,113930340.57237962,113701344.98317328,228995.58920633793,suboptimal
12,invj-4pc-k1,inverse-j,0.04,-10%,4,9428.753940036879,13122.775456046133,115605398.80180985,115267248.31500739,338150.48680245876,suboptimal
12,invj-4pc-k1,inverse-j,0.04,-10%,5,14175.815731239372,12385.035168270384,115792675.22060172,,,infeasible
12,invj-4pc-k1,inverse-j,0.04,-10%,6,12758.234158115436,11322.520919725986,113585824.46383157,,,infeasible
12,invj-4pc-k1,inverse-j,0.04,-10%,7,11482.410742303895,10206.732524797053,112174113.96519049,,,infeasible
12,invj-4pc-k1,inverse-j,0.04,-10%,8,10334.169668073506,9017.100277266101,111740870.52936974,,,infeasible
12,invj-4pc-k1,inverse-j,0.04,-10%,9,9300.752701266156,8564.5559222475,112494245.8570561,,,infeasible
12,invj-4pc-k1,inverse-j,0.04,-10%,10,8370.67743113954,13754.697394694429,114966469.47404444,114008141.04467367,958328.4293707758,suboptimal
12,invj-4pc-k1,inverse-j,0.04,-10%,11,7533.6096880255855,12165.973760598205,111185526.2015658,110425593.15789334,759933.0436724573,suboptimal
12,invj-4pc-k1,inverse-j,0.04,-10%,12,6780.248719223027,11530.225526040209,112611850.18737839,111824164.76199055,787685.4253878444,suboptimal
12,invj-4pc-k1,inverse-j,0.04,-10%,13,6102.223847300724,10393.002924426894,113350820.27294402,112732324.39408644,618495.8788575828,suboptimal
12,invj-4pc-k1,inverse-j,0.04,-10%,14,6910.876852718704,9353.702628845,112655163.17521346,112386546.58798142,268616.5872320384,suboptimal
12,invj-4pc-k1,inverse-j,0.04,-10%,15,56882.49971717123,10894.97352869268,114373636.29317881,,,infeasible
12,invj-4pc-k1,inverse-j,0.04,-20%,1,12354.296937263076,12354.296937263076,116043907.5413126,116043907.5413126,0.0,optimal
12,invj-4pc-k1,inverse-j,0.04,-20%,2,9883.43754981046,17468.134542875658,116826123.84338915,116667233.82349882,158890.01989033818,suboptimal
12,invj-4pc-k1,inverse-j,0.04,-20%,3,7906.750039848368,16374.37949073624,113152745.85347983,112720971.4636754,431774.38980443776,suboptimal
12,invj-4pc-k1,inverse-j,0.04,-20%,4,6325.4000318786975,13519.828282962028,113396817.37925878,112769025.97950952,627791.3997492641,suboptimal
12,invj-4pc-k1,inverse-j,0.04,-20%,5,19878.72468310811,11389.537844982207,112783550.25549537,,,infeasible
12,invj-4pc-k1,inverse-j,0.04,-20%,6,15902.97974648649,9111.630274562998,111406985.02650808,,,infeasible
12,invj-4pc-k1,inverse-j,0.04,-20%,7,12722.383797189194,8618.1362373025,111958472.27445915,,,infeasible
12,invj-4pc-k1,inverse-j,0.04,-20%,8,10177.907037751353,10624.053516505059,113016887.75423299,112969146.40861268,47741.345620304346,suboptimal
12,invj-4pc-k1,inverse-j,0.04,-20%,9,8142.325630201083,8782.7231735035,112493431.18106602,112439762.35884577,53668.822220250964,suboptimal
12,invj-4pc-k1,inverse-j,0.04,-20%,10,6513.860504160867,14757.403404169621,114674244.81554917,113310924.03313737,1363320.7824117988,suboptimal
12,invj-4pc-k1,inverse-j,0.04,-20%,11,5211.088403328694,11612.330647211806,109559633.82753436,108563461.69981897,996172.1277153939,suboptimal
12,invj-4pc-k1,inverse-j,0.04,-20%,12,4168.870722662955,9900.740855590999,111920732.24818888,110952343.51072636,968388.7374625206,suboptimal
12,invj-4pc-k1,inverse-j,0.04,-20%,13,9343.824730610613,11015.150347777515,114176937.07376477,113998027.127541,178909.9462237656,suboptimal
12,invj-4pc-k1,inverse-j,0.04,-20%,14,10132.017353536192,8812.1202817575,112855447.68167154,,,infeasible
12,invj-4pc-k1,inverse-j,0.04,-20%,15,56284.36879226562,12043.529565056884,115178676.33648357,,,infeasible
12,invj-4pc-k1,inverse-j,0.04,+/-10%,1,14763.748100370402,14763.748100370402,111746296.3295047,111746296.3295047,0.0,optimal
12,invj-4pc-k1,inverse-j,0.04,+/-10%,2,13287.373290333362,13601.235769545958,111689504.92974992,111687287.97010043,2216.95964948833,suboptimal
12,invj-4pc-k1,inverse-j,0.04,+/-10%,3,11958.635961300024,12946.12214128893,110841158.25574677,110775111.29981245,66046.95593431592,suboptimal
12,invj-4pc-k1,inverse-j,0.04,+/-10%,4,10762.772365170023,12601.554296652082,111215697.16641788,110998556.47151622,217140.69490166008,suboptimal
12,invj-4pc-k1,inverse-j,0.04,+/-10%,5,10638.56330344,12536.51973617646,111366571.86595896,111059724.05478416,306847.81117479503,suboptimal
12,invj-4pc-k1,inverse-j,0.04,+/-10%,6,9574.706973096001,11981.384375160349,110656158.6685272,110175724.09448403,480434.5740431696,suboptimal
12,invj-4pc-k1,inverse-j,0.04,+/-10%,7,9583.433108122766,11317.620887352714,109788605.5235225,109510510.10036641,278095.42315608263,suboptimal
12,invj-4pc-k1,inverse-j,0.04,+/-10%,8,9496.778099622668,10317.119472095366,109344103.68176655,109230915.38195528,113188.29981127381,suboptimal
12,invj-4pc-k1,inverse-j,0.04,+/-10%,9,10446.455909584933,9285.407522842499,109065230.63488671,,,infeasible
12,invj-4pc-k1,inverse-j,0.04,+/-10%,10,11491.101500543427,10733.883571326,109850577.80200116,,,infeasible
12,invj-4pc-k1,inverse-j,0.04,+/-10%,11,12640.211650597776,10965.4978166025,108658373.27805136,,,infeasible
12,invj-4pc-k1,inverse-j,0.04,+/-10%,12,13904.23281565755,11998.268209437108,109311523.81366512,,,infeasible
12,invj-4pc-k1,inverse-j,0.04,+/-10%,13,15294.656097223307,11816.130579990864,108981124.73400155,,,infeasible
12,invj-4pc-k1,inverse-j,0.04,+/-10%,14,16824.121706945643,11083.265550987064,108783021.16505289,,,infeasible
12,invj-4pc-k1,inverse-j,0.04,+/-10%,15,18506.533877640213,11046.945779316851,109093863.99684313,,,infeasible
12,invj-4pc-k1,inverse-j,0.04,+/-20%,1,15950.331800628112,15950.331800628112,113120947.69661424,113120947.69661424,0.0,optimal
12,invj-4pc-k1,inverse-j,0.04,+/-20%,2,12760.265440502491,14652.320437024691,112150908.72123678,112098487.59183949,52421.129397287965,suboptimal
12,invj-4pc-k1,inverse-j,0.04,+/-20%,3,10208.212352401995,16160.024927098584,110728774.15604836,110254992.1411098,473782.0149385631,suboptimal
12,invj-4pc-k1,inverse-j,0.04,+/-20%,4,9013.839199136815,13674.1089268718,109885254.83068267,109315727.2549615,569527.5757211596,suboptimal
12,invj-4pc-k1,inverse-j,0.04,+/-20%,5,10816.607038964177,10987.575309903063,109599760.26509143,109592899.1442475,6861.120843932033,suboptimal
12,invj-4pc-k1,inverse-j,0.04,+/-20%,6,12628.336563567096,8790.060243648,109034419.1166742,,,infeasible
12,invj-4pc-k1,inverse-j,0.04,+/-20%,7,12398.243392502605,10191.920510752501,110069178.29722832,,,infeasible
12,invj-4pc-k1,inverse-j,0.04,+/-20%,8,9918.594714002083,9360.988366806387,109677464.22111018,,,infeasible
12,invj-4pc-k1,inverse-j,0.04,+/-20%,9,7934.875771201666,7488.7906982215,109581419.66300397,,,infeasible
12,invj-4pc-k1,inverse-j,0.04,+/-20%,10,8993.434567781162,14071.358495771,113633513.88018271,112294249.62846285,1339264.2517198622,suboptimal
12,invj-4pc-k1,inverse-j,0.04,+/-20%,11,10792.121481337395,14383.192143513397,110610254.70032512,109983414.19452335,626840.5058017671,suboptimal
12,invj-4pc-k1,inverse-j,0.04,+/-20%,12,12950.545777604873,11506.553714974,108766259.52874568,,,infeasible
12,invj-4pc-k1,inverse-j,0.04,+/-20%,13,15540.654933125845,10806.054182661497,108656570.83456552,,,infeasible
12,invj-4pc-k1,inverse-j,0.04,+/-20%,14,18648.785919751008,8644.8433452225,107929341.61592837,,,infeasible
12,invj-4pc-k1,inverse-j,0.04,+/-20%,15,22378.543103701217,10209.185914885977,110151175.54075554,,,infeasible
12,invj-4pc-k2,inverse-j,0.04,NHF,1,39487.18968355732,39487.18968355732,86858694.92695473,86858694.92695473,0.0,optimal
12,invj-4pc-k2,inverse-j,0.04,NHF,2,6374.9931807625,7899.7456435215,69649055.0448367,69462211.25760604,186843.78723065555,suboptimal
12,invj-4pc-k2,inverse-j,0.04,NHF,3,1900.98262286,6447.9412293820005,74759390.68280329,73912709.72863021,846680.9541730732,suboptimal
12,invj-4pc-k2,inverse-j,0.04,NHF,4,0.0,6988.484654837501,77651704.22975005,76099904.74765295,1551799.4820971042,suboptimal
12,invj-4pc-k2,inverse-j,0.04,NHF,5,15813.328919158002,7704.787616821001,79855029.9232897,,,infeasible
12,invj-4pc-k2,inverse-j,0.04,NHF,6,6662.417027510499,6812.9196547505,81542824.53498049,81524440.90359233,18383.631388157606,suboptimal
12,invj-4pc-k2,inverse-j,0.04,NHF,7,13700.082615420002,14449.768445667502,85840752.35914388,85705368.94542624,135383.41371764243,suboptimal
12,invj-4pc-k2,inverse-j,0.04,NHF,8,17853.268656657005,12700.706948212,83918828.47048908,,,infeasible
12,invj-4pc-k2,inverse-j,0.04,NHF,9,13335.649060586667,18751.138672726498,83267597.22180091,81837941.13740753,1429656.084393382,suboptimal
12,invj-4pc-k2,inverse-j,0.04,NHF,10,4927.94966663,7981.684347721999,73970025.19421959,73185604.3891125,784420.8051070869,suboptimal
12,invj-4pc-k2,inverse-j,0.04,NHF,11,985.6382772999999,6450.0040852975,78891610.656111,77318149.31994483,1573461.3361661732,suboptimal
12,invj-4pc-k2,inverse-j,0.04,NHF,12,3237.5079900099995,7986.514845266001,81898523.99958283,80626684.04655895,1271839.9530238807,suboptimal
12,invj-4pc-k2,inverse-j,0.04,NHF,13,7967.46170175,15875.1031979355,84020114.9422059,82034630.50062196,1985484.4415839463,suboptimal
12,invj-4pc-k2,inverse-j,0.04,NHF,14,5549.672160715001,5206.0491660475,78218051.59739575,,,infeasible
12,invj-4pc-k2,inverse-j,0.04,NHF,15,56204.25734549232,13043.660988932003,83836231.26223196,,,infeasible
12,invj-4pc-k2,inverse-j,0.04,NDY,1,11098.511802339122,11098.511802339122,80633846.82102127,80633846.82102127,0.0,optimal
12,invj-4pc-k2,inverse-j,0.04,NDY,2,11098.51180233912,11027.397775943946,82110120.35263295,82110120.35263295,0.0,optimal
12,invj-4pc-k2,inverse-j,0.04,NDY,3,11098.511802339117,10813.639740919485,83040652.66932395,82964277.22837369,76375.44095025957,suboptimal
12,invj-4pc-k2,inverse-j,0.04,NDY,4,11098.511802339119,10468.739033740283,83205147.96496227,82853366.69995223,351781.265010044,suboptimal
12,invj-4pc-k2,inverse-j,0.04,NDY,5,11098.51180233912,10296.976937408255,83606133.5556229,83040079.8558579,566053.6997650117,suboptimal
12,invj-4pc-k2,inverse-j,0.04,NDY,6,11098.51180233912,10165.104450620647,82934576.53932373,82207098.52732885,727478.0119948834,suboptimal
12,invj-4pc-k2,inverse-j,0.04,NDY,7,11098.511802339122,10072.874440877396,82449030.70302528,81478161.24675618,970869.4562691003,suboptimal
12,invj-4pc-k2,inverse-j,0.04,NDY,8,11098.511802339122,10214.326103226535,83075831.26158156,82335028.81034046,740802.4512410909,suboptimal
12,invj-4pc-k2,inverse-j,0.04,NDY,9,11098.511802339122,10243.134818401459,83288300.7940514,82347346.63658811,940954.1574632823,suboptimal
12,invj-4pc-k2,inverse-j,0.04,NDY,10,11098.51180233912,10126.180897613232,82641722.67770107,81752615.31874721,889107.3589538634,suboptimal
12,invj-4pc-k2,inverse-j,0.04,NDY,11,11098.511802339122,10329.129092373376,83103234.77985899,82144840.89923498,958393.8806240112,suboptimal
12,invj-4pc-k2,inverse-j,0.04,NDY,12,11098.511802339119,9889.875954766925,81859558.81765978,80558623.30633439,1300935.5113253891,suboptimal
12,invj-4pc-k2,inverse-j,0.04,NDY,13,11098.511802339122,9918.54790884326,82089175.65767801,80414786.4867152,1674389.1709628105,suboptimal
12,invj-4pc-k2,inverse-j,0.04,NDY,14,11098.511802339122,9859.270712718164,81591169.3353878,80187803.63406414,1403365.7013236582,suboptimal
12,invj-4pc-k2,inverse-j,0.04,NDY,15,36578.80343974893,10126.634062626581,82951800.38914604,,,infeasible
12,invj-4pc-k2,inverse-j,0.04,-10%,1,16604.523139080444,16604.523139080444,83173332.39204219,83173332.39204219,0.0,optimal
12,invj-4pc-k2,inverse-j,0.04,-10%,2,14944.070825172399,15204.001315557143,82040109.28734523,82038799.27328674,1310.0140584856272,suboptimal
12,invj-4pc-k2,inverse-j,0.04,-10%,3,13449.663742655166,13780.292225158526,79981490.40976308,79971842.49572371,9647.914039373398,suboptimal
12,invj-4pc-k2,inverse-j,0.04,-10%,4,12104.697368389643,12301.612922835013,81754286.0608679,81744396.52775934,9889.533108562231,suboptimal
12,invj-4pc-k2,inverse-j,0.04,-10%,5,10894.227631550679,11565.592461544298,82252087.34100346,82102706.4788604,149380.8621430695,suboptimal
12,invj-4pc-k2,inverse-j,0.04,-10%,6,9804.804868395611,10409.033216978,80955122.7667548,80844183.29092284,110939.47583197057,suboptimal
12,invj-4pc-k2,inverse-j,0.04,-10%,7,8824.324381556049,9572.851999817502,80403234.80633084,80244727.32502538,158507.4813054651,suboptimal
12,invj-4pc-k2,inverse-j,0.04,-10%,8,9089.448566909972,9508.42523039184,80813955.5390688,80721785.35978772,92170.17928108573,suboptimal
12,invj-4pc-k2,inverse-j,0.04,-10%,9,8180.5037102189735,8557.5827084335,81038671.49954887,80957887.18025483,80784.31929403543,suboptimal
12,invj-4pc-k2,inverse-j,0.04,-10%,10,7362.453339197078,13700.642434227422,83342600.91337003,81080919.90319452,2261681.0101755112,suboptimal
12,invj-4pc-k2,inverse-j,0.04,-10%,11,6626.208005277368,12408.320454628376,80145942.01824191,78271907.3829238,1874034.6353181154,suboptimal
12,invj-4pc-k2,inverse-j,0.04,-10%,12,5963.5872047496305,11182.764607786,80803007.79760554,79245401.58633466,1557606.2112708837,suboptimal
12,invj-4pc-k2,inverse-j,0.04,-10%,13,5367.228484274668,10167.425317640562,81071033.1792169,79689978.03441334,1381055.1448035687,suboptimal
12,invj-4pc-k2,inverse-j,0.04,-10%,14,4830.505635847202,9150.6827821275,80981931.3094139,79677891.72156903,1304039.5878448635,suboptimal
12,invj-4pc-k2,inverse-j,0.04,-10%,15,60948.89156473915,10995.630038819905,83165171.36117828,,,infeasible
12,invj-4pc-k2,inverse-j,0.04,-20%,1,20728.379833131516,20728.379833131516,83992865.08886398,83992865.08886398,0.0,optimal
12,invj-4pc-k2,inverse-j,0.04,-20%,2,16582.70386650521,16852.37395092041,80342308.04537621,80335874.53726466,6433.508111551404,suboptimal
12,invj-4pc-k2,inverse-j,0.04,-20%,3,13266.163093204173,13714.026523840981,78942670.07250242,78893163.13621633,49506.936286091805,suboptimal
12,invj-4pc-k2,inverse-j,0.04,-20%,4,10612.930474563334,11148.006015750041,79998245.20179896,79931144.1792997,67101.02249926329,suboptimal
12,invj-4pc-k2,inverse-j,0.04,-20%,5,8490.344379650673,8929.25815792352,78713303.37107745,78637784.85774195,75518.51333549619,suboptimal
12,invj-4pc-k2,inverse-j,0.04,-20%,6,6792.275503720537,7143.406529240499,79317496.14516689,79255425.42237318,62070.72279371321,suboptimal
12,invj-4pc-k2,inverse-j,0.04,-20%,7,5858.978455735982,7960.8516604325,81575187.39557873,81114454.85197937,460732.54359935224,suboptimal
12,invj-4pc-k2,inverse-j,0.04,-20%,8,12995.646885340155,13576.456578776002,84657946.88973203,84551065.54266565,106881.34706638753,suboptimal
12,invj-4pc-k2,inverse-j,0.04,-20%,9,10396.517508272125,14487.170582853501,82660136.22491314,81455231.0253643,1204905.1995488405,suboptimal
12,invj-4pc-k2,inverse-j,0.04,-20%,10,8317.214006617702,12232.843118913055,79407763.9499325,78245575.22392096,1162188.7260115445,suboptimal
12,invj-4pc-k2,inverse-j,0.04,-20%,11,6653.771205294163,9786.2744899825,78321991.46656324,77550083.01651877,771908.450044468,suboptimal
12,invj-4pc-k2,inverse-j,0.04,-20%,12,5323.016964235329,8420.980536716,79853533.80632813,78969811.15723872,883722.6490894109,suboptimal
12,invj-4pc-k2,inverse-j,0.04,-20%,13,4258.413571388263,9757.846396345501,81495042.57393378,80144574.41166304,1350468.1622707397,suboptimal
12,invj-4pc-k2,inverse-j,0.04,-20%,14,6233.260382375,8057.429141602501,81746082.85899387,81311440.78155102,434642.07744285464,suboptimal
12,invj-4pc-k2,inverse-j,0.04,-20%,15,58567.805165928454,13424.779649981669,85021626.24069956,,,infeasible
12,invj-4pc-k2,inverse-j,0.04,+/-10%,1,15875.670017787437,15875.670017787437,80445810.59046426,80445810.59046426,0.0,optimal
12,invj-4pc-k2,inverse-j,0.04,+/-10%,2,14288.103016008696,14622.259291440303,79732658.51680134,79721284.56609812,11373.95070321858,suboptimal
12,invj-4pc-k2,inverse-j,0.04,+/-10%,3,12859.292714407824,13657.028124703498,78918994.55650826,78817646.08093537,101348.47557288408,suboptimal
12,invj-4pc-k2,inverse-j,0.04,+/-10%,4,11573.363442967038,12951.048824689238,79403935.44859315,79117075.57196593,286859.8766272217,suboptimal
12,invj-4pc-k2,inverse-j,0.04,+/-10%,5,10416.027098670336,11712.589858441757,79156812.09379432,78751438.26223949,405373.8315548301,suboptimal
12,invj-4pc-k2,inverse-j,0.04,+/-10%,6,9374.424388803303,10540.157247002724,78466395.49214906,78171552.04228868,294843.4498603791,suboptimal
12,invj-4pc-k2,inverse-j,0.04,+/-10%,7,8436.981949922972,9486.141526492502,78198113.0009881,77733003.44345105,465109.55753704906,suboptimal
12,invj-4pc-k2,inverse-j,0.04,+/-10%,8,9280.68014491527,11309.710212716212,79337513.58474377,78642789.15591657,694724.4288271964,suboptimal
12,invj-4pc-k2,inverse-j,0.04,+/-10%,9,10208.748159406796,10178.739187236499,78225997.13657467,78225997.13657467,0.0,optimal
12,invj-4pc-k2,inverse-j,0.04,+/-10%,10,11229.62297534748,11088.434304031998,78825650.66723987,,,infeasible
12,invj-4pc-k2,inverse-j,0.04,+/-10%,11,12352.585272882225,11138.1855561365,78099055.42925319,,,infeasible
12,invj-4pc-k2,inverse-j,0.04,+/-10%,12,13587.84380017045,11901.629981628777,78735547.13169086,,,infeasible
12,invj-4pc-k2,inverse-j,0.04,+/-10%,13,14946.628180187496,10720.122401339422,77856889.31274626,,,infeasible
12,invj-4pc-k2,inverse-j,0.04,+/-10%,14,16441.29099820625,9648.110164282502,77649698.62423545,,,infeasible
12,invj-4pc-k2,inverse-j,0.04,+/-10%,15,18085.420098026876,11293.693227052292,79574954.41478668,,,infeasible
12,invj-4pc-k2,inverse-j,0.04,+/-20%,1,20659.3870603913,20659.3870603913,82102549.98345175,82102549.98345174,1.4901161193847656e-08,optimal
12,invj-4pc-k2,inverse-j,0.04,+/-20%,2,16527.509648313044,16801.04210776262,78769873.74366406,78765099.18624325,4774.557420805097,suboptimal
12,invj-4pc-k2,inverse-j,0.04,+/-20%,3,13222.007718650435,13801.958592570936,77131499.8116202,77050388.75783184,81111.05378836393,suboptimal
12,invj-4pc-k2,inverse-j,0.04,+/-20%,4,10577.606174920345,11202.35977843466,77452336.55866206,77358550.92430536,93785.63435669243,suboptimal
12,invj-4pc-k2,inverse-j,0.04,+/-20%,5,8462.084939936281,8973.689491470983,76974619.46116517,76877906.39896603,96713.06219914556,suboptimal
12,invj-4pc-k2,inverse-j,0.04,+/-20%,6,6769.667951949024,7178.9515948055,77304415.26469246,77097171.81002401,207243.45466844738,suboptimal
12,invj-4pc-k2,inverse-j,0.04,+/-20%,7,5962.1228979925,8873.7082765525,79605910.96075298,77567538.28227209,2038372.6784808934,suboptimal
12,invj-4pc-k2,inverse-j,0.04,+/-20%,8,7154.547477591001,12243.257493907999,81886426.09823528,79178962.60999063,2707463.4882446527,suboptimal
12,invj-4pc-k2,inverse-j,0.04,+/-20%,9,8585.456973109194,11234.003301450499,80773352.92748661,79300973.69872047,1472379.2287661433,suboptimal
12,invj-4pc-k2,inverse-j,0.04,+/-20%,10,9329.055190501498,14234.902779634283,80705626.44929613,78828351.58485779,1877274.86443834,suboptimal
12,invj-4pc-k2,inverse-j,0.04,+/-20%,11,11194.866228601795,11384.680267020678,77808697.19003752,77789681.34527826,19015.844759255648,suboptimal
12,invj-4pc-k2,inverse-j,0.04,+/-20%,12,13433.839474322152,9107.744209481,77635759.08693907,,,infeasible
12,invj-4pc-k2,inverse-j,0.04,+/-20%,13,16120.607369186579,10289.87245537669,78711680.13216119,,,infeasible
12,invj-4pc-k2,inverse-j,0.04,+/-20%,14,19344.728843023902,8231.897965382499,78718667.56822877,,,infeasible
12,invj-4pc-k2,inverse-j,0.04,+/-20%,15,23213.674611628685,12128.16081048641,81931916.23271656,,,infeasible
13,linear-4pc-0pc,linear,0.04,NHF,1,39211.36599963834,39211.36599963834,45589876.78716787,45589876.78716787,0.0,optimal
13,linear-4pc-0pc,linear,0.04,NHF,2,8987.1235248855,8987.1235248855,28789342.32475639,28789342.32475639,0.0,optimal
13,linear-4pc-0pc,linear,0.04,NHF,3,6109.8582264834995,6109.8582264834995,30489221.763859116,30489221.763859116,0.0,optimal
13,linear-4pc-0pc,linear,0.04,NHF,4,6532.295094427001,6532.295094427001,33845095.4779106,33845095.4779106,0.0,optimal
13,linear-4pc-0pc,linear,0.04,NHF,5,7820.575240757,7820.575240757,37845633.87147813,37845633.87147813,0.0,optimal
13,linear-4pc-0pc,linear,0.04,NHF,6,8247.1558219795,8247.1558219795,40933522.46690383,40933522.46690383,0.0,optimal
13,linear-4pc-0pc,linear,0.04,NHF,7,14484.18287,14484.18287,44774945.04717771,44774945.04717771,0.0,optimal
13,linear-4pc-0pc,linear,0.04,NHF,8,13655.259408647498,14194.591020227497,43719854.30470703,43655789.30926089,64064.995446138084,suboptimal
13,linear-4pc-0pc,linear,0.04,NHF,9,13226.568482472501,18442.6747096655,41234286.580729075,40040369.11231242,1193917.4684166536,suboptimal
13,linear-4pc-0pc,linear,0.04,NHF,10,3866.7146871200002,6407.166513433501,32057609.450034335,31461924.645846266,595684.804188069,suboptimal
13,linear-4pc-0pc,linear,0.04,NHF,11,3529.9039559599996,7834.585739882,35779350.21270628,34767595.32171303,1011754.8909932524,suboptimal
13,linear-4pc-0pc,linear,0.04,NHF,12,2323.0648353600004,6613.878234127001,37922396.65262851,36859353.72531892,1063042.9273095876,suboptimal
13,linear-4pc-0pc,linear,0.04,NHF,13,4530.541350785,15573.634229359495,42620560.356424004,40143495.28160002,2477065.074823983,suboptimal
13,linear-4pc-0pc,linear,0.04,NHF,14,0.0,8621.013502335001,38272912.81066401,35993501.0441845,2279411.7664795145,suboptimal
13,linear-4pc-0pc,linear,0.04,NHF,15,61946.0936888322,12529.873717757502,41114552.199523486,,,infeasible
13,linear-4pc-0pc,linear,0.04,NDY,1,12379.40920095652,12379.40920095652,36715934.864920184,36715934.864920184,0.0,optimal
13,linear-4pc-0pc,linear,0.04,NDY,2,12379.40920095652,12178.910217561399,38156095.03470774,38047068.13781257,109026.89689517021,suboptimal
13,linear-4pc-0pc,linear,0.04,NDY,3,12379.409200956523,11997.34875353499,39552567.57893502,,,infeasible
13,linear-4pc-0pc,linear,0.04,NDY,4,12379.409200956521,11910.420060458113,40899907.45652989,,,infeasible
13,linear-4pc-0pc,linear,0.04,NDY,5,12379.40920095652,11797.126418729395,41615188.56727284,,,infeasible
13,linear-4pc-0pc,linear,0.04,NDY,6,12379.40920095652,11704.92429944893,40998052.745863296,,,infeasible
13,linear-4pc-0pc,linear,0.04,NDY,7,12379.40920095652,11631.44955485652,40923233.23860956,,,infeasible
13,linear-4pc-0pc,linear,0.04,NDY,8,12379.409200956521,11609.826285139461,40842141.37515773,,,infeasible
13,linear-4pc-0pc,linear,0.04,NDY,9,12379.40920095652,11532.516831200424,40600216.60102089,,,infeasible
13,linear-4pc-0pc,linear,0.04,NDY,10,12379.40920095652,11462.051978365118,40407337.764190786,,,infeasible
13,linear-4pc-0pc,linear,0.04,NDY,11,12379.409200956517,11398.832802986626,40140196.429864004,,,infeasible
13,linear-4pc-0pc,linear,0.04,NDY,12,12379.409200956521,11350.647645373192,39979359.69319581,,,infeasible
13,linear-4pc-0pc,linear,0.04,NDY,13,12379.40920095652,11297.324369043317,40026298.525379114,,,infeasible
13,linear-4pc-0pc,linear,0.04,NDY,14,12379.40920095652,11264.093836822998,39708193.032297835,,,infeasible
13,linear-4pc-0pc,linear,0.04,NDY,15,12379.409200956523,11226.95674864866,39736943.10371802,,,infeasible
13,linear-4pc-0pc,linear,0.04,-10%,1,17772.088616665165,17772.088616665165,41227663.563066915,41227663.563066915,0.0,optimal
13,linear-4pc-0pc,linear,0.04,-10%,2,15994.87975499865,15994.879760038271,40911678.921971336,40911678.921971336,0.0,optimal
13,linear-4pc-0pc,linear,0.04,-10%,3,14395.391779498788,14350.194916614679,40681421.90736651,40681421.90736651,0.0,optimal
13,linear-4pc-0pc,linear,0.04,-10%,4,12955.852601548908,12912.038088649211,40062812.532350354,40062812.532350354,0.0,optimal
13,linear-4pc-0pc,linear,0.04,-10%,5,11660.267341394016,11620.622456843636,39455113.53058815,39455113.53058815,0.0,optimal
13,linear-4pc-0pc,linear,0.04,-10%,6,10494.240607254616,10458.5602124245,38424012.521231994,38424012.521231994,0.0,optimal
13,linear-4pc-0pc,linear,0.04,-10%,7,9444.816546529155,9444.816549505,38467550.83181258,38467550.83181258,0.0,optimal
13,linear-4pc-0pc,linear,0.04,-10%,8,10346.518818024431,11281.368157265,40356789.19892269,40185970.78387015,170818.41505253315,suboptimal
13,linear-4pc-0pc,linear,0.04,-10%,9,9311.866936221988,12431.491106460999,40258763.0021699,39226512.970931806,1032250.031238094,suboptimal
13,linear-4pc-0pc,linear,0.04,-10%,10,8380.680242599792,11905.625858903953,39128864.8161306,38092641.070981614,1036223.7451489866,suboptimal
13,linear-4pc-0pc,linear,0.04,-10%,11,7542.612218339812,10715.063275442148,38175088.00962244,37503962.781118624,671125.2285038158,suboptimal
13,linear-4pc-0pc,linear,0.04,-10%,12,6788.350996505832,9643.556947104498,38156122.69329277,37543737.88757401,612384.8057187572,suboptimal
13,linear-4pc-0pc,linear,0.04,-10%,13,6109.515896855248,11127.359737314027,39249591.693840556,37956338.02923436,1293253.6646061987,suboptimal
13,linear-4pc-0pc,linear,0.04,-10%,14,5498.564307169724,10014.623767545,38804833.3103137,37579477.619242094,1225355.6910716072,suboptimal
13,linear-4pc-0pc,linear,0.04,-10%,15,48251.85710868923,11415.717851354662,39986340.58744476,,,infeasible
13,linear-4pc-0pc,linear,0.04,-20%,1,21753.08501458958,21753.08501458958,42696010.06881824,42696010.06881824,0.0,optimal
13,linear-4pc-0pc,linear,0.04,-20%,2,17402.468011671666,17361.77797946282,39718680.49539583,39718680.49539583,0.0,optimal
13,linear-4pc-0pc,linear,0.04,-20%,3,13921.974409337334,13899.736762732991,37949109.93078945,37949109.93078945,0.0,optimal
13,linear-4pc-0pc,linear,0.04,-20%,4,11137.579527469868,11119.789409668789,36728337.54969967,36728337.54969967,0.0,optimal
13,linear-4pc-0pc,linear,0.04,-20%,5,8910.063621975894,8895.8315288245,36316480.25255572,36316480.25255572,0.0,optimal
13,linear-4pc-0pc,linear,0.04,-20%,6,8247.1558219795,8247.1558219795,37643981.68825844,37643981.68825844,0.0,optimal
13,linear-4pc-0pc,linear,0.04,-20%,7,8586.645856534758,8586.645853385,40015703.71687516,40015703.71687516,0.0,optimal
13,linear-4pc-0pc,linear,0.04,-20%,8,12845.87414070201,14302.7364309075,43709537.25996224,43322947.24406059,386590.0159016475,suboptimal
13,linear-4pc-0pc,linear,0.04,-20%,9,10276.699312561608,14883.489357444541,41572033.70286796,40022904.01071912,1549129.692148842,suboptimal
13,linear-4pc-0pc,linear,0.04,-20%,10,8221.359450049287,11907.289583506124,37647019.122478396,36762227.401674986,884791.7208034098,suboptimal
13,linear-4pc-0pc,linear,0.04,-20%,11,6577.087560039431,9525.831664811663,36239101.80052846,35694133.69267143,544968.1078570262,suboptimal
13,linear-4pc-0pc,linear,0.04,-20%,12,5261.670048031545,7620.6653306220005,36677449.540895835,36162629.53292345,514820.007972382,suboptimal
13,linear-4pc-0pc,linear,0.04,-20%,13,4209.3360384252355,10536.536757449498,39420090.495830834,37808798.851816334,1611291.6440145,suboptimal
13,linear-4pc-0pc,linear,0.04,-20%,14,4852.29839434,11534.337226015,39969858.40599914,38282221.861592434,1687636.5444067046,suboptimal
13,linear-4pc-0pc,linear,0.04,-20%,15,53204.00982238476,10421.3476871375,39838328.61309263,,,infeasible
13,linear-4pc-0pc,linear,0.04,+/-10%,1,17793.811235559035,17793.811235559035,40916098.9853569,40916098.9853569,0.0,optimal
13,linear-4pc-0pc,linear,0.04,+/-10%,2,16014.430112003141,16006.875550678022,40586969.023747824,40586969.023747824,0.0,optimal
13,linear-4pc-0pc,linear,0.04,+/-10%,3,14412.98710080283,14374.1494169219,40254039.47753713,40254039.47753713,0.0,optimal
13,linear-4pc-0pc,linear,0.04,+/-10%,4,12971.688390722544,12918.323546732054,39695045.54886306,39695045.54886306,0.0,optimal
13,linear-4pc-0pc,linear,0.04,+/-10%,5,11674.519551650288,11448.173646952315,39005326.38545535,39000229.00959744,5097.375857904553,suboptimal
13,linear-4pc-0pc,linear,0.04,+/-10%,6,10507.067596485262,10268.420311105909,38217933.732300326,38198472.84718173,19460.885118596256,suboptimal
13,linear-4pc-0pc,linear,0.04,+/-10%,7,9456.360836836735,9945.8380073525,38507726.41938958,38124062.64280089,383663.77658869326,suboptimal
13,linear-4pc-0pc,linear,0.04,+/-10%,8,10401.99692052041,10940.421810412501,39825199.59641652,39558724.25380517,266475.3426113501,suboptimal
13,linear-4pc-0pc,linear,0.04,+/-10%,9,10636.972556024055,12790.194477556,40221219.06078812,39417788.64092071,803430.4198674038,suboptimal
13,linear-4pc-0pc,linear,0.04,+/-10%,10,9573.27530042165,11858.939252711258,38699250.42775509,37854164.43345497,845085.9943001196,suboptimal
13,linear-4pc-0pc,linear,0.04,+/-10%,11,10530.602830463815,10673.045326672514,37653710.32002819,37650154.47139468,3555.8486335128546,suboptimal
13,linear-4pc-0pc,linear,0.04,+/-10%,12,11583.663113510198,9605.740797704,37721391.73223972,,,infeasible
13,linear-4pc-0pc,linear,0.04,+/-10%,13,12742.029424861217,11041.05232870162,38717051.172015876,,,infeasible
13,linear-4pc-0pc,linear,0.04,+/-10%,14,14016.232367347342,9936.94709811,38404738.69925464,,,infeasible
13,linear-4pc-0pc,linear,0.04,+/-10%,15,15417.855604082082,10468.803079742502,39511990.145848334,,,infeasible
13,linear-4pc-0pc,linear,0.04,+/-20%,1,21726.125096822852,21726.125096822852,42391647.21397948,42391647.21397948,0.0,optimal
13,linear-4pc-0pc,linear,0.04,+/-20%,2,17380.900077458286,17338.173700735584,39525168.668976836,39525168.668976836,0.0,optimal
13,linear-4pc-0pc,linear,0.04,+/-20%,3,13904.720061966627,13875.643519956875,37427253.16016528,37427253.16016528,0.0,optimal
13,linear-4pc-0pc,linear,0.04,+/-20%,4,11123.7760495733,11100.514818511729,36319880.42206066,36319880.42206067,-7.450580596923828e-09,optimal
13,linear-4pc-0pc,linear,0.04,+/-20%,5,8899.02083965864,8880.411858434498,36038568.56925999,36038568.56925999,0.0,optimal
13,linear-4pc-0pc,linear,0.04,+/-20%,6,8247.1558219795,8159.316354934371,37289951.07562478,37288976.06425419,975.0113705918193,suboptimal
13,linear-4pc-0pc,linear,0.04,+/-20%,7,9683.40759605,9791.1796297,39710333.79173431,39700439.35260521,9894.43912909925,suboptimal
13,linear-4pc-0pc,linear,0.04,+/-20%,8,11620.08911526,12259.008644380001,42101067.76315767,41810435.947105736,290631.81605193764,suboptimal
13,linear-4pc-0pc,linear,0.04,+/-20%,9,11186.597614908334,15259.314088950176,41914407.85934338,40579916.976639904,1334490.8827034757,suboptimal
13,linear-4pc-0pc,linear,0.04,+/-20%,10,8949.278091926666,12207.45126968907,37871732.92383334,37020347.79553974,851385.1282936037,suboptimal
13,linear-4pc-0pc,linear,0.04,+/-20%,11,8969.30492422972,9450.341464893563,36107358.902819775,36091101.52430296,16257.378516815603,suboptimal
13,linear-4pc-0pc,linear,0.04,+/-20%,12,10763.165909075662,8200.008871137,36627866.19364262,,,infeasible
13,linear-4pc-0pc,linear,0.04,+/-20%,13,12915.79909089079,11282.204317284499,39170235.288096875,,,infeasible
13,linear-4pc-0pc,linear,0.04,+/-20%,14,15498.958909068951,10098.769160685,38865578.663544334,,,infeasible
13,linear-4pc-0pc,linear,0.04,+/-20%,15,18598.75069088274,10775.033111420002,40049706.404704235,,,infeasible
13,linear-6pc-0pc,linear,0.06,NHF,1,39211.36599963834,39211.36599963834,28797930.447565775,28797930.447565775,0.0,optimal
13,linear-6pc-0pc,linear,0.06,NHF,2,8987.1235248855,8987.1235248855,14546923.397665378,14546923.397665378,0.0,optimal
13,linear-6pc-0pc,linear,0.06,NHF,3,6109.8582264834995,6109.8582264834995,14928390.056481743,14928390.056481743,0.0,optimal
13,linear-6pc-0pc,linear,0.06,NHF,4,6532.295094427001,6532.295094427001,17248311.323240105,17248311.323240105,0.0,optimal
13,linear-6pc-0pc,linear,0.06,NHF,5,7820.575240757,7820.575240757,20127067.886576783,20127067.886576783,0.0,optimal
13,linear-6pc-0pc,linear,0.06,NHF,6,8247.1558219795,8247.1558219795,22666740.607361652,22666740.607361652,0.0,optimal
13,linear-6pc-0pc,linear,0.06,NHF,7,14484.18287,14484.18287,26387765.135552596,26387765.135552596,0.0,optimal
13,linear-6pc-0pc,linear,0.06,NHF,8,14194.591020227497,14194.591020227497,25928223.437467393,25928223.437467393,0.0,optimal
13,linear-6pc-0pc,linear,0.06,NHF,9,18442.6747096655,18442.6747096655,24550766.97766263,24550766.97766263,0.0,optimal
13,linear-6pc-0pc,linear,0.06,NHF,10,4592.5998256925,6407.166513433501,16604002.711869905,16140234.08016173,463768.63170817494,suboptimal
13,linear-6pc-0pc,linear,0.06,NHF,11,4225.414164085,7834.585739882,18809159.15825535,17847344.73618016,961814.4220751897,suboptimal
13,linear-6pc-0pc,linear,0.06,NHF,12,2496.9299114100004,6613.878234127001,20331635.110471983,19175030.830497082,1156604.2799749002,suboptimal
13,linear-6pc-0pc,linear,0.06,NHF,13,2982.31022683,15573.634229359495,24570126.614393294,21213053.01614787,3357073.5982454233,suboptimal
13,linear-6pc-0pc,linear,0.06,NHF,14,0.0,8621.013502335001,21009179.801541302,18455692.76500602,2553487.0365352817,suboptimal
13,linear-6pc-0pc,linear,0.06,NHF,15,51007.83737467305,12529.873717757502,23355261.651865862,,,infeasible
13,linear-6pc-0pc,linear,0.06,NDY,1,12225.780648182017,12225.780648182017,19652434.85331683,19652434.85331683,0.0,optimal
13,linear-6pc-0pc,linear,0.06,NDY,2,12225.78064818202,12032.604648515655,20228068.25812846,20200317.750151936,27750.507976524532,suboptimal
13,linear-6pc-0pc,linear,0.06,NDY,3,12225.780648182024,11883.245133319364,21288155.12817108,,,infeasible
13,linear-6pc-0pc,linear,0.06,NDY,4,12225.780648182024,11793.901678742352,22353031.91304057,,,infeasible
13,linear-6pc-0pc,linear,0.06,NDY,5,12225.780648182024,11737.595993010249,22989803.019382183,,,infeasible
13,linear-6pc-0pc,linear,0.06,NDY,6,12225.780648182024,11663.717838799816,23014454.39842817,,,infeasible
13,linear-6pc-0pc,linear,0.06,NDY,7,12225.780648182026,11604.891668980814,22958772.9973426,,,infeasible
13,linear-6pc-0pc,linear,0.06,NDY,8,12225.78064818202,11549.850280473729,23237944.131270185,,,infeasible
13,linear-6pc-0pc,linear,0.06,NDY,9,12225.78064818202,11441.799828899058,22768459.060650162,,,infeasible
13,linear-6pc-0pc,linear,0.06,NDY,10,12225.780648182023,11370.977703633911,22415238.09117056,,,infeasible
13,linear-6pc-0pc,linear,0.06,NDY,11,12225.780648182023,11293.175260913808,22360943.59003405,,,infeasible
13,linear-6pc-0pc,linear,0.06,NDY,12,12225.78064818202,11250.983268040647,22240425.787444446,,,infeasible
13,linear-6pc-0pc,linear,0.06,NDY,13,12225.780648182017,11231.646351629692,22320292.545927223,,,infeasible
13,linear-6pc-0pc,linear,0.06,NDY,14,12225.780648182019,11219.143185021167,22308757.664624162,,,infeasible
13,linear-6pc-0pc,linear,0.06,NDY,15,12225.780648182019,11206.025942097742,22500333.094645604,,,infeasible
13,linear-6pc-0pc,linear,0.06,-10%,1,17744.40474560016,17744.40474560016,23347895.724178053,23347895.724178053,0.0,optimal
13,linear-6pc-0pc,linear,0.06,-10%,2,15969.964271040151,15923.331854247906,22951938.3845917,22951938.3845917,0.0,optimal
13,linear-6pc-0pc,linear,0.06,-10%,3,14372.967843936136,14318.267649814985,22641269.03686711,22641269.03686711,0.0,optimal
13,linear-6pc-0pc,linear,0.06,-10%,4,12935.671059542523,12869.318051150181,22301392.235788554,22301392.235788554,0.0,optimal
13,linear-6pc-0pc,linear,0.06,-10%,5,11642.10395358827,11589.185037107805,21667519.528028093,21667519.528028093,0.0,optimal
13,linear-6pc-0pc,linear,0.06,-10%,6,10477.893558229445,10430.2665294855,21052652.759909075,21052652.759909075,0.0,optimal
13,linear-6pc-0pc,linear,0.06,-10%,7,9430.104202406501,9430.104202344999,20885166.707161777,20885166.707161777,0.0,optimal
13,linear-6pc-0pc,linear,0.06,-10%,8,10009.209538149897,9489.997670082501,22212403.770954873,,,infeasible
13,linear-6pc-0pc,linear,0.06,-10%,9,10044.251085694255,12769.863047699999,23967208.084252823,23024926.25461007,942281.829642754,suboptimal
13,linear-6pc-0pc,linear,0.06,-10%,10,9039.82597712483,12931.164543294288,23154454.01300432,21748886.327848922,1405567.6851553991,suboptimal
13,linear-6pc-0pc,linear,0.06,-10%,11,8135.843379412346,11638.048088819232,21823398.21270009,20666315.876965795,1157082.3357342966,suboptimal
13,linear-6pc-0pc,linear,0.06,-10%,12,7322.259041471112,10474.24327666,20837896.471675206,19978570.894994147,859325.5766810589,suboptimal
13,linear-6pc-0pc,linear,0.06,-10%,13,6590.033137324001,10445.576727296298,20798140.553018544,19630046.554162655,1168093.9988558888,suboptimal
13,linear-6pc-0pc,linear,0.06,-10%,14,5931.029823591601,9401.019056834999,20639518.361636005,19536917.535063177,1102600.826572828,suboptimal
13,linear-6pc-0pc,linear,0.06,-10%,15,41317.82563901323,10179.176427126089,21516398.277612854,,,infeasible
13,linear-6pc-0pc,linear,0.06,-20%,1,21727.942503016486,21727.942503016486,25030839.763210017,25030839.763210017,0.0,optimal
13,linear-6pc-0pc,linear,0.06,-20%,2,17382.354002413194,17343.49343183759,22509822.248911556,22509822.248911556,0.0,optimal
13,linear-6pc-0pc,linear,0.06,-20%,3,13905.883201930554,13859.55886604265,20774993.30247999,20774993.302479994,-3.725290298461914e-09,optimal
13,linear-6pc-0pc,linear,0.06,-20%,4,11124.70656154444,11086.162556629686,19578742.164814845,19578742.164814845,0.0,optimal
13,linear-6pc-0pc,linear,0.06,-20%,5,8899.765249235556,8868.930043328499,19217220.56289309,19217220.56289309,0.0,optimal
13,linear-6pc-0pc,linear,0.06,-20%,6,8247.1558219795,8247.1558219795,19935870.052856088,19935870.052856088,0.0,optimal
13,linear-6pc-0pc,linear,0.06,-20%,7,7907.879090045,7907.879090045,21629428.30371074,21629428.30371074,0.0,optimal
13,linear-6pc-0pc,linear,0.06,-20%,8,13617.477196109883,12438.886291692499,25299846.496168803,,,infeasible
13,linear-6pc-0pc,linear,0.06,-20%,9,12611.589752101534,16102.268695013094,25820679.604693506,24510625.661651075,1310053.943042431,suboptimal
13,linear-6pc-0pc,linear,0.06,-20%,10,10089.271801681229,12880.904381747336,22146547.038435828,21316776.699499547,829770.3389362805,suboptimal
13,linear-6pc-0pc,linear,0.06,-20%,11,8071.417441344983,10304.356634147214,20080608.74556563,19564896.792533826,515711.9530318044,suboptimal
13,linear-6pc-0pc,linear,0.06,-20%,12,6457.133953075986,8243.485309769,19555660.292909026,19154442.118914656,401218.1739943698,suboptimal
13,linear-6pc-0pc,linear,0.06,-20%,13,5165.707162460789,9870.332685289499,21275331.330679137,19804167.678606983,1471163.652072154,suboptimal
13,linear-6pc-0pc,linear,0.06,-20%,14,4852.29839434,11405.702363711456,22014852.33560983,20026467.10666003,1988385.2289498001,suboptimal
13,linear-6pc-0pc,linear,0.06,-20%,15,39901.68036579758,9124.5618871675,21660900.499903083,,,infeasible
13,linear-6pc-0pc,linear,0.06,+/-10%,1,17752.18258074201,17752.18258074201,23305911.437474456,23305911.437474456,0.0,optimal
13,linear-6pc-0pc,linear,0.06,+/-10%,2,15976.964322667814,15917.255063960101,22905200.866805088,22905200.866805088,0.0,optimal
13,linear-6pc-0pc,linear,0.06,+/-10%,3,14379.267890401034,14314.448663600953,22566824.66731535,22566824.66731535,0.0,optimal
13,linear-6pc-0pc,linear,0.06,+/-10%,4,12941.34110136093,12860.732574105456,22135812.61774585,22135812.61774585,0.0,optimal
13,linear-6pc-0pc,linear,0.06,+/-10%,5,11647.206991224835,11570.392997251127,21490204.292668466,21490204.29266847,-3.725290298461914e-09,optimal
13,linear-6pc-0pc,linear,0.06,+/-10%,6,10482.486292102352,10413.3537001295,20722907.30576781,20722907.30576781,0.0,optimal
13,linear-6pc-0pc,linear,0.06,+/-10%,7,9434.237662892117,9160.655031034952,20592960.495316066,20576818.91540276,16141.579913306981,suboptimal
13,linear-6pc-0pc,linear,0.06,+/-10%,8,10128.766997174609,10076.7205372425,22037624.72437136,22037624.72437136,0.0,optimal
13,linear-6pc-0pc,linear,0.06,+/-10%,9,11141.643696892068,11747.091271583999,23376702.920432854,23071432.036067255,305270.8843655996,suboptimal
13,linear-6pc-0pc,linear,0.06,+/-10%,10,10965.118475016594,13110.598669524972,23397084.6240673,22572201.15791669,824883.4661506079,suboptimal
13,linear-6pc-0pc,linear,0.06,+/-10%,11,9868.606627514933,11799.538802195353,21975392.610099435,21259068.995646704,716323.6144527309,suboptimal
13,linear-6pc-0pc,linear,0.06,+/-10%,12,10855.467290266428,10619.584918885,20879599.035413686,,,infeasible
13,linear-6pc-0pc,linear,0.06,+/-10%,13,11941.014019293068,10919.882878521554,20810836.316457752,,,infeasible
13,linear-6pc-0pc,linear,0.06,+/-10%,14,13135.11542122238,9800.369847517068,20062220.260483127,,,infeasible
13,linear-6pc-0pc,linear,0.06,+/-10%,15,14448.626963344623,8820.332863042571,20241872.23619682,,,infeasible
13,linear-6pc-0pc,linear,0.06,+/-20%,1,21715.765489839876,21715.765489839876,24966646.505659238,24966646.505659238,0.0,optimal
13,linear-6pc-0pc,linear,0.06,+/-20%,2,17372.612391871906,17348.76455280732,22481444.710475527,22481444.710475527,0.0,optimal
13,linear-6pc-0pc,linear,0.06,+/-20%,3,13898.089913497524,13866.390139237306,20637509.374810085,20637509.374810085,0.0,optimal
13,linear-6pc-0pc,linear,0.06,+/-20%,4,11118.471930798018,11091.574803780464,19433642.693493154,19433642.693493154,0.0,optimal
13,linear-6pc-0pc,linear,0.06,+/-20%,5,8894.777544638415,8873.259839993498,19033984.07742546,19033984.07742546,0.0,optimal
13,linear-6pc-0pc,linear,0.06,+/-20%,6,7763.580543777293,7911.373855432709,19643542.444989186,19626121.61808276,17420.826906424016,suboptimal
13,linear-6pc-0pc,linear,0.06,+/-20%,7,9316.296652532752,9146.56879659,21563971.424927797,,,infeasible
13,linear-6pc-0pc,linear,0.06,+/-20%,8,11179.555983039303,10975.882552920002,23701581.00190078,,,infeasible
13,linear-6pc-0pc,linear,0.06,+/-20%,9,13415.467179647165,16246.787813297637,26006499.884263992,24969175.722573686,1037324.1616903059,suboptimal
13,linear-6pc-0pc,linear,0.06,+/-20%,10,10732.37374371773,12990.30576054938,22244682.359259747,21598974.797993172,645707.561266575,suboptimal
13,linear-6pc-0pc,linear,0.06,+/-20%,11,8585.898994974186,10392.101631111631,20045047.909483507,19698001.657366302,347046.2521172054,suboptimal
13,linear-6pc-0pc,linear,0.06,+/-20%,12,9688.441809668153,8313.681302183999,19492572.378891803,,,infeasible
13,linear-6pc-0pc,linear,0.06,+/-20%,13,11626.130171601782,10795.1383201345,21366390.139275298,,,infeasible
13,linear-6pc-0pc,linear,0.06,+/-20%,14,13951.356205922135,10602.991340102388,21156929.158373553,,,infeasible
13,linear-6pc-0pc,linear,0.06,+/-20%,15,16741.62744710657,8724.107848335,21117016.9063942,,,infeasible
13,invj-4pc-k1,inverse-j,0.04,NHF,1,22110.705163566337,22110.705163566337,119021079.20058954,119021079.20058954,0.0,optimal
13,invj-4pc-k1,inverse-j,0.04,NHF,2,1791.9578798900002,19302.257002999,113886147.92362933,113341496.53322768,544651.3904016465,suboptimal
13,invj-4pc-k1,inverse-j,0.04,NHF,3,3977.2360045950004,10548.487320612003,108779553.03615692,108516276.78731607,263276.2488408536,suboptimal
13,invj-4pc-k1,inverse-j,0.04,NHF,4,707.8625852700001,11027.854690874497,113169932.74044995,112581493.35234493,588439.3881050199,suboptimal
13,invj-4pc-k1,inverse-j,0.04,NHF,5,38363.691954455164,8428.7341787745,113536469.98574279,,,infeasible
13,invj-4pc-k1,inverse-j,0.04,NHF,6,8640.026072317,8247.1558219795,114517297.08452305,,,infeasible
13,invj-4pc-k1,inverse-j,0.04,NHF,7,12020.636636802501,12838.089904620001,116442050.0420088,116380151.71983995,61898.32216885686,suboptimal
13,invj-4pc-k1,inverse-j,0.04,NHF,8,17318.564889802998,11482.601282825499,115371902.47664653,,,infeasible
13,invj-4pc-k1,inverse-j,0.04,NHF,9,7470.840359626667,9361.546140114498,113800890.25347725,113580637.99770138,220252.2557758689,suboptimal
13,invj-4pc-k1,inverse-j,0.04,NHF,10,575.29503327,15209.507856836499,115127810.19600362,112689176.52747114,2438633.668532476,suboptimal
13,invj-4pc-k1,inverse-j,0.04,NHF,11,1522.7949626299999,9851.032387217001,110635694.26644364,109312978.5392612,1322715.727182433,suboptimal
13,invj-4pc-k1,inverse-j,0.04,NHF,12,1321.71746083,8336.470883012,114790241.05249138,113686184.44449829,1104056.607993096,suboptimal
13,invj-4pc-k1,inverse-j,0.04,NHF,13,19303.428960580004,14399.378570239494,117749557.78339887,,,infeasible
13,invj-4pc-k1,inverse-j,0.04,NHF,14,6629.669674495001,9047.006828784999,113326376.90721329,113096649.87886234,229727.0283509493,suboptimal
13,invj-4pc-k1,inverse-j,0.04,NHF,15,56633.03330560651,10566.6061839355,115178911.71924068,,,infeasible
13,invj-4pc-k1,inverse-j,0.04,NDY,1,11280.489940580748,11280.489940580748,115915485.28646697,115915485.28646697,0.0,optimal
13,invj-4pc-k1,inverse-j,0.04,NDY,2,11280.489940580746,11118.819704822161,118107923.18690677,118103653.90446514,4269.2824416309595,suboptimal
13,invj-4pc-k1,inverse-j,0.04,NDY,3,11280.489940580748,10944.012856606849,118692576.49161327,118592965.45812458,99611.03348869085,suboptimal
13,invj-4pc-k1,inverse-j,0.04,NDY,4,11280.489940580746,10515.405700706451,118074176.53124861,117215670.19042039,858506.340828225,suboptimal
13,invj-4pc-k1,inverse-j,0.04,NDY,5,11280.489940580746,10201.046893689607,117663819.42998792,116266365.21896698,1397454.2110209465,suboptimal
13,invj-4pc-k1,inverse-j,0.04,NDY,6,11280.489940580746,10313.705110794665,118052609.33516595,116497682.87633112,1554926.458834827,suboptimal
13,invj-4pc-k1,inverse-j,0.04,NDY,7,11280.489940580745,10430.651165303872,118775250.87257804,117519487.30212744,1255763.570450604,suboptimal
13,invj-4pc-k1,inverse-j,0.04,NDY,8,11280.489940580746,10382.716851656198,118788725.80196676,117311904.70353799,1476821.098428771,suboptimal
13,invj-4pc-k1,inverse-j,0.04,NDY,9,11280.489940580745,10358.425924893883,119100590.57343768,117477633.20330878,1622957.3701288998,suboptimal
13,invj-4pc-k1,inverse-j,0.04,NDY,10,11280.489940580748,10152.832526751059,117141464.29892497,115353276.76183708,1788187.5370878875,suboptimal
13,invj-4pc-k1,inverse-j,0.04,NDY,11,11280.489940580746,10031.750880572221,115798115.08333458,113759416.57637747,2038698.5069571137,suboptimal
13,invj-4pc-k1,inverse-j,0.04,NDY,12,11280.489940580746,10305.575585453811,118027012.16080576,116476670.20525272,1550341.95555304,suboptimal
13,invj-4pc-k1,inverse-j,0.04,NDY,13,11280.489940580745,10320.682013655101,118621475.8738806,117250046.25884014,1371429.6150404513,suboptimal
13,invj-4pc-k1,inverse-j,0.04,NDY,14,11280.489940580745,10458.51277420507,118410132.97912043,117034044.05052331,1376088.9285971224,suboptimal
13,invj-4pc-k1,inverse-j,0.04,NDY,15,38089.10319790638,10508.571124622047,118939892.1716573,,,infeasible
13,invj-4pc-k1,inverse-j,0.04,-10%,1,12536.951821969855,12536.951821969855,117788158.30968042,117788158.30968042,0.0,optimal
13,invj-4pc-k1,inverse-j,0.04,-10%,2,11283.256639772864,15728.57245362331,119134914.17878762,119034827.57556064,100086.6032269746,suboptimal
13,invj-4pc-k1,inverse-j,0.04,-10%,3,10154.930975795578,14776.30256768071,116320424.36427042,116049979.87652144,270444.4877489805,suboptimal
13,invj-4pc-k1,inverse-j,0.04,-10%,4,9929.034372192938,13346.663985892588,116680771.58412588,116372204.70254365,308566.88158223033,suboptimal
13,invj-4pc-k1,inverse-j,0.04,-10%,5,14982.11016146129,12779.487911708138,117863180.7761565,,,infeasible
13,invj-4pc-k1,inverse-j,0.04,-10%,6,13483.899145315161,11677.340341887031,116039847.39969888,,,infeasible
13,invj-4pc-k1,inverse-j,0.04,-10%,7,12135.509230783648,10851.545829789682,114682905.11828804,,,infeasible
13,invj-4pc-k1,inverse-j,0.04,-10%,8,10921.958307705283,9717.964116908157,114813781.80520089,,,infeasible
13,invj-4pc-k1,inverse-j,0.04,-10%,9,9829.762476934755,8746.167702077,114651000.5808924,,,infeasible
13,invj-4pc-k1,inverse-j,0.04,-10%,10,8846.786229241281,12889.30473640675,116090335.32194526,115469291.8832887,621043.4386565685,suboptimal
13,invj-4pc-k1,inverse-j,0.04,-10%,11,7962.107606317152,12712.759807034214,112470422.333107,111708616.09790643,761806.235200569,suboptimal
13,invj-4pc-k1,inverse-j,0.04,-10%,12,7165.896845685436,11441.483830294,113352142.65196696,112679643.2989403,672499.3530266583,suboptimal
13,invj-4pc-k1,inverse-j,0.04,-10%,13,6449.3071611168925,11001.269810307196,115099750.74076758,114497717.94055742,602032.800210163,suboptimal
13,invj-4pc-k1,inverse-j,0.04,-10%,14,7513.430404793328,10083.796155795,114663022.19779202,114374164.02441451,288858.1733775139,suboptimal
13,invj-4pc-k1,inverse-j,0.04,-10%,15,55530.69402760402,10869.071226951073,116285182.37034494,,,infeasible
13,invj-4pc-k1,inverse-j,0.04,-20%,1,12024.537810183754,12024.537810183754,118198488.28135267,118198488.28135267,0.0,optimal
13,invj-4pc-k1,inverse-j,0.04,-20%,2,9619.630248147001,17120.937875775177,119603965.30226836,119431189.87848164,172775.42378671467,suboptimal
13,invj-4pc-k1,inverse-j,0.04,-20%,3,7695.704198517601,16571.56550325123,115881307.47725919,115398818.01377925,482489.4634799361,suboptimal
13,invj-4pc-k1,inverse-j,0.04,-20%,4,6156.56335881408,14292.873443411167,115258287.13459647,114571834.64769448,686452.4869019836,suboptimal
13,invj-4pc-k1,inverse-j,0.04,-20%,5,20751.102407126757,12403.71834101173,115558710.48196581,,,infeasible
13,invj-4pc-k1,inverse-j,0.04,-20%,6,16600.88192570141,9922.9746782795,113075275.35412379,,,infeasible
13,invj-4pc-k1,inverse-j,0.04,-20%,7,13280.70554056113,8745.120259295,113220258.05168992,,,infeasible
13,invj-4pc-k1,inverse-j,0.04,-20%,8,10624.564432448906,9918.166562678056,115234759.86987633,,,infeasible
13,invj-4pc-k1,inverse-j,0.04,-20%,9,8499.651545959125,7934.533245532,115146336.75746219,,,infeasible
13,invj-4pc-k1,inverse-j,0.04,-20%,10,6799.721236767301,15403.0532084685,117381150.62281317,115969663.3385492,1411487.2842639685,suboptimal
13,invj-4pc-k1,inverse-j,0.04,-20%,11,5439.776989413842,12548.736137588334,111645835.7930494,110532290.91791594,1113544.8751334548,suboptimal
13,invj-4pc-k1,inverse-j,0.04,-20%,12,4351.821591531073,10038.988907642,113095986.6580678,112198173.26627937,897813.3917884231,suboptimal
13,invj-4pc-k1,inverse-j,0.04,-20%,13,7014.845403251762,11683.00404823711,116268112.09966873,115718500.751457,549611.3482117206,suboptimal
13,invj-4pc-k1,inverse-j,0.04,-20%,14,14089.389793507096,9346.4032365075,114588074.46585691,,,infeasible
13,invj-4pc-k1,inverse-j,0.04,-20%,15,55714.86159406538,11929.599550828501,116801822.18656126,,,infeasible
13,invj-4pc-k1,inverse-j,0.04,+/-10%,1,15168.286084789477,15168.286084789477,114015324.70915009,114015324.70915009,0.0,optimal
13,invj-4pc-k1,inverse-j,0.04,+/-10%,2,13651.457476310527,14174.411332780059,114188836.43492357,114179198.42540649,9638.009517088532,suboptimal
13,invj-4pc-k1,inverse-j,0.04,+/-10%,3,12286.311728679477,13296.966094956597,112566397.10418741,112508373.94967051,58023.154516905546,suboptimal
13,invj-4pc-k1,inverse-j,0.04,+/-10%,4,11057.68055581153,12579.6410122959,112129247.48559953,111959987.61278544,169259.87281408906,suboptimal
13,invj-4pc-k1,inverse-j,0.04,+/-10%,5,11181.779659352624,12637.85950432043,112928529.7789902,112687250.11641458,241279.66257561743,suboptimal
13,invj-4pc-k1,inverse-j,0.04,+/-10%,6,10063.601693417362,12054.994433509173,112236770.2901038,111912555.16102451,324215.1290792823,suboptimal
13,invj-4pc-k1,inverse-j,0.04,+/-10%,7,9057.241524075627,11240.357101413054,111588004.22604497,111229482.31747691,358521.90856805444,suboptimal
13,invj-4pc-k1,inverse-j,0.04,+/-10%,8,9684.438478811073,10876.34209119158,111811299.73915781,111654483.84044163,156815.89871618152,suboptimal
13,invj-4pc-k1,inverse-j,0.04,+/-10%,9,10652.882326692183,9788.707881794953,111527687.07465081,,,infeasible
13,invj-4pc-k1,inverse-j,0.04,+/-10%,10,11718.170559361402,8809.837094417,111510116.33904257,,,infeasible
13,invj-4pc-k1,inverse-j,0.04,+/-10%,11,12889.987615297541,13034.484934784687,112711188.36828758,112710884.56631517,303.80197240412235,suboptimal
13,invj-4pc-k1,inverse-j,0.04,+/-10%,12,14178.986376827295,12369.762875826998,110939956.49577384,,,infeasible
13,invj-4pc-k1,inverse-j,0.04,+/-10%,13,15596.885014510024,11928.191069733462,110832651.37382649,,,infeasible
13,invj-4pc-k1,inverse-j,0.04,+/-10%,14,17156.57351596103,10934.365846915794,110303928.2348431,,,infeasible
13,invj-4pc-k1,inverse-j,0.04,+/-10%,15,18872.23086755713,10798.129556361542,111010972.72615448,,,infeasible
13,invj-4pc-k1,inverse-j,0.04,+/-20%,1,14956.654978585397,14956.654978585397,115268520.62302276,115268520.62302276,0.0,optimal
13,invj-4pc-k1,inverse-j,0.04,+/-20%,2,11965.323982868313,16640.835466033135,115358733.3319112,115217965.62200521,140767.70990599692,suboptimal
13,invj-4pc-k1,inverse-j,0.04,+/-20%,3,9572.259186294654,16544.384879855807,112580248.00819585,112004682.71049859,575565.297697261,suboptimal
13,invj-4pc-k1,inverse-j,0.04,+/-20%,4,11486.711023553587,13624.226055388626,111316371.50416663,111157067.34997042,159304.15419621766,suboptimal
13,invj-4pc-k1,inverse-j,0.04,+/-20%,5,13784.053228264298,11310.576968604511,111616976.53475313,,,infeasible
13,invj-4pc-k1,inverse-j,0.04,+/-20%,6,11697.462784829999,9048.4615727745,110707307.36653033,,,infeasible
13,invj-4pc-k1,inverse-j,0.04,+/-20%,7,10735.126372037743,10673.011981955,111825086.62171677,111825086.62171675,1.4901161193847656e-08,optimal
13,invj-4pc-k1,inverse-j,0.04,+/-20%,8,10516.715523726036,9206.570601282501,111735092.83664109,,,infeasible
13,invj-4pc-k1,inverse-j,0.04,+/-20%,9,8413.372418980829,7365.256482591,111923092.6613022,,,infeasible
13,invj-4pc-k1,inverse-j,0.04,+/-20%,10,9218.097462956426,13225.9882872575,115801504.5958826,114767814.41489029,1033690.1809923053,suboptimal
13,invj-4pc-k1,inverse-j,0.04,+/-20%,11,11061.71695554771,14837.377430814147,112927124.01152942,112279229.33775821,647894.6737712026,suboptimal
13,invj-4pc-k1,inverse-j,0.04,+/-20%,12,13274.060346657256,11869.9019474295,111044973.25622275,,,infeasible
13,invj-4pc-k1,inverse-j,0.04,+/-20%,13,15928.872415988706,12295.40446790222,111885212.71026178,,,infeasible
13,invj-4pc-k1,inverse-j,0.04,+/-20%,14,19114.646899186442,9836.323573135,109803180.18772472,,,infeasible
13,invj-4pc-k1,inverse-j,0.04,+/-20%,15,22937.576279023728,9639.2102744125,111077764.94944507,,,infeasible
13,invj-4pc-k2,inverse-j,0.04,NHF,1,39211.36599963834,39211.36599963834,88243973.96735804,88243973.96735804,0.0,optimal
13,invj-4pc-k2,inverse-j,0.04,NHF,2,6860.158841772501,8987.1235248855,71527386.71296407,71243905.89831959,283480.8146444857,suboptimal
13,invj-4pc-k2,inverse-j,0.04,NHF,3,901.4146170700001,6109.8582264834995,75634976.78333655,74707635.8696962,927340.9136403501,suboptimal
13,invj-4pc-k2,inverse-j,0.04,NHF,4,0.0,6532.295094427001,78494213.31416757,77123649.6582969,1370563.655870676,suboptimal
13,invj-4pc-k2,inverse-j,0.04,NHF,5,18717.193282686,7820.575240757,82130483.93553422,,,infeasible
13,invj-4pc-k2,inverse-j,0.04,NHF,6,8031.986188079501,8247.1558219795,83953046.4826735,83923491.47425678,29555.008416712284,suboptimal
13,invj-4pc-k2,inverse-j,0.04,NHF,7,10613.990452292499,14484.18287,87225733.64343284,86378964.1878271,846769.4556057453,suboptimal
13,invj-4pc-k2,inverse-j,0.04,NHF,8,20325.821542887497,14194.591020227497,86141548.2016837,,,infeasible
13,invj-4pc-k2,inverse-j,0.04,NHF,9,13007.822234126668,18442.6747096655,83709759.79025243,82294484.79082257,1415274.9994298667,suboptimal
13,invj-4pc-k2,inverse-j,0.04,NHF,10,3660.34686603,6407.166513433501,74603270.4383795,73879656.7169573,723613.7214221954,suboptimal
13,invj-4pc-k2,inverse-j,0.04,NHF,11,1522.7949626299999,7834.585739882,80504847.9505844,78792786.2447384,1712061.7058459967,suboptimal
13,invj-4pc-k2,inverse-j,0.04,NHF,12,2758.4851184299996,6613.878234127001,82178411.72464445,81151943.82448767,1026467.9001567811,suboptimal
13,invj-4pc-k2,inverse-j,0.04,NHF,13,9743.278671070002,15573.634229359495,86832053.78415012,85483540.6225366,1348513.161613524,suboptimal
13,invj-4pc-k2,inverse-j,0.04,NHF,14,7141.213286384999,8621.013502335001,81592776.01254947,81281791.46376453,310984.54878494143,suboptimal
13,invj-4pc-k2,inverse-j,0.04,NHF,15,55075.34334602718,12529.873717757502,84474977.65693216,,,infeasible
13,invj-4pc-k2,inverse-j,0.04,NDY,1,11344.551120112028,11344.551120112028,82178113.95606089,82178113.95606089,0.0,optimal
13,invj-4pc-k2,inverse-j,0.04,NDY,2,11344.551120112028,11312.599607419455,83944634.12015378,83944634.12015378,0.0,optimal
13,invj-4pc-k2,inverse-j,0.04,NDY,3,11344.551120112028,10989.716678071018,84450978.88121867,84367757.29117347,83221.5900451988,suboptimal
13,invj-4pc-k2,inverse-j,0.04,NDY,4,11344.551120112032,10589.081750563775,84198623.689936,83742896.37143055,455727.3185054511,suboptimal
13,invj-4pc-k2,inverse-j,0.04,NDY,5,11344.551120112026,10362.757448293023,84454834.41103381,83766609.23956995,688225.1714638621,suboptimal
13,invj-4pc-k2,inverse-j,0.04,NDY,6,11344.551120112028,10349.718110654498,84049699.26217894,83141580.66331643,908118.5988625139,suboptimal
13,invj-4pc-k2,inverse-j,0.04,NDY,7,11344.55112011203,10449.458598363428,84773955.06775068,83912124.14600396,861830.9217467159,suboptimal
13,invj-4pc-k2,inverse-j,0.04,NDY,8,11344.55112011203,10531.807071696812,84988584.85373652,84164030.98127721,824553.8724593073,suboptimal
13,invj-4pc-k2,inverse-j,0.04,NDY,9,11344.55112011203,10450.34876967804,84850197.27967343,83780668.03743903,1069529.242234394,suboptimal
13,invj-4pc-k2,inverse-j,0.04,NDY,10,11344.551120112032,10443.877989208302,84421942.82863991,83456000.66856307,965942.1600768417,suboptimal
13,invj-4pc-k2,inverse-j,0.04,NDY,11,11344.551120112032,10325.250154798176,83540261.2318252,82498969.74329443,1041291.48853077,suboptimal
13,invj-4pc-k2,inverse-j,0.04,NDY,12,11344.551120112032,10169.693104264283,83263265.9733083,82061554.59317692,1201711.3801313788,suboptimal
13,invj-4pc-k2,inverse-j,0.04,NDY,13,11344.551120112028,10058.519827733551,83443207.94139075,81756495.00985289,1686712.9315378666,suboptimal
13,invj-4pc-k2,inverse-j,0.04,NDY,14,11344.55112011203,10078.899501361035,83476007.98881328,81914753.25150706,1561254.7373062223,suboptimal
13,invj-4pc-k2,inverse-j,0.04,NDY,15,37123.2928204547,10472.000943333549,84647372.43651064,,,infeasible
13,invj-4pc-k2,inverse-j,0.04,-10%,1,17042.22995820792,17042.22995820792,84613845.3025755,84613845.3025755,0.0,optimal
13,invj-4pc-k2,inverse-j,0.04,-10%,2,15338.006962387126,15463.01395216415,83730957.35110404,83730957.35110402,1.4901161193847656e-08,optimal
13,invj-4pc-k2,inverse-j,0.04,-10%,3,13804.20626614842,14029.50435974182,81660533.34402964,81660486.21448357,47.12954606115818,optimal
13,invj-4pc-k2,inverse-j,0.04,-10%,4,12423.785639533578,12991.294802014138,82793866.37871428,82727461.46303782,66404.91567645967,suboptimal
13,invj-4pc-k2,inverse-j,0.04,-10%,5,11181.407075580219,11699.365083404615,83978127.6234698,83882922.86542904,95204.75804075599,suboptimal
13,invj-4pc-k2,inverse-j,0.04,-10%,6,10063.266368022198,10529.4285709795,82235454.99672233,82155341.9312857,80113.06543663144,suboptimal
13,invj-4pc-k2,inverse-j,0.04,-10%,7,9056.939731219978,9936.496087955002,81943588.922341,81752939.60400291,190649.31833809614,suboptimal
13,invj-4pc-k2,inverse-j,0.04,-10%,8,9495.316693831623,9993.15051296605,82870630.63718477,82757446.8544223,113183.78276246786,suboptimal
13,invj-4pc-k2,inverse-j,0.04,-10%,9,8545.785024448458,8993.835458366999,82333180.76385519,82230973.80339901,102206.96045617759,suboptimal
13,invj-4pc-k2,inverse-j,0.04,-10%,10,7691.206522003613,13543.211271707034,84019504.72146115,82079710.9905847,1939793.7308764458,suboptimal
13,invj-4pc-k2,inverse-j,0.04,-10%,11,6922.085869803253,12104.193188327894,81234622.13729368,79614670.67050605,1619951.4667876363,suboptimal
13,invj-4pc-k2,inverse-j,0.04,-10%,12,6229.8772828229285,10893.773868502001,82325222.97804059,80904777.87356706,1420445.1044735312,suboptimal
13,invj-4pc-k2,inverse-j,0.04,-10%,13,5606.889554540636,10968.896445743394,83479653.71852966,81904051.05629258,1575602.662237078,suboptimal
13,invj-4pc-k2,inverse-j,0.04,-10%,14,6371.346808255001,9872.006804235,82746892.58826537,81720603.81814425,1026288.7701211274,suboptimal
13,invj-4pc-k2,inverse-j,0.04,-10%,15,58824.61596415558,11230.779421804706,84260813.33503929,,,infeasible
13,invj-4pc-k2,inverse-j,0.04,-20%,1,21075.44230120478,21075.44230120478,85390954.88954714,85390954.88954714,0.0,optimal
13,invj-4pc-k2,inverse-j,0.04,-20%,2,16860.353840963824,16996.6499950671,82040013.55224842,82040013.55224842,0.0,optimal
13,invj-4pc-k2,inverse-j,0.04,-20%,3,13488.283072771063,13914.878555212961,80249583.72894762,80202217.44336748,47366.28558014333,suboptimal
13,invj-4pc-k2,inverse-j,0.04,-20%,4,10790.626458216848,11141.1155252258,80666482.96176554,80635947.05680573,30535.90495981276,suboptimal
13,invj-4pc-k2,inverse-j,0.04,-20%,5,8632.50116657348,8912.892422636998,80846882.5695116,80804349.09392102,42533.47559058666,suboptimal
13,invj-4pc-k2,inverse-j,0.04,-20%,6,7012.3675523395,8247.1558219795,81474080.56653912,81208278.76469347,265801.80184565485,suboptimal
13,invj-4pc-k2,inverse-j,0.04,-20%,7,6123.86388904,9286.153378535,83201592.98229901,82488706.13230816,712886.8499908596,suboptimal
13,invj-4pc-k2,inverse-j,0.04,-20%,8,13490.57553521548,13468.211014098499,85783174.15074307,85783174.15074307,0.0,optimal
13,invj-4pc-k2,inverse-j,0.04,-20%,9,10792.460428172382,12808.880951796498,83268281.72152844,82716297.02875307,551984.6927753687,suboptimal
13,invj-4pc-k2,inverse-j,0.04,-20%,10,8633.968342537908,12909.216703599706,81705869.51957648,80374261.53302106,1331607.9865554124,suboptimal
13,invj-4pc-k2,inverse-j,0.04,-20%,11,6907.174674030326,10339.413419057299,79618147.55953187,78729641.08541934,888506.4741125256,suboptimal
13,invj-4pc-k2,inverse-j,0.04,-20%,12,5525.739739224262,8271.530738792,81205066.57585827,80485293.57500954,719773.0008487254,suboptimal
13,invj-4pc-k2,inverse-j,0.04,-20%,13,4572.62296546124,10645.1216195695,84046876.1794859,82543786.14292188,1503090.0365640223,suboptimal
13,invj-4pc-k2,inverse-j,0.04,-20%,14,7387.362834816979,9819.224131245,83389947.39339417,82795644.48712592,594302.9062682539,suboptimal
13,invj-4pc-k2,inverse-j,0.04,-20%,15,57359.46809590926,13125.171992531827,85241897.6813461,,,infeasible
13,invj-4pc-k2,inverse-j,0.04,+/-10%,1,16204.394300143027,16204.394300143027,82053319.52890493,82053319.52890493,0.0,optimal
13,invj-4pc-k2,inverse-j,0.04,+/-10%,2,14583.954870128722,14963.997449299883,81499202.06432995,81483657.24043341,15544.823896542192,suboptimal
13,invj-4pc-k2,inverse-j,0.04,+/-10%,3,13125.559383115853,14100.533739204313,80381818.77337569,80250759.70492868,131059.06844700873,suboptimal
13,invj-4pc-k2,inverse-j,0.04,+/-10%,4,11813.00344480427,13141.743122560225,80241422.01139191,79968705.2809956,272716.73039630055,suboptimal
13,invj-4pc-k2,inverse-j,0.04,+/-10%,5,10631.70310032384,12202.38726970135,80195240.15319099,79738067.31784885,457172.835342139,suboptimal
13,invj-4pc-k2,inverse-j,0.04,+/-10%,6,9568.532790291456,10983.96859954697,79589623.0340017,79208657.50520626,380965.528795436,suboptimal
13,invj-4pc-k2,inverse-j,0.04,+/-10%,7,8619.411061420013,9885.571737065,79263668.96680278,78783056.22546813,480612.74133464694,suboptimal
13,invj-4pc-k2,inverse-j,0.04,+/-10%,8,9481.352167562014,11049.645601537706,80629610.25233579,80140718.81897339,488891.4333623946,suboptimal
13,invj-4pc-k2,inverse-j,0.04,+/-10%,9,10429.487384318216,9944.681044181,79833496.14455442,,,infeasible
13,invj-4pc-k2,inverse-j,0.04,+/-10%,10,11472.436122750041,9871.1660795075,79857659.61298133,,,infeasible
13,invj-4pc-k2,inverse-j,0.04,+/-10%,11,12619.679735025045,12023.765742455,80612258.0766285,,,infeasible
13,invj-4pc-k2,inverse-j,0.04,+/-10%,12,13881.647708527547,12527.044962790482,80252521.54909074,,,infeasible
13,invj-4pc-k2,inverse-j,0.04,+/-10%,13,15269.812479380305,11297.772201218419,79472864.83636424,,,infeasible
13,invj-4pc-k2,inverse-j,0.04,+/-10%,14,16796.793727318338,10167.99498277,79146594.17759,,,infeasible
13,invj-4pc-k2,inverse-j,0.04,+/-10%,15,18476.47310005017,11511.471790066807,80643681.56185551,,,infeasible
13,invj-4pc-k2,inverse-j,0.04,+/-20%,1,21094.562688157337,21094.562688157337,83637532.324283,83637532.324283,0.0,optimal
13,invj-4pc-k2,inverse-j,0.04,+/-20%,2,16875.65015052587,17048.07845809812,80471813.14678293,80471805.91979021,7.226992726325989,optimal
13,invj-4pc-k2,inverse-j,0.04,+/-20%,3,13500.520120420699,13975.901422779923,78451830.0759129,78398131.35394134,53698.721971556544,suboptimal
13,invj-4pc-k2,inverse-j,0.04,+/-20%,4,10800.416096336556,11175.259240601905,78808922.65713836,78772182.41795312,36740.239185243845,suboptimal
13,invj-4pc-k2,inverse-j,0.04,+/-20%,5,8640.332877069248,8940.207389481999,78854909.26643057,78810168.77498683,44740.49144373834,suboptimal
13,invj-4pc-k2,inverse-j,0.04,+/-20%,6,6912.266301655399,8247.1558219795,79627416.32897887,78876859.53780364,750556.7911752313,suboptimal
13,invj-4pc-k2,inverse-j,0.04,+/-20%,7,6090.249607473308,10308.102190315,81506337.81781772,79017581.50156349,2488756.3162542284,suboptimal
13,invj-4pc-k2,inverse-j,0.04,+/-20%,8,7308.299528967968,11276.3601343375,82672355.32779276,80461170.97131903,2211184.356473729,suboptimal
13,invj-4pc-k2,inverse-j,0.04,+/-20%,9,8769.959434761562,11401.4592717435,82226690.4450126,80832269.16600662,1394421.2790059745,suboptimal
13,invj-4pc-k2,inverse-j,0.04,+/-20%,10,9507.30405391824,14232.521886741304,82156324.38025431,80409657.29511555,1746667.085138768,suboptimal
13,invj-4pc-k2,inverse-j,0.04,+/-20%,11,11408.764864701889,11382.447909680419,79114478.7280667,79114478.7280667,0.0,optimal
13,invj-4pc-k2,inverse-j,0.04,+/-20%,12,13690.517837642266,9105.958323112,79511803.97187425,,,infeasible
13,invj-4pc-k2,inverse-j,0.04,+/-20%,13,16428.62140517072,11429.719072762438,81251275.29876868,,,infeasible
13,invj-4pc-k2,inverse-j,0.04,+/-20%,14,19714.34568620486,9143.77526033,80255514.34537752,,,infeasible
13,invj-4pc-k2,inverse-j,0.04,+/-20%,15,23657.214823445822,12172.392862914212,82623801.7587563,,,infeasible
14,linear-4pc-0pc,linear,0.04,NHF,1,40680.487381400846,40680.487381400846,45396930.47689889,45396930.47689889,0.0,optimal
14,linear-4pc-0pc,linear,0.04,NHF,2,6180.765471885001,6180.765471885001,26979209.83899235,26979209.83899235,0.0,optimal
14,linear-4pc-0pc,linear,0.04,NHF,3,7398.951956925502,7398.951956925502,30600683.366024546,30600683.366024546,0.0,optimal
14,linear-4pc-0pc,linear,0.04,NHF,4,5238.369678209,5238.369678209,32674027.848568283,32674027.848568283,0.0,optimal
14,linear-4pc-0pc,linear,0.04,NHF,5,7926.023978586,7926.023978586,37747277.45542135,37747277.45542135,0.0,optimal
14,linear-4pc-0pc,linear,0.04,NHF,6,6902.708798378,6902.708798378,40134583.413110346,40134583.413110346,0.0,optimal
14,linear-4pc-0pc,linear,0.04,NHF,7,15034.1292018,15034.1292018,45692613.017499916,45692613.017499916,0.0,optimal
14,linear-4pc-0pc,linear,0.04,NHF,8,14906.178598849501,15686.1526947195,44326324.381213926,44221434.09896404,104890.28224988282,suboptimal
14,linear-4pc-0pc,linear,0.04,NHF,9,12142.802944064999,16584.486650500003,40025795.794900775,39055317.45156745,970478.3433333263,suboptimal
14,linear-4pc-0pc,linear,0.04,NHF,10,3711.42207888,8240.1181589455,32874826.425126176,31773570.434308685,1101255.990817491,suboptimal
14,linear-4pc-0pc,linear,0.04,NHF,11,2642.6543178399997,7414.457395089001,34572862.31730812,33429234.624360006,1143627.6929481141,suboptimal
14,linear-4pc-0pc,linear,0.04,NHF,12,908.76098658,5557.497280136,36646406.27016594,35447650.62868249,1198755.641483456,suboptimal
14,linear-4pc-0pc,linear,0.04,NHF,13,5406.0989981249995,15671.941645337998,42056004.313044086,39664311.85746834,2391692.4555757493,suboptimal
14,linear-4pc-0pc,linear,0.04,NHF,14,0.0,6631.77446814,37410494.57072468,35584288.66619491,1826205.9045297727,suboptimal
14,linear-4pc-0pc,linear,0.04,NHF,15,64077.816740699396,14908.558001959498,42593409.89802406,,,infeasible
14,linear-4pc-0pc,linear,0.04,NDY,1,12154.60681483289,12154.60681483289,36410580.04308203,36410580.04308203,0.0,optimal
14,linear-4pc-0pc,linear,0.04,NDY,2,12154.606814832892,12021.921156275335,37590514.299726866,37590138.407516666,375.89221020042896,suboptimal
14,linear-4pc-0pc,linear,0.04,NDY,3,12154.60681483289,11865.508806497182,39118052.70595127,,,infeasible
14,linear-4pc-0pc,linear,0.04,NDY,4,12154.606814832892,11736.16843026658,40324242.470789954,,,infeasible
14,linear-4pc-0pc,linear,0.04,NDY,5,12154.60681483289,11640.900086104886,41229440.93514813,,,infeasible
14,linear-4pc-0pc,linear,0.04,NDY,6,12154.606814832896,11530.135747511566,40555206.37699144,,,infeasible
14,linear-4pc-0pc,linear,0.04,NDY,7,12154.606814832896,11471.747249070591,40537011.79470237,,,infeasible
14,linear-4pc-0pc,linear,0.04,NDY,8,12154.606814832894,11392.023705934853,40318494.72214577,,,infeasible
14,linear-4pc-0pc,linear,0.04,NDY,9,12154.60681483289,11337.64502317944,39949964.9776267,,,infeasible
14,linear-4pc-0pc,linear,0.04,NDY,10,12154.606814832894,11301.649705829539,39847867.910506524,,,infeasible
14,linear-4pc-0pc,linear,0.04,NDY,11,12154.606814832894,11253.20530617607,39672093.575079195,,,infeasible
14,linear-4pc-0pc,linear,0.04,NDY,12,12154.60681483289,11226.08619339799,39521099.045505054,,,infeasible
14,linear-4pc-0pc,linear,0.04,NDY,13,12154.606814832894,11175.081774037997,39525391.05321051,,,infeasible
14,linear-4pc-0pc,linear,0.04,NDY,14,12154.606814832889,11134.649327360541,39346206.49757959,,,infeasible
14,linear-4pc-0pc,linear,0.04,NDY,15,13715.58503286743,11102.849242746837,39499521.11774558,,,infeasible
14,linear-4pc-0pc,linear,0.04,-10%,1,17230.017359513284,17230.017359513284,40575083.47604244,40575083.47604244,0.0,optimal
14,linear-4pc-0pc,linear,0.04,-10%,2,15507.01562356195,15517.764688813764,40151302.805881,40151302.805881,0.0,optimal
14,linear-4pc-0pc,linear,0.04,-10%,3,13956.314061205754,13931.923346244603,39788040.56668683,39788040.56668683,0.0,optimal
14,linear-4pc-0pc,linear,0.04,-10%,4,12560.682655085177,12524.362940131316,39460452.13501505,39460452.13501505,0.0,optimal
14,linear-4pc-0pc,linear,0.04,-10%,5,11304.61438957666,11257.05438040884,39143395.86582105,39143395.86582105,0.0,optimal
14,linear-4pc-0pc,linear,0.04,-10%,6,10174.152950618995,10131.3489373405,38164760.89578027,38164760.89578027,0.0,optimal
14,linear-4pc-0pc,linear,0.04,-10%,7,9944.122489738033,9944.122491769998,38879028.24068767,38879028.24068767,0.0,optimal
14,linear-4pc-0pc,linear,0.04,-10%,8,10127.254102548266,11805.742543185499,40297250.16224043,39989350.95436251,307899.2078779191,suboptimal
14,linear-4pc-0pc,linear,0.04,-10%,9,9114.528692293441,10625.168290694999,39202013.618882924,38741510.40422273,460503.2146601975,suboptimal
14,linear-4pc-0pc,linear,0.04,-10%,10,8203.075823064097,12672.151942015138,40006319.2744243,38341319.30800706,1664999.966417238,suboptimal
14,linear-4pc-0pc,linear,0.04,-10%,11,7382.768240757689,11404.221639905149,38162351.74580905,36979009.98654407,1183341.7592649758,suboptimal
14,linear-4pc-0pc,linear,0.04,-10%,12,6644.49141668192,10263.799476664,37320449.30951807,36505319.24570357,815130.0638144985,suboptimal
14,linear-4pc-0pc,linear,0.04,-10%,13,5980.042275013728,9566.625232173794,37420052.76028961,36636445.14917618,783607.6111134291,suboptimal
14,linear-4pc-0pc,linear,0.04,-10%,14,5382.038047512354,8609.962710945,38357506.02677888,37343722.435831845,1013783.590947032,suboptimal
14,linear-4pc-0pc,linear,0.04,-10%,15,49621.58132552496,12644.47386478778,41071524.02701983,,,infeasible
14,linear-4pc-0pc,linear,0.04,-20%,1,21337.065653132377,21337.065653132377,42163604.9159158,42163604.9159158,0.0,optimal
14,linear-4pc-0pc,linear,0.04,-20%,2,17069.65252250591,17031.18673027251,39056797.36193344,39056797.36193344,0.0,optimal
14,linear-4pc-0pc,linear,0.04,-20%,3,13655.722018004724,13612.250168190509,37175971.39698318,37175971.39698318,0.0,optimal
14,linear-4pc-0pc,linear,0.04,-20%,4,10924.57761440378,10891.17047942784,36083003.9388322,36083003.9388322,0.0,optimal
14,linear-4pc-0pc,linear,0.04,-20%,5,8739.662091523027,8712.936381605095,35977331.93610849,35977331.93610849,0.0,optimal
14,linear-4pc-0pc,linear,0.04,-20%,6,6991.729673218421,6970.349103188,36830951.99387023,36830951.99387023,0.0,optimal
14,linear-4pc-0pc,linear,0.04,-20%,7,8946.690177589846,8946.69017674,40786853.879408024,40786853.879408024,0.0,optimal
14,linear-4pc-0pc,linear,0.04,-20%,8,12731.54187783373,15103.974448130497,44284743.00850056,43575599.34889174,709143.6596088186,suboptimal
14,linear-4pc-0pc,linear,0.04,-20%,9,10185.233502266983,14855.343863998312,41110545.97887021,39664573.46196269,1445972.5169075206,suboptimal
14,linear-4pc-0pc,linear,0.04,-20%,10,8148.186801813587,11918.739445172472,37450966.294062085,36414092.9112847,1036873.3827773854,suboptimal
14,linear-4pc-0pc,linear,0.04,-20%,11,6518.54944145087,9534.857374905776,35624666.439867355,35032561.27117877,592105.1686885878,suboptimal
14,linear-4pc-0pc,linear,0.04,-20%,12,5214.839553160696,7627.885900453501,35669829.01175668,35229787.56083932,440041.45091736317,suboptimal
14,linear-4pc-0pc,linear,0.04,-20%,13,4171.8716425285575,8881.825155262999,38080412.72665758,37015186.83266134,1065225.8939962387,suboptimal
14,linear-4pc-0pc,linear,0.04,-20%,14,4709.213936679431,10404.401197169998,40095371.2914789,38445935.445316456,1649435.8461624458,suboptimal
14,linear-4pc-0pc,linear,0.04,-20%,15,54222.999216844895,12874.28696112283,41694447.80516217,,,infeasible
14,linear-4pc-0pc,linear,0.04,+/-10%,1,17262.78946430496,17262.78946430496,40253773.792109415,40253773.792109415,0.0,optimal
14,linear-4pc-0pc,linear,0.04,+/-10%,2,15536.51051787446,15533.533874859066,39736001.08365175,39736001.08365175,0.0,optimal
14,linear-4pc-0pc,linear,0.04,+/-10%,3,13982.859466087011,13942.704286583717,39395155.49965068,39395155.49965068,0.0,optimal
14,linear-4pc-0pc,linear,0.04,+/-10%,4,12584.573519478312,12532.160492817397,38951919.00572537,38951919.00572537,0.0,optimal
14,linear-4pc-0pc,linear,0.04,+/-10%,5,11326.116167530481,11056.98878888587,38652525.13559727,38639595.736261845,12929.399335429072,suboptimal
14,linear-4pc-0pc,linear,0.04,+/-10%,6,10193.504550777434,9955.686483241992,37957256.21483751,37941228.30238703,16027.91245047748,suboptimal
14,linear-4pc-0pc,linear,0.04,+/-10%,7,9563.391328425892,10097.198026024998,38802336.06410134,38372113.685419574,430222.378681764,suboptimal
14,linear-4pc-0pc,linear,0.04,+/-10%,8,10519.730461268487,11465.0352457505,40149882.44783191,39793213.120346606,356669.3274853006,suboptimal
14,linear-4pc-0pc,linear,0.04,+/-10%,9,10621.200195628788,11792.0352375575,39590443.32363353,39074288.527184054,516154.796449475,suboptimal
14,linear-4pc-0pc,linear,0.04,+/-10%,10,9559.08017606591,12326.584704873212,39252329.11733901,37981680.7674551,1270648.3498839065,suboptimal
14,linear-4pc-0pc,linear,0.04,+/-10%,11,10514.9881936725,11092.29321613876,37651295.46430783,37556768.70465959,94526.7596482411,suboptimal
14,linear-4pc-0pc,linear,0.04,+/-10%,12,11566.487013039752,9983.0638925455,36901299.29290638,,,infeasible
14,linear-4pc-0pc,linear,0.04,+/-10%,13,12723.135714343729,9676.997114755275,37435669.83994304,,,infeasible
14,linear-4pc-0pc,linear,0.04,+/-10%,14,13995.449285778104,9728.17634835,38413102.76181928,,,infeasible
14,linear-4pc-0pc,linear,0.04,+/-10%,15,15394.994214355915,11421.1667973455,40045087.24923343,,,infeasible
14,linear-4pc-0pc,linear,0.04,+/-20%,1,21349.738134584943,21349.738134584943,41813167.63123874,41813167.63123874,0.0,optimal
14,linear-4pc-0pc,linear,0.04,+/-20%,2,17079.790507667953,17003.330298670768,38397303.97832429,38397303.97832429,0.0,optimal
14,linear-4pc-0pc,linear,0.04,+/-20%,3,13663.832406134361,13574.308024016045,36492127.44044581,36492127.44044581,0.0,optimal
14,linear-4pc-0pc,linear,0.04,+/-20%,4,10931.065924907489,10863.061547867002,35117884.77907475,35117884.77907475,0.0,optimal
14,linear-4pc-0pc,linear,0.04,+/-20%,5,8744.852739925995,8434.945630177306,34972009.45591682,34964064.51318391,7944.942732915282,suboptimal
14,linear-4pc-0pc,linear,0.04,+/-20%,6,6995.882191940796,7413.479663217825,35955171.7510216,35345407.81567422,609763.9353473783,suboptimal
14,linear-4pc-0pc,linear,0.04,+/-20%,7,8395.058630328955,8896.175592434998,38979555.84944996,38395643.90603337,583911.9434165955,suboptimal
14,linear-4pc-0pc,linear,0.04,+/-20%,8,10074.070356394746,13732.795203065498,43494090.21274853,41123780.621045835,2370309.591702692,suboptimal
14,linear-4pc-0pc,linear,0.04,+/-20%,9,12088.884427673693,15432.876577920824,41777533.36484701,40718866.70936094,1058666.6554860696,suboptimal
14,linear-4pc-0pc,linear,0.04,+/-20%,10,9671.107542138958,12345.825026861077,37818182.01938332,37092345.98644911,725836.0329342112,suboptimal
14,linear-4pc-0pc,linear,0.04,+/-20%,11,9193.70927103358,9876.307142367907,35752709.601530984,35653911.142562605,98798.4589683786,suboptimal
14,linear-4pc-0pc,linear,0.04,+/-20%,12,11032.451125240295,7901.045718278499,35545504.83374039,,,infeasible
14,linear-4pc-0pc,linear,0.04,+/-20%,13,13238.941350288353,9637.080129113,37754480.46760284,,,infeasible
14,linear-4pc-0pc,linear,0.04,+/-20%,14,15886.729620346025,10000.843741249999,38779476.663230106,,,infeasible
14,linear-4pc-0pc,linear,0.04,+/-20%,15,19064.07554441523,11268.2123539605,40154962.65375977,,,infeasible
14,linear-6pc-0pc,linear,0.06,NHF,1,40680.487381400846,40680.487381400846,28833290.19129975,28833290.19129975,0.0,optimal
14,linear-6pc-0pc,linear,0.06,NHF,2,6180.765471885001,6180.765471885001,13110488.466849267,13110488.466849267,0.0,optimal
14,linear-6pc-0pc,linear,0.06,NHF,3,7398.951956925502,7398.951956925502,15162772.314574692,15162772.314574692,0.0,optimal
14,linear-6pc-0pc,linear,0.06,NHF,4,5238.369678209,5238.369678209,16301143.675716385,16301143.675716385,0.0,optimal
14,linear-6pc-0pc,linear,0.06,NHF,5,7926.023978586,7926.023978586,20072155.118683092,20072155.118683092,0.0,optimal
14,linear-6pc-0pc,linear,0.06,NHF,6,6902.708798378,6902.708798378,21993702.693391774,21993702.693391774,0.0,optimal
14,linear-6pc-0pc,linear,0.06,NHF,7,15034.1292018,15034.1292018,27176348.508136343,27176348.508136343,0.0,optimal
14,linear-6pc-0pc,linear,0.06,NHF,8,15686.1526947195,15686.1526947195,26539551.623209424,26539551.623209424,0.0,optimal
14,linear-6pc-0pc,linear,0.06,NHF,9,16584.486650500003,16584.486650500003,23549872.709730703,23549872.709730703,0.0,optimal
14,linear-6pc-0pc,linear,0.06,NHF,10,5756.162840487501,8240.1181589455,17455450.47322223,16835704.453359876,619746.0198623538,suboptimal
14,linear-6pc-0pc,linear,0.06,NHF,11,3945.8163835349997,7414.457395089001,17956082.38364291,17042683.844950642,913398.5386922657,suboptimal
14,linear-6pc-0pc,linear,0.06,NHF,12,1493.89534476,5557.497280136,19393373.06507344,18258371.23944385,1135001.825629592,suboptimal
14,linear-6pc-0pc,linear,0.06,NHF,13,3126.46903226,15671.941645337998,24216986.524663497,20776406.74202861,3440579.782634888,suboptimal
14,linear-6pc-0pc,linear,0.06,NHF,14,0.0,6631.77446814,20297174.522709426,18313086.258972418,1984088.263737008,suboptimal
14,linear-6pc-0pc,linear,0.06,NHF,15,51752.46938693524,14908.558001959498,24751310.26846463,,,infeasible
14,linear-6pc-0pc,linear,0.06,NDY,1,12045.134980485327,12045.134980485327,19537855.33396033,19537855.333960332,-3.725290298461914e-09,optimal
14,linear-6pc-0pc,linear,0.06,NDY,2,12045.134980485325,11866.961431150406,19951933.78206578,19940363.58126003,11570.200805749744,suboptimal
14,linear-6pc-0pc,linear,0.06,NDY,3,12045.134980485323,11713.489064224977,20990710.71799971,,,infeasible
14,linear-6pc-0pc,linear,0.06,NDY,4,12045.134980485325,11620.350167891924,22009646.93085466,,,infeasible
14,linear-6pc-0pc,linear,0.06,NDY,5,12045.134980485325,11553.004762857348,22820339.899644695,,,infeasible
14,linear-6pc-0pc,linear,0.06,NDY,6,12045.134980485327,11470.2371146035,22594543.94091136,,,infeasible
14,linear-6pc-0pc,linear,0.06,NDY,7,12045.134980485325,11412.257985833652,22754380.42075929,,,infeasible
14,linear-6pc-0pc,linear,0.06,NDY,8,12045.134980485327,11367.177221380116,22983749.49871684,,,infeasible
14,linear-6pc-0pc,linear,0.06,NDY,9,12045.134980485323,11315.027194302253,22457894.574051797,,,infeasible
14,linear-6pc-0pc,linear,0.06,NDY,10,12045.134980485325,11239.372178515352,22330194.544237398,,,infeasible
14,linear-6pc-0pc,linear,0.06,NDY,11,12045.134980485327,11146.017040182413,22018056.748540126,,,infeasible
14,linear-6pc-0pc,linear,0.06,NDY,12,12045.13498048533,11119.81042355896,21992429.892964385,,,infeasible
14,linear-6pc-0pc,linear,0.06,NDY,13,12045.134980485329,11103.810553135974,22051755.655312613,,,infeasible
14,linear-6pc-0pc,linear,0.06,NDY,14,12045.134980485327,11091.918871061,22075853.749272015,,,infeasible
14,linear-6pc-0pc,linear,0.06,NDY,15,12045.134980485327,11080.485954257538,22458320.605489895,,,infeasible
14,linear-6pc-0pc,linear,0.06,-10%,1,17220.270161346467,17220.270161346467,22966503.78771921,22966503.78771921,0.0,optimal
14,linear-6pc-0pc,linear,0.06,-10%,2,15498.243145211818,15460.678915692391,22319432.191875987,22319432.191875987,0.0,optimal
14,linear-6pc-0pc,linear,0.06,-10%,3,13948.418830690636,13878.137640715962,22103096.001804817,22103096.001804817,0.0,optimal
14,linear-6pc-0pc,linear,0.06,-10%,4,12553.576947621572,12470.981192191086,21656126.02943654,21656126.02943654,0.0,optimal
14,linear-6pc-0pc,linear,0.06,-10%,5,11298.219252859415,11222.301866937702,21402100.53824563,21402100.53824563,0.0,optimal
14,linear-6pc-0pc,linear,0.06,-10%,6,10168.397327573475,10100.0716799615,20675274.69436158,20675274.69436158,0.0,optimal
14,linear-6pc-0pc,linear,0.06,-10%,7,9151.557594816128,9151.55759678,21045293.594603967,21045293.594603967,0.0,optimal
14,linear-6pc-0pc,linear,0.06,-10%,8,11203.166622919889,11040.7333975625,22730643.053825658,,,infeasible
14,linear-6pc-0pc,linear,0.06,-10%,9,10082.8499606279,10756.752048527998,22719058.57796592,22499672.615410484,219385.96255543455,suboptimal
14,linear-6pc-0pc,linear,0.06,-10%,10,9074.56496456511,13276.133923664818,23617906.029121596,21856762.209595762,1761143.8195258342,suboptimal
14,linear-6pc-0pc,linear,0.06,-10%,11,8167.108468108601,11950.311635674072,21851666.02497,20521614.243666247,1330051.7813037522,suboptimal
14,linear-6pc-0pc,linear,0.06,-10%,12,7350.3976212977395,10755.280472503619,20660294.416928183,19693850.124580253,966444.2923479304,suboptimal
14,linear-6pc-0pc,linear,0.06,-10%,13,6615.357859167967,9679.751802301373,20248372.64971397,19463025.03856499,785347.6111489795,suboptimal
14,linear-6pc-0pc,linear,0.06,-10%,14,5953.822073251171,8711.776623225,20641305.907549135,19784459.59467599,856846.3128731437,suboptimal
14,linear-6pc-0pc,linear,0.06,-10%,15,40088.15104582684,11538.950775883633,22638486.376926403,,,infeasible
14,linear-6pc-0pc,linear,0.06,-20%,1,21313.708934502538,21313.708934502538,24746113.10996636,24746113.10996636,0.0,optimal
14,linear-6pc-0pc,linear,0.06,-20%,2,17050.967147602034,17039.519273482798,22024463.90941859,22024463.90941859,0.0,optimal
14,linear-6pc-0pc,linear,0.06,-20%,3,13640.773718081624,13625.5577367806,20521825.697312914,20521825.697312914,0.0,optimal
14,linear-6pc-0pc,linear,0.06,-20%,4,10912.618974465302,10900.0602714136,19288271.066594817,19288271.066594817,0.0,optimal
14,linear-6pc-0pc,linear,0.06,-20%,5,8730.095179572241,8720.048214691315,18976162.713628206,18976162.713628206,0.0,optimal
14,linear-6pc-0pc,linear,0.06,-20%,6,6984.076143657793,6976.038569318,19335864.930940308,19335864.930940308,0.0,optimal
14,linear-6pc-0pc,linear,0.06,-20%,7,8172.420262975,8172.420262975,22450519.83686549,22450519.83686549,0.0,optimal
14,linear-6pc-0pc,linear,0.06,-20%,8,15448.339315174046,14682.348383985498,26313695.75517256,,,infeasible
14,linear-6pc-0pc,linear,0.06,-20%,9,12358.671452139237,15355.554900765417,24705179.115104053,23695293.577641804,1009885.5374622494,suboptimal
14,linear-6pc-0pc,linear,0.06,-20%,10,9886.937161711392,12279.813481739531,21420006.340785045,20633989.80001293,786016.540772114,suboptimal
14,linear-6pc-0pc,linear,0.06,-20%,11,7909.549729369115,9823.511505147046,19292792.09691091,18851966.401889507,440825.6950214021,suboptimal
14,linear-6pc-0pc,linear,0.06,-20%,12,6327.639783495291,7858.809203596,19015229.54144667,18687683.040306315,327546.50114035606,suboptimal
14,linear-6pc-0pc,linear,0.06,-20%,13,5062.111826796234,8992.897002438,20679794.13412291,19493270.90511952,1186523.2290033922,suboptimal
14,linear-6pc-0pc,linear,0.06,-20%,14,5074.77761236,11072.644510055,22092737.643727973,20133333.984999787,1959403.658728186,suboptimal
14,linear-6pc-0pc,linear,0.06,-20%,15,38028.720174562804,10902.15391057807,22453990.67169888,,,infeasible
14,linear-6pc-0pc,linear,0.06,+/-10%,1,17211.090250104182,17211.090250104182,22913756.27569992,22913756.27569992,0.0,optimal
14,linear-6pc-0pc,linear,0.06,+/-10%,2,15489.981225093758,15455.923866767542,22229306.993171975,22229306.993171975,0.0,optimal
14,linear-6pc-0pc,linear,0.06,+/-10%,3,13940.98310258438,13865.757455823696,21998521.936062682,21998521.9361113,-4.861876368522644e-05,optimal
14,linear-6pc-0pc,linear,0.06,+/-10%,4,12546.884792325944,12467.375099977384,21468672.946573917,21468672.946659643,-8.572638034820557e-05,optimal
14,linear-6pc-0pc,linear,0.06,+/-10%,5,11292.196313093349,11220.50296061971,21233638.719934948,21233638.719934948,0.0,optimal
14,linear-6pc-0pc,linear,0.06,+/-10%,6,10162.976681784017,10098.4526673715,20422398.020695537,20422398.02069647,-9.313225746154785e-07,optimal
14,linear-6pc-0pc,linear,0.06,+/-10%,7,9146.679013605615,9146.67901172,20646891.50226253,20646891.502262622,-9.313225746154785e-08,optimal
14,linear-6pc-0pc,linear,0.06,+/-10%,8,10061.346914966178,10061.346913697498,22063819.688390557,22063819.688390557,0.0,optimal
14,linear-6pc-0pc,linear,0.06,+/-10%,9,11067.481606462794,11694.272908698,23203042.43612339,22834694.143562555,368348.29256083444,suboptimal
14,linear-6pc-0pc,linear,0.06,+/-10%,10,11090.627641702175,13229.141514426956,23458512.178559475,22568650.702323746,889861.4762357287,suboptimal
14,linear-6pc-0pc,linear,0.06,+/-10%,11,9981.564877531957,11906.227360975337,21542681.12746896,20850912.648901947,691768.4785670117,suboptimal
14,linear-6pc-0pc,linear,0.06,+/-10%,12,10979.721365285153,10707.178171031543,20330630.350377068,,,infeasible
14,linear-6pc-0pc,linear,0.06,+/-10%,13,12077.69350181367,9635.472388335113,19799704.319397688,,,infeasible
14,linear-6pc-0pc,linear,0.06,+/-10%,14,13285.462851995038,8693.885270204999,19961985.367258225,,,infeasible
14,linear-6pc-0pc,linear,0.06,+/-10%,15,14614.009137194544,9563.273799443956,21526593.941454697,,,infeasible
14,linear-6pc-0pc,linear,0.06,+/-20%,1,21288.019371889342,21288.019371889342,24652856.00678542,24652856.00678542,0.0,optimal
14,linear-6pc-0pc,linear,0.06,+/-20%,2,17030.41549751148,16991.752421212783,21855743.213884484,21855743.213884484,0.0,optimal
14,linear-6pc-0pc,linear,0.06,+/-20%,3,13624.332398009179,13584.254071737329,20017918.52862205,20017918.52862205,0.0,optimal
14,linear-6pc-0pc,linear,0.06,+/-20%,4,10899.465918407346,10865.796074704249,18794627.420375086,18794627.420375086,0.0,optimal
14,linear-6pc-0pc,linear,0.06,+/-20%,5,8719.572734725878,8692.636862829133,18383267.772205908,18383267.772205908,0.0,optimal
14,linear-6pc-0pc,linear,0.06,+/-20%,6,6975.658187780702,6975.658186933,18387061.9035371,18387061.9035371,0.0,optimal
14,linear-6pc-0pc,linear,0.06,+/-20%,7,8370.789825336842,8370.789822055,20841998.10965947,20841998.10965947,0.0,optimal
14,linear-6pc-0pc,linear,0.06,+/-20%,8,10044.947790404212,12461.6416925395,25156462.11479449,23306135.41934928,1850326.6954452097,suboptimal
14,linear-6pc-0pc,linear,0.06,+/-20%,9,12053.937348485051,16302.805624750787,25852753.53883953,24185318.92954012,1667434.6092994101,suboptimal
14,linear-6pc-0pc,linear,0.06,+/-20%,10,11254.52944867576,13034.150414948033,22158419.45508443,21638745.712870687,519673.74221374094,suboptimal
14,linear-6pc-0pc,linear,0.06,+/-20%,11,9003.623558940606,10426.43673128085,19584785.982961554,19271355.264644027,313430.7183175273,suboptimal
14,linear-6pc-0pc,linear,0.06,+/-20%,12,10510.36660254292,8341.149384583001,18937018.51325608,,,infeasible
14,linear-6pc-0pc,linear,0.06,+/-20%,13,12612.439923051506,9191.266561518,20143848.988399684,,,infeasible
14,linear-6pc-0pc,linear,0.06,+/-20%,14,15134.927907661804,9412.904381575001,20974777.46439807,,,infeasible
14,linear-6pc-0pc,linear,0.06,+/-20%,15,18161.913489194165,10795.54785585629,22478373.31009388,,,infeasible
14,invj-4pc-k1,inverse-j,0.04,NHF,1,23890.124550453336,23890.124550453336,118204036.77147695,118204036.77147695,0.0,optimal
14,invj-4pc-k1,inverse-j,0.04,NHF,2,1093.5911052,18058.461298092498,111431540.90938129,110922845.46446578,508695.44491550326,suboptimal
14,invj-4pc-k1,inverse-j,0.04,NHF,3,4402.140084702501,10933.527163330498,106845291.12259223,106594229.34323962,251061.77935260534,suboptimal
14,invj-4pc-k1,inverse-j,0.04,NHF,4,524.41846197,8048.880375286499,111226378.12185451,110600364.11496091,626014.006893605,suboptimal
14,invj-4pc-k1,inverse-j,0.04,NHF,5,34992.392469511324,8879.163931691,114159645.75553022,,,infeasible
14,invj-4pc-k1,inverse-j,0.04,NHF,6,6722.567434018,6902.708798378,113589423.68011534,113579399.55273056,10024.127384781837,suboptimal
14,invj-4pc-k1,inverse-j,0.04,NHF,7,14416.303199537504,13525.61170546,117506703.513252,,,infeasible
14,invj-4pc-k1,inverse-j,0.04,NHF,8,16009.943302491998,12745.5104473945,116061993.95755492,,,infeasible
14,invj-4pc-k1,inverse-j,0.04,NHF,9,7446.143740296668,8137.312434020001,113229090.81850056,113165800.47049445,63290.348006114364,suboptimal
14,invj-4pc-k1,inverse-j,0.04,NHF,10,1493.4653138999997,18691.3078891305,115677784.16170709,112850156.77985747,2827627.3818496168,suboptimal
14,invj-4pc-k1,inverse-j,0.04,NHF,11,1130.12771469,8061.197017149001,107535022.28742369,106430350.49131636,1104671.796107322,suboptimal
14,invj-4pc-k1,inverse-j,0.04,NHF,12,2587.9702220199997,6344.768264576001,112882313.3749022,112346134.50794588,536178.8669563234,suboptimal
14,invj-4pc-k1,inverse-j,0.04,NHF,13,16826.6578434,14383.868912703,117141680.0317803,,,infeasible
14,invj-4pc-k1,inverse-j,0.04,NHF,14,6036.529778505,7422.463327895,112333824.00366332,112210445.70534797,123378.29831534624,suboptimal
14,invj-4pc-k1,inverse-j,0.04,NHF,15,58958.291638583825,12601.439593554498,116065537.31757726,,,infeasible
14,invj-4pc-k1,inverse-j,0.04,NDY,1,10935.48291765344,10935.48291765344,114910505.7674966,114910505.7674966,0.0,optimal
14,invj-4pc-k1,inverse-j,0.04,NDY,2,10935.482917653444,10898.333792531615,117154769.33836696,117154769.33836696,0.0,optimal
14,invj-4pc-k1,inverse-j,0.04,NDY,3,10935.482917653442,10838.89376091033,117700455.13122101,117700455.13122101,0.0,optimal
14,invj-4pc-k1,inverse-j,0.04,NDY,4,10935.48291765344,10645.86476081939,117872157.4009149,117837519.73861796,34637.662296935916,suboptimal
14,invj-4pc-k1,inverse-j,0.04,NDY,5,10935.482917653439,10351.194949218885,118069330.29592673,117743892.63544592,325437.6604808122,suboptimal
14,invj-4pc-k1,inverse-j,0.04,NDY,6,10935.48291765344,10179.332438892985,117351844.46259438,116769608.48575316,582235.9768412113,suboptimal
14,invj-4pc-k1,inverse-j,0.04,NDY,7,10935.48291765344,10107.169607766384,116268090.35787497,115289732.6403805,978357.7174944729,suboptimal
14,invj-4pc-k1,inverse-j,0.04,NDY,8,10935.48291765344,10164.636121500287,117069524.06403898,116378898.18859951,690625.875439465,suboptimal
14,invj-4pc-k1,inverse-j,0.04,NDY,9,10935.48291765344,10176.99650140638,116971805.477244,115899398.97759366,1072406.4996503443,suboptimal
14,invj-4pc-k1,inverse-j,0.04,NDY,10,10935.48291765344,10081.11130265401,115946119.37244307,114550262.42851697,1395856.943926096,suboptimal
14,invj-4pc-k1,inverse-j,0.04,NDY,11,10935.482917653439,10038.021414108825,115842981.82891347,114495070.3848587,1347911.4440547675,suboptimal
14,invj-4pc-k1,inverse-j,0.04,NDY,12,10935.482917653439,9882.013805053954,116077174.37438455,114818548.91613904,1258625.4582455158,suboptimal
14,invj-4pc-k1,inverse-j,0.04,NDY,13,10935.48291765344,9918.254625543981,116886109.40652788,115841039.44363527,1045069.9628926069,suboptimal
14,invj-4pc-k1,inverse-j,0.04,NDY,14,10935.48291765344,10061.19318024283,116522035.6770055,115085950.60099198,1436085.0760135204,suboptimal
14,invj-4pc-k1,inverse-j,0.04,NDY,15,40725.953106283836,10056.8730891521,116615595.92864622,,,infeasible
14,invj-4pc-k1,inverse-j,0.04,-10%,1,13133.829664745797,13133.829664745797,116994132.53270769,116994132.53270769,0.0,optimal
14,invj-4pc-k1,inverse-j,0.04,-10%,2,11820.44669827122,15388.835629712787,117753960.52929613,117684697.08854942,69263.4407467097,suboptimal
14,invj-4pc-k1,inverse-j,0.04,-10%,3,10638.402028444096,14404.66910478814,115121456.41793007,114943946.43883,177509.97910006344,suboptimal
14,invj-4pc-k1,inverse-j,0.04,-10%,4,9574.561825599687,12993.097484582331,116265524.40640493,115967880.34672959,297644.0596753359,suboptimal
14,invj-4pc-k1,inverse-j,0.04,-10%,5,14198.196413150185,12451.701479826312,117451412.33464234,,,infeasible
14,invj-4pc-k1,inverse-j,0.04,-10%,6,12778.376771835163,11266.974167843131,114657664.502417,,,infeasible
14,invj-4pc-k1,inverse-j,0.04,-10%,7,11500.539094651649,10270.235742684217,113799464.4917886,,,infeasible
14,invj-4pc-k1,inverse-j,0.04,-10%,8,10350.485185186486,9424.25168358,114431748.86911456,,,infeasible
14,invj-4pc-k1,inverse-j,0.04,-10%,9,9315.436666667838,8481.826514926499,114641831.22482997,,,infeasible
14,invj-4pc-k1,inverse-j,0.04,-10%,10,8383.893000001051,13385.746239661577,116696776.84312646,115763588.29681012,933188.5463163406,suboptimal
14,invj-4pc-k1,inverse-j,0.04,-10%,11,7545.503700000947,12695.130782808905,113283131.8325212,112421238.29409215,861893.5384290516,suboptimal
14,invj-4pc-k1,inverse-j,0.04,-10%,12,6790.9533300008525,11575.657701228078,113110377.90823331,112371836.61620979,738541.2920235246,suboptimal
14,invj-4pc-k1,inverse-j,0.04,-10%,13,6111.857997000767,10438.668415766835,114917315.25118332,114329287.34942152,588027.9017618,suboptimal
14,invj-4pc-k1,inverse-j,0.04,-10%,14,6660.421890364683,9394.801573804998,113862987.41514963,113561580.2003156,301407.21483403444,suboptimal
14,invj-4pc-k1,inverse-j,0.04,-10%,15,58185.131974502445,11614.998673640412,115948199.57059008,,,infeasible
14,invj-4pc-k1,inverse-j,0.04,-20%,1,12598.694620711529,12598.694620711529,117380266.49522823,117380266.49522823,0.0,optimal
14,invj-4pc-k1,inverse-j,0.04,-20%,2,10078.955696569223,17454.20281218783,118328769.53875506,118169237.62602594,159531.9127291143,suboptimal
14,invj-4pc-k1,inverse-j,0.04,-20%,3,8063.164557255378,15842.72847076971,114214860.59491797,113862743.8190591,352116.7758588642,suboptimal
14,invj-4pc-k1,inverse-j,0.04,-20%,4,6450.531645804303,13757.24404294149,114390322.55667472,113821796.1594576,568526.3972171247,suboptimal
14,invj-4pc-k1,inverse-j,0.04,-20%,5,19765.24818143254,11062.376781834375,114789826.09875034,,,infeasible
14,invj-4pc-k1,inverse-j,0.04,-20%,6,15812.198545146033,8849.901421043,112888507.27225174,,,infeasible
14,invj-4pc-k1,inverse-j,0.04,-20%,7,12649.758836116827,10122.406799274999,113919873.75727159,,,infeasible
14,invj-4pc-k1,inverse-j,0.04,-20%,8,10119.80706889346,9962.6203205555,115061250.03902699,115059826.17850628,1423.8605207055807,suboptimal
14,invj-4pc-k1,inverse-j,0.04,-20%,9,8095.845655114769,8149.939876406499,115087580.109622,115087580.109622,0.0,optimal
14,invj-4pc-k1,inverse-j,0.04,-20%,10,6476.676524091818,15427.880951080399,117231389.23654114,115664753.04275528,1566636.1937858611,suboptimal
14,invj-4pc-k1,inverse-j,0.04,-20%,11,5181.341219273454,12231.311504502117,112168521.00358278,111074851.86844233,1093669.1351404488,suboptimal
14,invj-4pc-k1,inverse-j,0.04,-20%,12,4145.072975418762,10017.129614253501,112894626.16278645,111933361.16387054,961264.9989159107,suboptimal
14,invj-4pc-k1,inverse-j,0.04,-20%,13,7041.944309121743,10984.399877528007,115395020.84733896,114899978.24022241,495042.6071165502,suboptimal
14,invj-4pc-k1,inverse-j,0.04,-20%,14,11295.519952604564,9101.012753815,113861880.6567101,,,infeasible
14,invj-4pc-k1,inverse-j,0.04,-20%,15,59144.345661758576,11802.5158477305,116037325.35173953,,,infeasible
14,invj-4pc-k1,inverse-j,0.04,+/-10%,1,14407.898306561021,14407.898306561021,112838151.65891463,112838151.65891463,0.0,optimal
14,invj-4pc-k1,inverse-j,0.04,+/-10%,2,12967.108475904919,14144.913280580065,113112100.8346393,113065243.63482018,46857.199819117785,suboptimal
14,invj-4pc-k1,inverse-j,0.04,+/-10%,3,11670.397628314426,13147.405665812676,111846754.06425701,111735391.11330439,111362.95095261931,suboptimal
14,invj-4pc-k1,inverse-j,0.04,+/-10%,4,10503.357865482982,12730.538941141964,111702764.3947353,111440476.57782659,262287.81690871716,suboptimal
14,invj-4pc-k1,inverse-j,0.04,+/-10%,5,11553.693652031283,12647.248933798825,111988229.98844208,111867138.34648803,121091.64195404947,suboptimal
14,invj-4pc-k1,inverse-j,0.04,+/-10%,6,10398.32428682816,11455.071767245412,110641045.67943326,110472450.41600843,168595.26342482865,suboptimal
14,invj-4pc-k1,inverse-j,0.04,+/-10%,7,9421.538750106945,11264.889915710479,110348970.53901243,110065124.64879054,283845.8902218938,suboptimal
14,invj-4pc-k1,inverse-j,0.04,+/-10%,8,9582.246808795984,10417.926892005455,110570322.85226142,110464531.52321273,105791.32904869318,suboptimal
14,invj-4pc-k1,inverse-j,0.04,+/-10%,9,10540.471489675578,9376.134200500997,110761524.46277368,,,infeasible
14,invj-4pc-k1,inverse-j,0.04,+/-10%,10,11594.51863864314,11942.967580133381,112014354.86960123,111982565.4301809,31789.439420327544,suboptimal
14,invj-4pc-k1,inverse-j,0.04,+/-10%,11,12753.970502507458,11584.756512855363,109862343.77223293,,,infeasible
14,invj-4pc-k1,inverse-j,0.04,+/-10%,12,14029.367552758205,11539.450644873044,109077939.96851437,,,infeasible
14,invj-4pc-k1,inverse-j,0.04,+/-10%,13,15432.304308034027,11219.732122005462,108984047.68706694,,,infeasible
14,invj-4pc-k1,inverse-j,0.04,+/-10%,14,16975.534738837432,10875.780681683376,109305458.03007892,,,infeasible
14,invj-4pc-k1,inverse-j,0.04,+/-10%,15,18673.088212721173,11153.641704776344,110029724.23920247,,,infeasible
14,invj-4pc-k1,inverse-j,0.04,+/-20%,1,16544.048370505363,16544.048370505363,114167146.60682996,114167146.60682996,0.0,optimal
14,invj-4pc-k1,inverse-j,0.04,+/-20%,2,13235.238696404289,15786.652564170572,112918026.0055051,112851179.40529911,66846.60020598769,suboptimal
14,invj-4pc-k1,inverse-j,0.04,+/-20%,3,10588.190957123436,15481.54799660699,110633737.08646376,110305206.4820817,328530.6043820679,suboptimal
14,invj-4pc-k1,inverse-j,0.04,+/-20%,4,8689.586364382483,12854.739452832308,109937936.35680193,109476642.75957096,461293.59723097086,suboptimal
14,invj-4pc-k1,inverse-j,0.04,+/-20%,5,10427.503637258977,10329.174126448901,110459622.65169807,110459622.65169807,0.0,optimal
14,invj-4pc-k1,inverse-j,0.04,+/-20%,6,10366.328130279999,8263.3392965575,109526442.78852507,,,infeasible
14,invj-4pc-k1,inverse-j,0.04,+/-20%,7,11775.26044204794,11216.689351075,111605009.0262278,,,infeasible
14,invj-4pc-k1,inverse-j,0.04,+/-20%,8,11527.23123445707,9524.870364828334,111530951.13720748,,,infeasible
14,invj-4pc-k1,inverse-j,0.04,+/-20%,9,9221.784987565656,7619.896297033501,111688322.12352231,,,infeasible
14,invj-4pc-k1,inverse-j,0.04,+/-20%,10,9075.900968094771,16034.034957137394,115417559.27086696,113734197.478837,1683361.792029962,suboptimal
14,invj-4pc-k1,inverse-j,0.04,+/-20%,11,10891.081161713724,12861.862699204314,110060237.65101053,109787143.59924039,273094.05177013576,suboptimal
14,invj-4pc-k1,inverse-j,0.04,+/-20%,12,13069.297394056472,10289.490156007,109292719.92034526,,,infeasible
14,invj-4pc-k1,inverse-j,0.04,+/-20%,13,15683.156872867761,11559.222167571332,110625760.69065773,,,infeasible
14,invj-4pc-k1,inverse-j,0.04,+/-20%,14,18819.788247441316,9247.377736980001,109266080.0411048,,,infeasible
14,invj-4pc-k1,inverse-j,0.04,+/-20%,15,22583.745896929577,10350.800481662498,111225863.23271225,,,infeasible
14,invj-4pc-k2,inverse-j,0.04,NHF,1,40680.487381400846,40680.487381400846,87991424.74324001,87991424.74324001,0.0,optimal
14,invj-4pc-k2,inverse-j,0.04,NHF,2,5632.53734287,6180.765471885001,69562865.53108509,69503228.86100143,59636.67008365691,suboptimal
14,invj-4pc-k2,inverse-j,0.04,NHF,3,1169.62817755,7398.951956925502,75591337.39939965,74468039.72305071,1123297.6763489395,suboptimal
14,invj-4pc-k2,inverse-j,0.04,NHF,4,0.0,5238.369678209,77302189.6263487,76042876.69325365,1259312.9330950528,suboptimal
14,invj-4pc-k2,inverse-j,0.04,NHF,5,15759.639394157997,7926.023978586,81925656.51300956,,,infeasible
14,invj-4pc-k2,inverse-j,0.04,NHF,6,6391.447293433,6902.708798378,82806430.73469216,82707889.37642454,98541.3582676202,suboptimal
14,invj-4pc-k2,inverse-j,0.04,NHF,7,13321.876954807502,15034.1292018,87979141.01394533,87628997.09976952,350143.91417580843,suboptimal
14,invj-4pc-k2,inverse-j,0.04,NHF,8,19175.985758037,15686.1526947195,86786317.03987537,,,infeasible
14,invj-4pc-k2,inverse-j,0.04,NHF,9,12968.764870696667,16584.486650500003,82712684.24487266,81808930.13227694,903754.1125957221,suboptimal
14,invj-4pc-k2,inverse-j,0.04,NHF,10,4234.828833899999,8240.1181589455,75399383.4168734,74368117.90774131,1031265.5091320872,suboptimal
14,invj-4pc-k2,inverse-j,0.04,NHF,11,1130.12771469,7414.457395089001,79442481.8985933,77703602.66908614,1738879.2295071632,suboptimal
14,invj-4pc-k2,inverse-j,0.04,NHF,12,4272.03985706,5557.497280136,80657991.8706525,80368822.52427523,289169.34637726843,suboptimal
14,invj-4pc-k2,inverse-j,0.04,NHF,13,7772.6997663,15671.941645337998,85882731.52453674,83892436.81241806,1990294.7121186852,suboptimal
14,invj-4pc-k2,inverse-j,0.04,NHF,14,6071.946239065,6631.77446814,80255109.63323522,80144210.18322727,110899.4500079453,suboptimal
14,invj-4pc-k2,inverse-j,0.04,NHF,15,57237.138546499664,14908.558001959498,85580178.58586732,,,infeasible
14,invj-4pc-k2,inverse-j,0.04,NDY,1,11064.019532863684,11064.019532863684,81428824.23912531,81428824.23912531,0.0,optimal
14,invj-4pc-k2,inverse-j,0.04,NDY,2,11064.019532863684,11089.445017278616,83076862.51043668,83076862.51043668,0.0,optimal
14,invj-4pc-k2,inverse-j,0.04,NDY,3,11064.019532863687,10926.999572838684,83769323.10134317,83768764.14699166,558.9543515145779,suboptimal
14,invj-4pc-k2,inverse-j,0.04,NDY,4,11064.019532863686,10751.342096754506,83979169.5686001,83912044.90233406,67124.66626603901,suboptimal
14,invj-4pc-k2,inverse-j,0.04,NDY,5,11064.019532863686,10383.699624819319,84042410.31034811,83680569.47797813,361840.8323699832,suboptimal
14,invj-4pc-k2,inverse-j,0.04,NDY,6,11064.019532863684,10436.630674128402,83809077.14494382,83316431.85646486,492645.2884789556,suboptimal
14,invj-4pc-k2,inverse-j,0.04,NDY,7,11064.019532863686,10257.075301703933,83216568.48281161,82505906.20282605,710662.279985562,suboptimal
14,invj-4pc-k2,inverse-j,0.04,NDY,8,11064.019532863686,10401.410214360927,83721650.67840414,83127167.41510381,594483.2633003294,suboptimal
14,invj-4pc-k2,inverse-j,0.04,NDY,9,11064.019532863684,10368.60675858853,83983788.47706197,83342039.4145472,641749.062514767,suboptimal
14,invj-4pc-k2,inverse-j,0.04,NDY,10,11064.019532863684,10271.79831240309,83699062.51643422,82874322.91297962,824739.6034546047,suboptimal
14,invj-4pc-k2,inverse-j,0.04,NDY,11,11064.019532863682,10328.438326479652,83680926.30984348,82932477.23299438,748449.076849103,suboptimal
14,invj-4pc-k2,inverse-j,0.04,NDY,12,11064.019532863682,10172.3122906469,83307339.91276507,82573936.35174191,733403.5610231608,suboptimal
14,invj-4pc-k2,inverse-j,0.04,NDY,13,11064.019532863684,10020.583062141859,82975109.32080516,81887344.34690545,1087764.9738997072,suboptimal
14,invj-4pc-k2,inverse-j,0.04,NDY,14,11064.019532863684,9964.16448498952,82434767.36334707,81210008.0544779,1224759.3088691682,suboptimal
14,invj-4pc-k2,inverse-j,0.04,NDY,15,38709.25148354182,10307.714225636973,83365517.62742056,,,infeasible
14,invj-4pc-k2,inverse-j,0.04,-10%,1,16554.49297572147,16554.49297572147,84145612.82262051,84145612.82262051,0.0,optimal
14,invj-4pc-k2,inverse-j,0.04,-10%,2,14899.04367814932,15084.998718866203,82979899.68625912,82979066.86388417,832.8223749548197,suboptimal
14,invj-4pc-k2,inverse-j,0.04,-10%,3,13409.13931033439,13633.681431027091,81143083.05622019,81141849.03716011,1234.019060075283,suboptimal
14,invj-4pc-k2,inverse-j,0.04,-10%,4,12068.225379300953,12582.053925065737,82784667.81415936,82733813.91389945,50853.900259912014,suboptimal
14,invj-4pc-k2,inverse-j,0.04,-10%,5,10861.402841370857,11352.276997221985,83393248.37161648,83287865.40070228,105382.97091419995,suboptimal
14,invj-4pc-k2,inverse-j,0.04,-10%,6,9775.262557233771,10217.049294087166,81817206.79945566,81741804.88440385,75401.915051803,suboptimal
14,invj-4pc-k2,inverse-j,0.04,-10%,7,8797.736301510395,9594.910374694999,81705426.28760669,81545063.64846249,160362.6391441971,suboptimal
14,invj-4pc-k2,inverse-j,0.04,-10%,8,9090.639860089253,9863.600925177367,82952249.94504762,82760636.05943906,191613.8856085539,suboptimal
14,invj-4pc-k2,inverse-j,0.04,-10%,9,8181.57587408033,8877.2408348615,82852625.87403876,82664291.10986836,188334.76417039335,suboptimal
14,invj-4pc-k2,inverse-j,0.04,-10%,10,7363.418286672296,13790.220921779222,84144419.99400406,81988403.07287295,2156016.921131104,suboptimal
14,invj-4pc-k2,inverse-j,0.04,-10%,11,6627.076458005067,12555.917173054306,81429878.55094123,79497890.25206175,1931988.2988794744,suboptimal
14,invj-4pc-k2,inverse-j,0.04,-10%,12,5964.3688122045605,11312.822091267068,81347370.26575738,79781383.06277741,1565987.202979967,suboptimal
14,invj-4pc-k2,inverse-j,0.04,-10%,13,5367.931930984104,10213.29831326918,81987879.94287638,80698257.05589344,1289622.8869829476,suboptimal
14,invj-4pc-k2,inverse-j,0.04,-10%,14,4831.138737885694,9191.968479814997,81921655.05926733,80594980.67946777,1326674.3797995597,suboptimal
14,invj-4pc-k2,inverse-j,0.04,-10%,15,63199.86890581622,11419.485302756711,84154483.37319979,,,infeasible
14,invj-4pc-k2,inverse-j,0.04,-20%,1,20566.864080063842,20566.864080063842,84934429.31814018,84934429.31814018,0.0,optimal
14,invj-4pc-k2,inverse-j,0.04,-20%,2,16453.491264051077,16563.166047917533,81244249.33054781,81244249.33054781,0.0,optimal
14,invj-4pc-k2,inverse-j,0.04,-20%,3,13162.79301124086,13595.698483249056,78686823.08275159,78652193.08621259,34629.9965389967,suboptimal
14,invj-4pc-k2,inverse-j,0.04,-20%,4,10530.234408992688,10979.91496667682,80642248.67665684,80589553.97367874,52694.70297810435,suboptimal
14,invj-4pc-k2,inverse-j,0.04,-20%,5,8424.187527194154,8788.128798061602,80453136.84883076,80392011.44874263,61125.40008813143,suboptimal
14,invj-4pc-k2,inverse-j,0.04,-20%,6,6739.350021755321,7030.503038358,80355401.98455596,80306360.63809274,49041.34646321833,suboptimal
14,invj-4pc-k2,inverse-j,0.04,-20%,7,7162.031305920001,10122.406799274999,83590032.9254696,82853710.23017156,736322.6952980459,suboptimal
14,invj-4pc-k2,inverse-j,0.04,-20%,8,12440.927395720857,12734.838558903888,85170892.69264948,85123273.46620269,47619.22644679248,suboptimal
14,invj-4pc-k2,inverse-j,0.04,-20%,9,9952.741916576686,10187.870847114498,82911447.81897107,82875088.73148045,36359.08749061823,suboptimal
14,invj-4pc-k2,inverse-j,0.04,-20%,10,7962.19353326135,14239.04357792252,83837232.90794046,81829114.1721541,2008118.7357863635,suboptimal
14,invj-4pc-k2,inverse-j,0.04,-20%,11,6369.754826609082,11405.635934623679,79864571.76776168,78445949.43988812,1418622.3278735578,suboptimal
14,invj-4pc-k2,inverse-j,0.04,-20%,12,5095.803861287265,9124.5087505235,80351940.37442997,79201717.04173383,1150223.3326961398,suboptimal
14,invj-4pc-k2,inverse-j,0.04,-20%,13,4076.643089029812,10479.815079219685,83090849.51921207,81481363.28049369,1609486.2387183756,suboptimal
14,invj-4pc-k2,inverse-j,0.04,-20%,14,6897.903141920442,8383.85206685,82020854.22797576,81642176.69415097,378677.53382478654,suboptimal
14,invj-4pc-k2,inverse-j,0.04,-20%,15,61183.172990875435,13596.835103295318,85544739.82008834,,,infeasible
14,invj-4pc-k2,inverse-j,0.04,+/-10%,1,15889.99588167846,15889.99588167846,81205480.14448376,81205480.14448376,0.0,optimal
14,invj-4pc-k2,inverse-j,0.04,+/-10%,2,14300.996293510614,14702.525348230289,80555045.9091616,80542083.89398362,12962.015177980065,suboptimal
14,invj-4pc-k2,inverse-j,0.04,+/-10%,3,12870.896664159554,13562.205034488872,79576694.26252149,79466053.7380778,110640.52444368601,suboptimal
14,invj-4pc-k2,inverse-j,0.04,+/-10%,4,11583.806997743599,12897.41094709711,79714040.14085093,79429580.83123459,284459.3096163422,suboptimal
14,invj-4pc-k2,inverse-j,0.04,+/-10%,5,10425.426297969241,11876.778430795506,79802376.74293889,79372430.65336347,429946.0895754248,suboptimal
14,invj-4pc-k2,inverse-j,0.04,+/-10%,6,9382.883668172319,10689.100586677167,78680924.96475779,78337181.73856999,343743.2261877954,suboptimal
14,invj-4pc-k2,inverse-j,0.04,+/-10%,7,8534.401717583713,9769.676937339998,78630930.89322323,78145409.73267083,485521.16055239737,suboptimal
14,invj-4pc-k2,inverse-j,0.04,+/-10%,8,9387.841889342084,9939.057674417369,79523585.72269775,79418656.56122991,104929.1614678353,suboptimal
14,invj-4pc-k2,inverse-j,0.04,+/-10%,9,10326.626078276295,8945.151905895498,79324763.16367154,,,infeasible
14,invj-4pc-k2,inverse-j,0.04,+/-10%,10,11359.288686103924,13610.490505121083,82162225.71822955,81437576.26255451,724649.4556750357,suboptimal
14,invj-4pc-k2,inverse-j,0.04,+/-10%,11,12495.217554714316,12643.312481614745,79448129.9096294,79446134.60247734,1995.3071520626545,suboptimal
14,invj-4pc-k2,inverse-j,0.04,+/-10%,12,13744.73931018575,11660.398572690947,78276963.23880714,,,infeasible
14,invj-4pc-k2,inverse-j,0.04,+/-10%,13,15119.213241204327,10501.684468566946,77670510.38635956,,,infeasible
14,invj-4pc-k2,inverse-j,0.04,+/-10%,14,16631.13456532476,9451.516021255,77655058.40604712,,,infeasible
14,invj-4pc-k2,inverse-j,0.04,+/-10%,15,18294.24802185724,10574.459044397283,79413323.89071633,,,infeasible
14,invj-4pc-k2,inverse-j,0.04,+/-20%,1,20449.484568962165,20449.484568962165,82867287.56928538,82867287.56928538,0.0,optimal
14,invj-4pc-k2,inverse-j,0.04,+/-20%,2,16359.587655169735,16656.221663889835,79558524.09799129,79541039.37764333,17484.720347955823,suboptimal
14,invj-4pc-k2,inverse-j,0.04,+/-20%,3,13087.670124135788,13708.758586435873,77231872.03708883,77144679.95196407,87192.08512476087,suboptimal
14,invj-4pc-k2,inverse-j,0.04,+/-20%,4,10470.13609930863,11064.030581403144,77812275.0649866,77723072.26629671,89202.79868988693,suboptimal
14,invj-4pc-k2,inverse-j,0.04,+/-20%,5,8376.108879446905,8853.831569934062,77825344.27543151,77738024.29392509,87319.98150642216,suboptimal
14,invj-4pc-k2,inverse-j,0.04,+/-20%,6,6700.887103557524,7083.065255977999,77635657.40677552,77449506.89472574,186150.5120497793,suboptimal
14,invj-4pc-k2,inverse-j,0.04,+/-20%,7,6266.155571622249,10380.105545714998,81511090.62461741,79041459.95766883,2469630.6669485867,suboptimal
14,invj-4pc-k2,inverse-j,0.04,+/-20%,8,7519.386685946698,12366.279505434775,82957441.63591464,80662522.05968195,2294919.5762326866,suboptimal
14,invj-4pc-k2,inverse-j,0.04,+/-20%,9,9023.264023136038,9893.023607120998,80672652.11700574,80250334.1782034,422317.9388023317,suboptimal
14,invj-4pc-k2,inverse-j,0.04,+/-20%,10,9447.479285187457,14728.48415269335,82458932.0829085,80383883.6213742,2075048.4615342915,suboptimal
14,invj-4pc-k2,inverse-j,0.04,+/-20%,11,11336.97514222495,11785.430712591135,78318131.71141383,78233582.42283624,84549.28857758641,suboptimal
14,invj-4pc-k2,inverse-j,0.04,+/-20%,12,13604.370170669936,9428.344570134499,77975771.631824,,,infeasible
14,invj-4pc-k2,inverse-j,0.04,+/-20%,13,16325.244204803921,10341.927159398087,79553180.67634907,,,infeasible
14,invj-4pc-k2,inverse-j,0.04,+/-20%,14,19590.29304576471,8273.54172731,79094063.43477374,,,infeasible
14,invj-4pc-k2,inverse-j,0.04,+/-20%,15,23508.351654917653,12804.040628914645,82532232.1005944,,,infeasible
15,linear-4pc-0pc,linear,0.04,NHF,1,41656.065002825344,41656.065002825344,44315189.31269803,44315189.31269803,0.0,optimal
15,linear-4pc-0pc,linear,0.04,NHF,2,3300.5389114424997,3300.5389114424997,25004657.36525296,25004657.36525296,0.0,optimal
15,linear-4pc-0pc,linear,0.04,NHF,3,7989.6768927745015,7989.6768927745015,30590314.61259888,30590314.61259888,0.0,optimal
15,linear-4pc-0pc,linear,0.04,NHF,4,6294.216359878001,6294.216359878001,31767195.61974415,31767195.61974415,0.0,optimal
15,linear-4pc-0pc,linear,0.04,NHF,5,4504.9982120859995,4504.9982120859995,35251124.41062768,35251124.41062768,0.0,optimal
15,linear-4pc-0pc,linear,0.04,NHF,6,7803.7605329925,7803.7605329925,41188097.39172617,41188097.39172617,0.0,optimal
15,linear-4pc-0pc,linear,0.04,NHF,7,15606.073286292,15606.073286292,45937710.62576535,45937710.62576535,0.0,optimal
15,linear-4pc-0pc,linear,0.04,NHF,8,12543.203187772498,13550.344063982498,43962837.57105871,43803226.334938556,159611.23612015694,suboptimal
15,linear-4pc-0pc,linear,0.04,NHF,9,15687.072069752496,20644.1123658925,42342503.83057633,41244159.635037325,1098344.195539005,suboptimal
15,linear-4pc-0pc,linear,0.04,NHF,10,1793.038529075,6585.687411019499,31088809.547083706,29974790.780367214,1114018.7667164914,suboptimal
15,linear-4pc-0pc,linear,0.04,NHF,11,2780.82646768,8703.825376512998,34254835.301380366,32893340.135330256,1361495.16605011,suboptimal
15,linear-4pc-0pc,linear,0.04,NHF,12,747.17332614,4922.243942041,34365387.66216677,33319998.687589306,1045388.9745774604,suboptimal
15,linear-4pc-0pc,linear,0.04,NHF,13,5710.57823122,12703.383858647496,39642255.97217715,38021931.8819098,1620324.0902673453,suboptimal
15,linear-4pc-0pc,linear,0.04,NHF,14,0.0,7160.525782911999,37864941.23651813,35952892.317996964,1912048.9185211658,suboptimal
15,linear-4pc-0pc,linear,0.04,NHF,15,62999.268030850726,14503.395379052503,42389874.61181959,,,infeasible
15,linear-4pc-0pc,linear,0.04,NDY,1,11973.221062634135,11973.221062634135,35683076.060450666,35683076.060450666,0.0,optimal
15,linear-4pc-0pc,linear,0.04,NDY,2,11973.221062634133,11850.539759361654,37162042.33721017,37161902.643111,139.6940991729498,suboptimal
15,linear-4pc-0pc,linear,0.04,NDY,3,11973.221062634133,11696.979774249741,38798295.79196749,,,infeasible
15,linear-4pc-0pc,linear,0.04,NDY,4,11973.221062634133,11585.44436185477,40119567.97110784,,,infeasible
15,linear-4pc-0pc,linear,0.04,NDY,5,11973.221062634133,11508.520703735328,40900345.24640203,,,infeasible
15,linear-4pc-0pc,linear,0.04,NDY,6,11973.221062634133,11450.610004650358,40188245.58296533,,,infeasible
15,linear-4pc-0pc,linear,0.04,NDY,7,11973.221062634133,11357.909167704163,40100044.73470413,,,infeasible
15,linear-4pc-0pc,linear,0.04,NDY,8,11973.221062634131,11231.02495735445,39867014.90767919,,,infeasible
15,linear-4pc-0pc,linear,0.04,NDY,9,11973.221062634131,11136.261366746223,39445229.424122944,,,infeasible
15,linear-4pc-0pc,linear,0.04,NDY,10,11973.221062634133,11114.674527733292,39265604.44589632,,,infeasible
15,linear-4pc-0pc,linear,0.04,NDY,11,11973.22106263413,11102.82209915145,39155257.78064452,,,infeasible
15,linear-4pc-0pc,linear,0.04,NDY,12,11973.22106263413,11096.747265493741,39103742.0743767,,,infeasible
15,linear-4pc-0pc,linear,0.04,NDY,13,11973.221062634133,11051.486413584524,39093805.15864524,,,infeasible
15,linear-4pc-0pc,linear,0.04,NDY,14,11973.221062634131,11028.656842949977,38873853.217059545,,,infeasible
15,linear-4pc-0pc,linear,0.04,NDY,15,13651.191496944584,10976.06402050395,38948214.78477724,,,infeasible
15,linear-4pc-0pc,linear,0.04,-10%,1,16671.385430041344,16671.385430041344,39422459.94016665,39422459.94016665,0.0,optimal
15,linear-4pc-0pc,linear,0.04,-10%,2,15004.24688703721,14998.696119142334,39131977.56173709,39131977.56173709,0.0,optimal
15,linear-4pc-0pc,linear,0.04,-10%,3,13503.82219833349,13452.727858862265,38969901.09281017,38969901.09281017,0.0,optimal
15,linear-4pc-0pc,linear,0.04,-10%,4,12153.439978500144,12068.893984827078,38778775.04294184,38778775.04294184,0.0,optimal
15,linear-4pc-0pc,linear,0.04,-10%,5,10938.095980650129,10862.847289493575,38464496.05443972,38464496.05443972,0.0,optimal
15,linear-4pc-0pc,linear,0.04,-10%,6,9844.286382585115,9776.562563617501,38078610.682942934,38078610.682942934,0.0,optimal
15,linear-4pc-0pc,linear,0.04,-10%,7,9804.371247550296,9804.371247457,38980804.56898363,38980804.56898363,0.0,optimal
15,linear-4pc-0pc,linear,0.04,-10%,8,9856.507530422406,11490.172567162499,40713648.34662483,40168352.687890716,545295.658734113,suboptimal
15,linear-4pc-0pc,linear,0.04,-10%,9,8870.856777380168,13306.479227500007,40428612.48276278,38819107.45438919,1609505.0283735842,suboptimal
15,linear-4pc-0pc,linear,0.04,-10%,10,7983.77109964215,11995.382999521747,38340374.39377241,36954606.32302996,1385768.0707424507,suboptimal
15,linear-4pc-0pc,linear,0.04,-10%,11,7185.393989677936,10800.200096247625,36945290.343587786,35898699.507638656,1046590.8359491304,suboptimal
15,linear-4pc-0pc,linear,0.04,-10%,12,6466.8545907101425,9720.180089294408,36160572.10778349,35471733.55453938,688838.5532441065,suboptimal
15,linear-4pc-0pc,linear,0.04,-10%,13,5820.169131639128,8748.162076602499,36430728.88673915,35878972.97094843,551755.9157907218,suboptimal
15,linear-4pc-0pc,linear,0.04,-10%,14,5238.152218475215,8664.623532187,37888769.0370408,36892168.88385554,996600.1531852633,suboptimal
15,linear-4pc-0pc,linear,0.04,-10%,15,51410.74997811922,11996.442680144448,40331394.42027779,,,infeasible
15,linear-4pc-0pc,linear,0.04,-20%,1,20425.259939612366,20425.259939612366,40823549.78718728,40823549.78718728,0.0,optimal
15,linear-4pc-0pc,linear,0.04,-20%,2,16340.207951689901,16296.500351801285,37968550.34252197,37968550.34252197,0.0,optimal
15,linear-4pc-0pc,linear,0.04,-20%,3,13072.166361351918,13014.531725905577,36578949.147517584,36578949.147517584,0.0,optimal
15,linear-4pc-0pc,linear,0.04,-20%,4,10457.733089081536,10395.571732670905,35603717.276606195,35603717.276606195,0.0,optimal
15,linear-4pc-0pc,linear,0.04,-20%,5,8366.18647126523,8316.457384653502,35829741.44386078,35829741.44386078,0.0,optimal
15,linear-4pc-0pc,linear,0.04,-20%,6,7803.7605329925,7803.7605329925,37415362.18240197,37415362.18240197,0.0,optimal
15,linear-4pc-0pc,linear,0.04,-20%,7,8834.711112357,8834.711112357,40332698.185969904,40332698.185969904,0.0,optimal
15,linear-4pc-0pc,linear,0.04,-20%,8,12682.11393377092,14551.6159852575,43951046.16693454,43388220.48266115,562825.684273392,suboptimal
15,linear-4pc-0pc,linear,0.04,-20%,9,10145.691147016736,15249.747463450049,41473586.99298766,39707762.50393947,1765824.4890481904,suboptimal
15,linear-4pc-0pc,linear,0.04,-20%,10,8116.55291761339,12203.389685099603,37143920.47556914,36030619.18322577,1113301.2923433632,suboptimal
15,linear-4pc-0pc,linear,0.04,-20%,11,6493.2423340907135,9762.711748807922,35140167.05289159,34406193.485467955,733973.5674236342,suboptimal
15,linear-4pc-0pc,linear,0.04,-20%,12,5194.59386727257,7810.169400986,34752717.096233785,34269648.4378253,483068.65840848535,suboptimal
15,linear-4pc-0pc,linear,0.04,-20%,13,4155.675093818056,7214.6492069325,36620637.60881638,36017952.313235454,602685.2955809236,suboptimal
15,linear-4pc-0pc,linear,0.04,-20%,14,5580.288271649318,11332.108432897001,39878539.19132673,38191917.66480281,1686621.526523918,suboptimal
15,linear-4pc-0pc,linear,0.04,-20%,15,52826.94642721411,11756.8455775575,40062026.760145575,,,infeasible
15,linear-4pc-0pc,linear,0.04,+/-10%,1,16683.31858125525,16683.31858125525,39094439.17937129,39094439.17937129,0.0,optimal
15,linear-4pc-0pc,linear,0.04,+/-10%,2,15014.986723129728,14998.591855457602,38761363.375093095,38761363.375093095,0.0,optimal
15,linear-4pc-0pc,linear,0.04,+/-10%,3,13513.488050816752,13458.650749298682,38556932.080849856,38556932.080849856,0.0,optimal
15,linear-4pc-0pc,linear,0.04,+/-10%,4,12162.139245735078,12094.231983537706,38347262.38651653,38347262.38651653,0.0,optimal
15,linear-4pc-0pc,linear,0.04,+/-10%,5,10945.925321161572,10534.818377815272,37958718.87801258,37917287.88506226,41430.992950320244,suboptimal
15,linear-4pc-0pc,linear,0.04,+/-10%,6,9851.332789045415,9481.336541983084,37914507.59881616,37859718.25665285,54789.342163309455,suboptimal
15,linear-4pc-0pc,linear,0.04,+/-10%,7,9550.4135828766,10429.470195202,39229332.41616994,38347000.66761804,882331.7485518977,suboptimal
15,linear-4pc-0pc,linear,0.04,+/-10%,8,10505.454941164258,11531.542658032498,40326664.80698551,39651902.742403805,674762.0645817071,suboptimal
15,linear-4pc-0pc,linear,0.04,+/-10%,9,10661.622967116024,13296.545213695668,40110211.5257724,38989213.41785995,1120998.107912451,suboptimal
15,linear-4pc-0pc,linear,0.04,+/-10%,10,9595.460670404424,11956.645509433725,37898506.42104599,36934303.03912972,964203.3819162697,suboptimal
15,linear-4pc-0pc,linear,0.04,+/-10%,11,10555.006737444864,10654.851932176462,36338778.82158623,36338778.82158623,0.0,optimal
15,linear-4pc-0pc,linear,0.04,+/-10%,12,11610.507411189352,9433.889028411126,35715685.34692866,,,infeasible
15,linear-4pc-0pc,linear,0.04,+/-10%,13,12771.558152308287,8653.255488577273,36290132.581056885,,,infeasible
15,linear-4pc-0pc,linear,0.04,+/-10%,14,14048.713967539119,9518.581041367,38014104.21408405,,,infeasible
15,linear-4pc-0pc,linear,0.04,+/-10%,15,15453.585364293034,12481.371898101486,40287573.49623542,,,infeasible
15,linear-4pc-0pc,linear,0.04,+/-20%,1,20426.073118706765,20426.073118706765,40514554.296870895,40514554.296870895,0.0,optimal
15,linear-4pc-0pc,linear,0.04,+/-20%,2,16340.858494965418,16311.48047341454,37644263.623851955,37644263.62371213,0.00013982504606246948,optimal
15,linear-4pc-0pc,linear,0.04,+/-20%,3,13072.686795972333,13016.466174706049,36061730.282496125,36061730.28241357,8.255243301391602e-05,optimal
15,linear-4pc-0pc,linear,0.04,+/-20%,4,10458.149436777869,10407.50224818345,35066369.41363112,35066369.41361321,1.7911195755004883e-05,optimal
15,linear-4pc-0pc,linear,0.04,+/-20%,5,8366.519549422297,8326.001795673501,35292019.531700544,35292019.531700544,0.0,optimal
15,linear-4pc-0pc,linear,0.04,+/-20%,6,7803.7605329925,7803.7605329925,36541968.07157821,36541968.07157806,1.4901161193847656e-07,optimal
15,linear-4pc-0pc,linear,0.04,+/-20%,7,9364.512639591001,9364.512637757001,39266549.446220435,39266549.44622043,7.450580596923828e-09,optimal
15,linear-4pc-0pc,linear,0.04,+/-20%,8,11237.4151675092,12646.523571592497,42562035.2693152,41661871.87174372,900163.3975714818,suboptimal
15,linear-4pc-0pc,linear,0.04,+/-20%,9,10934.629492342632,15723.790594393948,42088031.631623454,40162054.40639276,1925977.2252306938,suboptimal
15,linear-4pc-0pc,linear,0.04,+/-20%,10,8747.703593874106,12581.833874548705,37558589.34752542,36259460.58767279,1299128.7598526254,suboptimal
15,linear-4pc-0pc,linear,0.04,+/-20%,11,9104.007132904388,10065.296684222547,35287523.120637976,35107789.20328652,179733.9173514545,suboptimal
15,linear-4pc-0pc,linear,0.04,+/-20%,12,10924.808559485267,8052.237351921,34772101.99353975,,,infeasible
15,linear-4pc-0pc,linear,0.04,+/-20%,13,13109.770271382316,8631.8925024225,36647691.99938197,,,infeasible
15,linear-4pc-0pc,linear,0.04,+/-20%,14,15731.724325658786,10026.425707512002,38306625.140077025,,,infeasible
15,linear-4pc-0pc,linear,0.04,+/-20%,15,18878.06919079054,10955.5621839375,39359878.295514636,,,infeasible
15,linear-6pc-0pc,linear,0.06,NHF,1,41656.065002825344,41656.065002825344,28242293.903422028,28242293.903422028,0.0,optimal
15,linear-6pc-0pc,linear,0.06,NHF,2,3300.5389114424997,3300.5389114424997,11636086.23583887,11636086.23583887,0.0,optimal
15,linear-6pc-0pc,linear,0.06,NHF,3,7989.6768927745015,7989.6768927745015,15296483.723109102,15296483.723109102,0.0,optimal
15,linear-6pc-0pc,linear,0.06,NHF,4,6294.216359878001,6294.216359878001,15829516.211325988,15829516.211325988,0.0,optimal
15,linear-6pc-0pc,linear,0.06,NHF,5,4504.9982120859995,4504.9982120859995,17964309.969428733,17964309.969428733,0.0,optimal
15,linear-6pc-0pc,linear,0.06,NHF,6,7803.7605329925,7803.7605329925,22862608.925267197,22862608.925267197,0.0,optimal
15,linear-6pc-0pc,linear,0.06,NHF,7,15606.073286292,15606.073286292,27454228.58278686,27454228.58278686,0.0,optimal
15,linear-6pc-0pc,linear,0.06,NHF,8,13550.344063982498,13550.344063982498,26234548.785042815,26234548.785042815,0.0,optimal
15,linear-6pc-0pc,linear,0.06,NHF,9,20644.1123658925,20644.1123658925,25775712.224847008,25775712.224847008,0.0,optimal
15,linear-6pc-0pc,linear,0.06,NHF,10,3818.4674327674998,6585.687411019499,16195800.172644697,15532287.954109084,663512.2185356133,suboptimal
15,linear-6pc-0pc,linear,0.06,NHF,11,5468.281720155001,8703.825376512998,17922099.68899587,17126394.866863817,795704.8221320547,suboptimal
15,linear-6pc-0pc,linear,0.06,NHF,12,1221.44597174,4922.243942041,17789004.66860781,16767387.295891859,1021617.37271595,suboptimal
15,linear-6pc-0pc,linear,0.06,NHF,13,1839.4614918700001,12703.383858647496,22240263.16725996,19214817.17378478,3025445.99347518,suboptimal
15,linear-6pc-0pc,linear,0.06,NHF,14,0.0,7160.525782911999,20724057.568725184,18602289.90106141,2121767.6676637754,suboptimal
15,linear-6pc-0pc,linear,0.06,NHF,15,49505.661113039074,14503.395379052503,24742042.085594956,,,infeasible
15,linear-6pc-0pc,linear,0.06,NDY,1,11832.672014864333,11832.672014864333,19070996.90379409,19070996.903794095,-3.725290298461914e-09,optimal
15,linear-6pc-0pc,linear,0.06,NDY,2,11832.672014864333,11675.847477527932,19584203.56827859,19576940.208618328,7263.359660260379,suboptimal
15,linear-6pc-0pc,linear,0.06,NDY,3,11832.67201486433,11548.53631709783,20817693.152281564,,,infeasible
15,linear-6pc-0pc,linear,0.06,NDY,4,11832.672014864333,11459.06851832457,21762181.03787758,,,infeasible
15,linear-6pc-0pc,linear,0.06,NDY,5,11832.67201486433,11401.048248229841,22333516.981024265,,,infeasible
15,linear-6pc-0pc,linear,0.06,NDY,6,11832.672014864334,11346.713312768612,22449512.956934243,,,infeasible
15,linear-6pc-0pc,linear,0.06,NDY,7,11832.672014864336,11232.811175722205,22491176.446932208,,,infeasible
15,linear-6pc-0pc,linear,0.06,NDY,8,11832.672014864334,11174.08368027747,22629968.726413455,,,infeasible
15,linear-6pc-0pc,linear,0.06,NDY,9,11832.672014864336,11118.459714710709,22186449.08126447,,,infeasible
15,linear-6pc-0pc,linear,0.06,NDY,10,11832.672014864336,11069.031643880515,21930058.569356285,,,infeasible
15,linear-6pc-0pc,linear,0.06,NDY,11,11832.672014864336,11008.140928649576,21716118.036243983,,,infeasible
15,linear-6pc-0pc,linear,0.06,NDY,12,11832.672014864336,10998.381194048114,21669537.909569316,,,infeasible
15,linear-6pc-0pc,linear,0.06,NDY,13,11832.672014864336,10964.908767819063,21626200.108984068,,,infeasible
15,linear-6pc-0pc,linear,0.06,NDY,14,11832.672014864338,10949.57929118787,21850978.72737384,,,infeasible
15,linear-6pc-0pc,linear,0.06,NDY,15,11832.672014864338,10933.771000158416,22193852.271141406,,,infeasible
15,linear-6pc-0pc,linear,0.06,-10%,1,16667.184626923805,16667.184626923805,22178055.996260602,22178055.9962606,3.725290298461914e-09,optimal
15,linear-6pc-0pc,linear,0.06,-10%,2,15000.466164231426,14932.573279408696,21696696.63293293,21696696.63293293,0.0,optimal
15,linear-6pc-0pc,linear,0.06,-10%,3,13500.41954780828,13383.33291177903,21532669.315760665,21532669.315760665,0.0,optimal
15,linear-6pc-0pc,linear,0.06,-10%,4,12150.377593027457,12029.913385096515,21195611.587546088,21195611.587546088,0.0,optimal
15,linear-6pc-0pc,linear,0.06,-10%,5,10935.339833724707,10826.922049251887,20994746.95912775,20994746.95912775,0.0,optimal
15,linear-6pc-0pc,linear,0.06,-10%,6,9841.805850352237,9744.2298449725,20589444.56402866,20589444.56402866,0.0,optimal
15,linear-6pc-0pc,linear,0.06,-10%,7,8857.625265317014,8857.625266997,21233719.575606972,21233719.575606972,0.0,optimal
15,linear-6pc-0pc,linear,0.06,-10%,8,11975.284922422057,10849.186513461,23356471.480053023,,,infeasible
15,linear-6pc-0pc,linear,0.06,-10%,9,10777.756430179852,13799.563046636416,24234628.241895474,23012006.692947697,1222621.5489477776,suboptimal
15,linear-6pc-0pc,linear,0.06,-10%,10,9699.980787161869,12416.692779713328,22241718.77368613,21158880.606909823,1082838.166776307,suboptimal
15,linear-6pc-0pc,linear,0.06,-10%,11,8729.982708445683,11175.023503366225,20705325.25607357,19896463.205271155,808862.0508024171,suboptimal
15,linear-6pc-0pc,linear,0.06,-10%,12,7856.984437601113,10057.521151090856,19810342.43596036,19211175.32417649,599167.1117838696,suboptimal
15,linear-6pc-0pc,linear,0.06,-10%,13,7071.285993841002,9051.769039614499,19642757.292666145,19211255.92687505,431501.36579109356,suboptimal
15,linear-6pc-0pc,linear,0.06,-10%,14,6364.1573944569,8493.080812007,20391981.95904398,19699703.16906812,692278.7899758592,suboptimal
15,linear-6pc-0pc,linear,0.06,-10%,15,34800.166511374904,11262.645988148326,22499272.506997287,,,infeasible
15,linear-6pc-0pc,linear,0.06,-20%,1,20413.22672750266,20413.22672750266,23745844.108309146,23745844.108309146,0.0,optimal
15,linear-6pc-0pc,linear,0.06,-20%,2,16330.581382002134,16298.861375938646,21373152.814096082,21373152.814096082,0.0,optimal
15,linear-6pc-0pc,linear,0.06,-20%,3,13064.465105601705,13022.491375804146,20064017.96118752,20064017.96118752,0.0,optimal
15,linear-6pc-0pc,linear,0.06,-20%,4,10451.572084481366,10414.727056923839,19054328.580001164,19054328.580001164,0.0,optimal
15,linear-6pc-0pc,linear,0.06,-20%,5,8361.257667585096,8331.781640518002,18875140.691315416,18875140.691315416,0.0,optimal
15,linear-6pc-0pc,linear,0.06,-20%,6,7803.7605329925,7803.7605329925,19962437.521074794,19962437.521074794,0.0,optimal
15,linear-6pc-0pc,linear,0.06,-20%,7,8315.083713627,8315.083713627,22383028.893961288,22383028.893961288,0.0,optimal
15,linear-6pc-0pc,linear,0.06,-20%,8,14902.432933698661,13995.4214636685,25983225.796952,,,infeasible
15,linear-6pc-0pc,linear,0.06,-20%,9,11921.946346958928,15778.81754030854,25103801.87859935,23592018.206384014,1511783.672215335,suboptimal
15,linear-6pc-0pc,linear,0.06,-20%,10,9537.557077567142,12622.09307721777,21456181.485888768,20466902.20723275,989279.278656017,suboptimal
15,linear-6pc-0pc,linear,0.06,-20%,11,7630.045662053717,10097.674454835469,19058671.92621245,18415551.58175982,643120.344452627,suboptimal
15,linear-6pc-0pc,linear,0.06,-20%,12,6104.036529642972,8078.139564490999,18296742.753385898,17836989.307585735,459753.44580016285,suboptimal
15,linear-6pc-0pc,linear,0.06,-20%,13,4883.229223714379,6696.347382962501,19200125.21542774,18747388.487235602,452736.7281921394,suboptimal
15,linear-6pc-0pc,linear,0.06,-20%,14,5738.982755869999,11869.953325952001,22466807.405735917,20460743.703659836,2006063.7020760812,suboptimal
15,linear-6pc-0pc,linear,0.06,-20%,15,39360.339763272445,10947.628629013501,22082712.584800582,,,infeasible
15,linear-6pc-0pc,linear,0.06,+/-10%,1,16647.836772401082,16647.836772401082,22118253.465209734,22118253.465209734,0.0,optimal
15,linear-6pc-0pc,linear,0.06,+/-10%,2,14983.05309516098,14930.227660297238,21654259.95821417,21654259.958214168,3.725290298461914e-09,optimal
15,linear-6pc-0pc,linear,0.06,+/-10%,3,13484.74778564488,13386.674055340627,21447608.768254716,21447608.768310174,-5.5458396673202515e-05,optimal
15,linear-6pc-0pc,linear,0.06,+/-10%,4,12136.273007080395,12042.089139735614,21058235.100418795,21058235.10052656,-0.00010776519775390625,optimal
15,linear-6pc-0pc,linear,0.06,+/-10%,5,10922.645706372352,10837.880228155835,20828524.31661577,20828524.316615775,-3.725290298461914e-09,optimal
15,linear-6pc-0pc,linear,0.06,+/-10%,6,9830.381135735119,9754.0922073055,20281310.02598326,20281310.025874384,0.0001088753342628479,optimal
15,linear-6pc-0pc,linear,0.06,+/-10%,7,9225.208992581063,9225.208988457,20765421.29511658,20765421.29511699,-4.0978193283081055e-07,optimal
15,linear-6pc-0pc,linear,0.06,+/-10%,8,10147.72989183917,10147.729888273998,22112666.18481554,22112666.18481554,0.0,optimal
15,linear-6pc-0pc,linear,0.06,+/-10%,9,11162.50288102309,13919.260412889123,24256403.492861014,22970153.398399513,1286250.0944615006,suboptimal
15,linear-6pc-0pc,linear,0.06,+/-10%,10,11044.525446355898,12496.787520741389,22225987.846774198,21711649.392257676,514338.4545165226,suboptimal
15,linear-6pc-0pc,linear,0.06,+/-10%,11,9940.072901720307,11175.760916512068,20501387.075333484,20190082.166516803,311304.9088166803,suboptimal
15,linear-6pc-0pc,linear,0.06,+/-10%,12,10934.080191892339,9771.75906093408,19494865.14894147,,,infeasible
15,linear-6pc-0pc,linear,0.06,+/-10%,13,12027.48821108157,8794.252879848545,19582138.334157437,,,infeasible
15,linear-6pc-0pc,linear,0.06,+/-10%,14,13230.237032189732,9204.778460842,20588843.27022677,,,infeasible
15,linear-6pc-0pc,linear,0.06,+/-10%,15,14553.26073540871,10757.89642696245,22066005.664903205,,,infeasible
15,linear-6pc-0pc,linear,0.06,+/-20%,1,20398.27837397865,20398.27837397865,23673765.62586553,23673765.62586553,0.0,optimal
15,linear-6pc-0pc,linear,0.06,+/-20%,2,16318.622699182926,16280.93355874051,21288911.632043324,21288911.632043324,0.0,optimal
15,linear-6pc-0pc,linear,0.06,+/-20%,3,13054.898159346338,13013.101360699451,19793009.920093767,19793009.920093767,0.0,optimal
15,linear-6pc-0pc,linear,0.06,+/-20%,4,10443.918527477072,10410.48108756738,18731694.984968875,18731694.984968875,0.0,optimal
15,linear-6pc-0pc,linear,0.06,+/-20%,5,8355.134821981661,8328.384872721002,18514180.8355751,18514180.8355751,0.0,optimal
15,linear-6pc-0pc,linear,0.06,+/-20%,6,7585.458550547221,7585.458550547221,19370126.832062785,19370126.832062785,0.0,optimal
15,linear-6pc-0pc,linear,0.06,+/-20%,7,9102.550260656666,9102.550260687,21648906.200327408,21648906.200327408,0.0,optimal
15,linear-6pc-0pc,linear,0.06,+/-20%,8,10923.060312787999,12027.527548875,24539899.773764245,23805169.714154646,734730.0596095994,suboptimal
15,linear-6pc-0pc,linear,0.06,+/-20%,9,13107.672375345599,16320.533880115934,25719591.735627957,24515036.39594068,1204555.3396872766,suboptimal
15,linear-6pc-0pc,linear,0.06,+/-20%,10,10486.137900276479,13048.845724443177,21715004.399500806,20955199.744610086,759804.6548907198,suboptimal
15,linear-6pc-0pc,linear,0.06,+/-20%,11,8388.910320221185,10426.7206980565,19058050.94497288,18593273.769194983,464777.17577789724,suboptimal
15,linear-6pc-0pc,linear,0.06,+/-20%,12,9955.348318115499,8322.954470890192,17982409.665612146,,,infeasible
15,linear-6pc-0pc,linear,0.06,+/-20%,13,11946.417981738598,7117.750722292501,18503459.626376398,,,infeasible
15,linear-6pc-0pc,linear,0.06,+/-20%,14,14335.701578086317,11220.105155314295,21516434.40716432,,,infeasible
15,linear-6pc-0pc,linear,0.06,+/-20%,15,17202.841893703575,8976.08412286,21189548.868315917,,,infeasible
15,invj-4pc-k1,inverse-j,0.04,NHF,1,24600.966418681335,24600.966418681335,116157023.49574783,116157023.49574783,0.0,optimal
15,invj-4pc-k1,inverse-j,0.04,NHF,2,319.46032002000004,15150.404679585501,108704208.7877662,108256595.18696427,447613.60080192983,suboptimal
15,invj-4pc-k1,inverse-j,0.04,NHF,3,5007.3791269,11184.2430450645,106340074.15954828,106112631.09569122,227443.06385706365,suboptimal
15,invj-4pc-k1,inverse-j,0.04,NHF,4,973.589111055,10093.423563665503,109186330.96505113,108572530.77401687,613800.1910342574,suboptimal
15,invj-4pc-k1,inverse-j,0.04,NHF,5,29734.444978132167,5001.137727863499,110437654.02953894,,,infeasible
15,invj-4pc-k1,inverse-j,0.04,NHF,6,8699.712122512501,7803.7605329925,113530439.11564453,,,infeasible
15,invj-4pc-k1,inverse-j,0.04,NHF,7,15559.368981464499,14013.403236772001,115870894.68429144,,,infeasible
15,invj-4pc-k1,inverse-j,0.04,NHF,8,14169.849115221,11597.3555573685,114690896.61304636,,,infeasible
15,invj-4pc-k1,inverse-j,0.04,NHF,9,7716.821631396667,10474.8317995765,113685398.72392848,113374563.09842595,310835.62550252676,suboptimal
15,invj-4pc-k1,inverse-j,0.04,NHF,10,759.15645178,17264.2910226095,113850132.23315367,111076215.24147063,2773916.991683036,suboptimal
15,invj-4pc-k1,inverse-j,0.04,NHF,11,2629.7386341200004,9393.708124618,107592829.4654995,106666981.36275372,925848.1027457863,suboptimal
15,invj-4pc-k1,inverse-j,0.04,NHF,12,3372.8687769399994,6551.742475190999,110107586.98261578,109744544.35617045,363042.62644533813,suboptimal
15,invj-4pc-k1,inverse-j,0.04,NHF,13,16677.526539410002,11262.547401942498,113640432.34116754,,,infeasible
15,invj-4pc-k1,inverse-j,0.04,NHF,14,6638.590693964999,7725.646419701999,111204702.7407355,111114092.44309114,90610.29764436185,suboptimal
15,invj-4pc-k1,inverse-j,0.04,NHF,15,56475.26736095251,13220.458761858501,113689139.1665856,,,infeasible
15,invj-4pc-k1,inverse-j,0.04,NDY,1,10673.359230728916,10673.359230728916,113458324.1923717,113458324.1923717,0.0,optimal
15,invj-4pc-k1,inverse-j,0.04,NDY,2,10673.359230728915,10678.505752111907,115703408.85290135,115703408.85290135,0.0,optimal
15,invj-4pc-k1,inverse-j,0.04,NDY,3,10673.359230728916,10621.66618090127,116364593.02246541,116364593.02246541,0.0,optimal
15,invj-4pc-k1,inverse-j,0.04,NDY,4,10673.359230728915,10149.067751585972,116092900.29439954,115827327.05322279,265573.24117675424,suboptimal
15,invj-4pc-k1,inverse-j,0.04,NDY,5,10673.359230728916,10189.536342726076,117162588.46563405,116887182.57896076,275405.88667328656,suboptimal
15,invj-4pc-k1,inverse-j,0.04,NDY,6,10673.359230728916,10122.155000087067,116138544.65831152,115811939.46230572,326605.1960057914,suboptimal
15,invj-4pc-k1,inverse-j,0.04,NDY,7,10673.359230728916,10025.764979282834,115458589.34820534,114927482.48397648,531106.8642288595,suboptimal
15,invj-4pc-k1,inverse-j,0.04,NDY,8,10673.359230728915,10108.288670249,116842581.09285407,116444294.70255876,398286.3902953118,suboptimal
15,invj-4pc-k1,inverse-j,0.04,NDY,9,10673.359230728915,10048.408234764644,116683602.90139966,116062385.31720714,621217.5841925144,suboptimal
15,invj-4pc-k1,inverse-j,0.04,NDY,10,10673.359230728915,9987.05918231435,115245921.51560953,114359213.86867143,886707.6469381005,suboptimal
15,invj-4pc-k1,inverse-j,0.04,NDY,11,10673.359230728916,9926.549926549582,115397614.8430732,114696484.13368015,701130.7093930542,suboptimal
15,invj-4pc-k1,inverse-j,0.04,NDY,12,10673.359230728916,10051.462247426734,116234822.15726796,115833974.22700228,400847.93026567996,suboptimal
15,invj-4pc-k1,inverse-j,0.04,NDY,13,10673.359230728916,10101.186193119036,116503003.79241,116075866.48494549,427137.3074645102,suboptimal
15,invj-4pc-k1,inverse-j,0.04,NDY,14,10673.359230728915,9954.552194620825,115329163.37562796,114440215.56691632,888947.808711648,suboptimal
15,invj-4pc-k1,inverse-j,0.04,NDY,15,41935.72479322336,10085.137028942194,115939274.0434474,,,infeasible
15,invj-4pc-k1,inverse-j,0.04,-10%,1,12517.749502351331,12517.749502351331,115193383.48660892,115193383.48660892,0.0,optimal
15,invj-4pc-k1,inverse-j,0.04,-10%,2,11265.974552116193,14776.552478157611,115897942.31172748,115824831.52468249,73110.78704498708,suboptimal
15,invj-4pc-k1,inverse-j,0.04,-10%,3,10139.377096904575,14129.88238702093,113587772.09172885,113381465.46578078,206306.62594807148,suboptimal
15,invj-4pc-k1,inverse-j,0.04,-10%,4,9125.439387214119,12781.165795105211,116170128.62869892,115813217.33159181,356911.2971071005,suboptimal
15,invj-4pc-k1,inverse-j,0.04,-10%,5,13947.406688397132,12323.348124874017,116492632.54372233,,,infeasible
15,invj-4pc-k1,inverse-j,0.04,-10%,6,12552.666019557422,11107.283581815002,113493355.88189535,,,infeasible
15,invj-4pc-k1,inverse-j,0.04,-10%,7,11297.399417601682,10425.345554712001,111569718.9969248,,,infeasible
15,invj-4pc-k1,inverse-j,0.04,-10%,8,10167.659475841512,9905.9415287095,112097743.97210157,112094921.15817142,2822.8139301538467,suboptimal
15,invj-4pc-k1,inverse-j,0.04,-10%,9,9150.893528257364,9327.559335529,112330030.03432366,112322769.57072668,7260.463596984744,suboptimal
15,invj-4pc-k1,inverse-j,0.04,-10%,10,8235.804175431625,12235.920291101615,114245615.29048291,113522846.2648475,722769.0256354064,suboptimal
15,invj-4pc-k1,inverse-j,0.04,-10%,11,7412.223757888464,11799.18832810575,111391133.03463593,110669723.22450754,721409.8101283908,suboptimal
15,invj-4pc-k1,inverse-j,0.04,-10%,12,6671.001382099617,10632.227229112501,112968172.82091373,112393903.07561475,574269.7452989817,suboptimal
15,invj-4pc-k1,inverse-j,0.04,-10%,13,6003.901243889655,9569.004505902498,114578007.80492559,114131627.27557707,446380.5293485224,suboptimal
15,invj-4pc-k1,inverse-j,0.04,-10%,14,9382.916482555043,10568.626159547,113470672.35989593,113382698.66367047,87973.69622546434,suboptimal
15,invj-4pc-k1,inverse-j,0.04,-10%,15,56096.85588626023,11284.363121308616,113244513.14949292,,,infeasible
15,invj-4pc-k1,inverse-j,0.04,-20%,1,12070.056542144363,12070.056542144363,115537749.99473505,115537749.99473505,0.0,optimal
15,invj-4pc-k1,inverse-j,0.04,-20%,2,9656.04523371549,16609.696374612475,116254467.7457321,116083177.21655497,171290.52917712927,suboptimal
15,invj-4pc-k1,inverse-j,0.04,-20%,3,7724.836186972393,15021.373056848577,112837937.00108705,112460147.98411824,377789.0169688165,suboptimal
15,invj-4pc-k1,inverse-j,0.04,-20%,4,6179.868949577914,13537.15896240222,114899961.49123925,114303791.28471114,596170.2065281123,suboptimal
15,invj-4pc-k1,inverse-j,0.04,-20%,5,19406.552371244157,11015.621247981004,114111897.55656534,,,infeasible
15,invj-4pc-k1,inverse-j,0.04,-20%,6,15525.241896995329,8812.4969959325,111883764.70533383,,,infeasible
15,invj-4pc-k1,inverse-j,0.04,-20%,7,12420.193517596264,10204.208941587001,111785929.28701986,,,infeasible
15,invj-4pc-k1,inverse-j,0.04,-20%,8,9936.154814077008,10576.355872651942,113181669.56577742,113128761.5506486,52908.015128821135,suboptimal
15,invj-4pc-k1,inverse-j,0.04,-20%,9,7948.923851261609,8461.084703284001,113729535.87477802,113699425.0867969,30110.787981122732,suboptimal
15,invj-4pc-k1,inverse-j,0.04,-20%,10,6359.139081009288,14686.063582542176,115438660.2714547,113978719.50297701,1459940.7684776932,suboptimal
15,invj-4pc-k1,inverse-j,0.04,-20%,11,5087.31126480743,11704.893201289788,110675690.95507047,109625668.19906954,1050022.7560009211,suboptimal
15,invj-4pc-k1,inverse-j,0.04,-20%,12,4069.849011845944,9504.221029466,111547669.0586484,110713828.29340206,833840.7652463317,suboptimal
15,invj-4pc-k1,inverse-j,0.04,-20%,13,9533.010773122392,10883.931518627618,114595151.4628914,114486123.85316646,109027.60972493887,suboptimal
15,invj-4pc-k1,inverse-j,0.04,-20%,14,12117.20736764449,8966.5725200045,112468383.41750251,,,infeasible
15,invj-4pc-k1,inverse-j,0.04,-20%,15,55813.4975874325,12760.825103369501,113642924.003338,,,infeasible
15,invj-4pc-k1,inverse-j,0.04,+/-10%,1,13795.907590904473,13795.907590904473,111094359.54046118,111094359.54046117,1.4901161193847656e-08,optimal
15,invj-4pc-k1,inverse-j,0.04,+/-10%,2,12416.316831814001,13665.40287510976,111705878.30093724,111643537.13667059,62341.16426664591,suboptimal
15,invj-4pc-k1,inverse-j,0.04,+/-10%,3,11174.685148632612,12855.622755086106,110828821.6221886,110715941.73058647,112879.89160212874,suboptimal
15,invj-4pc-k1,inverse-j,0.04,+/-10%,4,10057.216633769345,12512.035316118181,111491361.60404685,111166113.31849025,325248.2855565995,suboptimal
15,invj-4pc-k1,inverse-j,0.04,+/-10%,5,10736.467124579573,12393.0780185202,111558532.50167468,111306609.45737295,251923.04430173337,suboptimal
15,invj-4pc-k1,inverse-j,0.04,+/-10%,6,9662.820412121617,11560.29843749044,109868795.21468309,109584850.45568164,283944.75900144875,suboptimal
15,invj-4pc-k1,inverse-j,0.04,+/-10%,7,9768.61339835829,11228.981158324308,109129177.50450774,108954432.18476294,174745.31974479556,suboptimal
15,invj-4pc-k1,inverse-j,0.04,+/-10%,8,9623.17655155536,10113.18227199825,109017793.66833556,108960555.74540478,57237.92293077707,suboptimal
15,invj-4pc-k1,inverse-j,0.04,+/-10%,9,10585.494206710904,9101.864047989,109436679.71226265,,,infeasible
15,invj-4pc-k1,inverse-j,0.04,+/-10%,10,11644.043627381996,12235.844698762545,110945084.4697278,110907138.63013871,37945.839589089155,suboptimal
15,invj-4pc-k1,inverse-j,0.04,+/-10%,11,12808.4479901202,11401.833458638563,108779083.86600313,108494456.30875784,284627.5572452843,suboptimal
15,invj-4pc-k1,inverse-j,0.04,+/-10%,12,14089.29278913222,11554.88685963186,109116111.02285415,,,infeasible
15,invj-4pc-k1,inverse-j,0.04,+/-10%,13,15498.222068045448,11158.27536723894,109010398.92464828,,,infeasible
15,invj-4pc-k1,inverse-j,0.04,+/-10%,14,17048.04427484998,10587.016369848381,108418683.51979946,,,infeasible
15,invj-4pc-k1,inverse-j,0.04,+/-10%,15,18752.848702334984,10699.32987444053,108364561.29400305,,,infeasible
15,invj-4pc-k1,inverse-j,0.04,+/-20%,1,15330.429396916532,15330.429396916532,112477412.62313445,112477412.62313446,-1.4901161193847656e-08,optimal
15,invj-4pc-k1,inverse-j,0.04,+/-20%,2,12264.343517533222,14501.126455948923,112018632.74886216,111953508.92936194,65123.8195002228,suboptimal
15,invj-4pc-k1,inverse-j,0.04,+/-20%,3,9811.474814026582,15550.922693531009,110762767.15005723,110324243.2454547,438523.9046025276,suboptimal
15,invj-4pc-k1,inverse-j,0.04,+/-20%,4,8639.356800433434,12711.067149751903,109480943.8197517,109014893.54962306,466050.27012863755,suboptimal
15,invj-4pc-k1,inverse-j,0.04,+/-20%,5,10367.228160520117,10365.175213617285,110263709.71545696,110263709.71545696,0.0,optimal
15,invj-4pc-k1,inverse-j,0.04,+/-20%,6,12440.673792624148,8292.140169202501,108993957.27128273,,,infeasible
15,invj-4pc-k1,inverse-j,0.04,+/-20%,7,11998.079799370953,12061.736952023375,110456199.71858044,110456199.71858044,0.0,optimal
15,invj-4pc-k1,inverse-j,0.04,+/-20%,8,9598.463839496762,9649.389560139512,109790212.89397532,109790212.89397532,0.0,optimal
15,invj-4pc-k1,inverse-j,0.04,+/-20%,9,7678.77107159741,7719.5116455610005,110079389.02871275,110079389.02871275,0.0,optimal
15,invj-4pc-k1,inverse-j,0.04,+/-20%,10,9214.525285916892,15622.742179018871,113884635.21032962,112444500.8659381,1440134.3443915248,suboptimal
15,invj-4pc-k1,inverse-j,0.04,+/-20%,11,11057.43034310027,12484.385393690045,109119418.03661214,108927032.20225823,192385.8343539089,suboptimal
15,invj-4pc-k1,inverse-j,0.04,+/-20%,12,13268.916411720325,9987.508311811504,108073810.01703493,,,infeasible
15,invj-4pc-k1,inverse-j,0.04,+/-20%,13,15922.69969406439,11147.267358937499,109689020.21180028,,,infeasible
15,invj-4pc-k1,inverse-j,0.04,+/-20%,14,19107.239632877267,8928.766066361999,108217264.00808042,,,infeasible
15,invj-4pc-k1,inverse-j,0.04,+/-20%,15,22928.68755945271,9990.1219328855,109428420.25710593,,,infeasible
15,invj-4pc-k2,inverse-j,0.04,NHF,1,41656.065002825344,41656.065002825344,86606116.21176948,86606116.21176948,0.0,optimal
15,invj-4pc-k2,inverse-j,0.04,NHF,2,2267.9167531025,3300.5389114424997,67079558.38319948,66947158.757743105,132399.62545637786,suboptimal
15,invj-4pc-k2,inverse-j,0.04,NHF,3,1596.5251096300003,7989.6768927745015,75560022.76436923,74394682.57859364,1165340.185775593,suboptimal
15,invj-4pc-k2,inverse-j,0.04,NHF,4,0.0,6294.216359878001,75480533.79286942,74033330.75681627,1447203.036053151,suboptimal
15,invj-4pc-k2,inverse-j,0.04,NHF,5,14225.0316419005,4504.9982120859995,78824084.58519919,,,infeasible
15,invj-4pc-k2,inverse-j,0.04,NHF,6,8436.1003092975,7803.7605329925,83062316.36695436,,,infeasible
15,invj-4pc-k2,inverse-j,0.04,NHF,7,14870.899435744503,15606.073286292,87124081.1575371,86995545.725098,128535.43243910372,suboptimal
15,invj-4pc-k2,inverse-j,0.04,NHF,8,15515.906436092502,13550.344063982498,85522674.14201395,,,infeasible
15,invj-4pc-k2,inverse-j,0.04,NHF,9,14043.127881616665,20644.1123658925,84590937.72267886,82892091.3915229,1698846.3311559558,suboptimal
15,invj-4pc-k2,inverse-j,0.04,NHF,10,1389.4082309200003,6585.687411019499,73291058.17141826,71857761.95540541,1433296.2160128504,suboptimal
15,invj-4pc-k2,inverse-j,0.04,NHF,11,2629.7386341200004,8703.825376512998,79586768.90072113,78072092.31596512,1514676.5847560167,suboptimal
15,invj-4pc-k2,inverse-j,0.04,NHF,12,5046.7004187,4922.243942041,77920767.9811983,,,infeasible
15,invj-4pc-k2,inverse-j,0.04,NHF,13,9202.394340019999,12703.383858647496,82894362.54352371,82087000.14804886,807362.3954748511,suboptimal
15,invj-4pc-k2,inverse-j,0.04,NHF,14,6843.255530944999,7160.525782911999,79695240.01333612,79640702.28509983,54537.72823628783,suboptimal
15,invj-4pc-k2,inverse-j,0.04,NHF,15,54853.49266531967,14503.395379052503,83847122.41489317,,,infeasible
15,invj-4pc-k2,inverse-j,0.04,NDY,1,10887.324370277318,10887.324370277318,80356297.86614363,80356297.86614363,0.0,optimal
15,invj-4pc-k2,inverse-j,0.04,NDY,2,10887.324370277316,10759.39594913074,82070164.08486919,82069208.40602055,955.6788486391306,suboptimal
15,invj-4pc-k2,inverse-j,0.04,NDY,3,10887.32437027732,10673.977541802968,82769621.88977033,82737946.32592875,31675.563841581345,suboptimal
15,invj-4pc-k2,inverse-j,0.04,NDY,4,10887.324370277322,10190.291091212202,82551272.51799434,82357086.41607954,194186.10191480815,suboptimal
15,invj-4pc-k2,inverse-j,0.04,NDY,5,10887.32437027732,10136.438874848582,82936728.23811303,82488149.09764089,448579.1404721439,suboptimal
15,invj-4pc-k2,inverse-j,0.04,NDY,6,10887.324370277323,10090.68338437406,82560693.4162279,81969395.71524526,591297.7009826452,suboptimal
15,invj-4pc-k2,inverse-j,0.04,NDY,7,10887.324370277322,10008.633589905967,82300355.27093676,81587338.31792694,713016.953009814,suboptimal
15,invj-4pc-k2,inverse-j,0.04,NDY,8,10887.324370277322,10230.412079415051,83085242.885512,82481960.14446998,603282.7410420179,suboptimal
15,invj-4pc-k2,inverse-j,0.04,NDY,9,10887.324370277322,10171.342045862675,83300955.48377179,82655113.25543448,645842.2283373028,suboptimal
15,invj-4pc-k2,inverse-j,0.04,NDY,10,10887.32437027732,10194.808824329788,83392780.09676751,82848809.61617433,543970.4805931896,suboptimal
15,invj-4pc-k2,inverse-j,0.04,NDY,11,10887.32437027732,10231.219532223344,83139316.87892418,82597027.11108576,542289.7678384185,suboptimal
15,invj-4pc-k2,inverse-j,0.04,NDY,12,10887.324370277318,10123.145987299968,82884772.37678677,82320457.23304291,564315.1437438577,suboptimal
15,invj-4pc-k2,inverse-j,0.04,NDY,13,10887.324370277318,10044.54137508702,82694854.36884397,82002484.31889814,692370.0499458313,suboptimal
15,invj-4pc-k2,inverse-j,0.04,NDY,14,10887.324370277318,10017.002228455118,82391301.39910035,81656233.83329083,735067.5658095181,suboptimal
15,invj-4pc-k2,inverse-j,0.04,NDY,15,38813.86500093331,10096.122900442071,83190227.68431768,,,infeasible
15,invj-4pc-k2,inverse-j,0.04,-10%,1,16036.525151023809,16036.525151023809,82714758.53574057,82714758.53574057,0.0,optimal
15,invj-4pc-k2,inverse-j,0.04,-10%,2,14432.872635921425,14535.579661339116,81528402.21093945,81528402.21093945,0.0,optimal
15,invj-4pc-k2,inverse-j,0.04,-10%,3,12989.585372329282,13232.452481178867,79696939.50887193,79678493.15109257,18446.357779353857,suboptimal
15,invj-4pc-k2,inverse-j,0.04,-10%,4,11690.626835096362,11953.552097215648,81601441.88511625,81570789.68553263,30652.199583619833,suboptimal
15,invj-4pc-k2,inverse-j,0.04,-10%,5,10521.564151586723,10763.476359330201,82400610.47812703,82365803.12579839,34807.3523286432,suboptimal
15,invj-4pc-k2,inverse-j,0.04,-10%,6,9469.407736428051,9687.128725415001,81195211.45568241,81168081.25221668,27130.203465729952,suboptimal
15,invj-4pc-k2,inverse-j,0.04,-10%,7,8522.466962785245,10710.886248177001,81133635.43355824,80588957.88810587,544677.5454523712,suboptimal
15,invj-4pc-k2,inverse-j,0.04,-10%,8,9138.491709757425,10322.923612230306,81699381.67985806,81396518.2351241,302863.4447339624,suboptimal
15,invj-4pc-k2,inverse-j,0.04,-10%,9,8224.642538781683,9290.631248503501,81606935.2185928,81332541.5331205,274393.6854722947,suboptimal
15,invj-4pc-k2,inverse-j,0.04,-10%,10,7402.178284903515,13180.785240766378,83366688.0347701,81441353.18978603,1925334.8449840695,suboptimal
15,invj-4pc-k2,inverse-j,0.04,-10%,11,6661.960456413163,11893.025832720548,79979512.17295593,78271455.41370498,1708056.7592509538,suboptimal
15,invj-4pc-k2,inverse-j,0.04,-10%,12,5995.764410771848,10723.752039476833,80209872.50904025,78846027.35556255,1363845.1534776986,suboptimal
15,invj-4pc-k2,inverse-j,0.04,-10%,13,5396.187969694663,9663.057218257007,80843579.5141832,79796988.6370997,1046590.8770834953,suboptimal
15,invj-4pc-k2,inverse-j,0.04,-10%,14,6355.516359363423,8696.751499817,80885163.34676905,80282952.90057257,602210.4461964816,suboptimal
15,invj-4pc-k2,inverse-j,0.04,-10%,15,61085.31168033304,11817.211667525968,83115483.88239215,,,infeasible
15,invj-4pc-k2,inverse-j,0.04,-20%,1,19826.587421228694,19826.587421228694,83379952.72969835,83379952.72969835,0.0,optimal
15,invj-4pc-k2,inverse-j,0.04,-20%,2,15861.26993698296,15975.747114537327,79921214.99412635,79921214.99412635,0.0,optimal
15,invj-4pc-k2,inverse-j,0.04,-20%,3,12689.015949586366,12952.226899814788,78615100.26677397,78592496.36865371,22603.89812025428,suboptimal
15,invj-4pc-k2,inverse-j,0.04,-20%,4,10151.212759669095,10416.577522151652,79237207.14878581,79207959.87903132,29247.269754499197,suboptimal
15,invj-4pc-k2,inverse-j,0.04,-20%,5,8120.970207735279,8333.262013526002,79639023.6959394,79610294.446935,28729.249004408717,suboptimal
15,invj-4pc-k2,inverse-j,0.04,-20%,6,7191.5788793075,7803.7605329925,80313262.09678574,80191072.39314339,122189.70364235342,suboptimal
15,invj-4pc-k2,inverse-j,0.04,-20%,7,7729.6800988820005,9552.062347122,81960066.18864283,81569760.15549813,390306.03314469755,suboptimal
15,invj-4pc-k2,inverse-j,0.04,-20%,8,12232.192759198877,13687.8256882345,85449241.79476763,85148465.21103354,300776.5837340951,suboptimal
15,invj-4pc-k2,inverse-j,0.04,-20%,9,9785.754207359101,13697.802751311501,83366638.81134942,82224988.65941846,1141650.151930958,suboptimal
15,invj-4pc-k2,inverse-j,0.04,-20%,10,7828.603365887282,12816.72782844497,80349461.10692805,78762035.96818008,1587425.1387479752,suboptimal
15,invj-4pc-k2,inverse-j,0.04,-20%,11,6262.882692709827,10296.365938121344,78374084.89707033,77294189.21566339,1079895.681406945,suboptimal
15,invj-4pc-k2,inverse-j,0.04,-20%,12,5010.306154167863,8237.092748351002,78473875.37638733,77719929.21820101,753946.1581863165,suboptimal
15,invj-4pc-k2,inverse-j,0.04,-20%,13,4008.2449233342895,7929.6987671525,80599239.14756158,79669272.25993939,929966.8876221925,suboptimal
15,invj-4pc-k2,inverse-j,0.04,-20%,14,9483.782710574378,8275.794670757,81795498.79723023,,,infeasible
15,invj-4pc-k2,inverse-j,0.04,-20%,15,57614.49978774554,14534.376243851371,84770635.9390163,,,infeasible
15,invj-4pc-k2,inverse-j,0.04,+/-10%,1,15453.87873467814,15453.87873467814,79799525.18194228,79799525.18194228,0.0,optimal
15,invj-4pc-k2,inverse-j,0.04,+/-10%,2,13908.490861210319,14261.432889647616,79397369.09369299,79386730.9380195,10638.155673488975,suboptimal
15,invj-4pc-k2,inverse-j,0.04,+/-10%,3,12517.641775089289,13453.707350150498,79006946.78797305,78872009.62877646,134937.15919658542,suboptimal
15,invj-4pc-k2,inverse-j,0.04,+/-10%,4,11265.877597580362,12418.981452255324,78850430.55887166,78604226.2218415,246204.33703015745,suboptimal
15,invj-4pc-k2,inverse-j,0.04,+/-10%,5,10139.289837822324,11221.50684699994,78686514.48909828,78399452.8432434,287061.64585487545,suboptimal
15,invj-4pc-k2,inverse-j,0.04,+/-10%,6,9125.360854040095,10099.356164366167,78020144.2227041,77768189.54716796,251954.6755361408,suboptimal
15,invj-4pc-k2,inverse-j,0.04,+/-10%,7,8467.86497160503,9552.062347122,78023470.74640617,77554508.79731622,468961.94908994436,suboptimal
15,invj-4pc-k2,inverse-j,0.04,+/-10%,8,9314.651468765534,11971.370016599441,79953164.55545972,78945956.82298033,1007207.7324793935,suboptimal
15,invj-4pc-k2,inverse-j,0.04,+/-10%,9,10246.11661564209,10774.2330137395,78999253.6999889,78859076.08379754,140177.61619135737,suboptimal
15,invj-4pc-k2,inverse-j,0.04,+/-10%,10,11270.728277206299,12265.019176187498,79130822.99191023,78845919.43462299,284903.557287246,suboptimal
15,invj-4pc-k2,inverse-j,0.04,+/-10%,11,12397.80110492693,11481.968901345417,77634262.4181139,,,infeasible
15,invj-4pc-k2,inverse-j,0.04,+/-10%,12,13637.581215419625,10404.309677310339,76922636.20456253,,,infeasible
15,invj-4pc-k2,inverse-j,0.04,+/-10%,13,15001.339336961586,9364.174132466069,76799887.26081382,,,infeasible
15,invj-4pc-k2,inverse-j,0.04,+/-10%,14,16501.473270657745,8427.756716597001,77224325.4804371,,,infeasible
15,invj-4pc-k2,inverse-j,0.04,+/-10%,15,18151.620597723522,12237.668617422838,80198824.85035107,,,infeasible
15,invj-4pc-k2,inverse-j,0.04,+/-20%,1,19828.047947910003,19828.047947910003,81503581.7062898,81503581.7062898,0.0,optimal
15,invj-4pc-k2,inverse-j,0.04,+/-20%,2,15862.438358328007,15987.88153812206,78397577.47753687,78397577.47753687,0.0,optimal
15,invj-4pc-k2,inverse-j,0.04,+/-20%,3,12689.950686662405,13078.337650028567,77081807.44705148,77038454.55971721,43352.887334272265,suboptimal
15,invj-4pc-k2,inverse-j,0.04,+/-20%,4,10151.960549329924,10454.875963305465,77426332.87610409,77392187.0833871,34145.79271697998,suboptimal
15,invj-4pc-k2,inverse-j,0.04,+/-20%,5,8121.568439463942,8363.900766577668,77529764.71225823,77497013.02584012,32751.686418116093,suboptimal
15,invj-4pc-k2,inverse-j,0.04,+/-20%,6,6497.254751571151,7803.7605329925,78173486.21466444,77338745.39628994,834740.8183744997,suboptimal
15,invj-4pc-k2,inverse-j,0.04,+/-20%,7,6350.461141587839,9552.062347122,80329230.47462611,78058908.35131583,2270322.123310283,suboptimal
15,invj-4pc-k2,inverse-j,0.04,+/-20%,8,7620.5533699054085,12816.476617742497,83036652.69701213,80048585.68969794,2988067.0073141903,suboptimal
15,invj-4pc-k2,inverse-j,0.04,+/-20%,9,7909.38767493285,13548.557642395499,81856864.88263288,78995600.31956291,2861264.5630699694,suboptimal
15,invj-4pc-k2,inverse-j,0.04,+/-20%,10,9491.26520991942,13456.999473384467,79538716.6856573,78138140.97302201,1400575.7126352787,suboptimal
15,invj-4pc-k2,inverse-j,0.04,+/-20%,11,11389.518251903304,10764.763608242207,76802876.15385406,,,infeasible
15,invj-4pc-k2,inverse-j,0.04,+/-20%,12,13667.42190228397,8611.810887302003,76879828.85160957,,,infeasible
15,invj-4pc-k2,inverse-j,0.04,+/-20%,13,16400.906282740758,8160.2040264775005,78252432.94903438,,,infeasible
15,invj-4pc-k2,inverse-j,0.04,+/-20%,14,19681.08753928891,9094.290988742,79598186.23047061,,,infeasible
15,invj-4pc-k2,inverse-j,0.04,+/-20%,15,23617.305047146685,12808.00054011375,81783848.05030379,,,infeasible
16,linear-4pc-0pc,linear,0.04,NHF,1,42647.70181705799,42647.70181705799,45635128.857091196,45635128.857091196,0.0,optimal
16,linear-4pc-0pc,linear,0.04,NHF,2,5931.832136711,5931.832136711,26322533.137203224,26322533.137203224,0.0,optimal
16,linear-4pc-0pc,linear,0.04,NHF,3,5992.563030390499,5992.563030390499,29750120.639328077,29750120.639328077,0.0,optimal
16,linear-4pc-0pc,linear,0.04,NHF,4,6331.2571733370005,6331.2571733370005,32654181.309251603,32654181.309251603,0.0,optimal
16,linear-4pc-0pc,linear,0.04,NHF,5,6954.6124245089995,6954.6124245089995,36554365.60955183,36554365.60955183,0.0,optimal
16,linear-4pc-0pc,linear,0.04,NHF,6,6115.481636725001,6115.481636725001,40007791.19355707,40007791.19355707,0.0,optimal
16,linear-4pc-0pc,linear,0.04,NHF,7,16229.719015088,16229.719015088,46339829.758619435,46339829.758619435,0.0,optimal
16,linear-4pc-0pc,linear,0.04,NHF,8,13257.550252370498,13894.1687370505,43837734.19116495,43746569.12824271,91165.0629222393,suboptimal
16,linear-4pc-0pc,linear,0.04,NHF,9,15787.32112228,20620.875888951003,41813260.95637982,40735901.483744904,1077359.472634919,suboptimal
16,linear-4pc-0pc,linear,0.04,NHF,10,2805.8978850300005,6066.5604431705,30237764.20386916,29502676.017521128,735088.1863480322,suboptimal
16,linear-4pc-0pc,linear,0.04,NHF,11,1620.7500010200001,6146.291815462,33846179.5839856,32686776.503970154,1159403.0800154433,suboptimal
16,linear-4pc-0pc,linear,0.04,NHF,12,2085.32110224,6779.512108053999,37084129.98506303,35940703.882564954,1143426.1024980769,suboptimal
16,linear-4pc-0pc,linear,0.04,NHF,13,3434.965803695,15210.395904365001,41087045.0168663,38368135.71895851,2718909.2979077846,suboptimal
16,linear-4pc-0pc,linear,0.04,NHF,14,0.0,5331.845119798,36704452.534803845,35232516.12240475,1471936.4123990983,suboptimal
16,linear-4pc-0pc,linear,0.04,NHF,15,62916.745082542286,14996.340653550496,42997864.40183744,,,infeasible
16,linear-4pc-0pc,linear,0.04,NDY,1,12190.98439166544,12190.98439166544,36072644.55889865,36072644.55889864,7.450580596923828e-09,optimal
16,linear-4pc-0pc,linear,0.04,NDY,2,12190.984391665443,12022.126006971353,37677230.45475211,37659516.23743332,17714.21731878817,suboptimal
16,linear-4pc-0pc,linear,0.04,NDY,3,12190.984391665443,11869.394825170348,39315452.03465094,,,infeasible
16,linear-4pc-0pc,linear,0.04,NDY,4,12190.98439166544,11737.805909205501,40373781.99810244,,,infeasible
16,linear-4pc-0pc,linear,0.04,NDY,5,12190.984391665443,11619.289613276338,41123783.04376366,,,infeasible
16,linear-4pc-0pc,linear,0.04,NDY,6,12190.98439166544,11520.34915568871,40579939.62834176,,,infeasible
16,linear-4pc-0pc,linear,0.04,NDY,7,12190.98439166544,11451.381892659929,40167826.353788786,,,infeasible
16,linear-4pc-0pc,linear,0.04,NDY,8,12190.984391665437,11376.991991119863,40082384.03101421,,,infeasible
16,linear-4pc-0pc,linear,0.04,NDY,9,12190.98439166544,11350.018776261,39940560.26115935,,,infeasible
16,linear-4pc-0pc,linear,0.04,NDY,10,12190.984391665443,11277.420281400222,39736907.13251282,,,infeasible
16,linear-4pc-0pc,linear,0.04,NDY,11,12190.984391665444,11225.334212403453,39619669.14417958,,,infeasible
16,linear-4pc-0pc,linear,0.04,NDY,12,12190.98439166544,11189.05845091331,39471473.14538592,,,infeasible
16,linear-4pc-0pc,linear,0.04,NDY,13,12190.984391665437,11138.475844183948,39312881.57223311,,,infeasible
16,linear-4pc-0pc,linear,0.04,NDY,14,12190.984391665439,11113.948597952938,39210074.99719879,,,infeasible
16,linear-4pc-0pc,linear,0.04,NDY,15,12190.984391665437,11069.747904865199,39004582.404539205,,,infeasible
16,linear-4pc-0pc,linear,0.04,-10%,1,17317.353519168235,17317.353519168235,40366989.14922619,40366989.14922619,0.0,optimal
16,linear-4pc-0pc,linear,0.04,-10%,2,15585.618167251414,15546.852949381187,40192609.53202335,40192609.53202335,0.0,optimal
16,linear-4pc-0pc,linear,0.04,-10%,3,14027.056350526273,13982.364466328278,40018288.64864639,40018288.64864639,0.0,optimal
16,linear-4pc-0pc,linear,0.04,-10%,4,12624.350715473644,12560.033782418053,39506554.77362901,39506554.77362901,0.0,optimal
16,linear-4pc-0pc,linear,0.04,-10%,5,11361.915643926282,11292.353063309089,39045649.967675276,39045649.967675276,0.0,optimal
16,linear-4pc-0pc,linear,0.04,-10%,6,10225.724079533653,10163.117758407501,38319846.26376473,38319846.26376473,0.0,optimal
16,linear-4pc-0pc,linear,0.04,-10%,7,10086.9776031143,10086.977600338,38802006.84233162,38802006.84233162,0.0,optimal
16,linear-4pc-0pc,linear,0.04,-10%,8,10290.952007649705,10974.442241837,39947078.374548614,39829315.924104914,117762.45044369996,suboptimal
16,linear-4pc-0pc,linear,0.04,-10%,9,9261.856806884734,12360.663786516,40237731.01536817,39061094.04309769,1176636.9722704813,suboptimal
16,linear-4pc-0pc,linear,0.04,-10%,10,8335.671126196261,12492.61821358644,39200366.24111031,37691723.785037085,1508642.4560732245,suboptimal
16,linear-4pc-0pc,linear,0.04,-10%,11,7502.104013576636,11238.653537872802,37521751.42161631,36418749.82357775,1103001.5980385616,suboptimal
16,linear-4pc-0pc,linear,0.04,-10%,12,6751.893612218972,10128.91140745144,36707129.5316464,35897094.597871974,810034.9337744266,suboptimal
16,linear-4pc-0pc,linear,0.04,-10%,13,6076.704250997076,9116.020269158616,36546500.52741878,35898450.39232153,648050.1350972503,suboptimal
16,linear-4pc-0pc,linear,0.04,-10%,14,5469.033825897369,8204.418242602998,37506715.20482815,36861020.23254108,645694.9722870737,suboptimal
16,linear-4pc-0pc,linear,0.04,-10%,15,47643.0060539163,11822.48201887055,40486875.171891965,,,infeasible
16,linear-4pc-0pc,linear,0.04,-20%,1,21479.123553483438,21479.123553483438,42023036.31368816,42023036.31368816,0.0,optimal
16,linear-4pc-0pc,linear,0.04,-20%,2,17183.298842786757,17131.479248178828,39151338.72331084,39151338.72331084,0.0,optimal
16,linear-4pc-0pc,linear,0.04,-20%,3,13746.6390742294,13690.874866271242,37429823.7647658,37429823.7647658,0.0,optimal
16,linear-4pc-0pc,linear,0.04,-20%,4,10997.31125938352,10954.794218556812,35782128.25425045,35782128.25425045,0.0,optimal
16,linear-4pc-0pc,linear,0.04,-20%,5,8797.849007506817,8761.996213086088,35626550.98890126,35626550.98890126,0.0,optimal
16,linear-4pc-0pc,linear,0.04,-20%,6,7038.279206005455,7009.596966560001,36694647.71740194,36694647.71740194,0.0,optimal
16,linear-4pc-0pc,linear,0.04,-20%,7,8232.641695370645,8232.641698037998,40259358.36864351,40259358.36864351,0.0,optimal
16,linear-4pc-0pc,linear,0.04,-20%,8,13375.520549333918,15218.279877341998,44479001.96059288,43958016.65196939,520985.3086234927,suboptimal
16,linear-4pc-0pc,linear,0.04,-20%,9,10700.416439467137,15331.900782781659,41663490.90315299,40082577.42676261,1580913.4763903767,suboptimal
16,linear-4pc-0pc,linear,0.04,-20%,10,8560.333151573708,12264.986688129417,37350467.77016606,36369266.34049173,981201.4296743348,suboptimal
16,linear-4pc-0pc,linear,0.04,-20%,11,6848.266521258967,9811.9893473395,35510835.513635986,34885013.58805377,625821.9255822152,suboptimal
16,linear-4pc-0pc,linear,0.04,-20%,12,5478.613217007175,8084.5418684040005,35149755.69661428,34640697.187769555,509058.5088447258,suboptimal
16,linear-4pc-0pc,linear,0.04,-20%,13,4382.8905736057395,7206.697848174999,36656048.14038185,36088083.44019336,567964.7001884878,suboptimal
16,linear-4pc-0pc,linear,0.04,-20%,14,3891.6239778481013,10826.049963023,39984370.60393854,38069479.01910698,1914891.5848315656,suboptimal
16,linear-4pc-0pc,linear,0.04,-20%,15,52448.18059203741,12112.182613692,40818850.98206851,,,infeasible
16,linear-4pc-0pc,linear,0.04,+/-10%,1,17350.99426838621,17350.99426838621,40042820.165135294,40042820.165135294,0.0,optimal
16,linear-4pc-0pc,linear,0.04,+/-10%,2,15615.894841547592,15594.90933037009,39862133.74692729,39862133.74692729,0.0,optimal
16,linear-4pc-0pc,linear,0.04,+/-10%,3,14054.305357392832,13999.821073624702,39572096.42631987,39572096.42631987,0.0,optimal
16,linear-4pc-0pc,linear,0.04,+/-10%,4,12648.874821653546,12575.223950204867,39176532.19141055,39176532.19141055,0.0,optimal
16,linear-4pc-0pc,linear,0.04,+/-10%,5,11383.987339488194,11306.502993829583,38616971.72115473,38616971.72115473,0.0,optimal
16,linear-4pc-0pc,linear,0.04,+/-10%,6,10245.588605539375,10175.8526962055,37757377.64699546,37757377.64699546,0.0,optimal
16,linear-4pc-0pc,linear,0.04,+/-10%,7,9743.521327756258,9743.521331557999,38148031.33981427,38148031.33981427,0.0,optimal
16,linear-4pc-0pc,linear,0.04,+/-10%,8,10717.873460531884,10717.873463159502,39523608.698999904,39523608.698999904,0.0,optimal
16,linear-4pc-0pc,linear,0.04,+/-10%,9,10533.293345913296,13050.474164686002,40445231.170592286,39197882.89482167,1247348.275770612,suboptimal
16,linear-4pc-0pc,linear,0.04,+/-10%,10,9479.964011321967,12451.831313875971,38653098.310164616,37354871.75961554,1298226.550549075,suboptimal
16,linear-4pc-0pc,linear,0.04,+/-10%,11,10427.960412454166,11000.155657104693,37099097.974287,37001577.795771725,97520.1785152778,suboptimal
16,linear-4pc-0pc,linear,0.04,+/-10%,12,11470.756453699581,9749.838121095596,36202285.04660922,,,infeasible
16,linear-4pc-0pc,linear,0.04,+/-10%,13,12617.832099069541,8774.854310539264,36599426.70784252,,,infeasible
16,linear-4pc-0pc,linear,0.04,+/-10%,14,13879.615308976496,9652.339745352998,38169162.89350864,,,infeasible
16,linear-4pc-0pc,linear,0.04,+/-10%,15,15267.576839874147,11547.994429109498,39746854.95924762,,,infeasible
16,linear-4pc-0pc,linear,0.04,+/-20%,1,21500.598261812996,21500.598261812996,41664776.32375498,41664776.32375498,0.0,optimal
16,linear-4pc-0pc,linear,0.04,+/-20%,2,17200.478609450405,17155.041350445485,38620194.22139732,38620194.22139732,0.0,optimal
16,linear-4pc-0pc,linear,0.04,+/-20%,3,13760.382887560321,13702.299176631817,36660168.88725331,36660168.88725331,0.0,optimal
16,linear-4pc-0pc,linear,0.04,+/-20%,4,11008.306310048258,10959.01080614749,35025812.58268806,35025812.58268806,0.0,optimal
16,linear-4pc-0pc,linear,0.04,+/-20%,5,8806.645048038607,8290.824673079,34558074.512031116,34550093.5864328,7980.925598315895,suboptimal
16,linear-4pc-0pc,linear,0.04,+/-20%,6,7045.316038430888,7323.289838046895,35792572.38912647,35425080.028213605,367492.3609128669,suboptimal
16,linear-4pc-0pc,linear,0.04,+/-20%,7,8454.379246117063,8787.947806953,38621481.6968625,38262623.54852554,358858.1483369544,suboptimal
16,linear-4pc-0pc,linear,0.04,+/-20%,8,10145.255095340475,12998.0319735645,43080363.59416424,40953155.59536969,2127207.998794548,suboptimal
16,linear-4pc-0pc,linear,0.04,+/-20%,9,12174.30611440857,16047.80335350347,42588909.92935524,41232659.40950252,1356250.5198527202,suboptimal
16,linear-4pc-0pc,linear,0.04,+/-20%,10,9739.444891526855,12840.498253394167,37887482.74233729,37038544.57958596,848938.1627513245,suboptimal
16,linear-4pc-0pc,linear,0.04,+/-20%,11,9063.300896498184,10272.398603056543,35636303.27988741,35429882.846948974,206420.43293843418,suboptimal
16,linear-4pc-0pc,linear,0.04,+/-20%,12,10875.961075797817,8217.918882314001,34967969.98670968,,,infeasible
16,linear-4pc-0pc,linear,0.04,+/-20%,13,13051.153290957382,8367.279904199999,36522227.12333808,,,infeasible
16,linear-4pc-0pc,linear,0.04,+/-20%,14,15661.383949148862,9426.310524433,38521077.55098722,,,infeasible
16,linear-4pc-0pc,linear,0.04,+/-20%,15,18793.66073897863,11546.326225334498,40294002.87274343,,,infeasible
16,linear-6pc-0pc,linear,0.06,NHF,1,42647.70181705799,42647.70181705799,29208010.22133926,29208010.22133926,0.0,optimal
16,linear-6pc-0pc,linear,0.06,NHF,2,5931.832136711,5931.832136711,12698644.036268981,12698644.036268981,0.0,optimal
16,linear-6pc-0pc,linear,0.06,NHF,3,5992.563030390499,5992.563030390499,14468372.981979553,14468372.981979553,0.0,optimal
16,linear-6pc-0pc,linear,0.06,NHF,4,6331.2571733370005,6331.2571733370005,16457445.386412704,16457445.386412704,0.0,optimal
16,linear-6pc-0pc,linear,0.06,NHF,5,6954.6124245089995,6954.6124245089995,19130470.520357396,19130470.520357396,0.0,optimal
16,linear-6pc-0pc,linear,0.06,NHF,6,6115.481636725001,6115.481636725001,21825044.347441044,21825044.347441044,0.0,optimal
16,linear-6pc-0pc,linear,0.06,NHF,7,16229.719015088,16229.719015088,27757107.12832442,27757107.12832442,0.0,optimal
16,linear-6pc-0pc,linear,0.06,NHF,8,13894.1687370505,13894.1687370505,26199459.929592863,26199459.929592863,0.0,optimal
16,linear-6pc-0pc,linear,0.06,NHF,9,20620.875888951,20620.875888951003,25400769.370507,25400769.370507,0.0,optimal
16,linear-6pc-0pc,linear,0.06,NHF,10,4299.0826374425,6066.5604431705,15446278.815150876,15027068.235856747,419210.57929412834,suboptimal
16,linear-6pc-0pc,linear,0.06,NHF,11,2554.75029532,6146.291815462,17345190.847023506,16341197.526420468,1003993.3206030373,suboptimal
16,linear-6pc-0pc,linear,0.06,NHF,12,2744.00870801,6779.512108053999,19848108.66014379,18736939.936311416,1111168.7238323726,suboptimal
16,linear-6pc-0pc,linear,0.06,NHF,13,1951.6639422099997,15210.395904365001,23447263.03246861,19885597.314325355,3561665.7181432545,suboptimal
16,linear-6pc-0pc,linear,0.06,NHF,14,0.0,5331.845119798,19636521.772616584,18020661.91358027,1615859.8590363152,suboptimal
16,linear-6pc-0pc,linear,0.06,NHF,15,50498.684654386445,14996.340653550496,25100675.26614093,,,infeasible
16,linear-6pc-0pc,linear,0.06,NDY,1,12026.967083641808,12026.967083641808,19260972.989942316,19260972.989942316,0.0,optimal
16,linear-6pc-0pc,linear,0.06,NDY,2,12026.967083641806,11824.84402661098,19942850.04453052,19915388.123540007,27461.920990511775,suboptimal
16,linear-6pc-0pc,linear,0.06,NDY,3,12026.96708364181,11688.261520277216,20938960.851303104,,,infeasible
16,linear-6pc-0pc,linear,0.06,NDY,4,12026.967083641808,11579.960285806219,21862382.232575454,,,infeasible
16,linear-6pc-0pc,linear,0.06,NDY,5,12026.96708364181,11539.59056811507,22603391.287022535,,,infeasible
16,linear-6pc-0pc,linear,0.06,NDY,6,12026.96708364181,11480.177706895982,22549534.506310064,,,infeasible
16,linear-6pc-0pc,linear,0.06,NDY,7,12026.96708364181,11409.264731126406,22658484.29187011,,,infeasible
16,linear-6pc-0pc,linear,0.06,NDY,8,12026.96708364181,11337.428891932384,22883944.789285958,,,infeasible
16,linear-6pc-0pc,linear,0.06,NDY,9,12026.967083641814,11228.314312274724,22444592.346666228,,,infeasible
16,linear-6pc-0pc,linear,0.06,NDY,10,12026.967083641814,11155.139736334933,22058370.73741797,,,infeasible
16,linear-6pc-0pc,linear,0.06,NDY,11,12026.967083641814,11088.219637741739,21913141.246441763,,,infeasible
16,linear-6pc-0pc,linear,0.06,NDY,12,12026.96708364181,11057.37903619521,21836895.989693627,,,infeasible
16,linear-6pc-0pc,linear,0.06,NDY,13,12026.967083641815,11042.118476660331,21808346.114256803,,,infeasible
16,linear-6pc-0pc,linear,0.06,NDY,14,12026.967083641812,11046.104649439847,21904647.784960985,,,infeasible
16,linear-6pc-0pc,linear,0.06,NDY,15,12026.967083641814,11033.985610510948,22242063.224568784,,,infeasible
16,linear-6pc-0pc,linear,0.06,-10%,1,17340.038003381895,17340.038003381895,22758317.903232258,22758317.903232258,0.0,optimal
16,linear-6pc-0pc,linear,0.06,-10%,2,15606.034203043702,15517.269102107113,22532096.06939758,22532096.06939758,0.0,optimal
16,linear-6pc-0pc,linear,0.06,-10%,3,14045.430782739333,13910.54917657585,22330282.47852703,22330282.47852703,0.0,optimal
16,linear-6pc-0pc,linear,0.06,-10%,4,12640.887704465398,12511.864900844263,21751971.49617193,21751019.14988642,952.3462855070829,suboptimal
16,linear-6pc-0pc,linear,0.06,-10%,5,11376.798934018863,11248.69268845056,21307085.76500476,21292143.21688875,14942.548116009682,suboptimal
16,linear-6pc-0pc,linear,0.06,-10%,6,10239.119040616975,10123.823415106,20667949.036779583,,,infeasible
16,linear-6pc-0pc,linear,0.06,-10%,7,9215.207136555278,9215.207133038,20913178.73092167,20913178.73092167,0.0,optimal
16,linear-6pc-0pc,linear,0.06,-10%,8,11041.319272981562,9408.492423535,22474467.960796114,,,infeasible
16,linear-6pc-0pc,linear,0.06,-10%,9,10659.503089529982,14143.929126870567,24650511.237426486,23167691.453693803,1482819.7837326825,suboptimal
16,linear-6pc-0pc,linear,0.06,-10%,10,9593.552780576985,12715.183604617323,22738716.24388155,21454894.959129807,1283821.284751743,suboptimal
16,linear-6pc-0pc,linear,0.06,-10%,11,8634.197502519286,11440.477973170087,21239077.19595044,20228599.458575133,1010477.7373753078,suboptimal
16,linear-6pc-0pc,linear,0.06,-10%,12,7770.777752267358,10294.968928246693,20082005.71691437,19332842.307110623,749163.4098037481,suboptimal
16,linear-6pc-0pc,linear,0.06,-10%,13,6993.699977040624,9265.334937254996,19672593.9908363,19140356.20245668,532237.7883796208,suboptimal
16,linear-6pc-0pc,linear,0.06,-10%,14,6294.329979336561,8338.801448483,20168568.78569142,19707829.49656273,460739.28912869096,suboptimal
16,linear-6pc-0pc,linear,0.06,-10%,15,36384.25159268338,9799.304887229999,22208451.43289443,,,infeasible
16,linear-6pc-0pc,linear,0.06,-20%,1,21465.87722132199,21465.87722132199,24598786.09886261,24598786.09886261,0.0,optimal
16,linear-6pc-0pc,linear,0.06,-20%,2,17172.7017770576,17100.152290209142,22267004.454202022,22267004.454202022,0.0,optimal
16,linear-6pc-0pc,linear,0.06,-20%,3,13738.161421646077,13657.634428600042,20574945.518966626,20574945.518966626,0.0,optimal
16,linear-6pc-0pc,linear,0.06,-20%,4,10990.529137316862,10914.11107876852,19132772.73608429,19132772.73608429,0.0,optimal
16,linear-6pc-0pc,linear,0.06,-20%,5,8792.42330985349,8731.288860373874,18769808.517407544,18769808.517407544,0.0,optimal
16,linear-6pc-0pc,linear,0.06,-20%,6,7033.938647882794,6985.03109232,19258272.441613358,19258272.441613358,0.0,optimal
16,linear-6pc-0pc,linear,0.06,-20%,7,8070.514948517998,8070.514948517998,22171304.200019892,22171304.200019892,0.0,optimal
16,linear-6pc-0pc,linear,0.06,-20%,8,15137.012182409975,13712.460201757001,26041801.77178733,,,infeasible
16,linear-6pc-0pc,linear,0.06,-20%,9,12109.609745927986,16218.119719682281,25654832.831424113,24035343.175915055,1619489.6555090584,suboptimal
16,linear-6pc-0pc,linear,0.06,-20%,10,9687.687796742388,12971.240826023512,21745414.749420024,20662715.985690672,1082698.7637293525,suboptimal
16,linear-6pc-0pc,linear,0.06,-20%,11,7750.150237393913,10376.992659681158,19427614.834084723,18701258.47572085,726356.3583638743,suboptimal
16,linear-6pc-0pc,linear,0.06,-20%,12,6200.12018991513,8301.594130064,18328075.848498605,17857065.494701546,471010.3537970595,suboptimal
16,linear-6pc-0pc,linear,0.06,-20%,13,4960.0961519321045,6884.542291905,18965626.497524876,18523888.841953933,441737.6555709429,suboptimal
16,linear-6pc-0pc,linear,0.06,-20%,14,5073.5033492699995,9704.726560093,21726361.271169867,20317381.2434172,1408980.0277526677,suboptimal
16,linear-6pc-0pc,linear,0.06,-20%,15,39939.71944518758,11775.931159976999,23366131.47022304,,,infeasible
16,linear-6pc-0pc,linear,0.06,+/-10%,1,17337.110906354872,17337.110906354872,22707696.487398393,22707696.487398393,0.0,optimal
16,linear-6pc-0pc,linear,0.06,+/-10%,2,15603.399815719387,15521.838213177887,22479131.592625763,22479131.592625763,0.0,optimal
16,linear-6pc-0pc,linear,0.06,+/-10%,3,14043.059834147449,13925.222642246545,22324867.57656561,22324867.57656561,0.0,optimal
16,linear-6pc-0pc,linear,0.06,+/-10%,4,12638.753850732703,12516.093507211208,21648120.3581005,21648120.35809969,8.083879947662354e-07,optimal
16,linear-6pc-0pc,linear,0.06,+/-10%,5,11374.878465659436,11253.659602168727,21191431.964559823,21189064.65196781,2367.3125920146704,suboptimal
16,linear-6pc-0pc,linear,0.06,+/-10%,6,10237.390619093489,10128.293636786,20459854.387382865,,,infeasible
16,linear-6pc-0pc,linear,0.06,+/-10%,7,9213.651557184145,9213.651555558,20600447.869373683,20600447.86937368,3.725290298461914e-09,optimal
16,linear-6pc-0pc,linear,0.06,+/-10%,8,10135.016712902558,10135.016713115001,21972791.971568473,21972791.971568476,-3.725290298461914e-09,optimal
16,linear-6pc-0pc,linear,0.06,+/-10%,9,11148.518384192816,13981.263184810556,24327127.451941088,22974360.229460303,1352767.222480785,suboptimal
16,linear-6pc-0pc,linear,0.06,+/-10%,10,10973.278339362776,12580.314432034269,22413725.917453326,21877284.88324048,536441.0342128463,suboptimal
16,linear-6pc-0pc,linear,0.06,+/-10%,11,9875.9505054265,11262.382042556004,20951902.670497883,20583708.538894884,368194.1316029988,suboptimal
16,linear-6pc-0pc,linear,0.06,+/-10%,12,10863.545555969149,9800.428699396483,19656754.44291338,,,infeasible
16,linear-6pc-0pc,linear,0.06,+/-10%,13,11949.90011156607,8820.385830824833,19662413.76139747,,,infeasible
16,linear-6pc-0pc,linear,0.06,+/-10%,14,13144.89012272267,9347.572572337,20748621.978717197,,,infeasible
16,linear-6pc-0pc,linear,0.06,+/-10%,15,14459.37913499494,10316.455849875,22087429.51477511,,,infeasible
16,linear-6pc-0pc,linear,0.06,+/-20%,1,21446.54463394036,21446.54463394036,24507236.313747223,24507236.313747223,0.0,optimal
16,linear-6pc-0pc,linear,0.06,+/-20%,2,17157.23570715229,17107.83590725324,22188028.828246176,22188028.828246176,0.0,optimal
16,linear-6pc-0pc,linear,0.06,+/-20%,3,13725.788565721828,13669.910282264009,20262190.191248003,20262190.191248003,0.0,optimal
16,linear-6pc-0pc,linear,0.06,+/-20%,4,10980.630852577464,10922.854745305513,18821920.962044187,18821920.962044187,0.0,optimal
16,linear-6pc-0pc,linear,0.06,+/-20%,5,8784.504682061972,8731.618582293451,18275239.8690688,18275239.8690688,0.0,optimal
16,linear-6pc-0pc,linear,0.06,+/-20%,6,7027.603745649579,7027.603747752001,18397474.90707419,18397474.90707419,0.0,optimal
16,linear-6pc-0pc,linear,0.06,+/-20%,7,8433.124494779493,8433.124495778,20746054.51155135,20746054.51155135,0.0,optimal
16,linear-6pc-0pc,linear,0.06,+/-20%,8,10119.749393735392,11746.398411021002,24465215.308352932,23158495.939802203,1306719.368550729,suboptimal
16,linear-6pc-0pc,linear,0.06,+/-20%,9,12143.699272482467,16803.66505426022,26423421.938161712,24469431.062281244,1953990.8758804686,suboptimal
16,linear-6pc-0pc,linear,0.06,+/-20%,10,10892.211916192331,13437.678265875536,22294794.83062028,21504728.76084659,790066.0697736926,suboptimal
16,linear-6pc-0pc,linear,0.06,+/-20%,11,8713.769532953867,10750.142611950338,19564011.234673075,19050379.21668129,513632.01799178496,suboptimal
16,linear-6pc-0pc,linear,0.06,+/-20%,12,10456.523439544637,8600.114090268,18417738.216712717,,,infeasible
16,linear-6pc-0pc,linear,0.06,+/-20%,13,12547.828127453568,7629.402091262,18836637.682280395,,,infeasible
16,linear-6pc-0pc,linear,0.06,+/-20%,14,15057.39375294428,8836.771504083,20639639.727634426,,,infeasible
16,linear-6pc-0pc,linear,0.06,+/-20%,15,18068.872503533134,10560.433538870999,22546397.721113525,,,infeasible
16,invj-4pc-k1,inverse-j,0.04,NHF,1,26592.5626802895,26592.5626802895,117549025.14842315,117549025.14842315,0.0,optimal
16,invj-4pc-k1,inverse-j,0.04,NHF,2,1453.0868550199998,15676.911289444499,109952135.84366897,109531630.39568058,420505.4479883909,suboptimal
16,invj-4pc-k1,inverse-j,0.04,NHF,3,3306.3885005375005,10298.405546155002,107899110.4417385,107597949.63092077,301160.8108177334,suboptimal
16,invj-4pc-k1,inverse-j,0.04,NHF,4,1208.0052790725,10262.9555890095,111187931.97701877,110589692.02409807,598239.9529207051,suboptimal
16,invj-4pc-k1,inverse-j,0.04,NHF,5,32031.03577342849,7753.4935780615,111755805.02264231,,,infeasible
16,invj-4pc-k1,inverse-j,0.04,NHF,6,5792.783432322501,6115.481636725001,113073719.22633757,113050214.14996669,23505.076370880008,suboptimal
16,invj-4pc-k1,inverse-j,0.04,NHF,7,15326.501300298001,15102.065420508,117257448.26718362,,,infeasible
16,invj-4pc-k1,inverse-j,0.04,NHF,8,18639.1088887545,11050.0799872945,113399639.36339942,,,infeasible
16,invj-4pc-k1,inverse-j,0.04,NHF,9,7865.487766383333,10529.329530376,112920191.68679558,112572784.08826849,347407.59852708876,suboptimal
16,invj-4pc-k1,inverse-j,0.04,NHF,10,700.71047602,15757.7627151215,112908075.4668534,110405253.3059438,2502822.160909593,suboptimal
16,invj-4pc-k1,inverse-j,0.04,NHF,11,2191.8155585799996,9045.935418372,109018659.3688686,107973590.77434519,1045068.594523415,suboptimal
16,invj-4pc-k1,inverse-j,0.04,NHF,12,2867.9161271800003,7092.601213134,112835815.07133445,112216216.4756231,619598.5957113504,suboptimal
16,invj-4pc-k1,inverse-j,0.04,NHF,13,15657.33801052,14995.835063805001,115621039.93090315,,,infeasible
16,invj-4pc-k1,inverse-j,0.04,NHF,14,4827.633427235,5578.106088748001,110486860.69169794,110424522.98263252,62337.709065422416,suboptimal
16,invj-4pc-k1,inverse-j,0.04,NHF,15,57625.1008208745,12368.750474654496,114993123.42274615,,,infeasible
16,invj-4pc-k1,inverse-j,0.04,NDY,1,11013.414446562054,11013.414446562054,114370179.46415953,114370179.46415953,0.0,optimal
16,invj-4pc-k1,inverse-j,0.04,NDY,2,11013.414446562054,11003.019585726592,116951585.61730783,116951585.61730783,0.0,optimal
16,invj-4pc-k1,inverse-j,0.04,NDY,3,11013.414446562052,10827.852611355082,117579498.25226475,117570021.29490033,9476.957364425063,suboptimal
16,invj-4pc-k1,inverse-j,0.04,NDY,4,11013.41444656205,10598.272995437776,117608601.55568327,117393080.49710421,215521.05857905746,suboptimal
16,invj-4pc-k1,inverse-j,0.04,NDY,5,11013.414446562056,10337.552136450524,117557390.884695,116915182.03607929,642208.848615706,suboptimal
16,invj-4pc-k1,inverse-j,0.04,NDY,6,11013.414446562052,10060.32929553462,116126307.74884471,114957155.55928324,1169152.1895614713,suboptimal
16,invj-4pc-k1,inverse-j,0.04,NDY,7,11013.414446562052,10104.2082361958,115312250.67464197,113860715.50347522,1451535.1711667478,suboptimal
16,invj-4pc-k1,inverse-j,0.04,NDY,8,11013.414446562056,10148.620805553433,116495258.14050305,115431795.88654026,1063462.253962785,suboptimal
16,invj-4pc-k1,inverse-j,0.04,NDY,9,11013.414446562052,10173.742711686877,116871884.47812673,115510740.50920938,1361143.968917355,suboptimal
16,invj-4pc-k1,inverse-j,0.04,NDY,10,11013.414446562052,10005.633627049496,115556158.04579468,113559658.85658649,1996499.1892081946,suboptimal
16,invj-4pc-k1,inverse-j,0.04,NDY,11,11013.41444656205,10000.4950384906,115905232.5966499,114223140.6645393,1682091.9321105927,suboptimal
16,invj-4pc-k1,inverse-j,0.04,NDY,12,11013.414446562048,10064.224614639672,116827761.06132948,115658637.61699879,1169123.4443306923,suboptimal
16,invj-4pc-k1,inverse-j,0.04,NDY,13,11013.414446562048,10223.992827022239,117349772.92239599,116519368.2889277,830404.6334682852,suboptimal
16,invj-4pc-k1,inverse-j,0.04,NDY,14,11013.414446562048,10199.142898923583,116972194.10657929,116119943.61323205,852250.4933472425,suboptimal
16,invj-4pc-k1,inverse-j,0.04,NDY,15,39305.93271171513,10269.424661964295,117297961.15450329,,,infeasible
16,invj-4pc-k1,inverse-j,0.04,-10%,1,13424.395660361884,13424.395660361884,116489579.66768974,116489579.66768974,0.0,optimal
16,invj-4pc-k1,inverse-j,0.04,-10%,2,12081.956094325695,15171.779873936322,117527282.26600361,117478222.240676,49060.02532760799,suboptimal
16,invj-4pc-k1,inverse-j,0.04,-10%,3,10873.760484893128,14221.84087402113,115207372.24416849,114975852.8067576,231519.43741089106,suboptimal
16,invj-4pc-k1,inverse-j,0.04,-10%,4,9786.384436403814,12822.175813471978,116578500.67127487,116292325.5753366,286175.0959382653,suboptimal
16,invj-4pc-k1,inverse-j,0.04,-10%,5,13958.81621552581,12647.36140213653,116574593.7850327,,,infeasible
16,invj-4pc-k1,inverse-j,0.04,-10%,6,12562.934593973225,11454.120041580638,114577164.21850835,,,infeasible
16,invj-4pc-k1,inverse-j,0.04,-10%,7,11306.641134575904,10614.684208045512,112908074.51567525,,,infeasible
16,invj-4pc-k1,inverse-j,0.04,-10%,8,10175.977021118315,9539.167030732631,112634426.0722727,,,infeasible
16,invj-4pc-k1,inverse-j,0.04,-10%,9,9158.379319006483,8585.250326586502,113211807.29097486,,,infeasible
16,invj-4pc-k1,inverse-j,0.04,-10%,10,8242.541387105835,12990.230384400797,115252719.87668303,114380386.27848892,872333.5981941074,suboptimal
16,invj-4pc-k1,inverse-j,0.04,-10%,11,7418.287248395252,12428.111918100889,111757465.81706364,110896616.13834032,860849.6787233204,suboptimal
16,invj-4pc-k1,inverse-j,0.04,-10%,12,6676.458523555728,11442.712034523754,113712747.05759487,112962880.95130345,749866.1062914133,suboptimal
16,invj-4pc-k1,inverse-j,0.04,-10%,13,6008.812671200154,10328.097130120632,114143477.71796538,113581433.22805376,562044.4899116158,suboptimal
16,invj-4pc-k1,inverse-j,0.04,-10%,14,7352.639346373981,9295.287417845499,113597655.35384992,113406134.02093343,191521.33291648328,suboptimal
16,invj-4pc-k1,inverse-j,0.04,-10%,15,57778.65497024947,11586.710775018668,114881295.90417854,,,infeasible
16,invj-4pc-k1,inverse-j,0.04,-20%,1,13072.9912013015,13072.9912013015,116810569.25376278,116810569.25376278,0.0,optimal
16,invj-4pc-k1,inverse-j,0.04,-20%,2,10458.392961041201,17015.996438382295,117896203.15874517,117739250.95134614,156952.20739902556,suboptimal
16,invj-4pc-k1,inverse-j,0.04,-20%,3,8366.714368832958,16431.561378177303,114410234.41717911,113954187.89598934,456046.52118976414,suboptimal
16,invj-4pc-k1,inverse-j,0.04,-20%,4,6693.371495066367,13317.949142067004,114594427.12271474,114010684.21869835,583742.9040163904,suboptimal
16,invj-4pc-k1,inverse-j,0.04,-20%,5,19227.32982405941,11162.211931231352,113752994.55015537,,,infeasible
16,invj-4pc-k1,inverse-j,0.04,-20%,6,15381.863859247522,8929.76954412,112603789.9640799,,,infeasible
16,invj-4pc-k1,inverse-j,0.04,-20%,7,12305.491087398019,9957.576284568,113308499.94901352,,,infeasible
16,invj-4pc-k1,inverse-j,0.04,-20%,8,9844.392869918414,10389.067973596106,113495674.34150298,113433849.3307479,61825.010755077004,suboptimal
16,invj-4pc-k1,inverse-j,0.04,-20%,9,7875.514295934732,8563.8903138865,113756600.80433212,113693942.09656581,62658.70776630938,suboptimal
16,invj-4pc-k1,inverse-j,0.04,-20%,10,6300.411436747786,15265.54963680666,115972532.3361665,114364889.90372074,1607642.4324457645,suboptimal
16,invj-4pc-k1,inverse-j,0.04,-20%,11,5040.32914939823,12545.896012768731,110199328.70897189,108981430.27884085,1217898.430131033,suboptimal
16,invj-4pc-k1,inverse-j,0.04,-20%,12,4032.2633195185836,10131.635573689,112704977.57696256,111747508.07126078,957469.5057017803,suboptimal
16,invj-4pc-k1,inverse-j,0.04,-20%,13,8083.256773682514,9870.205106565336,113747145.90692586,113551084.66047531,196061.2464505434,suboptimal
16,invj-4pc-k1,inverse-j,0.04,-20%,14,12080.57500062453,7896.164088255499,113310697.31538206,,,infeasible
16,invj-4pc-k1,inverse-j,0.04,-20%,15,57875.2956954935,12633.096189030499,115911533.27437384,,,infeasible
16,invj-4pc-k1,inverse-j,0.04,+/-10%,1,14953.126545785462,14953.126545785462,112448709.63431843,112448709.63431843,0.0,optimal
16,invj-4pc-k1,inverse-j,0.04,+/-10%,2,13457.813891206919,14010.717533066723,112834241.33179459,112819764.63951772,14476.692276865244,suboptimal
16,invj-4pc-k1,inverse-j,0.04,+/-10%,3,12112.032502086226,13140.930173704883,111578218.52374561,111504271.27428244,73947.24946317077,suboptimal
16,invj-4pc-k1,inverse-j,0.04,+/-10%,4,10900.829251877603,12491.395264898434,110996947.22618304,110813878.35833026,183068.86785277724,suboptimal
16,invj-4pc-k1,inverse-j,0.04,+/-10%,5,10902.362446066549,12666.759732636114,110954317.83191799,110703286.92005125,251030.9118667394,suboptimal
16,invj-4pc-k1,inverse-j,0.04,+/-10%,6,9812.126201459892,11829.976979454877,110140789.8887281,109802176.76409476,338613.124633342,suboptimal
16,invj-4pc-k1,inverse-j,0.04,+/-10%,7,8830.913581313906,11377.139605127153,109822214.0551049,109271114.6080546,551099.4470503032,suboptimal
16,invj-4pc-k1,inverse-j,0.04,+/-10%,8,9589.945990515416,10819.508154015848,109549466.16345163,109347351.432097,202114.73135462403,suboptimal
16,invj-4pc-k1,inverse-j,0.04,+/-10%,9,10548.940589566959,9737.557342361,109479944.5090782,,,infeasible
16,invj-4pc-k1,inverse-j,0.04,+/-10%,10,11603.834648523658,10175.3438390225,109819932.23803513,,,infeasible
16,invj-4pc-k1,inverse-j,0.04,+/-10%,11,12764.218113376024,10656.757905464001,108912685.14307769,,,infeasible
16,invj-4pc-k1,inverse-j,0.04,+/-10%,12,14040.639924713627,12192.547580617393,109461730.71214296,,,infeasible
16,invj-4pc-k1,inverse-j,0.04,+/-10%,13,15444.703917184996,11385.009096313895,109005523.02884123,,,infeasible
16,invj-4pc-k1,inverse-j,0.04,+/-10%,14,16989.174308903497,10895.462196520502,108880925.63155514,,,infeasible
16,invj-4pc-k1,inverse-j,0.04,+/-10%,15,18688.09173979385,10915.312026864085,109197291.96574289,,,infeasible
16,invj-4pc-k1,inverse-j,0.04,+/-20%,1,16559.010550681163,16559.010550681163,113753259.2950763,113753259.2950763,0.0,optimal
16,invj-4pc-k1,inverse-j,0.04,+/-20%,2,13247.208440544937,15652.903903531656,113084112.85630724,113017178.12223399,66934.73407325149,suboptimal
16,invj-4pc-k1,inverse-j,0.04,+/-20%,3,10597.766752435944,15620.860011980278,110958726.39624025,110590927.03394787,367799.36229237914,suboptimal
16,invj-4pc-k1,inverse-j,0.04,+/-20%,4,8803.857756888552,12869.393625544577,109514743.82564874,109024377.58679275,490366.2388559878,suboptimal
16,invj-4pc-k1,inverse-j,0.04,+/-20%,5,10564.629308266267,10369.529284095443,109688181.42749213,,,infeasible
16,invj-4pc-k1,inverse-j,0.04,+/-20%,6,10519.316471676324,8295.623432461667,109798693.37907796,,,infeasible
16,invj-4pc-k1,inverse-j,0.04,+/-20%,7,12623.17976601159,11919.676312861191,111608369.88062043,,,infeasible
16,invj-4pc-k1,inverse-j,0.04,+/-20%,8,10915.354045858116,9535.741048818922,110167886.2192361,,,infeasible
16,invj-4pc-k1,inverse-j,0.04,+/-20%,9,8732.283236686491,7628.592836755001,110369832.23290287,,,infeasible
16,invj-4pc-k1,inverse-j,0.04,+/-20%,10,9048.718909312782,15450.437023317501,114354074.97951496,112826838.99485952,1527235.9846554399,suboptimal
16,invj-4pc-k1,inverse-j,0.04,+/-20%,11,10858.462691175337,13317.56376776407,109506795.70778318,109139883.93067591,366911.7771072686,suboptimal
16,invj-4pc-k1,inverse-j,0.04,+/-20%,12,13030.1552294104,10654.051011013,108364137.25283252,,,infeasible
16,invj-4pc-k1,inverse-j,0.04,+/-20%,13,15636.186275292479,10604.511750701038,109011222.45280075,,,infeasible
16,invj-4pc-k1,inverse-j,0.04,+/-20%,14,18763.423530350978,8483.609404568,108683980.50936842,,,infeasible
16,invj-4pc-k1,inverse-j,0.04,+/-20%,15,22516.10823642116,10065.3177984375,110768761.34398533,,,infeasible
16,invj-4pc-k2,inverse-j,0.04,NHF,1,42647.70181705799,42647.70181705799,87718654.3118433,87718654.3118433,0.0,optimal
16,invj-4pc-k2,inverse-j,0.04,NHF,2,4511.47156515,5931.832136711,68646220.21484101,68464028.70591193,182191.5089290738,suboptimal
16,invj-4pc-k2,inverse-j,0.04,NHF,3,1278.11607956,5992.563030390499,75140256.16667582,74256142.05791919,884114.1087566316,suboptimal
16,invj-4pc-k2,inverse-j,0.04,NHF,4,0.0,6331.2571733370005,77006714.08266358,75551882.96242121,1454831.1202423722,suboptimal
16,invj-4pc-k2,inverse-j,0.04,NHF,5,15295.937174456001,6954.6124245089995,80245160.34857759,,,infeasible
16,invj-4pc-k2,inverse-j,0.04,NHF,6,4844.267719115001,6115.481636725001,82510548.123577,82241736.59501757,268811.52855943143,suboptimal
16,invj-4pc-k2,inverse-j,0.04,NHF,7,14074.5304874555,16229.719015088,88080070.36475004,87627470.5689308,452599.7958192378,suboptimal
16,invj-4pc-k2,inverse-j,0.04,NHF,8,20879.115642753,13894.1687370505,85271892.2727655,,,infeasible
16,invj-4pc-k2,inverse-j,0.04,NHF,9,13090.896970063332,20620.875888951003,83760603.964705,81772522.96506007,1988080.9996449351,suboptimal
16,invj-4pc-k2,inverse-j,0.04,NHF,10,2311.4891138800003,6066.5604431705,72233964.69381016,71278814.40968874,955150.284121424,suboptimal
16,invj-4pc-k2,inverse-j,0.04,NHF,11,2191.8155585799996,6146.291815462,78912529.04359286,77837953.74461477,1074575.2989780903,suboptimal
16,invj-4pc-k2,inverse-j,0.04,NHF,12,5403.010793580001,6779.512108053999,81284863.83174644,80988231.96506584,296631.8666806072,suboptimal
16,invj-4pc-k2,inverse-j,0.04,NHF,13,7705.621929880001,15210.395904365001,84689068.03543139,82842622.52388234,1846445.5115490407,suboptimal
16,invj-4pc-k2,inverse-j,0.04,NHF,14,4757.017301004999,5331.845119798,79401477.98958796,79285918.99437757,115558.99521039426,suboptimal
16,invj-4pc-k2,inverse-j,0.04,NHF,15,56308.7478564265,14996.340653550496,85418348.77377295,,,infeasible
16,invj-4pc-k2,inverse-j,0.04,NDY,1,11096.098930723849,11096.098930723849,81024819.99728803,81024819.99728803,0.0,optimal
16,invj-4pc-k2,inverse-j,0.04,NDY,2,11096.09893072385,11088.645136404319,83102315.68702982,83102315.68702982,0.0,optimal
16,invj-4pc-k2,inverse-j,0.04,NDY,3,11096.098930723849,10963.146482768228,83708321.79934153,83706741.9661163,1579.833225235343,suboptimal
16,invj-4pc-k2,inverse-j,0.04,NDY,4,11096.098930723849,10570.720251986137,83708273.03288937,83508713.39246394,199559.64042542875,suboptimal
16,invj-4pc-k2,inverse-j,0.04,NDY,5,11096.098930723852,10432.465536376614,83598473.1707644,83175936.09252104,422537.0782433599,suboptimal
16,invj-4pc-k2,inverse-j,0.04,NDY,6,11096.098930723852,10216.470895112101,82852514.90374266,82145586.20798388,706928.6957587749,suboptimal
16,invj-4pc-k2,inverse-j,0.04,NDY,7,11096.09893072385,10174.372808438646,82673614.34289207,81885118.11730243,788496.225589633,suboptimal
16,invj-4pc-k2,inverse-j,0.04,NDY,8,11096.098930723854,10413.092607631312,83733452.91226126,83111981.68438575,621471.2278755158,suboptimal
16,invj-4pc-k2,inverse-j,0.04,NDY,9,11096.098930723849,10299.787555774075,83750650.64662008,82881976.91402358,868673.7325965017,suboptimal
16,invj-4pc-k2,inverse-j,0.04,NDY,10,11096.098930723849,10295.565707990301,83732415.80842955,82865335.09950455,867080.7089250088,suboptimal
16,invj-4pc-k2,inverse-j,0.04,NDY,11,11096.09893072385,10301.028063822096,83267487.78936546,82454503.87486275,812983.9145027101,suboptimal
16,invj-4pc-k2,inverse-j,0.04,NDY,12,11096.098930723847,10129.910449939589,82524781.4516643,81464579.00235274,1060202.4493115544,suboptimal
16,invj-4pc-k2,inverse-j,0.04,NDY,13,11096.098930723849,10146.734717570169,82581499.43037643,81395336.03617296,1186163.3942034692,suboptimal
16,invj-4pc-k2,inverse-j,0.04,NDY,14,11096.098930723847,10102.293323376662,82587646.02976438,81416597.53027809,1171048.4994862974,suboptimal
16,invj-4pc-k2,inverse-j,0.04,NDY,15,38042.7240060709,10247.10658506718,83124117.10651217,,,infeasible
16,invj-4pc-k2,inverse-j,0.04,-10%,1,16485.01332220303,16485.01332220303,83656791.34354855,83656791.34354855,0.0,optimal
16,invj-4pc-k2,inverse-j,0.04,-10%,2,14836.511989982733,15124.124938801815,83220515.50771798,83202817.60442068,17697.903297305107,suboptimal
16,invj-4pc-k2,inverse-j,0.04,-10%,3,13352.860790984461,13704.023968024134,81131808.45422731,81122432.26185647,9376.192370846868,suboptimal
16,invj-4pc-k2,inverse-j,0.04,-10%,4,12017.574711886014,12527.947873652996,82601148.2291905,82549806.61118893,51341.61800156534,suboptimal
16,invj-4pc-k2,inverse-j,0.04,-10%,5,10815.817240697415,11424.70623603929,82803831.59915435,82676977.25049531,126854.34865903854,suboptimal
16,invj-4pc-k2,inverse-j,0.04,-10%,6,9734.235516627672,10282.2356161825,81850159.82153606,81728617.33670814,121542.4848279208,suboptimal
16,invj-4pc-k2,inverse-j,0.04,-10%,7,8760.811964964905,10693.889523595242,81615575.32889238,81123206.3135211,492369.0153712779,suboptimal
16,invj-4pc-k2,inverse-j,0.04,-10%,8,9630.158746664152,9519.16838621421,81192974.86973032,81189155.73513015,3819.1346001774073,suboptimal
16,invj-4pc-k2,inverse-j,0.04,-10%,9,8667.142871997738,8567.2515456115,81542061.0558548,,,infeasible
16,invj-4pc-k2,inverse-j,0.04,-10%,10,7800.428584797965,13575.245594555134,83554320.43982898,81601741.99861194,1952578.441217035,suboptimal
16,invj-4pc-k2,inverse-j,0.04,-10%,11,7020.385726318168,12274.361700072177,80535702.73046106,78800805.1033338,1734897.62712726,suboptimal
16,invj-4pc-k2,inverse-j,0.04,-10%,12,6318.347153686351,11288.795328497357,81944844.03193064,80429331.36259474,1515512.6693359017,suboptimal
16,invj-4pc-k2,inverse-j,0.04,-10%,13,5686.512438317717,10199.218174540885,81815482.84020281,80618708.82865901,1196774.0115437955,suboptimal
16,invj-4pc-k2,inverse-j,0.04,-10%,14,5117.861194485946,9179.296358278001,81582379.53276697,80385622.9241516,1196756.6086153686,suboptimal
16,invj-4pc-k2,inverse-j,0.04,-10%,15,60527.6182717832,11409.459273413258,83434287.82405981,,,infeasible
16,invj-4pc-k2,inverse-j,0.04,-20%,1,20627.964828367498,20627.964828367498,84432765.3944742,84432765.3944742,0.0,optimal
16,invj-4pc-k2,inverse-j,0.04,-20%,2,16502.371862694,16776.80097746779,81610985.53169124,81596963.93486397,14021.5968272686,suboptimal
16,invj-4pc-k2,inverse-j,0.04,-20%,3,13201.897490155201,13712.619864003389,79803538.6044343,79740021.63209929,63516.97233501077,suboptimal
16,invj-4pc-k2,inverse-j,0.04,-20%,4,10561.51799212416,11084.815439729098,80217644.22185315,80135246.56147242,82397.660380736,suboptimal
16,invj-4pc-k2,inverse-j,0.04,-20%,5,8449.21439369933,8846.338861765089,79608725.51070382,79540075.82984331,68649.68086050451,suboptimal
16,invj-4pc-k2,inverse-j,0.04,-20%,6,6759.3715149594655,7077.071091222501,80073220.72395337,80018405.05226484,54815.67168852687,suboptimal
16,invj-4pc-k2,inverse-j,0.04,-20%,7,6133.929411593,9957.576284568,83044513.42798936,82181612.61474486,862900.8132445067,suboptimal
16,invj-4pc-k2,inverse-j,0.04,-20%,8,13476.679476690912,12926.9435844655,84896998.88214181,,,infeasible
16,invj-4pc-k2,inverse-j,0.04,-20%,9,10781.34358135273,13256.124975614002,83067602.90956926,82351116.90242027,716486.007148996,suboptimal
16,invj-4pc-k2,inverse-j,0.04,-20%,10,8625.074865082184,13369.317069587805,81006018.45860125,79502519.67326565,1503498.7853356004,suboptimal
16,invj-4pc-k2,inverse-j,0.04,-20%,11,6900.0598920657485,10710.864543607871,78601373.93693887,77572896.81730887,1028477.119629994,suboptimal
16,invj-4pc-k2,inverse-j,0.04,-20%,12,5520.047913652597,8568.691634734,79490018.15139586,78669522.01782276,820496.1335731,suboptimal
16,invj-4pc-k2,inverse-j,0.04,-20%,13,5147.7230467399995,8662.020269725208,81027746.66491576,80221862.75876817,805883.9061475843,suboptimal
16,invj-4pc-k2,inverse-j,0.04,-20%,14,4659.731091905,6929.616217903001,81753652.71963842,81143493.77578117,610158.9438572526,suboptimal
16,invj-4pc-k2,inverse-j,0.04,-20%,15,59384.111889202206,15268.232570935446,86360728.3926362,,,infeasible
16,invj-4pc-k2,inverse-j,0.04,+/-10%,1,15993.28491094826,15993.28491094826,80861565.2679687,80861565.2679687,0.0,optimal
16,invj-4pc-k2,inverse-j,0.04,+/-10%,2,14393.956419853435,14768.112825987766,80767104.73719515,80752009.20507501,15095.532120138407,suboptimal
16,invj-4pc-k2,inverse-j,0.04,+/-10%,3,12954.560777868091,13533.462564299247,79451274.90015332,79388574.46773605,62700.43241727352,suboptimal
16,invj-4pc-k2,inverse-j,0.04,+/-10%,4,11659.104700081283,12833.389538837237,79250901.14003508,79025186.33773571,225714.8022993654,suboptimal
16,invj-4pc-k2,inverse-j,0.04,+/-10%,5,10493.194230073157,11798.428051091902,79139548.66621493,78738562.79661842,400985.8695965111,suboptimal
16,invj-4pc-k2,inverse-j,0.04,+/-10%,6,9443.87480706584,10618.585250068001,78592142.54447772,78221056.81627029,371085.7282074243,suboptimal
16,invj-4pc-k2,inverse-j,0.04,+/-10%,7,8508.622114983504,10678.801753827998,78967421.85087281,78062849.2212046,904572.6296682209,suboptimal
16,invj-4pc-k2,inverse-j,0.04,+/-10%,8,9359.48432648186,10674.885641124685,79106801.74919681,78735983.44013833,370818.3090584874,suboptimal
16,invj-4pc-k2,inverse-j,0.04,+/-10%,9,10295.432759130048,9607.397075477,78798027.33367957,,,infeasible
16,invj-4pc-k2,inverse-j,0.04,+/-10%,10,11324.976035043052,11936.966782993484,79742468.78873158,79609901.38322781,132567.40550376475,suboptimal
16,invj-4pc-k2,inverse-j,0.04,+/-10%,11,12457.47363854736,10743.270102400998,77929087.99661525,,,infeasible
16,invj-4pc-k2,inverse-j,0.04,+/-10%,12,13703.221002402091,11686.861362857235,78635206.88124187,,,infeasible
16,invj-4pc-k2,inverse-j,0.04,+/-10%,13,15073.543102642307,10533.87626838048,77944810.76592968,,,infeasible
16,invj-4pc-k2,inverse-j,0.04,+/-10%,14,16580.89741290654,9480.488645498,78199990.37342751,,,infeasible
16,invj-4pc-k2,inverse-j,0.04,+/-10%,15,18238.98715419719,11934.665399023112,80243413.15945461,,,infeasible
16,invj-4pc-k2,inverse-j,0.04,+/-20%,1,20550.56283442413,20550.56283442413,82479905.42799821,82479905.42799821,0.0,optimal
16,invj-4pc-k2,inverse-j,0.04,+/-20%,2,16440.450267539298,16844.00539906545,79876948.6697965,79848041.40131795,28907.268478542566,suboptimal
16,invj-4pc-k2,inverse-j,0.04,+/-20%,3,13152.360214031442,13645.413472247306,77315266.62453444,77250440.97659276,64825.64794167876,suboptimal
16,invj-4pc-k2,inverse-j,0.04,+/-20%,4,10521.888171225151,10989.480224421859,77187824.43583,77117072.06492627,70752.37090373039,suboptimal
16,invj-4pc-k2,inverse-j,0.04,+/-20%,5,8417.510536980122,8783.041180100092,77497772.31460588,77446138.6308313,51633.68377457559,suboptimal
16,invj-4pc-k2,inverse-j,0.04,+/-20%,6,6734.0084295841,7026.432946455,77791587.65716334,77643102.2730049,148485.38415843248,suboptimal
16,invj-4pc-k2,inverse-j,0.04,+/-20%,7,6761.10786552827,11645.747138967998,81768391.96990755,79203274.10753115,2565117.862376407,suboptimal
16,invj-4pc-k2,inverse-j,0.04,+/-20%,8,8113.329438633922,12040.459173857054,81611515.19629355,80033197.98844783,1578317.2078457177,suboptimal
16,invj-4pc-k2,inverse-j,0.04,+/-20%,9,8950.86563898973,9632.367335316,79673418.59610347,79351911.13904133,321507.4570621401,suboptimal
16,invj-4pc-k2,inverse-j,0.04,+/-20%,10,9309.02977863576,14791.538529495518,81703475.97842748,79542700.87103896,2160775.107388526,suboptimal
16,invj-4pc-k2,inverse-j,0.04,+/-20%,11,11170.835734362914,11842.610182761578,77846424.6931053,77705176.75392963,141247.93917566538,suboptimal
16,invj-4pc-k2,inverse-j,0.04,+/-20%,12,13405.002881235494,9474.088142839,77704960.0650123,,,infeasible
16,invj-4pc-k2,inverse-j,0.04,+/-20%,13,16086.003457482599,9606.471568131756,78442366.2430586,,,infeasible
16,invj-4pc-k2,inverse-j,0.04,+/-20%,14,19303.20414897911,7685.177255348001,78479246.4557091,,,infeasible
16,invj-4pc-k2,inverse-j,0.04,+/-20%,15,23163.844978774938,13285.820734156065,82582142.5233471,,,infeasible
17,linear-4pc-0pc,linear,0.04,NHF,1,46721.363664013836,46721.363664013836,47960784.680887885,47960784.680887885,0.0,optimal
17,linear-4pc-0pc,linear,0.04,NHF,2,5007.74195328,5007.74195328,25681738.22219504,25681738.22219504,0.0,optimal
17,linear-4pc-0pc,linear,0.04,NHF,3,6362.4448567325,6362.4448567325,30140725.34146971,30140725.34146971,0.0,optimal
17,linear-4pc-0pc,linear,0.04,NHF,4,7649.3715589305,7649.3715589305,32973295.449761923,32973295.449761923,0.0,optimal
17,linear-4pc-0pc,linear,0.04,NHF,5,5900.7650170590005,5900.7650170590005,35084250.987214394,35084250.987214394,0.0,optimal
17,linear-4pc-0pc,linear,0.04,NHF,6,5397.112937186499,5397.112937186499,38825615.13752536,38825615.13752536,0.0,optimal
17,linear-4pc-0pc,linear,0.04,NHF,7,13900.830065038,13900.830065038,45291837.533183195,45291837.533183195,0.0,optimal
17,linear-4pc-0pc,linear,0.04,NHF,8,12205.748030672501,12626.4196075925,44923121.10791271,44870107.387898214,53013.72001449764,suboptimal
17,linear-4pc-0pc,linear,0.04,NHF,9,18025.02971908,24427.322792285,45058621.24404162,43620261.67641945,1438359.5676221699,suboptimal
17,linear-4pc-0pc,linear,0.04,NHF,10,1624.0724605599999,5512.5287913875,29936396.007270698,29015194.221278593,921201.7859921046,suboptimal
17,linear-4pc-0pc,linear,0.04,NHF,11,1295.5246550600002,7634.975892855501,34248403.288737886,32789922.65350883,1458480.6352290548,suboptimal
17,linear-4pc-0pc,linear,0.04,NHF,12,2043.5213659199999,7120.706013663999,35730354.1720036,34420467.20909652,1309886.9629070759,suboptimal
17,linear-4pc-0pc,linear,0.04,NHF,13,4328.067278174999,12804.5595674715,38531012.55454648,36546939.16837358,1984073.3861729056,suboptimal
17,linear-4pc-0pc,linear,0.04,NHF,14,0.0,4453.1863516779995,35904676.824496634,34713944.65710971,1190732.1673869267,suboptimal
17,linear-4pc-0pc,linear,0.04,NHF,15,63155.08073687384,13163.327118447502,42733825.07099364,,,infeasible
17,linear-4pc-0pc,linear,0.04,NDY,1,12335.982957897722,12335.982957897722,36939101.06223836,36939101.06223836,0.0,optimal
17,linear-4pc-0pc,linear,0.04,NDY,2,12335.982957897728,12132.557031524908,38295562.97746966,,,infeasible
17,linear-4pc-0pc,linear,0.04,NDY,3,12335.982957897728,11924.053675359104,39707213.38290662,,,infeasible
17,linear-4pc-0pc,linear,0.04,NDY,4,12335.982957897726,11759.889320092785,40839119.023085676,,,infeasible
17,linear-4pc-0pc,linear,0.04,NDY,5,12335.982957897728,11580.814110199504,41182828.71491777,,,infeasible
17,linear-4pc-0pc,linear,0.04,NDY,6,12335.982957897728,11409.997886917772,40293070.26227069,,,infeasible
17,linear-4pc-0pc,linear,0.04,NDY,7,12335.982957897726,11379.994663836367,40207084.92519655,,,infeasible
17,linear-4pc-0pc,linear,0.04,NDY,8,12335.982957897726,11262.560987462473,39976149.89029169,,,infeasible
17,linear-4pc-0pc,linear,0.04,NDY,9,12335.982957897726,11233.075996734025,39857110.24003016,,,infeasible
17,linear-4pc-0pc,linear,0.04,NDY,10,12335.982957897724,11232.342191251664,39886210.11784931,,,infeasible
17,linear-4pc-0pc,linear,0.04,NDY,11,12335.982957897726,11198.242690440307,39482438.14930644,,,infeasible
17,linear-4pc-0pc,linear,0.04,NDY,12,12335.982957897726,11104.820878812496,39483474.00906743,,,infeasible
17,linear-4pc-0pc,linear,0.04,NDY,13,12335.982957897728,11067.152705639637,39505263.073969744,,,infeasible
17,linear-4pc-0pc,linear,0.04,NDY,14,12335.982957897731,11023.019071382541,39002237.118796214,,,infeasible
17,linear-4pc-0pc,linear,0.04,NDY,15,12335.982957897728,10988.646806854416,39164684.605119884,,,infeasible
17,linear-4pc-0pc,linear,0.04,-10%,1,18114.177235682702,18114.177235682702,41981510.7710856,41981510.7710856,0.0,optimal
17,linear-4pc-0pc,linear,0.04,-10%,2,16302.759512114433,16247.895197033287,41437957.21865508,41437957.21865508,0.0,optimal
17,linear-4pc-0pc,linear,0.04,-10%,3,14672.483560902989,14594.174250074355,41049058.7297698,41049058.7297698,0.0,optimal
17,linear-4pc-0pc,linear,0.04,-10%,4,13205.235204812687,13082.485916580468,40705784.27775542,40705784.27775542,0.0,optimal
17,linear-4pc-0pc,linear,0.04,-10%,5,11884.711684331423,11752.6691362739,39547066.77487223,39544294.72097319,2772.0538990348577,suboptimal
17,linear-4pc-0pc,linear,0.04,-10%,6,10696.240515898278,10577.402219108166,38051194.84830177,,,infeasible
17,linear-4pc-0pc,linear,0.04,-10%,7,9626.616464308454,9626.616469543002,37814815.45231218,37814815.45231218,0.0,optimal
17,linear-4pc-0pc,linear,0.04,-10%,8,9297.29459598112,9987.143477812,38941834.686755516,38832148.56125303,109686.12550248206,suboptimal
17,linear-4pc-0pc,linear,0.04,-10%,9,8367.565136383006,11726.545980598497,39977192.151817836,38855207.38629207,1121984.7655257657,suboptimal
17,linear-4pc-0pc,linear,0.04,-10%,10,7530.8086227447075,12233.08634036658,39366022.06195288,37737750.83536259,1628271.2265902907,suboptimal
17,linear-4pc-0pc,linear,0.04,-10%,11,6777.727760470236,11009.777705188999,37992773.697546795,36779069.47909377,1213704.2184530273,suboptimal
17,linear-4pc-0pc,linear,0.04,-10%,12,6099.954984423212,10932.533441108271,37411911.286922574,36009704.057513565,1402207.2294090092,suboptimal
17,linear-4pc-0pc,linear,0.04,-10%,13,5489.959485980892,9833.659745955301,36340924.678614855,35120658.747007236,1220265.931607619,suboptimal
17,linear-4pc-0pc,linear,0.04,-10%,14,4940.963537382801,8850.293775293001,36457663.70406362,35477195.45658162,980468.2474819943,suboptimal
17,linear-4pc-0pc,linear,0.04,-10%,15,51666.26718684242,9714.462696620563,38291894.00274263,,,infeasible
17,linear-4pc-0pc,linear,0.04,-20%,1,22476.25379503878,22476.25379503878,43734015.8830823,43734015.88308231,-7.450580596923828e-09,optimal
17,linear-4pc-0pc,linear,0.04,-20%,2,17981.003036031027,17969.587082328628,40255655.83268343,40255655.83268343,0.0,optimal
17,linear-4pc-0pc,linear,0.04,-20%,3,14384.802428824823,14308.048109999978,38328374.57632715,38328374.57632715,0.0,optimal
17,linear-4pc-0pc,linear,0.04,-20%,4,11507.841943059855,11447.010360123788,36729668.88234473,36729668.88234473,0.0,optimal
17,linear-4pc-0pc,linear,0.04,-20%,5,9206.273554447887,9157.544170043355,35956898.38927674,35956898.38927674,0.0,optimal
17,linear-4pc-0pc,linear,0.04,-20%,6,7365.018843558308,7326.0353363365,36247134.4316509,36247134.43165091,-7.450580596923828e-09,optimal
17,linear-4pc-0pc,linear,0.04,-20%,7,6910.735472243001,6910.735472243001,39042796.78729755,39042796.78729755,0.0,optimal
17,linear-4pc-0pc,linear,0.04,-20%,8,12675.923554436735,13952.7072024795,44154325.68668819,43829169.371081606,325156.31560658664,suboptimal
17,linear-4pc-0pc,linear,0.04,-20%,9,10140.738843549389,15859.732699275986,42548139.10774958,40619009.12763798,1929129.980111599,suboptimal
17,linear-4pc-0pc,linear,0.04,-20%,10,8112.59107483951,12706.26928061668,37911232.46122542,36579985.300856106,1331247.1603693143,suboptimal
17,linear-4pc-0pc,linear,0.04,-20%,11,6490.072859871609,10165.0154273175,35759267.6330077,34922104.191193566,837163.441814132,suboptimal
17,linear-4pc-0pc,linear,0.04,-20%,12,5192.058287897287,9047.473260951054,35235606.29771257,34384037.6923015,851568.605411075,suboptimal
17,linear-4pc-0pc,linear,0.04,-20%,13,4153.6466303178295,7237.978609726501,35555653.99544278,34930697.533273645,624956.4621691331,suboptimal
17,linear-4pc-0pc,linear,0.04,-20%,14,3322.9173042542634,8939.415119093,38214667.075958185,36574764.189788714,1639902.8861694708,suboptimal
17,linear-4pc-0pc,linear,0.04,-20%,15,55256.942223793136,11100.738745860152,40370285.00429987,,,infeasible
17,linear-4pc-0pc,linear,0.04,+/-10%,1,18127.5551836704,18127.5551836704,41618557.25550835,41618557.25550835,0.0,optimal
17,linear-4pc-0pc,linear,0.04,+/-10%,2,16314.799665303353,16273.472377931925,41113092.725114375,41113092.725114375,0.0,optimal
17,linear-4pc-0pc,linear,0.04,+/-10%,3,14683.319698773024,14620.052974153816,40807253.737249844,40807253.737249844,0.0,optimal
17,linear-4pc-0pc,linear,0.04,+/-10%,4,13214.98772889572,13121.282922259605,40222815.531423375,40222815.531423375,0.0,optimal
17,linear-4pc-0pc,linear,0.04,+/-10%,5,11893.48895600615,11805.124958433249,39148996.377402335,39148996.37740234,-7.450580596923828e-09,optimal
17,linear-4pc-0pc,linear,0.04,+/-10%,6,10704.140060405532,10418.374237222486,37507140.191503,37470191.5388544,36948.652648605406,suboptimal
17,linear-4pc-0pc,linear,0.04,+/-10%,7,9633.726054364983,9376.536815526066,37484732.562212445,37462042.55544024,22690.006772205234,suboptimal
17,linear-4pc-0pc,linear,0.04,+/-10%,8,9187.589674220231,10314.190500162002,39057676.44527953,37868666.46747963,1189009.9777998999,suboptimal
17,linear-4pc-0pc,linear,0.04,+/-10%,9,10106.348641642251,11623.9655523485,39788796.5976578,38829867.8502344,958928.747423403,suboptimal
17,linear-4pc-0pc,linear,0.04,+/-10%,10,9434.751016577906,12500.893763307278,39383249.84084428,37716304.3229162,1666945.5179280788,suboptimal
17,linear-4pc-0pc,linear,0.04,+/-10%,11,10378.2261182357,11250.8043910975,37896071.29642967,37686573.72866987,209497.56775980443,suboptimal
17,linear-4pc-0pc,linear,0.04,+/-10%,12,11416.04873005927,10980.49047203512,36932617.77380436,,,infeasible
17,linear-4pc-0pc,linear,0.04,+/-10%,13,12557.6536030652,9880.899001263913,35872073.497830555,,,infeasible
17,linear-4pc-0pc,linear,0.04,+/-10%,14,13813.41896337172,8564.525002066584,35763332.060625255,,,infeasible
17,linear-4pc-0pc,linear,0.04,+/-10%,15,15194.760859708895,8967.1674974245,37554813.97664382,,,infeasible
17,linear-4pc-0pc,linear,0.04,+/-20%,1,22475.0919619573,22475.0919619573,43389087.718324706,43389087.718324706,0.0,optimal
17,linear-4pc-0pc,linear,0.04,+/-20%,2,17980.07356956584,17952.362409734138,39982626.24456715,39982626.24456715,0.0,optimal
17,linear-4pc-0pc,linear,0.04,+/-20%,3,14384.058855652675,14318.906489614752,37524149.46175798,37524149.46175798,0.0,optimal
17,linear-4pc-0pc,linear,0.04,+/-20%,4,11507.247084522138,11430.8899167602,36066037.04810656,36066037.04810656,0.0,optimal
17,linear-4pc-0pc,linear,0.04,+/-20%,5,9205.797667617711,9078.024240025396,35398726.021369845,35381994.65605599,16731.365313857794,suboptimal
17,linear-4pc-0pc,linear,0.04,+/-20%,6,7364.638134094168,7262.4193903285595,35408062.434526995,35392887.146758005,15175.287768989801,suboptimal
17,linear-4pc-0pc,linear,0.04,+/-20%,7,8449.67931700601,8659.873162038002,38279881.71887265,38109596.89551042,170284.82336223125,suboptimal
17,linear-4pc-0pc,linear,0.04,+/-20%,8,10139.615180407212,10391.847796732,40918794.13941999,40765085.96415266,153708.1752673313,suboptimal
17,linear-4pc-0pc,linear,0.04,+/-20%,9,11850.240222820645,16633.971192230238,43639054.71501939,41831489.21056891,1807565.5044504777,suboptimal
17,linear-4pc-0pc,linear,0.04,+/-20%,10,9480.192178256517,13306.731851886241,38671347.652389295,37317480.01306935,1353867.6393199489,suboptimal
17,linear-4pc-0pc,linear,0.04,+/-20%,11,8768.885445235097,10645.3854775625,36029778.41014663,35604733.03974482,425045.3704018146,suboptimal
17,linear-4pc-0pc,linear,0.04,+/-20%,12,10522.662534282115,9670.561994504822,34998079.29425332,,,infeasible
17,linear-4pc-0pc,linear,0.04,+/-20%,13,12627.195041138542,7736.268644042558,34868323.35378422,,,infeasible
17,linear-4pc-0pc,linear,0.04,+/-20%,14,15152.634049366252,7824.5820679855,36736043.998427495,,,infeasible
17,linear-4pc-0pc,linear,0.04,+/-20%,15,18183.16085923949,9995.31960617467,39669647.936155125,,,infeasible
17,linear-6pc-0pc,linear,0.06,NHF,1,46721.363664013836,46721.363664013836,31242220.0476112,31242220.0476112,0.0,optimal
17,linear-6pc-0pc,linear,0.06,NHF,2,5007.74195328,5007.74195328,12313719.638033614,12313719.638033614,0.0,optimal
17,linear-6pc-0pc,linear,0.06,NHF,3,6362.4448567325,6362.4448567325,14843877.57575003,14843877.57575003,0.0,optimal
17,linear-6pc-0pc,linear,0.06,NHF,4,7649.3715589305,7649.3715589305,16805167.757725853,16805167.757725853,0.0,optimal
17,linear-6pc-0pc,linear,0.06,NHF,5,5900.7650170590005,5900.7650170590005,17924219.1627072,17924219.1627072,0.0,optimal
17,linear-6pc-0pc,linear,0.06,NHF,6,5397.112937186499,5397.112937186499,20758084.838906754,20758084.838906754,0.0,optimal
17,linear-6pc-0pc,linear,0.06,NHF,7,13900.830065038,13900.830065038,26567203.042189285,26567203.042189285,0.0,optimal
17,linear-6pc-0pc,linear,0.06,NHF,8,12626.4196075925,12626.4196075925,26830270.068283524,26830270.068283524,0.0,optimal
17,linear-6pc-0pc,linear,0.06,NHF,9,24427.322792285,24427.322792285,28163087.1816033,28163087.1816033,0.0,optimal
17,linear-6pc-0pc,linear,0.06,NHF,10,2662.5392950575,5512.5287913875,15319879.481683284,14583478.961089173,736400.5205941107,suboptimal
17,linear-6pc-0pc,linear,0.06,NHF,11,3548.71770741,7634.975892855501,17844049.94614231,16845332.004562724,998717.941579584,suboptimal
17,linear-6pc-0pc,linear,0.06,NHF,12,2972.72937671,7120.706013663999,18931589.52619771,17753066.59479381,1178522.9314038977,suboptimal
17,linear-6pc-0pc,linear,0.06,NHF,13,691.1461039999999,12804.5595674715,21353913.583926424,17937760.266521204,3416153.31740522,suboptimal
17,linear-6pc-0pc,linear,0.06,NHF,14,0.0,4453.1863516779995,18767892.28499409,17442555.782624584,1325336.5023695081,suboptimal
17,linear-6pc-0pc,linear,0.06,NHF,15,49334.19716853884,13163.327118447502,24508964.39409992,,,infeasible
17,linear-6pc-0pc,linear,0.06,NDY,1,12176.624988688996,12176.624988688996,19770065.42826764,19770065.42826764,0.0,optimal
17,linear-6pc-0pc,linear,0.06,NDY,2,12176.624988688998,11962.602904816018,20265419.36519678,20210407.773918062,55011.59127871692,suboptimal
17,linear-6pc-0pc,linear,0.06,NDY,3,12176.624988689,11684.42854573589,21212048.70171504,,,infeasible
17,linear-6pc-0pc,linear,0.06,NDY,4,12176.624988688996,11564.47462704178,22244493.755974002,,,infeasible
17,linear-6pc-0pc,linear,0.06,NDY,5,12176.624988689002,11457.595045132719,22662800.877624754,,,infeasible
17,linear-6pc-0pc,linear,0.06,NDY,6,12176.624988688995,11386.860006482617,22461250.616253827,,,infeasible
17,linear-6pc-0pc,linear,0.06,NDY,7,12176.624988688998,11348.245627007025,22491665.6597523,,,infeasible
17,linear-6pc-0pc,linear,0.06,NDY,8,12176.624988688998,11263.733800223208,22756619.692574028,,,infeasible
17,linear-6pc-0pc,linear,0.06,NDY,9,12176.624988688998,11233.416272165094,22602180.178270437,,,infeasible
17,linear-6pc-0pc,linear,0.06,NDY,10,12176.624988688996,11122.103392852347,22087041.465955425,,,infeasible
17,linear-6pc-0pc,linear,0.06,NDY,11,12176.624988688998,11034.304530130816,22022643.113048118,,,infeasible
17,linear-6pc-0pc,linear,0.06,NDY,12,12176.624988688998,10988.868724444541,21954835.81207378,,,infeasible
17,linear-6pc-0pc,linear,0.06,NDY,13,12176.624988688998,10964.072127854643,21803665.633727487,,,infeasible
17,linear-6pc-0pc,linear,0.06,NDY,14,12176.624988688998,10945.03752705376,21781785.409512673,,,infeasible
17,linear-6pc-0pc,linear,0.06,NDY,15,12176.624988689,10939.499781936966,22086723.623770934,,,infeasible
17,linear-6pc-0pc,linear,0.06,-10%,1,18077.272969499998,18077.272969499998,23852385.17959905,23852385.17959905,0.0,optimal
17,linear-6pc-0pc,linear,0.06,-10%,2,16269.545672549997,16166.333451157874,23455400.698801517,23455400.698801517,0.0,optimal
17,linear-6pc-0pc,linear,0.06,-10%,3,14642.591105295001,14491.4746044891,22841872.304542635,22841782.25704941,90.0474932231009,suboptimal
17,linear-6pc-0pc,linear,0.06,-10%,4,13178.331994765496,12991.011056659403,22671627.195188355,22631118.143799037,40509.05138931796,suboptimal
17,linear-6pc-0pc,linear,0.06,-10%,5,11860.498795288951,11678.293188954456,21742627.358846124,,,infeasible
17,linear-6pc-0pc,linear,0.06,-10%,6,10674.448915760053,10510.4638733585,20621571.18558837,,,infeasible
17,linear-6pc-0pc,linear,0.06,-10%,7,9607.004024184052,9546.05823814607,20289492.48690559,20289492.48690559,0.0,optimal
17,linear-6pc-0pc,linear,0.06,-10%,8,8646.303621765648,8591.452412912002,21005118.43222078,21005118.43222078,0.0,optimal
17,linear-6pc-0pc,linear,0.06,-10%,9,9980.64941340786,10761.382045037499,23016100.239178166,22753075.912163958,263024.32701420784,suboptimal
17,linear-6pc-0pc,linear,0.06,-10%,10,8982.584472067076,13539.04694596247,23857330.634066533,21948136.25443455,1909194.379631985,suboptimal
17,linear-6pc-0pc,linear,0.06,-10%,11,8084.326024860368,12185.142250199438,22123013.629414458,20616663.224537887,1506350.4048765711,suboptimal
17,linear-6pc-0pc,linear,0.06,-10%,12,7275.893422374331,10957.416554328696,20714068.667119436,19544126.060513988,1169942.6066054478,suboptimal
17,linear-6pc-0pc,linear,0.06,-10%,13,6548.304080136899,9860.000218620798,19722639.15210517,18712341.791899595,1010297.3602055758,suboptimal
17,linear-6pc-0pc,linear,0.06,-10%,14,5893.4736721232075,8874.000196186002,19540394.80898417,18638872.82381406,901521.9851701111,suboptimal
17,linear-6pc-0pc,linear,0.06,-10%,15,41442.52614242883,9377.130230761843,20514782.68772722,,,infeasible
17,linear-6pc-0pc,linear,0.06,-20%,1,22486.283627342968,22486.283627342968,25854940.83380048,25854940.83380048,0.0,optimal
17,linear-6pc-0pc,linear,0.06,-20%,2,17989.02690187437,17944.112215838635,23001218.95149825,23001218.95149825,0.0,optimal
17,linear-6pc-0pc,linear,0.06,-20%,3,14391.221521499501,14305.917971820845,21228582.61816639,21228582.61816639,0.0,optimal
17,linear-6pc-0pc,linear,0.06,-20%,4,11512.977217199597,11430.726400663227,19804597.400771882,19804597.400771882,0.0,optimal
17,linear-6pc-0pc,linear,0.06,-20%,5,9210.38177375968,9142.148548400868,18848197.52857831,18848197.52857831,0.0,optimal
17,linear-6pc-0pc,linear,0.06,-20%,6,7368.305419007743,7313.718836980998,18606352.268858116,18606352.268858116,0.0,optimal
17,linear-6pc-0pc,linear,0.06,-20%,7,6250.607668688001,6250.607668688001,20482383.285948697,20482383.285948697,0.0,optimal
17,linear-6pc-0pc,linear,0.06,-20%,8,12500.931950193417,11597.401054551,25228846.869876035,,,infeasible
17,linear-6pc-0pc,linear,0.06,-20%,9,12643.129669610895,16999.312465748382,26769353.643530793,25150963.049091958,1618390.594438836,suboptimal
17,linear-6pc-0pc,linear,0.06,-20%,10,10114.503735688717,13580.37718922865,22698635.10367852,21587447.460611556,1111187.643066965,suboptimal
17,linear-6pc-0pc,linear,0.06,-20%,11,8091.602988550973,10864.301752237501,20142353.567368913,19362546.108892165,779807.4584767483,suboptimal
17,linear-6pc-0pc,linear,0.06,-20%,12,6473.28239084078,9558.1750362894,19058163.542818177,18226989.121582005,831174.4212361723,suboptimal
17,linear-6pc-0pc,linear,0.06,-20%,13,5178.625912672624,7646.5400255075,18607789.035490267,18014742.16960003,593046.8658902384,suboptimal
17,linear-6pc-0pc,linear,0.06,-20%,14,4142.9007301381,8090.425070428,20066341.099207874,18827103.881365355,1239237.2178425193,suboptimal
17,linear-6pc-0pc,linear,0.06,-20%,15,41765.18961468425,10559.728613935378,22273647.728738457,,,infeasible
17,linear-6pc-0pc,linear,0.06,+/-10%,1,18037.849675728736,18037.849675728736,23793268.391409174,23793268.391409174,0.0,optimal
17,linear-6pc-0pc,linear,0.06,+/-10%,2,16234.064708155862,16148.252236138555,23279585.791638013,23279585.79163801,3.725290298461914e-09,optimal
17,linear-6pc-0pc,linear,0.06,+/-10%,3,14610.658237340278,14468.74721508716,22759847.024742547,22759847.024742547,0.0,optimal
17,linear-6pc-0pc,linear,0.06,+/-10%,4,13149.59241360625,12980.028128212722,22375698.60854155,22359554.598024715,16144.010516833514,suboptimal
17,linear-6pc-0pc,linear,0.06,+/-10%,5,11834.633172245625,11678.191714544158,21459668.200621147,,,infeasible
17,linear-6pc-0pc,linear,0.06,+/-10%,6,10651.169855021062,10429.691472280732,20266410.223081637,,,infeasible
17,linear-6pc-0pc,linear,0.06,+/-10%,7,9586.052869518957,9386.722325561504,19862708.05127537,19835643.598351195,27064.452924173325,suboptimal
17,linear-6pc-0pc,linear,0.06,+/-10%,8,8627.447582567062,8993.462209346002,20546502.623194087,20177589.017703194,368913.6054908931,suboptimal
17,linear-6pc-0pc,linear,0.06,+/-10%,9,9490.192340823765,9892.808433312497,21763374.437825978,21419192.755768064,344181.6820579134,suboptimal
17,linear-6pc-0pc,linear,0.06,+/-10%,10,10439.211574906141,13804.427648073659,24079805.164723065,22258428.275855552,1821376.8888675123,suboptimal
17,linear-6pc-0pc,linear,0.06,+/-10%,11,10212.983591296055,12419.56867042111,22313468.884486392,21428530.396891963,884938.4875944294,suboptimal
17,linear-6pc-0pc,linear,0.06,+/-10%,12,11234.281950425662,11174.52466105937,20719215.13778146,20719215.137781464,-3.725290298461914e-09,optimal
17,linear-6pc-0pc,linear,0.06,+/-10%,13,12357.710145468229,10057.072196406092,19579465.211017616,,,infeasible
17,linear-6pc-0pc,linear,0.06,+/-10%,14,13593.481160015055,9051.364980615,19135811.957887888,,,infeasible
17,linear-6pc-0pc,linear,0.06,+/-10%,15,14952.82927601656,8370.379896933528,19650594.95424444,,,infeasible
17,linear-6pc-0pc,linear,0.06,+/-20%,1,22429.24363117426,22429.24363117426,25758507.46814286,25758507.46814286,0.0,optimal
17,linear-6pc-0pc,linear,0.06,+/-20%,2,17943.3949049394,17889.60188030057,22980430.08750537,22980430.08750537,0.0,optimal
17,linear-6pc-0pc,linear,0.06,+/-20%,3,14354.71592395152,14292.911693570506,21091104.271911025,21091104.27181174,9.928643703460693e-05,optimal
17,linear-6pc-0pc,linear,0.06,+/-20%,4,11483.772739161215,11416.236890481841,19756517.246704206,19756517.246505406,0.00019880011677742004,optimal
17,linear-6pc-0pc,linear,0.06,+/-20%,5,9187.018191328973,9132.989514371939,18720674.51047554,18720674.51048101,-5.472451448440552e-06,optimal
17,linear-6pc-0pc,linear,0.06,+/-20%,6,7349.6145530631775,7306.391611602499,18504801.262892045,18504801.262892045,0.0,optimal
17,linear-6pc-0pc,linear,0.06,+/-20%,7,8292.686159032883,8292.686160463001,20475674.84031401,20475674.84031401,0.0,optimal
17,linear-6pc-0pc,linear,0.06,+/-20%,8,9951.22339083946,9951.223394301,22792033.666442838,22792033.66644284,-3.725290298461914e-09,optimal
17,linear-6pc-0pc,linear,0.06,+/-20%,9,11941.46806900735,16258.588180761659,26159048.801522054,24525693.762162417,1633355.0393596366,suboptimal
17,linear-6pc-0pc,linear,0.06,+/-20%,10,10601.832867701156,13002.853079004853,22599290.952075705,21961653.371236395,637637.5808393098,suboptimal
17,linear-6pc-0pc,linear,0.06,+/-20%,11,8481.466294160922,10402.282466559498,20668321.226606507,19727886.648229014,940434.5783774927,suboptimal
17,linear-6pc-0pc,linear,0.06,+/-20%,12,10177.759552993108,11507.56682888124,20315780.343342528,19977223.16584054,338557.17750198767,suboptimal
17,linear-6pc-0pc,linear,0.06,+/-20%,13,12213.31146359173,9206.05346555821,18567130.17398346,,,infeasible
17,linear-6pc-0pc,linear,0.06,+/-20%,14,14655.973756310077,7364.842776337999,18270283.38339273,,,infeasible
17,linear-6pc-0pc,linear,0.06,+/-20%,15,17587.16850757209,8049.796867641295,20097004.87404297,,,infeasible
17,invj-4pc-k1,inverse-j,0.04,NHF,1,26617.105243680333,26617.105243680333,119709944.11047441,119709944.11047441,0.0,optimal
17,invj-4pc-k1,inverse-j,0.04,NHF,2,1063.31625313,18344.254223527,111339430.51414606,110820168.16951717,519262.3446288854,suboptimal
17,invj-4pc-k1,inverse-j,0.04,NHF,3,4333.589468315,11466.616482775004,106788006.50882636,106536048.68543941,251957.82338695228,suboptimal
17,invj-4pc-k1,inverse-j,0.04,NHF,4,457.6515793275,11378.449150557999,111918910.255257,111070681.15488021,848229.1003767848,suboptimal
17,invj-4pc-k1,inverse-j,0.04,NHF,5,35009.381938178325,6500.621133164001,111167528.29261187,,,infeasible
17,invj-4pc-k1,inverse-j,0.04,NHF,6,5967.396515691499,5397.112937186499,112967877.21251407,,,infeasible
17,invj-4pc-k1,inverse-j,0.04,NHF,7,15652.652295173002,12091.837785518,117481386.78425471,,,infeasible
17,invj-4pc-k1,inverse-j,0.04,NHF,8,14950.459129681502,10437.952104556502,115538898.42576937,,,infeasible
17,invj-4pc-k1,inverse-j,0.04,NHF,9,6634.650077560001,11577.630995706002,115686202.74143472,115001816.43978573,684386.3016489893,suboptimal
17,invj-4pc-k1,inverse-j,0.04,NHF,10,1846.0916130599999,17976.7459323525,115151482.15980798,112581046.87887557,2570435.2809324116,suboptimal
17,invj-4pc-k1,inverse-j,0.04,NHF,11,2071.4753552599996,9928.091425375498,108136673.13150544,107062657.91316997,1074015.2183354795,suboptimal
17,invj-4pc-k1,inverse-j,0.04,NHF,12,1753.34320429,8589.600906208998,112496104.75648311,111381674.46401739,1114430.2924657166,suboptimal
17,invj-4pc-k1,inverse-j,0.04,NHF,13,18855.127239729998,11177.3112027765,113104885.45009635,,,infeasible
17,invj-4pc-k1,inverse-j,0.04,NHF,14,2199.53469192,4892.366449958,111542693.47061644,111193796.77633859,348896.6942778528,suboptimal
17,invj-4pc-k1,inverse-j,0.04,NHF,15,60366.27413481648,12253.690992971502,116069420.89413363,,,infeasible
17,invj-4pc-k1,inverse-j,0.04,NDY,1,11200.870526693558,11200.870526693558,116147131.45826773,116147131.45826773,0.0,optimal
17,invj-4pc-k1,inverse-j,0.04,NDY,2,11200.870526693561,10986.371691504208,118351004.01092951,118331877.19202444,19126.818905070424,suboptimal
17,invj-4pc-k1,inverse-j,0.04,NDY,3,11200.870526693561,10847.540302205396,118891761.11131842,118796614.44895409,95146.66236433387,suboptimal
17,invj-4pc-k1,inverse-j,0.04,NDY,4,11200.87052669356,10704.831690290946,119233881.69620547,118929686.07792121,304195.61828425527,suboptimal
17,invj-4pc-k1,inverse-j,0.04,NDY,5,11200.87052669356,10379.181698957978,119039553.92627105,118198640.47521292,840913.4510581344,suboptimal
17,invj-4pc-k1,inverse-j,0.04,NDY,6,11200.870526693561,10144.901926658413,117667409.00717878,116036399.31404173,1631009.6931370497,suboptimal
17,invj-4pc-k1,inverse-j,0.04,NDY,7,11200.87052669356,10154.959897730223,117661832.17730819,116190096.203433,1471735.97387518,suboptimal
17,invj-4pc-k1,inverse-j,0.04,NDY,8,11200.870526693561,10261.668840648603,118621335.71110693,117285523.21259467,1335812.4985122532,suboptimal
17,invj-4pc-k1,inverse-j,0.04,NDY,9,11200.870526693558,10204.112566963475,118579048.70149036,116771612.95198867,1807435.7495016903,suboptimal
17,invj-4pc-k1,inverse-j,0.04,NDY,10,11200.870526693558,10225.756927713435,117771209.86663261,115797507.73867774,1973702.1279548705,suboptimal
17,invj-4pc-k1,inverse-j,0.04,NDY,11,11200.870526693558,10098.14666158105,117018944.93196769,114788897.64506657,2230047.2869011164,suboptimal
17,invj-4pc-k1,inverse-j,0.04,NDY,12,11200.870526693558,10080.928317564772,117021610.29259746,114823069.74587801,2198540.546719447,suboptimal
17,invj-4pc-k1,inverse-j,0.04,NDY,13,11200.870526693558,9975.513716875723,117518644.820104,115415772.40873732,2102872.411366686,suboptimal
17,invj-4pc-k1,inverse-j,0.04,NDY,14,11200.87052669356,10079.36271426512,116960074.74977592,114317433.38494253,2642641.3648333848,suboptimal
17,invj-4pc-k1,inverse-j,0.04,NDY,15,37864.936587005075,10004.01313924525,117159718.1155656,,,infeasible
17,invj-4pc-k1,inverse-j,0.04,-10%,1,13834.830383306606,13834.830383306606,118553288.8526054,118553288.8526054,0.0,optimal
17,invj-4pc-k1,inverse-j,0.04,-10%,2,12451.347344975946,15705.683748350602,118652195.43847181,118595463.79138803,56731.64708377421,suboptimal
17,invj-4pc-k1,inverse-j,0.04,-10%,3,11206.212610478351,14705.49620899564,116411407.43391716,116153211.12104312,258196.31287404895,suboptimal
17,invj-4pc-k1,inverse-j,0.04,-10%,4,10085.591349430515,13274.075745412774,118272247.06845284,117943931.61770266,328315.45075017214,suboptimal
17,invj-4pc-k1,inverse-j,0.04,-10%,5,14200.94753603648,13004.876889586527,119003476.34339342,,,infeasible
17,invj-4pc-k1,inverse-j,0.04,-10%,6,12780.852782432834,11572.588155122541,116514976.5892748,,,infeasible
17,invj-4pc-k1,inverse-j,0.04,-10%,7,11502.767504189553,10839.9297538155,114293378.69644618,,,infeasible
17,invj-4pc-k1,inverse-j,0.04,-10%,8,10352.490753770597,9809.087794821571,112502857.78600074,,,infeasible
17,invj-4pc-k1,inverse-j,0.04,-10%,9,9317.241678393539,8828.179017749999,113017915.66544512,,,infeasible
17,invj-4pc-k1,inverse-j,0.04,-10%,10,8385.517510554186,12711.613405996912,114675403.03727977,113932662.51901367,742740.5182660967,suboptimal
17,invj-4pc-k1,inverse-j,0.04,-10%,11,7546.965759498766,11959.031182519366,111822739.69537747,111057202.87721716,765536.8181603104,suboptimal
17,invj-4pc-k1,inverse-j,0.04,-10%,12,6792.269183548888,11093.412642345364,113905962.73458101,113243038.58262295,662924.1519580632,suboptimal
17,invj-4pc-k1,inverse-j,0.04,-10%,13,6113.042265194,10050.123846193133,115445768.31864399,114968761.86300878,477006.4556352049,suboptimal
17,invj-4pc-k1,inverse-j,0.04,-10%,14,5501.738038674599,9045.1114619255,114329453.13386004,113832038.59619565,497414.53766438365,suboptimal
17,invj-4pc-k1,inverse-j,0.04,-10%,15,58367.22969679479,11037.682616632128,115659908.13135584,,,infeasible
17,invj-4pc-k1,inverse-j,0.04,-20%,1,13628.228819664488,13628.228819664488,118945788.48652808,118945788.48652808,0.0,optimal
17,invj-4pc-k1,inverse-j,0.04,-20%,2,10902.58305573159,17573.780255800386,119049916.68087451,118894696.1382329,155220.5426416099,suboptimal
17,invj-4pc-k1,inverse-j,0.04,-20%,3,8722.066444585274,17013.610894039848,115474017.6174293,115024891.12678263,449126.4906466752,suboptimal
17,invj-4pc-k1,inverse-j,0.04,-20%,4,6977.6531556682185,13827.067071656696,116578884.26923457,115942545.86475399,636338.4044805765,suboptimal
17,invj-4pc-k1,inverse-j,0.04,-20%,5,19477.017732377382,11987.247370246112,116112499.19527106,,,infeasible
17,invj-4pc-k1,inverse-j,0.04,-20%,6,15581.614185901906,9589.797893478168,113575066.53731395,,,infeasible
17,invj-4pc-k1,inverse-j,0.04,-20%,7,12465.291348721523,8313.132896993002,112693323.62855649,,,infeasible
17,invj-4pc-k1,inverse-j,0.04,-20%,8,9972.233078977219,9806.563198603637,113432134.75573654,113431290.30103996,844.4546965807676,suboptimal
17,invj-4pc-k1,inverse-j,0.04,-20%,9,7977.786463181775,8486.331605367499,114453906.60061295,114413126.84082712,40779.759785830975,suboptimal
17,invj-4pc-k1,inverse-j,0.04,-20%,10,6382.22917054542,15599.05778348329,117027135.12388363,115449539.6762278,1577595.4476558417,suboptimal
17,invj-4pc-k1,inverse-j,0.04,-20%,11,5105.783336436337,12715.085810977998,111596596.57227324,110410013.27823237,1186583.2940408736,suboptimal
17,invj-4pc-k1,inverse-j,0.04,-20%,12,4084.62666914907,11111.947075623999,113238601.52746308,112119856.84413005,1118744.6833330244,suboptimal
17,invj-4pc-k1,inverse-j,0.04,-20%,13,6995.352710763494,9425.670004648973,113482183.39466643,113224741.23502947,257442.15963695943,suboptimal
17,invj-4pc-k1,inverse-j,0.04,-20%,14,10244.97687195868,7965.136415073,113334786.5756379,,,infeasible
17,invj-4pc-k1,inverse-j,0.04,-20%,15,59905.18118663644,11148.455162113958,115227005.5418563,,,infeasible
17,invj-4pc-k1,inverse-j,0.04,+/-10%,1,15507.551621226841,15507.551621226841,114408348.82238483,114408348.82238483,0.0,optimal
17,invj-4pc-k1,inverse-j,0.04,+/-10%,2,13956.796459104173,14265.836992195893,113876168.55933228,113871218.15436575,4950.404966533184,suboptimal
17,invj-4pc-k1,inverse-j,0.04,+/-10%,3,12561.116813193737,13146.88617652279,112738733.70215625,112704015.29743987,34718.40471637249,suboptimal
17,invj-4pc-k1,inverse-j,0.04,+/-10%,4,11305.005131874375,13064.55394686754,113055919.92265107,112876278.46770377,179641.4549472928,suboptimal
17,invj-4pc-k1,inverse-j,0.04,+/-10%,5,10174.504618686935,12811.595222169459,112563431.68077351,112042477.5967173,520954.0840562135,suboptimal
17,invj-4pc-k1,inverse-j,0.04,+/-10%,6,9157.054156818243,11834.660707555047,110939330.55170944,110335751.2937488,603579.2579606473,suboptimal
17,invj-4pc-k1,inverse-j,0.04,+/-10%,7,9074.86121030658,11523.0029544911,110493037.20336933,110030859.29897268,462177.9043966532,suboptimal
17,invj-4pc-k1,inverse-j,0.04,+/-10%,8,9662.450765318272,10982.355067732924,109889978.34799252,109701730.3460194,188248.00197312236,suboptimal
17,invj-4pc-k1,inverse-j,0.04,+/-10%,9,10628.695841850098,9897.1783658315,109706358.59529622,,,infeasible
17,invj-4pc-k1,inverse-j,0.04,+/-10%,10,11691.56542603511,9552.7437310235,109942741.78242564,,,infeasible
17,invj-4pc-k1,inverse-j,0.04,+/-10%,11,12860.721968638622,10533.5557698975,109884708.07949185,,,infeasible
17,invj-4pc-k1,inverse-j,0.04,+/-10%,12,14146.794165502486,12060.622219778228,110455883.0211892,,,infeasible
17,invj-4pc-k1,inverse-j,0.04,+/-10%,13,15561.473582052733,11566.972050768742,109818300.92990328,,,infeasible
17,invj-4pc-k1,inverse-j,0.04,+/-10%,14,17117.62094025801,10870.769760326222,109573907.37429836,,,infeasible
17,invj-4pc-k1,inverse-j,0.04,+/-10%,15,18829.383034283812,10920.65010095274,109619558.8313359,,,infeasible
17,invj-4pc-k1,inverse-j,0.04,+/-20%,1,17132.83989365033,17132.83989365033,115663144.9796534,115663144.9796534,0.0,optimal
17,invj-4pc-k1,inverse-j,0.04,+/-20%,2,13706.271914920268,15482.943557652334,113949371.80451706,113907407.0755757,41964.72894136608,suboptimal
17,invj-4pc-k1,inverse-j,0.04,+/-20%,3,10965.017531936212,16387.409674361035,112042603.55262586,111645551.9594116,397051.59321425855,suboptimal
17,invj-4pc-k1,inverse-j,0.04,+/-20%,4,9331.964066890627,13755.40228558094,110331632.40267578,109738105.90092893,593526.5017468482,suboptimal
17,invj-4pc-k1,inverse-j,0.04,+/-20%,5,11198.356880268748,11444.27178887811,110976138.82376935,110962965.28118722,13173.542582124472,suboptimal
17,invj-4pc-k1,inverse-j,0.04,+/-20%,6,10216.043258286,9155.417429298168,109525696.16603291,,,infeasible
17,invj-4pc-k1,inverse-j,0.04,+/-20%,7,12259.251909943197,8897.150354083002,110015220.34378235,,,infeasible
17,invj-4pc-k1,inverse-j,0.04,+/-20%,8,10464.630842537501,10405.979856990063,111548917.29181339,111548917.2918134,-1.4901161193847656e-08,optimal
17,invj-4pc-k1,inverse-j,0.04,+/-20%,9,8371.70467403,8324.7838826585,111089899.43657528,111089899.43657528,0.0,optimal
17,invj-4pc-k1,inverse-j,0.04,+/-20%,10,9080.492083209645,10820.1370266475,113063921.70233305,112589494.18188146,474427.5204515904,suboptimal
17,invj-4pc-k1,inverse-j,0.04,+/-20%,11,10896.59049985157,15881.53390812511,112773426.87952623,111785822.60922399,987604.2703022361,suboptimal
17,invj-4pc-k1,inverse-j,0.04,+/-20%,12,13075.908599821883,12971.214270736202,109115697.5502162,109115697.5502162,0.0,optimal
17,invj-4pc-k1,inverse-j,0.04,+/-20%,13,15691.090319786264,10434.415718345073,109020454.60770874,,,infeasible
17,invj-4pc-k1,inverse-j,0.04,+/-20%,14,18829.308383743515,8347.532574477998,108482476.15330622,,,infeasible
17,invj-4pc-k1,inverse-j,0.04,+/-20%,15,22595.17006049221,9624.069877404501,109792177.56622848,,,infeasible
17,invj-4pc-k2,inverse-j,0.04,NHF,1,46721.363664013836,46721.363664013836,90024923.7568553,90024923.7568553,0.0,optimal
17,invj-4pc-k2,inverse-j,0.04,NHF,2,2997.990652905,5007.74195328,67776156.56097253,67486834.23612775,289322.3248447776,suboptimal
17,invj-4pc-k2,inverse-j,0.04,NHF,3,1542.46232749,6362.4448567325,75719408.67256583,74821740.2103468,897668.4622190297,suboptimal
17,invj-4pc-k2,inverse-j,0.04,NHF,4,0.0,7649.3715589305,77944608.45470524,76213480.05220345,1731128.4025017917,suboptimal
17,invj-4pc-k2,inverse-j,0.04,NHF,5,14892.607230235002,5900.7650170590005,79715753.27827464,,,infeasible
17,invj-4pc-k2,inverse-j,0.04,NHF,6,5905.723824471499,5397.112937186499,82137234.22621754,,,infeasible
17,invj-4pc-k2,inverse-j,0.04,NHF,7,14859.310588678,13900.830065038,87709093.47334395,,,infeasible
17,invj-4pc-k2,inverse-j,0.04,NHF,8,16658.1174476225,12626.4196075925,86320602.82161136,,,infeasible
17,invj-4pc-k2,inverse-j,0.04,NHF,9,14831.476628420001,24427.322792285,87233366.22249693,84687505.10169713,2545861.120799795,suboptimal
17,invj-4pc-k2,inverse-j,0.04,NHF,10,2946.61487004,5512.5287913875,72219942.95165594,71563242.42173538,656700.5299205631,suboptimal
17,invj-4pc-k2,inverse-j,0.04,NHF,11,2071.4753552599996,7634.975892855501,80071699.33945973,78683632.55858803,1388066.7808717042,suboptimal
17,invj-4pc-k2,inverse-j,0.04,NHF,12,3918.3348170900003,7120.706013663999,80464867.80911316,79623785.72875713,841082.0803560317,suboptimal
17,invj-4pc-k2,inverse-j,0.04,NHF,13,7929.38326717,12804.5595674715,82555499.6591804,81372804.59775132,1182695.0614290833,suboptimal
17,invj-4pc-k2,inverse-j,0.04,NHF,14,2663.45027648,4453.1863516779995,79270350.9491051,78820020.25547232,450330.6936327815,suboptimal
17,invj-4pc-k2,inverse-j,0.04,NHF,15,59119.15087541183,13163.327118447502,85249901.05632123,,,infeasible
17,invj-4pc-k2,inverse-j,0.04,NDY,1,11266.603283835315,11266.603283835315,82354736.53973806,82354736.53973806,0.0,optimal
17,invj-4pc-k2,inverse-j,0.04,NDY,2,11266.603283835315,11162.615891550258,83928123.44564682,83928123.44564682,0.0,optimal
17,invj-4pc-k2,inverse-j,0.04,NDY,3,11266.603283835317,10905.93036673798,84372253.92272285,84307542.04486257,64711.87786027789,suboptimal
17,invj-4pc-k2,inverse-j,0.04,NDY,4,11266.603283835315,10745.254054963945,84773753.19590925,84515628.1409678,258125.0549414456,suboptimal
17,invj-4pc-k2,inverse-j,0.04,NDY,5,11266.603283835317,10408.206698755886,84396161.74785797,83712222.61923966,683939.1286183149,suboptimal
17,invj-4pc-k2,inverse-j,0.04,NDY,6,11266.60328383532,10271.340783354577,83721917.209782,82592322.19758148,1129595.0122005194,suboptimal
17,invj-4pc-k2,inverse-j,0.04,NDY,7,11266.603283835319,10359.973308524437,84159094.43332505,83079303.06116569,1079791.3721593618,suboptimal
17,invj-4pc-k2,inverse-j,0.04,NDY,8,11266.603283835317,10274.21126971448,84039749.31660603,82662570.05928576,1377179.25732027,suboptimal
17,invj-4pc-k2,inverse-j,0.04,NDY,9,11266.603283835317,10174.572457502529,83795350.80930719,82034265.93857372,1761084.8707334697,suboptimal
17,invj-4pc-k2,inverse-j,0.04,NDY,10,11266.603283835313,10229.408417681518,83981078.59365453,82322706.3219532,1658372.271701321,suboptimal
17,invj-4pc-k2,inverse-j,0.04,NDY,11,11266.603283835315,10070.13443943418,83293815.68533641,81354642.30595559,1939173.3793808222,suboptimal
17,invj-4pc-k2,inverse-j,0.04,NDY,12,11266.603283835313,9921.235815376085,82633184.38515559,80633990.81184976,1999193.5733058304,suboptimal
17,invj-4pc-k2,inverse-j,0.04,NDY,13,11266.603283835313,10033.780624253654,83152175.36232372,81062911.51464553,2089263.8476781845,suboptimal
17,invj-4pc-k2,inverse-j,0.04,NDY,14,11266.603283835315,9974.329702414016,82931019.74342741,80778371.04675822,2152648.696669191,suboptimal
17,invj-4pc-k2,inverse-j,0.04,NDY,15,36764.64616850865,10113.226106635706,83517078.62251209,,,infeasible
17,invj-4pc-k2,inverse-j,0.04,-10%,1,17262.00301404931,17262.00301404931,85373170.53735645,85373170.53735645,0.0,optimal
17,invj-4pc-k2,inverse-j,0.04,-10%,2,15535.80271264438,15557.95029574351,84029996.87422663,84029996.87422663,0.0,optimal
17,invj-4pc-k2,inverse-j,0.04,-10%,3,13982.222441379943,14205.487196958838,81753405.52783652,81749848.49660924,3557.031227275729,suboptimal
17,invj-4pc-k2,inverse-j,0.04,-10%,4,12584.000197241945,12599.55816792213,83551562.87821998,83551562.87821998,0.0,optimal
17,invj-4pc-k2,inverse-j,0.04,-10%,5,11325.600177517754,11874.54122968858,84096016.66739129,83971065.36457609,124951.3028151989,suboptimal
17,invj-4pc-k2,inverse-j,0.04,-10%,6,10193.040159765975,10697.763139189363,81663918.37344332,81575403.68463969,88514.68880362809,suboptimal
17,invj-4pc-k2,inverse-j,0.04,-10%,7,9173.73614378938,9627.986826808003,81460019.19206192,81372398.16102232,87621.0310395956,suboptimal
17,invj-4pc-k2,inverse-j,0.04,-10%,8,8496.406509063756,9623.022953642318,81631839.47329953,81356928.3323169,274911.14098262787,suboptimal
17,invj-4pc-k2,inverse-j,0.04,-10%,9,7646.76585815738,8660.7206602335,81706641.70848736,81430966.48801398,275675.2204733789,suboptimal
17,invj-4pc-k2,inverse-j,0.04,-10%,10,6882.089272341642,13481.78430636319,84335331.36166736,82018864.56719281,2316466.794474557,suboptimal
17,invj-4pc-k2,inverse-j,0.04,-10%,11,6193.880345107477,12145.025070564621,81004884.18332507,79023790.48299985,1981093.7003252208,suboptimal
17,invj-4pc-k2,inverse-j,0.04,-10%,12,5574.49231059673,11240.405986053996,82176791.02170417,80319515.54439564,1857275.4773085266,suboptimal
17,invj-4pc-k2,inverse-j,0.04,-10%,13,5017.043079537056,10150.461497148675,81821355.40103674,80258888.1270045,1562467.2740322351,suboptimal
17,invj-4pc-k2,inverse-j,0.04,-10%,14,4515.338771583349,9135.415344033001,80879609.82387865,79518738.6820496,1360871.1418290436,suboptimal
17,invj-4pc-k2,inverse-j,0.04,-10%,15,63957.14993141767,9998.237276185739,82773180.48150907,,,infeasible
17,invj-4pc-k2,inverse-j,0.04,-20%,1,21668.070008023027,21668.070008023027,86250683.38406831,86250683.38406831,0.0,optimal
17,invj-4pc-k2,inverse-j,0.04,-20%,2,17334.45600641842,17411.321054166678,82257871.91755907,82257871.91755907,0.0,optimal
17,invj-4pc-k2,inverse-j,0.04,-20%,3,13867.56480513474,14125.707686853058,80211522.1210651,80189944.26542172,21577.855643376708,suboptimal
17,invj-4pc-k2,inverse-j,0.04,-20%,4,11094.051844107787,11646.887322831548,81863731.99286069,81774926.86614445,88805.12671624124,suboptimal
17,invj-4pc-k2,inverse-j,0.04,-20%,5,8875.241475286231,9319.402968824077,80850214.68765004,80758760.66344263,91454.0242074132,suboptimal
17,invj-4pc-k2,inverse-j,0.04,-20%,6,7100.193180228985,7455.522374896499,80448518.72040953,80386211.750597,62306.9698125273,suboptimal
17,invj-4pc-k2,inverse-j,0.04,-20%,7,5680.1545441831895,8145.918106383,82098699.53695358,81545140.37960888,553559.1573446989,suboptimal
17,invj-4pc-k2,inverse-j,0.04,-20%,8,12259.628427121259,11473.1094601805,84548472.39087507,,,infeasible
17,invj-4pc-k2,inverse-j,0.04,-20%,9,9807.702741697007,14121.446349615997,84985036.82770082,83708920.17389101,1276116.6538098156,suboptimal
17,invj-4pc-k2,inverse-j,0.04,-20%,10,7846.162193357604,13943.568051434166,82044595.94151291,80092026.93101074,1952569.0105021745,suboptimal
17,invj-4pc-k2,inverse-j,0.04,-20%,11,6276.9297546860835,11154.854439718,79266685.32535975,77816389.96237016,1450295.3629895896,suboptimal
17,invj-4pc-k2,inverse-j,0.04,-20%,12,5021.543803748867,9053.256146593998,79614819.45716324,78491202.03116386,1123617.425999388,suboptimal
17,invj-4pc-k2,inverse-j,0.04,-20%,13,4017.235042999093,8419.073818227162,80569226.17263247,79530753.73778151,1038472.434850961,suboptimal
17,invj-4pc-k2,inverse-j,0.04,-20%,14,5581.779327135757,6735.259056152999,81535367.24700987,81244475.27397966,290891.97303020954,suboptimal
17,invj-4pc-k2,inverse-j,0.04,-20%,15,61946.86368556867,12523.700579784549,85276846.56459785,,,infeasible
17,invj-4pc-k2,inverse-j,0.04,+/-10%,1,16490.836697693223,16490.836697693223,82445207.8531812,82445207.8531812,0.0,optimal
17,invj-4pc-k2,inverse-j,0.04,+/-10%,2,14841.753027923904,14980.736492916487,81497531.59042487,81497531.59042487,0.0,optimal
17,invj-4pc-k2,inverse-j,0.04,+/-10%,3,13357.57772513151,13904.28356036402,80168655.96854822,80134066.60710175,34589.36144647002,suboptimal
17,invj-4pc-k2,inverse-j,0.04,+/-10%,4,12021.81995261836,13176.370807508334,80368726.4677463,80118652.12520146,250074.3425448388,suboptimal
17,invj-4pc-k2,inverse-j,0.04,+/-10%,5,10819.637957356525,12288.676471540968,80050410.60919861,79585095.09309928,465315.51609933376,suboptimal
17,invj-4pc-k2,inverse-j,0.04,+/-10%,6,9737.674161620873,11023.545974165116,78741007.77059376,78364713.84173168,376293.92886208,suboptimal
17,invj-4pc-k2,inverse-j,0.04,+/-10%,7,8763.906745458786,9921.1913754505,78562085.01118708,78101112.05264159,460972.9585454911,suboptimal
17,invj-4pc-k2,inverse-j,0.04,+/-10%,8,9256.577315859211,10602.277355524398,79361726.00030518,78979205.46994609,382520.5303590894,suboptimal
17,invj-4pc-k2,inverse-j,0.04,+/-10%,9,10182.23504744513,9542.049620328999,79042279.80405955,,,infeasible
17,invj-4pc-k2,inverse-j,0.04,+/-10%,10,11200.458552189642,11157.3137320785,79892444.00880319,79892444.00880319,0.0,optimal
17,invj-4pc-k2,inverse-j,0.04,+/-10%,11,12320.504407408609,10565.614863432498,78607219.02207886,,,infeasible
17,invj-4pc-k2,inverse-j,0.04,+/-10%,12,13552.55484814947,12451.934318607999,79492830.10775685,,,infeasible
17,invj-4pc-k2,inverse-j,0.04,+/-10%,13,14907.810332964422,11357.768920663351,78689796.64128421,,,infeasible
17,invj-4pc-k2,inverse-j,0.04,+/-10%,14,16398.591366260862,10221.9920331535,78252349.8814126,,,infeasible
17,invj-4pc-k2,inverse-j,0.04,+/-10%,15,18038.45050288695,10625.344183785717,79025919.6204079,,,infeasible
17,invj-4pc-k2,inverse-j,0.04,+/-20%,1,21560.755303422786,21560.755303422786,84190433.16083518,84190433.16083518,0.0,optimal
17,invj-4pc-k2,inverse-j,0.04,+/-20%,2,17248.60424273823,17458.245094905404,80392459.0799844,80392131.82202323,327.25796116888523,suboptimal
17,invj-4pc-k2,inverse-j,0.04,+/-20%,3,13798.88339419059,14257.195578776838,77710288.80514851,77659025.0943016,51263.71084691584,suboptimal
17,invj-4pc-k2,inverse-j,0.04,+/-20%,4,11039.106715352467,11614.7908320732,77812904.93421575,77722134.92667472,90770.00754103065,suboptimal
17,invj-4pc-k2,inverse-j,0.04,+/-20%,5,8831.285372281976,9283.74633143372,77990545.23490596,77900153.65720607,90391.57769988477,suboptimal
17,invj-4pc-k2,inverse-j,0.04,+/-20%,6,7065.028297825581,7426.997066244499,77940736.30286549,77783003.68306679,157732.61979870498,suboptimal
17,invj-4pc-k2,inverse-j,0.04,+/-20%,7,5751.122708154778,8975.162084423002,80185371.87910022,78004839.20453618,2180532.6745640337,suboptimal
17,invj-4pc-k2,inverse-j,0.04,+/-20%,8,6901.347249785734,11513.481797979499,82391665.51041287,79741995.0408559,2649670.4695569724,suboptimal
17,invj-4pc-k2,inverse-j,0.04,+/-20%,9,8281.616699742883,10906.925319565999,81630231.04848498,80097390.20924865,1532840.839236334,suboptimal
17,invj-4pc-k2,inverse-j,0.04,+/-20%,10,9371.842959621947,15291.3104898215,82280898.94063039,79904877.54150262,2376021.3991277665,suboptimal
17,invj-4pc-k2,inverse-j,0.04,+/-20%,11,11246.211551546336,12459.8617276705,77973738.3962991,77652007.05838151,321731.3379175812,suboptimal
17,invj-4pc-k2,inverse-j,0.04,+/-20%,12,13495.453861855603,10530.748687863334,77190358.33115652,,,infeasible
17,invj-4pc-k2,inverse-j,0.04,+/-20%,13,16194.544634226726,8430.557013445643,76998476.18496133,,,infeasible
17,invj-4pc-k2,inverse-j,0.04,+/-20%,14,19433.45356107207,6744.445609357999,77609716.37100667,,,infeasible
17,invj-4pc-k2,inverse-j,0.04,+/-20%,15,23320.14427328648,11004.344169856386,81427867.34841043,,,infeasible
18,linear-4pc-0pc,linear,0.04,NHF,1,44700.29189158934,44700.29189158934,47254492.48692732,47254492.48692732,0.0,optimal
18,linear-4pc-0pc,linear,0.04,NHF,2,7379.821250780501,7379.821250780501,26437449.610816296,26437449.610816296,0.0,optimal
18,linear-4pc-0pc,linear,0.04,NHF,3,8074.8907988345,8074.8907988345,29285325.278762896,29285325.278762896,0.0,optimal
18,linear-4pc-0pc,linear,0.04,NHF,4,3765.0878800115006,3765.0878800115006,29970397.45910773,29970397.45910773,0.0,optimal
18,linear-4pc-0pc,linear,0.04,NHF,5,5639.877077490999,5639.877077490999,35631961.43078038,35631961.43078038,0.0,optimal
18,linear-4pc-0pc,linear,0.04,NHF,6,6071.8311475035,6071.8311475035,40161049.00637263,40161049.00637263,0.0,optimal
18,linear-4pc-0pc,linear,0.04,NHF,7,14017.844845652999,14017.844845652999,46247527.94849941,46247527.94849941,0.0,optimal
18,linear-4pc-0pc,linear,0.04,NHF,8,13128.597559726,13730.147904196001,46277461.92451821,46202662.88250805,74799.04201016575,suboptimal
18,linear-4pc-0pc,linear,0.04,NHF,9,18923.3920461725,23977.972116195502,45116075.90580873,44003883.41437336,1112192.4914353713,suboptimal
18,linear-4pc-0pc,linear,0.04,NHF,10,4133.625999145,7565.9887105195,31035387.515657753,30162966.55585675,872420.9598010033,suboptimal
18,linear-4pc-0pc,linear,0.04,NHF,11,3928.3633250800003,7901.9484948214995,33275658.671150126,32351236.120575685,924422.5505744405,suboptimal
18,linear-4pc-0pc,linear,0.04,NHF,12,793.74557478,4239.520572046,34277865.89483019,33382869.696755927,894996.1980742626,suboptimal
18,linear-4pc-0pc,linear,0.04,NHF,13,3687.759748415,14480.4341965685,40220912.38094181,37714327.09737193,2506585.28356988,suboptimal
18,linear-4pc-0pc,linear,0.04,NHF,14,0.0,6747.437936943,36221640.90299109,34476410.818113394,1745230.0848776996,suboptimal
18,linear-4pc-0pc,linear,0.04,NHF,15,56113.53393282873,9600.242276866,40296662.53495358,,,infeasible
18,linear-4pc-0pc,linear,0.04,NDY,1,12282.502812527282,12282.502812527282,36638088.58725128,36638088.58725128,0.0,optimal
18,linear-4pc-0pc,linear,0.04,NDY,2,12282.502812527284,12099.580461572896,37939181.39564855,,,infeasible
18,linear-4pc-0pc,linear,0.04,NDY,3,12282.50281252728,11935.328833977263,39513296.58470419,,,infeasible
18,linear-4pc-0pc,linear,0.04,NDY,4,12282.502812527284,11793.758692445988,40760195.59363496,,,infeasible
18,linear-4pc-0pc,linear,0.04,NDY,5,12282.50281252728,11643.71689437619,41307075.892975524,,,infeasible
18,linear-4pc-0pc,linear,0.04,NDY,6,12282.502812527282,11514.371424636973,40706722.734228514,,,infeasible
18,linear-4pc-0pc,linear,0.04,NDY,7,12282.502812527284,11447.675593656799,40375448.33496136,,,infeasible
18,linear-4pc-0pc,linear,0.04,NDY,8,12282.502812527286,11370.374466410161,40376392.0571463,,,infeasible
18,linear-4pc-0pc,linear,0.04,NDY,9,12282.50281252728,11335.483796426313,39921956.86722656,,,infeasible
18,linear-4pc-0pc,linear,0.04,NDY,10,12282.502812527282,11305.82840383215,39708757.74720422,,,infeasible
18,linear-4pc-0pc,linear,0.04,NDY,11,12282.50281252728,11248.591941423321,39639068.53914322,,,infeasible
18,linear-4pc-0pc,linear,0.04,NDY,12,12282.502812527282,11210.005341185977,39550402.6938953,,,infeasible
18,linear-4pc-0pc,linear,0.04,NDY,13,12282.50281252728,11163.75874244777,39567603.145200826,,,infeasible
18,linear-4pc-0pc,linear,0.04,NDY,14,12282.50281252728,11093.512369461212,39222258.377441265,,,infeasible
18,linear-4pc-0pc,linear,0.04,NDY,15,12282.50281252728,11027.991683783392,39405007.36745455,,,infeasible
18,linear-4pc-0pc,linear,0.04,-10%,1,17764.493011000643,17764.493011000643,41075133.133863725,41075133.133863725,0.0,optimal
18,linear-4pc-0pc,linear,0.04,-10%,2,15988.043709900587,15966.105039745564,40807572.3647749,40807572.3647749,0.0,optimal
18,linear-4pc-0pc,linear,0.04,-10%,3,14389.239338910525,14347.011974101797,40477633.78031065,40477633.78031065,0.0,optimal
18,linear-4pc-0pc,linear,0.04,-10%,4,12950.315405019473,12880.538368107447,40224695.05179583,40224695.05179583,0.0,optimal
18,linear-4pc-0pc,linear,0.04,-10%,5,11655.283864517527,11564.814296438828,39304692.58431874,39304692.58431874,0.0,optimal
18,linear-4pc-0pc,linear,0.04,-10%,6,10489.755478065776,10408.332870676835,38121583.82452648,38121583.82452648,0.0,optimal
18,linear-4pc-0pc,linear,0.04,-10%,7,9440.779930259197,9440.779933048,38010999.93952284,38010999.93952284,0.0,optimal
18,linear-4pc-0pc,linear,0.04,-10%,8,9402.1090408918,10394.5625554745,39733683.38235104,39582998.21230056,150685.17005047947,suboptimal
18,linear-4pc-0pc,linear,0.04,-10%,9,9603.781703320305,10763.813031409501,40234491.99196544,39845421.89845651,389070.09350893646,suboptimal
18,linear-4pc-0pc,linear,0.04,-10%,10,8643.403532988275,13640.472306457128,41092079.0903141,39036201.60691164,2055877.4834024608,suboptimal
18,linear-4pc-0pc,linear,0.04,-10%,11,7779.063179689449,12264.179549375605,38802972.502257414,37196293.8847939,1606678.6174635142,suboptimal
18,linear-4pc-0pc,linear,0.04,-10%,12,7001.156861720501,11037.761598913501,37364418.525620975,36225389.682078294,1139028.8435426801,suboptimal
18,linear-4pc-0pc,linear,0.04,-10%,13,6301.041175548451,10038.006852830666,36345943.76745692,35281865.9946188,1064077.7728381157,suboptimal
18,linear-4pc-0pc,linear,0.04,-10%,14,5670.937057993606,9024.97255456699,36182610.92571463,35525818.68270119,656792.2430134341,suboptimal
18,linear-4pc-0pc,linear,0.04,-10%,15,44409.763810545635,8122.475298284501,37356081.22115389,,,infeasible
18,linear-4pc-0pc,linear,0.04,-20%,1,22148.96197203079,22148.96197203079,42973461.34085782,42973461.34085782,0.0,optimal
18,linear-4pc-0pc,linear,0.04,-20%,2,17719.169577624638,17736.341579386753,39702518.48007112,39702518.48007112,0.0,optimal
18,linear-4pc-0pc,linear,0.04,-20%,3,14175.335662099707,14126.300846375605,38028162.90793497,38028162.90793497,0.0,optimal
18,linear-4pc-0pc,linear,0.04,-20%,4,11340.268529679764,11290.974491231369,36325459.67937491,36325459.67937491,0.0,optimal
18,linear-4pc-0pc,linear,0.04,-20%,5,9072.214823743812,9026.952536657382,35817789.73472815,35817789.73472815,0.0,optimal
18,linear-4pc-0pc,linear,0.04,-20%,6,7257.771858995051,7221.5620291410005,36439925.26216141,36439925.26216141,0.0,optimal
18,linear-4pc-0pc,linear,0.04,-20%,7,5893.169591113001,5893.169591113,39338742.69967905,39338742.69967905,0.0,optimal
18,linear-4pc-0pc,linear,0.04,-20%,8,14789.781777764872,15115.493683014502,46010628.73028134,45957208.200752184,53420.5295291543,suboptimal
18,linear-4pc-0pc,linear,0.04,-20%,9,11831.825422211896,16685.17741970667,43417391.27956466,41663134.70293032,1754256.57663434,suboptimal
18,linear-4pc-0pc,linear,0.04,-20%,10,9465.460337769518,13359.637051684353,38433952.51507826,37229385.06358297,1204567.4514952898,suboptimal
18,linear-4pc-0pc,linear,0.04,-20%,11,7572.368270215615,10687.553035242005,35706888.06583909,34925316.9712751,781571.0945639908,suboptimal
18,linear-4pc-0pc,linear,0.04,-20%,12,6057.8946161724925,8550.042429371,34812348.48902003,34358890.178784825,453458.3102352023,suboptimal
18,linear-4pc-0pc,linear,0.04,-20%,13,4846.315692937993,7448.311296708499,35449335.56758815,34815177.759398095,634157.8081900552,suboptimal
18,linear-4pc-0pc,linear,0.04,-20%,14,3877.052554350395,9753.088290630125,38040346.80628148,36696134.84438644,1344211.9618950337,suboptimal
18,linear-4pc-0pc,linear,0.04,-20%,15,45440.76146875583,7802.470629899501,39059563.51586744,,,infeasible
18,linear-4pc-0pc,linear,0.04,+/-10%,1,17768.750417798194,17768.750417798194,40811403.01067198,40811403.01067198,0.0,optimal
18,linear-4pc-0pc,linear,0.04,+/-10%,2,15991.875376018377,15983.158625960708,40560878.18958116,40560878.18958116,0.0,optimal
18,linear-4pc-0pc,linear,0.04,+/-10%,3,14392.687838416536,14358.538180574036,40154922.56885203,40154922.56885203,0.0,optimal
18,linear-4pc-0pc,linear,0.04,+/-10%,4,12953.419054574884,12899.145414845418,39635575.15976518,39635575.15976518,0.0,optimal
18,linear-4pc-0pc,linear,0.04,+/-10%,5,11658.077149117395,11608.808461497763,38819109.19411971,38819109.19411971,0.0,optimal
18,linear-4pc-0pc,linear,0.04,+/-10%,6,10492.269434205658,10447.927618110501,37568261.89774807,37568261.89774807,0.0,optimal
18,linear-4pc-0pc,linear,0.04,+/-10%,7,9443.042490785092,9420.63690077437,37327209.426171616,37327209.426171616,0.0,optimal
18,linear-4pc-0pc,linear,0.04,+/-10%,8,9410.560268973763,9817.8307976545,38843217.80095982,38414003.256426424,429214.5445333943,suboptimal
18,linear-4pc-0pc,linear,0.04,+/-10%,9,10351.616295871137,10799.613878639499,39766103.98533514,39386582.22255256,379521.76278258115,suboptimal
18,linear-4pc-0pc,linear,0.04,+/-10%,10,10705.48640918257,13822.639794317029,41173721.46473438,39564095.80656148,1609625.6581729054,suboptimal
18,linear-4pc-0pc,linear,0.04,+/-10%,11,10247.67516874529,12431.448450706672,38540181.40365462,37779871.56685861,760309.836796008,suboptimal
18,linear-4pc-0pc,linear,0.04,+/-10%,12,11272.44268561982,10968.935759448104,37040455.12395204,37016364.89560491,24090.22834713012,suboptimal
18,linear-4pc-0pc,linear,0.04,+/-10%,13,12399.686954181807,9870.989241054976,35962661.59263356,,,infeasible
18,linear-4pc-0pc,linear,0.04,+/-10%,14,13639.655649599987,8863.966765857978,36105195.86862223,,,infeasible
18,linear-4pc-0pc,linear,0.04,+/-10%,15,15003.621214559991,8987.460465692,37550116.433953986,,,infeasible
18,linear-4pc-0pc,linear,0.04,+/-20%,1,22091.45288353204,22091.45288353204,42665264.60809703,42665264.60809703,0.0,optimal
18,linear-4pc-0pc,linear,0.04,+/-20%,2,17673.162306825634,17673.323135024555,39539516.57581251,39539516.57581251,0.0,optimal
18,linear-4pc-0pc,linear,0.04,+/-20%,3,14138.529845460509,14090.688277856176,37256301.19447108,37256301.19447108,0.0,optimal
18,linear-4pc-0pc,linear,0.04,+/-20%,4,11310.823876368411,11263.159920489463,35809224.97857388,35809224.97857388,0.0,optimal
18,linear-4pc-0pc,linear,0.04,+/-20%,5,9048.659101094727,8981.410500557218,35457107.38636023,35457107.38636023,0.0,optimal
18,linear-4pc-0pc,linear,0.04,+/-20%,6,7238.927280875782,7257.178492454081,35860895.80542496,35860895.80542496,0.0,optimal
18,linear-4pc-0pc,linear,0.04,+/-20%,7,8686.712737050939,8708.614189422999,38643648.69666608,38643648.69666607,7.450580596923828e-09,optimal
18,linear-4pc-0pc,linear,0.04,+/-20%,8,10424.055284461128,11261.2499785795,42257210.752945155,41632776.66185002,624434.0910951346,suboptimal
18,linear-4pc-0pc,linear,0.04,+/-20%,9,12508.866341353354,16534.257544112,43716138.43262799,42380571.328230396,1335567.104397595,suboptimal
18,linear-4pc-0pc,linear,0.04,+/-20%,10,10007.093073082684,13619.863067185233,38923345.22501134,37657625.38421994,1265719.8407914042,suboptimal
18,linear-4pc-0pc,linear,0.04,+/-20%,11,8630.560339673857,10884.083487166728,36084421.6581352,35537634.69634919,546786.9617860094,suboptimal
18,linear-4pc-0pc,linear,0.04,+/-20%,12,10356.67240760863,8707.266790694,34847916.44041963,,,infeasible
18,linear-4pc-0pc,linear,0.04,+/-20%,13,12428.006889130354,9492.694043077296,35839043.08162312,,,infeasible
18,linear-4pc-0pc,linear,0.04,+/-20%,14,14913.60826695643,7594.1552328217285,36298488.26904033,,,infeasible
18,linear-4pc-0pc,linear,0.04,+/-20%,15,17896.329920347707,9112.986277059501,39313963.65647588,,,infeasible
18,linear-6pc-0pc,linear,0.06,NHF,1,44700.29189158934,44700.29189158934,30769870.595790144,30769870.595790144,0.0,optimal
18,linear-6pc-0pc,linear,0.06,NHF,2,7379.821250780501,7379.821250780501,13154611.687801512,13154611.687801512,0.0,optimal
18,linear-6pc-0pc,linear,0.06,NHF,3,8074.8907988345,8074.8907988345,14371564.521780625,14371564.521780625,0.0,optimal
18,linear-6pc-0pc,linear,0.06,NHF,4,3765.0878800115006,3765.0878800115006,14217668.43793154,14217668.43793154,0.0,optimal
18,linear-6pc-0pc,linear,0.06,NHF,5,5639.877077490999,5639.877077490999,18120156.126311995,18120156.126311995,0.0,optimal
18,linear-6pc-0pc,linear,0.06,NHF,6,6071.8311475035,6071.8311475035,21683206.49058465,21683206.49058465,0.0,optimal
18,linear-6pc-0pc,linear,0.06,NHF,7,14017.844845652999,14017.844845652999,27233649.417497404,27233649.417497404,0.0,optimal
18,linear-6pc-0pc,linear,0.06,NHF,8,13730.147904196001,13730.147904196001,27935802.83498598,27935802.83498598,0.0,optimal
18,linear-6pc-0pc,linear,0.06,NHF,9,23977.972116195502,23977.972116195502,28296673.401638284,28296673.401638284,0.0,optimal
18,linear-6pc-0pc,linear,0.06,NHF,10,5416.9288931825,7565.9887105195,16436238.361954425,15854149.25841772,582089.1035367046,suboptimal
18,linear-6pc-0pc,linear,0.06,NHF,11,5092.6327365450015,7901.9484948214995,17178662.349661242,16474333.379065037,704328.9705962054,suboptimal
18,linear-6pc-0pc,linear,0.06,NHF,12,1081.2237080300001,4239.520572046,17575778.858093925,16671814.579139546,903964.2789543793,suboptimal
18,linear-6pc-0pc,linear,0.06,NHF,13,1792.4270003800002,14480.4341965685,22659311.309978552,19226388.143476095,3432923.166502457,suboptimal
18,linear-6pc-0pc,linear,0.06,NHF,14,0.0,6747.437936943,19139707.510685246,17185902.724810716,1953804.7858745307,suboptimal
18,linear-6pc-0pc,linear,0.06,NHF,15,44289.15778322122,9600.242276866,22406610.660279486,,,infeasible
18,linear-6pc-0pc,linear,0.06,NDY,1,12132.888974246804,12132.888974246804,19616713.806224074,19616713.806224078,-3.725290298461914e-09,optimal
18,linear-6pc-0pc,linear,0.06,NDY,2,12132.888974246805,11935.217389719608,20060245.389909543,20040481.52229074,19763.867618802935,suboptimal
18,linear-6pc-0pc,linear,0.06,NDY,3,12132.888974246805,11703.165793780914,21154273.173948918,,,infeasible
18,linear-6pc-0pc,linear,0.06,NDY,4,12132.888974246807,11608.034191015915,22082048.842256013,,,infeasible
18,linear-6pc-0pc,linear,0.06,NDY,5,12132.888974246805,11529.667817511603,22770460.301736027,,,infeasible
18,linear-6pc-0pc,linear,0.06,NDY,6,12132.888974246805,11464.437178318578,22635833.451440115,,,infeasible
18,linear-6pc-0pc,linear,0.06,NDY,7,12132.888974246802,11431.668002612118,22655407.728020802,,,infeasible
18,linear-6pc-0pc,linear,0.06,NDY,8,12132.888974246804,11400.166357097649,23075436.178684797,,,infeasible
18,linear-6pc-0pc,linear,0.06,NDY,9,12132.888974246802,11292.284387140568,22411106.793498017,,,infeasible
18,linear-6pc-0pc,linear,0.06,NDY,10,12132.888974246802,11193.364983154735,22266829.63626037,,,infeasible
18,linear-6pc-0pc,linear,0.06,NDY,11,12132.888974246802,11064.434436327077,21934656.784483425,,,infeasible
18,linear-6pc-0pc,linear,0.06,NDY,12,12132.888974246805,11035.512643219505,21947898.74106928,,,infeasible
18,linear-6pc-0pc,linear,0.06,NDY,13,12132.888974246805,11017.690747704164,21890794.70774653,,,infeasible
18,linear-6pc-0pc,linear,0.06,NDY,14,12132.888974246809,11008.057899246138,21869647.145679187,,,infeasible
18,linear-6pc-0pc,linear,0.06,NDY,15,12132.888974246807,11007.828351153472,22206914.47001295,,,infeasible
18,linear-6pc-0pc,linear,0.06,-10%,1,17749.147779796887,17749.147779796887,23293581.035321623,23293581.035321623,0.0,optimal
18,linear-6pc-0pc,linear,0.06,-10%,2,15974.233001817203,15896.574038952753,23079737.13889392,23079737.13889392,0.0,optimal
18,linear-6pc-0pc,linear,0.06,-10%,3,14376.809701635479,14269.510636786115,22659074.53888618,22659074.53888618,0.0,optimal
18,linear-6pc-0pc,linear,0.06,-10%,4,12939.128731471932,12804.973641146928,22272249.493481398,22272239.206378702,10.287102695554495,optimal
18,linear-6pc-0pc,linear,0.06,-10%,5,11645.21585832474,11524.476274351811,21473951.24974256,21471565.50101188,2385.7487306818366,suboptimal
18,linear-6pc-0pc,linear,0.06,-10%,6,10480.694272492268,10372.028641895502,20479225.53910701,,,infeasible
18,linear-6pc-0pc,linear,0.06,-10%,7,9432.624845243039,9432.624847813,20176419.037411194,20176419.037411194,0.0,optimal
18,linear-6pc-0pc,linear,0.06,-10%,8,8489.362360718736,8489.362366942001,21054873.934784736,21054873.934784736,0.0,optimal
18,linear-6pc-0pc,linear,0.06,-10%,9,10346.129643043523,10086.5638652875,22942080.751632515,,,infeasible
18,linear-6pc-0pc,linear,0.06,-10%,10,9311.51667873917,14140.317035490509,24659273.380058266,22473618.795768976,2185654.58428929,suboptimal
18,linear-6pc-0pc,linear,0.06,-10%,11,8380.365010865255,12725.37438237591,22745052.76658129,20918091.96680234,1826960.7997789495,suboptimal
18,linear-6pc-0pc,linear,0.06,-10%,12,7542.328509778727,11447.539863474201,21223422.267038085,19820059.804742455,1403362.462295629,suboptimal
18,linear-6pc-0pc,linear,0.06,-10%,13,6788.095658800853,10297.562135171538,19978169.95947717,18873116.816421397,1105053.1430557743,suboptimal
18,linear-6pc-0pc,linear,0.06,-10%,14,6109.286092920768,9266.938008662853,19652254.447490092,18858138.965413895,794115.4820761979,suboptimal
18,linear-6pc-0pc,linear,0.06,-10%,15,37814.18074233055,8340.244207147,20289741.693586916,,,infeasible
18,linear-6pc-0pc,linear,0.06,-20%,1,22099.416382659325,22099.416382659325,25366043.628276825,25366043.628276825,0.0,optimal
18,linear-6pc-0pc,linear,0.06,-20%,2,17679.533106127463,17606.497977297604,22659038.10727841,22659038.10727841,0.0,optimal
18,linear-6pc-0pc,linear,0.06,-20%,3,14143.62648490197,14036.260030494817,20818078.811439842,20818078.811439842,0.0,optimal
18,linear-6pc-0pc,linear,0.06,-20%,4,11314.90118792158,11223.046906365495,19198433.210469093,19198433.210469093,0.0,optimal
18,linear-6pc-0pc,linear,0.06,-20%,5,9051.92095033726,8979.026370831492,18657907.453511227,18657907.453511227,0.0,optimal
18,linear-6pc-0pc,linear,0.06,-20%,6,7241.53676026981,7183.2210956535,18799836.701603565,18799836.701603565,0.0,optimal
18,linear-6pc-0pc,linear,0.06,-20%,7,5793.229408215849,5793.229410253,20902054.865702767,20902054.865702767,0.0,optimal
18,linear-6pc-0pc,linear,0.06,-20%,8,14361.772617854278,12673.140502264001,26627408.207042065,,,infeasible
18,linear-6pc-0pc,linear,0.06,-20%,9,14009.238129757478,17870.218854740855,27575597.14032068,26084468.5861792,1491128.5541414805,suboptimal
18,linear-6pc-0pc,linear,0.06,-20%,10,11207.390503805984,14238.826163319865,23174522.75294426,22034332.809195228,1140189.943749033,suboptimal
18,linear-6pc-0pc,linear,0.06,-20%,11,8965.912403044787,11390.99889192274,20077696.760980256,19362347.21170005,715349.5492802076,suboptimal
18,linear-6pc-0pc,linear,0.06,-20%,12,7172.72992243583,9112.799110130001,18269488.658326857,17822150.583978705,447338.0743481517,suboptimal
18,linear-6pc-0pc,linear,0.06,-20%,13,5738.183937948664,7318.489441763499,18092064.758052245,17742990.08323828,349074.6748139635,suboptimal
18,linear-6pc-0pc,linear,0.06,-20%,14,4590.547150358931,8174.235554638,19715012.68360774,18781282.513608575,933730.1699991636,suboptimal
18,linear-6pc-0pc,linear,0.06,-20%,15,33135.559962785286,7812.977869124001,21609551.469070848,,,infeasible
18,linear-6pc-0pc,linear,0.06,+/-10%,1,17723.9232640236,17723.9232640236,23251842.599552587,23251842.599552587,0.0,optimal
18,linear-6pc-0pc,linear,0.06,+/-10%,2,15951.530937621246,15891.045478624752,22973543.021834087,22973543.021834087,0.0,optimal
18,linear-6pc-0pc,linear,0.06,+/-10%,3,14356.377843859118,14254.682178583193,22568911.093029734,22568911.093029734,0.0,optimal
18,linear-6pc-0pc,linear,0.06,+/-10%,4,12920.740059473208,12825.822528266512,22213514.942561783,22213514.942560866,9.164214134216309e-07,optimal
18,linear-6pc-0pc,linear,0.06,+/-10%,5,11628.666053525889,11539.829234293406,21401957.07925259,21401957.07925163,9.611248970031738e-07,optimal
18,linear-6pc-0pc,linear,0.06,+/-10%,6,10465.7994481733,10385.846313475502,20254208.787777852,20254208.787777856,-3.725290298461914e-09,optimal
18,linear-6pc-0pc,linear,0.06,+/-10%,7,9419.219503355971,9419.219506398,19920957.84728363,19920957.84728363,0.0,optimal
18,linear-6pc-0pc,linear,0.06,+/-10%,8,9017.798765406624,9017.798763313001,20719086.067087915,20719086.067087915,0.0,optimal
18,linear-6pc-0pc,linear,0.06,+/-10%,9,9919.578641947286,9919.578642671502,21650054.532300103,21650054.532300103,0.0,optimal
18,linear-6pc-0pc,linear,0.06,+/-10%,10,10911.536506142016,14240.014451502739,24713378.144856118,22851514.938546658,1861863.20630946,suboptimal
18,linear-6pc-0pc,linear,0.06,+/-10%,11,9899.480548304475,12802.961126142054,22678113.40925219,21188229.80490004,1489883.60435215,suboptimal
18,linear-6pc-0pc,linear,0.06,+/-10%,12,10889.428603134926,11519.904924613584,21013945.065522984,20836716.040974695,177229.02454828843,suboptimal
18,linear-6pc-0pc,linear,0.06,+/-10%,13,11978.371463448419,10367.914433473425,19614072.037457366,,,infeasible
18,linear-6pc-0pc,linear,0.06,+/-10%,14,13176.208609793266,9331.122990648832,19009168.35161361,,,infeasible
18,linear-6pc-0pc,linear,0.06,+/-10%,15,14493.829470772593,8398.010695857001,19225251.33141554,,,infeasible
18,linear-6pc-0pc,linear,0.06,+/-20%,1,22030.672310197555,22030.672310197555,25245141.940114424,25245141.940114427,-3.725290298461914e-09,optimal
18,linear-6pc-0pc,linear,0.06,+/-20%,2,17624.53784815805,17555.1947544053,22608871.975013845,22608871.975013845,0.0,optimal
18,linear-6pc-0pc,linear,0.06,+/-20%,3,14099.630278526438,13997.5560642056,20611685.26266503,20611685.26266503,0.0,optimal
18,linear-6pc-0pc,linear,0.06,+/-20%,4,11279.704222821154,11171.285582390876,18964983.286755223,18964983.286755223,0.0,optimal
18,linear-6pc-0pc,linear,0.06,+/-20%,5,9023.763378256921,8923.157878640035,18393045.702511948,18391501.43431205,1544.2681998983026,suboptimal
18,linear-6pc-0pc,linear,0.06,+/-20%,6,7219.010702605537,7138.453600395321,18481400.270325635,18479059.574168794,2340.6961568407714,suboptimal
18,linear-6pc-0pc,linear,0.06,+/-20%,7,8103.832276013727,8210.822119548,20517565.53364086,20482759.019739483,34806.51390137896,suboptimal
18,linear-6pc-0pc,linear,0.06,+/-20%,8,9724.598731216474,9852.986538385001,23077622.959595103,23043501.947115786,34121.01247931644,suboptimal
18,linear-6pc-0pc,linear,0.06,+/-20%,9,11669.51847745977,15848.151584204,26783730.4521946,24623578.94580136,2160151.5063932426,suboptimal
18,linear-6pc-0pc,linear,0.06,+/-20%,10,13605.685282859082,15208.44104706353,24333501.87547317,23825536.461269967,507965.4142032042,suboptimal
18,linear-6pc-0pc,linear,0.06,+/-20%,11,10884.548226287267,12151.342200387642,20932440.294629958,20633060.25393999,299380.0406899676,suboptimal
18,linear-6pc-0pc,linear,0.06,+/-20%,12,9160.203775797705,9721.073757205002,18647066.262086608,18521593.234358236,125473.02772837132,suboptimal
18,linear-6pc-0pc,linear,0.06,+/-20%,13,10992.244530957241,8651.25177316859,18137779.300031085,,,infeasible
18,linear-6pc-0pc,linear,0.06,+/-20%,14,13190.693437148691,6921.001420689398,18314157.764192346,,,infeasible
18,linear-6pc-0pc,linear,0.06,+/-20%,15,15828.832124578425,8305.20169492,20758986.319907974,,,infeasible
18,invj-4pc-k1,inverse-j,0.04,NHF,1,23387.332408969334,23387.332408969334,117232004.18978,117232004.18978,0.0,optimal
18,invj-4pc-k1,inverse-j,0.04,NHF,2,1148.18490724,21977.2137177925,111147034.96306865,110512764.15897755,634270.8040910959,suboptimal
18,invj-4pc-k1,inverse-j,0.04,NHF,3,5321.3798218075,13464.735203340499,104651716.24768057,104317326.77727468,334389.47040589154,suboptimal
18,invj-4pc-k1,inverse-j,0.04,NHF,4,961.0882348574999,7538.425235096501,108508425.43091597,108087641.0507699,420784.3801460713,suboptimal
18,invj-4pc-k1,inverse-j,0.04,NHF,5,37397.10604578785,5936.112541578499,111776181.87832841,,,infeasible
18,invj-4pc-k1,inverse-j,0.04,NHF,6,5273.016388913499,6071.8311475035,113814841.65993027,113746041.7327148,68799.92721547186,suboptimal
18,invj-4pc-k1,inverse-j,0.04,NHF,7,11490.788922845502,11388.085986693,117330996.64909889,117330996.64909889,0.0,optimal
18,invj-4pc-k1,inverse-j,0.04,NHF,8,16024.488826536,11598.257638296001,116820903.68700628,,,infeasible
18,invj-4pc-k1,inverse-j,0.04,NHF,9,8413.00080831,11203.3545859125,114551396.31931059,114220111.68857507,331284.63073551655,suboptimal
18,invj-4pc-k1,inverse-j,0.04,NHF,10,1908.61577433,21941.0958267225,115088411.26847361,111789028.95391192,3299382.314561695,suboptimal
18,invj-4pc-k1,inverse-j,0.04,NHF,11,2460.0774061099996,8968.3701944415,104439871.61725496,103490099.24183872,949772.3754162341,suboptimal
18,invj-4pc-k1,inverse-j,0.04,NHF,12,2366.14642901,5805.470495871,110797283.73328324,110275535.67932573,521748.053957507,suboptimal
18,invj-4pc-k1,inverse-j,0.04,NHF,13,22030.538774970006,12256.0665873435,115167663.2220666,,,infeasible
18,invj-4pc-k1,inverse-j,0.04,NHF,14,5680.51500711,6870.834602703,111763396.0334923,111652897.32230714,110498.7111851573,suboptimal
18,invj-4pc-k1,inverse-j,0.04,NHF,15,50782.39213695752,8874.060212166,114065713.90833758,,,infeasible
18,invj-4pc-k1,inverse-j,0.04,NDY,1,11126.146170826787,11126.146170826787,114796183.5038948,114796183.50389479,1.4901161193847656e-08,optimal
18,invj-4pc-k1,inverse-j,0.04,NDY,2,11126.146170826787,10990.428967631486,116898405.44355892,116896588.30498815,1817.1385707706213,suboptimal
18,invj-4pc-k1,inverse-j,0.04,NDY,3,11126.146170826787,10744.533139156709,117155616.99064848,116980455.01192422,175161.97872425616,suboptimal
18,invj-4pc-k1,inverse-j,0.04,NDY,4,11126.146170826787,10394.57394318054,117195314.76252694,116510017.74591658,685297.0166103691,suboptimal
18,invj-4pc-k1,inverse-j,0.04,NDY,5,11126.146170826789,10175.728486934748,117109422.89721231,115929027.51803775,1180395.3791745603,suboptimal
18,invj-4pc-k1,inverse-j,0.04,NDY,6,11126.146170826787,10272.895967406901,117032153.12670846,115802106.9338045,1230046.1929039657,suboptimal
18,invj-4pc-k1,inverse-j,0.04,NDY,7,11126.146170826785,10295.316343196559,117313651.87950592,116261674.35633673,1051977.5231691897,suboptimal
18,invj-4pc-k1,inverse-j,0.04,NDY,8,11126.146170826783,10256.994765846288,117187225.62890784,115914678.1808613,1272547.4480465502,suboptimal
18,invj-4pc-k1,inverse-j,0.04,NDY,9,11126.146170826785,10176.063669292755,117387031.47073475,115772374.55581868,1614656.9149160683,suboptimal
18,invj-4pc-k1,inverse-j,0.04,NDY,10,11126.14617082678,10107.518100470315,116588426.10247718,114579788.81976011,2008637.282717064,suboptimal
18,invj-4pc-k1,inverse-j,0.04,NDY,11,11126.146170826778,10066.589727152515,116247636.88431442,114180142.30180642,2067494.5825079978,suboptimal
18,invj-4pc-k1,inverse-j,0.04,NDY,12,11126.14617082678,10087.861620093694,116671563.67189693,115009450.47570251,1662113.1961944252,suboptimal
18,invj-4pc-k1,inverse-j,0.04,NDY,13,11126.146170826782,9993.698682277898,116534286.70519185,114557891.95703182,1976394.7481600344,suboptimal
18,invj-4pc-k1,inverse-j,0.04,NDY,14,11126.14617082678,10116.949289945233,116146217.6717673,113926979.10369384,2219238.5680734515,suboptimal
18,invj-4pc-k1,inverse-j,0.04,NDY,15,37451.98490486874,10064.065246704593,115689211.48874077,,,infeasible
18,invj-4pc-k1,inverse-j,0.04,-10%,1,12413.002808717325,12413.002808717325,116152712.7281715,116152712.7281715,0.0,optimal
18,invj-4pc-k1,inverse-j,0.04,-10%,2,11171.702527845595,15464.294291457452,117264125.97131735,117169890.32198116,94235.64933618903,suboptimal
18,invj-4pc-k1,inverse-j,0.04,-10%,3,10054.532275061034,14377.038878983405,114620548.25742188,114273443.12022303,347105.1371988505,suboptimal
18,invj-4pc-k1,inverse-j,0.04,-10%,4,9049.07904755493,12896.125978455104,117323922.36433211,116874195.34993255,449727.0143995583,suboptimal
18,invj-4pc-k1,inverse-j,0.04,-10%,5,14439.365571790602,12511.278368746764,118072999.21387416,,,infeasible
18,invj-4pc-k1,inverse-j,0.04,-10%,6,12995.429014611544,11484.729550684448,115851050.85842393,,,infeasible
18,invj-4pc-k1,inverse-j,0.04,-10%,7,11695.88611315039,10518.230547429057,115274981.83645122,,,infeasible
18,invj-4pc-k1,inverse-j,0.04,-10%,8,10526.297501835348,9403.500055951721,114366201.91700667,,,infeasible
18,invj-4pc-k1,inverse-j,0.04,-10%,9,9473.667751651814,8463.150048680272,113218760.83062394,,,infeasible
18,invj-4pc-k1,inverse-j,0.04,-10%,10,8526.300976486633,14308.78649612784,116579206.73466529,115549946.01553468,1029260.7191306055,suboptimal
18,invj-4pc-k1,inverse-j,0.04,-10%,11,7673.670878837969,13150.949795835719,111592479.13807583,110595003.97914666,997475.1589291692,suboptimal
18,invj-4pc-k1,inverse-j,0.04,-10%,12,6906.303790954172,11901.993775754601,112864472.50921656,111899151.32899666,965321.1802199036,suboptimal
18,invj-4pc-k1,inverse-j,0.04,-10%,13,6215.673411858756,10753.118569780921,113678939.1692051,112885929.89099433,793009.2782107741,suboptimal
18,invj-4pc-k1,inverse-j,0.04,-10%,14,9657.51869833707,9735.396868828242,112273642.53953053,112273642.53953053,0.0,optimal
18,invj-4pc-k1,inverse-j,0.04,-10%,15,54263.702086059675,8999.48586587631,113990178.49013503,,,infeasible
18,invj-4pc-k1,inverse-j,0.04,-20%,1,11881.736362152298,11881.736362152298,116499876.03576855,116499876.03576855,0.0,optimal
18,invj-4pc-k1,inverse-j,0.04,-20%,2,9505.389089721839,19740.798870058043,117770633.52856484,117538065.40995632,232568.11860851943,suboptimal
18,invj-4pc-k1,inverse-j,0.04,-20%,3,7604.311271777471,16209.134650901593,111969934.95280617,111448007.59672202,521927.35608415306,suboptimal
18,invj-4pc-k1,inverse-j,0.04,-20%,4,6083.449017421978,13155.125675182107,114614885.90161978,113968302.42178409,646583.4798356891,suboptimal
18,invj-4pc-k1,inverse-j,0.04,-20%,5,20088.254749375785,11627.54626904962,116386661.16947497,,,infeasible
18,invj-4pc-k1,inverse-j,0.04,-20%,6,16070.603799500634,9323.183620560374,113225137.16083752,,,infeasible
18,invj-4pc-k1,inverse-j,0.04,-20%,7,12856.483039600504,8032.129151235501,112959403.46490023,,,infeasible
18,invj-4pc-k1,inverse-j,0.04,-20%,8,10285.186431680406,9362.829317713054,114567955.54762203,,,infeasible
18,invj-4pc-k1,inverse-j,0.04,-20%,9,8228.149145344325,7490.263451035502,113723368.00507213,,,infeasible
18,invj-4pc-k1,inverse-j,0.04,-20%,10,6582.5193162754595,17180.07134094799,118094205.3853773,116091582.24112095,2002623.1442563534,suboptimal
18,invj-4pc-k1,inverse-j,0.04,-20%,11,5266.015453020369,14684.822357918623,110686327.70900878,109114810.63471249,1571517.0742962956,suboptimal
18,invj-4pc-k1,inverse-j,0.04,-20%,12,4212.812362416295,11843.7520878835,112212930.83392918,110972230.05774686,1240700.7761823237,suboptimal
18,invj-4pc-k1,inverse-j,0.04,-20%,13,9759.29072783441,9830.18432256899,113081833.20394818,113081833.20394818,0.0,optimal
18,invj-4pc-k1,inverse-j,0.04,-20%,14,15322.092567653042,7864.147462258,111834395.4764734,,,infeasible
18,invj-4pc-k1,inverse-j,0.04,-20%,15,51190.2045799322,9141.744409257999,113711426.30301076,,,infeasible
18,invj-4pc-k1,inverse-j,0.04,+/-10%,1,15244.925087181775,15244.925087181775,113342917.65453246,113342917.65453245,1.4901161193847656e-08,optimal
18,invj-4pc-k1,inverse-j,0.04,+/-10%,2,13720.43257846359,13985.658753944,112680821.99815519,112675902.04748003,4919.950675159693,suboptimal
18,invj-4pc-k1,inverse-j,0.04,+/-10%,3,12348.389320617234,12799.64930420908,110771584.33355385,110758988.4297181,12595.903835743666,suboptimal
18,invj-4pc-k1,inverse-j,0.04,+/-10%,4,11113.550388555512,12564.98481896096,111133443.97969066,110981231.3470188,152212.63267186284,suboptimal
18,invj-4pc-k1,inverse-j,0.04,+/-10%,5,10348.69694275789,12556.3326476614,111613139.0609344,111218466.8990035,394672.1619308889,suboptimal
18,invj-4pc-k1,inverse-j,0.04,+/-10%,6,9313.827248482105,11421.592201574382,110902681.36321966,110481209.92053424,421471.4426854253,suboptimal
18,invj-4pc-k1,inverse-j,0.04,+/-10%,7,8772.214432024166,11537.99369216603,111322272.57149054,110777499.28324944,544773.2882411033,suboptimal
18,invj-4pc-k1,inverse-j,0.04,+/-10%,8,9649.43587522658,10458.013505266015,110923521.01640825,110825402.6673434,98118.34906485677,suboptimal
18,invj-4pc-k1,inverse-j,0.04,+/-10%,9,10614.37946274924,9412.212150423502,110197503.37564181,,,infeasible
18,invj-4pc-k1,inverse-j,0.04,+/-10%,10,11675.817409024166,11810.355290321497,111250756.28139776,111250307.81517826,448.4662194997072,suboptimal
18,invj-4pc-k1,inverse-j,0.04,+/-10%,11,12843.399149926581,10966.030189856501,108808336.9649486,,,infeasible
18,invj-4pc-k1,inverse-j,0.04,+/-10%,12,14127.73906491924,11907.910078399998,109280467.49111508,,,infeasible
18,invj-4pc-k1,inverse-j,0.04,+/-10%,13,15540.512971411174,11163.374009742432,108905128.62543957,,,infeasible
18,invj-4pc-k1,inverse-j,0.04,+/-10%,14,17094.56426855229,10682.385225903166,108845762.36984423,,,infeasible
18,invj-4pc-k1,inverse-j,0.04,+/-10%,15,18804.020695407515,10500.896022468007,110021410.38704962,,,infeasible
18,invj-4pc-k1,inverse-j,0.04,+/-20%,1,14958.78890934437,14958.78890934437,114327453.12000111,114327453.12000111,0.0,optimal
18,invj-4pc-k1,inverse-j,0.04,+/-20%,2,11967.0311274755,17816.68687930928,113894082.56923985,113732380.42251274,161702.14672711492,suboptimal
18,invj-4pc-k1,inverse-j,0.04,+/-20%,3,9573.6249019804,15635.303131681962,110056556.60439624,109523865.70543836,532690.8989578784,suboptimal
18,invj-4pc-k1,inverse-j,0.04,+/-20%,4,11488.34988237648,12519.945679936096,110228985.23002207,110153551.47896966,75433.75105240941,suboptimal
18,invj-4pc-k1,inverse-j,0.04,+/-20%,5,13786.019858851776,11276.76143570074,111245257.44270515,,,infeasible
18,invj-4pc-k1,inverse-j,0.04,+/-20%,6,11028.815887081424,9661.406670158502,110471476.00141935,,,infeasible
18,invj-4pc-k1,inverse-j,0.04,+/-20%,7,9221.31400770389,8312.910969012999,110937568.10809018,,,infeasible
18,invj-4pc-k1,inverse-j,0.04,+/-20%,8,11065.576809244665,9260.368680148189,112558946.90825142,,,infeasible
18,invj-4pc-k1,inverse-j,0.04,+/-20%,9,8852.461447395734,8314.495187644501,111972997.52523911,,,infeasible
18,invj-4pc-k1,inverse-j,0.04,+/-20%,10,9094.35797975782,17237.537961415917,115780366.12104104,113644235.32717177,2136130.793869272,suboptimal
18,invj-4pc-k1,inverse-j,0.04,+/-20%,11,10913.229575709382,14942.042470183753,109032799.88561252,108286071.44032383,746728.445288688,suboptimal
18,invj-4pc-k1,inverse-j,0.04,+/-20%,12,13095.87549085126,11364.483776896912,107564930.68028814,,,infeasible
18,invj-4pc-k1,inverse-j,0.04,+/-20%,13,15715.050589021515,9927.31043320288,108494190.0427343,,,infeasible
18,invj-4pc-k1,inverse-j,0.04,+/-20%,14,18858.060706825814,8429.641894048002,108241870.86978534,,,infeasible
18,invj-4pc-k1,inverse-j,0.04,+/-20%,15,22629.672848190974,7539.150026775001,109819414.1916596,,,infeasible
18,invj-4pc-k2,inverse-j,0.04,NHF,1,44700.29189158934,44700.29189158934,88002547.44781618,88002547.44781618,0.0,optimal
18,invj-4pc-k2,inverse-j,0.04,NHF,2,6327.986473207499,7379.821250780501,67618844.87626216,67490043.4749285,128801.40133365989,suboptimal
18,invj-4pc-k2,inverse-j,0.04,NHF,3,965.13162538,8074.8907988345,74491504.3268111,73112797.31870097,1378707.0081101358,suboptimal
18,invj-4pc-k2,inverse-j,0.04,NHF,4,0.0,3765.0878800115006,74756044.05296233,73897105.17872567,858938.8742366582,suboptimal
18,invj-4pc-k2,inverse-j,0.04,NHF,5,14415.135368474503,5639.877077490999,80430384.18052992,,,infeasible
18,invj-4pc-k2,inverse-j,0.04,NHF,6,4709.1347204785,6071.8311475035,83076235.34644488,82758232.38169096,318002.9647539109,suboptimal
18,invj-4pc-k2,inverse-j,0.04,NHF,7,11344.993354618,14017.844845652999,88131056.18038683,87554265.85364637,576790.3267404586,suboptimal
18,invj-4pc-k2,inverse-j,0.04,NHF,8,18729.0711107335,13730.147904196001,87213570.09608108,,,infeasible
18,invj-4pc-k2,inverse-j,0.04,NHF,9,16721.07884967,23977.972116195502,85938003.12503229,84053148.02616625,1884855.0988660455,suboptimal
18,invj-4pc-k2,inverse-j,0.04,NHF,10,4912.17874851,7565.9887105195,72171276.63392052,71481753.1253481,689523.5085724145,suboptimal
18,invj-4pc-k2,inverse-j,0.04,NHF,11,2460.0774061099996,7901.9484948214995,78442744.82972546,77016134.89414403,1426609.9355814308,suboptimal
18,invj-4pc-k2,inverse-j,0.04,NHF,12,3698.7452990899997,4239.520572046,78784832.7407824,78670021.08136964,114811.65941275656,suboptimal
18,invj-4pc-k2,inverse-j,0.04,NHF,13,8743.66283145,14480.4341965685,84751761.73441944,83382696.16969457,1369065.5647248626,suboptimal
18,invj-4pc-k2,inverse-j,0.04,NHF,14,6156.625228319999,6747.437936943,79529222.54974443,79412812.72532576,116409.82441866398,suboptimal
18,invj-4pc-k2,inverse-j,0.04,NHF,15,49775.60084459335,9600.242276866,82601550.39858292,,,infeasible
18,invj-4pc-k2,inverse-j,0.04,NDY,1,11288.142744805167,11288.142744805167,81447092.22700877,81447092.22700877,0.0,optimal
18,invj-4pc-k2,inverse-j,0.04,NDY,2,11288.142744805165,11111.548927687518,82924328.81089617,82921406.85453248,2921.9563636928797,suboptimal
18,invj-4pc-k2,inverse-j,0.04,NDY,3,11288.142744805165,10823.178177778012,83401887.10255405,83141312.90756021,260574.19499383867,suboptimal
18,invj-4pc-k2,inverse-j,0.04,NDY,4,11288.142744805165,10372.274288868917,83052607.90807939,82463179.25539869,589428.652680695,suboptimal
18,invj-4pc-k2,inverse-j,0.04,NDY,5,11288.142744805167,10137.78108132235,83211435.61812885,82316188.7355578,895246.8825710565,suboptimal
18,invj-4pc-k2,inverse-j,0.04,NDY,6,11288.142744805165,10172.080561760416,83358743.28197697,82269306.54671039,1089436.7352665812,suboptimal
18,invj-4pc-k2,inverse-j,0.04,NDY,7,11288.142744805165,10260.165108313286,83677772.88211939,82430512.32813047,1247260.5539889187,suboptimal
18,invj-4pc-k2,inverse-j,0.04,NDY,8,11288.142744805164,10357.124083586375,84250244.18160364,83223240.75954741,1027003.4220562279,suboptimal
18,invj-4pc-k2,inverse-j,0.04,NDY,9,11288.142744805165,10358.954626278799,84442973.52027199,83401587.68049228,1041385.8397797048,suboptimal
18,invj-4pc-k2,inverse-j,0.04,NDY,10,11288.142744805164,10359.622076115116,83501054.28528157,82366109.46424322,1134944.8210383505,suboptimal
18,invj-4pc-k2,inverse-j,0.04,NDY,11,11288.142744805162,10300.548540202353,83308467.77943464,81995833.09103936,1312634.6883952767,suboptimal
18,invj-4pc-k2,inverse-j,0.04,NDY,12,11288.142744805162,10055.75700552677,82682083.9334465,81246049.67009938,1436034.263347119,suboptimal
18,invj-4pc-k2,inverse-j,0.04,NDY,13,11288.142744805165,9836.270692080026,82182101.18733682,80002248.3890906,2179852.7982462198,suboptimal
18,invj-4pc-k2,inverse-j,0.04,NDY,14,11288.142744805164,9913.822881375765,82409094.5105412,79994946.20939621,2414148.3011449873,suboptimal
18,invj-4pc-k2,inverse-j,0.04,NDY,15,35001.24297778733,9973.789417145092,82727724.89420204,,,infeasible
18,invj-4pc-k2,inverse-j,0.04,-10%,1,16721.860981901387,16721.860981901387,83467322.83166069,83467322.83166069,0.0,optimal
18,invj-4pc-k2,inverse-j,0.04,-10%,2,15049.67488371125,15217.401988421372,82578041.31609184,82577598.80983081,442.5062610208988,suboptimal
18,invj-4pc-k2,inverse-j,0.04,-10%,3,13544.707395340123,13924.241370208474,80208189.83538347,80187048.0113946,21141.823988869786,suboptimal
18,invj-4pc-k2,inverse-j,0.04,-10%,4,12190.236655806111,12497.057646109148,81549610.21131498,81520916.35719313,28693.85412184894,suboptimal
18,invj-4pc-k2,inverse-j,0.04,-10%,5,10971.2129902255,11759.644975471972,83126647.17503105,82939270.90712033,187376.26791071892,suboptimal
18,invj-4pc-k2,inverse-j,0.04,-10%,6,9874.091691202953,10582.849330690926,82637918.2897733,82503406.98638894,134511.30338436365,suboptimal
18,invj-4pc-k2,inverse-j,0.04,-10%,7,8886.682522082656,9524.564397483,81827839.66029412,81690753.25721987,137086.40307424963,suboptimal
18,invj-4pc-k2,inverse-j,0.04,-10%,8,8683.262681409,9370.33113564237,82125927.37578282,81957299.36863841,168628.00714440644,suboptimal
18,invj-4pc-k2,inverse-j,0.04,-10%,9,8498.25046738,8433.2980195665,81723623.75988697,81723623.75988697,0.0,optimal
18,invj-4pc-k2,inverse-j,0.04,-10%,10,8660.886847605163,14238.94424938036,84329748.05065702,82312798.93177857,2016949.118878454,suboptimal
18,invj-4pc-k2,inverse-j,0.04,-10%,11,7794.798162844647,13137.998525107078,80715537.16967472,78806410.79579392,1909126.3738808036,suboptimal
18,invj-4pc-k2,inverse-j,0.04,-10%,12,7015.318346560181,11871.757625278518,81047056.62940775,79414304.71578045,1632751.9136272967,suboptimal
18,invj-4pc-k2,inverse-j,0.04,-10%,13,6313.786511904165,10735.991448194882,81397490.95445342,80003125.51911572,1394365.4353377074,suboptimal
18,invj-4pc-k2,inverse-j,0.04,-10%,14,5682.407860713751,9662.392301328004,81144312.26219071,79959241.22394203,1185071.038248688,suboptimal
18,invj-4pc-k2,inverse-j,0.04,-10%,15,55034.65008773862,9421.179372882223,81726152.05699252,,,infeasible
18,invj-4pc-k2,inverse-j,0.04,-20%,1,21302.622544944294,21302.622544944294,84366891.73605292,84366891.73605292,0.0,optimal
18,invj-4pc-k2,inverse-j,0.04,-20%,2,17042.098035955434,17249.395800547012,81059342.48278105,81057891.60602488,1450.8767561763525,suboptimal
18,invj-4pc-k2,inverse-j,0.04,-20%,3,13633.678428764344,13835.686496177386,79064402.86852677,79063530.71951981,872.1490069627762,suboptimal
18,invj-4pc-k2,inverse-j,0.04,-20%,4,10906.942743011481,11366.175067024076,80141400.3816445,80074126.89962192,67273.48202258348,suboptimal
18,invj-4pc-k2,inverse-j,0.04,-20%,5,8725.554194409182,9099.725741645363,81122058.77035753,81052453.83279589,69604.9375616461,suboptimal
18,invj-4pc-k2,inverse-j,0.04,-20%,6,6980.443355527348,7279.7805968309995,80500561.17177153,80450254.49373022,50306.67804130912,suboptimal
18,invj-4pc-k2,inverse-j,0.04,-20%,7,5584.354684421879,8594.938830063,82489472.58424892,81822555.00683086,666917.5774180591,suboptimal
18,invj-4pc-k2,inverse-j,0.04,-20%,8,12672.812838070757,11674.163354119,84778633.33648714,,,infeasible
18,invj-4pc-k2,inverse-j,0.04,-20%,9,11486.338180566347,12176.021803084499,83304441.96569961,83151172.61357008,153269.3521295339,suboptimal
18,invj-4pc-k2,inverse-j,0.04,-20%,10,9189.07054445308,15350.734723052396,83122694.63201226,81126886.95374492,1995807.6782673448,suboptimal
18,invj-4pc-k2,inverse-j,0.04,-20%,11,7351.256435562466,12261.186230464165,79391524.58257496,77969110.48485993,1422414.097715035,suboptimal
18,invj-4pc-k2,inverse-j,0.04,-20%,12,5881.005148449971,9808.948986411004,80030336.84801926,78985086.19146512,1045250.6565541327,suboptimal
18,invj-4pc-k2,inverse-j,0.04,-20%,13,4704.804118759977,9827.411715118296,81296548.78996025,79955341.86654557,1341206.9234146774,suboptimal
18,invj-4pc-k2,inverse-j,0.04,-20%,14,6328.865179520937,7861.929373763,80081790.50714827,79759659.97717224,322130.5299760252,suboptimal
18,invj-4pc-k2,inverse-j,0.04,-20%,15,53174.29410483167,8054.4512861190005,81851706.90477903,,,infeasible
18,invj-4pc-k2,inverse-j,0.04,+/-10%,1,15949.361754235184,15949.361754235184,81643579.29415101,81643579.29415101,0.0,optimal
18,invj-4pc-k2,inverse-j,0.04,+/-10%,2,14354.425578811668,14855.842241924842,80674442.42217724,80659309.52563092,15132.896546319127,suboptimal
18,invj-4pc-k2,inverse-j,0.04,+/-10%,3,12918.983020930502,13753.056109818104,79271366.5265535,79163638.99221304,107727.53434045613,suboptimal
18,invj-4pc-k2,inverse-j,0.04,+/-10%,4,11627.08471883745,12836.88628581326,79318579.79017463,79041074.54836479,277505.24180984497,suboptimal
18,invj-4pc-k2,inverse-j,0.04,+/-10%,5,10464.376246953707,11892.41469628831,79436042.00413157,78986482.35839386,449559.6457377076,suboptimal
18,invj-4pc-k2,inverse-j,0.04,+/-10%,6,9417.93862225834,10648.972596930831,79125107.18009745,78826162.82034181,298944.35975563526,suboptimal
18,invj-4pc-k2,inverse-j,0.04,+/-10%,7,8564.46612892994,9584.0753362755,79252724.52348717,78819700.60637918,433023.9171079844,suboptimal
18,invj-4pc-k2,inverse-j,0.04,+/-10%,8,9420.912741822936,10556.195348826128,80293770.17990291,79997294.93601021,296475.2438926995,suboptimal
18,invj-4pc-k2,inverse-j,0.04,+/-10%,9,10363.004016005232,9500.575814383501,79392844.86971506,,,infeasible
18,invj-4pc-k2,inverse-j,0.04,+/-10%,10,11399.304417605761,12705.712087503234,81141202.70887826,80778843.11996152,362359.58891674876,suboptimal
18,invj-4pc-k2,inverse-j,0.04,+/-10%,11,12539.234859366336,11435.1408776275,78388871.0392628,,,infeasible
18,invj-4pc-k2,inverse-j,0.04,+/-10%,12,13793.158345302969,12496.522836863456,78978326.5453994,,,infeasible
18,invj-4pc-k2,inverse-j,0.04,+/-10%,13,15172.474179833263,11327.603431958347,77965954.22065905,,,infeasible
18,invj-4pc-k2,inverse-j,0.04,+/-10%,14,16689.72159781659,10413.437581673343,77662708.6435123,,,infeasible
18,invj-4pc-k2,inverse-j,0.04,+/-10%,15,18358.693757598256,9386.47301076129,78062021.70716958,,,infeasible
18,invj-4pc-k2,inverse-j,0.04,+/-20%,1,21183.71104207323,21183.71104207323,83108414.2402442,83108414.2402442,0.0,optimal
18,invj-4pc-k2,inverse-j,0.04,+/-20%,2,16946.96883365859,17315.51762379883,79838650.28225322,79810516.64780861,28133.634444609284,suboptimal
18,invj-4pc-k2,inverse-j,0.04,+/-20%,3,13557.575066926867,13956.179750760675,77232975.31486675,77187739.36791374,45235.94695301354,suboptimal
18,invj-4pc-k2,inverse-j,0.04,+/-20%,4,10846.060053541494,11384.631668486725,77411988.84665853,77324815.64901564,87173.1976428926,suboptimal
18,invj-4pc-k2,inverse-j,0.04,+/-20%,5,8676.848042833195,9113.413832790538,78301635.02426383,78220210.63244827,81424.39181555808,suboptimal
18,invj-4pc-k2,inverse-j,0.04,+/-20%,6,6941.478434266558,7290.731067800167,78536839.53905404,78402817.99145168,134021.54760235548,suboptimal
18,invj-4pc-k2,inverse-j,0.04,+/-20%,7,5553.182747413246,9799.097333403,81059421.53067711,78365220.85371919,2694200.67695792,suboptimal
18,invj-4pc-k2,inverse-j,0.04,+/-20%,8,6663.819296895896,11087.339182413441,81733939.8264531,79556118.38924478,2177821.4372083247,suboptimal
18,invj-4pc-k2,inverse-j,0.04,+/-20%,9,7996.5831562750745,8869.8713461595,80064649.45680754,79503998.2606042,560651.1962033361,suboptimal
18,invj-4pc-k2,inverse-j,0.04,+/-20%,10,9440.854185556567,17030.21907328179,84175004.78751887,80926846.29777755,3248158.4897413254,suboptimal
18,invj-4pc-k2,inverse-j,0.04,+/-20%,11,11329.02502266788,13640.605723286448,79019283.06098542,78348182.41270536,671100.6482800543,suboptimal
18,invj-4pc-k2,inverse-j,0.04,+/-20%,12,13594.83002720146,10912.484575254,77794818.50753477,,,infeasible
18,invj-4pc-k2,inverse-j,0.04,+/-20%,13,16313.79603264175,9864.925103611711,77896028.52481598,,,infeasible
18,invj-4pc-k2,inverse-j,0.04,+/-20%,14,19576.5552391701,7891.940082378,77250491.1685664,,,infeasible
18,invj-4pc-k2,inverse-j,0.04,+/-20%,15,23491.86628700412,7385.597763927,78966211.35417505,,,infeasible
