landbase,discount_rate,flow_policy,horizon_institution,flow_history,max_decrease,max_increase,horizon,relax_share,numeric_slack_share,fd_version,fd_commit,ws3_version,max_abs_rel_deviation,mean_abs_rel_deviation,total_projected,total_realized,total_rel_change,occurrence,occurrence_tolerance,mean_abs_rel_deviation_2_11,occurrence_2_11,thesis_volume_inconsistency_2_11
1,0.0,NHF,rolling,reset,,,15,0.0,0.0,0.1.0b1,042c345cfe16,1.1.0a5,1.0,0.4183836187001611,178441.99,147801.99,-0.1717084639103162,True,0.05,0.5548654138119883,True,1.348383850634136
1,0.0,NHF,rolling,carried,,,15,0.0,0.0,0.1.0b1,042c345cfe16,1.1.0a5,1.0,0.4183836187001611,178441.99,147801.99,-0.1717084639103162,True,0.05,0.5548654138119883,True,1.348383850634136
1,0.0,NHF,fixed,reset,,,15,0.0,0.0,0.1.0b1,042c345cfe16,1.1.0a5,0.0,0.0,178441.99,178441.99,0.0,False,0.05,0.0,False,0.0
1,0.0,NHF,fixed,carried,,,15,0.0,0.0,0.1.0b1,042c345cfe16,1.1.0a5,0.0,0.0,178441.99,178441.99,0.0,False,0.05,0.0,False,0.0
1,0.0,NDY,rolling,reset,0.0,,15,0.0,0.0,0.1.0b1,042c345cfe16,1.1.0a5,0.5452415449180583,0.1845760551681463,169794.95906102593,135442.50507636953,-0.20231727829039847,True,0.05,0.16246981787141884,True,0.16246981787141876
1,0.0,NDY,rolling,carried,0.0,,15,0.35714285714285715,0.0,0.1.0b1,042c345cfe16,1.1.0a5,0.45410317320597915,0.039002992979678686,169794.95906102593,159705.42477819155,-0.059421871760092185,False,0.05,0.006001527431413892,False,0.006001527431413887
1,0.0,NDY,fixed,reset,0.0,,15,0.0,0.0,0.1.0b1,042c345cfe16,1.1.0a5,1.0,0.4531737614549085,169794.95906102593,159875.52017952377,-0.05842010231845002,True,0.05,0.3772316178005944,True,0.3772316178005941
1,0.0,NDY,fixed,carried,0.0,,15,0.0,0.0,0.1.0b1,042c345cfe16,1.1.0a5,1.4477469376615326e-05,4.058695478496552e-06,169794.95906102593,169794.73637535458,-1.3114975414153e-06,False,0.05,3.3021911653838833e-06,False,3.3021911653838816e-06
1,0.0,-10%,rolling,reset,0.1,,15,0.0,0.0,0.1.0b1,042c345cfe16,1.1.0a5,0.7232275617990606,0.2711762683883755,170231.8450394658,145452.60147236453,-0.1455617399985095,True,0.05,0.21824415206479952,True,0.24531323498031493
1,0.0,-10%,rolling,carried,0.1,,15,0.0,0.0,0.1.0b1,042c345cfe16,1.1.0a5,0.7434861314671092,0.1728880588000611,170231.8450394658,152142.4239802998,-0.10626343769564531,True,0.05,0.06454240596060364,True,0.05700132163112202
1,0.0,-10%,fixed,reset,0.1,,15,0.0,0.0,0.1.0b1,042c345cfe16,1.1.0a5,1.0,0.20978873928806424,170231.8450394658,170070.17818739795,-0.0009496863059340326,True,0.05,0.24598766746939918,True,0.2132136296839743
1,0.0,-10%,fixed,carried,0.1,,15,0.0,0.0,0.1.0b1,042c345cfe16,1.1.0a5,1.0929811143050613e-06,3.0193913640014393e-07,170231.8450394658,170231.84367288282,-8.027775237010011e-09,False,0.05,3.053773946722583e-07,False,3.4902076991258416e-07
1,0.0,-20%,rolling,reset,0.2,,15,0.0,0.0,0.1.0b1,042c345cfe16,1.1.0a5,1.0,0.35644502068831324,174352.73892846133,149137.117312458,-0.14462417838098637,True,0.05,0.324219216967511,True,0.3548548947826746
1,0.0,-20%,rolling,carried,0.2,,15,0.0,0.0,0.1.0b1,042c345cfe16,1.1.0a5,0.732339789493181,0.24530085016395958,174352.73892846133,155142.03013970173,-0.11018300547972432,True,0.05,0.13666568680556201,True,0.15814462715492192
1,0.0,-20%,fixed,reset,0.2,,15,0.0,0.0,0.1.0b1,042c345cfe16,1.1.0a5,1.0,0.36857850541604725,174352.73892846133,172610.28313183415,-0.009993853881137648,True,0.05,0.41457419418835195,True,0.3985371069366145
1,0.0,-20%,fixed,carried,0.2,,15,0.0,0.0,0.1.0b1,042c345cfe16,1.1.0a5,1.1542628830400465e-06,5.057666714213044e-07,174352.73892846133,174352.73727013753,-9.5113148963245e-09,False,0.05,5.507397364083484e-07,False,5.288751100285777e-07
1,0.0,+/-10%,rolling,reset,0.1,0.1,15,0.0,0.0,0.1.0b1,042c345cfe16,1.1.0a5,0.35010384118097887,0.11729970614722283,165926.66509250345,149759.8563212953,-0.09743345810147652,True,0.05,0.11342296182746578,True,0.11408719283918711
1,0.0,+/-10%,rolling,carried,0.1,0.1,15,0.0,0.0,0.1.0b1,042c345cfe16,1.1.0a5,0.25513731634605324,0.08755027430332946,165926.66509250345,151770.44072194112,-0.08531615073846201,True,0.05,0.06277014824838457,True,0.05737637993316454
1,0.0,+/-10%,fixed,reset,0.1,0.1,15,0.0,0.0,0.1.0b1,042c345cfe16,1.1.0a5,1.4493315239614738e-09,3.4043930890132257e-10,165926.66509250345,165926.6650969966,2.7079226589213097e-11,False,0.05,3.5615952101509673e-10,False,3.54160352205655e-10
1,0.0,+/-10%,fixed,carried,0.1,0.1,15,0.0,0.0,0.1.0b1,042c345cfe16,1.1.0a5,1.2348506174899132e-09,2.2870556337633787e-10,165926.66509250345,165926.66509753102,3.0299953857784525e-11,False,0.05,2.898468569768072e-10,False,2.9030554591830056e-10
1,0.0,+/-20%,rolling,reset,0.2,0.2,15,0.0,0.0,0.1.0b1,042c345cfe16,1.1.0a5,0.49093640812008776,0.1651471403766497,169381.72935424963,151051.13948154767,-0.10822058519880184,True,0.05,0.1513291518282822,True,0.17049933132065637
1,0.0,+/-20%,rolling,carried,0.2,0.2,15,0.0,0.0,0.1.0b1,042c345cfe16,1.1.0a5,0.3674311388388554,0.107307333283055,169381.72935424963,157517.18002984437,-0.07004621672973604,True,0.05,0.07891193871024628,True,0.08056460168022384
1,0.0,+/-20%,fixed,reset,0.2,0.2,15,0.0,0.0,0.1.0b1,042c345cfe16,1.1.0a5,0.308079774447236,0.04257479707180345,169381.72935424963,168522.04125821526,-0.005075447625383457,False,0.05,0.059775555305467264,True,0.07606835516946579
1,0.0,+/-20%,fixed,carried,0.2,0.2,15,0.0,0.0,0.1.0b1,042c345cfe16,1.1.0a5,6.442527063579518e-06,9.515152369313644e-07,169381.72935424963,169381.7311168791,1.0406254938100105e-08,False,0.05,1.3450686671087287e-06,False,1.2752908174727462e-06
1,0.02,NHF,rolling,reset,,,15,0.0,0.0,0.1.0b1,042c345cfe16,1.1.0a5,0.0,0.0,178441.99,178441.99,0.0,False,0.05,0.0,False,0.0
1,0.02,NHF,rolling,carried,,,15,0.0,0.0,0.1.0b1,042c345cfe16,1.1.0a5,0.0,0.0,178441.99,178441.99,0.0,False,0.05,0.0,False,0.0
1,0.02,NHF,fixed,reset,,,15,0.0,0.0,0.1.0b1,042c345cfe16,1.1.0a5,0.0,0.0,178441.99,178441.99,0.0,False,0.05,0.0,False,0.0
1,0.02,NHF,fixed,carried,,,15,0.0,0.0,0.1.0b1,042c345cfe16,1.1.0a5,0.0,0.0,178441.99,178441.99,0.0,False,0.05,0.0,False,0.0
1,0.02,NDY,rolling,reset,0.0,,15,0.0,0.0,0.1.0b1,042c345cfe16,1.1.0a5,0.14337671646948383,0.09251035324919246,166868.22764964664,151431.1889637112,-0.09251035324919221,True,0.05,0.08173885770378539,True,0.0817388577037854
1,0.02,NDY,rolling,carried,0.0,,15,0.5,0.0,0.1.0b1,042c345cfe16,1.1.0a5,0.04010114167659581,0.018747302338085765,166868.22764964664,163739.8985352782,-0.01874730233808576,False,0.05,0.012751341498185853,False,0.012751341498185853
1,0.02,NDY,fixed,reset,0.0,,15,0.0,0.0,0.1.0b1,042c345cfe16,1.1.0a5,0.22150995664739873,0.07819221755500369,166868.22764964664,159449.985325314,-0.04445569074963659,True,0.05,0.06798090527894492,True,0.0679809052789449
1,0.02,NDY,fixed,carried,0.0,,15,0.0,0.14285714285714285,0.1.0b1,042c345cfe16,1.1.0a5,1.0999759561761555e-05,2.045583163867217e-06,166868.22764964664,166868.1017648142,-7.543966530302667e-07,False,0.05,2.575143115066181e-06,False,2.575145371845721e-06
1,0.02,-10%,rolling,reset,0.1,,15,0.0,0.0,0.1.0b1,042c345cfe16,1.1.0a5,0.3362351444468289,0.10258443607109186,173950.1381848092,161409.15599589256,-0.07209527005717453,True,0.05,0.07485475848682957,True,0.07670937258601529
1,0.02,-10%,rolling,carried,0.1,,15,0.0,0.0,0.1.0b1,042c345cfe16,1.1.0a5,0.3386846942422278,0.047106623543442416,173950.1381848092,169684.09297984262,-0.024524528979874866,False,0.05,1.6003071001031554e-06,False,1.6004943843477423e-06
1,0.02,-10%,fixed,reset,0.1,,15,0.0,0.0,0.1.0b1,042c345cfe16,1.1.0a5,0.19520368899417853,0.08010289997176494,173950.1381848092,165837.29053163543,-0.04663892617638786,True,0.05,0.07437702094102122,True,0.07516101888124141
1,0.02,-10%,fixed,carried,0.1,,15,0.0,0.07142857142857142,0.1.0b1,042c345cfe16,1.1.0a5,5.161844246010008e-06,1.919171739978605e-06,173950.1381848092,173950.03467191596,-5.950722105566299e-07,False,0.05,2.2849297886090218e-06,False,2.1731742904928532e-06
1,0.02,-20%,rolling,reset,0.2,,15,0.0,0.0,0.1.0b1,042c345cfe16,1.1.0a5,0.5299258579396,0.16792207123514044,180118.95212353749,164914.97816529538,-0.08441073956400885,True,0.05,0.08443320121005718,True,0.07770650657864137
1,0.02,-20%,rolling,carried,0.2,,15,0.0,0.0,0.1.0b1,042c345cfe16,1.1.0a5,0.5141243161816614,0.10974529736131249,180118.95212353749,172947.74001898488,-0.039813756520380536,True,0.05,1.329572456872246e-06,False,1.0894712767293867e-06
1,0.02,-20%,fixed,reset,0.2,,15,0.0,0.0,0.1.0b1,042c345cfe16,1.1.0a5,0.17344173546609418,0.06534023574874276,180118.95212353749,171737.307789336,-0.04653393901854821,True,0.05,0.08405721496680961,True,0.07860662541676493
1,0.02,-20%,fixed,carried,0.2,,15,0.0,0.0,0.1.0b1,042c345cfe16,1.1.0a5,4.061723420975226e-06,1.0590829877706646e-06,180118.95212353749,180118.9661088236,7.764472284926088e-08,False,0.05,1.1881421373451902e-06,False,9.886810203094111e-07
1,0.02,+/-10%,rolling,reset,0.1,0.1,15,0.0,0.0,0.1.0b1,042c345cfe16,1.1.0a5,0.2353976796691784,0.09259822270587496,171745.12620734112,160678.5821337926,-0.06443585514146302,True,0.05,0.08904713926157398,True,0.09027777348717933
1,0.02,+/-10%,rolling,carried,0.1,0.1,15,0.0,0.0,0.1.0b1,042c345cfe16,1.1.0a5,0.2238980387846716,0.05793875454152301,171745.12620734112,168089.464136442,-0.021285390459847973,True,0.05,0.02757344919282074,False,0.026207136061177725
1,0.02,+/-10%,fixed,reset,0.1,0.1,15,0.0,0.0,0.1.0b1,042c345cfe16,1.1.0a5,0.17841761559220146,0.07651904389685091,171745.12620734112,163047.68824008538,-0.050641541680522956,True,0.05,0.08016901206978505,True,0.08211669438909268
1,0.02,+/-10%,fixed,carried,0.1,0.1,15,0.0,0.0,0.1.0b1,042c345cfe16,1.1.0a5,3.937292856578668e-06,1.0125998540213507e-06,171745.12620734112,171745.00985273908,-6.77484156955472e-07,False,0.05,1.1724001772948578e-06,False,1.1159975995037774e-06
1,0.02,+/-20%,rolling,reset,0.2,0.2,15,0.0,0.0,0.1.0b1,042c345cfe16,1.1.0a5,0.29569097625718316,0.10698064786559416,174970.0658112976,163239.7292449259,-0.06704196236070847,True,0.05,0.0949655329324195,True,0.08992454200593743
1,0.02,+/-20%,rolling,carried,0.2,0.2,15,0.0,0.0,0.1.0b1,042c345cfe16,1.1.0a5,0.1758286768590659,0.08195141230725018,174970.0658112976,171106.24505411382,-0.022082753065606312,True,0.05,0.06453419347397207,True,0.06427759816270055
1,0.02,+/-20%,fixed,reset,0.2,0.2,15,0.0,0.0,0.1.0b1,042c345cfe16,1.1.0a5,0.3719193179325927,0.05496444438349477,174970.0658112976,169496.09322863672,-0.03128519474047903,True,0.05,0.06685985840051155,True,0.0623743184606378
1,0.02,+/-20%,fixed,carried,0.2,0.2,15,0.0,0.0,0.1.0b1,042c345cfe16,1.1.0a5,2.9242085593290394e-06,8.799358073297135e-07,174970.0658112976,174969.99836711466,-3.8546126515786036e-07,False,0.05,8.50922155168884e-07,False,7.260330296281985e-07
1,0.04,NHF,rolling,reset,,,15,0.0,0.0,0.1.0b1,042c345cfe16,1.1.0a5,0.0,0.0,178441.99,178441.99,0.0,False,0.05,0.0,False,0.0
1,0.04,NHF,rolling,carried,,,15,0.0,0.0,0.1.0b1,042c345cfe16,1.1.0a5,0.0,0.0,178441.99,178441.99,0.0,False,0.05,0.0,False,0.0
1,0.04,NHF,fixed,reset,,,15,0.0,0.0,0.1.0b1,042c345cfe16,1.1.0a5,0.0,0.0,178441.99,178441.99,0.0,False,0.05,0.0,False,0.0
1,0.04,NHF,fixed,carried,,,15,0.0,0.0,0.1.0b1,042c345cfe16,1.1.0a5,0.0,0.0,178441.99,178441.99,0.0,False,0.05,0.0,False,0.0
1,0.04,NDY,rolling,reset,0.0,,15,0.0,0.0,0.1.0b1,042c345cfe16,1.1.0a5,0.19009074658348604,0.08501567525115067,166167.89899377304,152041.02285575235,-0.0850156752511511,True,0.05,0.06811426166083463,True,0.06811426166083465
1,0.04,NDY,rolling,carried,0.0,,15,0.35714285714285715,0.0,0.1.0b1,042c345cfe16,1.1.0a5,0.035256306369850075,0.013377073326679612,166167.89899377304,163945.058824393,-0.013377073326679896,False,0.05,0.006637318014565514,False,0.006637318014565518
1,0.04,NDY,fixed,reset,0.0,,15,0.0,0.0,0.1.0b1,042c345cfe16,1.1.0a5,0.22103950412292023,0.08475201388352711,166167.89899377304,157676.9569159934,-0.051098570356828285,True,0.05,0.05177929561269408,True,0.05177929561269409
1,0.04,NDY,fixed,carried,0.0,,15,0.0,0.0,0.1.0b1,042c345cfe16,1.1.0a5,6.577063262206159e-06,3.374335906719482e-06,166167.89899377304,166167.33828746487,-3.374335907025989e-06,False,0.05,2.93070646204903e-06,False,2.93070646204903e-06
1,0.04,-10%,rolling,reset,0.1,,15,0.0,0.0,0.1.0b1,042c345cfe16,1.1.0a5,0.3842089525510024,0.10586897841778528,174218.55812836086,160411.32487764454,-0.0792523678249215,True,0.05,0.09170670648534554,True,0.08418851370514854
1,0.04,-10%,rolling,carried,0.1,,15,0.0,0.0,0.1.0b1,042c345cfe16,1.1.0a5,0.3466539667862208,0.0707349383033659,174218.55812836086,168136.32947152952,-0.03491148544777919,True,0.05,0.04316967172604318,False,0.04009000630819203
1,0.04,-10%,fixed,reset,0.1,,15,0.0,0.0,0.1.0b1,042c345cfe16,1.1.0a5,0.33652248220757514,0.07209514643537444,174218.55812836086,167071.3721198981,-0.04102425186642207,True,0.05,0.09085417362660451,True,0.08066006482607103
1,0.04,-10%,fixed,carried,0.1,,15,0.0,0.0,0.1.0b1,042c345cfe16,1.1.0a5,1.1110020316188818e-06,2.2883089940214083e-07,174218.55812836086,174218.55812485266,-2.013680324744945e-11,False,0.05,2.810967167355652e-07,False,2.49465239770204e-07
1,0.04,-20%,rolling,reset,0.2,,15,0.0,0.0,0.1.0b1,042c345cfe16,1.1.0a5,0.44537829081910835,0.1180666853620826,178586.80057659122,162582.78663266244,-0.08961476375777887,True,0.05,0.11045431883381143,True,0.08160738148591822
1,0.04,-20%,rolling,carried,0.2,,15,0.0,0.0,0.1.0b1,042c345cfe16,1.1.0a5,0.43698644963317085,0.029133233600090038,178586.80057659122,169740.27665286016,-0.04953626973084731,False,0.05,1.1478437152890908e-06,False,9.29730994637758e-07
1,0.04,-20%,fixed,reset,0.2,,15,0.0,0.0,0.1.0b1,042c345cfe16,1.1.0a5,0.44537829081910835,0.0889426929889772,178586.80057659122,171426.65313347845,-0.04009337431431261,True,0.05,0.11045431881750438,True,0.08160738146618013
1,0.04,-20%,fixed,carried,0.2,,15,0.0,0.0,0.1.0b1,042c345cfe16,1.1.0a5,4.000002322772016e-06,8.15007063592439e-07,178586.80057659122,178586.70189644015,-5.525612797524394e-07,False,0.05,1.1479663531284048e-06,False,9.298454160414454e-07
1,0.04,+/-10%,rolling,reset,0.1,0.1,15,0.0,0.0,0.1.0b1,042c345cfe16,1.1.0a5,0.1279560642421523,0.013717273084841376,167668.59962231698,168915.87169242764,0.007438912670113606,False,0.05,0.0034351245773024037,False,0.0031184202717774853
1,0.04,+/-10%,rolling,carried,0.1,0.1,15,0.0,0.0,0.1.0b1,042c345cfe16,1.1.0a5,0.035165752300635456,0.00757446381939445,167668.59962231698,167321.70931355274,-0.002068904431394008,False,0.05,0.0032945076787611882,False,0.0029854827984621066
1,0.04,+/-10%,fixed,reset,0.1,0.1,15,0.0,0.0,0.1.0b1,042c345cfe16,1.1.0a5,0.37340224326879806,0.03808726702657329,167668.59962231698,172950.11664230836,0.0314997383641797,False,0.05,0.0018777154834484252,False,0.001697983919115249
1,0.04,+/-10%,fixed,carried,0.1,0.1,15,0.0,0.0,0.1.0b1,042c345cfe16,1.1.0a5,2.230663937254781e-06,4.856276847742256e-07,167668.59962231698,167668.61979876886,1.203353038763451e-07,False,0.05,2.8230849582908526e-07,False,2.482053622873565e-07
1,0.04,+/-20%,rolling,reset,0.2,0.2,15,0.0,0.0,0.1.0b1,042c345cfe16,1.1.0a5,0.3333333331098673,0.10746704322054296,165469.6619067067,165842.92070813873,0.0022557536960611073,True,0.05,0.11516442020687974,True,0.1183143130520918
1,0.04,+/-20%,rolling,carried,0.2,0.2,15,0.0,0.0,0.1.0b1,042c345cfe16,1.1.0a5,0.021102458131673982,0.00295170546877334,165469.6619067067,165208.7962934633,-0.0015765162642954785,False,0.05,0.00010402826905126254,False,0.00011442372945992146
1,0.04,+/-20%,fixed,reset,0.2,0.2,15,0.0,0.0,0.1.0b1,042c345cfe16,1.1.0a5,0.559644517839797,0.15151825203650132,165469.6619067067,174063.65174045245,0.051936951672694694,True,0.05,0.11612669731948029,True,0.12011443957120395
1,0.04,+/-20%,fixed,carried,0.2,0.2,15,0.0,0.0,0.1.0b1,042c345cfe16,1.1.0a5,1.27756955139692e-05,3.2089486975696337e-06,165469.6619067067,165469.7402465645,4.734394021434254e-07,False,0.05,1.7370949192518468e-06,False,1.7038972188139262e-06
1,0.06,NHF,rolling,reset,,,15,0.0,0.0,0.1.0b1,042c345cfe16,1.1.0a5,0.0,0.0,178441.99,178441.99,0.0,False,0.05,0.0,False,0.0
1,0.06,NHF,rolling,carried,,,15,0.0,0.0,0.1.0b1,042c345cfe16,1.1.0a5,0.0,0.0,178441.99,178441.99,0.0,False,0.05,0.0,False,0.0
1,0.06,NHF,fixed,reset,,,15,0.0,0.0,0.1.0b1,042c345cfe16,1.1.0a5,0.0,0.0,178441.99,178441.99,0.0,False,0.05,0.0,False,0.0
1,0.06,NHF,fixed,carried,,,15,0.0,0.0,0.1.0b1,042c345cfe16,1.1.0a5,0.0,0.0,178441.99,178441.99,0.0,False,0.05,0.0,False,0.0
1,0.06,NDY,rolling,reset,0.0,,15,0.0,0.0,0.1.0b1,042c345cfe16,1.1.0a5,0.2983741815590147,0.0990076263648308,166167.89899377304,149716.00973636858,-0.099007626364831,True,0.05,0.06855502547552282,True,0.06855502547552283
1,0.06,NDY,rolling,carried,0.0,,15,0.35714285714285715,0.0,0.1.0b1,042c345cfe16,1.1.0a5,0.0352680809803298,0.01357314604765782,166167.89899377304,163912.47783229803,-0.013573146047658271,False,0.05,0.006831279627214188,False,0.00683127962721419
1,0.06,NDY,fixed,reset,0.0,,15,0.0,0.0,0.1.0b1,042c345cfe16,1.1.0a5,0.22648206844201185,0.08996141804925253,166167.89899377304,157377.4563537191,-0.05290096759533161,True,0.05,0.06515122997518268,True,0.06515122997518269
1,0.06,NDY,fixed,carried,0.0,,15,0.0,0.07142857142857142,0.1.0b1,042c345cfe16,1.1.0a5,8.99988655867762e-06,4.126169864257528e-06,166167.89899377304,166167.34629419935,-3.326151302592985e-06,False,0.05,3.3999714350126567e-06,False,3.399975035163191e-06
1,0.06,-10%,rolling,reset,0.1,,15,0.0,0.0,0.1.0b1,042c345cfe16,1.1.0a5,0.4625385767870439,0.1346919655541769,175796.2155416332,157543.46701530615,-0.10382901856043833,True,0.05,0.08047510161213191,True,0.07489827756532129
1,0.06,-10%,rolling,carried,0.1,,15,0.0,0.14285714285714285,0.1.0b1,042c345cfe16,1.1.0a5,0.4625385767870438,0.030836164108697908,175796.2155416332,165985.23362142226,-0.05580883462128589,False,0.05,2.151406348231141e-07,False,1.9907816643432085e-07
1,0.06,-10%,fixed,reset,0.1,,15,0.0,0.0,0.1.0b1,042c345cfe16,1.1.0a5,0.33652248172248844,0.1038560604834074,175796.2155416332,167354.44743175938,-0.04802019249313462,True,0.05,0.08047510165330331,True,0.07489827761303551
1,0.06,-10%,fixed,carried,0.1,,15,0.0,0.14285714285714285,0.1.0b1,042c345cfe16,1.1.0a5,1.1112664041155526e-06,2.588974544446312e-07,175796.2155416332,175796.21401528412,-8.682491110108958e-09,False,0.05,2.1506052506288422e-07,False,1.9901583144975558e-07
1,0.06,-20%,rolling,reset,0.2,,15,0.0,0.0,0.1.0b1,042c345cfe16,1.1.0a5,0.4460267950305876,0.11428314746898421,175177.4491550029,162285.59942161615,-0.07359308972457751,True,0.05,0.12591271425770004,True,0.09680646529574442
1,0.06,-20%,rolling,carried,0.2,,15,0.0,0.0,0.1.0b1,042c345cfe16,1.1.0a5,0.4407494924404026,0.029384082445214805,175177.4491550029,166755.49625049336,-0.04807669563139659,False,0.05,8.662826263079944e-07,False,6.733033553872436e-07
1,0.06,-20%,fixed,reset,0.2,,15,0.0,0.0,0.1.0b1,042c345cfe16,1.1.0a5,0.4460267950305876,0.0935491705096594,175177.4491550029,167729.03755549868,-0.04251923769545019,True,0.05,0.12367183652869844,True,0.09508780970646913
1,0.06,-20%,fixed,carried,0.2,,15,0.0,0.0,0.1.0b1,042c345cfe16,1.1.0a5,3.080792088873637e-06,7.829610875296676e-07,175177.4491550029,175177.44850323113,-3.7206373240400247e-09,False,0.05,8.662826262838254e-07,False,6.733033553635982e-07
1,0.06,+/-10%,rolling,reset,0.1,0.1,15,0.0,0.0,0.1.0b1,042c345cfe16,1.1.0a5,0.2406370993013261,0.07378002945554013,162441.0014386279,163611.70512536727,0.007206946992269571,True,0.05,0.06972065893288201,True,0.06620660656945296
1,0.06,+/-10%,rolling,carried,0.1,0.1,15,0.0,0.07142857142857142,0.1.0b1,042c345cfe16,1.1.0a5,1.112633854795191e-06,3.3999349551857833e-07,162441.0014386279,162441.00947964922,4.950118046291179e-08,False,0.05,4.0988542346248337e-07,False,3.7422438360083275e-07
1,0.06,+/-10%,fixed,reset,0.1,0.1,15,0.0,0.0,0.1.0b1,042c345cfe16,1.1.0a5,0.5911796608120435,0.099112149685381,162441.0014386279,173446.13075208594,0.06774847000445214,True,0.05,0.06972065894782596,True,0.06620660658587721
1,0.06,+/-10%,fixed,carried,0.1,0.1,15,0.0,0.07142857142857142,0.1.0b1,042c345cfe16,1.1.0a5,1.1112664024882727e-06,3.398916990741688e-07,162441.0014386279,162441.00947207597,4.945455890077398e-08,False,0.05,4.0974867831015503e-07,False,3.7410429013555703e-07
1,0.06,+/-20%,rolling,reset,0.2,0.2,15,0.0,0.0,0.1.0b1,042c345cfe16,1.1.0a5,0.4685987347281146,0.10165518320160148,160757.8763937443,165548.07474546644,0.029797596604159655,True,0.05,0.04900165438477342,False,0.054296414105652065
1,0.06,+/-20%,rolling,carried,0.2,0.2,15,0.0,0.0,0.1.0b1,042c345cfe16,1.1.0a5,4.4869926651784905e-06,1.6707644666705384e-06,160757.8763937443,160757.89817447675,1.354878090874578e-07,False,0.05,1.2076862140806865e-06,False,1.0295315197771148e-06
1,0.06,+/-20%,fixed,reset,0.2,0.2,15,0.0,0.0,0.1.0b1,042c345cfe16,1.1.0a5,0.7047770748489526,0.11048446007519995,160757.8763937443,174926.54142155463,0.08813667700552995,True,0.05,0.04900165438477451,False,0.05429641410565285
1,0.06,+/-20%,fixed,carried,0.2,0.2,15,0.0,0.0,0.1.0b1,042c345cfe16,1.1.0a5,4.063929361638782e-06,1.1051707838667369e-06,160757.8763937443,160757.87522720447,-7.256501801635433e-09,False,0.05,1.2076862140493192e-06,False,1.0295315197447772e-06
2,0.0,NHF,rolling,reset,,,15,0.0,0.0,0.1.0b1,042c345cfe16,1.1.0a5,1.0,0.4183836187001611,223052.4875,184752.4875,-0.1717084639103162,True,0.05,0.5548654138119883,True,1.348383850634136
2,0.0,NHF,rolling,carried,,,15,0.0,0.0,0.1.0b1,042c345cfe16,1.1.0a5,1.0,0.4183836187001611,223052.4875,184752.4875,-0.1717084639103162,True,0.05,0.5548654138119883,True,1.348383850634136
2,0.0,NHF,fixed,reset,,,15,0.0,0.0,0.1.0b1,042c345cfe16,1.1.0a5,0.0,0.0,223052.4875,223052.4875,0.0,False,0.05,0.0,False,0.0
2,0.0,NHF,fixed,carried,,,15,0.0,0.0,0.1.0b1,042c345cfe16,1.1.0a5,0.0,0.0,223052.4875,223052.4875,0.0,False,0.05,0.0,False,0.0
2,0.0,NDY,rolling,reset,0.0,,15,0.0,0.0,0.1.0b1,042c345cfe16,1.1.0a5,0.5241910548555571,0.13303294085866918,197292.43773700637,167136.09371719498,-0.15285098793300042,True,0.05,0.10348892556790143,True,0.10348955016012713
2,0.0,NDY,rolling,carried,0.0,,15,0.7142857142857143,0.07142857142857142,0.1.0b1,042c345cfe16,1.1.0a5,0.47746901918581763,0.05866995095845226,197292.43773700637,181588.98219707934,-0.07959481731813746,True,0.05,0.025315583120632756,False,0.025316831805346635
2,0.0,NDY,fixed,reset,0.0,,15,0.0,0.0,0.1.0b1,042c345cfe16,1.1.0a5,1.0,0.4224282264300014,197292.43773700637,198215.50750723568,0.0046786880471302,True,0.05,0.3267819392879227,True,0.3267819392879229
2,0.0,NDY,fixed,carried,0.0,,15,0.0,0.0,0.1.0b1,042c345cfe16,1.1.0a5,3.7137332581208254e-05,6.854304563478333e-06,197292.43773700637,197292.4588487476,1.0700735146072981e-07,False,0.05,4.766788009555909e-06,False,4.766788009555912e-06
2,0.0,-10%,rolling,reset,0.1,,15,0.0,0.0,0.1.0b1,042c345cfe16,1.1.0a5,0.7380250023702104,0.28938328716587236,212789.8062993323,185620.90138646608,-0.12767954154085562,True,0.05,0.23712704476886087,True,0.2615745030448579
2,0.0,-10%,rolling,carried,0.1,,15,0.0,0.0,0.1.0b1,042c345cfe16,1.1.0a5,0.7441163416707618,0.17155958151147135,212789.8062993323,189612.13428278491,-0.10892284935840985,True,0.05,0.0645424059057554,True,0.05700132157576655
2,0.0,-10%,fixed,reset,0.1,,15,0.0,0.0,0.1.0b1,042c345cfe16,1.1.0a5,1.0,0.2949593396849614,212789.8062993323,212587.72273386526,-0.0009496863077301997,True,0.05,0.2795134366885915,True,0.23721065762668883
2,0.0,-10%,fixed,carried,0.1,,15,0.0,0.0,0.1.0b1,042c345cfe16,1.1.0a5,1.0925936411130624e-06,3.0167398764346683e-07,212789.8062993323,212789.80461550757,-7.913089231266793e-09,False,0.05,3.051850108033451e-07,False,3.4888079564762457e-07
2,0.0,-20%,rolling,reset,0.2,,15,0.0,0.0,0.1.0b1,042c345cfe16,1.1.0a5,1.0,0.3513289857631144,217940.9236605766,186408.9512709679,-0.1446812827072208,True,0.05,0.24591908597847315,True,0.2929326612185389
2,0.0,-20%,rolling,carried,0.2,,15,0.0,0.0,0.1.0b1,042c345cfe16,1.1.0a5,0.7322261981263714,0.24810251858224633,217940.9236605766,195805.3094463846,-0.10156703863780181,True,0.05,0.13666568675546836,True,0.1581446270937293
2,0.0,-20%,fixed,reset,0.2,,15,0.0,0.0,0.1.0b1,042c345cfe16,1.1.0a5,1.0,0.3492764422839413,217940.9236605766,215762.85389917286,-0.009993853952807398,True,0.05,0.41457419427615055,True,0.3985371070303865
2,0.0,-20%,fixed,carried,0.2,,15,0.0,0.0,0.1.0b1,042c345cfe16,1.1.0a5,1.1557404479453592e-06,5.060948739211018e-07,217940.9236605766,217940.92160648425,-9.424996110714527e-09,False,0.05,5.509366170581194e-07,False,5.290082194795207e-07
2,0.0,+/-10%,rolling,reset,0.1,0.1,15,0.0,0.0,0.1.0b1,042c345cfe16,1.1.0a5,0.3501038412056205,0.11664216075259108,207408.3313656294,187160.7272504578,-0.09762194209777494,True,0.05,0.10675253111387617,True,0.10798676319204425
2,0.0,+/-10%,rolling,carried,0.1,0.1,15,0.0,0.0,0.1.0b1,042c345cfe16,1.1.0a5,0.25513746280895877,0.08755045543294679,207408.3313656294,189713.01187997303,-0.08531633888159586,True,0.05,0.06277014827060023,True,0.05737637995396323
2,0.0,+/-10%,fixed,reset,0.1,0.1,15,0.0,0.0,0.1.0b1,042c345cfe16,1.1.0a5,7.397279031820988e-10,2.2761224514677066e-10,207408.3313656294,207408.33137516383,4.596943574387396e-11,False,0.05,3.0147816445484866e-10,False,3.010071671178045e-10
2,0.0,+/-10%,fixed,carried,0.1,0.1,15,0.0,0.0,0.1.0b1,042c345cfe16,1.1.0a5,7.397271299202798e-10,1.871813977618076e-10,207408.3313656294,207408.33136839818,1.3349477777825614e-11,False,0.05,2.488405124749151e-10,False,2.5367171501771025e-10
2,0.0,+/-20%,rolling,reset,0.2,0.2,15,0.0,0.0,0.1.0b1,042c345cfe16,1.1.0a5,0.3905360487963211,0.16369837505770188,211727.16169281202,188082.08980463992,-0.11167708337052171,True,0.05,0.1623011622562016,True,0.18527527646978736
2,0.0,+/-20%,rolling,carried,0.2,0.2,15,0.0,0.0,0.1.0b1,042c345cfe16,1.1.0a5,0.36743113930300764,0.10730733310425136,211727.16169281202,196896.47502212707,-0.07004621680142442,True,0.05,0.0789119384302062,True,0.08056460139755735
2,0.0,+/-20%,fixed,reset,0.2,0.2,15,0.0,0.0,0.1.0b1,042c345cfe16,1.1.0a5,0.3080797743061292,0.04257479696895905,211727.16169281202,210652.5515909761,-0.0050754475393905065,False,0.05,0.05977555517216147,True,0.07606835501285734
2,0.0,+/-20%,fixed,carried,0.2,0.2,15,0.0,0.0,0.1.0b1,042c345cfe16,1.1.0a5,6.441718273416786e-06,9.879414093078049e-07,211727.16169281202,211727.15359287045,-3.8256506633947805e-08,False,0.05,1.345401633143968e-06,False,1.2755684671482439e-06
2,0.02,NHF,rolling,reset,,,15,0.0,0.0,0.1.0b1,042c345cfe16,1.1.0a5,0.0,0.0,223052.4875,223052.4875,0.0,False,0.05,0.0,False,0.0
2,0.02,NHF,rolling,carried,,,15,0.0,0.0,0.1.0b1,042c345cfe16,1.1.0a5,0.0,0.0,223052.4875,223052.4875,0.0,False,0.05,0.0,False,0.0
2,0.02,NHF,fixed,reset,,,15,0.0,0.0,0.1.0b1,042c345cfe16,1.1.0a5,0.0,0.0,223052.4875,223052.4875,0.0,False,0.05,0.0,False,0.0
2,0.02,NHF,fixed,carried,,,15,0.0,0.0,0.1.0b1,042c345cfe16,1.1.0a5,0.0,0.0,223052.4875,223052.4875,0.0,False,0.05,0.0,False,0.0
2,0.02,NDY,rolling,reset,0.0,,15,0.0,0.0,0.1.0b1,042c345cfe16,1.1.0a5,0.09513457683232729,0.06341616630920231,195463.71282447054,183068.1535045797,-0.06341616630920255,True,0.05,0.05890590304241085,True,0.05890590304241084
2,0.02,NDY,rolling,carried,0.0,,15,1.0,0.0,0.1.0b1,042c345cfe16,1.1.0a5,0.08609182329620213,0.06010460010240159,195463.71282447054,183715.44453062507,-0.060104600102401595,True,0.05,0.056670155373015084,True,0.05667015537301508
2,0.02,NDY,fixed,reset,0.0,,15,0.0,0.0,0.1.0b1,042c345cfe16,1.1.0a5,3.700212862584491e-09,9.551587181503101e-10,195463.71282447054,195463.71280762946,-8.615960870478701e-11,False,0.05,7.740735036925987e-10,False,7.740735045579349e-10
2,0.02,NDY,fixed,carried,0.0,,15,0.0,0.0,0.1.0b1,042c345cfe16,1.1.0a5,3.700212862584491e-09,9.551587181503101e-10,195463.71282447054,195463.71280762946,-8.615960870478701e-11,False,0.05,7.740735036925987e-10,False,7.740735045579349e-10
2,0.02,-10%,rolling,reset,0.1,,15,0.0,0.0,0.1.0b1,042c345cfe16,1.1.0a5,0.24713904385304222,0.022812358787020044,205493.9417508648,201433.68100714797,-0.01975854231576018,False,0.05,0.0011390450789357093,False,0.0010204134131638165
2,0.02,-10%,rolling,carried,0.1,,15,0.0,0.0,0.1.0b1,042c345cfe16,1.1.0a5,0.24713904385304153,0.022812358787019992,205493.9417508648,201433.681007148,-0.019758542315760037,False,0.05,0.0011390450789357093,False,0.0010204134131638165
2,0.02,-10%,fixed,reset,0.1,,15,0.0,0.0,0.1.0b1,042c345cfe16,1.1.0a5,5.272001429084929e-10,1.5172313245917772e-10,205493.9417508648,205493.94175512588,2.073585129013882e-11,False,0.05,1.8076755617226964e-10,False,1.6473950601707694e-10
2,0.02,-10%,fixed,carried,0.1,,15,0.0,0.0,0.1.0b1,042c345cfe16,1.1.0a5,5.272001429084929e-10,1.5172313245917772e-10,205493.9417508648,205493.94175512588,2.073585129013882e-11,False,0.05,1.8076755617226964e-10,False,1.6473950601707694e-10
2,0.02,-20%,rolling,reset,0.2,,15,0.0,0.0,0.1.0b1,042c345cfe16,1.1.0a5,0.36296234348365913,0.06080353082272231,212269.52600257256,205742.33921114073,-0.030749523562570744,True,0.05,5.039766153398123e-10,False,3.6615992870715367e-10
2,0.02,-20%,rolling,carried,0.2,,15,0.0,0.0,0.1.0b1,042c345cfe16,1.1.0a5,0.3630191647005864,0.060816722815280576,212269.52600257256,205743.62797243393,-0.030743452218664414,True,0.05,5.03976629766446e-10,False,3.6615994282373136e-10
2,0.02,-20%,fixed,reset,0.2,,15,0.0,0.0,0.1.0b1,042c345cfe16,1.1.0a5,2.46125222483154e-09,5.607558799403222e-10,212269.52600257256,212269.52600284282,1.2731840255673527e-12,False,0.05,5.513634778418548e-10,False,3.9321049605585016e-10
2,0.02,-20%,fixed,carried,0.2,,15,0.0,0.0,0.1.0b1,042c345cfe16,1.1.0a5,2.46125222483154e-09,5.607558799403222e-10,212269.52600257256,212269.52600284282,1.2731840255673527e-12,False,0.05,5.513634778418548e-10,False,3.9321049605585016e-10
2,0.02,+/-10%,rolling,reset,0.1,0.1,15,0.0,0.0,0.1.0b1,042c345cfe16,1.1.0a5,0.23794059936521356,0.0507559112691274,204012.26252511112,199012.04535775798,-0.02450939519744644,True,0.05,0.02755883592182783,False,0.026621064166424863
2,0.02,+/-10%,rolling,carried,0.1,0.1,15,0.0,0.0,0.1.0b1,042c345cfe16,1.1.0a5,0.2600201867810506,0.0488715567329699,204012.26252511112,199394.54781004673,-0.022634495877403495,False,0.05,0.027830373238101336,False,0.026621064149803572
2,0.02,+/-10%,fixed,reset,0.1,0.1,15,0.0,0.0,0.1.0b1,042c345cfe16,1.1.0a5,8.943463721660526e-10,2.567038103403469e-10,204012.26252511112,204012.2625413636,7.966423657393535e-11,False,0.05,2.6723659332481546e-10,False,2.6216892698595865e-10
2,0.02,+/-10%,fixed,carried,0.1,0.1,15,0.0,0.0,0.1.0b1,042c345cfe16,1.1.0a5,8.943463721660526e-10,2.5670386335625983e-10,204012.26252511112,204012.2625413636,7.966423657393535e-11,False,0.05,2.6723667284868487e-10,False,2.6216902220471867e-10
2,0.02,+/-20%,rolling,reset,0.2,0.2,15,0.0,0.0,0.1.0b1,042c345cfe16,1.1.0a5,0.21274076474987857,0.037061798303676854,204157.09996455003,202647.7687101743,-0.007392989294214119,False,0.05,0.005384925870453618,False,0.00530986999005115
2,0.02,+/-20%,rolling,carried,0.2,0.2,15,0.0,0.0,0.1.0b1,042c345cfe16,1.1.0a5,0.07625060580705549,0.02135328640515955,204157.09996455003,202654.31170459243,-0.007360940472893385,False,0.05,0.014819851600355562,False,0.014660189601418785
2,0.02,+/-20%,fixed,reset,0.2,0.2,15,0.0,0.0,0.1.0b1,042c345cfe16,1.1.0a5,6.496346066313742e-10,2.3421951682680083e-10,204157.09996455003,204157.09996810148,1.7395687535532785e-11,False,0.05,1.9595220027771303e-10,False,1.896694031477454e-10
2,0.02,+/-20%,fixed,carried,0.2,0.2,15,0.0,0.0,0.1.0b1,042c345cfe16,1.1.0a5,6.496346066313742e-10,2.3421952129461596e-10,204157.09996455003,204157.09996810148,1.7395687535532785e-11,False,0.05,1.9595220697943574e-10,False,1.896694031477454e-10
2,0.04,NHF,rolling,reset,,,15,0.0,0.0,0.1.0b1,042c345cfe16,1.1.0a5,0.0,0.0,223052.4875,223052.4875,0.0,False,0.05,0.0,False,0.0
2,0.04,NHF,rolling,carried,,,15,0.0,0.0,0.1.0b1,042c345cfe16,1.1.0a5,0.0,0.0,223052.4875,223052.4875,0.0,False,0.05,0.0,False,0.0
2,0.04,NHF,fixed,reset,,,15,0.0,0.0,0.1.0b1,042c345cfe16,1.1.0a5,0.0,0.0,223052.4875,223052.4875,0.0,False,0.05,0.0,False,0.0
2,0.04,NHF,fixed,carried,,,15,0.0,0.0,0.1.0b1,042c345cfe16,1.1.0a5,0.0,0.0,223052.4875,223052.4875,0.0,False,0.05,0.0,False,0.0
2,0.04,NDY,rolling,reset,0.0,,15,0.0,0.0,0.1.0b1,042c345cfe16,1.1.0a5,0.08846548820696389,0.05739777884657706,193158.73296626867,182071.8507291858,-0.05739777884657679,True,0.05,0.052255130951251484,True,0.052255130951251484
2,0.04,NDY,rolling,carried,0.0,,15,0.8571428571428571,0.07142857142857142,0.1.0b1,042c345cfe16,1.1.0a5,0.08139501876378194,0.051049874546794424,193158.73296626867,183298.00388072294,-0.05104987454679414,True,0.05,0.045698000368626465,False,0.045698000368626465
2,0.04,NDY,fixed,reset,0.0,,15,0.0,0.0,0.1.0b1,042c345cfe16,1.1.0a5,0.0012972534831299234,0.0012107694989236294,193158.73296626867,192924.86226394243,-0.0012107694989233566,False,0.05,0.001297253069452109,False,0.001297253069452109
2,0.04,NDY,fixed,carried,0.0,,15,0.0,0.14285714285714285,0.1.0b1,042c345cfe16,1.1.0a5,5.819914152173454e-06,2.4491424226855185e-06,193158.73296626867,193158.2598930215,-2.449142422478343e-06,False,0.05,2.3687952588799495e-06,False,2.3687952588799495e-06
2,0.04,-10%,rolling,reset,0.1,,15,0.0,0.0,0.1.0b1,042c345cfe16,1.1.0a5,0.322786991968127,0.021519133207392144,205463.8504147475,199943.09675173703,-0.026869707989343697,False,0.05,4.2935907337906056e-10,False,3.724340925753451e-10
2,0.04,-10%,rolling,carried,0.1,,15,0.0,0.0,0.1.0b1,042c345cfe16,1.1.0a5,0.322786991968127,0.021519133207392144,205463.8504147475,199943.09675173703,-0.026869707989343697,False,0.05,4.2935907337906056e-10,False,3.724340925753451e-10
2,0.04,-10%,fixed,reset,0.1,,15,0.0,0.0,0.1.0b1,042c345cfe16,1.1.0a5,1.6168014330989643e-09,4.5801264988367454e-10,205463.8504147475,205463.85039833275,-7.989110964019175e-11,False,0.05,4.304788947507355e-10,False,3.838505904320759e-10
2,0.04,-10%,fixed,carried,0.1,,15,0.0,0.0,0.1.0b1,042c345cfe16,1.1.0a5,1.6168014330989643e-09,4.5801264988367454e-10,205463.8504147475,205463.85039833275,-7.989110964019175e-11,False,0.05,4.304788947507355e-10,False,3.838505904320759e-10
2,0.04,-20%,rolling,reset,0.2,,15,0.0,0.0,0.1.0b1,042c345cfe16,1.1.0a5,0.4121326784121413,0.0297165169632975,210345.32179224855,201725.13894448354,-0.040981100859846534,False,0.05,0.0021433222782143383,False,0.0018794930910541788
2,0.04,-20%,rolling,carried,0.2,,15,0.0,0.0,0.1.0b1,042c345cfe16,1.1.0a5,0.41213267841214113,0.029716516963297527,210345.32179224855,201725.13894448357,-0.040981100859846395,False,0.05,0.0021433222782143995,False,0.0018794930910542484
2,0.04,-20%,fixed,reset,0.2,,15,0.0,0.0,0.1.0b1,042c345cfe16,1.1.0a5,5.195899253011333e-10,1.9344176364557155e-10,210345.32179224855,210345.32178956218,-1.2771241308143448e-11,False,0.05,2.2112795917203719e-10,False,2.0531832344137036e-10
2,0.04,-20%,fixed,carried,0.2,,15,0.0,0.0,0.1.0b1,042c345cfe16,1.1.0a5,5.195899253011333e-10,1.9344176364557155e-10,210345.32179224855,210345.32178956218,-1.2771241308143448e-11,False,0.05,2.2112795917203719e-10,False,2.0531832344137036e-10
2,0.04,+/-10%,rolling,reset,0.1,0.1,15,0.0,0.0,0.1.0b1,042c345cfe16,1.1.0a5,0.17443353953989696,0.024777853853479075,199731.52781302074,198615.28746634148,-0.005588703791042103,False,0.05,0.012145478317487654,False,0.011211380112080461
2,0.04,+/-10%,rolling,carried,0.1,0.1,15,0.0,0.0,0.1.0b1,042c345cfe16,1.1.0a5,0.17443353953989696,0.032547394510694716,199731.52781302074,197102.03661017926,-0.013165128368231829,False,0.05,0.01214547831748761,False,0.011211380112080421
2,0.04,+/-10%,fixed,reset,0.1,0.1,15,0.0,0.0,0.1.0b1,042c345cfe16,1.1.0a5,0.3096217634103559,0.029635635602645653,199731.52781302074,205473.26508161618,0.0287472755626772,False,0.05,2.48388502947234e-10,False,2.2486959030575783e-10
2,0.04,+/-10%,fixed,carried,0.1,0.1,15,0.0,0.0,0.1.0b1,042c345cfe16,1.1.0a5,1.1207844543436005e-06,1.4970937724702022e-07,199731.52781302074,199731.52496486803,-1.4259905497684576e-08,False,0.05,2.48388411323055e-10,False,2.2486948080967334e-10
2,0.04,+/-20%,rolling,reset,0.2,0.2,15,0.0,0.0,0.1.0b1,042c345cfe16,1.1.0a5,0.2985652466853757,0.06991140542052289,196184.16289740714,197957.56640144362,0.009039483502875152,True,0.05,0.0505630675034023,True,0.060392959083747505
2,0.04,+/-20%,rolling,carried,0.2,0.2,15,0.0,0.0,0.1.0b1,042c345cfe16,1.1.0a5,0.005179249016542902,0.0017268162410625514,196184.16289740714,195907.93264987276,-0.0014080150173937701,False,0.05,0.0005185249342345441,False,0.0005824932539308648
2,0.04,+/-20%,fixed,reset,0.2,0.2,15,0.0,0.0,0.1.0b1,042c345cfe16,1.1.0a5,0.5002685005904797,0.11033396329053066,196184.16289740714,204613.98987079592,0.042968947385406915,True,0.05,0.04863681432387898,False,0.058093689502934705
2,0.04,+/-20%,fixed,carried,0.2,0.2,15,0.0,0.0,0.1.0b1,042c345cfe16,1.1.0a5,5.562781934121486e-06,1.6044672884067196e-06,196184.16289740714,196184.19639405407,1.7074083067379814e-07,False,0.05,8.506278661259193e-07,False,9.551680001492637e-07
2,0.06,NHF,rolling,reset,,,15,0.0,0.0,0.1.0b1,042c345cfe16,1.1.0a5,0.0,0.0,223052.4875,223052.4875,0.0,False,0.05,0.0,False,0.0
2,0.06,NHF,rolling,carried,,,15,0.0,0.0,0.1.0b1,042c345cfe16,1.1.0a5,0.0,0.0,223052.4875,223052.4875,0.0,False,0.05,0.0,False,0.0
2,0.06,NHF,fixed,reset,,,15,0.0,0.0,0.1.0b1,042c345cfe16,1.1.0a5,0.0,0.0,223052.4875,223052.4875,0.0,False,0.05,0.0,False,0.0
2,0.06,NHF,fixed,carried,,,15,0.0,0.0,0.1.0b1,042c345cfe16,1.1.0a5,0.0,0.0,223052.4875,223052.4875,0.0,False,0.05,0.0,False,0.0
2,0.06,NDY,rolling,reset,0.0,,15,0.0,0.0,0.1.0b1,042c345cfe16,1.1.0a5,0.09541203341656475,0.058647329739763866,192771.06596977598,181465.5576995608,-0.05864732973976366,True,0.05,0.05200248959461264,True,0.05200248959461264
2,0.06,NDY,rolling,carried,0.0,,15,0.8571428571428571,0.07142857142857142,0.1.0b1,042c345cfe16,1.1.0a5,0.07825579382881298,0.048926090185356985,192771.06596977598,183339.53141101132,-0.04892609018535698,False,0.05,0.04340882002702286,False,0.04340882002702286
2,0.06,NDY,fixed,reset,0.0,,15,0.0,0.0,0.1.0b1,042c345cfe16,1.1.0a5,0.016021266728172428,0.008544675569226175,192771.06596977598,191123.89978252756,-0.00854467541050315,False,0.05,0.0064085067290500205,False,0.006408506729050018
2,0.06,NDY,fixed,carried,0.0,,15,0.0,0.21428571428571427,0.1.0b1,042c345cfe16,1.1.0a5,1.169481252058116e-05,1.2362731758927657e-06,192771.06596977598,192770.86250964383,-1.0554495360943442e-06,False,0.05,5.684066556975256e-07,False,5.684068390825715e-07
2,0.06,-10%,rolling,reset,0.1,,15,0.0,0.0,0.1.0b1,042c345cfe16,1.1.0a5,0.5087528000888093,0.03391685342537328,205415.96146949206,194139.38978859372,-0.054896277778166296,False,0.05,9.237061118799292e-11,False,9.337193565634156e-11
2,0.06,-10%,rolling,carried,0.1,,15,0.0,0.0,0.1.0b1,042c345cfe16,1.1.0a5,0.5087527998515686,0.033916853537740974,205415.96146949206,194139.38979021888,-0.05489627777025475,False,0.05,9.379963448129595e-11,False,9.092058963058292e-11
2,0.06,-10%,fixed,reset,0.1,,15,0.0,0.0,0.1.0b1,042c345cfe16,1.1.0a5,9.96693245111882e-10,2.2233212761717542e-10,205415.96146949206,205415.96146592393,-1.7370264649689762e-11,False,0.05,9.37997460761533e-11,False,9.092071295978461e-11
2,0.06,-10%,fixed,carried,0.1,,15,0.0,0.0,0.1.0b1,042c345cfe16,1.1.0a5,9.96693245111882e-10,2.2233212761717542e-10,205415.96146949206,205415.96146592393,-1.7370264649689762e-11,False,0.05,9.37997460761533e-11,False,9.092071295978461e-11
2,0.06,-20%,rolling,reset,0.2,,15,0.0,0.0,0.1.0b1,042c345cfe16,1.1.0a5,0.4226968500227098,0.02817979019866258,206884.8380207355,196859.01019199775,-0.048460911513162216,False,0.05,2.3130529156698702e-10,False,2.0350985133764543e-10
2,0.06,-20%,rolling,carried,0.2,,15,0.0,0.0,0.1.0b1,042c345cfe16,1.1.0a5,0.4226968500227098,0.028179790198662576,206884.8380207355,196859.01019199775,-0.048460911513162216,False,0.05,2.313053037196056e-10,False,2.0350986479507326e-10
2,0.06,-20%,fixed,reset,0.2,,15,0.0,0.0,0.1.0b1,042c345cfe16,1.1.0a5,5.234566890860428e-10,2.36503732619618e-10,206884.8380207355,206884.8380158334,-2.3694842647137907e-11,False,0.05,2.458635068093841e-10,False,2.1640688495219298e-10
2,0.06,-20%,fixed,carried,0.2,,15,0.0,0.0,0.1.0b1,042c345cfe16,1.1.0a5,5.234566890860428e-10,2.36503732619618e-10,206884.8380207355,206884.8380158334,-2.3694842647137907e-11,False,0.05,2.458635068093841e-10,False,2.1640688495219298e-10
2,0.06,+/-10%,rolling,reset,0.1,0.1,15,0.0,0.0,0.1.0b1,042c345cfe16,1.1.0a5,0.09569378003500886,0.02137290640341125,193667.77156873257,194107.69986208712,0.0022715617048261285,False,0.05,0.023944623019679416,False,0.023145011636415948
2,0.06,+/-10%,rolling,carried,0.1,0.1,15,0.0,0.0,0.1.0b1,042c345cfe16,1.1.0a5,1.0000414322087116e-06,2.0599842514126924e-07,193667.77156873257,193667.7815688769,5.1635562562661156e-08,False,0.05,2.0305513658259398e-07,False,1.8383366296579718e-07
2,0.06,+/-10%,fixed,reset,0.1,0.1,15,0.0,0.0,0.1.0b1,042c345cfe16,1.1.0a5,0.5264152357498445,0.053428176156372645,193667.77156873257,205195.9165506103,0.0595253659837068,True,0.05,0.023944623019679513,False,0.023145011636416073
2,0.06,+/-10%,fixed,carried,0.1,0.1,15,0.0,0.0,0.1.0b1,042c345cfe16,1.1.0a5,2.215908791557232e-06,4.3481671602120385e-07,193667.77156873257,193667.79579323353,1.2508276809002448e-07,False,0.05,2.0305513650455808e-07,False,1.8383366286952018e-07
2,0.06,+/-20%,rolling,reset,0.2,0.2,15,0.0,0.0,0.1.0b1,042c345cfe16,1.1.0a5,0.4084983850331825,0.09163036108329338,191377.82055915924,196112.04641023205,0.02473758890785025,True,0.05,0.047597647643160136,False,0.05364662844856791
2,0.06,+/-20%,rolling,carried,0.2,0.2,15,0.0,0.0,0.1.0b1,042c345cfe16,1.1.0a5,4.753661647027182e-06,1.4492154954094767e-06,191377.82055915924,191377.8255205734,2.592470815970751e-08,False,0.05,8.754679213329281e-07,False,9.649670084943465e-07
2,0.06,+/-20%,fixed,reset,0.2,0.2,15,0.0,0.0,0.1.0b1,042c345cfe16,1.1.0a5,0.6766207762681836,0.10745567565195403,191377.82055915924,207626.23677003826,0.08490229517404428,True,0.05,0.047597647643160004,False,0.05364662844856774
2,0.06,+/-20%,fixed,carried,0.2,0.2,15,0.0,0.0,0.1.0b1,042c345cfe16,1.1.0a5,3.753730115414273e-06,1.1513587611672912e-06,191377.82055915924,191377.7954092292,-1.3141507183127846e-07,False,0.05,8.754679213429482e-07,False,9.64967008521945e-07
3,0.0,NHF,rolling,reset,,,15,0.0,0.0,0.1.0b1,042c345cfe16,1.1.0a5,1.0,0.37070630676027094,150607.23533333332,125397.23533333334,-0.16738903641782965,True,0.05,0.41260257663057287,True,1.2118668126490948
3,0.0,NHF,rolling,carried,,,15,0.0,0.0,0.1.0b1,042c345cfe16,1.1.0a5,1.0,0.37070630676027094,150607.23533333332,125397.23533333334,-0.16738903641782965,True,0.05,0.41260257663057287,True,1.2118668126490948
3,0.0,NHF,fixed,reset,,,15,0.0,0.0,0.1.0b1,042c345cfe16,1.1.0a5,0.0,0.0,150607.23533333332,150607.23533333332,0.0,False,0.05,0.0,False,0.0
3,0.0,NHF,fixed,carried,,,15,0.0,0.0,0.1.0b1,042c345cfe16,1.1.0a5,0.0,0.0,150607.23533333332,150607.23533333332,0.0,False,0.05,0.0,False,0.0
3,0.0,NDY,rolling,reset,0.0,,15,0.0,0.0,0.1.0b1,042c345cfe16,1.1.0a5,0.7819531507575808,0.21305182080613383,135852.1822921869,116930.40933227824,-0.13928206850010147,True,0.05,0.19417878820491322,True,0.22624115710892448
3,0.0,NDY,rolling,carried,0.0,,15,0.0,0.0,0.1.0b1,042c345cfe16,1.1.0a5,0.7737709636751124,0.1518516133573521,135852.1822921869,118859.9794013095,-0.12507861562599754,True,0.05,0.09322000739680589,True,0.11945862871592162
3,0.0,NDY,fixed,reset,0.0,,15,0.0,0.0,0.1.0b1,042c345cfe16,1.1.0a5,1.0,0.2937176162220613,135852.1822921869,136618.15314999496,0.005638266863911304,True,0.05,0.2320884710097142,True,0.24125676804110716
3,0.0,NDY,fixed,carried,0.0,,15,0.0,0.0,0.1.0b1,042c345cfe16,1.1.0a5,3.412705668669411e-06,8.741765338657266e-07,135852.1822921869,135852.18369901093,1.0355549818094687e-08,False,0.05,9.412079315976201e-07,False,9.267584526444411e-07
3,0.0,-10%,rolling,reset,0.1,,15,0.0,0.0,0.1.0b1,042c345cfe16,1.1.0a5,0.6815709245293448,0.2204384673856698,140518.06216458924,125233.16541754012,-0.1087753169350277,True,0.05,0.198183940735354,True,0.23702850472659684
3,0.0,-10%,rolling,carried,0.1,,15,0.0,0.0,0.1.0b1,042c345cfe16,1.1.0a5,0.718448749159385,0.14404201333994313,140518.06216458924,124706.11435384667,-0.11252608787204868,True,0.05,0.08354002646138603,True,0.11553292331615678
3,0.0,-10%,fixed,reset,0.1,,15,0.0,0.0,0.1.0b1,042c345cfe16,1.1.0a5,1.0,0.339905891904522,140518.06216458924,141038.4685689262,0.0037034840668911232,True,0.05,0.30394638409930463,True,0.3011542325635716
3,0.0,-10%,fixed,carried,0.1,,15,0.0,0.0,0.1.0b1,042c345cfe16,1.1.0a5,9.205717557948655e-06,2.38462863253138e-06,140518.06216458924,140518.06677875383,3.2836807710212343e-08,False,0.05,1.6931842226027646e-06,False,1.5401225300173892e-06
3,0.0,-20%,rolling,reset,0.2,,15,0.0,0.0,0.1.0b1,042c345cfe16,1.1.0a5,0.6715146608775725,0.2489084496435591,144352.65902537107,128019.16612687374,-0.1131499274677483,True,0.05,0.1916299418286264,True,0.2372621182319451
3,0.0,-20%,rolling,carried,0.2,,15,0.0,0.0,0.1.0b1,042c345cfe16,1.1.0a5,0.7481323661919391,0.19996552465727194,144352.65902537107,126092.2991797198,-0.12649825759317584,True,0.05,0.11515292913247381,True,0.17431833543634134
3,0.0,-20%,fixed,reset,0.2,,15,0.0,0.0,0.1.0b1,042c345cfe16,1.1.0a5,1.0,0.35746505917985755,144352.65902537107,144538.3785974814,0.0012865684176811235,True,0.05,0.27137074575320214,True,0.24482427919961272
3,0.0,-20%,fixed,carried,0.2,,15,0.0,0.0,0.1.0b1,042c345cfe16,1.1.0a5,0.13072155755611353,0.009325813094011065,144352.65902537107,144352.63891542336,-1.3931123852101562e-07,False,0.05,1.4450238885062286e-06,False,1.2662788704162344e-06
3,0.0,+/-10%,rolling,reset,0.1,0.1,15,0.0,0.0,0.1.0b1,042c345cfe16,1.1.0a5,0.3421936319771988,0.16646219585969554,132197.78138925944,125041.87040198156,-0.054130341009333074,True,0.05,0.14705660949832194,True,0.1854997766507249
3,0.0,+/-10%,rolling,carried,0.1,0.1,15,0.0,0.0,0.1.0b1,042c345cfe16,1.1.0a5,0.341652813401997,0.0972290163094273,132197.78138925944,121181.694970647,-0.08333034263393056,True,0.05,0.046483537315588935,False,0.055557689266744745
3,0.0,+/-10%,fixed,reset,0.1,0.1,15,0.0,0.0,0.1.0b1,042c345cfe16,1.1.0a5,0.1182558504155995,0.025842631576989603,132197.78138925944,132110.45702579434,-0.0006605584643510177,False,0.05,0.03468099020845982,False,0.032438695592007634
3,0.0,+/-10%,fixed,carried,0.1,0.1,15,0.0,0.0,0.1.0b1,042c345cfe16,1.1.0a5,1.0001537775603626e-06,2.2184271507756117e-07,132197.78138925944,132197.78151099407,9.208522839052917e-10,False,0.05,3.029401450680425e-07,False,2.7391251084959527e-07
3,0.0,+/-20%,rolling,reset,0.2,0.2,15,0.0,0.0,0.1.0b1,042c345cfe16,1.1.0a5,0.42678070020422687,0.1472622370176206,135084.19494585224,124717.84003791603,-0.0767399540123218,True,0.05,0.08712159561701535,True,0.11636559088284723
3,0.0,+/-20%,rolling,carried,0.2,0.2,15,0.0,0.0,0.1.0b1,042c345cfe16,1.1.0a5,0.4019756776106755,0.16500859256998482,135084.19494585224,122369.20907746776,-0.09412637706047855,True,0.05,0.11805043469369825,True,0.1564564240188837
3,0.0,+/-20%,fixed,reset,0.2,0.2,15,0.0,0.0,0.1.0b1,042c345cfe16,1.1.0a5,0.10706180994000519,0.01826963818843019,135084.19494585224,135494.81107304338,0.003039705180578185,False,0.05,0.02531537831367477,False,0.03169919618786955
3,0.0,+/-20%,fixed,carried,0.2,0.2,15,0.0,0.0,0.1.0b1,042c345cfe16,1.1.0a5,1.0000582199712708e-06,2.0367683683380713e-07,135084.19494585224,135084.21685953013,1.622223673120026e-07,False,0.05,2.0374491112093224e-07,False,2.496907207664909e-07
3,0.02,NHF,rolling,reset,,,15,0.0,0.0,0.1.0b1,042c345cfe16,1.1.0a5,0.0,0.0,146693.902,146693.902,0.0,False,0.05,0.0,False,0.0
3,0.02,NHF,rolling,carried,,,15,0.0,0.0,0.1.0b1,042c345cfe16,1.1.0a5,0.0,0.0,146693.902,146693.902,0.0,False,0.05,0.0,False,0.0
3,0.02,NHF,fixed,reset,,,15,0.0,0.0,0.1.0b1,042c345cfe16,1.1.0a5,0.0,0.0,146693.902,146693.902,0.0,False,0.05,0.0,False,0.0
3,0.02,NHF,fixed,carried,,,15,0.0,0.0,0.1.0b1,042c345cfe16,1.1.0a5,0.0,0.0,146693.902,146693.902,0.0,False,0.05,0.0,False,0.0
3,0.02,NDY,rolling,reset,0.0,,15,0.0,0.0,0.1.0b1,042c345cfe16,1.1.0a5,0.5199959519899237,0.0905088601137419,141442.85499438187,122019.95948416127,-0.13731973602337194,True,0.05,0.04557920976640816,False,0.05523386927781604
3,0.02,NDY,rolling,carried,0.0,,15,0.0,0.0,0.1.0b1,042c345cfe16,1.1.0a5,0.5277388105931855,0.04806969443462824,141442.85499438187,128373.75837659743,-0.09239842209282007,False,0.05,0.012081113988428666,False,0.014640154447134431
3,0.02,NDY,fixed,reset,0.0,,15,0.0,0.0,0.1.0b1,042c345cfe16,1.1.0a5,0.09186927139258289,0.04124312388283139,141442.85499438187,134946.3006364011,-0.04593059407800274,False,0.05,0.03211613339602837,False,0.03891902300889447
3,0.02,NDY,fixed,carried,0.0,,15,0.0,0.0,0.1.0b1,042c345cfe16,1.1.0a5,5.528372768907042e-06,1.4236342390870447e-06,141442.85499438187,141443.1000264252,1.7323748403658339e-06,False,0.05,1.6114449351328395e-06,False,1.9527541351976394e-06
3,0.02,-10%,rolling,reset,0.1,,15,0.0,0.0,0.1.0b1,042c345cfe16,1.1.0a5,0.37115793073709047,0.07398042988562888,142475.05157327652,127412.93387918767,-0.10571758022029729,True,0.05,0.03997463454661425,False,0.04879402373089649
3,0.02,-10%,rolling,carried,0.1,,15,0.0,0.0,0.1.0b1,042c345cfe16,1.1.0a5,0.38532618441700556,0.03890788783445184,142475.05157327652,132028.29062944712,-0.07332344033900219,False,0.05,0.01239252693137081,False,0.016221231244360673
3,0.02,-10%,fixed,reset,0.1,,15,0.0,0.0,0.1.0b1,042c345cfe16,1.1.0a5,0.11189500983394661,0.04442613379915099,142475.05157327652,136183.25101674884,-0.04416071787341477,False,0.05,0.03881758057156744,False,0.04680547858598189
3,0.02,-10%,fixed,carried,0.1,,15,0.0,0.0,0.1.0b1,042c345cfe16,1.1.0a5,5.468856845884891e-06,1.2059666190642173e-06,142475.05157327652,142474.88512525498,-1.1682608267371792e-06,False,0.05,7.876159308792934e-07,False,9.09030383952442e-07
3,0.02,-20%,rolling,reset,0.2,,15,0.0,0.0,0.1.0b1,042c345cfe16,1.1.0a5,0.18075373778733095,0.05391238479491298,139887.80317691376,131958.59548922165,-0.056682623556995666,True,0.05,0.022431483643140147,False,0.024163733918656692
3,0.02,-20%,rolling,carried,0.2,,15,0.0,0.0,0.1.0b1,042c345cfe16,1.1.0a5,0.180753737787331,0.03658500929794174,139887.80317691376,134715.2444607402,-0.03697648114204708,False,0.05,0.003022396191193003,False,0.0036532924052799227
3,0.02,-20%,fixed,reset,0.2,,15,0.0,0.0,0.1.0b1,042c345cfe16,1.1.0a5,0.085959457062638,0.022922521978104505,139887.80317691376,136946.32090056312,-0.02102743920161928,False,0.05,0.025787837220880995,False,0.02727527785453851
3,0.02,-20%,fixed,carried,0.2,,15,0.0,0.0,0.1.0b1,042c345cfe16,1.1.0a5,4.062694259216697e-06,6.751635227562875e-07,139887.80317691376,139887.82135319564,1.299347153227391e-07,False,0.05,7.063808641611137e-07,False,6.763191120179182e-07
3,0.02,+/-10%,rolling,reset,0.1,0.1,15,0.0,0.0,0.1.0b1,042c345cfe16,1.1.0a5,0.3030584861236128,0.10660994508234999,134756.58733937054,135749.07407362506,0.007365033159789386,True,0.05,0.11940307696246291,True,0.14745505657731028
3,0.02,+/-10%,rolling,carried,0.1,0.1,15,0.0,0.0,0.1.0b1,042c345cfe16,1.1.0a5,0.05546683947220417,0.030725562293034046,134756.58733937054,132807.43698048455,-0.014464230635176732,False,0.05,0.024279388467959257,False,0.026871957617957357
3,0.02,+/-10%,fixed,reset,0.1,0.1,15,0.0,0.0,0.1.0b1,042c345cfe16,1.1.0a5,0.29885967118864976,0.09713476815344099,134756.58733937054,137346.9624605858,0.019222623341534163,True,0.05,0.10742176944851178,True,0.13338384884569732
3,0.02,+/-10%,fixed,carried,0.1,0.1,15,0.0,0.0,0.1.0b1,042c345cfe16,1.1.0a5,6.300234148840334e-06,2.519834038693371e-06,134756.58733937054,134756.72350755788,1.0104751836413051e-06,False,0.05,2.059866160859097e-06,False,2.340757030766132e-06
3,0.02,+/-20%,rolling,reset,0.2,0.2,15,0.0,0.0,0.1.0b1,042c345cfe16,1.1.0a5,0.37386543727208593,0.16070607769012496,131788.64575432593,136970.74446809682,0.03932128359093322,True,0.05,0.17515676518747428,True,0.22808687331926505
3,0.02,+/-20%,rolling,carried,0.2,0.2,15,0.0,0.0,0.1.0b1,042c345cfe16,1.1.0a5,0.12171622822395908,0.0344990318728774,131788.64575432593,130064.32210784714,-0.01308400762910329,False,0.05,0.014025403899733007,False,0.01464400580925304
3,0.02,+/-20%,fixed,reset,0.2,0.2,15,0.0,0.0,0.1.0b1,042c345cfe16,1.1.0a5,0.38540342343070183,0.1966754710459698,131788.64575432593,141063.1769040638,0.07037428070265622,True,0.05,0.20232120269381756,True,0.25604562761578875
3,0.02,+/-20%,fixed,carried,0.2,0.2,15,0.0,0.0,0.1.0b1,042c345cfe16,1.1.0a5,3.989467005987536e-06,1.436761191722647e-06,131788.64575432593,131788.7039692521,4.4172945118044125e-07,False,0.05,1.7936353087974386e-06,False,1.9971849286597367e-06
3,0.04,NHF,rolling,reset,,,15,0.0,0.0,0.1.0b1,042c345cfe16,1.1.0a5,0.0,0.0,146693.902,146693.902,0.0,False,0.05,0.0,False,0.0
3,0.04,NHF,rolling,carried,,,15,0.0,0.0,0.1.0b1,042c345cfe16,1.1.0a5,0.0,0.0,146693.902,146693.902,0.0,False,0.05,0.0,False,0.0
3,0.04,NHF,fixed,reset,,,15,0.0,0.0,0.1.0b1,042c345cfe16,1.1.0a5,0.0,0.0,146693.902,146693.902,0.0,False,0.05,0.0,False,0.0
3,0.04,NHF,fixed,carried,,,15,0.0,0.0,0.1.0b1,042c345cfe16,1.1.0a5,0.0,0.0,146693.902,146693.902,0.0,False,0.05,0.0,False,0.0
3,0.04,NDY,rolling,reset,0.0,,15,0.0,0.0,0.1.0b1,042c345cfe16,1.1.0a5,0.21059390971952424,0.10876909044578296,134834.04474021136,123154.76110985583,-0.08661969351181557,True,0.05,0.10112859013611894,True,0.09440137360541807
3,0.04,NDY,rolling,carried,0.0,,15,0.0,0.0,0.1.0b1,042c345cfe16,1.1.0a5,0.17563000376044124,0.011710400242861057,134834.04474021136,132609.2753860105,-0.01650005648415718,False,0.05,1.9651478185506172e-06,False,1.961296847411592e-06
3,0.04,NDY,fixed,reset,0.0,,15,0.0,0.0,0.1.0b1,042c345cfe16,1.1.0a5,0.39850509264326894,0.1298572794621944,134834.04474021136,134101.3224934941,-0.005434252514852693,True,0.05,0.11164660338125858,True,0.10662598159249578
3,0.04,NDY,fixed,carried,0.0,,15,0.0,0.07142857142857142,0.1.0b1,042c345cfe16,1.1.0a5,8.450032567709924e-05,7.448450601908515e-06,134834.04474021136,134834.88850231434,6.257782332341326e-06,False,0.05,1.4790158408109278e-06,False,1.4213719419868785e-06
3,0.04,-10%,rolling,reset,0.1,,15,0.0,0.0,0.1.0b1,042c345cfe16,1.1.0a5,0.3051576275710868,0.12403609271711197,138361.47144784092,127958.66745081951,-0.0751856993725527,True,0.05,0.13189413279242723,True,0.10906464467698718
3,0.04,-10%,rolling,carried,0.1,,15,0.0,0.0,0.1.0b1,042c345cfe16,1.1.0a5,0.15311469003416298,0.010209201469919152,138361.47144784092,135849.23919623412,-0.01815702178733946,False,0.05,1.7662714362159505e-06,False,1.4163028393886256e-06
3,0.04,-10%,fixed,reset,0.1,,15,0.0,0.0,0.1.0b1,042c345cfe16,1.1.0a5,0.35446559744378847,0.13898418810945995,138361.47144784092,139154.45274648664,0.00573122915178494,True,0.05,0.1320655077350364,True,0.10912820428039552
3,0.04,-10%,fixed,carried,0.1,,15,0.0,0.0,0.1.0b1,042c345cfe16,1.1.0a5,2.4413257787922578e-05,3.18301005380627e-06,138361.47144784092,138361.76562509724,2.126150099753269e-06,False,0.05,1.7662714361568795e-06,False,1.4163034956168017e-06
3,0.04,-20%,rolling,reset,0.2,,15,0.0,0.0,0.1.0b1,042c345cfe16,1.1.0a5,0.35937933315726145,0.17611445229726302,142955.45127754504,134163.57271197956,-0.06150082761444493,True,0.05,0.16167285377810517,True,0.1140899779369783
3,0.04,-20%,rolling,carried,0.2,,15,0.0,0.0,0.1.0b1,042c345cfe16,1.1.0a5,0.11229763257764486,0.007487630736196822,142955.45127754504,140343.42310448876,-0.018271623430330664,False,0.05,1.299954076992248e-06,False,8.902173135254322e-07
3,0.04,-20%,fixed,reset,0.2,,15,0.0,0.0,0.1.0b1,042c345cfe16,1.1.0a5,0.35937933315726145,0.18558673550597676,142955.45127754504,140287.7719148985,-0.0186609138637693,True,0.05,0.1826881256963513,True,0.13652469234946443
3,0.04,-20%,fixed,carried,0.2,,15,0.0,0.07142857142857142,0.1.0b1,042c345cfe16,1.1.0a5,3.999844521111488e-06,1.202111007085034e-06,142955.45127754504,142955.48239191237,2.1765079298167578e-07,False,0.05,1.2658090722541312e-06,False,8.762516137472922e-07
3,0.04,+/-10%,rolling,reset,0.1,0.1,15,0.0,0.0,0.1.0b1,042c345cfe16,1.1.0a5,0.32687582732438586,0.13592740901733957,130581.83696640797,135100.89647999345,0.03460710630643069,True,0.05,0.13101749452538486,True,0.1651732170079937
3,0.04,+/-10%,rolling,carried,0.1,0.1,15,0.0,0.0,0.1.0b1,042c345cfe16,1.1.0a5,0.07403100777944989,0.009873431533798504,130581.83696640797,129061.531386599,-0.011642550105954318,False,0.05,2.896464096913927e-06,False,3.1402269598538885e-06
3,0.04,+/-10%,fixed,reset,0.1,0.1,15,0.0,0.0,0.1.0b1,042c345cfe16,1.1.0a5,0.3473313043311937,0.1569372128111738,130581.83696640797,136872.52348685742,0.04817428416225854,True,0.05,0.13099626050797955,True,0.16520984817164355
3,0.04,+/-10%,fixed,carried,0.1,0.1,15,0.0,0.0,0.1.0b1,042c345cfe16,1.1.0a5,8.773347144592917e-06,3.7953138473441802e-06,130581.83696640797,130581.99088249482,1.1786944527027729e-06,False,0.05,2.9964544187392443e-06,False,3.2743781344690305e-06
3,0.04,+/-20%,rolling,reset,0.2,0.2,15,0.0,0.0,0.1.0b1,042c345cfe16,1.1.0a5,0.5399403117049512,0.25782633204748945,129659.4487212789,137492.75468893192,0.06041446300216663,True,0.05,0.24570968816532623,True,0.33303832977138037
3,0.04,+/-20%,rolling,carried,0.2,0.2,15,0.0,0.0,0.1.0b1,042c345cfe16,1.1.0a5,0.016357363316866266,0.0036844238376090377,129659.4487212789,129083.34312232965,-0.004443221104446192,False,0.05,0.001638189570132598,False,0.0025936984291478993
3,0.04,+/-20%,fixed,reset,0.2,0.2,15,0.0,0.0,0.1.0b1,042c345cfe16,1.1.0a5,0.5906761324391336,0.264946654766944,129659.4487212789,139915.99082671345,0.07910369978112756,True,0.05,0.2428436535185822,True,0.3284982509465748
3,0.04,+/-20%,fixed,carried,0.2,0.2,15,0.0,0.0,0.1.0b1,042c345cfe16,1.1.0a5,5.922113944280395e-06,2.8872148564910624e-06,129659.4487212789,129659.44017873057,-6.588450291056241e-08,False,0.05,2.856521104927596e-06,False,3.1711448833321406e-06
3,0.06,NHF,rolling,reset,,,15,0.0,0.0,0.1.0b1,042c345cfe16,1.1.0a5,0.0,0.0,146693.902,146693.902,0.0,False,0.05,0.0,False,0.0
3,0.06,NHF,rolling,carried,,,15,0.0,0.0,0.1.0b1,042c345cfe16,1.1.0a5,0.0,0.0,146693.902,146693.902,0.0,False,0.05,0.0,False,0.0
3,0.06,NHF,fixed,reset,,,15,0.0,0.0,0.1.0b1,042c345cfe16,1.1.0a5,0.0,0.0,146693.902,146693.902,0.0,False,0.05,0.0,False,0.0
3,0.06,NHF,fixed,carried,,,15,0.0,0.0,0.1.0b1,042c345cfe16,1.1.0a5,0.0,0.0,146693.902,146693.902,0.0,False,0.05,0.0,False,0.0
3,0.06,NDY,rolling,reset,0.0,,15,0.0,0.0,0.1.0b1,042c345cfe16,1.1.0a5,0.4376281145007345,0.12404145643050432,134834.04474021136,121024.69153762325,-0.10241740674022642,True,0.05,0.1024728834541985,True,0.09509503713129293
3,0.06,NDY,rolling,carried,0.0,,15,0.0,0.0,0.1.0b1,042c345cfe16,1.1.0a5,0.17855291959762626,0.011905143240929901,134834.04474021136,132572.0878957215,-0.01677585841801344,False,0.05,1.2194883461668572e-06,False,1.307130611110418e-06
3,0.06,NDY,fixed,reset,0.0,,15,0.0,0.0,0.1.0b1,042c345cfe16,1.1.0a5,0.4376281145007352,0.11902101814497093,134834.04474021136,126515.53570844007,-0.06169442626896494,True,0.05,0.11339040197288175,True,0.10816699882561016
3,0.06,NDY,fixed,carried,0.0,,15,0.0,0.0,0.1.0b1,042c345cfe16,1.1.0a5,4.011908993317457e-06,1.66666937308944e-06,134834.04474021136,134833.82524626263,-1.6278822545225578e-06,False,0.05,1.219488346143048e-06,False,1.3071306110892435e-06
3,0.06,-10%,rolling,reset,0.1,,15,0.0,0.0,0.1.0b1,042c345cfe16,1.1.0a5,0.5008552882360672,0.15756999316455375,137105.79139050783,126223.18574090989,-0.07937378530278023,True,0.05,0.14151983163636728,True,0.11624334357784497
3,0.06,-10%,rolling,carried,0.1,,15,0.0,0.0,0.1.0b1,042c345cfe16,1.1.0a5,0.1432583542091255,0.009551386698610833,137105.79139050783,134738.27128222166,-0.017267834453053483,False,0.05,9.126462330718347e-07,False,7.682031792941943e-07
3,0.06,-10%,fixed,reset,0.1,,15,0.0,0.0,0.1.0b1,042c345cfe16,1.1.0a5,0.5008552882360672,0.1506058546359176,137105.79139050783,130014.41596451754,-0.05172192475657338,True,0.05,0.14151983170440047,True,0.11624334366273893
3,0.06,-10%,fixed,carried,0.1,,15,0.0,0.0,0.1.0b1,042c345cfe16,1.1.0a5,2.9998594926486763e-06,8.398168427249912e-07,137105.79139050783,137105.71618366888,-5.485314529233214e-07,False,0.05,9.126394065586163e-07,False,7.681958856953489e-07
3,0.06,-20%,rolling,reset,0.2,,15,0.0,0.0,0.1.0b1,042c345cfe16,1.1.0a5,0.5803860890158371,0.19313852378950555,145831.53859494248,129807.07021487561,-0.1098834212027069,True,0.05,0.1891205839858826,True,0.13145127067253495
3,0.06,-20%,rolling,carried,0.2,,15,0.0,0.0,0.1.0b1,042c345cfe16,1.1.0a5,0.3111543589815344,0.02074410088990826,145831.53859494248,137462.86667005936,-0.05738588514880657,False,0.05,7.115569988093282e-07,False,3.6203566609400274e-07
3,0.06,-20%,fixed,reset,0.2,,15,0.0,0.0,0.1.0b1,042c345cfe16,1.1.0a5,0.5803860890158371,0.18060727249360384,145831.53859494248,141075.48782549275,-0.03261332092682644,True,0.05,0.1891205839401142,True,0.13145127064443107
3,0.06,-20%,fixed,carried,0.2,,15,0.0,0.0,0.1.0b1,042c345cfe16,1.1.0a5,4.063342473988843e-06,4.910524956338319e-07,145831.53859494248,145831.54349101128,3.3573456381113176e-08,False,0.05,7.115792016109271e-07,False,3.620594663144657e-07
3,0.06,+/-10%,rolling,reset,0.1,0.1,15,0.0,0.0,0.1.0b1,042c345cfe16,1.1.0a5,0.4380624875125355,0.1841403549640614,130924.21957863237,134129.95294861382,0.024485411334119904,True,0.05,0.16951112651386407,True,0.23523604266752438
3,0.06,+/-10%,rolling,carried,0.1,0.1,15,0.0,0.0,0.1.0b1,042c345cfe16,1.1.0a5,0.18042175004562652,0.01203530957999525,130924.21957863237,128489.93792600188,-0.018593058339129373,False,0.05,6.492919690682552e-06,False,6.566783046368592e-06
3,0.06,+/-10%,fixed,reset,0.1,0.1,15,0.0,0.0,0.1.0b1,042c345cfe16,1.1.0a5,0.4380624875125594,0.19389695907538185,130924.21957863237,136562.5861932034,0.04306587912242363,True,0.05,0.16937093370458448,True,0.23509882396954485
3,0.06,+/-10%,fixed,carried,0.1,0.1,15,0.0,0.0,0.1.0b1,042c345cfe16,1.1.0a5,1.6321454489426754e-05,8.281007252830146e-06,130924.21957863237,130925.32763052477,8.463307216688043e-06,False,0.05,6.492919690631878e-06,False,6.566783046344067e-06
3,0.06,+/-20%,rolling,reset,0.2,0.2,15,0.0,0.0,0.1.0b1,042c345cfe16,1.1.0a5,0.6879947791643076,0.3202206524840053,132371.91257586615,137512.29130224336,0.03883285076379864,True,0.05,0.25736451119237064,True,0.43807467987715054
3,0.06,+/-20%,rolling,carried,0.2,0.2,15,0.0,0.0,0.1.0b1,042c345cfe16,1.1.0a5,0.0019249640425676193,0.00026374854419916767,132371.91257586615,132324.02788993102,-0.00036174355271695834,False,0.05,7.522540716067163e-06,False,7.502612672413953e-06
3,0.06,+/-20%,fixed,reset,0.2,0.2,15,0.0,0.0,0.1.0b1,042c345cfe16,1.1.0a5,0.7123081291901154,0.3284444346549597,132371.91257586615,142195.8865596171,0.07421494328051306,True,0.05,0.2573645111924053,True,0.4380746798774367
3,0.06,+/-20%,fixed,carried,0.2,0.2,15,0.0,0.0,0.1.0b1,042c345cfe16,1.1.0a5,3.7283421025818174e-05,1.205781878438157e-05,132371.91257586615,132371.82191148144,-6.849216193052819e-07,False,0.05,7.522540716085351e-06,False,7.502612672427218e-06
4,0.0,NHF,rolling,reset,,,15,0.0,0.0,0.1.0b1,042c345cfe16,1.1.0a5,1.0,0.5491187365814801,190205.2768333333,154217.77683333334,-0.1892034784688644,True,0.05,0.6106356292967244,True,1.2050797448113963
4,0.0,NHF,rolling,carried,,,15,0.0,0.0,0.1.0b1,042c345cfe16,1.1.0a5,1.0,0.5491187365814801,190205.2768333333,154217.77683333334,-0.1892034784688644,True,0.05,0.6106356292967244,True,1.2050797448113963
4,0.0,NHF,fixed,reset,,,15,0.0,0.0,0.1.0b1,042c345cfe16,1.1.0a5,0.0,0.0,190205.2768333333,190205.2768333333,0.0,False,0.05,0.0,False,0.0
4,0.0,NHF,fixed,carried,,,15,0.0,0.0,0.1.0b1,042c345cfe16,1.1.0a5,0.0,0.0,190205.2768333333,190205.2768333333,0.0,False,0.05,0.0,False,0.0
4,0.0,NDY,rolling,reset,0.0,,15,0.0,0.0,0.1.0b1,042c345cfe16,1.1.0a5,0.7547698211433562,0.12162650172638063,178135.21585057746,155806.77435340665,-0.12534546518808634,True,0.05,0.07616388276692239,True,0.08461399559020034
4,0.0,NDY,rolling,carried,0.0,,15,0.0,0.0,0.1.0b1,042c345cfe16,1.1.0a5,0.7532416011354014,0.13635721916596336,178135.21585057746,158411.48794553708,-0.11072335029803955,True,0.05,0.0890994397554837,True,0.09925566707795815
4,0.0,NDY,fixed,reset,0.0,,15,0.0,0.0,0.1.0b1,042c345cfe16,1.1.0a5,1.0,0.3096623686236615,178135.21585057746,178858.31824272522,0.004059289392583161,True,0.05,0.20137904934102097,True,0.20137904934102097
4,0.0,NDY,fixed,carried,0.0,,15,0.0,0.0,0.1.0b1,042c345cfe16,1.1.0a5,6.035224476070258e-06,2.444228904642267e-06,178135.21585057746,178135.1588397476,-3.2004244407223293e-07,False,0.05,2.303619398596277e-06,False,2.3036230410117076e-06
4,0.0,-10%,rolling,reset,0.1,,15,0.0,0.0,0.1.0b1,042c345cfe16,1.1.0a5,0.9275421863743555,0.3056000522518874,183725.12417532055,162831.34644762112,-0.11372302956106017,True,0.05,0.28325566671786595,True,0.35549051052079567
4,0.0,-10%,rolling,carried,0.1,,15,0.0,0.0,0.1.0b1,042c345cfe16,1.1.0a5,0.7743798948970746,0.22478153376159024,183725.12417532055,168162.88843953016,-0.08470390647791894,True,0.05,0.149544006490589,True,0.21805586715390388
4,0.0,-10%,fixed,reset,0.1,,15,0.0,0.0,0.1.0b1,042c345cfe16,1.1.0a5,1.0,0.299502573058547,183725.12417532055,183939.03990528022,0.0011643248625895057,True,0.05,0.22890651050763638,True,0.20836620424812757
4,0.0,-10%,fixed,carried,0.1,,15,0.0,0.0,0.1.0b1,042c345cfe16,1.1.0a5,5.476223334427591e-06,1.72496223488781e-06,183725.12417532055,183725.1068044738,-9.454802025993647e-08,False,0.05,1.2230432143727642e-06,False,1.1427596857406825e-06
4,0.0,-20%,rolling,reset,0.2,,15,0.0,0.0,0.1.0b1,042c345cfe16,1.1.0a5,0.7488050990279586,0.35016435585689276,187701.9987772394,160309.95403847971,-0.14593368699961456,True,0.05,0.29822424123192764,True,0.34917197249042586
4,0.0,-20%,rolling,carried,0.2,,15,0.0,0.0,0.1.0b1,042c345cfe16,1.1.0a5,0.7030148189375798,0.22998938199202285,187701.9987772394,171289.89435635376,-0.08743702532631616,True,0.05,0.14968574480013627,True,0.219168694379132
4,0.0,-20%,fixed,reset,0.2,,15,0.0,0.0,0.1.0b1,042c345cfe16,1.1.0a5,1.0,0.24570279741955753,187701.9987772394,187279.59543315333,-0.0022503934259505637,True,0.05,0.21593733872130497,True,0.198765905376106
4,0.0,-20%,fixed,carried,0.2,,15,0.0,0.0,0.1.0b1,042c345cfe16,1.1.0a5,0.26781494895081553,0.019208934020726993,187701.9987772394,187701.99885295518,4.0338285745430093e-10,False,0.05,5.393007682131799e-07,False,4.848088923934579e-07
4,0.0,+/-10%,rolling,reset,0.1,0.1,15,0.0,0.0,0.1.0b1,042c345cfe16,1.1.0a5,0.2620433607448471,0.15044780913921116,176356.04101997643,165866.43367731688,-0.059479716611870195,True,0.05,0.14081568949330286,True,0.15839616380514834
4,0.0,+/-10%,rolling,carried,0.1,0.1,15,0.0,0.0,0.1.0b1,042c345cfe16,1.1.0a5,0.31976289632176175,0.09696074576043016,176356.04101997643,163064.9497754251,-0.07536510327449343,True,0.05,0.045094134951615975,False,0.05246627315889962
4,0.0,+/-10%,fixed,reset,0.1,0.1,15,0.0,0.0,0.1.0b1,042c345cfe16,1.1.0a5,0.03303026727045031,0.006110237556748349,176356.04101997643,176302.2751053703,-0.0003048714084029814,False,0.05,0.008851994808360896,False,0.0089934947834665
4,0.0,+/-10%,fixed,carried,0.1,0.1,15,0.0,0.0,0.1.0b1,042c345cfe16,1.1.0a5,1.659098267977816e-06,4.978105499465973e-07,176356.04101997643,176356.03770519566,-1.8795958169044e-08,False,0.05,5.6101465668714e-07,False,5.628808133778203e-07
4,0.0,+/-20%,rolling,reset,0.2,0.2,15,0.0,0.0,0.1.0b1,042c345cfe16,1.1.0a5,0.3326755387000899,0.15856211452796082,179756.55325237202,166599.88715420055,-0.07319157972338265,True,0.05,0.11976721961286667,True,0.1421004039792402
4,0.0,+/-20%,rolling,carried,0.2,0.2,15,0.0,0.0,0.1.0b1,042c345cfe16,1.1.0a5,0.41265086287809966,0.14432647517335326,179756.55325237202,166118.83851600686,-0.07586769155068454,True,0.05,0.0779125963645797,True,0.10001535526115471
4,0.0,+/-20%,fixed,reset,0.2,0.2,15,0.0,0.0,0.1.0b1,042c345cfe16,1.1.0a5,0.10222023764833858,0.016001597841964258,179756.55325237202,179627.83980406937,-0.0007160431482124407,False,0.05,0.02353597348795442,False,0.023565031151481286
4,0.0,+/-20%,fixed,carried,0.2,0.2,15,0.0,0.0,0.1.0b1,042c345cfe16,1.1.0a5,5.768619060707545e-06,7.859466864325919e-07,179756.55325237202,179756.54649538448,-3.758965899637295e-08,False,0.05,1.1537920054262261e-06,False,9.622808449636525e-07
4,0.02,NHF,rolling,reset,,,15,0.0,0.0,0.1.0b1,042c345cfe16,1.1.0a5,0.0,0.0,184714.4435,184714.4435,0.0,False,0.05,0.0,False,0.0
4,0.02,NHF,rolling,carried,,,15,0.0,0.0,0.1.0b1,042c345cfe16,1.1.0a5,0.0,0.0,184714.4435,184714.4435,0.0,False,0.05,0.0,False,0.0
4,0.02,NHF,fixed,reset,,,15,0.0,0.0,0.1.0b1,042c345cfe16,1.1.0a5,0.0,0.0,184714.4435,184714.4435,0.0,False,0.05,0.0,False,0.0
4,0.02,NHF,fixed,carried,,,15,0.0,0.0,0.1.0b1,042c345cfe16,1.1.0a5,0.0,0.0,184714.4435,184714.4435,0.0,False,0.05,0.0,False,0.0
4,0.02,NDY,rolling,reset,0.0,,15,0.0,0.0,0.1.0b1,042c345cfe16,1.1.0a5,0.14313907534167292,0.02681094804543571,170824.5879611516,165747.870408027,-0.029718892424778737,False,0.05,0.015635016395661984,False,0.017012950413291966
4,0.02,NDY,rolling,carried,0.0,,15,0.07142857142857142,0.0,0.1.0b1,042c345cfe16,1.1.0a5,0.1395605181882414,0.02399943570378726,170824.5879611516,166262.31815404491,-0.02670733681584665,False,0.05,0.013645688260101808,False,0.01484830024056542
4,0.02,NDY,fixed,reset,0.0,,15,0.0,0.0,0.1.0b1,042c345cfe16,1.1.0a5,0.004140240388726981,0.0016560963750508575,170824.5879611516,170524.86129477512,-0.001754587380855573,False,0.05,0.0012420721668687073,False,0.0013515375700678999
4,0.02,NDY,fixed,carried,0.0,,15,0.0,0.21428571428571427,0.1.0b1,042c345cfe16,1.1.0a5,4.417250296253652e-06,4.2829126414045644e-07,170824.5879611516,170824.51053179885,-4.532681956905844e-07,False,0.05,2.001470020050315e-07,False,2.1777809615240956e-07
4,0.02,-10%,rolling,reset,0.1,,15,0.0,0.0,0.1.0b1,042c345cfe16,1.1.0a5,0.08520702086647898,0.015061416165981249,168811.76313960738,168406.55567639068,-0.0024003508741366514,False,0.05,0.00894602562439645,False,0.01044022682012798
4,0.02,-10%,rolling,carried,0.1,,15,0.0,0.0,0.1.0b1,042c345cfe16,1.1.0a5,0.08520702086647898,0.015061416165981256,168811.76313960738,168406.55567639068,-0.0024003508741366514,False,0.05,0.008946025624396465,False,0.010440226820127995
4,0.02,-10%,fixed,reset,0.1,,15,0.0,0.0,0.1.0b1,042c345cfe16,1.1.0a5,8.619502461640298e-10,2.8020128870754067e-10,168811.76313960738,168811.76314128094,9.9137496796922e-12,False,0.05,3.0649679679593455e-10,False,2.767401200477594e-10
4,0.02,-10%,fixed,carried,0.1,,15,0.0,0.0,0.1.0b1,042c345cfe16,1.1.0a5,8.619502461640298e-10,2.8020128870754067e-10,168811.76313960738,168811.76314128094,9.9137496796922e-12,False,0.05,3.0649679679593455e-10,False,2.767401200477594e-10
4,0.02,-20%,rolling,reset,0.2,,15,0.0,0.0,0.1.0b1,042c345cfe16,1.1.0a5,0.0876266671755307,0.013119098881433661,172747.26567125676,171200.50635657975,-0.008953885948160465,False,0.05,0.005532792387793898,False,0.00549405520893394
4,0.02,-20%,rolling,carried,0.2,,15,0.0,0.0,0.1.0b1,042c345cfe16,1.1.0a5,0.0876266671755307,0.013119098881433661,172747.26567125676,171200.50635657975,-0.008953885948160465,False,0.05,0.005532792387793898,False,0.00549405520893394
4,0.02,-20%,fixed,reset,0.2,,15,0.0,0.0,0.1.0b1,042c345cfe16,1.1.0a5,1.530036014018519e-09,2.97844707809223e-10,172747.26567125676,172747.26567667082,3.134098327696532e-11,False,0.05,3.5100103549409875e-10,False,2.521739369273586e-10
4,0.02,-20%,fixed,carried,0.2,,15,0.0,0.0,0.1.0b1,042c345cfe16,1.1.0a5,1.530036014018519e-09,2.97844707809223e-10,172747.26567125676,172747.26567667082,3.134098327696532e-11,False,0.05,3.5100103549409875e-10,False,2.521739369273586e-10
4,0.02,+/-10%,rolling,reset,0.1,0.1,15,0.0,0.0,0.1.0b1,042c345cfe16,1.1.0a5,0.1662052524710785,0.07035807236795358,168384.3849376149,168137.92712924865,-0.0014636618974945912,True,0.05,0.08188880911040965,True,0.09257211744647471
4,0.02,+/-10%,rolling,carried,0.1,0.1,15,0.0,0.0,0.1.0b1,042c345cfe16,1.1.0a5,0.03469397391515502,0.004628649310839028,168384.3849376149,167590.79046995484,-0.004712993238381834,False,0.05,2.74234979012856e-06,False,3.0876068484807752e-06
4,0.02,+/-10%,fixed,reset,0.1,0.1,15,0.0,0.0,0.1.0b1,042c345cfe16,1.1.0a5,0.1662052524710785,0.08277389123149212,168384.3849376149,169399.8748499233,0.0060307843431244195,True,0.05,0.08966232984774743,True,0.09904463778618668
4,0.02,+/-10%,fixed,carried,0.1,0.1,15,0.0,0.0,0.1.0b1,042c345cfe16,1.1.0a5,3.901945096091455e-06,1.1356374355834244e-06,168384.3849376149,168384.40594925208,1.2478376294992564e-07,False,0.05,1.0017357448715966e-06,False,1.1791813566055426e-06
4,0.02,+/-20%,rolling,reset,0.2,0.2,15,0.0,0.0,0.1.0b1,042c345cfe16,1.1.0a5,0.209181316711245,0.08291667662974704,169116.69608687153,171059.08250221921,0.011485479909978424,True,0.05,0.09807812689613879,True,0.12349860188090626
4,0.02,+/-20%,rolling,carried,0.2,0.2,15,0.0,0.0,0.1.0b1,042c345cfe16,1.1.0a5,0.027960504275982387,0.006208021946019813,169116.69608687153,168553.82660475373,-0.0033282904357867698,False,0.05,0.0011672043442087355,False,0.0015166596242467349
4,0.02,+/-20%,fixed,reset,0.2,0.2,15,0.0,0.0,0.1.0b1,042c345cfe16,1.1.0a5,0.24346078942753,0.10065819016496416,169116.69608687153,173118.77239214914,0.02366458426565901,True,0.05,0.10172151557075845,True,0.1236067200497103
4,0.02,+/-20%,fixed,carried,0.2,0.2,15,0.0,0.0,0.1.0b1,042c345cfe16,1.1.0a5,7.926296328355363e-06,2.94223217159217e-06,169116.69608687153,169116.70204175374,3.521167545917179e-08,False,0.05,3.386626663100767e-06,False,3.5657564324030942e-06
4,0.04,NHF,rolling,reset,,,15,0.0,0.0,0.1.0b1,042c345cfe16,1.1.0a5,0.0,0.0,184714.4435,184714.4435,0.0,False,0.05,0.0,False,0.0
4,0.04,NHF,rolling,carried,,,15,0.0,0.0,0.1.0b1,042c345cfe16,1.1.0a5,0.0,0.0,184714.4435,184714.4435,0.0,False,0.05,0.0,False,0.0
4,0.04,NHF,fixed,reset,,,15,0.0,0.0,0.1.0b1,042c345cfe16,1.1.0a5,0.0,0.0,184714.4435,184714.4435,0.0,False,0.05,0.0,False,0.0
4,0.04,NHF,fixed,carried,,,15,0.0,0.0,0.1.0b1,042c345cfe16,1.1.0a5,0.0,0.0,184714.4435,184714.4435,0.0,False,0.05,0.0,False,0.0
4,0.04,NDY,rolling,reset,0.0,,15,0.0,0.0,0.1.0b1,042c345cfe16,1.1.0a5,9.103847320664484e-10,1.9422498972451525e-10,164305.87970415715,164305.87969869561,-3.324006129210416e-11,False,0.05,2.7243140627307807e-10,False,2.5729449617491123e-10
4,0.04,NDY,rolling,carried,0.0,,15,0.0,0.0,0.1.0b1,042c345cfe16,1.1.0a5,9.103847320664484e-10,1.9422549490635501e-10,164305.87970415715,164305.8796986957,-3.323952989607909e-11,False,0.05,2.724321640458377e-10,False,2.572952026901005e-10
4,0.04,NDY,fixed,reset,0.0,,15,0.0,0.0,0.1.0b1,042c345cfe16,1.1.0a5,0.184905165066257,0.014443509434663342,164305.87970415715,166552.5869872729,0.013673931128703834,False,0.05,0.0015873738713674315,False,0.0016904503073581925
4,0.04,NDY,fixed,carried,0.0,,15,0.0,0.07142857142857142,0.1.0b1,042c345cfe16,1.1.0a5,4.2869874568900216e-05,3.2619754505770018e-06,164305.87970415715,164306.30363767338,2.5801481784506174e-06,False,0.05,3.0009818921749274e-07,False,3.1957311360141384e-07
4,0.04,-10%,rolling,reset,0.1,,15,0.0,0.0,0.1.0b1,042c345cfe16,1.1.0a5,9.206829163133167e-10,2.848622712169345e-10,165942.8430961302,165942.8430925683,-2.146462798768858e-11,False,0.05,1.7734188191711776e-10,False,1.649999984548632e-10
4,0.04,-10%,rolling,carried,0.1,,15,0.0,0.0,0.1.0b1,042c345cfe16,1.1.0a5,9.206829163133167e-10,2.8486229127882387e-10,165942.8430961302,165942.84309256825,-2.146497875702474e-11,False,0.05,1.77341891284574e-10,False,1.6500001425573376e-10
4,0.04,-10%,fixed,reset,0.1,,15,0.0,0.0,0.1.0b1,042c345cfe16,1.1.0a5,9.206829163133167e-10,2.848622207084869e-10,165942.8430961302,165942.8430925683,-2.146462798768858e-11,False,0.05,1.7734180615444638e-10,False,1.649999194505103e-10
4,0.04,-10%,fixed,carried,0.1,,15,0.0,0.0,0.1.0b1,042c345cfe16,1.1.0a5,9.206829163133167e-10,2.8486225207912067e-10,165942.8430961302,165942.8430925683,-2.146462798768858e-11,False,0.05,1.7734185321039704e-10,False,1.6499996685312202e-10
4,0.04,-20%,rolling,reset,0.2,,15,0.0,0.0,0.1.0b1,042c345cfe16,1.1.0a5,0.02982218618723678,0.003167700640974088,173203.31675157804,172393.67970150773,-0.004674489295326549,False,0.05,0.0008846662169205618,False,0.0007333645108873575
4,0.04,-20%,rolling,carried,0.2,,15,0.0,0.0,0.1.0b1,042c345cfe16,1.1.0a5,0.05529100433595458,0.003686200421122979,173203.31675157804,171985.76034431235,-0.007029636788145353,False,0.05,1.001341686325107e-07,False,8.299712143675544e-08
4,0.04,-20%,fixed,reset,0.2,,15,0.0,0.0,0.1.0b1,042c345cfe16,1.1.0a5,6.802837130374232e-10,1.5575526377494648e-10,173203.31675157804,173203.31674862804,-1.7031968060727727e-11,False,0.05,1.3436521916561038e-10,False,9.995357515917646e-11
4,0.04,-20%,fixed,carried,0.2,,15,0.0,0.0,0.1.0b1,042c345cfe16,1.1.0a5,6.802837130374232e-10,1.5575529173351783e-10,173203.31675157804,173203.31674862804,-1.7031968060727727e-11,False,0.05,1.3436526110346744e-10,False,9.995362226069873e-11
4,0.04,+/-10%,rolling,reset,0.1,0.1,15,0.0,0.0,0.1.0b1,042c345cfe16,1.1.0a5,0.3906534367299643,0.13480511138370327,165231.1062933096,163816.24435002892,-0.008562927253958373,True,0.05,0.11156997492455363,True,0.14280068753421613
4,0.04,+/-10%,rolling,carried,0.1,0.1,15,0.0,0.0,0.1.0b1,042c345cfe16,1.1.0a5,0.11542296772657294,0.018318601920667983,165231.1062933096,162591.25900302682,-0.015976696818797907,False,0.05,1.693321794749102e-06,False,1.705356329385576e-06
4,0.04,+/-10%,fixed,reset,0.1,0.1,15,0.0,0.0,0.1.0b1,042c345cfe16,1.1.0a5,0.39075709107027956,0.15494759648379103,165231.1062933096,168994.28476318577,0.022775242230697042,True,0.05,0.11318622763501722,True,0.14562911576494192
4,0.04,+/-10%,fixed,carried,0.1,0.1,15,0.0,0.0,0.1.0b1,042c345cfe16,1.1.0a5,1.676542411329746e-05,2.3529650965632597e-06,165231.1062933096,165231.09557291062,-6.488123947137373e-08,False,0.05,1.2265435939080656e-06,False,1.3184306559134823e-06
4,0.04,+/-20%,rolling,reset,0.2,0.2,15,0.0,0.0,0.1.0b1,042c345cfe16,1.1.0a5,0.5329103173261013,0.1823483732258972,162160.62391729702,166721.03256137992,0.0281227867401937,True,0.05,0.15489291518468498,True,0.24225312654194275
4,0.04,+/-20%,rolling,carried,0.2,0.2,15,0.0,0.0,0.1.0b1,042c345cfe16,1.1.0a5,0.074405048136223,0.010739726928129053,162160.62391729702,160525.02225579802,-0.010086305923028362,False,0.05,0.0004101002027704549,False,0.0006504890291620938
4,0.04,+/-20%,fixed,reset,0.2,0.2,15,0.0,0.0,0.1.0b1,042c345cfe16,1.1.0a5,0.5894224152220331,0.20634369285818177,162160.62391729702,174977.78914043488,0.07903993530312693,True,0.05,0.15167512666809424,True,0.2387831673767743
4,0.04,+/-20%,fixed,carried,0.2,0.2,15,0.0,0.0,0.1.0b1,042c345cfe16,1.1.0a5,3.417208817761044e-05,5.858846903117493e-06,162160.62391729702,162160.1932393664,-2.655872432017654e-06,False,0.05,1.2136517949165432e-06,False,1.4802301625921533e-06
4,0.06,NHF,rolling,reset,,,15,0.0,0.0,0.1.0b1,042c345cfe16,1.1.0a5,0.0,0.0,184714.4435,184714.4435,0.0,False,0.05,0.0,False,0.0
4,0.06,NHF,rolling,carried,,,15,0.0,0.0,0.1.0b1,042c345cfe16,1.1.0a5,0.0,0.0,184714.4435,184714.4435,0.0,False,0.05,0.0,False,0.0
4,0.06,NHF,fixed,reset,,,15,0.0,0.0,0.1.0b1,042c345cfe16,1.1.0a5,0.0,0.0,184714.4435,184714.4435,0.0,False,0.05,0.0,False,0.0
4,0.06,NHF,fixed,carried,,,15,0.0,0.0,0.1.0b1,042c345cfe16,1.1.0a5,0.0,0.0,184714.4435,184714.4435,0.0,False,0.05,0.0,False,0.0
4,0.06,NDY,rolling,reset,0.0,,15,0.0,0.0,0.1.0b1,042c345cfe16,1.1.0a5,0.0655781142713534,0.004371874348986728,162170.93652706122,161350.0598725609,-0.005061798815987832,False,0.05,8.261413393431908e-11,False,8.150630856446497e-11
4,0.06,NDY,rolling,carried,0.0,,15,0.0,0.0,0.1.0b1,042c345cfe16,1.1.0a5,0.0655781142713537,0.004371874346332279,162170.93652706122,161350.05987459334,-0.00506179880345515,False,0.05,7.86324152929112e-11,False,7.726322362337341e-11
4,0.06,NDY,fixed,reset,0.0,,15,0.0,0.0,0.1.0b1,042c345cfe16,1.1.0a5,4.4800279974538147e-10,1.0101691303126144e-10,162170.93652706122,162170.936536752,5.975663670816197e-11,False,0.05,1.1640498549470817e-10,False,1.1751522830818168e-10
4,0.06,NDY,fixed,carried,0.0,,15,0.0,0.0,0.1.0b1,042c345cfe16,1.1.0a5,2.1389750624130958e-10,7.848966912689063e-11,162170.93652706122,162170.93653046343,2.097915168661551e-11,False,0.05,8.261411963815197e-11,False,8.15062913617464e-11
4,0.06,-10%,rolling,reset,0.1,,15,0.0,0.0,0.1.0b1,042c345cfe16,1.1.0a5,0.3029378047352592,0.020195853796287317,169289.0595729477,162452.21965349276,-0.040385598081185546,False,0.05,1.4330477424147407e-10,False,1.1415397387056801e-10
4,0.06,-10%,rolling,carried,0.1,,15,0.0,0.0,0.1.0b1,042c345cfe16,1.1.0a5,0.31796987526833126,0.021197991797926103,169289.0595729477,162112.9689537328,-0.042389571052715756,False,0.05,1.0417660342782521e-10,False,8.061083323003761e-11
4,0.06,-10%,fixed,reset,0.1,,15,0.0,0.0,0.1.0b1,042c345cfe16,1.1.0a5,5.877762311225952e-10,1.2620785829869806e-10,169289.0595729477,169289.0595680038,-2.920387647014753e-11,False,0.05,1.153373799027281e-10,False,9.222583949335972e-11
4,0.06,-10%,fixed,carried,0.1,,15,0.0,0.0,0.1.0b1,042c345cfe16,1.1.0a5,5.877762311225952e-10,1.262078581696008e-10,169289.0595729477,169289.0595680038,-2.920387647014753e-11,False,0.05,1.1533737970908222e-10,False,9.222583949335972e-11
4,0.06,-20%,rolling,reset,0.2,,15,0.0,0.0,0.1.0b1,042c345cfe16,1.1.0a5,0.264612606878272,0.01764084061587173,176705.98324926823,169216.63599817213,-0.04238309939132814,False,0.05,1.2745386912862463e-10,False,8.720323782106101e-11
4,0.06,-20%,rolling,carried,0.2,,15,0.0,0.0,0.1.0b1,042c345cfe16,1.1.0a5,0.26461260687827187,0.017640840615871695,176705.98324926823,169216.63599817216,-0.04238309939132797,False,0.05,1.2745382878634495e-10,False,8.720320542186505e-11
4,0.06,-20%,fixed,reset,0.2,,15,0.0,0.0,0.1.0b1,042c345cfe16,1.1.0a5,7.910887780389701e-10,1.5946899333648213e-10,176705.98324926823,176705.98324279266,-3.664603231718589e-11,False,0.05,1.2669425525185017e-10,False,8.651524089473505e-11
4,0.06,-20%,fixed,carried,0.2,,15,0.0,0.0,0.1.0b1,042c345cfe16,1.1.0a5,7.910887780389701e-10,1.5946899333648213e-10,176705.98324926823,176705.98324279266,-3.664603231718589e-11,False,0.05,1.2669425525185017e-10,False,8.651524089473505e-11
4,0.06,+/-10%,rolling,reset,0.1,0.1,15,0.0,0.0,0.1.0b1,042c345cfe16,1.1.0a5,0.39193140682354416,0.12258639957548587,165231.1062933096,163629.82023150055,-0.009691190101738651,True,0.05,0.08396523676910742,True,0.11942528026729195
4,0.06,+/-10%,rolling,carried,0.1,0.1,15,0.0,0.0,0.1.0b1,042c345cfe16,1.1.0a5,0.25044322182221107,0.027404248670708533,165231.1062933096,161312.7718175553,-0.023714266421473163,False,0.05,1.0001454571265078e-06,False,1.1351281503866182e-06
4,0.06,+/-10%,fixed,reset,0.1,0.1,15,0.0,0.0,0.1.0b1,042c345cfe16,1.1.0a5,0.39193140682354416,0.13864625553504348,165231.1062933096,168784.13843832273,0.021503409525721957,True,0.05,0.08396523676910583,True,0.11942528026729042
4,0.06,+/-10%,fixed,carried,0.1,0.1,15,0.0,0.0,0.1.0b1,042c345cfe16,1.1.0a5,1.6763372234722936e-05,2.201862041091863e-06,165231.1062933096,165231.09442802277,-7.18102486396273e-08,False,0.05,1.0001454571049916e-06,False,1.1351281503681675e-06
4,0.06,+/-20%,rolling,reset,0.2,0.2,15,0.0,0.0,0.1.0b1,042c345cfe16,1.1.0a5,0.631678584359026,0.21342159509427036,164313.44983064217,165787.3368634736,0.008969971930785775,True,0.05,0.14460229146273385,True,0.27919109902240047
4,0.06,+/-20%,rolling,carried,0.2,0.2,15,0.0,0.0,0.1.0b1,042c345cfe16,1.1.0a5,0.15909511107337546,0.010742467859325847,164313.44983064217,162210.14907153114,-0.012800539221097895,False,0.05,1.000194695522448e-06,False,1.2296906651732773e-06
4,0.06,+/-20%,fixed,reset,0.2,0.2,15,0.0,0.0,0.1.0b1,042c345cfe16,1.1.0a5,0.6351946541596981,0.23021645909058108,164313.44983064217,172782.25266923188,0.051540533336245434,True,0.05,0.14460229143920028,True,0.27919109901202743
4,0.06,+/-20%,fixed,carried,0.2,0.2,15,0.0,0.0,0.1.0b1,042c345cfe16,1.1.0a5,8.151233827921198e-06,2.126179677416447e-06,164313.44983064217,164313.42316728714,-1.6227128735976948e-07,False,0.05,1.0001946954694156e-06,False,1.2296906651135308e-06
5,0.0,NHF,rolling,reset,,,15,0.0,0.0,0.1.0b1,042c345cfe16,1.1.0a5,1.0,0.3748093515457296,155996.9342109379,138812.41039610707,-0.11015936884755732,True,0.05,0.4228515421240303,True,0.3811686541926653
5,0.0,NHF,rolling,carried,,,15,0.0,0.0,0.1.0b1,042c345cfe16,1.1.0a5,1.0,0.3748093515457296,155996.9342109379,138812.41039610707,-0.11015936884755732,True,0.05,0.4228515421240303,True,0.3811686541926653
5,0.0,NHF,fixed,reset,,,15,0.0,0.0,0.1.0b1,042c345cfe16,1.1.0a5,1.0,0.0759011066648305,155996.9342109379,155996.9342109379,0.0,True,0.05,0.0,False,0.0
5,0.0,NHF,fixed,carried,,,15,0.0,0.0,0.1.0b1,042c345cfe16,1.1.0a5,1.0,0.0759011066648305,155996.9342109379,155996.9342109379,0.0,True,0.05,0.0,False,0.0
5,0.0,NDY,rolling,reset,0.0,,15,0.0,0.0,0.1.0b1,042c345cfe16,1.1.0a5,0.7733214493718907,0.1630569786286027,136449.2120477605,114735.25698332414,-0.15913580400036273,True,0.05,0.13531994709310385,True,0.14904902979860923
5,0.0,NDY,rolling,carried,0.0,,15,0.0,0.0,0.1.0b1,042c345cfe16,1.1.0a5,0.7699412280876696,0.12966804094583811,136449.2120477605,117002.88617083157,-0.14251695253558697,True,0.05,0.07659747586947199,True,0.09480758924937681
5,0.0,NDY,fixed,reset,0.0,,15,0.0,0.0,0.1.0b1,042c345cfe16,1.1.0a5,1.0,0.3783061384654952,136449.2120477605,137905.9122362189,0.0106757684166657,True,0.05,0.24564821420476807,True,0.2622294327781309
5,0.0,NDY,fixed,carried,0.0,,15,0.0,0.0,0.1.0b1,042c345cfe16,1.1.0a5,7.000107271893504e-06,2.4398833286867394e-06,136449.2120477605,136449.24813289853,2.644583834354947e-07,False,0.05,1.7108403401410356e-06,False,1.8242516183509868e-06
5,0.0,-10%,rolling,reset,0.1,,15,0.0,0.0,0.1.0b1,042c345cfe16,1.1.0a5,0.7123247079688175,0.18382719294243277,140602.74000074645,123786.26044230483,-0.11960278696099619,True,0.05,0.1258968611591646,True,0.14750521901422256
5,0.0,-10%,rolling,carried,0.1,,15,0.0,0.0,0.1.0b1,042c345cfe16,1.1.0a5,0.7093774596234868,0.1906292647216873,140602.74000074645,122811.62423171937,-0.12653463061198256,True,0.05,0.15751687205953369,True,0.19228304829014956
5,0.0,-10%,fixed,reset,0.1,,15,0.0,0.0,0.1.0b1,042c345cfe16,1.1.0a5,1.0,0.3261560296463326,140602.74000074645,142247.96586251227,0.011701236133499876,True,0.05,0.19309458891741604,True,0.19307511144935297
5,0.0,-10%,fixed,carried,0.1,,15,0.0,0.0,0.1.0b1,042c345cfe16,1.1.0a5,4.000213379197589e-06,1.2299580060853303e-06,140602.74000074645,140602.7494543949,6.723658776798606e-08,False,0.05,7.231626857057711e-07,False,6.759436485392145e-07
5,0.0,-20%,rolling,reset,0.2,,15,0.0,0.0,0.1.0b1,042c345cfe16,1.1.0a5,0.6724881100702079,0.24066282968348537,144915.3421804734,124983.85300723625,-0.13753884767021463,True,0.05,0.20408683094562824,True,0.2290829207838356
5,0.0,-20%,rolling,carried,0.2,,15,0.0,0.0,0.1.0b1,042c345cfe16,1.1.0a5,0.6676407300993114,0.2520809678934651,144915.3421804734,125048.56133275694,-0.1370923226539737,True,0.05,0.22439253392510441,True,0.2890527281280298
5,0.0,-20%,fixed,reset,0.2,,15,0.0,0.0,0.1.0b1,042c345cfe16,1.1.0a5,1.0,0.2992778068060779,144915.3421804734,145941.31257529688,0.007079791410530938,True,0.05,0.19113108856486577,True,0.16631598762952365
5,0.0,-20%,fixed,carried,0.2,,15,0.0,0.0,0.1.0b1,042c345cfe16,1.1.0a5,0.5909254389380585,0.04835128753025076,144915.3421804734,144915.36059380329,1.2706266705976568e-07,False,0.05,1.0998863031583702e-06,False,8.582362950038265e-07
5,0.0,+/-10%,rolling,reset,0.1,0.1,15,0.0,0.0,0.1.0b1,042c345cfe16,1.1.0a5,0.3405761615199282,0.16894803442132494,130737.43459217211,125362.06684280092,-0.04111575055866239,True,0.05,0.15274195303075264,True,0.20822027635538953
5,0.0,+/-10%,rolling,carried,0.1,0.1,15,0.0,0.0,0.1.0b1,042c345cfe16,1.1.0a5,0.2888650811814969,0.10908779294905457,130737.43459217211,119625.76759529322,-0.08499223678008595,True,0.05,0.05745113455138837,True,0.07464567380316833
5,0.0,+/-10%,fixed,reset,0.1,0.1,15,0.0,0.0,0.1.0b1,042c345cfe16,1.1.0a5,0.21397782220016662,0.0241720415845445,130737.43459217211,131261.01156983833,0.004004797702352721,False,0.05,0.029653493443980446,False,0.03723918428262233
5,0.0,+/-10%,fixed,carried,0.1,0.1,15,0.0,0.0,0.1.0b1,042c345cfe16,1.1.0a5,9.996294317011456e-07,1.0270216179217616e-07,130737.43459217211,130737.43656746006,1.510881677772243e-08,False,0.05,1.300807421257308e-07,False,1.364948501503093e-07
5,0.0,+/-20%,rolling,reset,0.2,0.2,15,0.0,0.0,0.1.0b1,042c345cfe16,1.1.0a5,0.47781412725950995,0.17551834034716107,134999.8367833186,125741.42727868364,-0.06858089406059929,True,0.05,0.13702861071527977,True,0.16407027920766595
5,0.0,+/-20%,rolling,carried,0.2,0.2,15,0.0,0.0,0.1.0b1,042c345cfe16,1.1.0a5,0.4450093299898523,0.17554364659166946,134999.8367833186,117722.34472377444,-0.12798157739461116,True,0.05,0.11805116365573194,True,0.13718548101377182
5,0.0,+/-20%,fixed,reset,0.2,0.2,15,0.0,0.0,0.1.0b1,042c345cfe16,1.1.0a5,0.23772439692824576,0.030914187452261235,134999.8367833186,135633.11170923506,0.004690931048552993,False,0.05,0.03815898057208246,False,0.054529811919887684
5,0.0,+/-20%,fixed,carried,0.2,0.2,15,0.0,0.0,0.1.0b1,042c345cfe16,1.1.0a5,9.99999997572417e-07,3.27347635789855e-07,134999.8367833186,134999.84542356373,6.400189313483402e-08,False,0.05,4.437649170509554e-07,False,4.2995769237181815e-07
5,0.02,NHF,rolling,reset,,,15,0.0,0.0,0.1.0b1,042c345cfe16,1.1.0a5,2.0957823762642205e-16,1.3971882508428136e-17,150020.02944895707,150020.02944895707,0.0,False,0.05,0.0,False,0.0
5,0.02,NHF,rolling,carried,,,15,0.0,0.0,0.1.0b1,042c345cfe16,1.1.0a5,2.0957823762642205e-16,1.3971882508428136e-17,150020.02944895707,150020.02944895707,0.0,False,0.05,0.0,False,0.0
5,0.02,NHF,fixed,reset,,,15,0.0,0.0,0.1.0b1,042c345cfe16,1.1.0a5,2.0957823762642205e-16,1.3971882508428136e-17,150020.02944895707,150020.02944895707,0.0,False,0.05,0.0,False,0.0
5,0.02,NHF,fixed,carried,,,15,0.0,0.0,0.1.0b1,042c345cfe16,1.1.0a5,2.0957823762642205e-16,1.3971882508428136e-17,150020.02944895707,150020.02944895707,0.0,False,0.05,0.0,False,0.0
5,0.02,NDY,rolling,reset,0.0,,15,0.0,0.0,0.1.0b1,042c345cfe16,1.1.0a5,0.5916886570859069,0.07185808646905446,142834.00044196847,124372.41814407325,-0.12925201451174023,True,0.05,0.028402501096337907,False,0.033889262467819606
5,0.02,NDY,rolling,carried,0.0,,15,0.0,0.0,0.1.0b1,042c345cfe16,1.1.0a5,0.567367811734733,0.042473775627335716,142834.00044196847,130338.97291311935,-0.08747936408828433,False,0.05,0.004649949498887672,False,0.005590363404337927
5,0.02,NDY,fixed,reset,0.0,,15,0.0,0.0,0.1.0b1,042c345cfe16,1.1.0a5,0.12377875561784914,0.053862692512195644,142834.00044196847,136677.0964073773,-0.04310531116918923,True,0.05,0.05051777607627024,True,0.06026389183030692
5,0.02,NDY,fixed,carried,0.0,,15,0.0,0.0,0.1.0b1,042c345cfe16,1.1.0a5,1.7062380782847992e-05,2.2375125567998905e-06,142834.00044196847,142834.20444190275,1.4282309089588077e-06,False,0.05,1.1112098874113343e-06,False,1.325550264251177e-06
5,0.02,-10%,rolling,reset,0.1,,15,0.0,0.0,0.1.0b1,042c345cfe16,1.1.0a5,0.5286972586208,0.07787575574091328,145908.7357657989,127035.0157890887,-0.1293529128167129,True,0.05,0.04157208443160536,False,0.04694290398541343
5,0.02,-10%,rolling,carried,0.1,,15,0.0,0.0,0.1.0b1,042c345cfe16,1.1.0a5,0.5470643395882102,0.05179679796371997,145908.7357657989,132934.35775421083,-0.08892118723044455,True,0.05,0.015755417493638065,False,0.019861618473493377
5,0.02,-10%,fixed,reset,0.1,,15,0.0,0.0,0.1.0b1,042c345cfe16,1.1.0a5,0.10925451392825339,0.04439646515743377,145908.7357657989,140410.36699684872,-0.0376836159952459,False,0.05,0.04370180549599358,False,0.04783730062316055
5,0.02,-10%,fixed,carried,0.1,,15,0.0,0.0,0.1.0b1,042c345cfe16,1.1.0a5,2.999735195412111e-06,6.947072151205199e-07,145908.7357657989,145908.6146193096,-8.302894864256517e-07,False,0.05,8.000387649568128e-07,False,8.412132204244308e-07
5,0.02,-20%,rolling,reset,0.2,,15,0.0,0.0,0.1.0b1,042c345cfe16,1.1.0a5,0.41989910629787075,0.05066609427534136,142897.2956966577,131365.35312226965,-0.08070091542437624,True,0.05,0.0014586185467095226,False,0.0019044378879357437
5,0.02,-20%,rolling,carried,0.2,,15,0.0,0.0,0.1.0b1,042c345cfe16,1.1.0a5,0.42581733438392894,0.03979360097848108,142897.2956966577,131274.74618899426,-0.08133498573923877,False,0.05,0.0009006005337502852,False,0.0011036974824323296
5,0.02,-20%,fixed,reset,0.2,,15,0.0,0.0,0.1.0b1,042c345cfe16,1.1.0a5,0.20828488976651516,0.028101571187401676,142897.2956966577,142869.09439627637,-0.00019735363250819856,False,0.05,0.04163185999959014,False,0.028504610841074026
5,0.02,-20%,fixed,carried,0.2,,15,0.0,0.0,0.1.0b1,042c345cfe16,1.1.0a5,3.000157111744508e-06,5.591116827232267e-07,142897.2956966577,142897.2562282012,-2.762015635343818e-07,False,0.05,8.385376056291184e-07,False,6.024167379263119e-07
5,0.02,+/-10%,rolling,reset,0.1,0.1,15,0.0,0.0,0.1.0b1,042c345cfe16,1.1.0a5,0.3799320515339823,0.15023363952705554,128920.11734474736,134886.13192368575,0.04627683174523167,True,0.05,0.15794071990993003,True,0.20261561344546575
5,0.02,+/-10%,rolling,carried,0.1,0.1,15,0.0,0.0,0.1.0b1,042c345cfe16,1.1.0a5,0.15506261620300618,0.046779365707094865,128920.11734474736,126481.3961250784,-0.018916529630108286,False,0.05,0.02048379676945767,False,0.025746035420507553
5,0.02,+/-10%,fixed,reset,0.1,0.1,15,0.0,0.0,0.1.0b1,042c345cfe16,1.1.0a5,0.3791628663735109,0.12186850457461776,128920.11734474736,135662.87727683346,0.05230184451395729,True,0.05,0.15814467844055852,True,0.20499547701625362
5,0.02,+/-10%,fixed,carried,0.1,0.1,15,0.0,0.0,0.1.0b1,042c345cfe16,1.1.0a5,1.5548038599954383e-05,6.745983121830813e-06,128920.11734474736,128919.85462911807,-2.0378171746840816e-06,False,0.05,3.8997917781745675e-06,False,4.315645614344948e-06
5,0.02,+/-20%,rolling,reset,0.2,0.2,15,0.0,0.0,0.1.0b1,042c345cfe16,1.1.0a5,0.4327637864893719,0.18069175251286224,125317.10129737682,137367.31343558079,0.09615776309419152,True,0.05,0.1965959694119695,True,0.2633281897277815
5,0.02,+/-20%,rolling,carried,0.2,0.2,15,0.0,0.0,0.1.0b1,042c345cfe16,1.1.0a5,0.12116408745058094,0.05293337675617823,125317.10129737682,123779.25123488171,-0.012271669601148864,True,0.05,0.031135003455817423,False,0.031011562121861548
5,0.02,+/-20%,fixed,reset,0.2,0.2,15,0.0,0.0,0.1.0b1,042c345cfe16,1.1.0a5,0.4221004582779482,0.20314570691496311,125317.10129737682,142318.2725997143,0.13566521349702942,True,0.05,0.19115241121196294,True,0.2634502256547574
5,0.02,+/-20%,fixed,carried,0.2,0.2,15,0.0,0.0,0.1.0b1,042c345cfe16,1.1.0a5,1.0040134786738454e-05,3.994827900013723e-06,125317.10129737682,125317.63841344144,4.286055606590519e-06,False,0.05,1.9764071388061116e-06,False,2.2336406292732338e-06
5,0.04,NHF,rolling,reset,,,15,0.0,0.0,0.1.0b1,042c345cfe16,1.1.0a5,2.0957823762642205e-16,1.3971882508428136e-17,150020.02944895707,150020.02944895707,0.0,False,0.05,0.0,False,0.0
5,0.04,NHF,rolling,carried,,,15,0.0,0.0,0.1.0b1,042c345cfe16,1.1.0a5,2.0957823762642205e-16,1.3971882508428136e-17,150020.02944895707,150020.02944895707,0.0,False,0.05,0.0,False,0.0
5,0.04,NHF,fixed,reset,,,15,0.0,0.0,0.1.0b1,042c345cfe16,1.1.0a5,2.0957823762642205e-16,1.3971882508428136e-17,150020.02944895707,150020.02944895707,0.0,False,0.05,0.0,False,0.0
5,0.04,NHF,fixed,carried,,,15,0.0,0.0,0.1.0b1,042c345cfe16,1.1.0a5,2.0957823762642205e-16,1.3971882508428136e-17,150020.02944895707,150020.02944895707,0.0,False,0.05,0.0,False,0.0
5,0.04,NDY,rolling,reset,0.0,,15,0.0,0.0,0.1.0b1,042c345cfe16,1.1.0a5,0.16516294374842871,0.06468988312710193,132970.47008807302,122950.62879775571,-0.0753538833372603,True,0.05,0.04118777227768415,False,0.049599652853111555
5,0.04,NDY,rolling,carried,0.0,,15,0.0,0.0,0.1.0b1,042c345cfe16,1.1.0a5,0.022283412168939434,0.014853465894490374,132970.47008807302,130669.8109573282,-0.01730203051264678,False,0.05,0.013367402112109414,False,0.016097459670299585
5,0.04,NDY,fixed,reset,0.0,,15,0.0,0.0,0.1.0b1,042c345cfe16,1.1.0a5,0.20635636682714395,0.056588512919596386,132970.47008807302,128157.08859015444,-0.036198875545302954,True,0.05,0.04189677432963982,False,0.05045345614797286
5,0.04,NDY,fixed,carried,0.0,,15,0.0,0.0,0.1.0b1,042c345cfe16,1.1.0a5,0.00010064389034690599,8.176313585244156e-06,132970.47008807302,132971.28227499477,6.108024745682446e-06,False,0.05,1.0000880603136189e-06,False,1.2042968560045887e-06
5,0.04,-10%,rolling,reset,0.1,,15,0.0,0.0,0.1.0b1,042c345cfe16,1.1.0a5,0.4177492986892327,0.08206803857415086,141686.02007335538,125167.00746912947,-0.11658886738207119,True,0.05,0.042193092093691265,False,0.043170213767904725
5,0.04,-10%,rolling,carried,0.1,,15,0.0,0.0,0.1.0b1,042c345cfe16,1.1.0a5,0.45290198739864346,0.030194532556286242,141686.02007335538,131110.08141776113,-0.07464348741053455,False,0.05,1.5000791401252977e-06,False,1.6289781484471387e-06
5,0.04,-10%,fixed,reset,0.1,,15,0.0,0.0,0.1.0b1,042c345cfe16,1.1.0a5,0.19567017948389973,0.05449135836614758,141686.02007335538,135018.04803193102,-0.047061608745676824,True,0.05,0.04219309209457835,False,0.043170213768826585
5,0.04,-10%,fixed,carried,0.1,,15,0.0,0.0,0.1.0b1,042c345cfe16,1.1.0a5,4.999990000421514e-06,1.3577191076764925e-06,141686.02007335538,141685.96714940175,-3.7352982036551274e-07,False,0.05,1.5000791399310134e-06,False,1.6289781482669119e-06
5,0.04,-20%,rolling,reset,0.2,,15,0.0,0.0,0.1.0b1,042c345cfe16,1.1.0a5,0.3822935973268787,0.06430837866194376,146081.60341733816,132485.3529436746,-0.09307298219352544,True,0.05,0.03309168137627273,False,0.03604696500456098
5,0.04,-20%,rolling,carried,0.2,,15,0.0,0.0,0.1.0b1,042c345cfe16,1.1.0a5,0.3698583880542162,0.030162905335027447,146081.60341733816,135432.75373303948,-0.07289658269889161,False,0.05,0.008258519179619431,False,0.007070045525388133
5,0.04,-20%,fixed,reset,0.2,,15,0.0,0.0,0.1.0b1,042c345cfe16,1.1.0a5,0.12104245693606926,0.0417198335444446,146081.60341733816,142712.82922575885,-0.02306090645757166,False,0.05,0.03743822341825318,False,0.037389758784390624
5,0.04,-20%,fixed,carried,0.2,,15,0.0,0.0,0.1.0b1,042c345cfe16,1.1.0a5,1.0001355427650735e-06,1.3340496758114304e-07,146081.60341733816,146081.58581910154,-1.2046853408149142e-07,False,0.05,2.000754926044846e-07,False,1.9536907465629133e-07
5,0.04,+/-10%,rolling,reset,0.1,0.1,15,0.0,0.0,0.1.0b1,042c345cfe16,1.1.0a5,0.35700546071199396,0.1523582952505152,126720.88529056216,134163.53243493228,0.058732600607268835,True,0.05,0.14491536683707246,True,0.18066644245474417
5,0.04,+/-10%,rolling,carried,0.1,0.1,15,0.0,0.0,0.1.0b1,042c345cfe16,1.1.0a5,0.019486668200277557,0.004334445850671294,126720.88529056216,127293.96427091876,0.004522371975563225,False,0.05,0.0004380456671010456,False,0.0004952106754264683
5,0.04,+/-10%,fixed,reset,0.1,0.1,15,0.0,0.0,0.1.0b1,042c345cfe16,1.1.0a5,0.42099385914594495,0.15850918616730197,126720.88529056216,135879.84679142263,0.07227665336980257,True,0.05,0.1450573439862145,True,0.18066644244630486
5,0.04,+/-10%,fixed,carried,0.1,0.1,15,0.0,0.0,0.1.0b1,042c345cfe16,1.1.0a5,7.000214540412706e-06,3.956067508621253e-06,126720.88529056216,126721.15403936019,2.1207932489821404e-06,False,0.05,3.90023024387553e-06,False,4.341182648769754e-06
5,0.04,+/-20%,rolling,reset,0.2,0.2,15,0.0,0.0,0.1.0b1,042c345cfe16,1.1.0a5,0.6227972362326865,0.20891476962971395,123493.18119145132,140776.38031861902,0.13995265941342602,True,0.05,0.16584546743185022,True,0.2032706856233763
5,0.04,+/-20%,rolling,carried,0.2,0.2,15,0.0,0.0,0.1.0b1,042c345cfe16,1.1.0a5,0.09227028475600124,0.022009026981290435,123493.18119145132,124706.09320672296,0.00982169220656207,False,0.05,0.00426654146846275,False,0.004748644181482477
5,0.04,+/-20%,fixed,reset,0.2,0.2,15,0.0,0.0,0.1.0b1,042c345cfe16,1.1.0a5,0.713600634028629,0.21440633000125048,123493.18119145132,146415.38551696466,0.18561514169739515,True,0.05,0.16470715348299841,True,0.2008963974242983
5,0.04,+/-20%,fixed,carried,0.2,0.2,15,0.0,0.0,0.1.0b1,042c345cfe16,1.1.0a5,5.697999631164723e-06,2.4916751146152745e-06,123493.18119145132,123493.15620771148,-2.023086586897609e-07,False,0.05,2.879246292009345e-06,False,3.12830483132493e-06
5,0.06,NHF,rolling,reset,,,15,0.0,0.0,0.1.0b1,042c345cfe16,1.1.0a5,2.0957823762642205e-16,1.3971882508428136e-17,150020.02944895707,150020.02944895707,0.0,False,0.05,0.0,False,0.0
5,0.06,NHF,rolling,carried,,,15,0.0,0.0,0.1.0b1,042c345cfe16,1.1.0a5,2.0957823762642205e-16,1.3971882508428136e-17,150020.02944895707,150020.02944895707,0.0,False,0.05,0.0,False,0.0
5,0.06,NHF,fixed,reset,,,15,0.0,0.0,0.1.0b1,042c345cfe16,1.1.0a5,2.0957823762642205e-16,1.3971882508428136e-17,150020.02944895707,150020.02944895707,0.0,False,0.05,0.0,False,0.0
5,0.06,NHF,fixed,carried,,,15,0.0,0.0,0.1.0b1,042c345cfe16,1.1.0a5,2.0957823762642205e-16,1.3971882508428136e-17,150020.02944895707,150020.02944895707,0.0,False,0.05,0.0,False,0.0
5,0.06,NDY,rolling,reset,0.0,,15,0.0,0.0,0.1.0b1,042c345cfe16,1.1.0a5,0.3323301666670977,0.07759783367891328,133032.34901842906,121005.98771155009,-0.09040178118791957,True,0.05,0.035376866851186475,False,0.04260905215027911
5,0.06,NDY,rolling,carried,0.0,,15,0.0,0.0,0.1.0b1,042c345cfe16,1.1.0a5,0.030564818543068133,0.020373637433460264,133032.34901842906,129874.77731036583,-0.02373536761066897,False,0.05,0.01833511039504147,False,0.022083404886562033
5,0.06,NDY,fixed,reset,0.0,,15,0.0,0.0,0.1.0b1,042c345cfe16,1.1.0a5,0.30336623110603256,0.044047338271410344,133032.34901842906,126205.75117225264,-0.05131532214943242,False,0.05,0.030606663563831765,False,0.03686366373891256
5,0.06,NDY,fixed,carried,0.0,,15,0.0,0.07142857142857142,0.1.0b1,042c345cfe16,1.1.0a5,6.000472888185031e-06,2.200098909881534e-06,133032.34901842906,133032.00805189754,-2.5630347357458173e-06,False,0.05,1.5000843782324124e-06,False,1.8067088443237422e-06
5,0.06,-10%,rolling,reset,0.1,,15,0.0,0.0,0.1.0b1,042c345cfe16,1.1.0a5,0.3879000552883377,0.1432991682501686,140568.84028332855,127131.68611687445,-0.09559127143234848,True,0.05,0.11170552556855193,True,0.09919248920518198
5,0.06,-10%,rolling,carried,0.1,,15,0.0,0.07142857142857142,0.1.0b1,042c345cfe16,1.1.0a5,0.3579930762431283,0.023873922485056067,140568.84028332855,132860.71633597123,-0.054835224732742605,False,0.05,1.5681507659081336e-06,False,1.5807861627764359e-06
5,0.06,-10%,fixed,reset,0.1,,15,0.0,0.0,0.1.0b1,042c345cfe16,1.1.0a5,0.29815540965280524,0.12070260312445855,140568.84028332855,134428.98985078934,-0.04367860202989381,True,0.05,0.11170552558158042,True,0.09919248921800032
5,0.06,-10%,fixed,carried,0.1,,15,0.0,0.07142857142857142,0.1.0b1,042c345cfe16,1.1.0a5,8.364622685192613e-06,1.7862890756227168e-06,140568.84028332855,140568.56068828033,-1.9890257873755757e-06,False,0.05,1.3681625090513945e-06,False,1.3938618806644524e-06
5,0.06,-20%,rolling,reset,0.2,,15,0.0,0.0,0.1.0b1,042c345cfe16,1.1.0a5,0.34449832155741306,0.10290078009237971,148191.11673424198,132468.589962896,-0.10609628375729113,True,0.05,0.09475981109887319,True,0.07467103764323293
5,0.06,-20%,rolling,carried,0.2,,15,0.0,0.0,0.1.0b1,042c345cfe16,1.1.0a5,0.3009660170627101,0.020064737550339003,148191.11673424198,140501.2583860463,-0.05189149334764954,False,0.05,5.046017373971645e-07,False,4.139247149597083e-07
5,0.06,-20%,fixed,reset,0.2,,15,0.0,0.0,0.1.0b1,042c345cfe16,1.1.0a5,0.2509485993520673,0.08003623616269075,148191.11673424198,141309.88023450942,-0.04643487849594254,True,0.05,0.09475981109887317,True,0.0746710376432329
5,0.06,-20%,fixed,carried,0.2,,15,0.0,0.0,0.1.0b1,042c345cfe16,1.1.0a5,2.04595745904471e-06,3.5322601975864904e-07,148191.11673424198,148191.1227689218,4.072227782791201e-08,False,0.05,5.046017373757925e-07,False,4.13924714940301e-07
5,0.06,+/-10%,rolling,reset,0.1,0.1,15,0.0,0.0,0.1.0b1,042c345cfe16,1.1.0a5,0.3823180942969781,0.14268578542961882,130282.37108759694,134304.34717850466,0.03087122269369423,True,0.05,0.13722622980364013,True,0.15325667507260518
5,0.06,+/-10%,rolling,carried,0.1,0.1,15,0.0,0.0,0.1.0b1,042c345cfe16,1.1.0a5,3.3741661959094865e-06,1.2616041028135095e-06,130282.37108759694,130282.35429679615,-1.2888006754821805e-07,False,0.05,1.473805325086016e-06,False,1.61748825323644e-06
5,0.06,+/-10%,fixed,reset,0.1,0.1,15,0.0,0.0,0.1.0b1,042c345cfe16,1.1.0a5,0.4978398571490227,0.15038723627766884,130282.37108759694,137620.02957623295,0.05632119240217422,True,0.05,0.13722622979033078,True,0.15325667505649931
5,0.06,+/-10%,fixed,carried,0.1,0.1,15,0.0,0.0,0.1.0b1,042c345cfe16,1.1.0a5,3.3741661959094865e-06,1.2642933580676618e-06,130282.37108759694,130282.35416331611,-1.2990461174487896e-07,False,0.05,1.4521954101743824e-06,False,1.595844545423029e-06
5,0.06,+/-20%,rolling,reset,0.2,0.2,15,0.0,0.0,0.1.0b1,042c345cfe16,1.1.0a5,0.666613028157051,0.21326138629848151,123224.25761768046,141890.47518653458,0.15148168006634313,True,0.05,0.15955102116813236,True,0.18281369505582956
5,0.06,+/-20%,rolling,carried,0.2,0.2,15,0.0,0.07142857142857142,0.1.0b1,042c345cfe16,1.1.0a5,6.487869840725985e-05,3.418886284043685e-05,123224.25761768046,123220.39783013455,-3.132327693046087e-05,False,0.05,2.617190646480882e-05,False,2.7542954312822577e-05
5,0.06,+/-20%,fixed,reset,0.2,0.2,15,0.0,0.0,0.1.0b1,042c345cfe16,1.1.0a5,0.7501282982081724,0.2188290709685563,123224.25761768046,148272.57483254647,0.20327423917279114,True,0.05,0.1595510211681324,True,0.18281369505582964
5,0.06,+/-20%,fixed,carried,0.2,0.2,15,0.0,0.0,0.1.0b1,042c345cfe16,1.1.0a5,2.3010345801336937e-06,9.263672322779911e-07,123224.25761768046,123224.23889667077,-1.5192633377454585e-07,False,0.05,1.0272608257098187e-06,False,1.1384460040528023e-06
6,0.0,NHF,rolling,reset,,,15,0.0,0.0,0.1.0b1,042c345cfe16,1.1.0a5,1.0,0.4112820167994149,191644.33536303206,161046.71630626376,-0.15965835357881675,True,0.05,0.4724149463299792,True,0.8885504024063581
6,0.0,NHF,rolling,carried,,,15,0.0,0.0,0.1.0b1,042c345cfe16,1.1.0a5,1.0,0.4112820167994149,191644.33536303206,161046.71630626376,-0.15965835357881675,True,0.05,0.4724149463299792,True,0.8885504024063581
6,0.0,NHF,fixed,reset,,,15,0.0,0.0,0.1.0b1,042c345cfe16,1.1.0a5,0.0,0.0,191644.33536303206,191644.33536303206,0.0,False,0.05,0.0,False,0.0
6,0.0,NHF,fixed,carried,,,15,0.0,0.0,0.1.0b1,042c345cfe16,1.1.0a5,0.0,0.0,191644.33536303206,191644.33536303206,0.0,False,0.05,0.0,False,0.0
6,0.0,NDY,rolling,reset,0.0,,15,0.0,0.0,0.1.0b1,042c345cfe16,1.1.0a5,0.7891975922179171,0.191370924822385,172472.14815809013,149315.90010955808,-0.13426079686388986,True,0.05,0.15452928902438792,True,0.18196852893315382
6,0.0,NDY,rolling,carried,0.0,,15,0.0,0.0,0.1.0b1,042c345cfe16,1.1.0a5,0.7795012484717891,0.16369303875631183,172472.14815809013,151688.403298278,-0.12050493416920569,True,0.05,0.10498696507771547,True,0.12986019292649897
6,0.0,NDY,fixed,reset,0.0,,15,0.0,0.0,0.1.0b1,042c345cfe16,1.1.0a5,1.0,0.30991012428953474,172472.14815809013,173641.70796737657,0.006781151749872131,True,0.05,0.219093858886435,True,0.219093858886435
6,0.0,NDY,fixed,carried,0.0,,15,0.0,0.0,0.1.0b1,042c345cfe16,1.1.0a5,5.311984183918902e-06,1.196182828982334e-06,172472.14815809013,172472.14643884473,-9.968249450415188e-09,False,0.05,6.001026414751218e-07,False,6.00102641475128e-07
6,0.0,-10%,rolling,reset,0.1,,15,0.0,0.0,0.1.0b1,042c345cfe16,1.1.0a5,0.6899099427874532,0.21208802106997657,177393.34903850278,158925.0260020391,-0.10410944455676951,True,0.05,0.16555184352905145,True,0.186078889009159
6,0.0,-10%,rolling,carried,0.1,,15,0.0,0.0,0.1.0b1,042c345cfe16,1.1.0a5,0.6850551430396936,0.14135973323424825,177393.34903850278,160357.60032616032,-0.09603375100971175,True,0.05,0.06995748557434187,True,0.0907653896964572
6,0.0,-10%,fixed,reset,0.1,,15,0.0,0.0,0.1.0b1,042c345cfe16,1.1.0a5,1.0,0.4174478837250446,177393.34903850278,178756.59550736408,0.0076848792598498555,True,0.05,0.3807771944645214,True,0.37783398951837294
6,0.0,-10%,fixed,carried,0.1,,15,0.0,0.0,0.1.0b1,042c345cfe16,1.1.0a5,1.9999990001708348e-06,6.778104461918107e-07,177393.34903850278,177393.33753391603,-6.485354055991609e-08,False,0.05,7.711731673326836e-07,False,7.464242533993639e-07
6,0.0,-20%,rolling,reset,0.2,,15,0.0,0.0,0.1.0b1,042c345cfe16,1.1.0a5,0.70927395491679,0.2752184259736389,182606.85235052902,159501.1475867617,-0.12653251762652362,True,0.05,0.19176719123116928,True,0.2501818087164563
6,0.0,-20%,rolling,carried,0.2,,15,0.0,0.0,0.1.0b1,042c345cfe16,1.1.0a5,0.7559800996613668,0.2731845535895766,182606.85235052902,160042.35235464625,-0.12356874731386495,True,0.05,0.19117648878945978,True,0.2895371405730499
6,0.0,-20%,fixed,reset,0.2,,15,0.0,0.0,0.1.0b1,042c345cfe16,1.1.0a5,1.0,0.3853157561094396,182606.85235052902,183493.7024025792,0.00485660883277144,True,0.05,0.3904356764113802,True,0.3445664762946036
6,0.0,-20%,fixed,carried,0.2,,15,0.0,0.0,0.1.0b1,042c345cfe16,1.1.0a5,0.11514485398910053,0.008099201105722705,182606.85235052902,182606.85043269274,-1.0502542816671684e-08,False,0.05,2.1371122679005336e-06,False,1.6582885731988059e-06
6,0.0,+/-10%,rolling,reset,0.1,0.1,15,0.0,0.0,0.1.0b1,042c345cfe16,1.1.0a5,0.26796779080414074,0.13877477205258068,168094.52478510898,158838.1418609942,-0.055066534355881575,True,0.05,0.13045893993862426,True,0.15445765483808027
6,0.0,+/-10%,rolling,carried,0.1,0.1,15,0.0,0.0,0.1.0b1,042c345cfe16,1.1.0a5,0.2567886117501263,0.09286537107207705,168094.52478510898,155181.59329160998,-0.07681946517893316,True,0.05,0.046169811115929896,False,0.05623093004843073
6,0.0,+/-10%,fixed,reset,0.1,0.1,15,0.0,0.0,0.1.0b1,042c345cfe16,1.1.0a5,1.6282096495890848e-09,4.140917382401244e-10,168094.52478510898,168094.5247781882,-4.1171920835237935e-11,False,0.05,5.654469687845253e-10,False,5.161846316105975e-10
6,0.0,+/-10%,fixed,carried,0.1,0.1,15,0.0,0.0,0.1.0b1,042c345cfe16,1.1.0a5,1.6282031488937959e-09,4.1832167940920997e-10,168094.52478510898,168094.52478043328,-2.781592673428479e-11,False,0.05,5.691029599446281e-10,False,5.200545517836919e-10
6,0.0,+/-20%,rolling,reset,0.2,0.2,15,0.0,0.0,0.1.0b1,042c345cfe16,1.1.0a5,0.41654159563049226,0.1699632265680172,171723.8152450076,155474.86633367496,-0.09462257106359646,True,0.05,0.10558473509469231,True,0.14027624757503
6,0.0,+/-20%,rolling,carried,0.2,0.2,15,0.0,0.0,0.1.0b1,042c345cfe16,1.1.0a5,0.4399634210298435,0.18826063995869421,171723.8152450076,154586.350889147,-0.09979666670816545,True,0.05,0.13389136933958165,True,0.17330242216821298
6,0.0,+/-20%,fixed,reset,0.2,0.2,15,0.0,0.0,0.1.0b1,042c345cfe16,1.1.0a5,5.523316931026729e-10,1.318116637695308e-10,171723.8152450076,171723.81523882915,-3.59790059337132e-11,False,0.05,1.5107632770078335e-10,False,1.6537156154368385e-10
6,0.0,+/-20%,fixed,carried,0.2,0.2,15,0.0,0.0,0.1.0b1,042c345cfe16,1.1.0a5,3.04934832638595e-10,9.286851658141727e-11,171723.8152450076,171723.81524916872,2.423146814910097e-11,False,0.05,8.79216619231633e-11,False,9.589773278174437e-11
6,0.02,NHF,rolling,reset,,,15,0.0,0.0,0.1.0b1,042c345cfe16,1.1.0a5,1.6501442833751172e-16,1.1000961889167448e-17,186031.83536527707,186031.83536527707,0.0,False,0.05,1.6501442833751172e-17,False,3.686829295253826e-17
6,0.02,NHF,rolling,carried,,,15,0.0,0.0,0.1.0b1,042c345cfe16,1.1.0a5,1.6501442833751172e-16,1.1000961889167448e-17,186031.83536527707,186031.83536527707,0.0,False,0.05,1.6501442833751172e-17,False,3.686829295253826e-17
6,0.02,NHF,fixed,reset,,,15,0.0,0.0,0.1.0b1,042c345cfe16,1.1.0a5,1.6501442833751172e-16,1.1000961889167448e-17,186031.83536527707,186031.83536527707,0.0,False,0.05,1.6501442833751172e-17,False,3.686829295253826e-17
6,0.02,NHF,fixed,carried,,,15,0.0,0.0,0.1.0b1,042c345cfe16,1.1.0a5,1.6501442833751172e-16,1.1000961889167448e-17,186031.83536527707,186031.83536527707,0.0,False,0.05,1.6501442833751172e-17,False,3.686829295253826e-17
6,0.02,NDY,rolling,reset,0.0,,15,0.0,0.0,0.1.0b1,042c345cfe16,1.1.0a5,0.5305928126694069,0.03943765599833958,169341.25947755712,155695.74296762975,-0.08057998713382558,False,0.05,0.003634972067141694,False,0.0041061162155749025
6,0.02,NDY,rolling,carried,0.0,,15,0.0,0.0,0.1.0b1,042c345cfe16,1.1.0a5,0.525361088570133,0.03617682138389697,169341.25947755712,156325.33624332587,-0.07686209063513108,False,0.05,0.0010801407454025095,False,0.001220142368027586
6,0.02,NDY,fixed,reset,0.0,,15,0.0,0.0,0.1.0b1,042c345cfe16,1.1.0a5,0.0026393717672304542,0.000879790536118114,169341.25947755712,169189.60865160867,-0.0008955338256980001,False,0.05,0.0007918114420843121,False,0.000894441475179786
6,0.02,NDY,fixed,carried,0.0,,15,0.0,0.0,0.1.0b1,042c345cfe16,1.1.0a5,9.997418368411656e-07,3.3328754674369565e-07,169341.25947755712,169341.20204258763,-3.391670150059561e-07,False,0.05,2.999610861574407e-07,False,3.3883173748310977e-07
6,0.02,-10%,rolling,reset,0.1,,15,0.0,0.0,0.1.0b1,042c345cfe16,1.1.0a5,0.5710863982560268,0.06592972582772817,176469.72054333417,160249.58007624853,-0.09191458125022985,True,0.05,0.00547166694010799,False,0.006852703802494735
6,0.02,-10%,rolling,carried,0.1,,15,0.0,0.0,0.1.0b1,042c345cfe16,1.1.0a5,0.5516855311599461,0.05767949497644947,176469.72054333417,159354.6386256293,-0.09698594107254827,True,0.05,0.00934536426106174,False,0.011373499459898623
6,0.02,-10%,fixed,reset,0.1,,15,0.0,0.0,0.1.0b1,042c345cfe16,1.1.0a5,1.0692182665255175e-09,2.5804548460363046e-10,176469.72054333417,176469.7205399478,-1.9189559446044946e-11,False,0.05,1.733696838141718e-10,False,1.5231350736028196e-10
6,0.02,-10%,fixed,carried,0.1,,15,0.0,0.0,0.1.0b1,042c345cfe16,1.1.0a5,1.0692182665255175e-09,2.5804549780953006e-10,176469.72054333417,176469.7205399478,-1.9189559446044946e-11,False,0.05,1.733696838141718e-10,False,1.5231350736028196e-10
6,0.02,-20%,rolling,reset,0.2,,15,0.0,0.0,0.1.0b1,042c345cfe16,1.1.0a5,0.3860534734517505,0.02911040936005153,178049.5556378974,165561.22767670994,-0.07013961880694158,False,0.05,0.0027833762260910523,False,0.0031290235572276116
6,0.02,-20%,rolling,carried,0.2,,15,0.0,0.0,0.1.0b1,042c345cfe16,1.1.0a5,0.38592669399530927,0.029103149902132284,178049.5556378974,165565.60954800132,-0.07011500840409234,False,0.05,0.0027833762260910397,False,0.0031290235572275947
6,0.02,-20%,fixed,reset,0.2,,15,0.0,0.0,0.1.0b1,042c345cfe16,1.1.0a5,0.02805372435444351,0.004010606909732018,178049.5556378974,178694.55802853964,0.0036226003953303654,False,0.05,0.001696388820057257,False,0.0018938933463329907
6,0.02,-20%,fixed,carried,0.2,,15,0.0,0.0,0.1.0b1,042c345cfe16,1.1.0a5,1.134828858642213e-05,1.5946040505931473e-06,178049.5556378974,178049.81649127076,1.4650605132020728e-06,False,0.05,7.001015140756357e-07,False,7.419515628660182e-07
6,0.02,+/-10%,rolling,reset,0.1,0.1,15,0.0,0.0,0.1.0b1,042c345cfe16,1.1.0a5,0.2985623206964919,0.08846651368027038,162170.67241262842,162026.40407990338,-0.0008896080319502159,True,0.05,0.09725887246247703,True,0.12261199156731414
6,0.02,+/-10%,rolling,carried,0.1,0.1,15,0.0,0.0,0.1.0b1,042c345cfe16,1.1.0a5,0.14926324579517253,0.03821616876736819,162170.67241262842,158134.90277604002,-0.024885940081198883,False,0.05,0.008662801664312648,False,0.010627261302093599
6,0.02,+/-10%,fixed,reset,0.1,0.1,15,0.0,0.0,0.1.0b1,042c345cfe16,1.1.0a5,0.2902739194454183,0.06849824558514793,162170.67241262842,163880.31404401438,0.010542236804913315,True,0.05,0.09228193189797423,True,0.11560277161376493
6,0.02,+/-10%,fixed,carried,0.1,0.1,15,0.0,0.0,0.1.0b1,042c345cfe16,1.1.0a5,5.9683127850836735e-06,1.9812105278388747e-06,162170.67241262842,162170.6896755189,1.0644890480172039e-07,False,0.05,2.5293826662360616e-06,False,2.8358789165700913e-06
6,0.02,+/-20%,rolling,reset,0.2,0.2,15,0.0,0.0,0.1.0b1,042c345cfe16,1.1.0a5,0.43071542367895266,0.17888778553518145,162705.16196792002,164937.92705228334,0.013722767350205781,True,0.05,0.19781491101219256,True,0.24820593845478273
6,0.02,+/-20%,rolling,carried,0.2,0.2,15,0.0,0.0,0.1.0b1,042c345cfe16,1.1.0a5,0.08608046948416155,0.022306990031543527,162705.16196792002,160389.30902197218,-0.0142334325348845,False,0.05,0.00509153538158795,False,0.005812292263167912
6,0.02,+/-20%,fixed,reset,0.2,0.2,15,0.0,0.0,0.1.0b1,042c345cfe16,1.1.0a5,0.41376263711375855,0.16658026103921958,162705.16196792002,170711.85074383818,0.049209801822371224,True,0.05,0.2070125107345493,True,0.2536001403606733
6,0.02,+/-20%,fixed,carried,0.2,0.2,15,0.0,0.0,0.1.0b1,042c345cfe16,1.1.0a5,4.372809901960034e-06,1.3399996277161538e-06,162705.16196792002,162705.15813654146,-2.3547984072958622e-08,False,0.05,2.0099050132417765e-06,False,2.1739681714429674e-06
6,0.04,NHF,rolling,reset,,,15,0.0,0.0,0.1.0b1,042c345cfe16,1.1.0a5,1.6501442833751172e-16,1.1000961889167448e-17,186031.83536527707,186031.83536527707,0.0,False,0.05,1.6501442833751172e-17,False,3.686829295253826e-17
6,0.04,NHF,rolling,carried,,,15,0.0,0.0,0.1.0b1,042c345cfe16,1.1.0a5,1.6501442833751172e-16,1.1000961889167448e-17,186031.83536527707,186031.83536527707,0.0,False,0.05,1.6501442833751172e-17,False,3.686829295253826e-17
6,0.04,NHF,fixed,reset,,,15,0.0,0.0,0.1.0b1,042c345cfe16,1.1.0a5,1.6501442833751172e-16,1.1000961889167448e-17,186031.83536527707,186031.83536527707,0.0,False,0.05,1.6501442833751172e-17,False,3.686829295253826e-17
6,0.04,NHF,fixed,carried,,,15,0.0,0.0,0.1.0b1,042c345cfe16,1.1.0a5,1.6501442833751172e-16,1.1000961889167448e-17,186031.83536527707,186031.83536527707,0.0,False,0.05,1.6501442833751172e-17,False,3.686829295253826e-17
6,0.04,NDY,rolling,reset,0.0,,15,0.0,0.0,0.1.0b1,042c345cfe16,1.1.0a5,0.3196350182174821,0.024646205938671815,161081.80236419415,155144.7462444614,-0.03685739812067358,False,0.05,0.002502903570186827,False,0.0028185806996305508
6,0.04,NDY,rolling,carried,0.0,,15,0.0,0.0,0.1.0b1,042c345cfe16,1.1.0a5,0.31703643523289227,0.021136762364042636,161081.80236419415,155759.37065502745,-0.03304179386528762,False,0.05,6.000099809775811e-07,False,6.756821582874216e-07
6,0.04,NDY,fixed,reset,0.0,,15,0.0,0.0,0.1.0b1,042c345cfe16,1.1.0a5,0.28987783699409314,0.02479022461670004,161081.80236419415,166999.25983163578,0.03673572917977838,False,0.05,0.0041473482467641555,False,0.004670429923192241
6,0.04,NDY,fixed,carried,0.0,,15,0.0,0.0,0.1.0b1,042c345cfe16,1.1.0a5,7.527936919363161e-05,6.4852967454026896e-06,161081.80236419415,161082.81519004953,6.287649135463349e-06,False,0.05,1.000010585580629e-06,False,1.1261325866904527e-06
6,0.04,-10%,rolling,reset,0.1,,15,0.0,0.0,0.1.0b1,042c345cfe16,1.1.0a5,0.49415858448404537,0.03417095673059929,171873.7135345542,156041.65331163426,-0.09211449440019809,False,0.05,0.0011503604591776026,False,0.0013770286089985276
6,0.04,-10%,rolling,carried,0.1,,15,0.0,0.0,0.1.0b1,042c345cfe16,1.1.0a5,0.49415858448404537,0.03417095673059936,171873.7135345542,156041.6533116342,-0.09211449440019842,False,0.05,0.0011503604591777143,False,0.0013770286089986488
6,0.04,-10%,fixed,reset,0.1,,15,0.0,0.0,0.1.0b1,042c345cfe16,1.1.0a5,0.09778400002955713,0.010324964496201653,171873.7135345542,174734.93633339475,0.016647239068732392,False,0.05,0.0030698582252138952,False,0.0032338521480863545
6,0.04,-10%,fixed,carried,0.1,,15,0.0,0.0,0.1.0b1,042c345cfe16,1.1.0a5,1.2384633939606994e-05,1.492372203948793e-06,171873.7135345542,171874.00982325844,1.723874454938688e-06,False,0.05,4.0012015081081903e-07,False,4.168158685753418e-07
6,0.04,-20%,rolling,reset,0.2,,15,0.0,0.0,0.1.0b1,042c345cfe16,1.1.0a5,0.3560963778852871,0.02373975870772044,172915.40602947824,161088.47825402624,-0.06839718939465562,False,0.05,1.2947313466345053e-10,False,1.0157232701913787e-10
6,0.04,-20%,rolling,carried,0.2,,15,0.0,0.0,0.1.0b1,042c345cfe16,1.1.0a5,0.3560963778852871,0.023739758707720434,172915.40602947824,161088.47825402624,-0.06839718939465562,False,0.05,1.2947312447088015e-10,False,1.0157231047802731e-10
6,0.04,-20%,fixed,reset,0.2,,15,0.0,0.0,0.1.0b1,042c345cfe16,1.1.0a5,0.004764285450854231,0.00044030182927807415,172915.40602947824,173056.2206856674,0.0008143557559304016,False,0.05,0.00013801804051718813,False,0.00013663015303443056
6,0.04,-20%,fixed,carried,0.2,,15,0.0,0.0,0.1.0b1,042c345cfe16,1.1.0a5,1.0406261568427618e-05,9.6051532222436e-07,172915.40602947824,172915.7121406363,1.7702943021411325e-06,False,0.05,3.0006502865471023e-07,False,2.970227092900597e-07
6,0.04,+/-10%,rolling,reset,0.1,0.1,15,0.0,0.0,0.1.0b1,042c345cfe16,1.1.0a5,0.3448785207940992,0.12237307392933401,156055.68844216253,156790.94624644401,0.0047115091517730065,True,0.05,0.1049082726229904,True,0.1378197404476631
6,0.04,+/-10%,rolling,carried,0.1,0.1,15,0.0,0.0,0.1.0b1,042c345cfe16,1.1.0a5,0.004743955662671119,0.000722394657132893,156055.68844216253,155960.1615087159,-0.0006121336197369518,False,0.05,4.700919074778847e-05,False,5.747216471250981e-05
6,0.04,+/-10%,fixed,reset,0.1,0.1,15,0.0,0.0,0.1.0b1,042c345cfe16,1.1.0a5,0.4883447597367297,0.14241720385789475,156055.68844216253,165130.61913686074,0.05815187376563699,True,0.05,0.10501005434326674,True,0.13804730138940918
6,0.04,+/-10%,fixed,carried,0.1,0.1,15,0.0,0.0,0.1.0b1,042c345cfe16,1.1.0a5,8.94756077224074e-06,4.622331004348072e-06,156055.68844216253,156055.5273346253,-1.0323720899154661e-06,False,0.05,3.97057614096511e-06,False,4.3862959447129836e-06
6,0.04,+/-20%,rolling,reset,0.2,0.2,15,0.0,0.0,0.1.0b1,042c345cfe16,1.1.0a5,0.5165441971002895,0.15460094545374706,151086.33648737465,159454.4450081317,0.05538626930342128,True,0.05,0.12332192580783885,True,0.16337738314124453
6,0.04,+/-20%,rolling,carried,0.2,0.2,15,0.0,0.0,0.1.0b1,042c345cfe16,1.1.0a5,6.408742710843086e-06,4.079543142970312e-06,151086.33648737465,151086.2106682895,-8.327628299284916e-07,False,0.05,3.8084063295741793e-06,False,4.244506517808838e-06
6,0.04,+/-20%,fixed,reset,0.2,0.2,15,0.0,0.0,0.1.0b1,042c345cfe16,1.1.0a5,0.710215412131316,0.17072980984740063,151086.33648737465,173377.3002002986,0.1475379192531197,True,0.05,0.12332192577499879,True,0.16337738312112704
6,0.04,+/-20%,fixed,carried,0.2,0.2,15,0.0,0.0,0.1.0b1,042c345cfe16,1.1.0a5,6.408601161501202e-06,4.0795336568106145e-06,151086.33648737465,151086.2106695511,-8.327544797833232e-07,False,0.05,3.8084062552688213e-06,False,4.2445064389484775e-06
6,0.06,NHF,rolling,reset,,,15,0.0,0.0,0.1.0b1,042c345cfe16,1.1.0a5,1.6501442833751172e-16,1.1000961889167448e-17,186031.83536527707,186031.83536527707,0.0,False,0.05,1.6501442833751172e-17,False,3.686829295253826e-17
6,0.06,NHF,rolling,carried,,,15,0.0,0.0,0.1.0b1,042c345cfe16,1.1.0a5,1.6501442833751172e-16,1.1000961889167448e-17,186031.83536527707,186031.83536527707,0.0,False,0.05,1.6501442833751172e-17,False,3.686829295253826e-17
6,0.06,NHF,fixed,reset,,,15,0.0,0.0,0.1.0b1,042c345cfe16,1.1.0a5,1.6501442833751172e-16,1.1000961889167448e-17,186031.83536527707,186031.83536527707,0.0,False,0.05,1.6501442833751172e-17,False,3.686829295253826e-17
6,0.06,NHF,fixed,carried,,,15,0.0,0.0,0.1.0b1,042c345cfe16,1.1.0a5,1.6501442833751172e-16,1.1000961889167448e-17,186031.83536527707,186031.83536527707,0.0,False,0.05,1.6501442833751172e-17,False,3.686829295253826e-17
6,0.06,NDY,rolling,reset,0.0,,15,0.0,0.0,0.1.0b1,042c345cfe16,1.1.0a5,0.3270983956331137,0.028522372676748654,161081.80236419415,154441.19644045737,-0.0412250535210853,False,0.05,0.005385338926034708,False,0.006064561395559802
6,0.06,NDY,rolling,carried,0.0,,15,0.0,0.0,0.1.0b1,042c345cfe16,1.1.0a5,0.31703673306111607,0.021137248849712957,161081.80236419415,155759.28578962706,-0.0330423207118907,False,0.05,1.0000105856173802e-06,False,1.1261325867263576e-06
6,0.06,NDY,fixed,reset,0.0,,15,0.0,0.0,0.1.0b1,042c345cfe16,1.1.0a5,0.015627935244588567,0.007031619617497237,161081.80236419415,159852.84828505912,-0.00762937874482218,False,0.05,0.005385338926034715,False,0.006064561395559821
6,0.06,NDY,fixed,carried,0.0,,15,0.0,0.0,0.1.0b1,042c345cfe16,1.1.0a5,5.000078657139959e-06,1.7119736752651982e-06,161081.80236419415,161081.50570108066,-1.8416922901113517e-06,False,0.05,1.0000105856284543e-06,False,1.12613258674431e-06
6,0.06,-10%,rolling,reset,0.1,,15,0.0,0.0,0.1.0b1,042c345cfe16,1.1.0a5,0.46588127251813566,0.031058751626554096,169286.45107078488,155658.02871960812,-0.08050509810426719,False,0.05,1.372233191669684e-10,False,1.1526904003785373e-10
6,0.06,-10%,rolling,carried,0.1,,15,0.0,0.0,0.1.0b1,042c345cfe16,1.1.0a5,0.46588127251813566,0.03105875162655424,169286.45107078488,155658.02871960815,-0.08050509810426701,False,0.05,1.3722354110732763e-10,False,1.1526928279530343e-10
6,0.06,-10%,fixed,reset,0.1,,15,0.0,0.0,0.1.0b1,042c345cfe16,1.1.0a5,5.022059630383762e-10,1.247507855710207e-10,169286.45107078488,169286.45107043983,-2.038290788852054e-12,False,0.05,1.1688936871782562e-10,False,9.362446503554596e-11
6,0.06,-10%,fixed,carried,0.1,,15,0.0,0.0,0.1.0b1,042c345cfe16,1.1.0a5,5.022059630383762e-10,1.247507642120515e-10,169286.45107078488,169286.45107043977,-2.038634630078244e-12,False,0.05,1.168893615518942e-10,False,9.362444769572813e-11
6,0.06,-20%,rolling,reset,0.2,,15,0.0,0.0,0.1.0b1,042c345cfe16,1.1.0a5,0.43598677712815803,0.029857363400959732,174748.5929301158,158179.1321471412,-0.09481885092832147,False,0.05,1.0865310535342743e-10,False,8.441040284545892e-11
6,0.06,-20%,rolling,carried,0.2,,15,0.0,0.0,0.1.0b1,042c345cfe16,1.1.0a5,0.43598677712815803,0.029857363445309336,174748.5929301158,158179.13215635426,-0.09481885087559973,False,0.05,1.751775134376969e-10,False,1.7094797117480964e-10
6,0.06,-20%,fixed,reset,0.2,,15,0.0,0.0,0.1.0b1,042c345cfe16,1.1.0a5,4.3568709459777904e-10,9.96351469027285e-11,174748.5929301158,174748.59292887663,-7.091065905474297e-12,False,0.05,9.738805557035848e-11,False,7.518240872017233e-11
6,0.06,-20%,fixed,carried,0.2,,15,0.0,0.0,0.1.0b1,042c345cfe16,1.1.0a5,4.3568709459777904e-10,9.986738348488315e-11,174748.5929301158,174748.59292885195,-7.232297647678826e-12,False,0.05,9.738805557035848e-11,False,7.518240872017233e-11
6,0.06,+/-10%,rolling,reset,0.1,0.1,15,0.0,0.0,0.1.0b1,042c345cfe16,1.1.0a5,0.44871477214161787,0.18599528763268744,154767.60152563226,155653.06976912258,0.0057212765124080136,True,0.05,0.15711698609307825,True,0.21283623061562082
6,0.06,+/-10%,rolling,carried,0.1,0.1,15,0.0,0.0,0.1.0b1,042c345cfe16,1.1.0a5,0.039400730764749994,0.007444861801019076,154767.60152563226,154180.67665041762,-0.003792298061280174,False,0.05,4.9116230305361935e-06,False,5.2670207578967355e-06
6,0.06,+/-10%,fixed,reset,0.1,0.1,15,0.0,0.0,0.1.0b1,042c345cfe16,1.1.0a5,0.4821795125067746,0.20990189880642576,154767.60152563226,166157.45889031765,0.07359329247471105,True,0.05,0.15711698609300467,True,0.2128362306155223
6,0.06,+/-10%,fixed,carried,0.1,0.1,15,0.0,0.0,0.1.0b1,042c345cfe16,1.1.0a5,3.411307275406546e-05,9.672706934278536e-06,154767.60152563226,154767.0882398042,-3.3164940400708136e-06,False,0.05,4.911623030524445e-06,False,5.267020757886851e-06
6,0.06,+/-20%,rolling,reset,0.2,0.2,15,0.0,0.0,0.1.0b1,042c345cfe16,1.1.0a5,0.5169105528230825,0.28826969350975945,150753.36782098,159618.9067548794,0.05880823136520073,True,0.05,0.2588060970398066,True,0.37014857397625656
6,0.06,+/-20%,rolling,carried,0.2,0.2,15,0.0,0.0,0.1.0b1,042c345cfe16,1.1.0a5,1.9679967634346323e-05,8.37718685545139e-06,150753.36782098,150753.075370556,-1.939926306256655e-06,False,0.05,5.361121898300581e-06,False,6.029782092340017e-06
6,0.06,+/-20%,fixed,reset,0.2,0.2,15,0.0,0.0,0.1.0b1,042c345cfe16,1.1.0a5,0.7113510066775358,0.3113330993457311,150753.36782098,174438.33085997123,0.15711067275868215,True,0.05,0.258793558777045,True,0.3703353780250202
6,0.06,+/-20%,fixed,carried,0.2,0.2,15,0.0,0.0,0.1.0b1,042c345cfe16,1.1.0a5,1.9679967634183506e-05,8.377186855440054e-06,150753.36782098,150753.07537055606,-1.939926305870543e-06,False,0.05,5.361121898312885e-06,False,6.029782092369324e-06
7,0.0,NHF,rolling,reset,,,15,0.0,0.0,0.1.0b1,042c345cfe16,1.1.0a5,1.0,0.3128506822990633,167767.857165235,138067.33334821567,-0.17703345753392563,True,0.05,0.27570677520542375,True,0.5904403029291266
7,0.0,NHF,rolling,carried,,,15,0.0,0.0,0.1.0b1,042c345cfe16,1.1.0a5,1.0,0.3128506822990633,167767.857165235,138067.33334821567,-0.17703345753392563,True,0.05,0.27570677520542375,True,0.5904403029291266
7,0.0,NHF,fixed,reset,,,15,0.0,0.0,0.1.0b1,042c345cfe16,1.1.0a5,0.0,0.0,167767.857165235,167767.857165235,0.0,False,0.05,0.0,False,0.0
7,0.0,NHF,fixed,carried,,,15,0.0,0.0,0.1.0b1,042c345cfe16,1.1.0a5,0.0,0.0,167767.857165235,167767.857165235,0.0,False,0.05,0.0,False,0.0
7,0.0,NDY,rolling,reset,0.0,,15,0.0,0.0,0.1.0b1,042c345cfe16,1.1.0a5,0.6748404291104686,0.10156767557991596,158869.4848669911,131725.39575315948,-0.17085779019524874,True,0.05,0.06813410256121631,True,0.06813410256121627
7,0.0,NDY,rolling,carried,0.0,,15,0.0,0.0,0.1.0b1,042c345cfe16,1.1.0a5,0.6546563098101249,0.06561013998132499,158869.4848669911,137342.55361371438,-0.13550073049773853,True,0.05,0.030886825344737846,False,0.03088682534473781
7,0.0,NDY,fixed,reset,0.0,,15,0.0,0.0,0.1.0b1,042c345cfe16,1.1.0a5,1.0,0.26253318011426613,158869.4848669911,160401.21236768115,0.009641420452596387,True,0.05,0.2504442510303329,True,0.25044425103033313
7,0.0,NDY,fixed,carried,0.0,,15,0.0,0.0,0.1.0b1,042c345cfe16,1.1.0a5,1.0787273933188616e-06,1.4655739272218124e-07,158869.4848669911,158869.48544680246,3.6496081748119566e-09,False,0.05,2.0840845706890604e-07,False,2.0840857343483012e-07
7,0.0,-10%,rolling,reset,0.1,,15,0.0,0.0,0.1.0b1,042c345cfe16,1.1.0a5,0.9664347010682354,0.40701726321132997,160419.00954331819,134541.18886577108,-0.16131392876203537,True,0.05,0.40442385980139745,True,0.44889051503634564
7,0.0,-10%,rolling,carried,0.1,,15,0.0,0.0,0.1.0b1,042c345cfe16,1.1.0a5,0.792684452865697,0.25606379999207945,160419.00954331819,135792.83661780733,-0.15351156322194476,True,0.05,0.16191211118192544,True,0.20415558970272712
7,0.0,-10%,fixed,reset,0.1,,15,0.0,0.0,0.1.0b1,042c345cfe16,1.1.0a5,1.0,0.26844549337734597,160419.00954331819,162053.4864012289,0.01018879783988043,True,0.05,0.2506659957402593,True,0.1720079861672932
7,0.0,-10%,fixed,carried,0.1,,15,0.0,0.0,0.1.0b1,042c345cfe16,1.1.0a5,1.0000000004670196e-06,1.626467012077529e-07,160419.00954331819,160419.00879812439,-4.645296103492069e-09,False,0.05,1.32342182729747e-07,False,7.386095714255769e-08
7,0.0,-20%,rolling,reset,0.2,,15,0.0,0.0,0.1.0b1,042c345cfe16,1.1.0a5,1.0,0.3223291623147534,159551.54232196175,133658.64322237918,-0.162285482940258,True,0.05,0.2569843496846375,True,0.28223112407261425
7,0.0,-20%,rolling,carried,0.2,,15,0.0,0.0,0.1.0b1,042c345cfe16,1.1.0a5,0.7871611126797529,0.28970293667246644,159551.54232196175,137532.74989921917,-0.1380042593277506,True,0.05,0.21789603563818286,True,0.28358995605788023
7,0.0,-20%,fixed,reset,0.2,,15,0.0,0.0,0.1.0b1,042c345cfe16,1.1.0a5,1.0,0.28736605466579446,159551.54232196175,160496.74444765947,0.005924117761208334,True,0.05,0.27653842457283806,True,0.21609206587730811
7,0.0,-20%,fixed,carried,0.2,,15,0.0,0.0,0.1.0b1,042c345cfe16,1.1.0a5,0.5941743528376312,0.043524089635063185,159551.54232196175,159551.54232765542,3.568545675511449e-11,False,0.05,1.747578598261753e-07,False,2.3597948239350398e-07
7,0.0,+/-10%,rolling,reset,0.1,0.1,15,0.0,0.0,0.1.0b1,042c345cfe16,1.1.0a5,0.35379604725711594,0.15378586786256926,158092.54462747116,140171.97729526856,-0.11335491736457638,True,0.05,0.1396136106974603,True,0.14809658911534637
7,0.0,+/-10%,rolling,carried,0.1,0.1,15,0.0,0.0,0.1.0b1,042c345cfe16,1.1.0a5,0.3400202240171754,0.14528237041806166,158092.54462747116,140359.62911980832,-0.1121679428302494,True,0.05,0.11785479070589049,True,0.12503055901050703
7,0.0,+/-10%,fixed,reset,0.1,0.1,15,0.0,0.0,0.1.0b1,042c345cfe16,1.1.0a5,0.17417493693950578,0.02880831060066057,158092.54462747116,158566.02695624914,0.0029949693699579554,False,0.05,0.04217484797617097,False,0.04283953315146075
7,0.0,+/-10%,fixed,carried,0.1,0.1,15,0.0,0.0,0.1.0b1,042c345cfe16,1.1.0a5,4.583826200948426e-06,9.529778080791833e-07,158092.54462747116,158092.59711070548,3.319779211940063e-07,False,0.05,1.280043900491245e-06,False,1.2849385212029487e-06
7,0.0,+/-20%,rolling,reset,0.2,0.2,15,0.0,0.0,0.1.0b1,042c345cfe16,1.1.0a5,0.5773970205915476,0.15852249796657658,159495.83822758438,134896.78047202338,-0.15423009169970087,True,0.05,0.11726287653596115,True,0.12867608179987514
7,0.0,+/-20%,rolling,carried,0.2,0.2,15,0.0,0.0,0.1.0b1,042c345cfe16,1.1.0a5,0.4170170964302248,0.16544028634755967,159495.83822758438,137042.7656637375,-0.14077528801603356,True,0.05,0.12880216270441255,True,0.1379568581063485
7,0.0,+/-20%,fixed,reset,0.2,0.2,15,0.0,0.0,0.1.0b1,042c345cfe16,1.1.0a5,0.16935900646671365,0.04732287414588769,159495.83822758438,160403.98475072507,0.005693857176667256,False,0.05,0.06803007887268586,True,0.07447068084449422
7,0.0,+/-20%,fixed,carried,0.2,0.2,15,0.0,0.0,0.1.0b1,042c345cfe16,1.1.0a5,1.9999969999286464e-06,5.228359679379595e-07,159495.83822758438,159495.8460527679,4.906199198413436e-08,False,0.05,7.293785063773517e-07,False,7.448044088645388e-07
7,0.02,NHF,rolling,reset,,,15,0.0,0.0,0.1.0b1,042c345cfe16,1.1.0a5,0.0,0.0,161898.857163576,161898.857163576,0.0,False,0.05,0.0,False,0.0
7,0.02,NHF,rolling,carried,,,15,0.0,0.0,0.1.0b1,042c345cfe16,1.1.0a5,0.0,0.0,161898.857163576,161898.857163576,0.0,False,0.05,0.0,False,0.0
7,0.02,NHF,fixed,reset,,,15,0.0,0.0,0.1.0b1,042c345cfe16,1.1.0a5,0.0,0.0,161898.857163576,161898.857163576,0.0,False,0.05,0.0,False,0.0
7,0.02,NHF,fixed,carried,,,15,0.0,0.0,0.1.0b1,042c345cfe16,1.1.0a5,0.0,0.0,161898.857163576,161898.857163576,0.0,False,0.05,0.0,False,0.0
7,0.02,NDY,rolling,reset,0.0,,15,0.0,0.0,0.1.0b1,042c345cfe16,1.1.0a5,0.382028340448249,0.10970716629277101,166302.63349419832,143868.1942992967,-0.13490128642902258,True,0.05,0.041099185451322295,False,0.04158194026069398
7,0.02,NDY,rolling,carried,0.0,,15,0.0,0.0,0.1.0b1,042c345cfe16,1.1.0a5,0.32535884193664955,0.07102214153306904,166302.63349419832,150642.3782768002,-0.0941672112362817,True,0.05,0.008033303126843208,False,0.008127663039488264
7,0.02,NDY,fixed,reset,0.0,,15,0.0,0.0,0.1.0b1,042c345cfe16,1.1.0a5,0.1133129605240198,0.05166448425910614,166302.63349419832,157750.75495659016,-0.051423590582565896,True,0.05,0.06538574087864402,True,0.06615376780307605
7,0.02,NDY,fixed,carried,0.0,,15,0.0,0.0,0.1.0b1,042c345cfe16,1.1.0a5,6.000321320159446e-06,1.7151018811328915e-06,166302.63349419832,166302.36067123216,-1.6405210213846283e-06,False,0.05,2.4001673831365746e-06,False,2.4283548090535572e-06
7,0.02,-10%,rolling,reset,0.1,,15,0.0,0.0,0.1.0b1,042c345cfe16,1.1.0a5,0.4960939014175051,0.12303688652353131,158497.04413257312,148072.42452363792,-0.06577169729560156,True,0.05,0.08189402858537873,True,0.09928736355083946
7,0.02,-10%,rolling,carried,0.1,,15,0.0,0.0,0.1.0b1,042c345cfe16,1.1.0a5,0.49609390141750526,0.12013238898841744,158497.04413257312,148680.2244926508,-0.06193692566096786,True,0.05,0.08189402858537874,True,0.0992873635508395
7,0.02,-10%,fixed,reset,0.1,,15,0.0,0.0,0.1.0b1,042c345cfe16,1.1.0a5,3.9897662865331153e-10,1.652257743395007e-10,158497.04413257312,158497.04413965865,4.470450089642304e-11,False,0.05,1.642174136505253e-10,False,1.6478820395327707e-10
7,0.02,-10%,fixed,carried,0.1,,15,0.0,0.0,0.1.0b1,042c345cfe16,1.1.0a5,3.9897662865331153e-10,1.652257743395007e-10,158497.04413257312,158497.04413965865,4.470450089642304e-11,False,0.05,1.642174136505253e-10,False,1.6478820395327707e-10
7,0.02,-20%,rolling,reset,0.2,,15,0.0,0.0,0.1.0b1,042c345cfe16,1.1.0a5,0.4637182076004711,0.15208382287547734,158744.89276034856,150000.90699246715,-0.055081997384834894,True,0.05,0.14014909181878057,True,0.16391195433840075
7,0.02,-20%,rolling,carried,0.2,,15,0.0,0.0,0.1.0b1,042c345cfe16,1.1.0a5,0.4637182076004711,0.15208382287547736,158744.89276034856,150000.90699246715,-0.055081997384834894,True,0.05,0.1401490918187806,True,0.16391195433840078
7,0.02,-20%,fixed,reset,0.2,,15,0.0,0.0,0.1.0b1,042c345cfe16,1.1.0a5,5.769740365130271e-10,2.0793397602055996e-10,158744.89276034856,158744.89275938924,-6.043157942492725e-12,False,0.05,1.90206879136031e-10,False,1.5895835012731287e-10
7,0.02,-20%,fixed,carried,0.2,,15,0.0,0.0,0.1.0b1,042c345cfe16,1.1.0a5,5.769740365130271e-10,2.0793395140109963e-10,158744.89276034856,158744.8927593893,-6.042791268265282e-12,False,0.05,1.902068598808648e-10,False,1.5895833109621368e-10
7,0.02,+/-10%,rolling,reset,0.1,0.1,15,0.0,0.0,0.1.0b1,042c345cfe16,1.1.0a5,0.4097716399317114,0.08991060091339032,153624.83751160858,145504.13150670333,-0.05286063202046749,True,0.05,0.060343418801294325,True,0.06694303931777923
7,0.02,+/-10%,rolling,carried,0.1,0.1,15,0.0,0.0,0.1.0b1,042c345cfe16,1.1.0a5,0.29422029080994994,0.07073886848481191,153624.83751160858,144701.98252593903,-0.05808211178739438,True,0.05,0.04046502472956607,False,0.03854029506893103
7,0.02,+/-10%,fixed,reset,0.1,0.1,15,0.0,0.0,0.1.0b1,042c345cfe16,1.1.0a5,0.20161917023672718,0.06187072273268578,153624.83751160858,155744.32180314854,0.013796494927975474,True,0.05,0.050332991937398784,True,0.05711699643125193
7,0.02,+/-10%,fixed,carried,0.1,0.1,15,0.0,0.0,0.1.0b1,042c345cfe16,1.1.0a5,2.8166555261211726e-06,1.191180541284369e-06,153624.83751160858,153624.87799306167,2.63508516902492e-07,False,0.05,1.008224236248018e-06,False,1.054305383071196e-06
7,0.02,+/-20%,rolling,reset,0.2,0.2,15,0.0,0.0,0.1.0b1,042c345cfe16,1.1.0a5,0.545432795611151,0.10390036474441487,158393.1950232195,148372.0907171297,-0.06326726539369809,True,0.05,0.05710283121143254,True,0.0653458711153013
7,0.02,+/-20%,rolling,carried,0.2,0.2,15,0.0,0.0,0.1.0b1,042c345cfe16,1.1.0a5,0.5121918462894504,0.09694335426237205,158393.1950232195,148944.0032447389,-0.05965655138843183,True,0.05,0.04958786824978104,False,0.04826980723042821
7,0.02,+/-20%,fixed,reset,0.2,0.2,15,0.0,0.0,0.1.0b1,042c345cfe16,1.1.0a5,0.2890323013133934,0.07696996190528343,158393.1950232195,158270.1441443658,-0.0007768697312764809,True,0.05,0.05617682299158707,True,0.06502880213491583
7,0.02,+/-20%,fixed,carried,0.2,0.2,15,0.0,0.0,0.1.0b1,042c345cfe16,1.1.0a5,9.907060980483662e-06,1.457072265528411e-06,158393.1950232195,158393.13208300632,-3.97366901903633e-07,False,0.05,5.808762000561062e-07,False,6.000492395199329e-07
7,0.04,NHF,rolling,reset,,,15,0.0,0.0,0.1.0b1,042c345cfe16,1.1.0a5,0.0,0.0,161898.857163576,161898.857163576,0.0,False,0.05,0.0,False,0.0
7,0.04,NHF,rolling,carried,,,15,0.0,0.0,0.1.0b1,042c345cfe16,1.1.0a5,0.0,0.0,161898.857163576,161898.857163576,0.0,False,0.05,0.0,False,0.0
7,0.04,NHF,fixed,reset,,,15,0.0,0.0,0.1.0b1,042c345cfe16,1.1.0a5,0.0,0.0,161898.857163576,161898.857163576,0.0,False,0.05,0.0,False,0.0
7,0.04,NHF,fixed,carried,,,15,0.0,0.0,0.1.0b1,042c345cfe16,1.1.0a5,0.0,0.0,161898.857163576,161898.857163576,0.0,False,0.05,0.0,False,0.0
7,0.04,NDY,rolling,reset,0.0,,15,0.0,0.0,0.1.0b1,042c345cfe16,1.1.0a5,0.3260665077224795,0.13791909407642938,166217.91220749757,141057.07658824968,-0.15137258845989143,True,0.05,0.08672297640708429,True,0.0878617115224849
7,0.04,NDY,rolling,carried,0.0,,15,0.0,0.0,0.1.0b1,042c345cfe16,1.1.0a5,0.27624801594828813,0.05575417493766713,166217.91220749757,154243.529418358,-0.07204026708139251,True,0.05,0.000681127443901947,False,0.0006905928642243802
7,0.04,NDY,fixed,reset,0.0,,15,0.0,0.0,0.1.0b1,042c345cfe16,1.1.0a5,0.29726714333474274,0.07997424741175542,166217.91220749757,154038.58919667287,-0.07327322819228226,True,0.05,0.08885454830625825,True,0.09002115297259035
7,0.04,NDY,fixed,carried,0.0,,15,0.0,0.0,0.1.0b1,042c345cfe16,1.1.0a5,2.5128152822828137e-05,6.414829528515885e-06,166217.91220749757,166218.85372200402,5.664338421396918e-06,False,0.05,1.783822876120677e-06,False,1.8072375864954065e-06
7,0.04,-10%,rolling,reset,0.1,,15,0.0,0.0,0.1.0b1,042c345cfe16,1.1.0a5,0.20687156513491833,0.07094292601704377,157003.00422197417,149694.55282575128,-0.046549755098253105,True,0.05,0.05924064568014269,True,0.06187362539726105
7,0.04,-10%,rolling,carried,0.1,,15,0.0,0.0,0.1.0b1,042c345cfe16,1.1.0a5,0.049083769538181415,0.010026062371431962,157003.00422197417,155899.5432203701,-0.007028279535619403,False,0.05,0.0026835005635121425,False,0.0029956135539331713
7,0.04,-10%,fixed,reset,0.1,,15,0.0,0.0,0.1.0b1,042c345cfe16,1.1.0a5,0.2155279487588202,0.06779924519971085,157003.00422197417,153603.67651307222,-0.02165135454412014,True,0.05,0.05030952015921784,True,0.05627464292135975
7,0.04,-10%,fixed,carried,0.1,,15,0.0,0.0,0.1.0b1,042c345cfe16,1.1.0a5,2.475366474550716e-05,6.599231439726824e-06,157003.00422197417,157003.0238413154,1.249615656038895e-07,False,0.05,4.890204096693837e-06,False,5.255437549320499e-06
7,0.04,-20%,rolling,reset,0.2,,15,0.0,0.0,0.1.0b1,042c345cfe16,1.1.0a5,0.20146334603821384,0.08861430631831173,158571.35994673875,151774.35429212905,-0.042864018173853685,True,0.05,0.07135791099030622,True,0.06756621458069433
7,0.04,-20%,rolling,carried,0.2,,15,0.0,0.0,0.1.0b1,042c345cfe16,1.1.0a5,0.13851348306090977,0.05108469963826237,158571.35994673875,155515.14240116594,-0.019273452322029285,True,0.05,0.028265724034490215,False,0.03229118494088945
7,0.04,-20%,fixed,reset,0.2,,15,0.0,0.0,0.1.0b1,042c345cfe16,1.1.0a5,0.20197923696725856,0.0784155770423003,158571.35994673875,154891.32764970104,-0.023207420925656263,True,0.05,0.07189109185775254,True,0.06849813175340284
7,0.04,-20%,fixed,carried,0.2,,15,0.0,0.0,0.1.0b1,042c345cfe16,1.1.0a5,1.2992191059168857e-05,2.6439171195923727e-06,158571.35994673875,158571.31873827756,-2.598732911339427e-07,False,0.05,3.3293758676321916e-06,False,3.6630446747374023e-06
7,0.04,+/-10%,rolling,reset,0.1,0.1,15,0.0,0.0,0.1.0b1,042c345cfe16,1.1.0a5,0.24594644917922417,0.07085838985612708,155581.86519990105,153100.584137572,-0.01594839513680429,True,0.05,0.0579298247959746,True,0.06331015619804622
7,0.04,+/-10%,rolling,carried,0.1,0.1,15,0.0,0.0,0.1.0b1,042c345cfe16,1.1.0a5,0.12497621072555426,0.03970635372921052,155581.86519990105,150754.57970175464,-0.031027301877015127,False,0.05,0.02429026101394037,False,0.022612300804382545
7,0.04,+/-10%,fixed,reset,0.1,0.1,15,0.0,0.0,0.1.0b1,042c345cfe16,1.1.0a5,0.21726037840587936,0.06621307556665343,155581.86519990105,158422.8625810388,0.01826046613779476,True,0.05,0.0532509218457012,True,0.058529988834498524
7,0.04,+/-10%,fixed,carried,0.1,0.1,15,0.0,0.0,0.1.0b1,042c345cfe16,1.1.0a5,5.421814447688309e-06,1.6525576881712397e-06,155581.86519990105,155582.07866883717,1.3720682410650397e-06,False,0.05,9.101078999558329e-07,False,9.574414023102908e-07
7,0.04,+/-20%,rolling,reset,0.2,0.2,15,0.0,0.0,0.1.0b1,042c345cfe16,1.1.0a5,0.28068485369082646,0.09593156783032789,158178.13394480076,154663.92056495862,-0.022216808936869194,True,0.05,0.11162475312375959,True,0.12444123363657597
7,0.04,+/-20%,rolling,carried,0.2,0.2,15,0.0,0.0,0.1.0b1,042c345cfe16,1.1.0a5,0.09093404982472049,0.012124893115948502,158178.13394480076,155819.60304739958,-0.01491060008473889,False,0.05,4.297216206750223e-07,False,4.5323172840732243e-07
7,0.04,+/-20%,fixed,reset,0.2,0.2,15,0.0,0.0,0.1.0b1,042c345cfe16,1.1.0a5,0.24498201441868225,0.08312810906449024,158178.13394480076,160526.00591340422,0.014843214482621183,True,0.05,0.09762351449348511,True,0.10996389615627886
7,0.04,+/-20%,fixed,carried,0.2,0.2,15,0.0,0.0,0.1.0b1,042c345cfe16,1.1.0a5,1.0000090206972147e-06,4.04533858301604e-07,158178.13394480076,158178.14663086314,8.02011128528379e-08,False,0.05,4.297399232737116e-07,False,4.532523032123939e-07
7,0.06,NHF,rolling,reset,,,15,0.0,0.0,0.1.0b1,042c345cfe16,1.1.0a5,0.0,0.0,161898.857163576,161898.857163576,0.0,False,0.05,0.0,False,0.0
7,0.06,NHF,rolling,carried,,,15,0.0,0.0,0.1.0b1,042c345cfe16,1.1.0a5,0.0,0.0,161898.857163576,161898.857163576,0.0,False,0.05,0.0,False,0.0
7,0.06,NHF,fixed,reset,,,15,0.0,0.0,0.1.0b1,042c345cfe16,1.1.0a5,0.0,0.0,161898.857163576,161898.857163576,0.0,False,0.05,0.0,False,0.0
7,0.06,NHF,fixed,carried,,,15,0.0,0.0,0.1.0b1,042c345cfe16,1.1.0a5,0.0,0.0,161898.857163576,161898.857163576,0.0,False,0.05,0.0,False,0.0
7,0.06,NDY,rolling,reset,0.0,,15,0.0,0.0,0.1.0b1,042c345cfe16,1.1.0a5,0.39853270777535216,0.13347503169284577,165764.98959623178,141861.78895840043,-0.14419933121013345,True,0.05,0.08421753524510525,True,0.08532896604899076
7,0.06,NDY,rolling,carried,0.0,,15,0.0,0.0,0.1.0b1,042c345cfe16,1.1.0a5,0.26788252416959024,0.05357809176356139,165764.98959623178,154218.8637559903,-0.06965358528580355,True,0.05,2.3000087064372024e-06,False,2.3303564503717606e-06
7,0.06,NDY,fixed,reset,0.0,,15,0.0,0.0,0.1.0b1,042c345cfe16,1.1.0a5,0.40218234329379965,0.1163286933721602,165764.98959623178,152410.39208476312,-0.08056343829898951,True,0.05,0.08460057133965637,True,0.08571705712544639
7,0.06,NDY,fixed,carried,0.0,,15,0.0,0.0,0.1.0b1,042c345cfe16,1.1.0a5,2.267861613205026e-05,6.13580843466077e-06,165764.98959623178,165765.7293726577,4.46280259607025e-06,False,0.05,2.300073594157349e-06,False,2.330422194424393e-06
7,0.06,-10%,rolling,reset,0.1,,15,0.0,0.0,0.1.0b1,042c345cfe16,1.1.0a5,0.2517169422910881,0.0737482095338842,160216.5563984244,149096.19587404386,-0.06940831069122835,True,0.05,0.0494740109391824,False,0.03614726111370266
7,0.06,-10%,rolling,carried,0.1,,15,0.0,0.0,0.1.0b1,042c345cfe16,1.1.0a5,0.11044181736320707,0.02112677415069815,160216.5563984244,156295.80928795304,-0.02447154775141528,False,0.05,0.0032005322438512242,False,0.0049138797319061844
7,0.06,-10%,fixed,reset,0.1,,15,0.0,0.0,0.1.0b1,042c345cfe16,1.1.0a5,0.23657874318962716,0.050549447872916535,160216.5563984244,152955.47511384718,-0.04532041786318556,True,0.05,0.04731574869133648,False,0.034570367156036355
7,0.06,-10%,fixed,carried,0.1,,15,0.0,0.0,0.1.0b1,042c345cfe16,1.1.0a5,9.997147541458642e-07,6.684354807721983e-08,160216.5563984244,160216.5438817064,-7.812374881800021e-08,False,0.05,2.2349968381970914e-10,False,1.9102342987170546e-10
7,0.06,-20%,rolling,reset,0.2,,15,0.0,0.0,0.1.0b1,042c345cfe16,1.1.0a5,0.2748999530080163,0.0552547757949917,158084.77007618302,151171.50377084286,-0.043731387293086954,True,0.05,0.05497999069170182,True,0.03627454746918944
7,0.06,-20%,rolling,carried,0.2,,15,0.0,0.0,0.1.0b1,042c345cfe16,1.1.0a5,0.02646247717950905,0.0035282655521574275,158084.77007618302,157430.92139042658,-0.0041360637425182974,False,0.05,2.082898931539707e-10,False,1.7748289748346686e-10
7,0.06,-20%,fixed,reset,0.2,,15,0.0,0.0,0.1.0b1,042c345cfe16,1.1.0a5,0.2622720399943342,0.034969605416679525,158084.77007618302,154606.52676976137,-0.022002393429458367,False,0.05,0.052454408059471415,True,0.03460822548360627
7,0.06,-20%,fixed,carried,0.2,,15,0.0,0.0,0.1.0b1,042c345cfe16,1.1.0a5,4.793992006476458e-10,1.6782955080843043e-10,158084.77007618302,158084.77007589157,-1.8436042767009115e-12,False,0.05,1.8619645048161526e-10,False,1.5723740998953568e-10
7,0.06,+/-10%,rolling,reset,0.1,0.1,15,0.0,0.0,0.1.0b1,042c345cfe16,1.1.0a5,0.3458354805137456,0.10468058782547902,150753.14508993484,153626.20888198676,0.019058068674706174,True,0.05,0.10126985352183511,True,0.11772788682081656
7,0.06,+/-10%,rolling,carried,0.1,0.1,15,0.0,0.0,0.1.0b1,042c345cfe16,1.1.0a5,0.005910143527675783,0.0003952758142979852,150753.14508993484,150679.15570152324,-0.0004907983071760317,False,0.05,9.05022046727467e-07,False,9.529791583836054e-07
7,0.06,+/-10%,fixed,reset,0.1,0.1,15,0.0,0.0,0.1.0b1,042c345cfe16,1.1.0a5,0.3458354805137456,0.10351049171216128,150753.14508993484,156178.41787026072,0.03598779167817241,True,0.05,0.10723758106585282,True,0.12363616836145157
7,0.06,+/-10%,fixed,carried,0.1,0.1,15,0.0,0.0,0.1.0b1,042c345cfe16,1.1.0a5,5.816195968349384e-06,1.8239863688039187e-06,150753.14508993484,150753.36588921546,1.4646412881791273e-06,False,0.05,1.0094980762974325e-06,False,1.0408880256213583e-06
7,0.06,+/-20%,rolling,reset,0.2,0.2,15,0.0,0.0,0.1.0b1,042c345cfe16,1.1.0a5,0.48532740593977436,0.14457700002050064,157899.31021420236,155191.68127376947,-0.017147819941453715,True,0.05,0.12434818576798681,True,0.16845709180701043
7,0.06,+/-20%,rolling,carried,0.2,0.2,15,0.0,0.0,0.1.0b1,042c345cfe16,1.1.0a5,0.2360996280166556,0.031948771371254396,157899.31021420236,151129.39931090886,-0.04287486053048362,False,0.05,0.00972583303877076,False,0.008127077481914729
7,0.06,+/-20%,fixed,reset,0.2,0.2,15,0.0,0.0,0.1.0b1,042c345cfe16,1.1.0a5,0.42694236100083854,0.1295913797858313,157899.31021420236,158275.69592342767,0.002383707115089489,True,0.05,0.11779077280104529,True,0.16251049228471007
7,0.06,+/-20%,fixed,carried,0.2,0.2,15,0.0,0.0,0.1.0b1,042c345cfe16,1.1.0a5,4.420188443363082e-06,1.3345640091412037e-06,157899.31021420236,157899.5359637638,1.4297058115103385e-06,False,0.05,5.3381061173213e-07,False,5.379965869564216e-07
8,0.0,NHF,rolling,reset,,,15,0.0,0.0,0.1.0b1,042c345cfe16,1.1.0a5,1.0,0.44714942243573813,199404.2857133515,149208.92856237068,-0.2517265713292535,True,0.05,0.44253395254225864,True,0.9368814934226615
8,0.0,NHF,rolling,carried,,,15,0.0,0.0,0.1.0b1,042c345cfe16,1.1.0a5,1.0,0.44714942243573813,199404.2857133515,149208.92856237068,-0.2517265713292535,True,0.05,0.44253395254225864,True,0.9368814934226615
8,0.0,NHF,fixed,reset,,,15,0.0,0.0,0.1.0b1,042c345cfe16,1.1.0a5,1.0,0.07715747072500218,199404.2857133515,199404.2857133515,0.0,True,0.05,0.0,False,0.0
8,0.0,NHF,fixed,carried,,,15,0.0,0.0,0.1.0b1,042c345cfe16,1.1.0a5,1.0,0.07715747072500218,199404.2857133515,199404.2857133515,0.0,True,0.05,0.0,False,0.0
8,0.0,NDY,rolling,reset,0.0,,15,0.0,0.0,0.1.0b1,042c345cfe16,1.1.0a5,0.9861950313974376,0.19228769578833962,192254.17126759587,155422.54807596488,-0.1915777584891283,True,0.05,0.19066136960823526,True,0.20127740996420224
8,0.0,NDY,rolling,carried,0.0,,15,0.0,0.0,0.1.0b1,042c345cfe16,1.1.0a5,0.7740871276007916,0.12929417017951098,192254.17126759587,159782.17720507065,-0.16890137596717164,True,0.05,0.08964467805497536,True,0.09506417788962461
8,0.0,NDY,fixed,reset,0.0,,15,0.0,0.0,0.1.0b1,042c345cfe16,1.1.0a5,1.0,0.27601129820176784,192254.17126759587,192449.0547894957,0.0010136764295667075,True,0.05,0.25372590028032255,True,0.2537259002803225
8,0.0,NDY,fixed,carried,0.0,,15,0.0,0.0,0.1.0b1,042c345cfe16,1.1.0a5,3.4924035070553455e-06,1.3532249351755643e-06,192254.17126759587,192254.14652996557,-1.2867148805294853e-07,False,0.05,1.5493549995947385e-06,False,1.549356219287224e-06
8,0.0,-10%,rolling,reset,0.1,,15,0.0,0.0,0.1.0b1,042c345cfe16,1.1.0a5,1.0,0.38827910380146935,192535.30453134386,153279.3322149048,-0.20388973550587636,True,0.05,0.40576417657479374,True,0.45972147179422734
8,0.0,-10%,rolling,carried,0.1,,15,0.0,0.0,0.1.0b1,042c345cfe16,1.1.0a5,0.7920282417151506,0.35542999894996874,192535.30453134386,157404.58837496006,-0.18246376290258332,True,0.05,0.3614187270731889,True,0.5061527638275897
8,0.0,-10%,fixed,reset,0.1,,15,0.0,0.0,0.1.0b1,042c345cfe16,1.1.0a5,1.0,0.3575961937548711,192535.30453134386,193451.72797376907,0.00475976831706736,True,0.05,0.31482838246311046,True,0.23901642268029624
8,0.0,-10%,fixed,carried,0.1,,15,0.0,0.0,0.1.0b1,042c345cfe16,1.1.0a5,1.154869249854372e-06,3.428357646989533e-07,192535.30453134386,192535.30445393934,-4.020276622373815e-10,False,0.05,3.812786519227705e-07,False,2.702788602471151e-07
8,0.0,-20%,rolling,reset,0.2,,15,0.0,0.0,0.1.0b1,042c345cfe16,1.1.0a5,1.0,0.5820377852951839,192245.4484073597,142162.35651753374,-0.2605163987222318,True,0.05,0.5995437814533591,True,0.7702810464322661
8,0.0,-20%,rolling,carried,0.2,,15,0.0,0.0,0.1.0b1,042c345cfe16,1.1.0a5,0.8849528729598871,0.37410494189698923,192245.4484073597,148298.02054990054,-0.2286006156272501,True,0.05,0.3326403995141797,True,0.4378427848343992
8,0.0,-20%,fixed,reset,0.2,,15,0.0,0.0,0.1.0b1,042c345cfe16,1.1.0a5,1.0,0.2870062787857593,192245.4484073597,193247.32464839588,0.005211443232264385,True,0.05,0.2888452514618164,True,0.12634497319012009
8,0.0,-20%,fixed,carried,0.2,,15,0.0,0.0,0.1.0b1,042c345cfe16,1.1.0a5,0.6326131689283951,0.045723987260106895,192245.4484073597,192245.4485885756,9.426276406283366e-10,False,0.05,3.4095916965447886e-07,False,1.5480762472132696e-07
8,0.0,+/-10%,rolling,reset,0.1,0.1,15,0.0,0.0,0.1.0b1,042c345cfe16,1.1.0a5,0.3958366590620817,0.18703664255773977,188658.06351926088,167165.22546919208,-0.11392483124833146,True,0.05,0.18736856601327748,True,0.2117750864706706
8,0.0,+/-10%,rolling,carried,0.1,0.1,15,0.0,0.0,0.1.0b1,042c345cfe16,1.1.0a5,0.451764193133239,0.131863159080936,188658.06351926088,162782.33070598988,-0.1371567815898271,True,0.05,0.08239979300812861,True,0.08355546078090863
8,0.0,+/-10%,fixed,reset,0.1,0.1,15,0.0,0.0,0.1.0b1,042c345cfe16,1.1.0a5,0.19610406838715583,0.0413934722333189,188658.06351926088,189323.0142213781,0.003524634408480211,False,0.05,0.05844696158467135,True,0.060471269684275894
8,0.0,+/-10%,fixed,carried,0.1,0.1,15,0.0,0.0,0.1.0b1,042c345cfe16,1.1.0a5,2.999993999693476e-06,6.411423161330045e-07,188658.06351926088,188658.07752991244,7.426479048713187e-08,False,0.05,8.594285909252354e-07,False,8.216751157951102e-07
8,0.0,+/-20%,rolling,reset,0.2,0.2,15,0.0,0.0,0.1.0b1,042c345cfe16,1.1.0a5,0.48602776478056625,0.22106341530545315,191041.80186450752,168073.15690234432,-0.12022837273306941,True,0.05,0.2313856308936137,True,0.28002567972468223
8,0.0,+/-20%,rolling,carried,0.2,0.2,15,0.0,0.0,0.1.0b1,042c345cfe16,1.1.0a5,0.5998549962140935,0.189734879155632,191041.80186450752,161539.58148734388,-0.15442808897964377,True,0.05,0.17323767634886322,True,0.1926747277117899
8,0.0,+/-20%,fixed,reset,0.2,0.2,15,0.0,0.0,0.1.0b1,042c345cfe16,1.1.0a5,0.12559569176733335,0.03385767860620872,191041.80186450752,191403.41708572797,0.0018928591422986848,False,0.05,0.04991106148179088,False,0.052574675568826904
8,0.0,+/-20%,fixed,carried,0.2,0.2,15,0.0,0.0,0.1.0b1,042c345cfe16,1.1.0a5,9.742641348425628e-06,1.7616439537565439e-06,191041.80186450752,191041.81955493364,9.259976583338892e-08,False,0.05,2.46365770657272e-06,False,2.4794089253497878e-06
8,0.02,NHF,rolling,reset,,,15,0.0,0.0,0.1.0b1,042c345cfe16,1.1.0a5,0.0,0.0,180610.714280316,180610.714280316,0.0,False,0.05,0.0,False,0.0
8,0.02,NHF,rolling,carried,,,15,0.0,0.0,0.1.0b1,042c345cfe16,1.1.0a5,0.0,0.0,180610.714280316,180610.714280316,0.0,False,0.05,0.0,False,0.0
8,0.02,NHF,fixed,reset,,,15,0.0,0.0,0.1.0b1,042c345cfe16,1.1.0a5,0.0,0.0,180610.714280316,180610.714280316,0.0,False,0.05,0.0,False,0.0
8,0.02,NHF,fixed,carried,,,15,0.0,0.0,0.1.0b1,042c345cfe16,1.1.0a5,0.0,0.0,180610.714280316,180610.714280316,0.0,False,0.05,0.0,False,0.0
8,0.02,NDY,rolling,reset,0.0,,15,0.0,0.0,0.1.0b1,042c345cfe16,1.1.0a5,0.3505570985901641,0.07345699383000093,188874.44631681454,170061.8077328898,-0.09960393769927331,True,0.05,0.00314196381637067,False,0.0031534509963543162
8,0.02,NDY,rolling,carried,0.0,,15,0.0,0.07142857142857142,0.1.0b1,042c345cfe16,1.1.0a5,0.3546154432553289,0.07422002765597344,188874.44631681454,169819.8886984426,-0.10088478346303222,True,0.05,0.004043622292971475,False,0.004080244389293621
8,0.02,NDY,fixed,reset,0.0,,15,0.0,0.0,0.1.0b1,042c345cfe16,1.1.0a5,0.009472963791155052,0.0031763793862842043,188874.44631681454,189178.04329027364,0.0016074009977498109,False,0.05,0.0018898608951389614,False,0.001930483325053396
8,0.02,NDY,fixed,carried,0.0,,15,0.0,0.0,0.1.0b1,042c345cfe16,1.1.0a5,9.82882273633319e-06,3.2320352832645003e-06,188874.44631681454,188874.76713473714,1.6985776998816328e-06,False,0.05,1.8001575162459083e-06,False,1.8388446713324945e-06
8,0.02,-10%,rolling,reset,0.1,,15,0.0,0.0,0.1.0b1,042c345cfe16,1.1.0a5,0.3841054393663883,0.10295845219268952,187874.29349071506,174319.9560160682,-0.07214578015334881,True,0.05,0.07351929228241663,True,0.08638261800274499
8,0.02,-10%,rolling,carried,0.1,,15,0.0,0.0,0.1.0b1,042c345cfe16,1.1.0a5,0.348133160213514,0.10033553053944987,187874.29349071506,174152.2135401068,-0.07303862436766216,True,0.05,0.06715592304827296,True,0.07802717115635872
8,0.02,-10%,fixed,reset,0.1,,15,0.0,0.0,0.1.0b1,042c345cfe16,1.1.0a5,5.366614109818514e-10,1.5567962258492645e-10,187874.29349071506,187874.2935004917,5.2038231824411505e-11,False,0.05,1.3984044300738955e-10,False,1.2649271953713776e-10
8,0.02,-10%,fixed,carried,0.1,,15,0.0,0.0,0.1.0b1,042c345cfe16,1.1.0a5,5.366614109818514e-10,1.5567962258492645e-10,187874.29349071506,187874.2935004917,5.2038231824411505e-11,False,0.05,1.3984044300738955e-10,False,1.2649271953713776e-10
8,0.02,-20%,rolling,reset,0.2,,15,0.0,0.0,0.1.0b1,042c345cfe16,1.1.0a5,0.38389134024968513,0.08640153748214208,186700.55794319484,178475.75569860218,-0.044053442234999234,True,0.05,0.078278888499367,True,0.09196467933823659
8,0.02,-20%,rolling,carried,0.2,,15,0.0,0.0,0.1.0b1,042c345cfe16,1.1.0a5,0.383891340249685,0.08631459247105334,186700.55794319484,178432.70664180318,-0.04428402031828543,True,0.05,0.07756200742848232,True,0.09145056442874488
8,0.02,-20%,fixed,reset,0.2,,15,0.0,0.0,0.1.0b1,042c345cfe16,1.1.0a5,2.531900303210973e-10,7.286328005448846e-11,186700.55794319484,186700.55794421537,5.466110150971646e-12,False,0.05,6.509139062848168e-11,False,5.3140687819611224e-11
8,0.02,-20%,fixed,carried,0.2,,15,0.0,0.0,0.1.0b1,042c345cfe16,1.1.0a5,2.531900303210973e-10,7.286328005448846e-11,186700.55794319484,186700.55794421537,5.466110150971646e-12,False,0.05,6.509139062848168e-11,False,5.3140687819611224e-11
8,0.02,+/-10%,rolling,reset,0.1,0.1,15,0.0,0.0,0.1.0b1,042c345cfe16,1.1.0a5,0.43817459296355554,0.12410418131777723,187302.6964246084,172426.64920975972,-0.07942249363631813,True,0.05,0.09530004593166717,True,0.10167894910295973
8,0.02,+/-10%,rolling,carried,0.1,0.1,15,0.0,0.0,0.1.0b1,042c345cfe16,1.1.0a5,0.2893105224570518,0.11365251354500673,187302.6964246084,170337.44944647682,-0.09057662971211045,True,0.05,0.07926229638963653,True,0.08376375059868506
8,0.02,+/-10%,fixed,reset,0.1,0.1,15,0.0,0.0,0.1.0b1,042c345cfe16,1.1.0a5,0.24043407852580945,0.06284495778509633,187302.6964246084,186412.34540321786,-0.004753540863993546,True,0.05,0.034476971978114015,False,0.03850850827682572
8,0.02,+/-10%,fixed,carried,0.1,0.1,15,0.0,0.0,0.1.0b1,042c345cfe16,1.1.0a5,2.918868580411758e-06,8.871990523095687e-07,187302.6964246084,187302.6923095298,-2.1970204790496694e-08,False,0.05,7.18567440435653e-07,False,7.376338616355205e-07
8,0.02,+/-20%,rolling,reset,0.2,0.2,15,0.0,0.0,0.1.0b1,042c345cfe16,1.1.0a5,0.590399297320399,0.11738773234407084,190698.7145700412,174605.81420524727,-0.08438913917735512,True,0.05,0.04913009428307616,False,0.051891059213879064
8,0.02,+/-20%,rolling,carried,0.2,0.2,15,0.0,0.0,0.1.0b1,042c345cfe16,1.1.0a5,0.45913966726417904,0.08131484109816163,190698.7145700412,174339.41488526517,-0.08578610360148736,True,0.05,0.04170484590993238,False,0.04065432240932519
8,0.02,+/-20%,fixed,reset,0.2,0.2,15,0.0,0.0,0.1.0b1,042c345cfe16,1.1.0a5,0.3559765515379363,0.07639866536991834,190698.7145700412,187927.43164559855,-0.014532258021198055,True,0.05,0.013977884918517999,False,0.015229658734404964
8,0.02,+/-20%,fixed,carried,0.2,0.2,15,0.0,0.0,0.1.0b1,042c345cfe16,1.1.0a5,6.522533779827266e-06,1.19872328583841e-06,190698.7145700412,190698.69096539877,-1.237797668349171e-07,False,0.05,4.0657219421357675e-07,False,4.1511877563579757e-07
8,0.04,NHF,rolling,reset,,,15,0.0,0.0,0.1.0b1,042c345cfe16,1.1.0a5,0.0,0.0,180610.714280316,180610.714280316,0.0,False,0.05,0.0,False,0.0
8,0.04,NHF,rolling,carried,,,15,0.0,0.0,0.1.0b1,042c345cfe16,1.1.0a5,0.0,0.0,180610.714280316,180610.714280316,0.0,False,0.05,0.0,False,0.0
8,0.04,NHF,fixed,reset,,,15,0.0,0.0,0.1.0b1,042c345cfe16,1.1.0a5,0.0,0.0,180610.714280316,180610.714280316,0.0,False,0.05,0.0,False,0.0
8,0.04,NHF,fixed,carried,,,15,0.0,0.0,0.1.0b1,042c345cfe16,1.1.0a5,0.0,0.0,180610.714280316,180610.714280316,0.0,False,0.05,0.0,False,0.0
8,0.04,NDY,rolling,reset,0.0,,15,0.0,0.0,0.1.0b1,042c345cfe16,1.1.0a5,0.31621656816225124,0.06966902433824033,186971.59708470973,169319.60619402077,-0.09441001288923855,True,0.05,0.010241214281770685,False,0.01056854192758543
8,0.04,NDY,rolling,carried,0.0,,15,0.0,0.0,0.1.0b1,042c345cfe16,1.1.0a5,0.3252645458718781,0.06594063149600196,186971.59708470973,169769.23102009154,-0.09200523679981434,True,0.05,0.0002662661616106609,False,0.0002747765053956743
8,0.04,NDY,fixed,reset,0.0,,15,0.0,0.0,0.1.0b1,042c345cfe16,1.1.0a5,0.008771295113348595,0.003920534844084873,186971.59708470973,186157.38588423328,-0.004354732019043305,False,0.05,0.003656779660958443,False,0.0037736569208753567
8,0.04,NDY,fixed,carried,0.0,,15,0.0,0.0,0.1.0b1,042c345cfe16,1.1.0a5,2.3375211848657024e-05,5.808341437893241e-06,186971.59708470973,186970.1742754375,-7.609761559683375e-06,False,0.05,1.6999512674259298e-06,False,1.7542826126968037e-06
8,0.04,-10%,rolling,reset,0.1,,15,0.0,0.0,0.1.0b1,042c345cfe16,1.1.0a5,0.18450765338589112,0.04500550343235614,185259.31730512774,174722.45252413716,-0.05687630146901623,False,0.05,0.007416482107825531,False,0.00716311538590123
8,0.04,-10%,rolling,carried,0.1,,15,0.0,0.0,0.1.0b1,042c345cfe16,1.1.0a5,0.18018410145734423,0.044465850441299755,185259.31730512774,174846.95807640135,-0.05620424052182442,False,0.05,0.007416482107825459,False,0.007163115385901146
8,0.04,-10%,fixed,reset,0.1,,15,0.0,0.0,0.1.0b1,042c345cfe16,1.1.0a5,6.956287849512281e-10,1.6304686367044506e-10,185259.31730512774,185259.31730877789,1.9702891392019593e-11,False,0.05,1.8468434920466984e-10,False,1.6399654772751748e-10
8,0.04,-10%,fixed,carried,0.1,,15,0.0,0.0,0.1.0b1,042c345cfe16,1.1.0a5,6.956287849512281e-10,1.6304687338961682e-10,185259.31730512774,185259.31730877789,1.9702891392019593e-11,False,0.05,1.846843637834275e-10,False,1.639965644091723e-10
8,0.04,-20%,rolling,reset,0.2,,15,0.0,0.0,0.1.0b1,042c345cfe16,1.1.0a5,0.12048319199963499,0.02653000306575799,184560.1245069608,178603.03664647078,-0.03227722064234599,False,0.05,0.003959098504470968,False,0.0034172617579417905
8,0.04,-20%,rolling,carried,0.2,,15,0.0,0.0,0.1.0b1,042c345cfe16,1.1.0a5,0.12776743486958267,0.026065364836080802,184560.1245069608,178494.44477606716,-0.032865602724844636,False,0.05,0.0007680784606998697,False,0.0007357424158096694
8,0.04,-20%,fixed,reset,0.2,,15,0.0,0.0,0.1.0b1,042c345cfe16,1.1.0a5,1.0353602269298586e-09,1.1866363234510971e-10,184560.1245069608,184560.12449691433,-5.4434660127804725e-11,False,0.05,1.6587231323777904e-10,False,1.1565557530626524e-10
8,0.04,-20%,fixed,carried,0.2,,15,0.0,0.0,0.1.0b1,042c345cfe16,1.1.0a5,1.0353602269298586e-09,1.186636224519805e-10,184560.1245069608,184560.12449691433,-5.4434660127804725e-11,False,0.05,1.658722983980852e-10,False,1.1565555825790213e-10
8,0.04,+/-10%,rolling,reset,0.1,0.1,15,0.0,0.0,0.1.0b1,042c345cfe16,1.1.0a5,0.3146802771445111,0.080346440375242,171245.74612694784,173922.06605876438,0.015628533802133304,True,0.05,0.046386754232274716,False,0.05519516134543695
8,0.04,+/-10%,rolling,carried,0.1,0.1,15,0.0,0.0,0.1.0b1,042c345cfe16,1.1.0a5,0.0977762019756331,0.03700999596362862,171245.74612694784,166009.11035165866,-0.030579654640922625,False,0.05,0.01640541537988954,False,0.015346045527063644
8,0.04,+/-10%,fixed,reset,0.1,0.1,15,0.0,0.0,0.1.0b1,042c345cfe16,1.1.0a5,0.3612976137094674,0.09913623786999387,171245.74612694784,184802.15929289375,0.07916350316752553,True,0.05,0.0627378058504023,True,0.06986442029820307
8,0.04,+/-10%,fixed,carried,0.1,0.1,15,0.0,0.0,0.1.0b1,042c345cfe16,1.1.0a5,4.047705509708248e-06,2.1651055618252913e-06,171245.74612694784,171245.45424324402,-1.7044727265785888e-06,False,0.05,2.6285730908890552e-06,False,2.644829433276826e-06
8,0.04,+/-20%,rolling,reset,0.2,0.2,15,0.0,0.0,0.1.0b1,042c345cfe16,1.1.0a5,0.5150411465118131,0.1499954218700937,187255.17938157628,177281.5155826267,-0.053262418865466565,True,0.05,0.10575866773775697,True,0.12124594075790605
8,0.04,+/-20%,rolling,carried,0.2,0.2,15,0.0,0.0,0.1.0b1,042c345cfe16,1.1.0a5,0.24459191125729954,0.08346609508015564,187255.17938157628,172739.08490763747,-0.0775203896729546,True,0.05,0.051622708923678685,True,0.04986946198294519
8,0.04,+/-20%,fixed,reset,0.2,0.2,15,0.0,0.0,0.1.0b1,042c345cfe16,1.1.0a5,0.4465218038342466,0.12914407794307137,187255.17938157628,185091.1078551171,-0.011556804642767092,True,0.05,0.07567922386564625,True,0.08973039005959726
8,0.04,+/-20%,fixed,carried,0.2,0.2,15,0.0,0.0,0.1.0b1,042c345cfe16,1.1.0a5,2.5113320651011583e-06,9.9940380882353e-07,187255.17938157628,187255.3046629262,6.690407728330788e-07,False,0.05,7.945726331284154e-07,False,8.032519691504332e-07
8,0.06,NHF,rolling,reset,,,15,0.0,0.0,0.1.0b1,042c345cfe16,1.1.0a5,0.0,0.0,180610.714280316,180610.714280316,0.0,False,0.05,0.0,False,0.0
8,0.06,NHF,rolling,carried,,,15,0.0,0.0,0.1.0b1,042c345cfe16,1.1.0a5,0.0,0.0,180610.714280316,180610.714280316,0.0,False,0.05,0.0,False,0.0
8,0.06,NHF,fixed,reset,,,15,0.0,0.0,0.1.0b1,042c345cfe16,1.1.0a5,0.0,0.0,180610.714280316,180610.714280316,0.0,False,0.05,0.0,False,0.0
8,0.06,NHF,fixed,carried,,,15,0.0,0.0,0.1.0b1,042c345cfe16,1.1.0a5,0.0,0.0,180610.714280316,180610.714280316,0.0,False,0.05,0.0,False,0.0
8,0.06,NDY,rolling,reset,0.0,,15,0.0,0.0,0.1.0b1,042c345cfe16,1.1.0a5,0.3007140277325537,0.06868614314705696,184974.37574226758,168425.07963125978,-0.08946804682864085,True,0.05,0.014855867480906167,False,0.015330114771777044
8,0.06,NDY,rolling,carried,0.0,,15,0.0,0.0,0.1.0b1,042c345cfe16,1.1.0a5,0.29935644799963723,0.06058370295432928,184974.37574226758,169750.00629004394,-0.08230528899546816,True,0.05,2.6999986650954396e-06,False,2.786189191427668e-06
8,0.06,NDY,fixed,reset,0.0,,15,0.0,0.0,0.1.0b1,042c345cfe16,1.1.0a5,0.02777940970613765,0.015227665590579751,184974.37574226758,181904.37588992497,-0.016596892623766308,False,0.05,0.014840168419421948,False,0.015313914545522637
8,0.06,NDY,fixed,carried,0.0,,15,0.0,0.0,0.1.0b1,042c345cfe16,1.1.0a5,2.3192640658586272e-05,6.503617559723251e-06,184974.37574226758,184975.2195206954,4.561596299059034e-06,False,0.05,2.6999287326579055e-06,False,2.786117026520759e-06
8,0.06,-10%,rolling,reset,0.1,,15,0.0,0.0,0.1.0b1,042c345cfe16,1.1.0a5,0.17952520793902355,0.03860855908557958,183837.0245032721,174548.0681399264,-0.05052821317383956,False,0.05,5.3960762889323076e-05,False,5.168364554938253e-05
8,0.06,-10%,rolling,carried,0.1,,15,0.0,0.0,0.1.0b1,042c345cfe16,1.1.0a5,0.1698665089058569,0.03746635971367107,183837.0245032721,174806.09104306943,-0.049124671619355645,False,0.05,5.396076288930996e-05,False,5.168364554936572e-05
8,0.06,-10%,fixed,reset,0.1,,15,0.0,0.0,0.1.0b1,042c345cfe16,1.1.0a5,0.004318165339420234,0.0009006961023377943,183837.0245032721,183624.80825479678,-0.0011543716454764424,False,0.05,5.559453681538717e-05,False,5.030689223298262e-05
8,0.06,-10%,fixed,carried,0.1,,15,0.0,0.0,0.1.0b1,042c345cfe16,1.1.0a5,2.019779637288499e-05,4.239545415204837e-06,183837.0245032721,183836.02958321696,-5.411967789608205e-06,False,0.05,2.999915215857111e-07,False,2.5671626987217845e-07
8,0.06,-20%,rolling,reset,0.2,,15,0.0,0.0,0.1.0b1,042c345cfe16,1.1.0a5,0.11562794496052055,0.022079712928443816,183593.34152387868,178520.49359827332,-0.027630892730091627,False,0.05,1.397980546077426e-10,False,9.581889093575959e-11
8,0.06,-20%,rolling,carried,0.2,,15,0.0,0.0,0.1.0b1,042c345cfe16,1.1.0a5,0.10362947349141438,0.02072571551891391,183593.34152387868,178792.5364446222,-0.026149124142566295,False,0.05,1.3979803976804876e-10,False,9.581887381784138e-11
8,0.06,-20%,fixed,reset,0.2,,15,0.0,0.0,0.1.0b1,042c345cfe16,1.1.0a5,8.178615653179457e-10,1.0904520916241222e-10,183593.34152387868,183593.34152678723,1.584234744143105e-11,False,0.05,1.3979804531493537e-10,False,9.581887381784138e-11
8,0.06,-20%,fixed,carried,0.2,,15,0.0,0.0,0.1.0b1,042c345cfe16,1.1.0a5,8.178615653179457e-10,1.0904520916241222e-10,183593.34152387868,183593.34152678723,1.584234744143105e-11,False,0.05,1.3979804531493537e-10,False,9.581887381784138e-11
8,0.06,+/-10%,rolling,reset,0.1,0.1,15,0.0,0.0,0.1.0b1,042c345cfe16,1.1.0a5,0.4220453825761127,0.10572613379957238,163135.84523737011,174466.54306249134,0.0694555988515862,True,0.05,0.06794301362584519,True,0.07522889867099208
8,0.06,+/-10%,rolling,carried,0.1,0.1,15,0.0,0.0,0.1.0b1,042c345cfe16,1.1.0a5,4.966538335674845e-06,1.7724267256502424e-06,163135.84523737011,163135.74436604077,-6.183271934781973e-07,False,0.05,2.2586405482733337e-06,False,2.2706345581879834e-06
8,0.06,+/-10%,fixed,reset,0.1,0.1,15,0.0,0.0,0.1.0b1,042c345cfe16,1.1.0a5,0.45397185399078993,0.1306309288345925,163135.84523737011,182955.11746531457,0.1214893771452038,True,0.05,0.07204453798850544,True,0.07934346854562857
8,0.06,+/-10%,fixed,carried,0.1,0.1,15,0.0,0.0,0.1.0b1,042c345cfe16,1.1.0a5,4.966538335674845e-06,1.772426725651701e-06,163135.84523737011,163135.74436604077,-6.183271934781973e-07,False,0.05,2.2586405482449445e-06,False,2.2706345581547187e-06
8,0.06,+/-20%,rolling,reset,0.2,0.2,15,0.0,0.0,0.1.0b1,042c345cfe16,1.1.0a5,0.627416725938989,0.1710751452973996,157600.61050539298,178320.84261063286,0.13147304467155504,True,0.05,0.10986007757079697,True,0.11919780727770939
8,0.06,+/-20%,rolling,carried,0.2,0.2,15,0.0,0.07142857142857142,0.1.0b1,042c345cfe16,1.1.0a5,4.000807856280057e-06,1.1987288530625945e-06,157600.61050539298,157600.71225900616,6.456422526389352e-07,False,0.05,7.9776813642103e-07,False,8.991450116506883e-07
8,0.06,+/-20%,fixed,reset,0.2,0.2,15,0.0,0.0,0.1.0b1,042c345cfe16,1.1.0a5,0.627416725938989,0.17679102350245407,157600.61050539298,182049.46812396,0.15513174435152577,True,0.05,0.11534803224446719,True,0.12497070665422408
8,0.06,+/-20%,fixed,carried,0.2,0.2,15,0.0,0.07142857142857142,0.1.0b1,042c345cfe16,1.1.0a5,4.000807856280057e-06,1.198772342892368e-06,157600.61050539298,157600.71225035517,6.455873607374368e-07,False,0.05,7.978333711656903e-07,False,8.992260827477665e-07
9,0.0,NHF,rolling,reset,,,15,0.0,0.0,0.1.0b1,042c345cfe16,1.1.0a5,1.0,0.6237169138233988,219002.95150915667,149143.66324170583,-0.31898788480268486,True,0.05,0.548399929581399,True,0.84974582191566
9,0.0,NHF,rolling,carried,,,15,0.0,0.0,0.1.0b1,042c345cfe16,1.1.0a5,1.0,0.6237169138233988,219002.95150915667,149143.66324170583,-0.31898788480268486,True,0.05,0.548399929581399,True,0.84974582191566
9,0.0,NHF,fixed,reset,,,15,0.0,0.0,0.1.0b1,042c345cfe16,1.1.0a5,1.729354215313555e-16,2.2319631291483964e-17,219002.95150915667,219002.9515091567,1.3289241197973924e-16,False,0.05,1.729354215313555e-17,False,3.08319165434481e-17
9,0.0,NHF,fixed,carried,,,15,0.0,0.0,0.1.0b1,042c345cfe16,1.1.0a5,1.729354215313555e-16,2.2319631291483964e-17,219002.95150915667,219002.9515091567,1.3289241197973924e-16,False,0.05,1.729354215313555e-17,False,3.08319165434481e-17
9,0.0,NDY,rolling,reset,0.0,,15,0.0,0.0,0.1.0b1,042c345cfe16,1.1.0a5,0.6876634373174622,0.09623617423133028,209673.8959187679,175524.10460535125,-0.16287097239156081,True,0.05,0.047359683762821604,False,0.047359683762821604
9,0.0,NDY,rolling,carried,0.0,,15,0.21428571428571427,0.0,0.1.0b1,042c345cfe16,1.1.0a5,0.6595108029689337,0.044513480566886816,209673.8959187679,185812.19616513824,-0.11380386504037766,False,0.05,5.499983500106348e-06,False,5.499983500106348e-06
9,0.0,NDY,fixed,reset,0.0,,15,0.0,0.0,0.1.0b1,042c345cfe16,1.1.0a5,0.7842276570159201,0.295830805183426,209673.8959187679,210184.14414247999,0.002433532421745846,True,0.05,0.21024484355559547,True,0.21024484355559547
9,0.0,NDY,fixed,carried,0.0,,15,0.0,0.0,0.1.0b1,042c345cfe16,1.1.0a5,1.692387087352933e-05,4.626480040426793e-06,209673.8959187679,209673.85479728653,-1.9612112983657763e-07,False,0.05,4.099941301035632e-06,False,4.099941301035632e-06
9,0.0,-10%,rolling,reset,0.1,,15,0.0,0.0,0.1.0b1,042c345cfe16,1.1.0a5,0.7760438243266857,0.2992473312799493,217353.49603165715,181246.673545403,-0.16612027478497635,True,0.05,0.2322222266427108,True,0.2563592551711029
9,0.0,-10%,rolling,carried,0.1,,15,0.0,0.0,0.1.0b1,042c345cfe16,1.1.0a5,0.7837643712243123,0.2863259270257341,217353.49603165715,188798.67107501495,-0.13137504331875685,True,0.05,0.23248050844625637,True,0.28810713740066546
9,0.0,-10%,fixed,reset,0.1,,15,0.0,0.0,0.1.0b1,042c345cfe16,1.1.0a5,0.7916920998015561,0.23934970097286826,217353.49603165715,218356.36548954222,0.004614001965438844,True,0.05,0.17303930836338446,True,0.1189405166356201
9,0.0,-10%,fixed,carried,0.1,,15,0.0,0.0,0.1.0b1,042c345cfe16,1.1.0a5,5.603376306207412e-06,6.407878379861928e-07,217353.49603165715,217353.5006654314,2.1319069340536437e-08,False,0.05,1.0067026075972875e-07,False,6.48073547873249e-08
9,0.0,-20%,rolling,reset,0.2,,15,0.0,0.0,0.1.0b1,042c345cfe16,1.1.0a5,0.8811811917957726,0.3983343660785552,217586.09296217508,174150.9926743953,-0.19962259396481968,True,0.05,0.3643387055267882,True,0.3892588898875869
9,0.0,-20%,rolling,carried,0.2,,15,0.0,0.0,0.1.0b1,042c345cfe16,1.1.0a5,0.8187739926478068,0.3180020745769569,217586.09296217508,173735.71456267682,-0.2015311631480104,True,0.05,0.24183629739341167,True,0.2939907080906791
9,0.0,-20%,fixed,reset,0.2,,15,0.0,0.0,0.1.0b1,042c345cfe16,1.1.0a5,0.7847321264779169,0.177360268462213,217586.09296217508,217985.1672851927,0.0018340984829714757,True,0.05,0.1510725951247185,True,0.07935587071904113
9,0.0,-20%,fixed,carried,0.2,,15,0.0,0.0,0.1.0b1,042c345cfe16,1.1.0a5,0.5179870350962442,0.0372458915092989,217586.09296217508,217586.09280849237,-7.063076340354042e-10,False,0.05,4.573348774036509e-07,False,3.3547509216583907e-07
9,0.0,+/-10%,rolling,reset,0.1,0.1,15,0.0,0.0,0.1.0b1,042c345cfe16,1.1.0a5,0.36159099062221145,0.11899545230624985,208163.12450307916,185386.57005132394,-0.10941685520010681,True,0.05,0.06734537858853723,True,0.0670076913949344
9,0.0,+/-10%,rolling,carried,0.1,0.1,15,0.0,0.0,0.1.0b1,042c345cfe16,1.1.0a5,0.34090459578888777,0.11875491755834901,208163.12450307916,185606.96299477553,-0.10835810406934,True,0.05,0.07000774478864327,True,0.06995599896828078
9,0.0,+/-10%,fixed,reset,0.1,0.1,15,0.0,0.0,0.1.0b1,042c345cfe16,1.1.0a5,0.06457188141929648,0.014493812116977294,208163.12450307916,208472.23584284895,0.0014849476366560756,False,0.05,0.021046886469295038,False,0.022353584782945156
9,0.0,+/-10%,fixed,carried,0.1,0.1,15,0.0,0.0,0.1.0b1,042c345cfe16,1.1.0a5,1.4913495600561071e-05,2.3244115918562533e-06,208163.12450307916,208163.156225043,1.523899293591706e-07,False,0.05,3.1881831643784926e-06,False,3.0499430055504014e-06
9,0.0,+/-20%,rolling,reset,0.2,0.2,15,0.0,0.0,0.1.0b1,042c345cfe16,1.1.0a5,0.3633015967233414,0.13638595440479667,210275.24359252196,188726.99436322416,-0.10247639646564709,True,0.05,0.09615108622568388,True,0.09715877119548856
9,0.0,+/-20%,rolling,carried,0.2,0.2,15,0.0,0.0,0.1.0b1,042c345cfe16,1.1.0a5,0.348553859364663,0.142786419330546,210275.24359252196,187977.46203459665,-0.10604092605943977,True,0.05,0.09983497260394576,True,0.1001804386470104
9,0.0,+/-20%,fixed,reset,0.2,0.2,15,0.0,0.0,0.1.0b1,042c345cfe16,1.1.0a5,0.07137647326500418,0.023061068447323484,210275.24359252196,210482.4389055198,0.0009853528616015292,False,0.05,0.03186408526214612,False,0.033952236394330426
9,0.0,+/-20%,fixed,carried,0.2,0.2,15,0.0,0.0,0.1.0b1,042c345cfe16,1.1.0a5,5.152765727103845e-06,9.711450112411156e-07,210275.24359252196,210275.25182314604,3.914214502644691e-08,False,0.05,1.4229880447409067e-06,False,1.372516248259804e-06
9,0.02,NHF,rolling,reset,,,15,0.0,0.0,0.1.0b1,042c345cfe16,1.1.0a5,0.5856744300488806,0.16078496961523123,204356.77094084755,199859.89594804254,-0.022005020788406663,True,0.05,0.10419087996165939,True,0.09094698682011192
9,0.02,NHF,rolling,carried,,,15,0.0,0.0,0.1.0b1,042c345cfe16,1.1.0a5,0.5856744300488806,0.16078496961523123,204356.77094084755,199859.89594804254,-0.022005020788406663,True,0.05,0.10419087996165939,True,0.09094698682011192
9,0.02,NHF,fixed,reset,,,15,0.0,0.0,0.1.0b1,042c345cfe16,1.1.0a5,3.0807212612854343e-16,5.0287699510123073e-17,204356.77094084755,204356.77094084755,0.0,False,0.05,3.080721261285434e-17,False,7.189422424259972e-17
9,0.02,NHF,fixed,carried,,,15,0.0,0.0,0.1.0b1,042c345cfe16,1.1.0a5,3.0807212612854343e-16,5.0287699510123073e-17,204356.77094084755,204356.77094084755,0.0,False,0.05,3.080721261285434e-17,False,7.189422424259972e-17
9,0.02,NDY,rolling,reset,0.0,,15,0.0,0.0,0.1.0b1,042c345cfe16,1.1.0a5,0.10055648589344908,0.0657956727361617,203520.0990362411,190129.3572048213,-0.06579567273616194,True,0.05,0.06080913714805417,True,0.06080913714805417
9,0.02,NDY,rolling,carried,0.0,,15,1.0,0.0,0.1.0b1,042c345cfe16,1.1.0a5,0.1001220661658892,0.06465943741255639,203520.0990362411,190360.60393041,-0.06465943741255634,True,0.05,0.059652385562122524,True,0.05965238556212252
9,0.02,NDY,fixed,reset,0.0,,15,0.0,0.0,0.1.0b1,042c345cfe16,1.1.0a5,0.3214190116659189,0.04228313186654167,203520.0990362411,205702.3159330942,0.010722365541226119,False,0.05,0.0007294234257663801,False,0.0007294234257663803
9,0.02,NDY,fixed,carried,0.0,,15,0.0,0.0,0.1.0b1,042c345cfe16,1.1.0a5,4.274478260025379e-05,7.582922075277595e-06,203520.0990362411,203519.7157069658,-1.8834959156969605e-06,False,0.05,4.399949074566801e-06,False,4.399949074566801e-06
9,0.02,-10%,rolling,reset,0.1,,15,0.0,0.0,0.1.0b1,042c345cfe16,1.1.0a5,0.2712063831058543,0.06899866531400806,203622.299356376,199423.94947116825,-0.02061832077566255,True,0.05,0.03551316726946439,False,0.03332552086950056
9,0.02,-10%,rolling,carried,0.1,,15,0.0,0.0,0.1.0b1,042c345cfe16,1.1.0a5,0.2461108960698887,0.05593476278687677,203622.299356376,200329.33753690514,-0.016171911572944075,True,0.05,0.019892384268702875,False,0.01805666865584681
9,0.02,-10%,fixed,reset,0.1,,15,0.0,0.0,0.1.0b1,042c345cfe16,1.1.0a5,0.12967057848085706,0.03284696003416614,203622.299356376,204847.4955248342,0.006017003895599322,False,0.05,0.013369231417688476,False,0.011521347915062714
9,0.02,-10%,fixed,carried,0.1,,15,0.0,0.0,0.1.0b1,042c345cfe16,1.1.0a5,9.998869507372459e-07,1.51228501141954e-07,203622.299356376,203622.30215708923,1.3754452453878628e-08,False,0.05,1.4154958415887824e-10,False,1.4222966175062907e-10
9,0.02,-20%,rolling,reset,0.2,,15,0.0,0.0,0.1.0b1,042c345cfe16,1.1.0a5,0.4493074686427772,0.060217462210756495,203870.28030545203,198984.18662296233,-0.023966679572760857,True,0.05,0.021648535938452763,False,0.021538485886749715
9,0.02,-20%,rolling,carried,0.2,,15,0.0,0.0,0.1.0b1,042c345cfe16,1.1.0a5,0.40998374953284605,0.06257434054852601,203870.28030545203,199529.0522908356,-0.02129406997484932,True,0.05,0.026914251967457538,False,0.02630545495611146
9,0.02,-20%,fixed,reset,0.2,,15,0.0,0.0,0.1.0b1,042c345cfe16,1.1.0a5,0.1851889041191757,0.04107807530849676,203870.28030545203,205233.03438773536,0.006684417563175743,False,0.05,0.026716433096094692,False,0.0235545595153098
9,0.02,-20%,fixed,carried,0.2,,15,0.0,0.0,0.1.0b1,042c345cfe16,1.1.0a5,2.7085289161688364e-05,5.40001222428897e-06,203870.28030545203,203870.88163469097,2.949567921517771e-06,False,0.05,1.789440116277307e-06,False,1.6570159599728685e-06
9,0.02,+/-10%,rolling,reset,0.1,0.1,15,0.0,0.0,0.1.0b1,042c345cfe16,1.1.0a5,0.2982241535143286,0.05219314257252825,203196.5381239525,198546.01649453363,-0.02288681525952957,True,0.05,0.031485257487858076,False,0.029280439552780167
9,0.02,+/-10%,rolling,carried,0.1,0.1,15,0.0,0.0,0.1.0b1,042c345cfe16,1.1.0a5,0.274226068863761,0.04035799271542732,203196.5381239525,199376.93990830594,-0.0187975555632574,False,0.05,0.011348505486883315,False,0.009873498754533725
9,0.02,+/-10%,fixed,reset,0.1,0.1,15,0.0,0.0,0.1.0b1,042c345cfe16,1.1.0a5,0.12967057814749663,0.02100185137070016,203196.5381239525,203952.60669951083,0.0037208733108293826,False,0.05,0.018841538903488338,False,0.01606371078630719
9,0.02,+/-10%,fixed,carried,0.1,0.1,15,0.0,0.0,0.1.0b1,042c345cfe16,1.1.0a5,3.2900249929985884e-10,1.2512078396767943e-10,203196.5381239525,203196.5381133476,-5.219027323775551e-11,False,0.05,1.3741962904048577e-10,False,1.3197451168953273e-10
9,0.02,+/-20%,rolling,reset,0.2,0.2,15,0.0,0.0,0.1.0b1,042c345cfe16,1.1.0a5,0.4003817511874709,0.05914969140629108,203652.82691085417,198954.99252450565,-0.02306785747886978,True,0.05,0.015812483292396155,False,0.015859033589991328
9,0.02,+/-20%,rolling,carried,0.2,0.2,15,0.0,0.0,0.1.0b1,042c345cfe16,1.1.0a5,0.37768473960614446,0.05115733085877484,203652.82691085417,199057.40960599037,-0.02256495711142461,True,0.05,0.01911216020232331,False,0.018155435496183873
9,0.02,+/-20%,fixed,reset,0.2,0.2,15,0.0,0.0,0.1.0b1,042c345cfe16,1.1.0a5,0.1555103525714555,0.027239561837306813,203652.82691085417,204694.40588230494,0.00511448324705409,False,0.05,0.020751643473284058,False,0.018137954085142308
9,0.02,+/-20%,fixed,carried,0.2,0.2,15,0.0,0.0,0.1.0b1,042c345cfe16,1.1.0a5,3.967562610525812e-10,1.6422654831225777e-10,203652.82691085417,203652.82690644095,-2.1670298448150418e-11,False,0.05,1.917770672970702e-10,False,1.9574282164201353e-10
9,0.04,NHF,rolling,reset,,,15,0.0,0.0,0.1.0b1,042c345cfe16,1.1.0a5,1.4496345915680816e-16,1.9328461220907754e-17,199612.239696595,199612.239696595,0.0,False,0.05,1.4496345915680816e-17,False,3.6373725752747446e-17
9,0.04,NHF,rolling,carried,,,15,0.0,0.0,0.1.0b1,042c345cfe16,1.1.0a5,1.4496345915680816e-16,1.9328461220907754e-17,199612.239696595,199612.239696595,0.0,False,0.05,1.4496345915680816e-17,False,3.6373725752747446e-17
9,0.04,NHF,fixed,reset,,,15,0.0,0.0,0.1.0b1,042c345cfe16,1.1.0a5,1.4496345915680816e-16,1.9328461220907754e-17,199612.239696595,199612.239696595,0.0,False,0.05,1.4496345915680816e-17,False,3.6373725752747446e-17
9,0.04,NHF,fixed,carried,,,15,0.0,0.0,0.1.0b1,042c345cfe16,1.1.0a5,1.4496345915680816e-16,1.9328461220907754e-17,199612.239696595,199612.239696595,0.0,False,0.05,1.4496345915680816e-17,False,3.6373725752747446e-17
9,0.04,NDY,rolling,reset,0.0,,15,0.0,0.0,0.1.0b1,042c345cfe16,1.1.0a5,0.1009363924880026,0.06464327199362821,201169.72375434297,188165.4545848079,-0.06464327199362825,True,0.05,0.059409892916212945,True,0.05940989291621294
9,0.04,NDY,rolling,carried,0.0,,15,1.0,0.0,0.1.0b1,042c345cfe16,1.1.0a5,0.08848714175586503,0.05425489523452723,201169.72375434297,190255.2814676923,-0.05425489523452732,True,0.05,0.0485541806476781,False,0.0485541806476781
9,0.04,NDY,fixed,reset,0.0,,15,0.0,0.0,0.1.0b1,042c345cfe16,1.1.0a5,0.007458991403946588,0.006459064108310603,201169.72375434297,199870.35561196253,-0.006459064108310612,False,0.05,0.00670499984112172,False,0.0067049998411217206
9,0.04,NDY,fixed,carried,0.0,,15,0.0,0.0,0.1.0b1,042c345cfe16,1.1.0a5,9.000093349722771e-06,5.933307255048752e-06,201169.72375434297,201168.5301525615,-5.933307255175341e-06,False,0.05,5.399977519306844e-06,False,5.399977519306843e-06
9,0.04,-10%,rolling,reset,0.1,,15,0.0,0.0,0.1.0b1,042c345cfe16,1.1.0a5,0.014598851348779,0.0054616864825771366,199060.66723271355,198738.54052362533,-0.001618233845823658,False,0.05,0.004121286402325527,False,0.0037943596870548798
9,0.04,-10%,rolling,carried,0.1,,15,0.0,0.0,0.1.0b1,042c345cfe16,1.1.0a5,0.022326704700830213,0.001515859398494522,199060.66723271355,198823.76565515826,-0.0011900973750797873,False,0.05,2.6161637904280094e-05,False,2.297235537970295e-05
9,0.04,-10%,fixed,reset,0.1,,15,0.0,0.0,0.1.0b1,042c345cfe16,1.1.0a5,0.013580808711862888,0.004449450554418362,199060.66723271355,198871.30336015899,-0.0009512872391469644,False,0.05,0.003911330605673164,False,0.0036002037951756534
9,0.04,-10%,fixed,carried,0.1,,15,0.0,0.0,0.1.0b1,042c345cfe16,1.1.0a5,0.00016112055684734463,3.185202381601856e-05,199060.66723271355,199059.42075284716,-6.2618089435454255e-06,False,0.05,2.616163790425767e-05,False,2.297235537967572e-05
9,0.04,-20%,rolling,reset,0.2,,15,0.0,0.0,0.1.0b1,042c345cfe16,1.1.0a5,0.05416345377258942,0.006007987803846038,199881.56363206546,199145.03280370834,-0.0036848362348860736,False,0.05,0.0017238040850422465,False,0.0017201038227774345
9,0.04,-20%,rolling,carried,0.2,,15,0.0,0.0,0.1.0b1,042c345cfe16,1.1.0a5,0.05915819611573281,0.003977782082141334,199881.56363206546,199155.07406250833,-0.0036346001920138423,False,0.05,2.809310657820301e-05,False,2.7108129083444463e-05
9,0.04,-20%,fixed,reset,0.2,,15,0.0,0.0,0.1.0b1,042c345cfe16,1.1.0a5,2.97206462640171e-10,1.7302644422470293e-10,199881.56363206546,199881.56362611783,-2.975576926772405e-11,False,0.05,1.6723608613435958e-10,False,1.5744969453226818e-10
9,0.04,-20%,fixed,carried,0.2,,15,0.0,0.0,0.1.0b1,042c345cfe16,1.1.0a5,2.97206462640171e-10,1.7274122732455497e-10,199881.56363206546,199881.56362618558,-2.9416799949733353e-11,False,0.05,1.6680826078413767e-10,False,1.5693190530158773e-10
9,0.04,+/-10%,rolling,reset,0.1,0.1,15,0.0,0.0,0.1.0b1,042c345cfe16,1.1.0a5,0.022760665272933276,0.006058441397448628,198891.1404393825,198113.32782955148,-0.003910745386208273,False,0.05,0.0011963954467487617,False,0.0010816554414907979
9,0.04,+/-10%,rolling,carried,0.1,0.1,15,0.0,0.0,0.1.0b1,042c345cfe16,1.1.0a5,0.022933535469795527,0.004596377499153901,198891.1404393825,198121.05825099014,-0.003871877785461503,False,0.05,7.712731362240541e-06,False,7.042027762726184e-06
9,0.04,+/-10%,fixed,reset,0.1,0.1,15,0.0,0.0,0.1.0b1,042c345cfe16,1.1.0a5,0.07466494601793855,0.010311286408863167,198891.1404393825,198893.18803024263,1.0295033029691994e-05,False,0.05,0.011889241692389172,False,0.011040936355885276
9,0.04,+/-10%,fixed,carried,0.1,0.1,15,0.0,0.0,0.1.0b1,042c345cfe16,1.1.0a5,0.00027240294390854793,3.600872660977459e-05,198891.1404393825,198891.1285342706,-5.985742688205969e-08,False,0.05,4.152346426583747e-05,False,3.663840978046392e-05
9,0.04,+/-20%,rolling,reset,0.2,0.2,15,0.0,0.0,0.1.0b1,042c345cfe16,1.1.0a5,0.19884058612670175,0.0740340177199328,196004.7625012409,196967.42031832927,0.004911400135403669,True,0.05,0.06468236414653325,True,0.07589886749104668
9,0.04,+/-20%,rolling,carried,0.2,0.2,15,0.0,0.0,0.1.0b1,042c345cfe16,1.1.0a5,0.14704066060855686,0.01886560899406204,196004.7625012409,196015.4513068373,5.453339735207417e-05,False,0.05,0.00046105675869853406,False,0.0005276473062635345
9,0.04,+/-20%,fixed,reset,0.2,0.2,15,0.0,0.0,0.1.0b1,042c345cfe16,1.1.0a5,0.19884058612670175,0.07403401771212534,196004.7625012409,196967.42031981333,0.004911400142975232,True,0.05,0.06468236413482206,True,0.07589886747982895
9,0.04,+/-20%,fixed,carried,0.2,0.2,15,0.0,0.0,0.1.0b1,042c345cfe16,1.1.0a5,2.0001603143659442e-06,1.087128970238906e-06,196004.7625012409,196004.64619151878,-5.934025308596953e-07,False,0.05,1.3441121264857972e-06,False,1.4281610197166323e-06
9,0.06,NHF,rolling,reset,,,15,0.0,0.0,0.1.0b1,042c345cfe16,1.1.0a5,1.4496345915680816e-16,1.9328461220907754e-17,199612.239696595,199612.239696595,0.0,False,0.05,1.4496345915680816e-17,False,3.6373725752747446e-17
9,0.06,NHF,rolling,carried,,,15,0.0,0.0,0.1.0b1,042c345cfe16,1.1.0a5,1.4496345915680816e-16,1.9328461220907754e-17,199612.239696595,199612.239696595,0.0,False,0.05,1.4496345915680816e-17,False,3.6373725752747446e-17
9,0.06,NHF,fixed,reset,,,15,0.0,0.0,0.1.0b1,042c345cfe16,1.1.0a5,1.4496345915680816e-16,1.9328461220907754e-17,199612.239696595,199612.239696595,0.0,False,0.05,1.4496345915680816e-17,False,3.6373725752747446e-17
9,0.06,NHF,fixed,carried,,,15,0.0,0.0,0.1.0b1,042c345cfe16,1.1.0a5,1.4496345915680816e-16,1.9328461220907754e-17,199612.239696595,199612.239696595,0.0,False,0.05,1.4496345915680816e-17,False,3.6373725752747446e-17
9,0.06,NDY,rolling,reset,0.0,,15,0.0,0.0,0.1.0b1,042c345cfe16,1.1.0a5,0.08164082214222777,0.05250515653315969,198492.6278785744,188070.74138113158,-0.05250515653315994,True,0.05,0.04656486188206181,False,0.04656486188206181
9,0.06,NDY,rolling,carried,0.0,,15,1.0,0.0,0.1.0b1,042c345cfe16,1.1.0a5,0.07580745366286373,0.04326451454016955,198492.6278785744,189904.9406936053,-0.04326451454016972,False,0.05,0.03708648326855851,False,0.03708648326855851
9,0.06,NDY,fixed,reset,0.0,,15,0.0,0.0,0.1.0b1,042c345cfe16,1.1.0a5,0.010850176678308697,0.00813454342082496,198492.6278785744,196877.98097838246,-0.00813454342082505,False,0.05,0.00786193435577567,False,0.00786193435577567
9,0.06,NDY,fixed,carried,0.0,,15,0.0,0.07142857142857142,0.1.0b1,042c345cfe16,1.1.0a5,1.6655063135783144e-05,7.475210726537785e-06,198492.6278785744,198491.14410435333,-7.475210726583604e-06,False,0.05,5.4898529688474525e-06,False,5.489852968847452e-06
9,0.06,-10%,rolling,reset,0.1,,15,0.0,0.0,0.1.0b1,042c345cfe16,1.1.0a5,0.19123352816993267,0.029561705021727707,198759.3583292177,196862.86625487538,-0.009541649209799965,False,0.05,0.016563893661263738,False,0.01607883236548232
9,0.06,-10%,rolling,carried,0.1,,15,0.0,0.07142857142857142,0.1.0b1,042c345cfe16,1.1.0a5,0.1319566473035726,0.008821421706724952,198759.3583292177,197094.82553186212,-0.008374613458947237,False,0.05,2.36638344227917e-05,False,2.2580524958374927e-05
9,0.06,-10%,fixed,reset,0.1,,15,0.0,0.0,0.1.0b1,042c345cfe16,1.1.0a5,0.08959962153459983,0.02237664654526054,198759.3583292177,198223.04028754402,-0.002698328502275346,False,0.05,0.016563893661263714,False,0.01607883236548229
9,0.06,-10%,fixed,carried,0.1,,15,0.0,0.07142857142857142,0.1.0b1,042c345cfe16,1.1.0a5,0.0001349162847894566,3.2689734768058515e-05,198759.3583292177,198758.58443479845,-3.893625063789388e-06,False,0.05,2.3663834422650882e-05,False,2.2580524958224996e-05
9,0.06,-20%,rolling,reset,0.2,,15,0.0,0.0,0.1.0b1,042c345cfe16,1.1.0a5,0.04112876791172723,0.013231489107140521,196828.35438820528,196037.14877442518,-0.0040197745707897335,False,0.05,0.00870993738210513,False,0.009818911011419353
9,0.06,-20%,rolling,carried,0.2,,15,0.0,0.0,0.1.0b1,042c345cfe16,1.1.0a5,3.0002748793341803e-06,9.557965448459623e-07,196828.35438820528,196828.19668983246,-8.01197435733643e-07,False,0.05,1.319200457329391e-06,False,1.226522740963991e-06
9,0.06,-20%,fixed,reset,0.2,,15,0.0,0.0,0.1.0b1,042c345cfe16,1.1.0a5,0.04112876791172751,0.01323148910714053,196828.35438820528,196037.14877442518,-0.0040197745707897335,False,0.05,0.008709937382105118,False,0.009818911011419339
9,0.06,-20%,fixed,carried,0.2,,15,0.0,0.0,0.1.0b1,042c345cfe16,1.1.0a5,3.0002748793341803e-06,9.557965448459623e-07,196828.35438820528,196828.19668983246,-8.01197435733643e-07,False,0.05,1.319200457329391e-06,False,1.226522740963991e-06
9,0.06,+/-10%,rolling,reset,0.1,0.1,15,0.0,0.0,0.1.0b1,042c345cfe16,1.1.0a5,0.17990468525807896,0.042769088178121195,200062.51715875088,197241.45375581217,-0.014100909270776509,False,0.05,0.025587022758011575,False,0.027278750842941738
9,0.06,+/-10%,rolling,carried,0.1,0.1,15,0.0,0.0,0.1.0b1,042c345cfe16,1.1.0a5,0.18175763327325734,0.012144448959362012,200062.51715875088,197874.29613248564,-0.010937686166014145,False,0.05,1.8410659275693677e-05,False,1.6858484000482982e-05
9,0.06,+/-10%,fixed,reset,0.1,0.1,15,0.0,0.0,0.1.0b1,042c345cfe16,1.1.0a5,0.18007733378529803,0.03620614844059243,200062.51715875088,198360.89902862516,-0.008505431973423946,False,0.05,0.02566894615587818,False,0.02735479299418375
9,0.06,+/-10%,fixed,carried,0.1,0.1,15,0.0,0.0,0.1.0b1,042c345cfe16,1.1.0a5,7.73616528034834e-05,3.245508718772228e-05,200062.51715875088,200063.98152631745,7.319549845561783e-06,False,0.05,1.841065927555826e-05,False,1.6858484000344676e-05
9,0.06,+/-20%,rolling,reset,0.2,0.2,15,0.0,0.0,0.1.0b1,042c345cfe16,1.1.0a5,0.19664295703342657,0.07814142215010689,195751.49125686442,196903.72307667008,0.005886196893865322,True,0.05,0.06797378719860206,True,0.07936255638769232
9,0.06,+/-20%,rolling,carried,0.2,0.2,15,0.0,0.0,0.1.0b1,042c345cfe16,1.1.0a5,0.058029252279273164,0.007698505062658009,195751.49125686442,195751.3117202052,-9.171662400095331e-07,False,0.05,2.1157445074732315e-06,False,2.2324033635709845e-06
9,0.06,+/-20%,fixed,reset,0.2,0.2,15,0.0,0.0,0.1.0b1,042c345cfe16,1.1.0a5,0.22327231631065983,0.0817737612255001,195751.49125686442,197662.27600185812,0.009761278101766137,True,0.05,0.06797378719860207,True,0.07936255638769232
9,0.06,+/-20%,fixed,carried,0.2,0.2,15,0.0,0.0,0.1.0b1,042c345cfe16,1.1.0a5,7.048896506038077e-06,1.962794326844411e-06,195751.49125686442,195751.31172784834,-9.171271949351371e-07,False,0.05,2.115699910392686e-06,False,2.2323576752611025e-06
10,0.0,NHF,rolling,reset,,,15,0.0,0.0,0.1.0b1,042c345cfe16,1.1.0a5,1.0,0.6500953807504597,219760.46222836,147927.13588916668,-0.3268710195219241,True,0.05,0.5843511405718786,True,0.8765607740952392
10,0.0,NHF,rolling,carried,,,15,0.0,0.0,0.1.0b1,042c345cfe16,1.1.0a5,1.0,0.6500953807504597,219760.46222836,147927.13588916668,-0.3268710195219241,True,0.05,0.5843511405718786,True,0.8765607740952392
10,0.0,NHF,fixed,reset,,,15,0.0,0.0,0.1.0b1,042c345cfe16,1.1.0a5,1.696919965091507e-16,1.1312799767276713e-17,219760.46222836,219760.46222836,0.0,False,0.05,1.696919965091507e-17,False,3.07483932645622e-17
10,0.0,NHF,fixed,carried,,,15,0.0,0.0,0.1.0b1,042c345cfe16,1.1.0a5,1.696919965091507e-16,1.1312799767276713e-17,219760.46222836,219760.46222836,0.0,False,0.05,1.696919965091507e-17,False,3.07483932645622e-17
10,0.0,NDY,rolling,reset,0.0,,15,0.0,0.0,0.1.0b1,042c345cfe16,1.1.0a5,0.6864156723088983,0.10103742796299767,210715.58548566405,175856.8788511604,-0.1654301296895537,True,0.05,0.05336932151453209,True,0.05336932151453209
10,0.0,NDY,rolling,carried,0.0,,15,0.35714285714285715,0.0,0.1.0b1,042c345cfe16,1.1.0a5,0.6559037291971038,0.045680857932423484,210715.58548566405,186945.4946123805,-0.1128065150876119,False,0.05,0.00011304549996082635,False,0.00011304549996082633
10,0.0,NDY,fixed,reset,0.0,,15,0.0,0.0,0.1.0b1,042c345cfe16,1.1.0a5,0.7904652704651914,0.28182962302699244,210715.58548566405,211291.80787408317,0.002734597856589597,True,0.05,0.1960968169566663,True,0.1960968169566663
10,0.0,NDY,fixed,carried,0.0,,15,0.0,0.0,0.1.0b1,042c345cfe16,1.1.0a5,2.311415037713352e-05,6.074147533705586e-06,210715.58548566405,210715.5601120758,-1.2041628624410025e-07,False,0.05,4.3999106798104e-06,False,4.399910679810401e-06
10,0.0,-10%,rolling,reset,0.1,,15,0.0,0.0,0.1.0b1,042c345cfe16,1.1.0a5,0.7678716159756762,0.3155108064079183,218006.33341655709,182040.09255444046,-0.16497796324748917,True,0.05,0.2733828627781425,True,0.3027819640323217
10,0.0,-10%,rolling,carried,0.1,,15,0.0,0.0,0.1.0b1,042c345cfe16,1.1.0a5,0.7923005155957599,0.2870098477383381,218006.33341655709,187146.6184785225,-0.14155421291852646,True,0.05,0.2334454212310224,True,0.2908575697596011
10,0.0,-10%,fixed,reset,0.1,,15,0.0,0.0,0.1.0b1,042c345cfe16,1.1.0a5,0.7681516267882118,0.21983993608637153,218006.33341655709,219029.07643261703,0.004691345430344603,True,0.05,0.1466562472139097,True,0.10046885056016458
10,0.0,-10%,fixed,carried,0.1,,15,0.0,0.0,0.1.0b1,042c345cfe16,1.1.0a5,1.1757331397105927e-06,1.5856574387207896e-07,218006.33341655709,218006.33359996896,8.413144288179601e-10,False,0.05,2.1764027125604568e-07,False,1.471831430030294e-07
10,0.0,-20%,rolling,reset,0.2,,15,0.0,0.0,0.1.0b1,042c345cfe16,1.1.0a5,1.0,0.34944271712239494,218507.61206322312,172411.74469697662,-0.2109577187311401,True,0.05,0.30519970080595576,True,0.31212851840468464
10,0.0,-20%,rolling,carried,0.2,,15,0.0,0.0,0.1.0b1,042c345cfe16,1.1.0a5,0.7965290888671693,0.3128969668618312,218507.61206322312,174507.31251545902,-0.20136735344045142,True,0.05,0.23150654320615657,True,0.25835881052851917
10,0.0,-20%,fixed,reset,0.2,,15,0.0,0.0,0.1.0b1,042c345cfe16,1.1.0a5,0.8955976808845642,0.19122897366338748,218507.61206322312,218818.6837878172,0.0014236196243088788,True,0.05,0.09486618526988388,True,0.0540047585325085
10,0.0,-20%,fixed,carried,0.2,,15,0.0,0.0,0.1.0b1,042c345cfe16,1.1.0a5,0.32922078915402053,0.023206770532980862,218507.61206322312,218507.6130489824,4.511326960249226e-09,False,0.05,5.825871196826896e-10,False,6.627175916833243e-10
10,0.0,+/-10%,rolling,reset,0.1,0.1,15,0.0,0.0,0.1.0b1,042c345cfe16,1.1.0a5,0.33054216455095575,0.11973449484026201,209339.84496617012,188390.38620537464,-0.1000739193447906,True,0.05,0.08655546112076155,True,0.08667616447017902
10,0.0,+/-10%,rolling,carried,0.1,0.1,15,0.0,0.0,0.1.0b1,042c345cfe16,1.1.0a5,0.2837525478893711,0.12947965050935004,209339.84496617012,186510.6454361579,-0.10905329338378686,True,0.05,0.08382778229280112,True,0.08466131922428549
10,0.0,+/-10%,fixed,reset,0.1,0.1,15,0.0,0.0,0.1.0b1,042c345cfe16,1.1.0a5,0.03584478983427117,0.009459998134265403,209339.84496617012,209506.1861823131,0.0007945989267827586,False,0.05,0.013934492333796006,False,0.014268670833300532
10,0.0,+/-10%,fixed,carried,0.1,0.1,15,0.0,0.0,0.1.0b1,042c345cfe16,1.1.0a5,1.9999969997348995e-06,9.024210471662837e-07,209339.84496617012,209339.89869787684,2.566721434693566e-07,False,0.05,1.1328944310744339e-06,False,1.1476305605088406e-06
10,0.0,+/-20%,rolling,reset,0.2,0.2,15,0.0,0.0,0.1.0b1,042c345cfe16,1.1.0a5,0.44381156248692283,0.1545276179233707,211289.40954265033,188394.40508003728,-0.10835850463196797,True,0.05,0.11398636013722938,True,0.11277197639678689
10,0.0,+/-20%,rolling,carried,0.2,0.2,15,0.0,0.0,0.1.0b1,042c345cfe16,1.1.0a5,0.34062389046358654,0.14496907658354363,211289.40954265033,187522.8603074325,-0.1124833908460536,True,0.05,0.08120445431581023,True,0.08350314396390633
10,0.0,+/-20%,fixed,reset,0.2,0.2,15,0.0,0.0,0.1.0b1,042c345cfe16,1.1.0a5,0.006700961872280855,0.0012326882753927887,211289.40954265033,211302.48179390022,6.186893738870434e-05,False,0.05,0.0017297231924955415,False,0.0019374269008000315
10,0.0,+/-20%,fixed,carried,0.2,0.2,15,0.0,0.0,0.1.0b1,042c345cfe16,1.1.0a5,8.078380326279559e-06,1.180795749839972e-06,211289.40954265033,211289.6491899909,1.1342136885709476e-06,False,0.05,2.8527532127760413e-07,False,3.0546542360682755e-07
10,0.02,NHF,rolling,reset,,,15,0.0,0.0,0.1.0b1,042c345cfe16,1.1.0a5,0.821603512178847,0.11406418426257264,204339.88395870582,200404.86164836583,-0.01925724060377368,True,0.05,0.04457091152347644,False,0.042455865092021254
10,0.02,NHF,rolling,carried,,,15,0.0,0.0,0.1.0b1,042c345cfe16,1.1.0a5,0.821603512178847,0.11406418426257264,204339.88395870582,200404.86164836583,-0.01925724060377368,True,0.05,0.04457091152347644,False,0.042455865092021254
10,0.02,NHF,fixed,reset,,,15,0.0,0.0,0.1.0b1,042c345cfe16,1.1.0a5,3.2939841573120807e-16,5.473178776049888e-17,204339.88395870582,204339.8839587058,-1.4242853569700165e-16,False,0.05,4.9157840067627506e-17,False,5.380071081742481e-17
10,0.02,NHF,fixed,carried,,,15,0.0,0.0,0.1.0b1,042c345cfe16,1.1.0a5,3.2939841573120807e-16,5.473178776049888e-17,204339.88395870582,204339.8839587058,-1.4242853569700165e-16,False,0.05,4.9157840067627506e-17,False,5.380071081742481e-17
10,0.02,NDY,rolling,reset,0.0,,15,0.0,0.0,0.1.0b1,042c345cfe16,1.1.0a5,0.10842465162927022,0.07248783297193391,204815.78971740717,189969.13696235698,-0.07248783297193412,True,0.05,0.06701475969736273,True,0.06701475969736274
10,0.02,NDY,rolling,carried,0.0,,15,1.0,0.0,0.1.0b1,042c345cfe16,1.1.0a5,0.10369566853285352,0.06803452635425256,204815.78971740717,190881.24447411115,-0.0680345263542527,True,0.05,0.062654838464456,True,0.062654838464456
10,0.02,NDY,fixed,reset,0.0,,15,0.0,0.0,0.1.0b1,042c345cfe16,1.1.0a5,0.34536777138257774,0.04872066035025461,204815.78971740717,206756.5303483016,0.009475542064272261,False,0.05,0.002565485042146559,False,0.0025654850421465585
10,0.02,NDY,fixed,carried,0.0,,15,0.0,0.21428571428571427,0.1.0b1,042c345cfe16,1.1.0a5,4.786989942515242e-05,7.828655489700872e-06,204815.78971740717,204815.49358460878,-1.4458494572246708e-06,False,0.05,2.7560460583023623e-06,False,2.7560460583023623e-06
10,0.02,-10%,rolling,reset,0.1,,15,0.0,0.0,0.1.0b1,042c345cfe16,1.1.0a5,0.17699039598705243,0.06413657707718348,204995.77243391034,199947.8451769321,-0.024624543213961455,True,0.05,0.04224104915591784,False,0.03899506216306253
10,0.02,-10%,rolling,carried,0.1,,15,0.0,0.0,0.1.0b1,042c345cfe16,1.1.0a5,0.15939999501909016,0.05799157206337026,204995.77243391034,200414.2432574503,-0.022349383707106048,True,0.05,0.03342962373790591,False,0.029755384655471163
10,0.02,-10%,fixed,reset,0.1,,15,0.0,0.0,0.1.0b1,042c345cfe16,1.1.0a5,0.323035471237903,0.057890888561379715,204995.77243391034,206388.1363053119,0.0067921589546459825,True,0.05,0.01941883539070311,False,0.015849295354032154
10,0.02,-10%,fixed,carried,0.1,,15,0.0,0.0,0.1.0b1,042c345cfe16,1.1.0a5,1.3636761714198175e-06,3.152755157847289e-07,204995.77243391034,204995.7779808999,2.7059043675888095e-08,False,0.05,2.3651435360728232e-07,False,1.8318170960596558e-07
10,0.02,-20%,rolling,reset,0.2,,15,0.0,0.0,0.1.0b1,042c345cfe16,1.1.0a5,0.20195960953369405,0.07975995890114655,204210.25925831753,200101.91132159834,-0.020118224968914515,True,0.05,0.04266230548834504,False,0.040497416870911906
10,0.02,-20%,rolling,carried,0.2,,15,0.0,0.0,0.1.0b1,042c345cfe16,1.1.0a5,0.20550878774541267,0.08212857703291941,204210.25925831753,200226.7374198393,-0.019506962348249262,True,0.05,0.04687295505451116,False,0.04517366811784137
10,0.02,-20%,fixed,reset,0.2,,15,0.0,0.0,0.1.0b1,042c345cfe16,1.1.0a5,0.49059347012940796,0.0738698434024164,204210.25925831753,206077.94211023397,0.009145881596251732,True,0.05,0.011819666671525137,False,0.00973338168031102
10,0.02,-20%,fixed,carried,0.2,,15,0.0,0.0,0.1.0b1,042c345cfe16,1.1.0a5,1.5339940223271863e-06,3.131725691057452e-07,204210.25925831753,204210.26445592783,2.5452248665247218e-08,False,0.05,1.001833819171507e-07,False,7.042821314951183e-08
10,0.02,+/-10%,rolling,reset,0.1,0.1,15,0.0,0.0,0.1.0b1,042c345cfe16,1.1.0a5,0.33336837609612935,0.05487308268192959,205767.95956605687,199803.32263517767,-0.028987199676072026,True,0.05,0.024790737430580488,False,0.02242081078562163
10,0.02,+/-10%,rolling,carried,0.1,0.1,15,0.0,0.0,0.1.0b1,042c345cfe16,1.1.0a5,0.3352352663893637,0.057595855787285516,205767.95956605687,199923.04028426594,-0.028405390684328402,True,0.05,0.02297474370346653,False,0.020671288053644415
10,0.02,+/-10%,fixed,reset,0.1,0.1,15,0.0,0.0,0.1.0b1,042c345cfe16,1.1.0a5,0.07032216727246189,0.02420160128118063,205767.95956605687,205279.73036605367,-0.0023727173124174794,False,0.05,0.010873737211377719,False,0.009195556065150167
10,0.02,+/-10%,fixed,carried,0.1,0.1,15,0.0,0.0,0.1.0b1,042c345cfe16,1.1.0a5,3.7040036651190286e-05,1.2513380996420043e-05,205767.95956605687,205767.28544692343,-3.2761132241661146e-06,False,0.05,9.64446911499149e-06,False,8.293703701674497e-06
10,0.02,+/-20%,rolling,reset,0.2,0.2,15,0.0,0.0,0.1.0b1,042c345cfe16,1.1.0a5,0.3615177144794468,0.055880835724051135,203905.933752028,199790.60343705578,-0.0201824941493705,True,0.05,0.030882731411935715,False,0.028477718725584012
10,0.02,+/-20%,rolling,carried,0.2,0.2,15,0.0,0.0,0.1.0b1,042c345cfe16,1.1.0a5,0.34909695399721136,0.061956018867778496,203905.933752028,199733.687423276,-0.0204616229257258,True,0.05,0.037912229119688154,False,0.035120599199376205
10,0.02,+/-20%,fixed,reset,0.2,0.2,15,0.0,0.0,0.1.0b1,042c345cfe16,1.1.0a5,0.11646673512679205,0.03586215069931541,203905.933752028,204613.30090207362,0.0034690856564569,False,0.05,0.040240438990483,False,0.03862793172183935
10,0.02,+/-20%,fixed,carried,0.2,0.2,15,0.0,0.0,0.1.0b1,042c345cfe16,1.1.0a5,3.174600657072814e-05,1.3739771362295012e-05,203905.933752028,203906.14357746247,1.0290305465815555e-06,False,0.05,1.1113019011090433e-05,False,1.0255748629623563e-05
10,0.04,NHF,rolling,reset,,,15,0.0,0.0,0.1.0b1,042c345cfe16,1.1.0a5,3.91645396585174e-16,6.085799410921055e-17,199450.81902596084,199450.81902596084,0.0,False,0.05,3.827475305913463e-17,False,5.3907953140800134e-17
10,0.04,NHF,rolling,carried,,,15,0.0,0.0,0.1.0b1,042c345cfe16,1.1.0a5,3.91645396585174e-16,6.085799410921055e-17,199450.81902596084,199450.81902596084,0.0,False,0.05,3.827475305913463e-17,False,5.3907953140800134e-17
10,0.04,NHF,fixed,reset,,,15,0.0,0.0,0.1.0b1,042c345cfe16,1.1.0a5,3.91645396585174e-16,6.085799410921055e-17,199450.81902596084,199450.81902596084,0.0,False,0.05,3.827475305913463e-17,False,5.3907953140800134e-17
10,0.04,NHF,fixed,carried,,,15,0.0,0.0,0.1.0b1,042c345cfe16,1.1.0a5,3.91645396585174e-16,6.085799410921055e-17,199450.81902596084,199450.81902596084,0.0,False,0.05,3.827475305913463e-17,False,5.3907953140800134e-17
10,0.04,NDY,rolling,reset,0.0,,15,0.0,0.0,0.1.0b1,042c345cfe16,1.1.0a5,0.10726784926627674,0.0704507779283001,202391.27291564635,188132.65029284015,-0.0704507779283002,True,0.05,0.06545132669840482,True,0.06545132669840482
10,0.04,NDY,rolling,carried,0.0,,15,1.0,0.0,0.1.0b1,042c345cfe16,1.1.0a5,0.09474890107089755,0.058737589051320635,202391.27291564635,190503.29749955342,-0.058737589051320704,True,0.05,0.05257722606144394,True,0.05257722606144394
10,0.04,NDY,fixed,reset,0.0,,15,0.0,0.0,0.1.0b1,042c345cfe16,1.1.0a5,0.011893332841395408,0.010297830165311724,202391.27291564635,200307.08196021972,-0.010297830165311973,False,0.05,0.010689412167876446,False,0.010689412167876448
10,0.04,NDY,fixed,carried,0.0,,15,0.0,0.07142857142857142,0.1.0b1,042c345cfe16,1.1.0a5,1.1903992885268527e-05,4.7222402331591025e-06,202391.27291564635,202390.3171754345,-4.722240233401765e-06,False,0.05,4.121995980200906e-06,False,4.121995980200908e-06
10,0.04,-10%,rolling,reset,0.1,,15,0.0,0.0,0.1.0b1,042c345cfe16,1.1.0a5,0.037491496335627816,0.011899928582787598,199701.15807737535,198817.44507850925,-0.004425177136547721,False,0.05,0.0072830262461944335,False,0.006876848337348845
10,0.04,-10%,rolling,carried,0.1,,15,0.0,0.0,0.1.0b1,042c345cfe16,1.1.0a5,0.012845931511921814,0.0034381070768910874,199701.15807737535,199104.77627660736,-0.002986371268497718,False,0.05,1.8788085209028117e-05,False,1.6709257678791636e-05
10,0.04,-10%,fixed,reset,0.1,,15,0.0,0.0,0.1.0b1,042c345cfe16,1.1.0a5,0.016489403808937483,0.0023673845066588557,199701.15807737535,199660.4007960941,-0.0002040913616808677,False,0.05,0.003459809993045869,False,0.0032335365365923773
10,0.04,-10%,fixed,carried,0.1,,15,0.0,0.0,0.1.0b1,042c345cfe16,1.1.0a5,5.390224922172774e-05,7.79863942921174e-06,199701.15807737535,199700.97502705385,-9.166212317679916e-07,False,0.05,8.852658599549533e-06,False,8.042164226357374e-06
10,0.04,-20%,rolling,reset,0.2,,15,0.0,0.0,0.1.0b1,042c345cfe16,1.1.0a5,0.11941673491306953,0.02337605380789102,201854.7249443566,199892.54444424415,-0.009720755858716415,False,0.05,0.008203171897099256,False,0.008126248138765139
10,0.04,-20%,rolling,carried,0.2,,15,0.0,0.0,0.1.0b1,042c345cfe16,1.1.0a5,0.1480013602550576,0.009900527984524473,201854.7249443566,199987.48802036227,-0.009250399882930882,False,0.05,1.9345493931762213e-05,False,1.889795231354203e-05
10,0.04,-20%,fixed,reset,0.2,,15,0.0,0.0,0.1.0b1,042c345cfe16,1.1.0a5,0.07270888060234984,0.010914788047063143,201854.7249443566,201668.29409983172,-0.0009235892029590436,False,0.05,0.002006152923796519,False,0.0019615270193704486
10,0.04,-20%,fixed,carried,0.2,,15,0.0,0.0,0.1.0b1,042c345cfe16,1.1.0a5,0.00036747739701797915,5.285421883719562e-05,201854.7249443566,201853.87978562666,-4.186965304716261e-06,False,0.05,9.606012332333748e-06,False,9.275098008584111e-06
10,0.04,+/-10%,rolling,reset,0.1,0.1,15,0.0,0.0,0.1.0b1,042c345cfe16,1.1.0a5,0.08501486615775955,0.02517155674685961,200469.40824611078,198075.2431045616,-0.011942795474359431,False,0.05,0.01910099424201559,False,0.01796656718785906
10,0.04,+/-10%,rolling,carried,0.1,0.1,15,0.0,0.0,0.1.0b1,042c345cfe16,1.1.0a5,0.04330726960308438,0.01583253499806401,200469.40824611078,198200.28038873718,-0.011319072955948695,False,0.05,0.006903293141701813,False,0.006369428043645355
10,0.04,+/-10%,fixed,reset,0.1,0.1,15,0.0,0.0,0.1.0b1,042c345cfe16,1.1.0a5,0.003291077994254061,0.0010692922349253599,200469.40824611078,200445.27499123896,-0.00012038372878415626,False,0.05,0.0007423312836480976,False,0.0006924714020603822
10,0.04,+/-10%,fixed,carried,0.1,0.1,15,0.0,0.0,0.1.0b1,042c345cfe16,1.1.0a5,4.109107211397253e-05,1.2847662130171032e-05,200469.40824611078,200469.18748652824,-1.1012133195911484e-06,False,0.05,9.778987123440365e-06,False,9.06691561986847e-06
10,0.04,+/-20%,rolling,reset,0.2,0.2,15,0.0,0.0,0.1.0b1,042c345cfe16,1.1.0a5,0.1523601526520747,0.041487262622642636,198311.60121943365,198061.2795732209,-0.0012622642582355151,False,0.05,0.051750394284382814,True,0.057253845609877375
10,0.04,+/-20%,rolling,carried,0.2,0.2,15,0.0,0.0,0.1.0b1,042c345cfe16,1.1.0a5,0.10315064051891172,0.007589965087007312,198311.60121943365,197124.8060583829,-0.005984496891523479,False,0.05,5.070494203343765e-05,False,5.4130939042354324e-05
10,0.04,+/-20%,fixed,reset,0.2,0.2,15,0.0,0.0,0.1.0b1,042c345cfe16,1.1.0a5,0.15231476301539196,0.04920608602917514,198311.60121943365,199418.86907984692,0.0055834749636662195,False,0.05,0.05173535499717415,True,0.05723875544094047
10,0.04,+/-20%,fixed,carried,0.2,0.2,15,0.0,0.0,0.1.0b1,042c345cfe16,1.1.0a5,6.0525695972226375e-06,1.8459620060187019e-06,198311.60121943365,198311.48054279698,-6.085203080642173e-07,False,0.05,2.058505859966777e-06,False,2.1636232233122528e-06
10,0.06,NHF,rolling,reset,,,15,0.0,0.0,0.1.0b1,042c345cfe16,1.1.0a5,3.91645396585174e-16,6.085799410921055e-17,199450.81902596084,199450.81902596084,0.0,False,0.05,3.827475305913463e-17,False,5.3907953140800134e-17
10,0.06,NHF,rolling,carried,,,15,0.0,0.0,0.1.0b1,042c345cfe16,1.1.0a5,3.91645396585174e-16,6.085799410921055e-17,199450.81902596084,199450.81902596084,0.0,False,0.05,3.827475305913463e-17,False,5.3907953140800134e-17
10,0.06,NHF,fixed,reset,,,15,0.0,0.0,0.1.0b1,042c345cfe16,1.1.0a5,3.91645396585174e-16,6.085799410921055e-17,199450.81902596084,199450.81902596084,0.0,False,0.05,3.827475305913463e-17,False,5.3907953140800134e-17
10,0.06,NHF,fixed,carried,,,15,0.0,0.0,0.1.0b1,042c345cfe16,1.1.0a5,3.91645396585174e-16,6.085799410921055e-17,199450.81902596084,199450.81902596084,0.0,False,0.05,3.827475305913463e-17,False,5.3907953140800134e-17
10,0.06,NDY,rolling,reset,0.0,,15,0.0,0.0,0.1.0b1,042c345cfe16,1.1.0a5,0.08789279445543048,0.057103872553362835,199341.81457714748,187958.625002978,-0.0571038725533627,True,0.05,0.05142608323785151,True,0.05142608323785151
10,0.06,NDY,rolling,carried,0.0,,15,1.0,0.0,0.1.0b1,042c345cfe16,1.1.0a5,0.08127059757199233,0.04835473030454591,199341.81457714748,189702.69489485075,-0.04835473030454575,False,0.05,0.04215670194618549,False,0.04215670194618549
10,0.06,NDY,fixed,reset,0.0,,15,0.0,0.0,0.1.0b1,042c345cfe16,1.1.0a5,0.01318164128231413,0.009934216055444613,199341.81457714748,197361.50992225375,-0.009934216055444442,False,0.05,0.009628667658223648,False,0.00962866765822365
10,0.06,NDY,fixed,carried,0.0,,15,0.0,0.07142857142857142,0.1.0b1,042c345cfe16,1.1.0a5,1.6516339056502373e-05,7.637100625394383e-06,199341.81457714748,199340.29218365072,-7.63710062534876e-06,False,0.05,5.926470266393273e-06,False,5.926470266393273e-06
10,0.06,-10%,rolling,reset,0.1,,15,0.0,0.0,0.1.0b1,042c345cfe16,1.1.0a5,0.15759655581065432,0.023124524543531467,199677.84058647993,198091.3376955237,-0.007945312741245962,False,0.05,0.011196355430221513,False,0.010606836697644858
10,0.06,-10%,rolling,carried,0.1,,15,0.0,0.07142857142857142,0.1.0b1,042c345cfe16,1.1.0a5,0.1023261136856414,0.006837430093513125,199677.84058647993,198446.8363853466,-0.006164951491450968,False,0.05,8.355887299972739e-06,False,8.927610821321353e-06
10,0.06,-10%,fixed,reset,0.1,,15,0.0,0.0,0.1.0b1,042c345cfe16,1.1.0a5,0.043753788469136745,0.015108145164679706,199677.84058647993,199538.61848454032,-0.0006972336115549715,False,0.05,0.011196355430221513,False,0.010606836697644858
10,0.06,-10%,fixed,carried,0.1,,15,0.0,0.07142857142857142,0.1.0b1,042c345cfe16,1.1.0a5,5.059320030451113e-05,1.581522623469694e-05,199677.84058647993,199678.45935708,3.0988446101295775e-06,False,0.05,8.355887299952661e-06,False,8.92761082129417e-06
10,0.06,-20%,rolling,reset,0.2,,15,0.0,0.0,0.1.0b1,042c345cfe16,1.1.0a5,0.06982300662023261,0.02367586574031436,198682.99986458098,197144.2575840613,-0.0077447103253346535,False,0.05,0.017916433567381047,False,0.019361857239275502
10,0.06,-20%,rolling,carried,0.2,,15,0.0,0.0,0.1.0b1,042c345cfe16,1.1.0a5,5.620399899614369e-05,1.2652361213589242e-05,198682.99986458098,198682.3994910824,-3.021765822847327e-06,False,0.05,9.92855452253515e-06,False,1.029907172756751e-05
10,0.06,-20%,fixed,reset,0.2,,15,0.0,0.0,0.1.0b1,042c345cfe16,1.1.0a5,0.06982300662023261,0.020653138801629684,198682.99986458098,197743.51537290053,-0.004728560029397556,False,0.05,0.01833771121152669,False,0.019828395501890188
10,0.06,-20%,fixed,carried,0.2,,15,0.0,0.0,0.1.0b1,042c345cfe16,1.1.0a5,5.620399899614369e-05,1.2652361213542979e-05,198682.99986458098,198682.3994910824,-3.021765822847327e-06,False,0.05,9.928554522465759e-06,False,1.0299071727483781e-05
10,0.06,+/-10%,rolling,reset,0.1,0.1,15,0.0,0.0,0.1.0b1,042c345cfe16,1.1.0a5,0.17221162258315315,0.050329526912042045,202281.30436208128,198182.9462877707,-0.02026068641012206,True,0.05,0.02406915670141089,False,0.025269475692509882
10,0.06,+/-10%,rolling,carried,0.1,0.1,15,0.0,0.0,0.1.0b1,042c345cfe16,1.1.0a5,0.16466319380271885,0.015195262155404777,202281.30436208128,199427.1858621093,-0.01410965046410391,False,0.05,1.599755133173217e-06,False,1.58387518153843e-06
10,0.06,+/-10%,fixed,reset,0.1,0.1,15,0.0,0.0,0.1.0b1,042c345cfe16,1.1.0a5,0.16720131203019828,0.038247317217259796,202281.30436208128,200339.6717997447,-0.009598675312381165,False,0.05,0.02407717928940227,False,0.025277464233259418
10,0.06,+/-10%,fixed,carried,0.1,0.1,15,0.0,0.0,0.1.0b1,042c345cfe16,1.1.0a5,6.753438423050971e-06,2.495321094459752e-06,202281.30436208128,202281.01967897307,-1.4073624308046681e-06,False,0.05,1.5997551332298582e-06,False,1.5838751815940971e-06
10,0.06,+/-20%,rolling,reset,0.2,0.2,15,0.0,0.0,0.1.0b1,042c345cfe16,1.1.0a5,0.16480694940714083,0.04137601731071898,198188.7564605367,197603.01963888295,-0.002955449300527751,False,0.05,0.04913217166375082,False,0.055780799757772816
10,0.06,+/-20%,rolling,carried,0.2,0.2,15,0.0,0.0,0.1.0b1,042c345cfe16,1.1.0a5,0.004659410725424735,0.000314326878123336,198188.7564605367,198139.59756847884,-0.00024804077151396664,False,0.05,2.380994802209037e-06,False,2.4825461944722696e-06
10,0.06,+/-20%,fixed,reset,0.2,0.2,15,0.0,0.0,0.1.0b1,042c345cfe16,1.1.0a5,0.16480694940714083,0.05731236135869117,198188.7564605367,198949.8765228167,0.003840379625327205,True,0.05,0.049132171663750855,False,0.05578079975777284
10,0.06,+/-20%,fixed,carried,0.2,0.2,15,0.0,0.0,0.1.0b1,042c345cfe16,1.1.0a5,3.061716400839173e-05,3.7349981287094738e-06,198188.7564605367,198188.5109036969,-1.2390048970758304e-06,False,0.05,2.3809919441903827e-06,False,2.4825427806801998e-06
11,0.0,NHF,rolling,reset,,,15,0.0,0.0,0.1.0b1,042c345cfe16,1.1.0a5,1.0,0.5370280580770361,195218.1375557805,137772.08087490266,-0.29426598061086173,True,0.05,0.497600224257262,True,0.5115895901260992
11,0.0,NHF,rolling,carried,,,15,0.0,0.0,0.1.0b1,042c345cfe16,1.1.0a5,1.0,0.5370280580770361,195218.1375557805,137772.08087490266,-0.29426598061086173,True,0.05,0.497600224257262,True,0.5115895901260992
11,0.0,NHF,fixed,reset,,,15,0.0,0.0,0.1.0b1,042c345cfe16,1.1.0a5,2.4358668851968435e-16,2.8046051165270604e-17,195218.1375557805,195218.13755578047,-1.4908363956918574e-16,False,0.05,2.4358668851968434e-17,False,3.637074488692244e-17
11,0.0,NHF,fixed,carried,,,15,0.0,0.0,0.1.0b1,042c345cfe16,1.1.0a5,2.4358668851968435e-16,2.8046051165270604e-17,195218.1375557805,195218.13755578047,-1.4908363956918574e-16,False,0.05,2.4358668851968434e-17,False,3.637074488692244e-17
11,0.0,NDY,rolling,reset,0.0,,15,0.0,0.0,0.1.0b1,042c345cfe16,1.1.0a5,0.7398152068970713,0.11885608824482062,193958.59591480787,153217.78648382507,-0.2100490016378409,True,0.05,0.07192339008146975,True,0.07192339008146974
11,0.0,NDY,rolling,carried,0.0,,15,0.0,0.0,0.1.0b1,042c345cfe16,1.1.0a5,0.7177888426625509,0.04963254853366968,193958.59591480787,165400.83093637525,-0.14723639776695435,False,0.05,0.0020523019541957136,False,0.0020523019541957136
11,0.0,NDY,fixed,reset,0.0,,15,0.0,0.0,0.1.0b1,042c345cfe16,1.1.0a5,0.7669533894581574,0.18785396000938107,193958.59591480787,194092.31108255457,0.000689400576014873,True,0.05,0.10809488555472055,True,0.10809488555472055
11,0.0,NDY,fixed,carried,0.0,,15,0.0,0.0,0.1.0b1,042c345cfe16,1.1.0a5,5.705939875550081e-06,1.7088113881579347e-06,193958.59591480787,193958.59870842658,1.4403170416528665e-08,False,0.05,1.3509425294222631e-06,False,1.3509425294222634e-06
11,0.0,-10%,rolling,reset,0.1,,15,0.0,0.0,0.1.0b1,042c345cfe16,1.1.0a5,0.8336249942128205,0.26627631615825936,195398.72949549762,146447.98331745193,-0.25051721832804247,True,0.05,0.24796580459935996,True,0.2899930267475721
11,0.0,-10%,rolling,carried,0.1,,15,0.0,0.0,0.1.0b1,042c345cfe16,1.1.0a5,0.8119865041893237,0.28277046473263445,195398.72949549762,156039.99435408547,-0.20142779455645873,True,0.05,0.2869850489620112,True,0.33866719799322625
11,0.0,-10%,fixed,reset,0.1,,15,0.0,0.0,0.1.0b1,042c345cfe16,1.1.0a5,0.8128614655834848,0.17473676844481945,195398.72949549762,195477.81939241808,0.0004047615720156442,True,0.05,0.14512679151297764,True,0.10346219260734046
11,0.0,-10%,fixed,carried,0.1,,15,0.0,0.0,0.1.0b1,042c345cfe16,1.1.0a5,1.4056067712410432e-06,5.522319856680038e-07,195398.72949549762,195398.73315749737,1.8741164542500513e-08,False,0.05,6.254361486154704e-07,False,5.896706021410055e-07
11,0.0,-20%,rolling,reset,0.2,,15,0.0,0.0,0.1.0b1,042c345cfe16,1.1.0a5,0.8722937477670915,0.31093808260282235,195213.94586418,145018.60515268447,-0.2571298914597982,True,0.05,0.264815095075568,True,0.3105957016694006
11,0.0,-20%,rolling,carried,0.2,,15,0.0,0.0,0.1.0b1,042c345cfe16,1.1.0a5,0.8674518391631264,0.2941182600326044,195213.94586418,142619.08645808327,-0.2694216295524786,True,0.05,0.25117297207152267,True,0.2973027496074143
11,0.0,-20%,fixed,reset,0.2,,15,0.0,0.0,0.1.0b1,042c345cfe16,1.1.0a5,0.7445525878116234,0.11618519056243667,195213.94586418,195332.6332518741,0.0006079862131196642,True,0.05,0.1049781737092735,True,0.06193171115204978
11,0.0,-20%,fixed,carried,0.2,,15,0.0,0.0,0.1.0b1,042c345cfe16,1.1.0a5,0.6068951876670844,0.0445696874633977,195213.94586418,195213.94580721954,-2.9178471400145126e-10,False,0.05,2.251104232976798e-07,False,1.2616060744576334e-07
11,0.0,+/-10%,rolling,reset,0.1,0.1,15,0.0,0.0,0.1.0b1,042c345cfe16,1.1.0a5,0.39811214404581025,0.15357651678282414,190173.9966060464,164162.52397320108,-0.13677723083629142,True,0.05,0.10787165583068795,True,0.11363747067817634
11,0.0,+/-10%,rolling,carried,0.1,0.1,15,0.0,0.0,0.1.0b1,042c345cfe16,1.1.0a5,0.3729152444192701,0.1684170484937206,190173.9966060464,161935.06405463922,-0.14848997789064364,True,0.05,0.11192233966910273,True,0.12026477896272118
11,0.0,+/-10%,fixed,reset,0.1,0.1,15,0.0,0.0,0.1.0b1,042c345cfe16,1.1.0a5,0.0656622941420116,0.0159076238076894,190173.9966060464,190379.78602892527,0.0010821112589077084,False,0.05,0.022741483714292954,False,0.02393357215336304
11,0.0,+/-10%,fixed,carried,0.1,0.1,15,0.0,0.0,0.1.0b1,042c345cfe16,1.1.0a5,6.6498906158475064e-06,2.8411088698926432e-06,190173.9966060464,190173.99438999765,-1.1652743182351572e-08,False,0.05,3.11999007308259e-06,False,3.1216569590350167e-06
11,0.0,+/-20%,rolling,reset,0.2,0.2,15,0.0,0.0,0.1.0b1,042c345cfe16,1.1.0a5,0.42192696560543297,0.1678380815971398,191475.50716530913,166035.24303997876,-0.13286432558377656,True,0.05,0.12948133266370604,True,0.13380722353623742
11,0.0,+/-20%,rolling,carried,0.2,0.2,15,0.0,0.0,0.1.0b1,042c345cfe16,1.1.0a5,0.40726706395890405,0.2211488062239611,191475.50716530913,160198.70752584672,-0.16334621645608063,True,0.05,0.17094766341465073,True,0.19112014396100901
11,0.0,+/-20%,fixed,reset,0.2,0.2,15,0.0,0.0,0.1.0b1,042c345cfe16,1.1.0a5,0.2020106580760096,0.03703602596893209,191475.50716530913,191807.17449242598,0.0017321658107974714,False,0.05,0.054865184912445096,True,0.06827701735337643
11,0.0,+/-20%,fixed,carried,0.2,0.2,15,0.0,0.0,0.1.0b1,042c345cfe16,1.1.0a5,6.160175371194179e-06,2.395045886215839e-06,191475.50716530913,191475.52138145492,7.424524421969867e-08,False,0.05,3.2134042979939337e-06,False,3.3890103259252917e-06
11,0.02,NHF,rolling,reset,,,15,0.0,0.0,0.1.0b1,042c345cfe16,1.1.0a5,0.38990018782387637,0.0670405533129081,181514.95352575748,179993.11538390248,-0.008384092397318906,True,0.05,0.03680849946868344,False,0.03406304046625891
11,0.02,NHF,rolling,carried,,,15,0.0,0.0,0.1.0b1,042c345cfe16,1.1.0a5,0.38990018782387637,0.0670405533129081,181514.95352575748,179993.11538390248,-0.008384092397318906,True,0.05,0.03680849946868344,False,0.03406304046625891
11,0.02,NHF,fixed,reset,,,15,0.0,0.0,0.1.0b1,042c345cfe16,1.1.0a5,2.6153114716423405e-16,3.1067868279290606e-17,181514.95352575748,181514.95352575748,0.0,False,0.05,4.660180241893591e-17,False,7.124232065818017e-17
11,0.02,NHF,fixed,carried,,,15,0.0,0.0,0.1.0b1,042c345cfe16,1.1.0a5,2.6153114716423405e-16,3.1067868279290606e-17,181514.95352575748,181514.95352575748,0.0,False,0.05,4.660180241893591e-17,False,7.124232065818017e-17
11,0.02,NDY,rolling,reset,0.0,,15,0.0,0.0,0.1.0b1,042c345cfe16,1.1.0a5,0.0871945737578441,0.05556360544147856,185400.1768388597,175098.67456420494,-0.05556360544147869,True,0.05,0.05003068215139311,True,0.05003068215139311
11,0.02,NDY,rolling,carried,0.0,,15,1.0,0.0,0.1.0b1,042c345cfe16,1.1.0a5,0.08205585611617464,0.05248565214524692,185400.1768388597,175669.327649628,-0.052485652145247294,True,0.05,0.047120965988565806,False,0.0471209659885658
11,0.02,NDY,fixed,reset,0.0,,15,0.0,0.0,0.1.0b1,042c345cfe16,1.1.0a5,0.1810342487410737,0.022124016419107682,185400.1768388597,186268.17455137282,0.004681752344106611,False,0.05,0.0005109953314274469,False,0.0005109953314274469
11,0.02,NDY,fixed,carried,0.0,,15,0.0,0.07142857142857142,0.1.0b1,042c345cfe16,1.1.0a5,3.82773047152512e-06,1.2836735433090992e-06,185400.1768388597,185399.93885602642,-1.28361707820364e-06,False,0.05,9.827416050203919e-07,False,9.827416050204082e-07
11,0.02,-10%,rolling,reset,0.1,,15,0.0,0.0,0.1.0b1,042c345cfe16,1.1.0a5,0.15832833887386752,0.051170927158053395,181712.5048037284,178426.1980784959,-0.018085198532605797,True,0.05,0.02409424573914907,False,0.024065054971093017
11,0.02,-10%,rolling,carried,0.1,,15,0.0,0.0,0.1.0b1,042c345cfe16,1.1.0a5,0.20545034078698168,0.03104518064345833,181712.5048037284,179097.63097296443,-0.014390169975304418,False,0.05,0.014239657718006473,False,0.014085178710874
11,0.02,-10%,fixed,reset,0.1,,15,0.0,0.0,0.1.0b1,042c345cfe16,1.1.0a5,0.08087393035548317,0.01583250547297793,181712.5048037284,182134.77435552937,0.002323833201556898,False,0.05,0.005886780089295088,False,0.004901732720635903
11,0.02,-10%,fixed,carried,0.1,,15,0.0,0.0,0.1.0b1,042c345cfe16,1.1.0a5,1.0084513423213747e-06,1.350598063782515e-07,181712.5048037284,181712.50685899422,1.1310535983918215e-08,False,0.05,1.4964616038416935e-10,False,1.521388696776725e-10
11,0.02,-20%,rolling,reset,0.2,,15,0.0,0.0,0.1.0b1,042c345cfe16,1.1.0a5,0.17968502427065405,0.037258473499438345,181742.27520480062,178878.42682894334,-0.01575774471091048,False,0.05,0.02162953464345978,False,0.02517640595824993
11,0.02,-20%,rolling,carried,0.2,,15,0.0,0.0,0.1.0b1,042c345cfe16,1.1.0a5,0.15944652609351656,0.036628855763764984,181742.27520480062,179233.57665204606,-0.013803604857084435,False,0.05,0.024200105651940453,False,0.02747520959267902
11,0.02,-20%,fixed,reset,0.2,,15,0.0,0.0,0.1.0b1,042c345cfe16,1.1.0a5,0.0727775444093516,0.009526210173622788,181742.27520480062,181880.6995536512,0.0007616518979670648,False,0.05,0.013153495496010715,False,0.011867928554265399
11,0.02,-20%,fixed,carried,0.2,,15,0.0,0.0,0.1.0b1,042c345cfe16,1.1.0a5,9.823562716159133e-05,2.000143374064632e-05,181742.27520480062,181742.34539563686,3.8621083707580657e-07,False,0.05,1.0039804806328467e-05,False,1.221908244911256e-05
11,0.02,+/-10%,rolling,reset,0.1,0.1,15,0.0,0.0,0.1.0b1,042c345cfe16,1.1.0a5,0.13219352628768158,0.036089014203744656,180770.2971278599,177931.7558526135,-0.0157024761276941,False,0.05,0.014482474576693088,False,0.013795333984836526
11,0.02,+/-10%,rolling,carried,0.1,0.1,15,0.0,0.0,0.1.0b1,042c345cfe16,1.1.0a5,0.10418179371234082,0.02580966765684245,180770.2971278599,178401.02986837423,-0.013106507524352154,False,0.05,0.00816297272350927,False,0.007550220959672911
11,0.02,+/-10%,fixed,reset,0.1,0.1,15,0.0,0.0,0.1.0b1,042c345cfe16,1.1.0a5,0.02003669448370828,0.0030306241446991043,180770.2971278599,180842.79889665364,0.0004010712486822721,False,0.05,0.002003669590751282,False,0.001678741577179034
11,0.02,+/-10%,fixed,carried,0.1,0.1,15,0.0,0.0,0.1.0b1,042c345cfe16,1.1.0a5,1.2195747386423487e-06,1.481247396443941e-07,180770.2971278599,180770.29941792588,1.2668375384476146e-08,False,0.05,1.0018228200357664e-07,False,8.395508009430678e-08
11,0.02,+/-20%,rolling,reset,0.2,0.2,15,0.0,0.0,0.1.0b1,042c345cfe16,1.1.0a5,0.09102482932522446,0.023882202282968144,179949.16588946918,177830.46881721608,-0.01177386436764298,False,0.05,0.007187994712767333,False,0.0076405199234989615
11,0.02,+/-20%,rolling,carried,0.2,0.2,15,0.0,0.0,0.1.0b1,042c345cfe16,1.1.0a5,0.1351000597997493,0.032634567593334274,179949.16588946918,177860.73094958137,-0.011605693916750901,False,0.05,0.016783874309530492,False,0.016040776792695693
11,0.02,+/-20%,fixed,reset,0.2,0.2,15,0.0,0.0,0.1.0b1,042c345cfe16,1.1.0a5,0.03350929537724732,0.008921768507973715,179949.16588946918,179884.4946076401,-0.0003593863939819103,False,0.05,0.010382991044363146,False,0.010418676040734836
11,0.02,+/-20%,fixed,carried,0.2,0.2,15,0.0,0.0,0.1.0b1,042c345cfe16,1.1.0a5,5.13589809355203e-05,7.950694934276646e-06,179949.16588946918,179949.01214725396,-8.543647004855986e-07,False,0.05,5.5538431941060535e-06,False,4.5418613746930436e-06
11,0.04,NHF,rolling,reset,,,15,0.0,0.0,0.1.0b1,042c345cfe16,1.1.0a5,0.0,0.0,179113.9200864525,179113.9200864525,0.0,False,0.05,0.0,False,0.0
11,0.04,NHF,rolling,carried,,,15,0.0,0.0,0.1.0b1,042c345cfe16,1.1.0a5,0.0,0.0,179113.9200864525,179113.9200864525,0.0,False,0.05,0.0,False,0.0
11,0.04,NHF,fixed,reset,,,15,0.0,0.0,0.1.0b1,042c345cfe16,1.1.0a5,0.0,0.0,179113.9200864525,179113.9200864525,0.0,False,0.05,0.0,False,0.0
11,0.04,NHF,fixed,carried,,,15,0.0,0.0,0.1.0b1,042c345cfe16,1.1.0a5,0.0,0.0,179113.9200864525,179113.9200864525,0.0,False,0.05,0.0,False,0.0
11,0.04,NDY,rolling,reset,0.0,,15,0.0,0.0,0.1.0b1,042c345cfe16,1.1.0a5,0.0917219227571915,0.061716365524013495,183692.831732889,172355.97778552095,-0.06171636552401328,True,0.05,0.05615129525858732,True,0.056151295258587315
11,0.04,NDY,rolling,carried,0.0,,15,1.0,0.0,0.1.0b1,042c345cfe16,1.1.0a5,0.07760802853757312,0.04720967630029105,183692.831732889,175020.75260809553,-0.047209676300290764,False,0.05,0.041093345643425136,False,0.041093345643425136
11,0.04,NDY,fixed,reset,0.0,,15,0.0,0.0,0.1.0b1,042c345cfe16,1.1.0a5,0.0143492801937388,0.010995873517055615,183692.831732889,181672.9685891644,-0.010995873517055428,False,0.05,0.010787275543552974,False,0.010787275543552972
11,0.04,NDY,fixed,carried,0.0,,15,0.0,0.07142857142857142,0.1.0b1,042c345cfe16,1.1.0a5,6.999978999973321e-06,4.233272612372249e-06,183692.831732889,183692.0541110554,-4.233272612065277e-06,False,0.05,4.194296534975739e-06,False,4.194296534975738e-06
11,0.04,-10%,rolling,reset,0.1,,15,0.0,0.0,0.1.0b1,042c345cfe16,1.1.0a5,0.15009486133267655,0.015091397519189404,177273.80273685718,175872.6773219181,-0.007903736442202262,False,0.05,0.004892366945532237,False,0.004658633995204466
11,0.04,-10%,rolling,carried,0.1,,15,0.0,0.0,0.1.0b1,042c345cfe16,1.1.0a5,0.0008404278279817058,0.00019324131193567244,177273.80273685718,177275.443277948,9.254278215427682e-06,False,0.05,0.0001005368012293441,False,0.00010435014288249494
11,0.04,-10%,fixed,reset,0.1,,15,0.0,0.0,0.1.0b1,042c345cfe16,1.1.0a5,0.042062072549143986,0.008864586591406905,177273.80273685718,176734.55301735346,-0.0030419030402600938,False,0.05,0.007860381950771789,False,0.0072149230400711285
11,0.04,-10%,fixed,carried,0.1,,15,0.0,0.0,0.1.0b1,042c345cfe16,1.1.0a5,0.00016193058710477372,2.9643659243409723e-05,177273.80273685718,177273.25814549078,-3.0720352245678025e-06,False,0.05,2.9039435090924776e-05,False,2.594960764214064e-05
11,0.04,-20%,rolling,reset,0.2,,15,0.0,0.0,0.1.0b1,042c345cfe16,1.1.0a5,0.018100194760251275,0.003173435839338244,177326.11009064887,177207.29896024842,-0.0006700148688747524,False,0.05,0.0008784597217887106,False,0.0009713089780523208
11,0.04,-20%,rolling,carried,0.2,,15,0.0,0.07142857142857142,0.1.0b1,042c345cfe16,1.1.0a5,0.014782326576179134,0.002148181736637845,177326.11009064887,177212.28800756388,-0.0006418799974059312,False,0.05,0.00033245389732033037,False,0.00037065553973310875
11,0.04,-20%,fixed,reset,0.2,,15,0.0,0.0,0.1.0b1,042c345cfe16,1.1.0a5,0.014783346960758465,0.004190147059761742,177326.11009064887,177361.34701729915,0.00019871256766567613,False,0.05,0.00244553032159815,False,0.0027558765870362165
11,0.04,-20%,fixed,carried,0.2,,15,0.0,0.0,0.1.0b1,042c345cfe16,1.1.0a5,0.00011072981474080301,3.384904089794207e-05,177326.11009064887,177326.2380949193,7.218579957891387e-07,False,0.05,1.9288028871431944e-05,False,2.1402127078911822e-05
11,0.04,+/-10%,rolling,reset,0.1,0.1,15,0.0,0.0,0.1.0b1,042c345cfe16,1.1.0a5,0.09812720110667925,0.028023864377473107,178482.49249688798,177301.92291792092,-0.0066144839331378205,False,0.05,0.017590177389121768,False,0.018283087975455685
11,0.04,+/-10%,rolling,carried,0.1,0.1,15,0.0,0.0,0.1.0b1,042c345cfe16,1.1.0a5,0.022015768736158976,0.003887181136299371,178482.49249688798,178203.7599451041,-0.0015616800722834832,False,0.05,0.0009113276838765125,False,0.0009152952566444691
11,0.04,+/-10%,fixed,reset,0.1,0.1,15,0.0,0.0,0.1.0b1,042c345cfe16,1.1.0a5,0.08136068411934322,0.02081545245486647,178482.49249688798,178179.96012911113,-0.0016950254534467658,False,0.05,0.009794789386180705,False,0.00998270708066226
11,0.04,+/-10%,fixed,carried,0.1,0.1,15,0.0,0.0,0.1.0b1,042c345cfe16,1.1.0a5,0.0003615948811588263,7.760839851013504e-05,178482.49249688798,178484.68592319326,1.2289307901282658e-05,False,0.05,2.9895809231771315e-05,False,2.9898396292476134e-05
11,0.04,+/-20%,rolling,reset,0.2,0.2,15,0.0,0.0,0.1.0b1,042c345cfe16,1.1.0a5,0.2630819974018955,0.06464519025460311,176757.59369792097,176022.53256897634,-0.004158583026429094,True,0.05,0.06740926620965937,True,0.08245952424665788
11,0.04,+/-20%,rolling,carried,0.2,0.2,15,0.0,0.0,0.1.0b1,042c345cfe16,1.1.0a5,0.010152747690665962,0.002690818181266398,176757.59369792097,176482.25064820232,-0.0015577438228153912,False,0.05,0.0010860935380590095,False,0.0012379703883150378
11,0.04,+/-20%,fixed,reset,0.2,0.2,15,0.0,0.0,0.1.0b1,042c345cfe16,1.1.0a5,0.26306614007652035,0.06162825752135606,176757.59369792097,175962.75388070452,-0.0044967788969498415,True,0.05,0.0674066584897344,True,0.08245950085264853
11,0.04,+/-20%,fixed,carried,0.2,0.2,15,0.0,0.0,0.1.0b1,042c345cfe16,1.1.0a5,8.536639507275326e-05,1.576041577166683e-05,176757.59369792097,176757.06349247598,-2.999619048287622e-06,False,0.05,3.477003293115602e-06,False,3.869352055208709e-06
11,0.06,NHF,rolling,reset,,,15,0.0,0.0,0.1.0b1,042c345cfe16,1.1.0a5,0.0,0.0,179113.9200864525,179113.9200864525,0.0,False,0.05,0.0,False,0.0
11,0.06,NHF,rolling,carried,,,15,0.0,0.0,0.1.0b1,042c345cfe16,1.1.0a5,0.0,0.0,179113.9200864525,179113.9200864525,0.0,False,0.05,0.0,False,0.0
11,0.06,NHF,fixed,reset,,,15,0.0,0.0,0.1.0b1,042c345cfe16,1.1.0a5,0.0,0.0,179113.9200864525,179113.9200864525,0.0,False,0.05,0.0,False,0.0
11,0.06,NHF,fixed,carried,,,15,0.0,0.0,0.1.0b1,042c345cfe16,1.1.0a5,0.0,0.0,179113.9200864525,179113.9200864525,0.0,False,0.05,0.0,False,0.0
11,0.06,NDY,rolling,reset,0.0,,15,0.0,0.0,0.1.0b1,042c345cfe16,1.1.0a5,0.08436587102886241,0.055703792423289815,181416.11920390915,171310.55335753583,-0.05570379242328965,True,0.05,0.050080880758935,True,0.05008088075893499
11,0.06,NDY,rolling,carried,0.0,,15,1.0,0.0,0.1.0b1,042c345cfe16,1.1.0a5,0.06849709120172973,0.040052225828055586,181416.11920390915,174149.99982870472,-0.04005222582805566,False,0.05,0.03383156084006701,False,0.033831560840067006
11,0.06,NDY,fixed,reset,0.0,,15,0.0,0.0,0.1.0b1,042c345cfe16,1.1.0a5,0.0269203560446066,0.020346687678151502,181416.11920390915,177724.90208668495,-0.020346687678151315,False,0.05,0.019883066280584737,False,0.019883066280584737
11,0.06,NDY,fixed,carried,0.0,,15,0.0,0.07142857142857142,0.1.0b1,042c345cfe16,1.1.0a5,1.80003372412896e-05,8.400059536099701e-06,181416.11920390915,181414.59529770707,-8.400059535899171e-06,False,0.05,6.600035472803852e-06,False,6.600035472803851e-06
11,0.06,-10%,rolling,reset,0.1,,15,0.0,0.0,0.1.0b1,042c345cfe16,1.1.0a5,0.01731331352537301,0.005383727161439206,177627.87946032776,177226.1638427986,-0.002261557243996125,False,0.05,0.005893181420504906,False,0.005514737749674558
11,0.06,-10%,rolling,carried,0.1,,15,0.0,0.0,0.1.0b1,042c345cfe16,1.1.0a5,0.001466053875019865,0.00011427221345741382,177627.87946032776,177611.96855869234,-8.957434882272066e-05,False,0.05,2.0608552646441383e-05,False,1.675891862104435e-05
11,0.06,-10%,fixed,reset,0.1,,15,0.0,0.0,0.1.0b1,042c345cfe16,1.1.0a5,0.025593429949971373,0.005178133619171404,177627.87946032776,177555.4712392656,-0.0004076399565324336,False,0.05,0.004763172042535431,False,0.004354103118659377
11,0.06,-10%,fixed,carried,0.1,,15,0.0,0.0,0.1.0b1,042c345cfe16,1.1.0a5,0.00014314196120795902,2.0554445122596473e-05,177627.87946032776,177626.8685124,-5.691380941133093e-06,False,0.05,2.0608552646395562e-05,False,1.6758918620999355e-05
11,0.06,-20%,rolling,reset,0.2,,15,0.0,0.0,0.1.0b1,042c345cfe16,1.1.0a5,0.0570842059790212,0.00723246409856569,176479.73831106815,176170.64961336335,-0.0017514118088729157,False,0.05,0.0038195363896161294,False,0.0041432657572985695
11,0.06,-20%,rolling,carried,0.2,,15,0.0,0.0,0.1.0b1,042c345cfe16,1.1.0a5,8.502347666411333e-05,1.2870385813235401e-05,176479.73831106815,176479.25196080568,-2.755841929129203e-06,False,0.05,8.415806934829137e-06,False,9.066853597925102e-06
11,0.06,-20%,fixed,reset,0.2,,15,0.0,0.0,0.1.0b1,042c345cfe16,1.1.0a5,0.0570842059790212,0.00723246409856569,176479.73831106815,176170.64961336335,-0.0017514118088729157,False,0.05,0.0038195363896161294,False,0.0041432657572985695
11,0.06,-20%,fixed,carried,0.2,,15,0.0,0.0,0.1.0b1,042c345cfe16,1.1.0a5,8.502347666411333e-05,1.287038581308873e-05,176479.73831106815,176479.25196080568,-2.755841929129203e-06,False,0.05,8.415806934609128e-06,False,9.066853597712737e-06
11,0.06,+/-10%,rolling,reset,0.1,0.1,15,0.0,0.0,0.1.0b1,042c345cfe16,1.1.0a5,0.09580736723078909,0.03074958797116085,178773.78283503742,176518.70251751857,-0.01261415562034458,False,0.05,0.02071052750575671,False,0.02160949877766072
11,0.06,+/-10%,rolling,carried,0.1,0.1,15,0.0,0.0,0.1.0b1,042c345cfe16,1.1.0a5,0.1319545538247568,0.00930165802890485,178773.78283503742,177366.48906475096,-0.007871924775373977,False,0.05,0.0001905330027622023,False,0.0001985170121759449
11,0.06,+/-10%,fixed,reset,0.1,0.1,15,0.0,0.0,0.1.0b1,042c345cfe16,1.1.0a5,0.09121422840031958,0.023157472444481523,178773.78283503742,177627.11628456344,-0.006414064368331122,False,0.05,0.019987157330578483,False,0.02088652837586038
11,0.06,+/-10%,fixed,carried,0.1,0.1,15,0.0,0.0,0.1.0b1,042c345cfe16,1.1.0a5,3.999994000793222e-06,1.2430558646198411e-06,178773.78283503742,178773.6310722667,-8.489095454322135e-07,False,0.05,1.741213848673068e-06,False,1.7539903260969553e-06
11,0.06,+/-20%,rolling,reset,0.2,0.2,15,0.0,0.0,0.1.0b1,042c345cfe16,1.1.0a5,0.2798965017683902,0.06809957949040021,175991.41119025208,176009.04334745253,0.00010018760052666286,True,0.05,0.06434581711337453,True,0.08195697531041306
11,0.06,+/-20%,rolling,carried,0.2,0.2,15,0.0,0.0,0.1.0b1,042c345cfe16,1.1.0a5,0.00039466593321845996,0.00012604597664512952,175991.41119025208,175972.5281407692,-0.00010729528989613018,False,0.05,4.146643960587832e-05,False,4.83402598045105e-05
11,0.06,+/-20%,fixed,reset,0.2,0.2,15,0.0,0.0,0.1.0b1,042c345cfe16,1.1.0a5,0.2804203866947047,0.06847288107649216,175991.41119025208,175983.6160620045,-4.4292662891130776e-05,True,0.05,0.06426275856741383,True,0.08190839416981381
11,0.06,+/-20%,fixed,carried,0.2,0.2,15,0.0,0.0,0.1.0b1,042c345cfe16,1.1.0a5,7.727377346126526e-06,3.818697986176999e-06,175991.41119025208,175991.71483147037,1.7253183904319356e-06,False,0.05,2.704916410997299e-06,False,2.706165956343998e-06
12,0.0,NHF,rolling,reset,,,15,0.0,0.0,0.1.0b1,042c345cfe16,1.1.0a5,1.0,0.5680276204055328,193766.90463610477,127842.60853096467,-0.3402247469914754,True,0.05,0.558482635619575,True,0.6258800567975142
12,0.0,NHF,rolling,carried,,,15,0.0,0.0,0.1.0b1,042c345cfe16,1.1.0a5,1.0,0.5680276204055328,193766.90463610477,127842.60853096467,-0.3402247469914754,True,0.05,0.558482635619575,True,0.6258800567975142
12,0.0,NHF,fixed,reset,,,15,0.0,0.0,0.1.0b1,042c345cfe16,1.1.0a5,0.0,0.0,193766.90463610477,193766.90463610477,0.0,False,0.05,0.0,False,0.0
12,0.0,NHF,fixed,carried,,,15,0.0,0.0,0.1.0b1,042c345cfe16,1.1.0a5,0.0,0.0,193766.90463610477,193766.90463610477,0.0,False,0.05,0.0,False,0.0
12,0.0,NDY,rolling,reset,0.0,,15,0.0,0.0,0.1.0b1,042c345cfe16,1.1.0a5,0.755234251231229,0.11455391486551013,192072.35567257015,151224.5901969754,-0.21266863382062548,True,0.05,0.06442209023786039,True,0.0644220902378604
12,0.0,NDY,rolling,carried,0.0,,15,0.0,0.0,0.1.0b1,042c345cfe16,1.1.0a5,0.7306450457723522,0.04871573636055705,192072.35567257015,162656.9770414769,-0.15314738306869247,False,0.05,5.4999835002464744e-06,False,5.4999835002464744e-06
12,0.0,NDY,fixed,reset,0.0,,15,0.0,0.0,0.1.0b1,042c345cfe16,1.1.0a5,0.5530502036601551,0.15724147208573583,192072.35567257015,192218.2150528213,0.0007593980911016447,True,0.05,0.09619965383102562,True,0.09619965383102565
12,0.0,NDY,fixed,carried,0.0,,15,0.0,0.0,0.1.0b1,042c345cfe16,1.1.0a5,1.5172105832611534e-05,4.478445143125087e-06,192072.35567257015,192072.40255129818,2.4406806415168714e-07,False,0.05,2.800277109350922e-06,False,2.8002771093509223e-06
12,0.0,-10%,rolling,reset,0.1,,15,0.0,0.0,0.1.0b1,042c345cfe16,1.1.0a5,0.8029623018083227,0.2333814945665203,194004.6637356324,146719.21155804,-0.24373358488962754,True,0.05,0.20868132023749603,True,0.2511571074443103
12,0.0,-10%,rolling,carried,0.1,,15,0.0,0.0,0.1.0b1,042c345cfe16,1.1.0a5,0.8564950032852409,0.25723797921295455,194004.6637356324,150457.23926429567,-0.22446586403035257,True,0.05,0.23000201293351247,True,0.30232399789499176
12,0.0,-10%,fixed,reset,0.1,,15,0.0,0.0,0.1.0b1,042c345cfe16,1.1.0a5,0.8404955110649551,0.18250816159346858,194004.6637356324,194070.93247579952,0.00034158323254237464,True,0.05,0.16347922995415512,True,0.11724318503725989
12,0.0,-10%,fixed,carried,0.1,,15,0.0,0.0,0.1.0b1,042c345cfe16,1.1.0a5,4.2033716523972554e-06,2.0647900282916554e-06,194004.6637356324,194004.62302858685,-2.098250875574459e-07,False,0.05,1.9033030152854868e-06,False,1.9361260649133726e-06
12,0.0,-20%,rolling,reset,0.2,,15,0.0,0.0,0.1.0b1,042c345cfe16,1.1.0a5,0.8569324402356784,0.31560609550418867,193812.61287327416,141934.44199368643,-0.2676717996341583,True,0.05,0.26975689586652224,True,0.30583554850146727
12,0.0,-20%,rolling,carried,0.2,,15,0.0,0.0,0.1.0b1,042c345cfe16,1.1.0a5,0.8575778215312965,0.28241348234376856,193812.61287327416,146214.2207490736,-0.24558975506575068,True,0.05,0.22287686203430299,True,0.288678474860427
12,0.0,-20%,fixed,reset,0.2,,15,0.0,0.0,0.1.0b1,042c345cfe16,1.1.0a5,0.9808089486437699,0.21508990846288328,193812.61287327416,193785.73054830296,-0.00013870266012448656,True,0.05,0.18225445645545396,True,0.0970189116806933
12,0.0,-20%,fixed,carried,0.2,,15,0.0,0.0,0.1.0b1,042c345cfe16,1.1.0a5,0.678056786862975,0.05039012496708828,193812.61287327416,193812.611719115,-5.955026091991106e-09,True,0.05,3.863224795793825e-07,False,3.28127028218353e-07
12,0.0,+/-10%,rolling,reset,0.1,0.1,15,0.0,0.0,0.1.0b1,042c345cfe16,1.1.0a5,0.43036102950563804,0.1425160431835935,187754.89301634682,160787.59058493876,-0.14363035763366314,True,0.05,0.08254983438932664,True,0.08456203718012884
12,0.0,+/-10%,rolling,carried,0.1,0.1,15,0.0,0.0,0.1.0b1,042c345cfe16,1.1.0a5,0.4147730143228879,0.14537332680627324,187754.89301634682,161521.77950924452,-0.13971999922696196,True,0.05,0.09927108355689938,True,0.10440233721785867
12,0.0,+/-10%,fixed,reset,0.1,0.1,15,0.0,0.0,0.1.0b1,042c345cfe16,1.1.0a5,0.06750041283232966,0.024431299593956755,187754.89301634682,188027.76849572273,0.0014533601494590963,False,0.05,0.034441261037884086,False,0.03579362244616309
12,0.0,+/-10%,fixed,carried,0.1,0.1,15,0.0,0.0,0.1.0b1,042c345cfe16,1.1.0a5,2.9999939994786943e-06,1.1300327282752892e-06,187754.89301634682,187754.89774680158,2.5194841457763747e-08,False,0.05,1.4860857354387807e-06,False,1.5140933703307394e-06
12,0.0,+/-20%,rolling,reset,0.2,0.2,15,0.0,0.0,0.1.0b1,042c345cfe16,1.1.0a5,0.44606887189756783,0.1863741131985764,189497.03857523776,162895.70282930142,-0.1403786357082017,True,0.05,0.15006268174336895,True,0.1582280605285926
12,0.0,+/-20%,rolling,carried,0.2,0.2,15,0.0,0.0,0.1.0b1,042c345cfe16,1.1.0a5,0.43732480017249836,0.20087981088457582,189497.03857523776,162221.7330622331,-0.14393525998125448,True,0.05,0.1584798881555975,True,0.17635193061543522
12,0.0,+/-20%,fixed,reset,0.2,0.2,15,0.0,0.0,0.1.0b1,042c345cfe16,1.1.0a5,0.11979072481696632,0.017973709653266542,189497.03857523776,189667.18379089015,0.0008978779664930434,False,0.05,0.02662107395812499,False,0.03165197088422106
12,0.0,+/-20%,fixed,carried,0.2,0.2,15,0.0,0.0,0.1.0b1,042c345cfe16,1.1.0a5,9.705225435906367e-06,1.4941117493999713e-06,189497.03857523776,189497.03544751854,-1.6505372542821422e-08,False,0.05,2.1688655564284836e-06,False,2.549025712721065e-06
12,0.02,NHF,rolling,reset,,,15,0.0,0.0,0.1.0b1,042c345cfe16,1.1.0a5,0.29774915226695015,0.06670952396867248,179827.75646795635,178580.34625569632,-0.006936694516801735,True,0.05,0.029190485239021745,False,0.023072718672737337
12,0.02,NHF,rolling,carried,,,15,0.0,0.0,0.1.0b1,042c345cfe16,1.1.0a5,0.29774915226695015,0.06670952396867248,179827.75646795635,178580.34625569632,-0.006936694516801735,True,0.05,0.029190485239021745,False,0.023072718672737337
12,0.02,NHF,fixed,reset,,,15,0.0,0.0,0.1.0b1,042c345cfe16,1.1.0a5,2.763130157001785e-16,4.975667171919564e-17,179827.75646795635,179827.75646795635,0.0,False,0.05,4.70037060087756e-17,False,7.453232938523512e-17
12,0.02,NHF,fixed,carried,,,15,0.0,0.0,0.1.0b1,042c345cfe16,1.1.0a5,2.763130157001785e-16,4.975667171919564e-17,179827.75646795635,179827.75646795635,0.0,False,0.05,4.70037060087756e-17,False,7.453232938523512e-17
12,0.02,NDY,rolling,reset,0.0,,15,0.0,0.0,0.1.0b1,042c345cfe16,1.1.0a5,0.08276181090207284,0.050837493066192986,182442.93817884655,173167.99657420354,-0.050837493066193125,True,0.05,0.04500005276569318,False,0.04500005276569319
12,0.02,NDY,rolling,carried,0.0,,15,1.0,0.0,0.1.0b1,042c345cfe16,1.1.0a5,0.07846148967601813,0.04844441354587925,182442.93817884655,173604.5970331852,-0.04844441354587949,False,0.05,0.042505833005859514,False,0.04250583300585952
12,0.02,NDY,fixed,reset,0.0,,15,0.0,0.0,0.1.0b1,042c345cfe16,1.1.0a5,0.2029561651394401,0.025056559375591873,182442.93817884655,183437.17816908623,0.00544959426856539,False,0.05,0.0018911248425744222,False,0.001891124842574423
12,0.02,NDY,fixed,carried,0.0,,15,0.0,0.07142857142857142,0.1.0b1,042c345cfe16,1.1.0a5,4.222225370680711e-05,8.709810495389555e-06,182442.93817884655,182442.37624404902,-3.0800578150028036e-06,False,0.05,4.999975106800596e-06,False,4.999975106800597e-06
12,0.02,-10%,rolling,reset,0.1,,15,0.0,0.0,0.1.0b1,042c345cfe16,1.1.0a5,0.15348945292018135,0.03510662073361059,179936.39537836093,177126.24105620876,-0.01561748703614477,False,0.05,0.018070798191580577,False,0.01774636822321147
12,0.02,-10%,rolling,carried,0.1,,15,0.0,0.0,0.1.0b1,042c345cfe16,1.1.0a5,0.1266964653155327,0.026621096148402693,179936.39537836093,177703.5472311431,-0.012409096795135343,False,0.05,0.01212246272952673,False,0.01188771267275499
12,0.02,-10%,fixed,reset,0.1,,15,0.0,0.0,0.1.0b1,042c345cfe16,1.1.0a5,0.20412600769620035,0.032919169390389344,179936.39537836093,180708.40298189913,0.00429044719893858,False,0.05,0.005417790628187425,False,0.004460466110560239
12,0.02,-10%,fixed,carried,0.1,,15,0.0,0.0,0.1.0b1,042c345cfe16,1.1.0a5,0.00041915149423985156,6.710083862811302e-05,179936.39537836093,179939.20598807064,1.562001786127976e-05,False,0.05,1.0112766547661468e-06,False,1.054605394301665e-06
12,0.02,-20%,rolling,reset,0.2,,15,0.0,0.0,0.1.0b1,042c345cfe16,1.1.0a5,0.254801245511302,0.028896054688895,180483.3661569483,177694.03527621872,-0.015454780903764656,False,0.05,0.012067055761988849,False,0.013170869998237654
12,0.02,-20%,rolling,carried,0.2,,15,0.0,0.0,0.1.0b1,042c345cfe16,1.1.0a5,0.25048094390248926,0.030275113487992382,180483.3661569483,177566.76455573697,-0.01615994683230281,False,0.05,0.016293556881668465,False,0.017915522487692955
12,0.02,-20%,fixed,reset,0.2,,15,0.0,0.0,0.1.0b1,042c345cfe16,1.1.0a5,0.14527008130602984,0.03155464469102464,180483.3661569483,181014.90335425758,0.0029450758184943185,False,0.05,0.016973881868379517,False,0.013041934116851086
12,0.02,-20%,fixed,carried,0.2,,15,0.0,0.0,0.1.0b1,042c345cfe16,1.1.0a5,0.00039587026154439724,5.966719198838784e-05,180483.3661569483,180484.75354203559,7.687052368499197e-06,False,0.05,3.5193819742498016e-06,False,3.3261519330924478e-06
12,0.02,+/-10%,rolling,reset,0.1,0.1,15,0.0,0.0,0.1.0b1,042c345cfe16,1.1.0a5,0.15706660540846148,0.02672327687325886,179845.87402679637,176394.88356798605,-0.019188599557730963,False,0.05,0.0052777487002113824,False,0.005073134140805122
12,0.02,+/-10%,rolling,carried,0.1,0.1,15,0.0,0.0,0.1.0b1,042c345cfe16,1.1.0a5,0.16131906328520798,0.029266710441684586,179845.87402679637,176406.81883007844,-0.01912223572171318,False,0.05,0.006967295110931482,False,0.006329952586856631
12,0.02,+/-10%,fixed,reset,0.1,0.1,15,0.0,0.0,0.1.0b1,042c345cfe16,1.1.0a5,0.0219724600036279,0.003773706790073198,179845.87402679637,179779.88483509936,-0.0003669207984564387,False,0.05,2.6910990880595618e-05,False,2.840663443613777e-05
12,0.02,+/-10%,fixed,carried,0.1,0.1,15,0.0,0.0,0.1.0b1,042c345cfe16,1.1.0a5,0.000875038294043799,0.00010875420005319242,179845.87402679637,179843.69334738332,-1.2125267954318078e-05,False,0.05,1.4002022305587199e-06,False,1.4351982544188534e-06
12,0.02,+/-20%,rolling,reset,0.2,0.2,15,0.0,0.0,0.1.0b1,042c345cfe16,1.1.0a5,0.22503808088322894,0.022994435050928515,179082.30607584532,176176.74236013988,-0.01622473922395702,False,0.05,0.004992018235179947,False,0.005397456431658557
12,0.02,+/-20%,rolling,carried,0.2,0.2,15,0.0,0.0,0.1.0b1,042c345cfe16,1.1.0a5,0.2380324801831831,0.018408936757703682,179082.30607584532,176282.89051461016,-0.01563200531966316,False,0.05,0.0019182000200739953,False,0.0017549089738636754
12,0.02,+/-20%,fixed,reset,0.2,0.2,15,0.0,0.0,0.1.0b1,042c345cfe16,1.1.0a5,0.0557848184013554,0.008501021230029,179082.30607584532,179163.13381569606,0.00045134408653695816,False,0.05,0.007081240190274904,False,0.006046284071831357
12,0.02,+/-20%,fixed,carried,0.2,0.2,15,0.0,0.0,0.1.0b1,042c345cfe16,1.1.0a5,1.0004144406472258e-06,1.6193947995114846e-07,179082.30607584532,179082.30140903752,-2.605956948862797e-08,False,0.05,2.4266686541134366e-07,False,2.4719862638926075e-07
12,0.04,NHF,rolling,reset,,,15,0.0,0.0,0.1.0b1,042c345cfe16,1.1.0a5,2.8643907948792297e-16,1.9095938632528198e-17,177785.69918067634,177785.69918067637,1.6370175211425003e-16,False,0.05,2.8643907948792294e-17,False,3.7821867300439127e-17
12,0.04,NHF,rolling,carried,,,15,0.0,0.0,0.1.0b1,042c345cfe16,1.1.0a5,2.8643907948792297e-16,1.9095938632528198e-17,177785.69918067634,177785.69918067637,1.6370175211425003e-16,False,0.05,2.8643907948792294e-17,False,3.7821867300439127e-17
12,0.04,NHF,fixed,reset,,,15,0.0,0.0,0.1.0b1,042c345cfe16,1.1.0a5,2.8643907948792297e-16,1.9095938632528198e-17,177785.69918067634,177785.69918067637,1.6370175211425003e-16,False,0.05,2.8643907948792294e-17,False,3.7821867300439127e-17
12,0.04,NHF,fixed,carried,,,15,0.0,0.0,0.1.0b1,042c345cfe16,1.1.0a5,2.8643907948792297e-16,1.9095938632528198e-17,177785.69918067634,177785.69918067637,1.6370175211425003e-16,False,0.05,2.8643907948792294e-17,False,3.7821867300439127e-17
12,0.04,NDY,rolling,reset,0.0,,15,0.0,0.0,0.1.0b1,042c345cfe16,1.1.0a5,0.0869414463888551,0.055714627151103736,180525.40816783637,170467.50236046454,-0.055714627151103806,True,0.05,0.04961595216732584,False,0.04961595216732584
12,0.04,NDY,rolling,carried,0.0,,15,1.0,0.0,0.1.0b1,042c345cfe16,1.1.0a5,0.06940400113300996,0.04089724681610831,180525.40816783637,173142.41599341764,-0.040897246816108485,False,0.05,0.03464349741683831,False,0.03464349741683831
12,0.04,NDY,fixed,reset,0.0,,15,0.0,0.0,0.1.0b1,042c345cfe16,1.1.0a5,0.010303103806761957,0.00842514458664142,180525.40816783637,179004.45550245987,-0.008425144586641568,False,0.05,0.008516475498807335,False,0.008516475498807333
12,0.04,NDY,fixed,carried,0.0,,15,0.0,0.07142857142857142,0.1.0b1,042c345cfe16,1.1.0a5,1.7773185496153127e-05,9.612346520117207e-06,180525.40816783637,180523.67289505733,-9.612346520379186e-06,False,0.05,7.709277036487765e-06,False,7.709277036487762e-06
12,0.04,-10%,rolling,reset,0.1,,15,0.0,0.0,0.1.0b1,042c345cfe16,1.1.0a5,0.10366498078592135,0.01451966145063867,178230.1595145941,176526.96755926422,-0.00955613774889999,False,0.05,0.0028071082562202273,False,0.0028342475198700288
12,0.04,-10%,rolling,carried,0.1,,15,0.0,0.0,0.1.0b1,042c345cfe16,1.1.0a5,0.11103141105689131,0.008383571623197838,178230.1595145941,176906.73471809918,-0.007425369533973574,False,0.05,0.00034903029275202375,False,0.0003492616653560822
12,0.04,-10%,fixed,reset,0.1,,15,0.0,0.0,0.1.0b1,042c345cfe16,1.1.0a5,0.038333930015558224,0.009054214999041788,178230.1595145941,178005.3288029894,-0.0012614627749704577,False,0.05,0.0026309199347787473,False,0.0026660809758116983
12,0.04,-10%,fixed,carried,0.1,,15,0.0,0.0,0.1.0b1,042c345cfe16,1.1.0a5,0.00034014786843876595,6.312111580673233e-05,178230.1595145941,178230.24721890994,4.920845948781157e-07,False,0.05,9.933891796148653e-06,False,9.948957449476524e-06
12,0.04,-20%,rolling,reset,0.2,,15,0.0,0.0,0.1.0b1,042c345cfe16,1.1.0a5,0.05321449166916471,0.005014642389171467,177724.4700554788,177161.66901688298,-0.0031667053975186067,False,0.05,0.0004221831837614037,False,0.00043465700123774447
12,0.04,-20%,rolling,carried,0.2,,15,0.0,0.0,0.1.0b1,042c345cfe16,1.1.0a5,0.05329771401052727,0.003568351492253606,177724.4700554788,177170.7440169376,-0.003115643210911565,False,0.05,7.069751161611126e-06,False,7.332682622944983e-06
12,0.04,-20%,fixed,reset,0.2,,15,0.0,0.0,0.1.0b1,042c345cfe16,1.1.0a5,0.006405594145305981,0.0013888217000503156,177724.4700554788,177702.1809441923,-0.0001254138570762442,False,0.05,0.00030490131699613106,False,0.000325791817631461
12,0.04,-20%,fixed,carried,0.2,,15,0.0,0.0,0.1.0b1,042c345cfe16,1.1.0a5,5.6405261399380426e-05,1.2807062146558703e-05,177724.4700554788,177724.36415297881,-5.958802406437961e-07,False,0.05,3.5245070537492857e-06,False,3.645009491268817e-06
12,0.04,+/-10%,rolling,reset,0.1,0.1,15,0.0,0.0,0.1.0b1,042c345cfe16,1.1.0a5,0.13720593916984522,0.02203473990433146,178113.39491012122,175830.82962747975,-0.012815236517126022,False,0.05,0.011525186859555564,False,0.011556847630353768
12,0.04,+/-10%,rolling,carried,0.1,0.1,15,0.0,0.0,0.1.0b1,042c345cfe16,1.1.0a5,0.13995769689750887,0.011726392633366441,178113.39491012122,176362.60541351567,-0.009829634079396566,False,0.05,0.0002572039140804168,False,0.0002432385416257778
12,0.04,+/-10%,fixed,reset,0.1,0.1,15,0.0,0.0,0.1.0b1,042c345cfe16,1.1.0a5,0.04222540527808197,0.009599386540976926,178113.39491012122,178275.5729137574,0.0009105323253089772,False,0.05,0.007204922881086609,False,0.007142813186761943
12,0.04,+/-10%,fixed,carried,0.1,0.1,15,0.0,0.0,0.1.0b1,042c345cfe16,1.1.0a5,0.00013009431208486463,1.4621580244201604e-05,178113.39491012122,178112.64914736434,-4.18701107379635e-06,False,0.05,3.2000348037868826e-06,False,3.1404498830619654e-06
12,0.04,+/-20%,rolling,reset,0.2,0.2,15,0.0,0.0,0.1.0b1,042c345cfe16,1.1.0a5,0.2187964998376684,0.05586563819433421,176788.99605399178,175358.7750000255,-0.008089989116344657,True,0.05,0.07269902402573265,True,0.0842993787153881
12,0.04,+/-20%,rolling,carried,0.2,0.2,15,0.0,0.0,0.1.0b1,042c345cfe16,1.1.0a5,0.061843469861801705,0.01060746277843807,176788.99605399178,175327.80911666626,-0.008265146417140509,False,0.05,7.068832800893822e-05,False,7.719191157723992e-05
12,0.04,+/-20%,fixed,reset,0.2,0.2,15,0.0,0.0,0.1.0b1,042c345cfe16,1.1.0a5,0.2185319912521864,0.04974821256705288,176788.99605399178,176216.19078729898,-0.0032400504526755827,False,0.05,0.07226956952348798,True,0.08414652843843298
12,0.04,+/-20%,fixed,carried,0.2,0.2,15,0.0,0.0,0.1.0b1,042c345cfe16,1.1.0a5,9.978430941423271e-06,2.8237397041197046e-06,176788.99605399178,176788.78912086412,-1.1705090943260865e-06,False,0.05,2.749474477950336e-06,False,2.8330742453994795e-06
12,0.06,NHF,rolling,reset,,,15,0.0,0.0,0.1.0b1,042c345cfe16,1.1.0a5,2.8643907948792297e-16,1.9095938632528198e-17,177785.69918067634,177785.69918067637,1.6370175211425003e-16,False,0.05,2.8643907948792294e-17,False,3.7821867300439127e-17
12,0.06,NHF,rolling,carried,,,15,0.0,0.0,0.1.0b1,042c345cfe16,1.1.0a5,2.8643907948792297e-16,1.9095938632528198e-17,177785.69918067634,177785.69918067637,1.6370175211425003e-16,False,0.05,2.8643907948792294e-17,False,3.7821867300439127e-17
12,0.06,NHF,fixed,reset,,,15,0.0,0.0,0.1.0b1,042c345cfe16,1.1.0a5,2.8643907948792297e-16,1.9095938632528198e-17,177785.69918067634,177785.69918067637,1.6370175211425003e-16,False,0.05,2.8643907948792294e-17,False,3.7821867300439127e-17
12,0.06,NHF,fixed,carried,,,15,0.0,0.0,0.1.0b1,042c345cfe16,1.1.0a5,2.8643907948792297e-16,1.9095938632528198e-17,177785.69918067634,177785.69918067637,1.6370175211425003e-16,False,0.05,2.8643907948792294e-17,False,3.7821867300439127e-17
12,0.06,NDY,rolling,reset,0.0,,15,0.0,0.0,0.1.0b1,042c345cfe16,1.1.0a5,0.07702345798576077,0.04993183371450747,178151.34269915023,169255.91947948007,-0.04993183371450724,False,0.05,0.04426856152672592,False,0.044268561526725925
12,0.06,NDY,rolling,carried,0.0,,15,1.0,0.0,0.1.0b1,042c345cfe16,1.1.0a5,0.06299692827266794,0.03585208385451009,178151.34269915023,171764.24582190672,-0.035852083854510185,False,0.05,0.02964587480918802,False,0.029645874809188025
12,0.06,NDY,fixed,reset,0.0,,15,0.0,0.0,0.1.0b1,042c345cfe16,1.1.0a5,0.017695918281276816,0.013597123870040632,178151.34269915023,175728.9968248558,-0.013597123870040802,False,0.05,0.013317318545678677,False,0.013317318545678677
12,0.06,NDY,fixed,carried,0.0,,15,0.0,0.07142857142857142,0.1.0b1,042c345cfe16,1.1.0a5,1.527022712256974e-05,5.8629540247388614e-06,178151.34269915023,178150.29820601855,-5.8629540247286505e-06,False,0.05,4.940429507828363e-06,False,4.940429507828363e-06
12,0.06,-10%,rolling,reset,0.1,,15,0.0,0.0,0.1.0b1,042c345cfe16,1.1.0a5,0.15436449661894908,0.02031962088287532,177567.04770595962,175293.51716814484,-0.012803786328528733,False,0.05,0.0066485361398700826,False,0.006913763016437732
12,0.06,-10%,rolling,carried,0.1,,15,0.0,0.0,0.1.0b1,042c345cfe16,1.1.0a5,0.1455681196468972,0.009726048943744582,177567.04770595962,175756.39057383675,-0.010197033489688971,False,0.05,7.575748472302782e-06,False,8.02530036598119e-06
12,0.06,-10%,fixed,reset,0.1,,15,0.0,0.0,0.1.0b1,042c345cfe16,1.1.0a5,0.03268676646857251,0.011358367841390478,177567.04770595962,176965.54194242653,-0.0033874852981119904,False,0.05,0.006648404446227593,False,0.006913679350761096
12,0.06,-10%,fixed,carried,0.1,,15,0.0,0.0,0.1.0b1,042c345cfe16,1.1.0a5,4.536077379725556e-05,1.6028691979134745e-05,177567.04770595962,177566.64205929847,-2.284470381141293e-06,False,0.05,1.0537779841966977e-05,False,1.1066078758323626e-05
12,0.06,-20%,rolling,reset,0.2,,15,0.0,0.0,0.1.0b1,042c345cfe16,1.1.0a5,0.08392025285879245,0.014625078015609427,176306.68198605033,174994.16500657413,-0.007444510694041946,False,0.05,0.006989611513263491,False,0.008039315707364023
12,0.06,-20%,rolling,carried,0.2,,15,0.0,0.0,0.1.0b1,042c345cfe16,1.1.0a5,0.05279266252137633,0.0037278497166053277,176306.68198605033,175723.80628228284,-0.003306032971646605,False,0.05,0.00020540458356864562,False,0.00022920640649799404
12,0.06,-20%,fixed,reset,0.2,,15,0.0,0.0,0.1.0b1,042c345cfe16,1.1.0a5,0.034726459792902266,0.00960163134076911,176306.68198605033,175968.1138151301,-0.0019203365811569534,False,0.05,0.007630627228236391,False,0.008772543292273512
12,0.06,-20%,fixed,carried,0.2,,15,0.0,0.0,0.1.0b1,042c345cfe16,1.1.0a5,0.00038929929798356286,3.7626542239087034e-05,176306.68198605033,176305.23404915901,-8.212603600757267e-06,False,0.05,1.3378196789770543e-05,False,1.4684874779757707e-05
12,0.06,+/-10%,rolling,reset,0.1,0.1,15,0.0,0.0,0.1.0b1,042c345cfe16,1.1.0a5,0.1440120570074717,0.03091463023207419,176770.62190449663,175181.3740946231,-0.008990452105396417,False,0.05,0.021026576665009004,False,0.023473540009729527
12,0.06,+/-10%,rolling,carried,0.1,0.1,15,0.0,0.0,0.1.0b1,042c345cfe16,1.1.0a5,0.050853194345042305,0.0035294700172350726,176770.62190449663,176226.55434906832,-0.003077816605308148,False,0.05,3.070891262610212e-05,False,2.8958708889118033e-05
12,0.06,+/-10%,fixed,reset,0.1,0.1,15,0.0,0.0,0.1.0b1,042c345cfe16,1.1.0a5,0.17127532393455416,0.038336232680335224,176770.62190449663,177984.1200123341,0.006864817777770207,False,0.05,0.021026118484621242,False,0.02347406485048619
12,0.06,+/-10%,fixed,carried,0.1,0.1,15,0.0,0.0,0.1.0b1,042c345cfe16,1.1.0a5,0.0005554761286380419,9.35985202132495e-05,176770.62190449663,176772.93643070603,1.3093387263492551e-05,False,0.05,3.070891262615299e-05,False,2.8958708889164647e-05
12,0.06,+/-20%,rolling,reset,0.2,0.2,15,0.0,0.0,0.1.0b1,042c345cfe16,1.1.0a5,0.2704945831271929,0.05253466135376053,174813.97902114093,174088.70040258285,-0.004148859391103765,True,0.05,0.0527652299526324,True,0.06850356206203553
12,0.06,+/-20%,rolling,carried,0.2,0.2,15,0.0,0.0,0.1.0b1,042c345cfe16,1.1.0a5,0.08064436259146533,0.008988805569902019,174813.97902114093,173869.9726979009,-0.005400061988897728,False,0.05,0.0005376546574770867,False,0.0005930609482655868
12,0.06,+/-20%,fixed,reset,0.2,0.2,15,0.0,0.0,0.1.0b1,042c345cfe16,1.1.0a5,0.27047233202027027,0.0600745362075034,174813.97902114093,175207.78408723272,0.0022527092415428056,True,0.05,0.052691606636719346,True,0.06841475748552081
12,0.06,+/-20%,fixed,carried,0.2,0.2,15,0.0,0.0,0.1.0b1,042c345cfe16,1.1.0a5,0.0001560576185641757,4.08356291305784e-05,174813.97902114093,174813.66696224772,-1.785091186381934e-06,False,0.05,8.22963706180518e-06,False,8.854649665446692e-06
13,0.0,NHF,rolling,reset,,,15,0.0,0.0,0.1.0b1,042c345cfe16,1.1.0a5,1.0,0.5465418651738868,197452.55427213825,130900.09094554279,-0.3370554692084144,True,0.05,0.5086020193491002,True,0.5366810293868671
13,0.0,NHF,rolling,carried,,,15,0.0,0.0,0.1.0b1,042c345cfe16,1.1.0a5,1.0,0.5465418651738868,197452.55427213825,130900.09094554279,-0.3370554692084144,True,0.05,0.5086020193491002,True,0.5366810293868671
13,0.0,NHF,fixed,reset,,,15,0.0,0.0,0.1.0b1,042c345cfe16,1.1.0a5,3.5748084275418803e-16,2.3832056183612535e-17,197452.55427213825,197452.55427213825,0.0,False,0.05,3.5748084275418804e-17,False,3.6869647430462506e-17
13,0.0,NHF,fixed,carried,,,15,0.0,0.0,0.1.0b1,042c345cfe16,1.1.0a5,3.5748084275418803e-16,2.3832056183612535e-17,197452.55427213825,197452.55427213825,0.0,False,0.05,3.5748084275418804e-17,False,3.6869647430462506e-17
13,0.0,NDY,rolling,reset,0.0,,15,0.0,0.0,0.1.0b1,042c345cfe16,1.1.0a5,0.7381864720656023,0.11445693086165391,195982.4530585535,155770.0161392115,-0.20518386361521745,True,0.05,0.06974328359349993,True,0.06974328359349993
13,0.0,NDY,rolling,carried,0.0,,15,0.0,0.0,0.1.0b1,042c345cfe16,1.1.0a5,0.718573689678442,0.04791097928762962,195982.4530585535,167473.91389887023,-0.14546475316933505,False,0.05,5.4999835000907635e-06,False,5.499983500090764e-06
13,0.0,NDY,fixed,reset,0.0,,15,0.0,0.0,0.1.0b1,042c345cfe16,1.1.0a5,0.9174205938097258,0.20720327617067671,195982.4530585535,196163.82178217487,0.0009254334803492419,True,0.05,0.16349122186126583,True,0.16349122186126583
13,0.0,NDY,fixed,carried,0.0,,15,0.0,0.0,0.1.0b1,042c345cfe16,1.1.0a5,1.32654678805768e-05,3.940063085665615e-06,195982.4530585535,195982.4675847393,7.411982836537304e-08,False,0.05,3.6835974274235252e-06,False,3.6835974274235252e-06
13,0.0,-10%,rolling,reset,0.1,,15,0.0,0.0,0.1.0b1,042c345cfe16,1.1.0a5,0.8559765208855429,0.24938927253360302,197554.6704974082,140954.838144498,-0.28650212222470717,True,0.05,0.27336467568010353,True,0.3273558138290799
13,0.0,-10%,rolling,carried,0.1,,15,0.0,0.0,0.1.0b1,042c345cfe16,1.1.0a5,0.8918714507311081,0.26975567120971955,197554.6704974082,148509.3018285544,-0.2482622584693448,True,0.05,0.2559134435281024,True,0.31820111825976904
13,0.0,-10%,fixed,reset,0.1,,15,0.0,0.0,0.1.0b1,042c345cfe16,1.1.0a5,0.9258865767781247,0.26475452076882605,197554.6704974082,197631.6496496362,0.0003896599965680071,True,0.05,0.2092715312570356,True,0.14930709040659715
13,0.0,-10%,fixed,carried,0.1,,15,0.0,0.0,0.1.0b1,042c345cfe16,1.1.0a5,9.999999999291499e-07,2.1981137501149756e-07,197554.6704974082,197554.6670572218,-1.741384484952058e-08,False,0.05,3.2334841151264303e-07,False,2.3385787773711412e-07
13,0.0,-20%,rolling,reset,0.2,,15,0.0,0.0,0.1.0b1,042c345cfe16,1.1.0a5,0.8962850873913327,0.296655100877026,197270.65324378456,143410.1991094075,-0.27302821402338545,True,0.05,0.2080189924411965,True,0.23459777773811014
13,0.0,-20%,rolling,carried,0.2,,15,0.0,0.0,0.1.0b1,042c345cfe16,1.1.0a5,0.9234886866747808,0.2953211554913376,197270.65324378456,139249.40364499754,-0.29412002568413004,True,0.05,0.2122703315194384,True,0.24213189658593828
13,0.0,-20%,fixed,reset,0.2,,15,0.0,0.0,0.1.0b1,042c345cfe16,1.1.0a5,0.8803842639919502,0.1808858087228436,197270.65324378456,197325.2374991633,0.00027669729116422105,True,0.05,0.12498980221970846,True,0.07341246151361477
13,0.0,-20%,fixed,carried,0.2,,15,0.0,0.0,0.1.0b1,042c345cfe16,1.1.0a5,0.7039384629738974,0.05308465936682814,197270.65324378456,197270.64411677007,-4.626645849832705e-08,True,0.05,5.618487132777062e-07,False,4.435570865154092e-07
13,0.0,+/-10%,rolling,reset,0.1,0.1,15,0.0,0.0,0.1.0b1,042c345cfe16,1.1.0a5,0.39910217492782646,0.14018849330810904,191842.55781850303,163783.6952879382,-0.14625984374703005,True,0.05,0.08333727858990095,True,0.0864802952382849
13,0.0,+/-10%,rolling,carried,0.1,0.1,15,0.0,0.0,0.1.0b1,042c345cfe16,1.1.0a5,0.356522740195095,0.15761484958019453,191842.55781850303,161217.93635736455,-0.15963413858415915,True,0.05,0.10278130959028631,True,0.10864834829135671
13,0.0,+/-10%,fixed,reset,0.1,0.1,15,0.0,0.0,0.1.0b1,042c345cfe16,1.1.0a5,0.11105986802249233,0.019923521770519568,191842.55781850303,192149.2311903967,0.0015985679891935612,False,0.05,0.028513967753666804,False,0.029698027133181495
13,0.0,+/-10%,fixed,carried,0.1,0.1,15,0.0,0.0,0.1.0b1,042c345cfe16,1.1.0a5,8.032911637858502e-06,3.4070154225232643e-06,191842.55781850303,191842.63937080628,4.25100166396867e-07,False,0.05,4.08745627318246e-06,False,4.050238036645173e-06
13,0.0,+/-20%,rolling,reset,0.2,0.2,15,0.0,0.0,0.1.0b1,042c345cfe16,1.1.0a5,0.48021203683378594,0.17031250268904943,193663.03288114286,166741.32954183163,-0.1390131246980622,True,0.05,0.1417344393911651,True,0.14760876126133393
13,0.0,+/-20%,rolling,carried,0.2,0.2,15,0.0,0.0,0.1.0b1,042c345cfe16,1.1.0a5,0.4173648165925152,0.23037976486377448,193663.03288114286,160618.90731763345,-0.17062691352040138,True,0.05,0.17862407023999877,True,0.19867585936971083
13,0.0,+/-20%,fixed,reset,0.2,0.2,15,0.0,0.0,0.1.0b1,042c345cfe16,1.1.0a5,0.04567283250467913,0.011491067401710735,193663.03288114286,193741.83944397888,0.0004069262040545761,False,0.05,0.016819496355925043,False,0.017701251551069355
13,0.0,+/-20%,fixed,carried,0.2,0.2,15,0.0,0.0,0.1.0b1,042c345cfe16,1.1.0a5,5.975646054333173e-06,1.781287053583655e-06,193663.03288114286,193663.0452237558,6.373241575769961e-08,False,0.05,2.4894598624617515e-06,False,2.749723935845417e-06
13,0.02,NHF,rolling,reset,,,15,0.0,0.0,0.1.0b1,042c345cfe16,1.1.0a5,0.28265270456766517,0.057306887915436346,184229.85012981584,182943.00330525587,-0.006985007172579257,True,0.05,0.01573431924366575,False,0.0135350183373279
13,0.02,NHF,rolling,carried,,,15,0.0,0.0,0.1.0b1,042c345cfe16,1.1.0a5,0.28265270456766517,0.057306887915436346,184229.85012981584,182943.00330525587,-0.006985007172579257,True,0.05,0.01573431924366575,False,0.0135350183373279
13,0.02,NHF,fixed,reset,,,15,0.0,0.0,0.1.0b1,042c345cfe16,1.1.0a5,2.8879659959239207e-16,1.9253106639492806e-17,184229.85012981584,184229.85012981584,0.0,False,0.05,0.0,False,0.0
13,0.02,NHF,fixed,carried,,,15,0.0,0.0,0.1.0b1,042c345cfe16,1.1.0a5,2.8879659959239207e-16,1.9253106639492806e-17,184229.85012981584,184229.85012981584,0.0,False,0.05,0.0,False,0.0
13,0.02,NDY,rolling,reset,0.0,,15,0.0,0.0,0.1.0b1,042c345cfe16,1.1.0a5,0.08579084411652667,0.054185772780719024,186615.28002986542,176503.38686875693,-0.054185772780718726,True,0.05,0.04847430793572944,False,0.04847430793572944
13,0.02,NDY,rolling,carried,0.0,,15,1.0,0.0,0.1.0b1,042c345cfe16,1.1.0a5,0.08122528343081376,0.05056334934070059,186615.28002986542,177179.3864334027,-0.050563349340700475,True,0.05,0.044672396193268155,False,0.04467239619326816
13,0.02,NDY,fixed,reset,0.0,,15,0.0,0.0,0.1.0b1,042c345cfe16,1.1.0a5,0.15507029711240752,0.018609820193992675,186615.28002986542,187354.9409756286,0.003963560463241798,False,0.05,0.0012022501807657125,False,0.0012022501807657127
13,0.02,NDY,fixed,carried,0.0,,15,0.0,0.07142857142857142,0.1.0b1,042c345cfe16,1.1.0a5,1.3773205918336998e-05,4.487204154194994e-06,186615.28002986542,186614.58609486578,-3.7185325849422023e-06,False,0.05,3.7996985269475742e-06,False,3.7996985269475747e-06
13,0.02,-10%,rolling,reset,0.1,,15,0.0,0.0,0.1.0b1,042c345cfe16,1.1.0a5,0.291759745412256,0.04556888804009526,184771.98067248924,180846.32560738048,-0.021245943518173542,False,0.05,0.02182423075913874,False,0.02154475290511662
13,0.02,-10%,rolling,carried,0.1,,15,0.0,0.0,0.1.0b1,042c345cfe16,1.1.0a5,0.2951419318676669,0.04723849041003347,184771.98067248924,181100.16995373386,-0.01987211862638262,False,0.05,0.019387480538502526,False,0.0191081255641888
13,0.02,-10%,fixed,reset,0.1,,15,0.0,0.0,0.1.0b1,042c345cfe16,1.1.0a5,0.061436917696671804,0.009305213849537562,184771.98067248924,185070.96598946507,0.0016181312550076704,False,0.05,0.005768752283006031,False,0.0047024932055511155
13,0.02,-10%,fixed,carried,0.1,,15,0.0,0.0,0.1.0b1,042c345cfe16,1.1.0a5,0.00020070549667869605,2.1554772260635144e-05,184771.98067248924,184773.44082664506,7.902465246667353e-06,False,0.05,1.1814644052507651e-06,False,1.1902654964522616e-06
13,0.02,-20%,rolling,reset,0.2,,15,0.0,0.0,0.1.0b1,042c345cfe16,1.1.0a5,0.2920688010409082,0.07465420595460998,184522.3575363089,180893.76531128984,-0.01966478357130819,True,0.05,0.04617546984912714,False,0.04602582828002333
13,0.02,-20%,rolling,carried,0.2,,15,0.0,0.0,0.1.0b1,042c345cfe16,1.1.0a5,0.2511579562366426,0.05554524732405386,184522.3575363089,181427.36802384068,-0.016772978373957824,True,0.05,0.02767890244552946,False,0.030092736243341068
13,0.02,-20%,fixed,reset,0.2,,15,0.0,0.0,0.1.0b1,042c345cfe16,1.1.0a5,0.06668735990417438,0.012885915524563326,184522.3575363089,184681.3262749399,0.0008615147820215522,False,0.05,0.013260013616002032,False,0.011550332211743768
13,0.02,-20%,fixed,carried,0.2,,15,0.0,0.07142857142857142,0.1.0b1,042c345cfe16,1.1.0a5,3.026308332878734e-05,3.951557848374966e-06,184522.3575363089,184522.43819074988,4.370984743986185e-07,False,0.05,2.9009872861194796e-06,False,2.4068891712881593e-06
13,0.02,+/-10%,rolling,reset,0.1,0.1,15,0.0,0.0,0.1.0b1,042c345cfe16,1.1.0a5,0.23456683600141234,0.03795437337072801,183894.8777202786,180304.62906603926,-0.01952337497785257,False,0.05,0.007843422668705174,False,0.007447261388182304
13,0.02,+/-10%,rolling,carried,0.1,0.1,15,0.0,0.0,0.1.0b1,042c345cfe16,1.1.0a5,0.2100439295342884,0.024446681101770628,183894.8777202786,180626.81805198686,-0.017771346917355494,False,0.05,0.005316187870374345,False,0.0048480313381768485
13,0.02,+/-10%,fixed,reset,0.1,0.1,15,0.0,0.0,0.1.0b1,042c345cfe16,1.1.0a5,1.7896648905154054e-09,3.5650595487524624e-10,183894.8777202786,183894.8777305507,5.585859582145423e-11,False,0.05,3.233292117423517e-10,False,3.018615823734107e-10
13,0.02,+/-10%,fixed,carried,0.1,0.1,15,0.0,0.0,0.1.0b1,042c345cfe16,1.1.0a5,1.7896648905154054e-09,4.4658650091399816e-10,183894.8777202786,183894.87770318953,-9.292847611697566e-11,False,0.05,3.5567721780371313e-10,False,3.288311459972621e-10
13,0.02,+/-20%,rolling,reset,0.2,0.2,15,0.0,0.0,0.1.0b1,042c345cfe16,1.1.0a5,0.2875724476122679,0.044047022695010825,183368.70256052303,180463.6122323818,-0.015842890785478358,False,0.05,0.009913476856141185,False,0.008594710269572514
13,0.02,+/-20%,rolling,carried,0.2,0.2,15,0.0,0.0,0.1.0b1,042c345cfe16,1.1.0a5,0.285965579659664,0.03691982904436862,183368.70256052303,180256.78033130823,-0.016970847182537472,False,0.05,0.012529966915444477,False,0.01181770588887158
13,0.02,+/-20%,fixed,reset,0.2,0.2,15,0.0,0.0,0.1.0b1,042c345cfe16,1.1.0a5,0.08694917358724776,0.022955699891341937,183368.70256052303,183525.47837580641,0.0008549758660785591,False,0.05,0.023557791781903942,False,0.021243812475330616
13,0.02,+/-20%,fixed,carried,0.2,0.2,15,0.0,0.0,0.1.0b1,042c345cfe16,1.1.0a5,1.6105594095984029e-06,5.48287349935768e-07,183368.70256052303,183368.70389182595,7.260251617833517e-09,False,0.05,6.284979953895704e-07,False,5.723952540906236e-07
13,0.04,NHF,rolling,reset,,,15,0.0,0.0,0.1.0b1,042c345cfe16,1.1.0a5,0.0,0.0,181609.97444495835,181609.97444495835,0.0,False,0.05,0.0,False,0.0
13,0.04,NHF,rolling,carried,,,15,0.0,0.0,0.1.0b1,042c345cfe16,1.1.0a5,0.0,0.0,181609.97444495835,181609.97444495835,0.0,False,0.05,0.0,False,0.0
13,0.04,NHF,fixed,reset,,,15,0.0,0.0,0.1.0b1,042c345cfe16,1.1.0a5,0.0,0.0,181609.97444495835,181609.97444495835,0.0,False,0.05,0.0,False,0.0
13,0.04,NHF,fixed,carried,,,15,0.0,0.0,0.1.0b1,042c345cfe16,1.1.0a5,0.0,0.0,181609.97444495835,181609.97444495835,0.0,False,0.05,0.0,False,0.0
13,0.04,NDY,rolling,reset,0.0,,15,0.0,0.0,0.1.0b1,042c345cfe16,1.1.0a5,0.0867187005554072,0.05510491298599615,184351.31396937888,174192.6508542422,-0.055104912985996124,True,0.05,0.0489673340332061,False,0.04896733403320609
13,0.04,NDY,rolling,carried,0.0,,15,1.0,0.0,0.1.0b1,042c345cfe16,1.1.0a5,0.07303734413491438,0.04276965657214814,184351.31396937888,176466.6715822843,-0.042769656572148124,False,0.05,0.03635921482150371,False,0.03635921482150371
13,0.04,NDY,fixed,reset,0.0,,15,0.0,0.0,0.1.0b1,042c345cfe16,1.1.0a5,0.010863968493920894,0.008512724314177428,184351.31396937888,182781.98205660123,-0.008512724314177211,False,0.05,0.008423499153130357,False,0.008423499153130355
13,0.04,NDY,fixed,carried,0.0,,15,0.0,0.07142857142857142,0.1.0b1,042c345cfe16,1.1.0a5,1.481472213274829e-05,7.90114625419263e-06,184351.31396937888,184349.85738268506,-7.901146254172895e-06,False,0.05,6.525894875613036e-06,False,6.5258948756130365e-06
13,0.04,-10%,rolling,reset,0.1,,15,0.0,0.0,0.1.0b1,042c345cfe16,1.1.0a5,0.06192934018590286,0.008258566835613029,179272.08672339047,178974.37199388692,-0.0016606864735329127,False,0.05,0.0033372484899394095,False,0.0032837183441105427
13,0.04,-10%,rolling,carried,0.1,,15,0.0,0.0,0.1.0b1,042c345cfe16,1.1.0a5,0.002490303133272746,0.0006458916711302545,179272.08672339047,179225.1098532372,-0.0002620423012410031,False,0.05,0.00016671517083180625,False,0.00017031636854098647
13,0.04,-10%,fixed,reset,0.1,,15,0.0,0.0,0.1.0b1,042c345cfe16,1.1.0a5,0.05777525936189357,0.012681882050387953,179272.08672339047,179339.88055251839,0.0003781616556542707,False,0.05,0.004863508048071735,False,0.0043977734138864995
13,0.04,-10%,fixed,carried,0.1,,15,0.0,0.0,0.1.0b1,042c345cfe16,1.1.0a5,9.055664546064243e-05,2.3665715408543256e-05,179272.08672339047,179271.51646312696,-3.180976324516499e-06,False,0.05,1.8604602270780198e-05,False,1.7253090893694032e-05
13,0.04,-20%,rolling,reset,0.2,,15,0.0,0.0,0.1.0b1,042c345cfe16,1.1.0a5,0.031353115335627235,0.0066271697659445504,180294.6398407907,179789.9629667236,-0.0027991784698245367,False,0.05,0.0009395503253866296,False,0.0009973000284229164
13,0.04,-20%,rolling,carried,0.2,,15,0.0,0.0,0.1.0b1,042c345cfe16,1.1.0a5,0.031353115335627235,0.005011868118021847,180294.6398407907,179668.49175372205,-0.003472915709649411,False,0.05,0.0005646854898433181,False,0.0006074753042350526
13,0.04,-20%,fixed,reset,0.2,,15,0.0,0.0,0.1.0b1,042c345cfe16,1.1.0a5,0.012671160068830003,0.0023382682323949268,180294.6398407907,180304.14648743684,5.2728393115421245e-05,False,0.05,0.0016890817202666927,False,0.0017953504821112977
13,0.04,-20%,fixed,carried,0.2,,15,0.0,0.0,0.1.0b1,042c345cfe16,1.1.0a5,2.8119300391202594e-05,3.4022234405071814e-06,180294.6398407907,180294.64675290542,3.833788245702859e-08,False,0.05,1.943549725557735e-06,False,2.0040401116463388e-06
13,0.04,+/-10%,rolling,reset,0.1,0.1,15,0.0,0.0,0.1.0b1,042c345cfe16,1.1.0a5,0.04633200981471448,0.01111114217674286,180228.7436323475,179450.93754074618,-0.004315660620638756,False,0.05,0.00925630114344729,False,0.009282742702604456
13,0.04,+/-10%,rolling,carried,0.1,0.1,15,0.0,0.0,0.1.0b1,042c345cfe16,1.1.0a5,0.007232392309630863,0.0018783259763801307,180228.7436323475,179932.94020694355,-0.0016412666450550636,False,0.05,0.0004324131847666847,False,0.00043058267455784116
13,0.04,+/-10%,fixed,reset,0.1,0.1,15,0.0,0.0,0.1.0b1,042c345cfe16,1.1.0a5,0.04907484349630837,0.015610371927968525,180228.7436323475,180195.6470971671,-0.0001836362752875793,False,0.05,0.009400141155031117,False,0.009433073924621902
13,0.04,+/-10%,fixed,carried,0.1,0.1,15,0.0,0.0,0.1.0b1,042c345cfe16,1.1.0a5,5.243538618711941e-06,2.3153198856484233e-06,180228.7436323475,180228.83424888016,5.027862417133329e-07,False,0.05,1.6999952947745366e-06,False,1.7316399148493282e-06
13,0.04,+/-20%,rolling,reset,0.2,0.2,15,0.0,0.0,0.1.0b1,042c345cfe16,1.1.0a5,0.12016108341182033,0.03783446437359721,180737.12701663614,179063.8234796212,-0.00925821697310099,False,0.05,0.01897649738936063,False,0.019929885786838505
13,0.04,+/-20%,rolling,carried,0.2,0.2,15,0.0,0.0,0.1.0b1,042c345cfe16,1.1.0a5,0.06525708635806864,0.010255340602913492,180737.12701663614,179251.1541820617,-0.008221735396057608,False,0.05,0.0006897769874565132,False,0.0006771465885352279
13,0.04,+/-20%,fixed,reset,0.2,0.2,15,0.0,0.0,0.1.0b1,042c345cfe16,1.1.0a5,0.08575111952975795,0.023599577350682844,180737.12701663614,180038.03188356894,-0.0038680217208656143,False,0.05,0.011792770786240208,False,0.012963359452224573
13,0.04,+/-20%,fixed,carried,0.2,0.2,15,0.0,0.0,0.1.0b1,042c345cfe16,1.1.0a5,0.00011148521939916628,4.314105521711707e-05,180737.12701663614,180734.83684264112,-1.2671297994057072e-05,False,0.05,2.0341233854660843e-05,False,1.9929559847052223e-05
13,0.06,NHF,rolling,reset,,,15,0.0,0.0,0.1.0b1,042c345cfe16,1.1.0a5,0.0,0.0,181609.97444495835,181609.97444495835,0.0,False,0.05,0.0,False,0.0
13,0.06,NHF,rolling,carried,,,15,0.0,0.0,0.1.0b1,042c345cfe16,1.1.0a5,0.0,0.0,181609.97444495835,181609.97444495835,0.0,False,0.05,0.0,False,0.0
13,0.06,NHF,fixed,reset,,,15,0.0,0.0,0.1.0b1,042c345cfe16,1.1.0a5,0.0,0.0,181609.97444495835,181609.97444495835,0.0,False,0.05,0.0,False,0.0
13,0.06,NHF,fixed,carried,,,15,0.0,0.0,0.1.0b1,042c345cfe16,1.1.0a5,0.0,0.0,181609.97444495835,181609.97444495835,0.0,False,0.05,0.0,False,0.0
13,0.06,NDY,rolling,reset,0.0,,15,0.0,0.0,0.1.0b1,042c345cfe16,1.1.0a5,0.07801209093952075,0.05053797548944157,182286.25142375182,173073.87331723608,-0.050537975489441486,True,0.05,0.04498756495579382,False,0.04498756495579382
13,0.06,NDY,rolling,carried,0.0,,15,1.0,0.0,0.1.0b1,042c345cfe16,1.1.0a5,0.06482973034519236,0.03723589224289003,182286.25142375182,175498.66020837665,-0.037235892242889965,False,0.05,0.030986380421579446,False,0.030986380421579442
13,0.06,NDY,fixed,reset,0.0,,15,0.0,0.0,0.1.0b1,042c345cfe16,1.1.0a5,0.01834769331774496,0.01398061735119658,182286.25142375182,179737.77709421233,-0.013980617351196583,False,0.05,0.013719625456990256,False,0.013719625456990256
13,0.06,NDY,fixed,carried,0.0,,15,0.0,0.07142857142857142,0.1.0b1,042c345cfe16,1.1.0a5,1.5362977221553992e-05,6.943219533612598e-06,182286.25142375182,182284.98577029022,-6.943219533622578e-06,False,0.05,6.142294809751321e-06,False,6.1422948097513205e-06
13,0.06,-10%,rolling,reset,0.1,,15,0.0,0.0,0.1.0b1,042c345cfe16,1.1.0a5,0.02764998867708898,0.007782286486925528,179421.30953098298,179135.8275869321,-0.0015911261867229594,False,0.05,0.007146224226954387,False,0.00757264871878786
13,0.06,-10%,rolling,carried,0.1,,15,0.0,0.07142857142857142,0.1.0b1,042c345cfe16,1.1.0a5,0.0019625266221692276,0.0002572785040072179,179421.30953098298,179416.80827991082,-2.508760572489237e-05,False,0.05,1.3114295527103523e-05,False,1.37345984426587e-05
13,0.06,-10%,fixed,reset,0.1,,15,0.0,0.0,0.1.0b1,042c345cfe16,1.1.0a5,0.025123340249291873,0.0065769002308162005,179421.30953098298,179317.94668764516,-0.000576090117768141,False,0.05,0.007146224226954367,False,0.007572648718787846
13,0.06,-10%,fixed,carried,0.1,,15,0.0,0.07142857142857142,0.1.0b1,042c345cfe16,1.1.0a5,0.002682495637335994,0.0003513639043713507,179421.30953098298,179415.26790124617,-3.367286613055967e-05,False,0.05,1.70882472620885e-05,False,1.783711695467891e-05
13,0.06,-20%,rolling,reset,0.2,,15,0.0,0.0,0.1.0b1,042c345cfe16,1.1.0a5,0.07770777346045211,0.013070785360542105,179631.87743386693,179181.1006599283,-0.0025094475456037897,False,0.05,0.009784446078126587,False,0.010628291415217471
13,0.06,-20%,rolling,carried,0.2,,15,0.0,0.07142857142857142,0.1.0b1,042c345cfe16,1.1.0a5,0.0004143171770686522,4.488467579120849e-05,179631.87743386693,179630.13490953657,-9.700529523220316e-06,False,0.05,1.9868688892931344e-05,False,2.1298159732439127e-05
13,0.06,-20%,fixed,reset,0.2,,15,0.0,0.0,0.1.0b1,042c345cfe16,1.1.0a5,0.07770777346045211,0.01311872728153351,179631.87743386693,179188.84193987557,-0.00246635229960492,False,0.05,0.00983238797296471,False,0.010676297919216263
13,0.06,-20%,fixed,carried,0.2,,15,0.0,0.07142857142857142,0.1.0b1,042c345cfe16,1.1.0a5,0.0004143171770686522,4.508473364450395e-05,179631.87743386693,179630.1660411597,-9.527221624962284e-06,False,0.05,2.0068738335247797e-05,False,2.1491211048620926e-05
13,0.06,+/-10%,rolling,reset,0.1,0.1,15,0.0,0.0,0.1.0b1,042c345cfe16,1.1.0a5,0.10332107683310458,0.030864115037268693,180309.85676836644,178711.6240716405,-0.00886381213634435,False,0.05,0.0272418362379782,False,0.02810087344658196
13,0.06,+/-10%,rolling,carried,0.1,0.1,15,0.0,0.0,0.1.0b1,042c345cfe16,1.1.0a5,0.016904052734757376,0.003610585116351904,180309.85676836644,179837.6380995271,-0.0026189287557694257,False,0.05,0.0001733284263437024,False,0.00018825879935412918
13,0.06,+/-10%,fixed,reset,0.1,0.1,15,0.0,0.0,0.1.0b1,042c345cfe16,1.1.0a5,0.10519771932764428,0.02678122739218643,180309.85676836644,179795.83173714063,-0.002850787197319734,False,0.05,0.026756897019103793,False,0.027706108885200156
13,0.06,+/-10%,fixed,carried,0.1,0.1,15,0.0,0.0,0.1.0b1,042c345cfe16,1.1.0a5,7.478583661941037e-05,2.3756412992107636e-05,180309.85676836644,180308.8697309692,-5.474117804439757e-06,False,0.05,7.449475190450168e-06,False,7.95238447301762e-06
13,0.06,+/-20%,rolling,reset,0.2,0.2,15,0.0,0.0,0.1.0b1,042c345cfe16,1.1.0a5,0.18515899192370103,0.04401546502944149,179482.2715928706,178674.61202873202,-0.004499940617927006,False,0.05,0.047383654494779825,False,0.05375105234811399
13,0.06,+/-20%,rolling,carried,0.2,0.2,15,0.0,0.0,0.1.0b1,042c345cfe16,1.1.0a5,0.05668405607491961,0.007761391084201776,179482.2715928706,178359.87409539774,-0.006253528482294025,False,0.05,0.00019756636109008325,False,0.00021444983524746903
13,0.06,+/-20%,fixed,reset,0.2,0.2,15,0.0,0.0,0.1.0b1,042c345cfe16,1.1.0a5,0.1853344304789439,0.04108270746820453,179482.2715928706,178590.66946677037,-0.004967633394582205,False,0.05,0.0473616897802957,False,0.05373796076658197
13,0.06,+/-20%,fixed,carried,0.2,0.2,15,0.0,0.0,0.1.0b1,042c345cfe16,1.1.0a5,9.425923391043713e-05,1.077718707698001e-05,179482.2715928706,179481.82924368107,-2.4645843045571998e-06,False,0.05,4.826586048120625e-06,False,5.155205273183672e-06
14,0.0,NHF,rolling,reset,,,15,0.0,0.0,0.1.0b1,042c345cfe16,1.1.0a5,1.0,0.5871851658034136,195490.5682125547,131583.42425338685,-0.32690653336115083,True,0.05,0.5512555394051857,True,0.5826411800363419
14,0.0,NHF,rolling,carried,,,15,0.0,0.0,0.1.0b1,042c345cfe16,1.1.0a5,1.0,0.5871851658034136,195490.5682125547,131583.42425338685,-0.32690653336115083,True,0.05,0.5512555394051857,True,0.5826411800363419
14,0.0,NHF,fixed,reset,,,15,0.0,0.0,0.1.0b1,042c345cfe16,1.1.0a5,3.184027800202287e-16,4.1109250140444645e-17,195490.5682125547,195490.56821255467,-1.4887588042145048e-16,False,0.05,4.464613985246623e-17,False,5.487625870244605e-17
14,0.0,NHF,fixed,carried,,,15,0.0,0.0,0.1.0b1,042c345cfe16,1.1.0a5,3.184027800202287e-16,4.1109250140444645e-17,195490.5682125547,195490.56821255467,-1.4887588042145048e-16,False,0.05,4.464613985246623e-17,False,5.487625870244605e-17
14,0.0,NDY,rolling,reset,0.0,,15,0.0,0.0,0.1.0b1,042c345cfe16,1.1.0a5,0.7624714813043723,0.10519429143575716,193774.50638199164,153046.73074651146,-0.21018128956134552,True,0.05,0.054902406271082525,True,0.054902406271082525
14,0.0,NDY,rolling,carried,0.0,,15,0.0,0.0,0.1.0b1,042c345cfe16,1.1.0a5,0.7403583679872046,0.04936329117488093,193774.50638199164,162821.73152995622,-0.15973605315767175,False,0.05,5.499983500485023e-06,False,5.4999835004850235e-06
14,0.0,NDY,fixed,reset,0.0,,15,0.0,0.0,0.1.0b1,042c345cfe16,1.1.0a5,0.7900235850468619,0.19279530669669823,193774.50638199164,193962.0743148773,0.0009679701235615977,True,0.05,0.1671260511172584,True,0.16712605111725837
14,0.0,NDY,fixed,carried,0.0,,15,0.0,0.0,0.1.0b1,042c345cfe16,1.1.0a5,2.3604188708594418e-05,7.240330236595743e-06,193774.50638199164,193774.57054239977,3.311086134598653e-07,False,0.05,5.200039492150488e-06,False,5.200039492150487e-06
14,0.0,-10%,rolling,reset,0.1,,15,0.0,0.0,0.1.0b1,042c345cfe16,1.1.0a5,0.7993329824928187,0.2650597982019263,195927.62289533246,151816.3841270624,-0.22514047849105465,True,0.05,0.21985672818943386,True,0.26884740008960595
14,0.0,-10%,rolling,carried,0.1,,15,0.0,0.0,0.1.0b1,042c345cfe16,1.1.0a5,0.8318162974370726,0.24453887114092038,195927.62289533246,149793.21600778628,-0.23546657794236542,True,0.05,0.22911898885515872,True,0.30311708755260547
14,0.0,-10%,fixed,reset,0.1,,15,0.0,0.0,0.1.0b1,042c345cfe16,1.1.0a5,0.9407122935810396,0.197018730497849,195927.62289533246,195945.8802798036,9.318433103678801e-05,True,0.05,0.17876636192157305,True,0.12756450869051428
14,0.0,-10%,fixed,carried,0.1,,15,0.0,0.0,0.1.0b1,042c345cfe16,1.1.0a5,3.074330578236942e-06,1.408842927809955e-06,195927.62289533246,195927.6108638618,-6.140773046935296e-08,False,0.05,1.136003929167345e-06,False,1.1108026613813264e-06
14,0.0,-20%,rolling,reset,0.2,,15,0.0,0.0,0.1.0b1,042c345cfe16,1.1.0a5,0.858449877640714,0.32910370934198563,195262.8388947455,146464.49976699986,-0.2499110399293637,True,0.05,0.2888473155715822,True,0.32788291272509673
14,0.0,-20%,rolling,carried,0.2,,15,0.0,0.0,0.1.0b1,042c345cfe16,1.1.0a5,0.8466064650165058,0.30371727887113953,195262.8388947455,149011.2129190605,-0.23686855234454773,True,0.05,0.27403688419625183,True,0.3223082164374098
14,0.0,-20%,fixed,reset,0.2,,15,0.0,0.0,0.1.0b1,042c345cfe16,1.1.0a5,0.8182535083053222,0.18069451668586095,195262.8388947455,195377.90067959484,0.0005892661681076471,True,0.05,0.1293292707801232,True,0.07245755189386383
14,0.0,-20%,fixed,carried,0.2,,15,0.0,0.0,0.1.0b1,042c345cfe16,1.1.0a5,0.6599766136150012,0.04878483116467455,195262.8388947455,195262.83880828824,-4.4277377780556314e-10,False,0.05,2.251941304795405e-07,False,1.2107207667808767e-07
14,0.0,+/-10%,rolling,reset,0.1,0.1,15,0.0,0.0,0.1.0b1,042c345cfe16,1.1.0a5,0.40120696124104493,0.1307381985723201,189245.92939293914,164699.39457386284,-0.1297070689859295,True,0.05,0.08000968923351828,True,0.08375675110086037
14,0.0,+/-10%,rolling,carried,0.1,0.1,15,0.0,0.0,0.1.0b1,042c345cfe16,1.1.0a5,0.39575519516910584,0.13984733337282615,189245.92939293914,163558.49631632608,-0.13573572313556706,True,0.05,0.08271856525198143,True,0.0877964616285845
14,0.0,+/-10%,fixed,reset,0.1,0.1,15,0.0,0.0,0.1.0b1,042c345cfe16,1.1.0a5,0.10657528472427087,0.022287307507589917,189245.92939293914,189498.76889187438,0.0013360366574134185,False,0.05,0.0303956247914265,False,0.031525291561876154
14,0.0,+/-10%,fixed,carried,0.1,0.1,15,0.0,0.0,0.1.0b1,042c345cfe16,1.1.0a5,3.0669758404277475e-06,9.761014309075075e-07,189245.92939293914,189246.00798465722,4.1528881666623445e-07,False,0.05,9.71532921309556e-07,False,9.600880176015139e-07
14,0.0,+/-20%,rolling,reset,0.2,0.2,15,0.0,0.0,0.1.0b1,042c345cfe16,1.1.0a5,0.4801541615418699,0.16900389882654696,190903.85480490385,167721.58227830852,-0.12143428193362933,True,0.05,0.13058416912589005,True,0.14016653174770438
14,0.0,+/-20%,rolling,carried,0.2,0.2,15,0.0,0.0,0.1.0b1,042c345cfe16,1.1.0a5,0.4134970187892163,0.19840466282243577,190903.85480490385,163835.54884052192,-0.14179025348673374,True,0.05,0.15444428518107872,True,0.17288735599651692
14,0.0,+/-20%,fixed,reset,0.2,0.2,15,0.0,0.0,0.1.0b1,042c345cfe16,1.1.0a5,0.08995987803423708,0.013192865854051657,190903.85480490385,191036.85870359192,0.0006967061970749247,False,0.05,0.019258476380006398,False,0.02210475892752473
14,0.0,+/-20%,fixed,carried,0.2,0.2,15,0.0,0.0,0.1.0b1,042c345cfe16,1.1.0a5,1.0885444565163303e-05,1.8509647006651733e-06,190903.85480490385,190903.90227343884,2.486515269134993e-07,False,0.05,2.4529572131808387e-06,False,2.84072803881772e-06
14,0.02,NHF,rolling,reset,,,15,0.0,0.0,0.1.0b1,042c345cfe16,1.1.0a5,0.30651909149608964,0.057633640970321066,181782.29656870686,180436.80971551186,-0.00740163854562406,True,0.05,0.03491681117008948,False,0.02880245067067446
14,0.02,NHF,rolling,carried,,,15,0.0,0.0,0.1.0b1,042c345cfe16,1.1.0a5,0.30651909149608964,0.057633640970321066,181782.29656870686,180436.80971551186,-0.00740163854562406,True,0.05,0.03491681117008948,False,0.02880245067067446
14,0.02,NHF,fixed,reset,,,15,0.0,0.0,0.1.0b1,042c345cfe16,1.1.0a5,1.1408375982013038e-16,7.605583988008692e-18,181782.29656870686,181782.29656870686,0.0,False,0.05,1.1408375982013039e-17,False,1.8595236108727477e-17
14,0.02,NHF,fixed,carried,,,15,0.0,0.0,0.1.0b1,042c345cfe16,1.1.0a5,1.1408375982013038e-16,7.605583988008692e-18,181782.29656870686,181782.29656870686,0.0,False,0.05,1.1408375982013039e-17,False,1.8595236108727477e-17
14,0.02,NDY,rolling,reset,0.0,,15,0.0,0.0,0.1.0b1,042c345cfe16,1.1.0a5,0.08210747150891866,0.050889488457959466,183814.7994161186,174460.55830282997,-0.050889488457959015,True,0.05,0.044972101998857164,False,0.044972101998857164
14,0.02,NDY,rolling,carried,0.0,,15,1.0,0.0,0.1.0b1,042c345cfe16,1.1.0a5,0.0794122177702973,0.04827517537879327,183814.7994161186,174941.10773708782,-0.04827517537879295,False,0.05,0.04205778029116338,False,0.042057780291163374
14,0.02,NDY,fixed,reset,0.0,,15,0.0,0.0,0.1.0b1,042c345cfe16,1.1.0a5,0.14414201423465742,0.02019384687603246,183814.7994161186,184675.39971717552,0.004681887986117511,False,0.05,0.0012422336015700441,False,0.0012422336015700444
14,0.02,NDY,fixed,carried,0.0,,15,0.0,0.07142857142857142,0.1.0b1,042c345cfe16,1.1.0a5,0.00016721141764960298,1.776482622351757e-05,183814.7994161186,183815.6604018811,4.683984995945743e-06,False,0.05,5.641342457590497e-06,False,5.641342572648584e-06
14,0.02,-10%,rolling,reset,0.1,,15,0.0,0.0,0.1.0b1,042c345cfe16,1.1.0a5,0.25246792240285354,0.027514008111870193,181593.085936853,178442.02761420226,-0.01735230340072791,False,0.05,0.005579814483558054,False,0.005320391150086684
14,0.02,-10%,rolling,carried,0.1,,15,0.0,0.0,0.1.0b1,042c345cfe16,1.1.0a5,0.23980794472521308,0.024845428500602593,181593.085936853,178857.7253473531,-0.015063131811368067,False,0.05,0.0020347328964777076,False,0.001995553256173605
14,0.02,-10%,fixed,reset,0.1,,15,0.0,0.0,0.1.0b1,042c345cfe16,1.1.0a5,0.1471764700821379,0.019015786931166144,181593.085936853,181945.62711760588,0.0019413799756422417,False,0.05,0.0024262948914840947,False,0.0020163055214632237
14,0.02,-10%,fixed,carried,0.1,,15,0.0,0.0,0.1.0b1,042c345cfe16,1.1.0a5,0.00039454073381698664,4.3864926768717763e-05,181593.085936853,181593.66438157833,3.1853895887876254e-06,False,0.05,7.479497592461615e-06,False,7.3425957400078215e-06
14,0.02,-20%,rolling,reset,0.2,,15,0.0,0.0,0.1.0b1,042c345cfe16,1.1.0a5,0.27908117274088057,0.03928574121822839,182335.08504116506,178888.30290141352,-0.018903559558893286,False,0.05,0.013079978707180879,False,0.012666796954117373
14,0.02,-20%,rolling,carried,0.2,,15,0.0,0.0,0.1.0b1,042c345cfe16,1.1.0a5,0.2824009975355813,0.03527516837760469,182335.08504116506,178872.44945182087,-0.018990506344746808,False,0.05,0.011508297892512991,False,0.012279602648350459
14,0.02,-20%,fixed,reset,0.2,,15,0.0,0.0,0.1.0b1,042c345cfe16,1.1.0a5,0.09233014444066182,0.012631501518727195,182335.08504116506,182488.24421188334,0.0008399873819331228,False,0.05,0.0005926564099715925,False,0.0005296885350684839
14,0.02,-20%,fixed,carried,0.2,,15,0.0,0.0,0.1.0b1,042c345cfe16,1.1.0a5,0.0006640561161668882,0.00013426991132467307,182335.08504116506,182334.7027177149,-2.0968177905016243e-06,False,0.05,5.872613257414455e-05,False,5.2349628174339493e-05
14,0.02,+/-10%,rolling,reset,0.1,0.1,15,0.0,0.0,0.1.0b1,042c345cfe16,1.1.0a5,0.17532301652038776,0.0274772676027553,180578.2119812108,177831.18804020554,-0.015212377566852243,False,0.05,0.0044083821706779385,False,0.004232781423826199
14,0.02,+/-10%,rolling,carried,0.1,0.1,15,0.0,0.0,0.1.0b1,042c345cfe16,1.1.0a5,0.17460812284920868,0.014930372209160077,180578.2119812108,178259.03751044074,-0.012843047039425593,False,0.05,0.0016407133311063236,False,0.0015727584224498655
14,0.02,+/-10%,fixed,reset,0.1,0.1,15,0.0,0.0,0.1.0b1,042c345cfe16,1.1.0a5,0.013696098707714332,0.0017146047921549196,180578.2119812108,180641.3200014966,0.00034947749007715415,False,0.05,0.002378648139011619,False,0.002310829804977848
14,0.02,+/-10%,fixed,carried,0.1,0.1,15,0.0,0.0,0.1.0b1,042c345cfe16,1.1.0a5,2.7829311456038078e-05,1.0974160002963798e-05,180578.2119812108,180578.26637370506,3.01212940722463e-07,False,0.05,9.548811397246315e-06,False,9.14923351711401e-06
14,0.02,+/-20%,rolling,reset,0.2,0.2,15,0.0,0.0,0.1.0b1,042c345cfe16,1.1.0a5,0.22278107010263531,0.03576755981917482,180585.23066669022,177072.3734136127,-0.01945262766012841,False,0.05,0.008037337689277776,False,0.007496792400249362
14,0.02,+/-20%,rolling,carried,0.2,0.2,15,0.0,0.0,0.1.0b1,042c345cfe16,1.1.0a5,0.2257218928439567,0.032729578067221404,180585.23066669022,177009.68389154653,-0.019799774111888137,False,0.05,0.013305157365842465,False,0.012918429912104984
14,0.02,+/-20%,fixed,reset,0.2,0.2,15,0.0,0.0,0.1.0b1,042c345cfe16,1.1.0a5,0.06399099633659752,0.010494456110126383,180585.23066669022,180387.4388774608,-0.0010952822027537488,False,0.05,0.0140490887219369,False,0.016113091451386737
14,0.02,+/-20%,fixed,carried,0.2,0.2,15,0.0,0.0,0.1.0b1,042c345cfe16,1.1.0a5,0.0006741418096879497,0.0001086124847847342,180585.23066669022,180583.41232827478,-1.0069142469331188e-05,False,0.05,6.918491510435139e-05,False,5.705074698886617e-05
14,0.04,NHF,rolling,reset,,,15,0.0,0.0,0.1.0b1,042c345cfe16,1.1.0a5,1.2200974791168792e-16,8.133983194112528e-18,180056.42276201188,180056.42276201188,0.0,False,0.05,0.0,False,0.0
14,0.04,NHF,rolling,carried,,,15,0.0,0.0,0.1.0b1,042c345cfe16,1.1.0a5,1.2200974791168792e-16,8.133983194112528e-18,180056.42276201188,180056.42276201188,0.0,False,0.05,0.0,False,0.0
14,0.04,NHF,fixed,reset,,,15,0.0,0.0,0.1.0b1,042c345cfe16,1.1.0a5,1.2200974791168792e-16,8.133983194112528e-18,180056.42276201188,180056.42276201188,0.0,False,0.05,0.0,False,0.0
14,0.04,NHF,fixed,carried,,,15,0.0,0.0,0.1.0b1,042c345cfe16,1.1.0a5,1.2200974791168792e-16,8.133983194112528e-18,180056.42276201188,180056.42276201188,0.0,False,0.05,0.0,False,0.0
14,0.04,NDY,rolling,reset,0.0,,15,0.0,0.0,0.1.0b1,042c345cfe16,1.1.0a5,0.08551579826854412,0.0560135588336583,181951.31564295987,171759.57491933138,-0.05601355883365845,True,0.05,0.05088736351001768,True,0.050887363510017686
14,0.04,NDY,rolling,carried,0.0,,15,1.0,0.0,0.1.0b1,042c345cfe16,1.1.0a5,0.07121797959365253,0.04184836330554344,181951.31564295987,174336.95088201165,-0.04184836330554363,False,0.05,0.03561618705797158,False,0.035616187057971586
14,0.04,NDY,fixed,reset,0.0,,15,0.0,0.0,0.1.0b1,042c345cfe16,1.1.0a5,0.012055407374017781,0.009576347769955263,181951.31564295987,180208.88656716197,-0.009576347769955364,False,0.05,0.009588842898836542,False,0.009588842898836542
14,0.04,NDY,fixed,carried,0.0,,15,0.0,0.07142857142857142,0.1.0b1,042c345cfe16,1.1.0a5,7.693890765029355e-06,2.8578276592187895e-06,181951.31564295987,181951.83563091693,2.8578411495395516e-06,False,0.05,3.7684050624842637e-06,False,3.768424362875806e-06
14,0.04,-10%,rolling,reset,0.1,,15,0.0,0.0,0.1.0b1,042c345cfe16,1.1.0a5,0.07706592702475809,0.012822850446461925,178134.6438705563,177085.14567702683,-0.005891600705655517,False,0.05,0.0031738730745796543,False,0.0030914656226421425
14,0.04,-10%,rolling,carried,0.1,,15,0.0,0.0,0.1.0b1,042c345cfe16,1.1.0a5,0.044145798898371225,0.006639155221730644,178134.6438705563,177597.47288298543,-0.0030155335082444933,False,0.05,0.002700616712265674,False,0.00266412027822251
14,0.04,-10%,fixed,reset,0.1,,15,0.0,0.0,0.1.0b1,042c345cfe16,1.1.0a5,0.03557521852292624,0.007481767190213585,178134.6438705563,177802.29383145372,-0.0018657237687245152,False,0.05,0.0021513185847923636,False,0.0021674836412962414
14,0.04,-10%,fixed,carried,0.1,,15,0.0,0.0,0.1.0b1,042c345cfe16,1.1.0a5,0.00024304761963366174,3.452385789326222e-05,178134.6438705563,178134.02331629884,-3.4836247681115572e-06,False,0.05,7.5403826640264525e-06,False,7.426899773278009e-06
14,0.04,-20%,rolling,reset,0.2,,15,0.0,0.0,0.1.0b1,042c345cfe16,1.1.0a5,0.058036041961539754,0.008624815535411928,177542.91832459182,177706.08775671723,0.000919042188025151,False,0.05,0.0004100839639919092,False,0.0003776842659081521
14,0.04,-20%,rolling,carried,0.2,,15,0.0,0.0,0.1.0b1,042c345cfe16,1.1.0a5,0.026911357746248806,0.0036661370398149962,177542.91832459182,177577.85164674776,0.0001967598735313611,False,0.05,8.621790443456747e-05,False,8.135279089973774e-05
14,0.04,-20%,fixed,reset,0.2,,15,0.0,0.0,0.1.0b1,042c345cfe16,1.1.0a5,0.030137359791245332,0.004944526285714081,177542.91832459182,177683.41848092663,0.000791358831209119,False,0.05,0.00018497586360418446,False,0.0001867629211751046
14,0.04,-20%,fixed,carried,0.2,,15,0.0,0.0,0.1.0b1,042c345cfe16,1.1.0a5,0.00011078799638253335,1.5466393534769022e-05,177542.91832459182,177543.00403908524,4.827818209894322e-07,False,0.05,1.0285403307826207e-06,False,1.0050140286217234e-06
14,0.04,+/-10%,rolling,reset,0.1,0.1,15,0.0,0.0,0.1.0b1,042c345cfe16,1.1.0a5,0.049980871575478224,0.008836469037484113,178173.00934900306,177377.3909272656,-0.004465426186853063,False,0.05,0.0016267542013172925,False,0.0016097390535977358
14,0.04,+/-10%,rolling,carried,0.1,0.1,15,0.0,0.0,0.1.0b1,042c345cfe16,1.1.0a5,0.04020580759381149,0.0032440376996786028,178173.00934900306,177741.79972290038,-0.0024201736709628476,False,0.05,0.00014638932179775397,False,0.00013981808790282992
14,0.04,+/-10%,fixed,reset,0.1,0.1,15,0.0,0.0,0.1.0b1,042c345cfe16,1.1.0a5,0.04791930825644658,0.00628483515493995,178173.00934900306,177748.13231221773,-0.002384631871784153,False,0.05,0.002011784410234247,False,0.001964807989027306
14,0.04,+/-10%,fixed,carried,0.1,0.1,15,0.0,0.0,0.1.0b1,042c345cfe16,1.1.0a5,8.18664294465299e-05,8.31925137842696e-06,178173.00934900306,178172.1882017085,-4.608707556603451e-06,False,0.05,1.9193545505475173e-06,False,1.8984728841072405e-06
14,0.04,+/-20%,rolling,reset,0.2,0.2,15,0.0,0.0,0.1.0b1,042c345cfe16,1.1.0a5,0.1965539057844066,0.062169058221486266,178097.00063600333,176024.60722207135,-0.011636318447426054,True,0.05,0.06806529984922857,True,0.08198165482861139
14,0.04,+/-20%,rolling,carried,0.2,0.2,15,0.0,0.0,0.1.0b1,042c345cfe16,1.1.0a5,0.11582563356693672,0.008256106320015002,178097.00063600333,176869.81199657367,-0.006890563204586482,False,0.05,0.00011230864381344063,False,0.00010849041964990081
14,0.04,+/-20%,fixed,reset,0.2,0.2,15,0.0,0.0,0.1.0b1,042c345cfe16,1.1.0a5,0.18711286655270729,0.07212217084771025,178097.00063600333,177414.84347154573,-0.003830256332344439,True,0.05,0.07108982485255351,True,0.08520512877398878
14,0.04,+/-20%,fixed,carried,0.2,0.2,15,0.0,0.0,0.1.0b1,042c345cfe16,1.1.0a5,2.3806099679940912e-05,6.064001905396603e-06,178097.00063600333,178096.8408259999,-8.973200157575921e-07,False,0.05,2.940920375756777e-06,False,3.05352481734675e-06
14,0.06,NHF,rolling,reset,,,15,0.0,0.0,0.1.0b1,042c345cfe16,1.1.0a5,1.2200974791168792e-16,8.133983194112528e-18,180056.42276201188,180056.42276201188,0.0,False,0.05,0.0,False,0.0
14,0.06,NHF,rolling,carried,,,15,0.0,0.0,0.1.0b1,042c345cfe16,1.1.0a5,1.2200974791168792e-16,8.133983194112528e-18,180056.42276201188,180056.42276201188,0.0,False,0.05,0.0,False,0.0
14,0.06,NHF,fixed,reset,,,15,0.0,0.0,0.1.0b1,042c345cfe16,1.1.0a5,1.2200974791168792e-16,8.133983194112528e-18,180056.42276201188,180056.42276201188,0.0,False,0.05,0.0,False,0.0
14,0.06,NHF,fixed,carried,,,15,0.0,0.0,0.1.0b1,042c345cfe16,1.1.0a5,1.2200974791168792e-16,8.133983194112528e-18,180056.42276201188,180056.42276201188,0.0,False,0.05,0.0,False,0.0
14,0.06,NDY,rolling,reset,0.0,,15,0.0,0.0,0.1.0b1,042c345cfe16,1.1.0a5,0.07672215943869878,0.04988254763888799,179726.77762671138,170761.54807976316,-0.049882547638887775,False,0.05,0.04456248650141028,False,0.044562486501410266
14,0.06,NDY,rolling,carried,0.0,,15,1.0,0.0,0.1.0b1,042c345cfe16,1.1.0a5,0.06483425477633437,0.03724547161615533,179726.77762671138,173032.76903195266,-0.037245471616155226,False,0.05,0.03099930409967359,False,0.030999304099673587
14,0.06,NDY,fixed,reset,0.0,,15,0.0,0.0,0.1.0b1,042c345cfe16,1.1.0a5,0.020527937861296856,0.014368861215298236,179726.77762671138,177144.30850232046,-0.014368861215297872,False,0.05,0.013632025942330187,False,0.013632025942330183
14,0.06,NDY,fixed,carried,0.0,,15,0.0,0.14285714285714285,0.1.0b1,042c345cfe16,1.1.0a5,1.599966341679866e-05,8.614889760112553e-06,179726.77762671138,179725.22930033517,-8.614889760223882e-06,False,0.05,7.099851107717817e-06,False,7.0998511077178166e-06
14,0.06,-10%,rolling,reset,0.1,,15,0.0,0.0,0.1.0b1,042c345cfe16,1.1.0a5,0.07093687308789795,0.017025006539357564,176855.5372531348,176029.52077182397,-0.004670571779319205,False,0.05,0.012359201188300742,False,0.013748514763078331
14,0.06,-10%,rolling,carried,0.1,,15,0.0,0.0,0.1.0b1,042c345cfe16,1.1.0a5,0.025968706728277474,0.001756831062934587,176855.5372531348,176560.29054246494,-0.0016694230514664146,False,0.05,2.7779390628907425e-05,False,2.4501537912212692e-05
14,0.06,-10%,fixed,reset,0.1,,15,0.0,0.0,0.1.0b1,042c345cfe16,1.1.0a5,0.0709368730878981,0.017069348901823763,176855.5372531348,176036.43268877393,-0.004631489503144454,False,0.05,0.012375829557453024,False,0.013765264466712043
14,0.06,-10%,fixed,carried,0.1,,15,0.0,0.0,0.1.0b1,042c345cfe16,1.1.0a5,5.357175375886598e-05,1.2744923541243508e-05,176855.5372531348,176855.0016792294,-3.0283129027818502e-06,False,0.05,8.966022619809141e-06,False,9.815410647203072e-06
14,0.06,-20%,rolling,reset,0.2,,15,0.0,0.0,0.1.0b1,042c345cfe16,1.1.0a5,0.01608365660277161,0.0020489372576156114,176964.78138452847,176922.28192039215,-0.00024015775231551873,False,0.05,0.0008883609995583476,False,0.0009560843339973617
14,0.06,-20%,rolling,carried,0.2,,15,0.0,0.0,0.1.0b1,042c345cfe16,1.1.0a5,0.00018047105720016545,2.5507136699959642e-05,176964.78138452847,176963.98638385072,-4.49242313376604e-06,False,0.05,1.3343539242682685e-05,False,1.4568993620909768e-05
14,0.06,-20%,fixed,reset,0.2,,15,0.0,0.0,0.1.0b1,042c345cfe16,1.1.0a5,0.01608365660277161,0.0020489372576156023,176964.78138452847,176922.28192039215,-0.00024015775231551873,False,0.05,0.0008883609995583343,False,0.0009560843339973462
14,0.06,-20%,fixed,carried,0.2,,15,0.0,0.0,0.1.0b1,042c345cfe16,1.1.0a5,0.00018047105720016545,2.5507136699990796e-05,176964.78138452847,176963.98638385072,-4.49242313376604e-06,False,0.05,1.3343539242729409e-05,False,1.4568993620956237e-05
14,0.06,+/-10%,rolling,reset,0.1,0.1,15,0.0,0.0,0.1.0b1,042c345cfe16,1.1.0a5,0.09700633959033843,0.02552480234793267,177360.05142349296,176162.278706442,-0.006753339928792387,False,0.05,0.02129415361515511,False,0.023083402377577646
14,0.06,+/-10%,rolling,carried,0.1,0.1,15,0.0,0.0,0.1.0b1,042c345cfe16,1.1.0a5,0.10477103223369544,0.007142496319645198,177360.05142349296,176331.02201017275,-0.005801923291413227,False,0.05,6.043542720484393e-05,False,6.580127984323097e-05
14,0.06,+/-10%,fixed,reset,0.1,0.1,15,0.0,0.0,0.1.0b1,042c345cfe16,1.1.0a5,0.09436832022185855,0.02277663678764542,177360.05142349296,176499.5524245466,-0.0048517069770785135,False,0.05,0.021303026647173248,False,0.023050357667610984
14,0.06,+/-10%,fixed,carried,0.1,0.1,15,0.0,0.0,0.1.0b1,042c345cfe16,1.1.0a5,4.3723797913660527e-05,4.501279187055718e-06,177360.05142349296,177359.40447964185,-3.6476300379920933e-06,False,0.05,1.8700244831806826e-06,False,1.8872041640190997e-06
14,0.06,+/-20%,rolling,reset,0.2,0.2,15,0.0,0.0,0.1.0b1,042c345cfe16,1.1.0a5,0.2810585339987582,0.09261408784919009,175577.3406777514,175607.40780643997,0.00017124720406687803,True,0.05,0.0886637310472633,True,0.10966379359188312
14,0.06,+/-20%,rolling,carried,0.2,0.2,15,0.0,0.0,0.1.0b1,042c345cfe16,1.1.0a5,0.13227346883975405,0.008934697534435775,175577.3406777514,174455.84855279367,-0.006387453646516261,False,0.05,8.192399801168913e-05,False,9.910820825764537e-05
14,0.06,+/-20%,fixed,reset,0.2,0.2,15,0.0,0.0,0.1.0b1,042c345cfe16,1.1.0a5,0.28105250678986593,0.0991376761751575,175577.3406777514,176606.3491807634,0.005860713569529548,True,0.05,0.08866150804216717,True,0.10966055609338272
14,0.06,+/-20%,fixed,carried,0.2,0.2,15,0.0,0.0,0.1.0b1,042c345cfe16,1.1.0a5,0.00012472751057391072,1.4318559303643404e-05,175577.3406777514,175576.94743348032,-2.2397210799601875e-06,False,0.05,5.0540620817471e-06,False,5.730980853637969e-06
15,0.0,NHF,rolling,reset,,,15,0.0,0.0,0.1.0b1,042c345cfe16,1.1.0a5,1.0,0.5790846743352883,192434.6692271831,126587.65957642074,-0.34217851655943127,True,0.05,0.545763941380877,True,0.564957055512201
15,0.0,NHF,rolling,carried,,,15,0.0,0.0,0.1.0b1,042c345cfe16,1.1.0a5,1.0,0.5790846743352883,192434.6692271831,126587.65957642074,-0.34217851655943127,True,0.05,0.545763941380877,True,0.564957055512201
15,0.0,NHF,fixed,reset,,,15,0.0,0.0,0.1.0b1,042c345cfe16,1.1.0a5,1.4519219428543027e-16,9.679479619028684e-18,192434.6692271831,192434.6692271831,0.0,False,0.05,1.4519219428543027e-17,False,1.8617289261735615e-17
15,0.0,NHF,fixed,carried,,,15,0.0,0.0,0.1.0b1,042c345cfe16,1.1.0a5,1.4519219428543027e-16,9.679479619028684e-18,192434.6692271831,192434.6692271831,0.0,False,0.05,1.4519219428543027e-17,False,1.8617289261735615e-17
15,0.0,NDY,rolling,reset,0.0,,15,0.0,0.0,0.1.0b1,042c345cfe16,1.1.0a5,0.7722118797060994,0.10626332609306294,191349.36597076352,149869.2155193661,-0.21677704674357393,True,0.05,0.052926596539864965,True,0.052926596539864965
15,0.0,NDY,rolling,carried,0.0,,15,0.0,0.0,0.1.0b1,042c345cfe16,1.1.0a5,0.7490321915363104,0.049941546078154014,191349.36597076352,159593.94847746036,-0.16595517488234116,False,0.05,5.499983499904963e-06,False,5.499983499904962e-06
15,0.0,NDY,fixed,reset,0.0,,15,0.0,0.0,0.1.0b1,042c345cfe16,1.1.0a5,0.9186235129109388,0.1927198951736938,191349.36597076352,191510.83515377954,0.0008438448813082898,True,0.05,0.16328310065443516,True,0.16328310065443516
15,0.0,NDY,fixed,carried,0.0,,15,0.0,0.0,0.1.0b1,042c345cfe16,1.1.0a5,1.92198341104379e-05,6.08136063362856e-06,191349.36597076352,191349.4147290843,2.548130772472574e-07,False,0.05,4.200042442341571e-06,False,4.200042442341571e-06
15,0.0,-10%,rolling,reset,0.1,,15,0.0,0.0,0.1.0b1,042c345cfe16,1.1.0a5,0.8735507551477932,0.28161375543856176,192927.68752069623,140889.24920633354,-0.2697302755405716,True,0.05,0.24737276757331345,True,0.29897383708007225
15,0.0,-10%,rolling,carried,0.1,,15,0.0,0.0,0.1.0b1,042c345cfe16,1.1.0a5,0.8741763091634335,0.2823112345813913,192927.68752069623,148560.91918813172,-0.22996579134244316,True,0.05,0.26204775355712073,True,0.3543868642015107
15,0.0,-10%,fixed,reset,0.1,,15,0.0,0.0,0.1.0b1,042c345cfe16,1.1.0a5,0.9302355239609414,0.22868317891325066,192927.68752069623,192981.11283400914,0.000276918849748709,True,0.05,0.17161911083408218,True,0.12445449105154303
15,0.0,-10%,fixed,carried,0.1,,15,0.0,0.0,0.1.0b1,042c345cfe16,1.1.0a5,1.999436024308339e-06,5.136319404090847e-07,192927.68752069623,192927.67902025516,-4.40602444058912e-08,False,0.05,3.850359383466308e-07,False,3.819749527233802e-07
15,0.0,-20%,rolling,reset,0.2,,15,0.0,0.0,0.1.0b1,042c345cfe16,1.1.0a5,0.8928868298609559,0.2768449984991728,192442.04368882737,138992.29625988216,-0.27774464667072307,True,0.05,0.2559161720200266,True,0.30318947032457927
15,0.0,-20%,rolling,carried,0.2,,15,0.0,0.0,0.1.0b1,042c345cfe16,1.1.0a5,0.8648868887846132,0.3069672433054879,192442.04368882737,142614.32924534057,-0.25892322430360704,True,0.05,0.2534414959823198,True,0.32496205943830814
15,0.0,-20%,fixed,reset,0.2,,15,0.0,0.0,0.1.0b1,042c345cfe16,1.1.0a5,0.9860301345544473,0.23640467911551932,192442.04368882737,192587.11456658354,0.0007538419098829656,True,0.05,0.1939853126582388,True,0.09937551798875191
15,0.0,-20%,fixed,carried,0.2,,15,0.0,0.0,0.1.0b1,042c345cfe16,1.1.0a5,0.6976691652147359,0.05188205389257059,192442.04368882737,192442.04368083662,-4.1522878977119936e-11,True,0.05,1.963636719480056e-07,False,8.391301715909506e-08
15,0.0,+/-10%,rolling,reset,0.1,0.1,15,0.0,0.0,0.1.0b1,042c345cfe16,1.1.0a5,0.4412016427468493,0.14274501710067752,186452.80420635513,160773.5019035202,-0.137725481856602,True,0.05,0.09077014616346027,True,0.0964393415276969
15,0.0,+/-10%,rolling,carried,0.1,0.1,15,0.0,0.0,0.1.0b1,042c345cfe16,1.1.0a5,0.4165889293885913,0.1576135149860182,186452.80420635513,159245.87023952478,-0.14591860971272544,True,0.05,0.09758453951392658,True,0.10493128485195469
15,0.0,+/-10%,fixed,reset,0.1,0.1,15,0.0,0.0,0.1.0b1,042c345cfe16,1.1.0a5,0.1501488943070302,0.02448140840380814,186452.80420635513,186756.0092418192,0.0016261757861711307,False,0.05,0.034879678695415146,False,0.0376986466282777
15,0.0,+/-10%,fixed,carried,0.1,0.1,15,0.0,0.0,0.1.0b1,042c345cfe16,1.1.0a5,4.773943751627359e-06,1.7418399525074984e-06,186452.80420635513,186452.99665745624,1.0321705910285454e-06,False,0.05,1.556929497204472e-06,False,1.5710698898812965e-06
15,0.0,+/-20%,rolling,reset,0.2,0.2,15,0.0,0.0,0.1.0b1,042c345cfe16,1.1.0a5,0.4615406191543526,0.20161590492101428,188252.65102801294,160937.83238601178,-0.14509659488373727,True,0.05,0.15291074898890158,True,0.16519534080298337
15,0.0,+/-20%,rolling,carried,0.2,0.2,15,0.0,0.0,0.1.0b1,042c345cfe16,1.1.0a5,0.468434277840841,0.24830158800170818,188252.65102801294,157792.14020217358,-0.1618065438096098,True,0.05,0.19065421364201482,True,0.22205900368007978
15,0.0,+/-20%,fixed,reset,0.2,0.2,15,0.0,0.0,0.1.0b1,042c345cfe16,1.1.0a5,0.13418748433658506,0.01939079153813804,188252.65102801294,188405.4938849368,0.0008119028129973163,False,0.05,0.028330120417010822,False,0.03451561570468351
15,0.0,+/-20%,fixed,carried,0.2,0.2,15,0.0,0.0,0.1.0b1,042c345cfe16,1.1.0a5,6.330811486824076e-06,2.1979435425874994e-06,188252.65102801294,188252.67381907316,1.2106634401770615e-07,False,0.05,3.0248240449650477e-06,False,3.376007254783833e-06
15,0.02,NHF,rolling,reset,,,15,0.0,0.0,0.1.0b1,042c345cfe16,1.1.0a5,0.24457139666366667,0.0578284644389038,177692.68287123385,176506.24220107883,-0.006676924738734345,True,0.05,0.03575618894453915,False,0.031790252242978344
15,0.02,NHF,rolling,carried,,,15,0.0,0.0,0.1.0b1,042c345cfe16,1.1.0a5,0.24457139666366667,0.0578284644389038,177692.68287123385,176506.24220107883,-0.006676924738734345,True,0.05,0.03575618894453915,False,0.031790252242978344
15,0.02,NHF,fixed,reset,,,15,0.0,0.0,0.1.0b1,042c345cfe16,1.1.0a5,2.983144794133711e-16,3.205632120304378e-17,177692.68287123385,177692.68287123382,-1.637874446289045e-16,False,0.05,1.825303386322856e-17,False,3.8082632600149536e-17
15,0.02,NHF,fixed,carried,,,15,0.0,0.0,0.1.0b1,042c345cfe16,1.1.0a5,2.983144794133711e-16,3.205632120304378e-17,177692.68287123385,177692.68287123382,-1.637874446289045e-16,False,0.05,1.825303386322856e-17,False,3.8082632600149536e-17
15,0.02,NDY,rolling,reset,0.0,,15,0.0,0.0,0.1.0b1,042c345cfe16,1.1.0a5,0.08020849881038059,0.04802321685464224,180972.52582546716,172281.64297301843,-0.04802321685464213,False,0.05,0.04247666746848257,False,0.04247666746848256
15,0.02,NDY,rolling,carried,0.0,,15,1.0,0.0,0.1.0b1,042c345cfe16,1.1.0a5,0.0794008526586299,0.04615956627976795,180972.52582546716,172618.91252480948,-0.04615956627976804,False,0.05,0.04052831975066181,False,0.04052831975066181
15,0.02,NDY,fixed,reset,0.0,,15,0.0,0.0,0.1.0b1,042c345cfe16,1.1.0a5,0.1652369752793833,0.02511054377940521,180972.52582546716,181976.32948435462,0.005546718510496656,False,0.05,0.0023487150108933664,False,0.002348715010893366
15,0.02,NDY,fixed,carried,0.0,,15,0.0,0.07142857142857142,0.1.0b1,042c345cfe16,1.1.0a5,1.9164001729112674e-05,6.944236727033015e-06,180972.52582546716,180971.73153487747,-4.389012012014263e-06,False,0.05,5.399973526496449e-06,False,5.399973526496449e-06
15,0.02,-10%,rolling,reset,0.1,,15,0.0,0.0,0.1.0b1,042c345cfe16,1.1.0a5,0.24009924697195767,0.028539884153749247,178385.98049696835,175273.32883073384,-0.017448970247341877,False,0.05,0.009816316069330843,False,0.009842750751104207
15,0.02,-10%,rolling,carried,0.1,,15,0.0,0.0,0.1.0b1,042c345cfe16,1.1.0a5,0.19973530754847577,0.01698672711771639,178385.98049696835,175861.4076198994,-0.014152305411197101,False,0.05,0.0036256611035584015,False,0.0038105731776182064
15,0.02,-10%,fixed,reset,0.1,,15,0.0,0.0,0.1.0b1,042c345cfe16,1.1.0a5,0.0846976132188461,0.015790444507271028,178385.98049696835,179025.0810415791,0.003582683699864075,False,0.05,0.007415802106825279,False,0.006514652001354584
15,0.02,-10%,fixed,carried,0.1,,15,0.0,0.07142857142857142,0.1.0b1,042c345cfe16,1.1.0a5,1.797571626262605e-05,2.574277181559888e-06,178385.98049696835,178386.04094868206,3.388815283711035e-07,False,0.05,2.364832625720462e-07,False,2.1190367391043812e-07
15,0.02,-20%,rolling,reset,0.2,,15,0.0,0.0,0.1.0b1,042c345cfe16,1.1.0a5,0.2232310678237,0.028205938346968117,178150.9514281178,175994.3183497034,-0.012105650074423564,False,0.05,0.0050546256302637,False,0.005276592325586281
15,0.02,-20%,rolling,carried,0.2,,15,0.0,0.0,0.1.0b1,042c345cfe16,1.1.0a5,0.21097105771850563,0.027515888701681306,178150.9514281178,175808.9818425815,-0.013145984159850372,False,0.05,0.01127456382266873,False,0.012850709524337556
15,0.02,-20%,fixed,reset,0.2,,15,0.0,0.0,0.1.0b1,042c345cfe16,1.1.0a5,0.12235526457674457,0.015588145144327077,178150.9514281178,178505.27059374313,0.0019888704651026393,False,0.05,0.008596539143892749,False,0.007720736025791716
15,0.02,-20%,fixed,carried,0.2,,15,0.0,0.0,0.1.0b1,042c345cfe16,1.1.0a5,0.00030016445873874665,3.611378285525815e-05,178150.9514281178,178150.37586626317,-3.2307537513843942e-06,False,0.05,5.848749132859472e-06,False,7.294132865372944e-06
15,0.02,+/-10%,rolling,reset,0.1,0.1,15,0.0,0.0,0.1.0b1,042c345cfe16,1.1.0a5,0.19705794571729768,0.02837018977105954,177723.7142293817,174519.46293195157,-0.01802939642199083,False,0.05,0.008482060667960143,False,0.008240631933555172
15,0.02,+/-10%,rolling,carried,0.1,0.1,15,0.0,0.0,0.1.0b1,042c345cfe16,1.1.0a5,0.1738907062357403,0.01819530671654203,177723.7142293817,175212.48735626665,-0.01412994818392048,False,0.05,0.0044682577250689205,False,0.00438683516379081
15,0.02,+/-10%,fixed,reset,0.1,0.1,15,0.0,0.0,0.1.0b1,042c345cfe16,1.1.0a5,0.08246823427629225,0.014043577994871026,177723.7142293817,178296.4934803787,0.003222863383654791,False,0.05,0.008246823687497589,False,0.007129474861372467
15,0.02,+/-10%,fixed,carried,0.1,0.1,15,0.0,0.0,0.1.0b1,042c345cfe16,1.1.0a5,1.1186270698360065e-06,1.414355858082854e-07,177723.7142293817,177723.71632464955,1.1789466898671302e-08,False,0.05,3.235398185329326e-10,False,3.3026422315140354e-10
15,0.02,+/-20%,rolling,reset,0.2,0.2,15,0.0,0.0,0.1.0b1,042c345cfe16,1.1.0a5,0.2411523904551803,0.022853862080178446,177494.80406691806,174119.9251628374,-0.019013958869513056,False,0.05,0.0019462951911127205,False,0.0020329905693009225
15,0.02,+/-20%,rolling,carried,0.2,0.2,15,0.0,0.0,0.1.0b1,042c345cfe16,1.1.0a5,0.2411523904551803,0.027525791337560536,177494.80406691806,174404.7873639923,-0.01740905441807061,False,0.05,0.006661372131487817,False,0.006478563268759369
15,0.02,+/-20%,fixed,reset,0.2,0.2,15,0.0,0.0,0.1.0b1,042c345cfe16,1.1.0a5,0.08725775591877444,0.018505166358873688,177494.80406691806,177721.16476658153,0.0012753088793411743,False,0.05,0.015389032945607265,False,0.01477447113922546
15,0.02,+/-20%,fixed,carried,0.2,0.2,15,0.0,0.0,0.1.0b1,042c345cfe16,1.1.0a5,5.680221562394648e-05,9.120871044740204e-06,177494.80406691806,177495.14867498734,1.941510745019734e-06,False,0.05,4.26972795868179e-07,False,4.122898470125213e-07
15,0.04,NHF,rolling,reset,,,15,0.0,0.0,0.1.0b1,042c345cfe16,1.1.0a5,2.8637871984126917e-16,2.7453126432158573e-17,175928.84737835135,175928.84737835135,0.0,False,0.05,0.0,False,0.0
15,0.04,NHF,rolling,carried,,,15,0.0,0.0,0.1.0b1,042c345cfe16,1.1.0a5,2.8637871984126917e-16,2.7453126432158573e-17,175928.84737835135,175928.84737835135,0.0,False,0.05,0.0,False,0.0
15,0.04,NHF,fixed,reset,,,15,0.0,0.0,0.1.0b1,042c345cfe16,1.1.0a5,2.8637871984126917e-16,2.7453126432158573e-17,175928.84737835135,175928.84737835135,0.0,False,0.05,0.0,False,0.0
15,0.04,NHF,fixed,carried,,,15,0.0,0.0,0.1.0b1,042c345cfe16,1.1.0a5,2.8637871984126917e-16,2.7453126432158573e-17,175928.84737835135,175928.84737835135,0.0,False,0.05,0.0,False,0.0
15,0.04,NDY,rolling,reset,0.0,,15,0.0,0.0,0.1.0b1,042c345cfe16,1.1.0a5,0.08297236895002137,0.05253379207788635,179197.42957519248,169783.5090689977,-0.052533792077886034,True,0.05,0.04740884854282336,False,0.04740884854282336
15,0.04,NDY,rolling,carried,0.0,,15,1.0,0.0,0.1.0b1,042c345cfe16,1.1.0a5,0.07121797959365174,0.040030091279643715,179197.42957519248,172024.14011222008,-0.04003009127964328,False,0.05,0.03389678584603078,False,0.03389678584603078
15,0.04,NDY,fixed,reset,0.0,,15,0.0,0.0,0.1.0b1,042c345cfe16,1.1.0a5,0.010135215880428919,0.007968345141090976,179197.42957519248,177769.52260794103,-0.007968345141090797,False,0.05,0.00792654715380159,False,0.00792654715380159
15,0.04,NDY,fixed,carried,0.0,,15,0.0,0.07142857142857142,0.1.0b1,042c345cfe16,1.1.0a5,1.4773253898359364e-05,6.124284925475407e-06,179197.42957519248,179196.33211907593,-6.124284925018624e-06,False,0.05,5.231834195914833e-06,False,5.231834195914833e-06
15,0.04,-10%,rolling,reset,0.1,,15,0.0,0.0,0.1.0b1,042c345cfe16,1.1.0a5,0.033004021049669936,0.006411581793045392,175017.21974694167,174298.9876761477,-0.004103779455715702,False,0.05,0.002727705500920709,False,0.002781785928792803
15,0.04,-10%,rolling,carried,0.1,,15,0.0,0.0,0.1.0b1,042c345cfe16,1.1.0a5,0.044868915353537125,0.0042063740364940315,175017.21974694167,174696.76232963367,-0.001831005073508508,False,0.05,0.0005435541560238722,False,0.0005527123767921676
15,0.04,-10%,fixed,reset,0.1,,15,0.0,0.0,0.1.0b1,042c345cfe16,1.1.0a5,0.025569812091942177,0.0048138914204072045,175017.21974694167,174686.82729107467,-0.0018877711367185075,False,0.05,0.003869305718701834,False,0.003964419126606003
15,0.04,-10%,fixed,carried,0.1,,15,0.0,0.0,0.1.0b1,042c345cfe16,1.1.0a5,0.0007124652405354013,0.00010502184649862717,175017.21974694167,175007.68597374458,-5.4473343885126916e-05,False,0.05,6.704190929308103e-05,False,6.815017547948013e-05
15,0.04,-20%,rolling,reset,0.2,,15,0.0,0.0,0.1.0b1,042c345cfe16,1.1.0a5,0.06430568195163165,0.011865391873342264,174916.0871040085,174891.17282907714,-0.00014243558350666123,False,0.05,0.0031366756460087957,False,0.003460796200697089
15,0.04,-20%,rolling,carried,0.2,,15,0.0,0.0,0.1.0b1,042c345cfe16,1.1.0a5,0.02583248729545992,0.003933118148597444,174916.0871040085,174867.6490218325,-0.0002769218256477261,False,0.05,0.0016746159450893778,False,0.0018793237392010502
15,0.04,-20%,fixed,reset,0.2,,15,0.0,0.0,0.1.0b1,042c345cfe16,1.1.0a5,0.062014989188384904,0.007793716281529902,174916.0871040085,175239.70199628803,0.0018501150902552365,False,0.05,0.0016460149213274882,False,0.001712781327065428
15,0.04,-20%,fixed,carried,0.2,,15,0.0,0.0,0.1.0b1,042c345cfe16,1.1.0a5,0.0001971271527582415,5.193462226886605e-05,174916.0871040085,174915.97876329697,-6.193867775704526e-07,False,0.05,2.8239587818965234e-05,False,3.175383493002792e-05
15,0.04,+/-10%,rolling,reset,0.1,0.1,15,0.0,0.0,0.1.0b1,042c345cfe16,1.1.0a5,0.10738605045472015,0.017956376630066204,175528.15711936858,173594.63495715032,-0.01101545298457933,False,0.05,0.003877104282388097,False,0.003903606978260008
15,0.04,+/-10%,rolling,carried,0.1,0.1,15,0.0,0.0,0.1.0b1,042c345cfe16,1.1.0a5,0.05615733385695639,0.011944631473752115,175528.15711936858,173956.87480282568,-0.008951739380903677,False,0.05,0.0007560378220703827,False,0.0007348252350751877
15,0.04,+/-10%,fixed,reset,0.1,0.1,15,0.0,0.0,0.1.0b1,042c345cfe16,1.1.0a5,0.06022748875425021,0.016207030000151137,175528.15711936858,174902.81346521954,-0.0035626401166154215,False,0.05,0.009127293673931718,False,0.009510502064610932
15,0.04,+/-10%,fixed,carried,0.1,0.1,15,0.0,0.0,0.1.0b1,042c345cfe16,1.1.0a5,7.792629525481131e-05,8.284896594239886e-06,175528.15711936858,175527.44062708132,-4.0819222341313085e-06,False,0.05,2.7531281321205327e-06,False,2.6492354307143016e-06
15,0.04,+/-20%,rolling,reset,0.2,0.2,15,0.0,0.0,0.1.0b1,042c345cfe16,1.1.0a5,0.1748843505868159,0.062195676915898404,174157.224155453,173055.38564574535,-0.00632668851407594,True,0.05,0.04606210047268418,False,0.05639473912544634
15,0.04,+/-20%,rolling,carried,0.2,0.2,15,0.0,0.0,0.1.0b1,042c345cfe16,1.1.0a5,0.06580429875183294,0.005698126590193315,174157.224155453,173253.3015399123,-0.005190267701636459,False,0.05,0.0007874638064414997,False,0.0008988107090717582
15,0.04,+/-20%,fixed,reset,0.2,0.2,15,0.0,0.0,0.1.0b1,042c345cfe16,1.1.0a5,0.16964903728224817,0.06045711988732685,174157.224155453,173841.24826909165,-0.001814313979185341,True,0.05,0.048136131142959046,False,0.058375199286913745
15,0.04,+/-20%,fixed,carried,0.2,0.2,15,0.0,0.0,0.1.0b1,042c345cfe16,1.1.0a5,3.2134776629943945e-06,1.3960252424666069e-06,174157.224155453,174157.06819991348,-8.954870535965954e-07,False,0.05,1.6427195660930055e-06,False,1.6802383476508873e-06
15,0.06,NHF,rolling,reset,,,15,0.0,0.0,0.1.0b1,042c345cfe16,1.1.0a5,2.8637871984126917e-16,2.7453126432158573e-17,175928.84737835135,175928.84737835135,0.0,False,0.05,0.0,False,0.0
15,0.06,NHF,rolling,carried,,,15,0.0,0.0,0.1.0b1,042c345cfe16,1.1.0a5,2.8637871984126917e-16,2.7453126432158573e-17,175928.84737835135,175928.84737835135,0.0,False,0.05,0.0,False,0.0
15,0.06,NHF,fixed,reset,,,15,0.0,0.0,0.1.0b1,042c345cfe16,1.1.0a5,2.8637871984126917e-16,2.7453126432158573e-17,175928.84737835135,175928.84737835135,0.0,False,0.05,0.0,False,0.0
15,0.06,NHF,fixed,carried,,,15,0.0,0.0,0.1.0b1,042c345cfe16,1.1.0a5,2.8637871984126917e-16,2.7453126432158573e-17,175928.84737835135,175928.84737835135,0.0,False,0.05,0.0,False,0.0
15,0.06,NDY,rolling,reset,0.0,,15,0.0,0.0,0.1.0b1,042c345cfe16,1.1.0a5,0.07451472198718202,0.04769886609569744,176873.91503430542,168437.2298452624,-0.04769886609569702,False,0.05,0.04303153618810096,False,0.04303153618810096
15,0.06,NDY,rolling,carried,0.0,,15,1.0,0.0,0.1.0b1,042c345cfe16,1.1.0a5,0.06206388248531024,0.03530209673068844,176873.91503430542,170629.89497662883,-0.03530209673068829,False,0.05,0.029656119300818694,False,0.02965611930081869
15,0.06,NDY,fixed,reset,0.0,,15,0.0,0.0,0.1.0b1,042c345cfe16,1.1.0a5,0.024047749524963958,0.017070644798980218,176873.91503430542,173854.56325654985,-0.01707064479897984,False,0.05,0.01683903378467463,False,0.01683903378467463
15,0.06,NDY,fixed,carried,0.0,,15,0.0,0.14285714285714285,0.1.0b1,042c345cfe16,1.1.0a5,1.6481323285354196e-05,8.903908056958456e-06,176873.91503430542,176872.34016522835,-8.903908056567662e-06,False,0.05,7.340682198028431e-06,False,7.340682198028431e-06
15,0.06,-10%,rolling,reset,0.1,,15,0.0,0.0,0.1.0b1,042c345cfe16,1.1.0a5,0.10831588994847256,0.013059958398048388,174113.8616159382,172527.310477374,-0.009112147211253148,False,0.05,0.0056348031450351695,False,0.005410616416630649
15,0.06,-10%,rolling,carried,0.1,,15,0.0,0.0,0.1.0b1,042c345cfe16,1.1.0a5,0.053423459683715147,0.003568869523191258,174113.8616159382,173518.56196463562,-0.003419025032111968,False,0.05,1.8574422332274817e-06,False,1.916416999171769e-06
15,0.06,-10%,fixed,reset,0.1,,15,0.0,0.0,0.1.0b1,042c345cfe16,1.1.0a5,0.10836933974294963,0.01305845771009472,174113.8616159382,172527.22390344317,-0.00911264443720651,False,0.05,0.005634701340909492,False,0.0054105881883814745
15,0.06,-10%,fixed,carried,0.1,,15,0.0,0.0,0.1.0b1,042c345cfe16,1.1.0a5,8.862566663720429e-05,8.026032036487447e-06,174113.8616159382,174113.02271330229,-4.8181266449522964e-06,False,0.05,1.8574422332366722e-06,False,1.9164169991871938e-06
15,0.06,-20%,rolling,reset,0.2,,15,0.0,0.0,0.1.0b1,042c345cfe16,1.1.0a5,0.053289907721217895,0.0081683109243978,174331.5383733483,173529.47929054894,-0.004600768686396085,False,0.05,0.00408749746909578,False,0.004535267196465112
15,0.06,-20%,rolling,carried,0.2,,15,0.0,0.0,0.1.0b1,042c345cfe16,1.1.0a5,0.035417063093565154,0.002641944826164359,174331.5383733483,173917.49425561854,-0.002375038513358639,False,0.05,0.0002530217336037521,False,0.0002822252125928617
15,0.06,-20%,fixed,reset,0.2,,15,0.0,0.0,0.1.0b1,042c345cfe16,1.1.0a5,0.017771641280894677,0.005035090588247401,174331.5383733483,174152.7407051318,-0.0010256185993930955,False,0.05,0.00446468458481218,False,0.00496110896150339
15,0.06,-20%,fixed,carried,0.2,,15,0.0,0.0,0.1.0b1,042c345cfe16,1.1.0a5,2.9999970007088634e-06,1.3662716677748649e-06,174331.5383733483,174331.5210541758,-9.934618065072807e-08,False,0.05,1.5647723104771635e-06,False,1.596579188980971e-06
15,0.06,+/-10%,rolling,reset,0.1,0.1,15,0.0,0.0,0.1.0b1,042c345cfe16,1.1.0a5,0.24562512509863216,0.06183844296973059,174055.78477407937,172380.12824272268,-0.009627123473842874,True,0.05,0.046281727627577804,False,0.05419296157149936
15,0.06,+/-10%,rolling,carried,0.1,0.1,15,0.0,0.0,0.1.0b1,042c345cfe16,1.1.0a5,0.044138374378215245,0.003913440553097962,174055.78477407937,173486.537959632,-0.0032704848918766924,False,0.05,1.5001730511463444e-06,False,1.5008348510061605e-06
15,0.06,+/-10%,fixed,reset,0.1,0.1,15,0.0,0.0,0.1.0b1,042c345cfe16,1.1.0a5,0.24554595301885468,0.06333106749759006,174055.78477407937,172891.56302154885,-0.006688785173337683,True,0.05,0.045851341459245236,False,0.05373159721172996
15,0.06,+/-10%,fixed,carried,0.1,0.1,15,0.0,0.0,0.1.0b1,042c345cfe16,1.1.0a5,3.0005412360007454e-06,1.2037322983805294e-06,174055.78477407937,174055.7526216805,-1.847246784098475e-07,False,0.05,1.5001730510712624e-06,False,1.5008348509271494e-06
15,0.06,+/-20%,rolling,reset,0.2,0.2,15,0.0,0.0,0.1.0b1,042c345cfe16,1.1.0a5,0.1840200374463768,0.051197849670267186,173856.5148416757,172217.53268546576,-0.009427211615868956,True,0.05,0.037023823246294676,False,0.047004036861915954
15,0.06,+/-20%,rolling,carried,0.2,0.2,15,0.0,0.0,0.1.0b1,042c345cfe16,1.1.0a5,0.1487565366482969,0.009982719521484594,173856.5148416757,172205.54495627992,-0.009496163470775053,False,0.05,6.595042075210067e-05,False,7.406178023560885e-05
15,0.06,+/-20%,fixed,reset,0.2,0.2,15,0.0,0.0,0.1.0b1,042c345cfe16,1.1.0a5,0.2042135330994887,0.056676645216500385,173856.5148416757,172775.36805219535,-0.0062186153361288065,True,0.05,0.037514071871383614,False,0.04749615578938134
15,0.06,+/-20%,fixed,carried,0.2,0.2,15,0.0,0.0,0.1.0b1,042c345cfe16,1.1.0a5,3.000763942555284e-06,1.0424492805491355e-06,173856.5148416757,173856.4401107277,-4.2984266686882835e-07,False,0.05,1.3536099252642528e-06,False,1.3515257717340679e-06
16,0.0,NHF,rolling,reset,,,15,0.0,0.0,0.1.0b1,042c345cfe16,1.1.0a5,1.0,0.5866834661954102,195184.30657124415,136560.11307870233,-0.30035300748497124,True,0.05,0.5667008398932162,True,0.5894107820510988
16,0.0,NHF,rolling,carried,,,15,0.0,0.0,0.1.0b1,042c345cfe16,1.1.0a5,1.0,0.5866834661954102,195184.30657124415,136560.11307870233,-0.30035300748497124,True,0.05,0.5667008398932162,True,0.5894107820510988
16,0.0,NHF,fixed,reset,,,15,0.0,0.0,0.1.0b1,042c345cfe16,1.1.0a5,2.4200983132881765e-16,2.7720560027428467e-17,195184.30657124415,195184.30657124415,0.0,False,0.05,2.4200983132881764e-17,False,3.74447647268773e-17
16,0.0,NHF,fixed,carried,,,15,0.0,0.0,0.1.0b1,042c345cfe16,1.1.0a5,2.4200983132881765e-16,2.7720560027428467e-17,195184.30657124415,195184.30657124415,0.0,False,0.05,2.4200983132881764e-17,False,3.74447647268773e-17
16,0.0,NDY,rolling,reset,0.0,,15,0.0,0.0,0.1.0b1,042c345cfe16,1.1.0a5,0.7489213422662905,0.11552331269462511,193471.14481192172,152722.29716668522,-0.21061976805300606,True,0.05,0.06945231283812282,True,0.06945231283812281
16,0.0,NDY,rolling,carried,0.0,,15,0.0,0.0,0.1.0b1,042c345cfe16,1.1.0a5,0.7260239342691642,0.048407662260345104,193471.14481192172,164422.8240967817,-0.15014291016564071,False,0.05,5.499983500849509e-06,False,5.499983500849509e-06
16,0.0,NDY,fixed,reset,0.0,,15,0.0,0.0,0.1.0b1,042c345cfe16,1.1.0a5,0.7328025171312014,0.21999862328977465,193471.14481192172,193632.4323906015,0.0008336518545778935,True,0.05,0.14140026543123466,True,0.14140026543123463
16,0.0,NDY,fixed,carried,0.0,,15,0.0,0.0,0.1.0b1,042c345cfe16,1.1.0a5,2.098322886569498e-05,6.198928332393909e-06,193471.14481192172,193471.19509996436,2.599252859362733e-07,False,0.05,4.200048343588799e-06,False,4.200048343588799e-06
16,0.0,-10%,rolling,reset,0.1,,15,0.0,0.0,0.1.0b1,042c345cfe16,1.1.0a5,0.8546574228324856,0.2629613169330203,195443.90088230604,149854.0139273954,-0.23326328807960256,True,0.05,0.2759663278879293,True,0.35561317509899126
16,0.0,-10%,rolling,carried,0.1,,15,0.0,0.0,0.1.0b1,042c345cfe16,1.1.0a5,0.8511835165450643,0.2955889147137384,195443.90088230604,151824.74416368455,-0.2231799330739332,True,0.05,0.29122272262550897,True,0.3775257411249597
16,0.0,-10%,fixed,reset,0.1,,15,0.0,0.0,0.1.0b1,042c345cfe16,1.1.0a5,0.8085775253950769,0.17884680197117092,195443.90088230604,195321.24770532956,-0.0006275620596129244,True,0.05,0.15256280679094805,True,0.10657384767879607
16,0.0,-10%,fixed,carried,0.1,,15,0.0,0.0,0.1.0b1,042c345cfe16,1.1.0a5,1.066138555833051e-06,3.218291728009766e-07,195443.90088230604,195443.90096543366,4.253272250500715e-10,False,0.05,2.6275730848188687e-07,False,1.8917998168473991e-07
16,0.0,-20%,rolling,reset,0.2,,15,0.0,0.0,0.1.0b1,042c345cfe16,1.1.0a5,0.8577479289750284,0.3075558352446493,194819.3993510069,140761.8232476777,-0.2774753247541506,True,0.05,0.3139958857096238,True,0.35222750727883545
16,0.0,-20%,rolling,carried,0.2,,15,0.0,0.0,0.1.0b1,042c345cfe16,1.1.0a5,0.8599545600608579,0.2722239686774151,194819.3993510069,145487.50022806658,-0.2532186183063774,True,0.05,0.24350885046040788,True,0.2780314045350887
16,0.0,-20%,fixed,reset,0.2,,15,0.0,0.0,0.1.0b1,042c345cfe16,1.1.0a5,0.7878766020193737,0.16304192663224099,194819.3993510069,194944.2392095123,0.0006407978821476846,True,0.05,0.11181034707611388,True,0.06475930010874441
16,0.0,-20%,fixed,carried,0.2,,15,0.0,0.0,0.1.0b1,042c345cfe16,1.1.0a5,0.5982605949921648,0.04365489265346763,194819.3993510069,194819.39930734615,-2.2410884998816448e-10,False,0.05,2.2535034640683016e-07,False,1.2351027995384672e-07
16,0.0,+/-10%,rolling,reset,0.1,0.1,15,0.0,0.0,0.1.0b1,042c345cfe16,1.1.0a5,0.40789675923323193,0.15032727505124577,189086.86046173322,163526.00021031854,-0.13518052068238554,True,0.05,0.09683389165181729,True,0.1015858691600096
16,0.0,+/-10%,rolling,carried,0.1,0.1,15,0.0,0.0,0.1.0b1,042c345cfe16,1.1.0a5,0.3731626063180728,0.1645105189599207,189086.86046173322,162464.36363635625,-0.14079506508472986,True,0.05,0.11269116918563167,True,0.12083441108265608
16,0.0,+/-10%,fixed,reset,0.1,0.1,15,0.0,0.0,0.1.0b1,042c345cfe16,1.1.0a5,0.06029901845158136,0.017402339904827827,189086.86046173322,189327.63439771507,0.0012733509636465648,False,0.05,0.02475529484979943,False,0.025066644021953466
16,0.0,+/-10%,fixed,carried,0.1,0.1,15,0.0,0.0,0.1.0b1,042c345cfe16,1.1.0a5,2.295691754619099e-05,4.0620135747591835e-06,189086.86046173322,189086.87359789546,6.947157626868991e-08,False,0.05,5.928746205775047e-06,False,6.095104394773043e-06
16,0.0,+/-20%,rolling,reset,0.2,0.2,15,0.0,0.0,0.1.0b1,042c345cfe16,1.1.0a5,0.5300149863437725,0.2122923053722151,190675.54081072082,162215.097486464,-0.14926111237575487,True,0.05,0.14243230801505213,True,0.1560275805171864
16,0.0,+/-20%,rolling,carried,0.2,0.2,15,0.0,0.0,0.1.0b1,042c345cfe16,1.1.0a5,0.4454308496875457,0.2474891758261353,190675.54081072082,160040.38834511477,-0.16066639871768795,True,0.05,0.19306175660589658,True,0.2279590139818211
16,0.0,+/-20%,fixed,reset,0.2,0.2,15,0.0,0.0,0.1.0b1,042c345cfe16,1.1.0a5,0.016893922668287688,0.004103371199323422,190675.54081072082,190698.44267533632,0.00012010908435411748,False,0.05,0.005230405041030476,False,0.0050063973690036515
16,0.0,+/-20%,fixed,carried,0.2,0.2,15,0.0,0.0,0.1.0b1,042c345cfe16,1.1.0a5,6.70691130666064e-06,2.8471013621788246e-06,190675.54081072082,190675.56368818507,1.199811163417603e-07,False,0.05,3.1422327995264926e-06,False,3.4503956755354634e-06
16,0.02,NHF,rolling,reset,,,15,0.0,0.0,0.1.0b1,042c345cfe16,1.1.0a5,0.42172687164445916,0.0696264617668571,181581.7219686125,179953.2330301375,-0.008968352766015144,True,0.05,0.035152204808938735,False,0.029059958683465857
16,0.02,NHF,rolling,carried,,,15,0.0,0.0,0.1.0b1,042c345cfe16,1.1.0a5,0.42172687164445916,0.0696264617668571,181581.7219686125,179953.2330301375,-0.008968352766015144,True,0.05,0.035152204808938735,False,0.029059958683465857
16,0.02,NHF,fixed,reset,,,15,0.0,0.0,0.1.0b1,042c345cfe16,1.1.0a5,2.3106457618244167e-16,4.3300906963781653e-17,181581.7219686125,181581.72196861246,-1.602795156979758e-16,False,0.05,2.3064675458404347e-17,False,3.7476311177899616e-17
16,0.02,NHF,fixed,carried,,,15,0.0,0.0,0.1.0b1,042c345cfe16,1.1.0a5,2.3106457618244167e-16,4.3300906963781653e-17,181581.7219686125,181581.72196861246,-1.602795156979758e-16,False,0.05,2.3064675458404347e-17,False,3.7476311177899616e-17
16,0.02,NDY,rolling,reset,0.0,,15,0.0,0.0,0.1.0b1,042c345cfe16,1.1.0a5,0.08599681148062778,0.05368655652789733,183689.46080368033,173827.80618266462,-0.053686556527897035,True,0.05,0.04768580473582357,False,0.047685804735823574
16,0.02,NDY,rolling,carried,0.0,,15,1.0,0.0,0.1.0b1,042c345cfe16,1.1.0a5,0.08033336861988329,0.05037043797457956,183689.46080368033,174436.9422116846,-0.050370437974579484,True,0.05,0.044378739428927685,False,0.04437873942892769
16,0.02,NDY,fixed,reset,0.0,,15,0.0,0.0,0.1.0b1,042c345cfe16,1.1.0a5,0.2711249718186327,0.03634404840298399,183689.46080368033,184888.8495667987,0.0065294370067328885,False,0.05,0.0014212431315203454,False,0.0014212431315203456
16,0.02,NDY,fixed,carried,0.0,,15,0.0,0.0,0.1.0b1,042c345cfe16,1.1.0a5,1.5430831908759836e-05,5.94928118874692e-06,183689.46080368033,183688.7459171683,-3.891821059833696e-06,False,0.05,5.099995845930014e-06,False,5.099995845930015e-06
16,0.02,-10%,rolling,reset,0.1,,15,0.0,0.0,0.1.0b1,042c345cfe16,1.1.0a5,0.35331828367597473,0.06302447551107968,181102.55546878028,176200.57565729594,-0.027067424856571837,True,0.05,0.02997484480815671,False,0.031111699649834852
16,0.02,-10%,rolling,carried,0.1,,15,0.0,0.0,0.1.0b1,042c345cfe16,1.1.0a5,0.27034538495987964,0.04470466778854137,181102.55546878028,177815.619469397,-0.01814958375863394,False,0.05,0.021478117730586103,False,0.02227000695025439
16,0.02,-10%,fixed,reset,0.1,,15,0.0,0.0,0.1.0b1,042c345cfe16,1.1.0a5,0.09145477636713235,0.014292594067541957,181102.55546878028,181541.03512179095,0.0024211676741704336,False,0.05,0.005409835892203501,False,0.004549338842590356
16,0.02,-10%,fixed,carried,0.1,,15,0.0,0.0,0.1.0b1,042c345cfe16,1.1.0a5,1.9942698826996904e-05,5.054285947197059e-06,181102.55546878028,181103.0452164166,2.7042558016010323e-06,False,0.05,3.7574107092048257e-06,False,3.707345903533208e-06
16,0.02,-20%,rolling,reset,0.2,,15,0.0,0.0,0.1.0b1,042c345cfe16,1.1.0a5,0.2976527623729013,0.038100917835038724,182062.84523847353,178568.56928609195,-0.019192691116106792,False,0.05,0.012507730546200978,False,0.013613027522651686
16,0.02,-20%,rolling,carried,0.2,,15,0.0,0.0,0.1.0b1,042c345cfe16,1.1.0a5,0.25420246163838955,0.04250174710991867,182062.84523847353,178803.03041528878,-0.017904887836477028,False,0.05,0.01914460304119825,False,0.021856216736081697
16,0.02,-20%,fixed,reset,0.2,,15,0.0,0.0,0.1.0b1,042c345cfe16,1.1.0a5,0.06280366849056518,0.010003271768427842,182062.84523847353,182282.96345704116,0.0012090232813801727,False,0.05,0.007862798191262827,False,0.006981788473768737
16,0.02,-20%,fixed,carried,0.2,,15,0.0,0.0,0.1.0b1,042c345cfe16,1.1.0a5,0.0001432308452142452,2.3612617670267225e-05,182062.84523847353,182062.767458724,-4.272137427210942e-07,False,0.05,4.2351842780300625e-06,False,4.560145936413669e-06
16,0.02,+/-10%,rolling,reset,0.1,0.1,15,0.0,0.0,0.1.0b1,042c345cfe16,1.1.0a5,0.18082822454152028,0.034020021030880435,180774.04992874298,176956.8081698641,-0.02111609360073288,False,0.05,0.007334163479633507,False,0.0069907780971080425
16,0.02,+/-10%,rolling,carried,0.1,0.1,15,0.0,0.0,0.1.0b1,042c345cfe16,1.1.0a5,0.19095875554275354,0.02949027458554965,180774.04992874298,177418.93086691757,-0.018559738320560557,False,0.05,0.0064392508493096145,False,0.005995759921013802
16,0.02,+/-10%,fixed,reset,0.1,0.1,15,0.0,0.0,0.1.0b1,042c345cfe16,1.1.0a5,0.052195283241285535,0.009053613700478304,180774.04992874298,181132.6727934312,0.0019838182793912276,False,0.05,0.005308233657119436,False,0.0045418004128062435
16,0.02,+/-10%,fixed,carried,0.1,0.1,15,0.0,0.0,0.1.0b1,042c345cfe16,1.1.0a5,3.000755086421139e-06,1.1913130389110422e-06,180774.04992874298,180773.94483654667,-5.813455878168367e-07,False,0.05,1.2711844932114658e-06,False,1.2260613527722835e-06
16,0.02,+/-20%,rolling,reset,0.2,0.2,15,0.0,0.0,0.1.0b1,042c345cfe16,1.1.0a5,0.233936840704149,0.03560981909673995,180808.41626129774,176889.61330103702,-0.02167378621688385,False,0.05,0.007310597028894439,False,0.007643982071889847
16,0.02,+/-20%,rolling,carried,0.2,0.2,15,0.0,0.0,0.1.0b1,042c345cfe16,1.1.0a5,0.2477115857009782,0.03385509057306305,180808.41626129774,177401.5042173507,-0.018842662937899324,False,0.05,0.013118153120070242,False,0.012638617047856822
16,0.02,+/-20%,fixed,reset,0.2,0.2,15,0.0,0.0,0.1.0b1,042c345cfe16,1.1.0a5,0.08834659956938273,0.020200827093108314,180808.41626129774,180853.30797903554,0.00024828334137348267,False,0.05,0.02103248857368138,False,0.020964118789490574
16,0.02,+/-20%,fixed,carried,0.2,0.2,15,0.0,0.0,0.1.0b1,042c345cfe16,1.1.0a5,3.076536802927064e-05,4.870853047953946e-06,180808.41626129774,180808.85552031116,2.4294168518582483e-06,False,0.05,1.137675709247718e-06,False,1.1178511767495024e-06
16,0.04,NHF,rolling,reset,,,15,0.0,0.0,0.1.0b1,042c345cfe16,1.1.0a5,2.4259110213199867e-16,3.59067862781254e-17,179249.15790422002,179249.15790422002,0.0,False,0.05,1.7642212807463725e-17,False,3.8585586240149446e-17
16,0.04,NHF,rolling,carried,,,15,0.0,0.0,0.1.0b1,042c345cfe16,1.1.0a5,2.4259110213199867e-16,3.59067862781254e-17,179249.15790422002,179249.15790422002,0.0,False,0.05,1.7642212807463725e-17,False,3.8585586240149446e-17
16,0.04,NHF,fixed,reset,,,15,0.0,0.0,0.1.0b1,042c345cfe16,1.1.0a5,2.4259110213199867e-16,3.59067862781254e-17,179249.15790422002,179249.15790422002,0.0,False,0.05,1.7642212807463725e-17,False,3.8585586240149446e-17
16,0.04,NHF,fixed,carried,,,15,0.0,0.0,0.1.0b1,042c345cfe16,1.1.0a5,2.4259110213199867e-16,3.59067862781254e-17,179249.15790422002,179249.15790422002,0.0,False,0.05,1.7642212807463725e-17,False,3.8585586240149446e-17
16,0.04,NDY,rolling,reset,0.0,,15,0.0,0.0,0.1.0b1,042c345cfe16,1.1.0a5,0.08685346963169854,0.05609946075857804,181506.94214558744,171324.50056728156,-0.05609946075857805,True,0.05,0.05024566041110493,True,0.05024566041110493
16,0.04,NDY,rolling,carried,0.0,,15,1.0,0.0,0.1.0b1,042c345cfe16,1.1.0a5,0.07121761179726398,0.041322889735247476,181506.94214558744,174006.55078912334,-0.04132288973524772,False,0.05,0.03455445323281771,False,0.03455445323281771
16,0.04,NDY,fixed,reset,0.0,,15,0.0,0.0,0.1.0b1,042c345cfe16,1.1.0a5,0.011745483985317757,0.009400645344061686,181506.94214558744,179800.65975499162,-0.009400645344061856,False,0.05,0.009486163910551992,False,0.009486163910551994
16,0.04,NDY,fixed,carried,0.0,,15,0.0,0.2857142857142857,0.1.0b1,042c345cfe16,1.1.0a5,1.7401563654507873e-05,6.78313639979127e-06,181506.94214558744,181505.73211515174,-6.666579368244387e-06,False,0.05,5.25357169184721e-06,False,5.253571768265882e-06
16,0.04,-10%,rolling,reset,0.1,,15,0.0,0.0,0.1.0b1,042c345cfe16,1.1.0a5,0.09620892959565604,0.016341240721007098,176758.06423717184,175104.8561914778,-0.0093529426950263,False,0.05,0.0038777808414637792,False,0.003925951175127525
16,0.04,-10%,rolling,carried,0.1,,15,0.0,0.0,0.1.0b1,042c345cfe16,1.1.0a5,0.04472972288291931,0.006882302017567838,176758.06423717184,176063.0197812321,-0.003932179609113205,False,0.05,0.0008244437645170364,False,0.0008359950366857838
16,0.04,-10%,fixed,reset,0.1,,15,0.0,0.0,0.1.0b1,042c345cfe16,1.1.0a5,0.04412729711154753,0.009394279386395516,176758.06423717184,175939.2752728496,-0.004632258040705872,False,0.05,0.004145817666645235,False,0.004139949674597842
16,0.04,-10%,fixed,carried,0.1,,15,0.0,0.0,0.1.0b1,042c345cfe16,1.1.0a5,7.6152414954236e-05,1.2830269487574855e-05,176758.06423717184,176757.9304335429,-7.569874082718154e-07,False,0.05,9.186651567804515e-06,False,8.618330259693922e-06
16,0.04,-20%,rolling,reset,0.2,,15,0.0,0.0,0.1.0b1,042c345cfe16,1.1.0a5,0.04696039342710143,0.006851578784286484,178072.33584220812,177877.81468579025,-0.0010923715662956356,False,0.05,0.002346870186896577,False,0.0024789517780561036
16,0.04,-20%,rolling,carried,0.2,,15,0.0,0.0,0.1.0b1,042c345cfe16,1.1.0a5,0.02260963438526853,0.005207601222825982,178072.33584220812,177821.88687991558,-0.0014064450893398301,False,0.05,0.0010613209248936134,False,0.0011813007064445837
16,0.04,-20%,fixed,reset,0.2,,15,0.0,0.0,0.1.0b1,042c345cfe16,1.1.0a5,0.05770876244445309,0.011031865036300657,178072.33584220812,178389.55251564557,0.0017813922187135062,False,0.05,0.0020653068121145876,False,0.0021522311110463424
16,0.04,-20%,fixed,carried,0.2,,15,0.0,0.0,0.1.0b1,042c345cfe16,1.1.0a5,0.0010432907555691332,0.0001274247359127174,178072.33584220812,178072.1976841189,-7.758537482306241e-07,False,0.05,1.5737886609061086e-06,False,1.467626973826264e-06
16,0.04,+/-10%,rolling,reset,0.1,0.1,15,0.0,0.0,0.1.0b1,042c345cfe16,1.1.0a5,0.13004428952924085,0.013366345418903254,177778.6720946896,176405.76034276822,-0.0077225897558179935,False,0.05,0.003221422350928459,False,0.003202906405964025
16,0.04,+/-10%,rolling,carried,0.1,0.1,15,0.0,0.0,0.1.0b1,042c345cfe16,1.1.0a5,0.09844507446955357,0.008542432641160235,177778.6720946896,177102.28885429606,-0.003804636587865152,False,0.05,0.000741718346762747,False,0.000719900365848893
16,0.04,+/-10%,fixed,reset,0.1,0.1,15,0.0,0.0,0.1.0b1,042c345cfe16,1.1.0a5,0.09425081127099832,0.015271041818899373,177778.6720946896,176254.398335288,-0.008573996764863553,False,0.05,0.0038594793755222416,False,0.0038163213546977613
16,0.04,+/-10%,fixed,carried,0.1,0.1,15,0.0,0.0,0.1.0b1,042c345cfe16,1.1.0a5,0.00038902743697129743,4.6841247489096966e-05,177778.6720946896,177780.2549739505,8.90365105251148e-06,False,0.05,1.138347674935818e-06,False,1.098176864802698e-06
16,0.04,+/-20%,rolling,reset,0.2,0.2,15,0.0,0.0,0.1.0b1,042c345cfe16,1.1.0a5,0.20305437968953402,0.06980420808432787,176660.5298106869,176471.05218694513,-0.0010725521085258932,True,0.05,0.07011445455543439,True,0.08433938100749169
16,0.04,+/-20%,rolling,carried,0.2,0.2,15,0.0,0.0,0.1.0b1,042c345cfe16,1.1.0a5,0.04826193204528381,0.0071502960366720625,176660.5298106869,176353.28458825333,-0.0017391843144748172,False,0.05,0.0009884158913883675,False,0.0010590563115530796
16,0.04,+/-20%,fixed,reset,0.2,0.2,15,0.0,0.0,0.1.0b1,042c345cfe16,1.1.0a5,0.19865285910864638,0.07163750491970686,176660.5298106869,176574.46405365283,-0.00048718158564499544,True,0.05,0.07206300257999278,True,0.08652801882164554
16,0.04,+/-20%,fixed,carried,0.2,0.2,15,0.0,0.0,0.1.0b1,042c345cfe16,1.1.0a5,9.550281424958516e-05,1.2962849101432871e-05,176660.5298106869,176660.42173237877,-6.117852597197158e-07,False,0.05,1.645465862927383e-06,False,1.6942770622134058e-06
16,0.06,NHF,rolling,reset,,,15,0.0,0.0,0.1.0b1,042c345cfe16,1.1.0a5,2.4259110213199867e-16,3.59067862781254e-17,179249.15790422002,179249.15790422002,0.0,False,0.05,1.7642212807463725e-17,False,3.8585586240149446e-17
16,0.06,NHF,rolling,carried,,,15,0.0,0.0,0.1.0b1,042c345cfe16,1.1.0a5,2.4259110213199867e-16,3.59067862781254e-17,179249.15790422002,179249.15790422002,0.0,False,0.05,1.7642212807463725e-17,False,3.8585586240149446e-17
16,0.06,NHF,fixed,reset,,,15,0.0,0.0,0.1.0b1,042c345cfe16,1.1.0a5,2.4259110213199867e-16,3.59067862781254e-17,179249.15790422002,179249.15790422002,0.0,False,0.05,1.7642212807463725e-17,False,3.8585586240149446e-17
16,0.06,NHF,fixed,carried,,,15,0.0,0.0,0.1.0b1,042c345cfe16,1.1.0a5,2.4259110213199867e-16,3.59067862781254e-17,179249.15790422002,179249.15790422002,0.0,False,0.05,1.7642212807463725e-17,False,3.8585586240149446e-17
16,0.06,NDY,rolling,reset,0.0,,15,0.0,0.0,0.1.0b1,042c345cfe16,1.1.0a5,0.07821541381783818,0.051054124644827316,179213.34743732525,170063.76685924333,-0.05105412464482717,True,0.05,0.04572634812301472,False,0.04572634812301472
16,0.06,NDY,rolling,carried,0.0,,15,1.0,0.0,0.1.0b1,042c345cfe16,1.1.0a5,0.06297618006889383,0.03540899632783827,179213.34743732525,172867.5826760174,-0.035408996327838296,False,0.05,0.0292656659177264,False,0.0292656659177264
16,0.06,NDY,fixed,reset,0.0,,15,0.0,0.0,0.1.0b1,042c345cfe16,1.1.0a5,0.025958174077326302,0.018981638177976528,179213.34743732525,175811.58451960594,-0.018981638177976587,False,0.05,0.01839306847695399,False,0.018393068476953992
16,0.06,NDY,fixed,carried,0.0,,15,0.0,0.07142857142857142,0.1.0b1,042c345cfe16,1.1.0a5,1.8000080829736717e-05,8.399985579208532e-06,179213.34743732525,179211.84204779114,-8.39998557941153e-06,False,0.05,6.599993536927913e-06,False,6.599993536927913e-06
16,0.06,-10%,rolling,reset,0.1,,15,0.0,0.0,0.1.0b1,042c345cfe16,1.1.0a5,0.16108836458705286,0.014560077971434658,176534.57583530297,174751.72435802204,-0.010099163117735252,False,0.05,0.004526358896429016,False,0.004523725863865839
16,0.06,-10%,rolling,carried,0.1,,15,0.0,0.0,0.1.0b1,042c345cfe16,1.1.0a5,0.005507432283785559,0.0004061386098527775,176534.57583530297,176470.19217575627,-0.0003647084954437848,False,0.05,2.963232794795285e-05,False,3.20331682319798e-05
16,0.06,-10%,fixed,reset,0.1,,15,0.0,0.0,0.1.0b1,042c345cfe16,1.1.0a5,0.12360700671308839,0.01164476317999011,176534.57583530297,175148.56213714235,-0.007851230794887986,False,0.05,0.004015793228718724,False,0.00403032417675114
16,0.06,-10%,fixed,carried,0.1,,15,0.0,0.0,0.1.0b1,042c345cfe16,1.1.0a5,0.00016004983258171245,1.2016599302504178e-05,176534.57583530297,176532.8124951295,-9.988639138368576e-06,False,0.05,2.0100276595186644e-06,False,2.0771703988904914e-06
16,0.06,-20%,rolling,reset,0.2,,15,0.0,0.0,0.1.0b1,042c345cfe16,1.1.0a5,0.1337549036225349,0.026814353558201404,176739.21960621225,175150.94696149306,-0.008986531955148282,False,0.05,0.01568546637512993,False,0.017538722893651517
16,0.06,-20%,rolling,carried,0.2,,15,0.0,0.0,0.1.0b1,042c345cfe16,1.1.0a5,0.0011692862133045074,9.997808152940172e-05,176739.21960621225,176724.30294138353,-8.439929101167457e-05,False,0.05,1.1972270478789146e-05,False,1.3139676324431393e-05
16,0.06,-20%,fixed,reset,0.2,,15,0.0,0.0,0.1.0b1,042c345cfe16,1.1.0a5,0.13375594797174153,0.030158500436195536,176739.21960621225,176750.37567765824,6.312165161104884e-05,False,0.05,0.016702861091473297,False,0.018731685562954094
16,0.06,-20%,fixed,carried,0.2,,15,0.0,0.0,0.1.0b1,042c345cfe16,1.1.0a5,9.995075316340963e-05,2.4365928624234683e-05,176739.21960621225,176739.3552971795,7.677467828796282e-07,False,0.05,1.0220120397325785e-05,False,1.12022905149508e-05
16,0.06,+/-10%,rolling,reset,0.1,0.1,15,0.0,0.0,0.1.0b1,042c345cfe16,1.1.0a5,0.12729459350437117,0.040697974581353456,177744.7070083815,175057.72580086938,-0.015117081418269247,False,0.05,0.027971634368413788,False,0.029764842502263945
16,0.06,+/-10%,rolling,carried,0.1,0.1,15,0.0,0.0,0.1.0b1,042c345cfe16,1.1.0a5,0.13316969875806037,0.009121596115905817,177744.7070083815,176353.59758783696,-0.007826446390209126,False,0.05,9.256288258695143e-05,False,9.929445558089379e-05
16,0.06,+/-10%,fixed,reset,0.1,0.1,15,0.0,0.0,0.1.0b1,042c345cfe16,1.1.0a5,0.09051199542435825,0.036747819628147556,177744.7070083815,175667.8176240168,-0.011684676406520196,False,0.05,0.027971284706446293,False,0.029768730230868592
16,0.06,+/-10%,fixed,carried,0.1,0.1,15,0.0,0.0,0.1.0b1,042c345cfe16,1.1.0a5,0.0001311374503223989,1.0823903372620312e-05,177744.7070083815,177743.37473205186,-7.4954486806077595e-06,False,0.05,1.987259875484893e-06,False,2.0069326693213275e-06
16,0.06,+/-20%,rolling,reset,0.2,0.2,15,0.0,0.0,0.1.0b1,042c345cfe16,1.1.0a5,0.28945505890686574,0.0781893797262673,175408.43200754316,174444.80934357707,-0.005493593739693482,True,0.05,0.06812555400229628,True,0.0870938161305007
16,0.06,+/-20%,rolling,carried,0.2,0.2,15,0.0,0.0,0.1.0b1,042c345cfe16,1.1.0a5,0.038758676574247336,0.002660678437461703,175408.43200754316,175069.58335916774,-0.0019317694394580327,False,0.05,3.651293696030544e-05,False,4.3390106407080016e-05
16,0.06,+/-20%,fixed,reset,0.2,0.2,15,0.0,0.0,0.1.0b1,042c345cfe16,1.1.0a5,0.28946024058818104,0.08024495940784251,175408.43200754316,174860.56644345907,-0.003123370740013957,True,0.05,0.06812487010704084,True,0.08709340730664487
16,0.06,+/-20%,fixed,carried,0.2,0.2,15,0.0,0.0,0.1.0b1,042c345cfe16,1.1.0a5,0.000132779159297852,1.9966951767065003e-05,175408.43200754316,175407.46974464672,-5.485841731948054e-06,False,0.05,3.687121291392758e-06,False,3.900397293234353e-06
17,0.0,NHF,rolling,reset,,,15,0.0,0.0,0.1.0b1,042c345cfe16,1.1.0a5,1.0,0.5566818643680995,196826.25955481408,136188.58145129043,-0.3080771754778822,True,0.05,0.4967460147488031,True,0.45125457263249796
17,0.0,NHF,rolling,carried,,,15,0.0,0.0,0.1.0b1,042c345cfe16,1.1.0a5,1.0,0.5566818643680995,196826.25955481408,136188.58145129043,-0.3080771754778822,True,0.05,0.4967460147488031,True,0.45125457263249796
17,0.0,NHF,fixed,reset,,,15,0.0,0.0,0.1.0b1,042c345cfe16,1.1.0a5,1.733611886038784e-16,1.1557412573591895e-17,196826.25955481408,196826.25955481408,0.0,False,0.05,1.733611886038784e-17,False,1.7777672790964007e-17
17,0.0,NHF,fixed,carried,,,15,0.0,0.0,0.1.0b1,042c345cfe16,1.1.0a5,1.733611886038784e-16,1.1557412573591895e-17,196826.25955481408,196826.25955481408,0.0,False,0.05,1.733611886038784e-17,False,1.7777672790964007e-17
17,0.0,NDY,rolling,reset,0.0,,15,0.0,0.0,0.1.0b1,042c345cfe16,1.1.0a5,0.7534837746001207,0.11580063456687405,194634.9097243652,153542.51616539198,-0.21112550475742892,True,0.05,0.06821664945288232,True,0.0682166494528823
17,0.0,NDY,rolling,carried,0.0,,15,0.0,0.0,0.1.0b1,042c345cfe16,1.1.0a5,0.7250065595076816,0.0483398372762457,194634.9097243652,165538.50546185588,-0.1494922175251838,False,0.05,5.499983500149648e-06,False,5.499983500149648e-06
17,0.0,NDY,fixed,reset,0.0,,15,0.0,0.0,0.1.0b1,042c345cfe16,1.1.0a5,0.5745009857122009,0.17423453833525743,194634.9097243652,194770.03074572588,0.0006942280886406052,True,0.05,0.12034547571406354,True,0.12034547571406355
17,0.0,NDY,fixed,carried,0.0,,15,0.0,0.0,0.1.0b1,042c345cfe16,1.1.0a5,1.583334730901182e-05,4.756070906334403e-06,194634.9097243652,194634.93256410494,1.1734657352286195e-07,False,0.05,3.981212125208948e-06,False,3.981212125208948e-06
17,0.0,-10%,rolling,reset,0.1,,15,0.0,0.0,0.1.0b1,042c345cfe16,1.1.0a5,0.787877511519481,0.28221534817038724,197342.71359013012,147578.6205075353,-0.252170917168759,True,0.05,0.22922302385122273,True,0.25467059289922667
17,0.0,-10%,rolling,carried,0.1,,15,0.0,0.0,0.1.0b1,042c345cfe16,1.1.0a5,0.7886241784943472,0.24238434239840298,197342.71359013012,157071.010746569,-0.2040698747418829,True,0.05,0.22744844460618485,True,0.299230911701035
17,0.0,-10%,fixed,reset,0.1,,15,0.0,0.0,0.1.0b1,042c345cfe16,1.1.0a5,0.9381785993478037,0.21211183283024965,197342.71359013012,197210.99228453828,-0.0006674748876992637,True,0.05,0.1717340374324482,True,0.12011311825963267
17,0.0,-10%,fixed,carried,0.1,,15,0.0,0.0,0.1.0b1,042c345cfe16,1.1.0a5,9.99999999824298e-07,1.15757866866561e-07,197342.71359013012,197342.71285044908,-3.74820547588236e-09,False,0.05,1.543442852922946e-07,False,1.0036271117426998e-07
17,0.0,-20%,rolling,reset,0.2,,15,0.0,0.0,0.1.0b1,042c345cfe16,1.1.0a5,0.8607382181724581,0.2756178345157895,196917.52757360466,143032.96974940793,-0.2736402314621563,True,0.05,0.2316302101183842,True,0.28483125336541587
17,0.0,-20%,rolling,carried,0.2,,15,0.0,0.0,0.1.0b1,042c345cfe16,1.1.0a5,0.8424103926388479,0.2819764038669354,196917.52757360466,148536.4255309691,-0.2456922074879874,True,0.05,0.22664342998821158,True,0.2976727693492483
17,0.0,-20%,fixed,reset,0.2,,15,0.0,0.0,0.1.0b1,042c345cfe16,1.1.0a5,0.7223506324135993,0.13169599620424827,196917.52757360466,196930.9926194979,6.837911311989055e-05,True,0.05,0.13570977773539375,True,0.07206562656719814
17,0.0,-20%,fixed,carried,0.2,,15,0.0,0.0,0.1.0b1,042c345cfe16,1.1.0a5,0.4110901693304872,0.02912323696114623,196917.52757360466,196917.52751624485,-2.9128848422678704e-10,False,0.05,2.2535977533521576e-07,False,1.1744480277873974e-07
17,0.0,+/-10%,rolling,reset,0.1,0.1,15,0.0,0.0,0.1.0b1,042c345cfe16,1.1.0a5,0.38797358500181844,0.13532381889592934,190431.85784275495,165360.16820769024,-0.1316570132701595,True,0.05,0.07399288794602941,True,0.07620941072329612
17,0.0,+/-10%,rolling,carried,0.1,0.1,15,0.0,0.0,0.1.0b1,042c345cfe16,1.1.0a5,0.36451126793595023,0.1423090106503161,190431.85784275495,164512.96650841643,-0.13610585764352776,True,0.05,0.08507887542468699,True,0.08909188428828543
17,0.0,+/-10%,fixed,reset,0.1,0.1,15,0.0,0.0,0.1.0b1,042c345cfe16,1.1.0a5,0.20919013818050494,0.03609247785607431,190431.85784275495,191083.905244934,0.0034240457955173526,False,0.05,0.05380207762274125,True,0.0594679400011492
17,0.0,+/-10%,fixed,carried,0.1,0.1,15,0.0,0.0,0.1.0b1,042c345cfe16,1.1.0a5,2.9999939992238e-06,9.905710444495472e-07,190431.85784275495,190431.87739672145,1.0268222303562337e-07,False,0.05,1.3554950333341152e-06,False,1.3802097942741648e-06
17,0.0,+/-20%,rolling,reset,0.2,0.2,15,0.0,0.0,0.1.0b1,042c345cfe16,1.1.0a5,0.40882898167476495,0.18859243936935,192074.729212304,166457.80274928786,-0.13336958259980802,True,0.05,0.13538104073035578,True,0.14800563352607926
17,0.0,+/-20%,rolling,carried,0.2,0.2,15,0.0,0.0,0.1.0b1,042c345cfe16,1.1.0a5,0.41683176563595226,0.21906786907014478,192074.729212304,164636.66371750494,-0.14285099142048624,True,0.05,0.1696282871062776,True,0.19393749017767742
17,0.0,+/-20%,fixed,reset,0.2,0.2,15,0.0,0.0,0.1.0b1,042c345cfe16,1.1.0a5,0.10457010966637116,0.017020163095630862,192074.729212304,192265.7851563405,0.0009946958916461095,False,0.05,0.024753802397966956,False,0.027499815118118377
17,0.0,+/-20%,fixed,carried,0.2,0.2,15,0.0,0.0,0.1.0b1,042c345cfe16,1.1.0a5,1.4423167495712677e-05,1.8778674054079288e-06,192074.729212304,192074.74140370495,6.347217565027164e-08,False,0.05,2.7690076778410574e-06,False,3.124275357745944e-06
17,0.02,NHF,rolling,reset,,,15,0.0,0.0,0.1.0b1,042c345cfe16,1.1.0a5,0.36458417107925417,0.07011928969377858,180847.56142500186,179531.9896793618,-0.007274478766945485,True,0.05,0.03560793172073718,False,0.031459794062051336
17,0.02,NHF,rolling,carried,,,15,0.0,0.0,0.1.0b1,042c345cfe16,1.1.0a5,0.36458417107925417,0.07011928969377858,180847.56142500186,179531.9896793618,-0.007274478766945485,True,0.05,0.03560793172073718,False,0.031459794062051336
17,0.02,NHF,fixed,reset,,,15,0.0,0.0,0.1.0b1,042c345cfe16,1.1.0a5,2.514565530990324e-16,6.861942749866848e-17,180847.56142500186,180847.56142500186,0.0,False,0.05,5.278506000805026e-17,False,5.736089545627411e-17
17,0.02,NHF,fixed,carried,,,15,0.0,0.0,0.1.0b1,042c345cfe16,1.1.0a5,2.514565530990324e-16,6.861942749866848e-17,180847.56142500186,180847.56142500186,0.0,False,0.05,5.278506000805026e-17,False,5.736089545627411e-17
17,0.02,NDY,rolling,reset,0.0,,15,0.0,0.0,0.1.0b1,042c345cfe16,1.1.0a5,0.10039097975856977,0.06371397659315,185851.00788979215,174009.70112328857,-0.06371397659315013,True,0.05,0.05764860506668251,True,0.0576486050666825
17,0.02,NDY,rolling,carried,0.0,,15,1.0,0.0,0.1.0b1,042c345cfe16,1.1.0a5,0.09651161473828189,0.0607256411948772,185851.00788979215,174565.0862689703,-0.060725641194877375,True,0.05,0.05440233004103116,True,0.05440233004103115
17,0.02,NDY,fixed,reset,0.0,,15,0.0,0.0,0.1.0b1,042c345cfe16,1.1.0a5,0.2392470802046926,0.03357182338039023,185851.00788979215,186472.45601656334,0.0033437974527407944,False,0.05,0.0016698881353947824,False,0.001669888135394782
17,0.02,NDY,fixed,carried,0.0,,15,0.0,0.0,0.1.0b1,042c345cfe16,1.1.0a5,2.9999970002441257e-06,9.234858126776762e-07,185851.00788979215,185850.87998204853,-6.882273336668548e-07,False,0.05,1.083859542506471e-06,False,1.0838597295164288e-06
17,0.02,-10%,rolling,reset,0.1,,15,0.0,0.0,0.1.0b1,042c345cfe16,1.1.0a5,0.21167965310150527,0.04909672871493601,182176.78474631798,178623.65623520498,-0.019503739272052397,False,0.05,0.025039053823722186,False,0.02408680223048802
17,0.02,-10%,rolling,carried,0.1,,15,0.0,0.0,0.1.0b1,042c345cfe16,1.1.0a5,0.23735325276932642,0.03791628512715181,182176.78474631798,179044.9619793318,-0.017191118897763282,False,0.05,0.017867681611400142,False,0.01682293719003239
17,0.02,-10%,fixed,reset,0.1,,15,0.0,0.0,0.1.0b1,042c345cfe16,1.1.0a5,0.10149398730116803,0.013436162038883818,182176.78474631798,182403.31145820153,0.0012434444498457186,False,0.05,5.265259903910644e-10,False,4.870997388960097e-10
17,0.02,-10%,fixed,carried,0.1,,15,0.0,0.0,0.1.0b1,042c345cfe16,1.1.0a5,3.2865795923980025e-09,7.757116747955724e-10,182176.78474631798,182176.78477054095,1.329641018954077e-10,False,0.05,5.265215216611968e-10,False,4.870948166169544e-10
17,0.02,-20%,rolling,reset,0.2,,15,0.0,0.0,0.1.0b1,042c345cfe16,1.1.0a5,0.2900577449483881,0.03670781779226764,182394.09161325818,178858.3761153375,-0.01938503307123386,False,0.05,0.016315382839015714,False,0.017519238786206103
17,0.02,-20%,rolling,carried,0.2,,15,0.0,0.0,0.1.0b1,042c345cfe16,1.1.0a5,0.2912498356732918,0.03345762595908963,182394.09161325818,178944.71899542297,-0.018911646683978846,False,0.05,0.011025802832550027,False,0.011934551405130576
17,0.02,-20%,fixed,reset,0.2,,15,0.0,0.0,0.1.0b1,042c345cfe16,1.1.0a5,0.10678086129739152,0.02047550648248566,182394.09161325818,182674.1756828143,0.0015355983687783056,False,0.05,0.01127288017017385,False,0.00935687227901675
17,0.02,-20%,fixed,carried,0.2,,15,0.0,0.0,0.1.0b1,042c345cfe16,1.1.0a5,6.488274178285852e-05,2.601064787992763e-05,182394.09161325818,182393.9128388398,-9.801546573482511e-07,False,0.05,1.821570784282671e-05,False,1.9959341588969292e-05
17,0.02,+/-10%,rolling,reset,0.1,0.1,15,0.0,0.0,0.1.0b1,042c345cfe16,1.1.0a5,0.14883804961631128,0.041120207903532255,182442.2143404244,178041.47030429688,-0.02412130357021452,False,0.05,0.013886784127904847,False,0.01319548149123177
17,0.02,+/-10%,rolling,carried,0.1,0.1,15,0.0,0.0,0.1.0b1,042c345cfe16,1.1.0a5,0.1595648013050986,0.03411192233424944,182442.2143404244,178136.29520323023,-0.023601550511547876,False,0.05,0.00578937662940483,False,0.005356230644617715
17,0.02,+/-10%,fixed,reset,0.1,0.1,15,0.0,0.0,0.1.0b1,042c345cfe16,1.1.0a5,0.0023433244231926293,0.000713754951498079,182442.2143404244,182468.14047490698,0.0001421060064213139,False,0.05,0.00021840331555018786,False,0.00019756259807550818
17,0.02,+/-10%,fixed,carried,0.1,0.1,15,0.0,0.0,0.1.0b1,042c345cfe16,1.1.0a5,0.000264926316941011,7.987911754984128e-05,182442.2143404244,182446.37403597138,2.2800071584447376e-05,False,0.05,2.7304686712593963e-05,False,2.4691795073084374e-05
17,0.02,+/-20%,rolling,reset,0.2,0.2,15,0.0,0.0,0.1.0b1,042c345cfe16,1.1.0a5,0.2003432777077465,0.05735576920670969,181500.09998002672,176930.17195192806,-0.025178652951714942,True,0.05,0.019417862101697176,False,0.02278349178700687
17,0.02,+/-20%,rolling,carried,0.2,0.2,15,0.0,0.0,0.1.0b1,042c345cfe16,1.1.0a5,0.2054420094427046,0.05578803568248563,181500.09998002672,177148.44440003607,-0.023976050594294602,True,0.05,0.014637898826986639,False,0.014678994221848882
17,0.02,+/-20%,fixed,reset,0.2,0.2,15,0.0,0.0,0.1.0b1,042c345cfe16,1.1.0a5,0.0937008410741531,0.017004082703860945,181500.09998002672,181480.98256524035,-0.00010533005099428452,False,0.05,0.01923261052943292,False,0.019596989770254068
17,0.02,+/-20%,fixed,carried,0.2,0.2,15,0.0,0.0,0.1.0b1,042c345cfe16,1.1.0a5,1.0000145502082378e-06,1.5830211269006154e-07,181500.09998002672,181500.09785819013,-1.169055326996796e-08,False,0.05,2.3739251819940803e-07,False,2.4940950140849143e-07
17,0.04,NHF,rolling,reset,,,15,0.0,0.0,0.1.0b1,042c345cfe16,1.1.0a5,2.382442890550568e-16,1.5882952603670455e-17,178682.65618762182,178682.65618762182,0.0,False,0.05,2.382442890550568e-17,False,1.9264973273544677e-17
17,0.04,NHF,rolling,carried,,,15,0.0,0.0,0.1.0b1,042c345cfe16,1.1.0a5,2.382442890550568e-16,1.5882952603670455e-17,178682.65618762182,178682.65618762182,0.0,False,0.05,2.382442890550568e-17,False,1.9264973273544677e-17
17,0.04,NHF,fixed,reset,,,15,0.0,0.0,0.1.0b1,042c345cfe16,1.1.0a5,2.382442890550568e-16,1.5882952603670455e-17,178682.65618762182,178682.65618762182,0.0,False,0.05,2.382442890550568e-17,False,1.9264973273544677e-17
17,0.04,NHF,fixed,carried,,,15,0.0,0.0,0.1.0b1,042c345cfe16,1.1.0a5,2.382442890550568e-16,1.5882952603670455e-17,178682.65618762182,178682.65618762182,0.0,False,0.05,2.382442890550568e-17,False,1.9264973273544677e-17
17,0.04,NDY,rolling,reset,0.0,,15,0.0,0.0,0.1.0b1,042c345cfe16,1.1.0a5,0.1037861189364517,0.06947772982076222,183512.8720109961,170762.81427078403,-0.06947772982076203,True,0.05,0.0637532692297536,True,0.0637532692297536
17,0.04,NDY,rolling,carried,0.0,,15,1.0,0.0,0.1.0b1,042c345cfe16,1.1.0a5,0.08482655351474291,0.05107243303417046,183512.8720109961,174140.42314430623,-0.05107243303417033,True,0.05,0.04407964027926616,False,0.04407964027926616
17,0.04,NDY,fixed,reset,0.0,,15,0.0,0.0,0.1.0b1,042c345cfe16,1.1.0a5,0.013382464523341176,0.010977368371534048,183512.8720109961,181498.3836140132,-0.010977368371534107,False,0.05,0.011191716508249584,False,0.011191716508249584
17,0.04,NDY,fixed,carried,0.0,,15,0.0,0.07142857142857142,0.1.0b1,042c345cfe16,1.1.0a5,9.916299417407393e-06,3.887926047750779e-06,183512.8720109961,183513.40375813114,2.8976012920271678e-06,False,0.05,5.436039373929327e-06,False,5.436079781296959e-06
17,0.04,-10%,rolling,reset,0.1,,15,0.0,0.0,0.1.0b1,042c345cfe16,1.1.0a5,0.07567513184460657,0.016224050553755125,179463.1815512109,178108.94492384125,-0.0075460415649837,False,0.05,0.006274252510882758,False,0.006250963765629034
17,0.04,-10%,rolling,carried,0.1,,15,0.0,0.07142857142857142,0.1.0b1,042c345cfe16,1.1.0a5,0.08436582217228646,0.005756404804238706,179463.1815512109,178678.4321137085,-0.004372760087720153,False,0.05,1.8416510509821385e-05,False,1.845101378321647e-05
17,0.04,-10%,fixed,reset,0.1,,15,0.0,0.0,0.1.0b1,042c345cfe16,1.1.0a5,0.03440413253588287,0.012535531619454619,179463.1815512109,179176.02085760905,-0.0016001092319869947,False,0.05,0.005462107076386928,False,0.0055246189431753835
17,0.04,-10%,fixed,carried,0.1,,15,0.0,0.07142857142857142,0.1.0b1,042c345cfe16,1.1.0a5,0.0001064527864730344,2.396330170543073e-05,179463.1815512109,179463.03967224693,-7.905742155333971e-07,False,0.05,8.219917326481522e-06,False,8.016555275625869e-06
17,0.04,-20%,rolling,reset,0.2,,15,0.0,0.0,0.1.0b1,042c345cfe16,1.1.0a5,0.09098733140707713,0.02183779420082311,178807.23852015106,177639.14585322508,-0.006532692281326956,False,0.05,0.008603408638181386,False,0.00970756920571895
17,0.04,-20%,rolling,carried,0.2,,15,0.0,0.0,0.1.0b1,042c345cfe16,1.1.0a5,0.04217142520466718,0.006278348604594754,178807.23852015106,178318.4158606512,-0.0027337968168708506,False,0.05,0.001512915172146308,False,0.0017021007756772562
17,0.04,-20%,fixed,reset,0.2,,15,0.0,0.0,0.1.0b1,042c345cfe16,1.1.0a5,0.08390262073402645,0.022006381054772987,178807.23852015106,178603.56459062675,-0.0011390698229555368,False,0.05,0.006022351890039189,False,0.006625405646310753
17,0.04,-20%,fixed,carried,0.2,,15,0.0,0.0,0.1.0b1,042c345cfe16,1.1.0a5,0.0007172865157315172,0.0001429284485024199,178807.23852015106,178803.1246105258,-2.3007511660720813e-05,False,0.05,6.778895299112844e-05,False,7.565795711939638e-05
17,0.04,+/-10%,rolling,reset,0.1,0.1,15,0.0,0.0,0.1.0b1,042c345cfe16,1.1.0a5,0.147684739605564,0.030097451073925727,180707.29756922292,177260.85684293945,-0.01907195100941209,False,0.05,0.006941387906403122,False,0.006827728118457534
17,0.04,+/-10%,rolling,carried,0.1,0.1,15,0.0,0.0,0.1.0b1,042c345cfe16,1.1.0a5,0.18844395417858753,0.017798524706281075,180707.29756922292,178131.77889001614,-0.014252433154893418,False,0.05,0.0008188991884019291,False,0.000749519379589985
17,0.04,+/-10%,fixed,reset,0.1,0.1,15,0.0,0.0,0.1.0b1,042c345cfe16,1.1.0a5,0.024999233365718146,0.010209095017148144,180707.29756922292,180219.93347491635,-0.0026969807022866714,False,0.05,0.0068464229213268685,False,0.0067681748325212465
17,0.04,+/-10%,fixed,carried,0.1,0.1,15,0.0,0.0,0.1.0b1,042c345cfe16,1.1.0a5,0.00013053728179367245,2.179500044044651e-05,180707.29756922292,180706.6653380033,-3.4986479689414443e-06,False,0.05,1.4241327919931441e-05,False,1.305946898581236e-05
17,0.04,+/-20%,rolling,reset,0.2,0.2,15,0.0,0.0,0.1.0b1,042c345cfe16,1.1.0a5,0.20670882100806676,0.05315777160718249,179170.65116658015,176136.99953451494,-0.01693163256545148,True,0.05,0.046883969876154674,False,0.056871456151206784
17,0.04,+/-20%,rolling,carried,0.2,0.2,15,0.0,0.0,0.1.0b1,042c345cfe16,1.1.0a5,0.20388628594974686,0.022066600648344748,179170.65116658015,176718.0236155386,-0.013688779580095763,False,0.05,7.809323568378119e-05,False,8.660102049899575e-05
17,0.04,+/-20%,fixed,reset,0.2,0.2,15,0.0,0.0,0.1.0b1,042c345cfe16,1.1.0a5,0.20307494181433494,0.032183035735542376,179170.65116658015,178759.4078534273,-0.0022952604708150162,False,0.05,0.04721462889508056,False,0.05703472881313966
17,0.04,+/-20%,fixed,carried,0.2,0.2,15,0.0,0.0,0.1.0b1,042c345cfe16,1.1.0a5,0.00036441028444734205,7.421390291610372e-05,179170.65116658015,179172.9809445,1.3003122468399646e-05,False,0.05,3.8438805459009345e-05,False,4.268319828241623e-05
17,0.06,NHF,rolling,reset,,,15,0.0,0.0,0.1.0b1,042c345cfe16,1.1.0a5,2.382442890550568e-16,1.5882952603670455e-17,178682.65618762182,178682.65618762182,0.0,False,0.05,2.382442890550568e-17,False,1.9264973273544677e-17
17,0.06,NHF,rolling,carried,,,15,0.0,0.0,0.1.0b1,042c345cfe16,1.1.0a5,2.382442890550568e-16,1.5882952603670455e-17,178682.65618762182,178682.65618762182,0.0,False,0.05,2.382442890550568e-17,False,1.9264973273544677e-17
17,0.06,NHF,fixed,reset,,,15,0.0,0.0,0.1.0b1,042c345cfe16,1.1.0a5,2.382442890550568e-16,1.5882952603670455e-17,178682.65618762182,178682.65618762182,0.0,False,0.05,2.382442890550568e-17,False,1.9264973273544677e-17
17,0.06,NHF,fixed,carried,,,15,0.0,0.0,0.1.0b1,042c345cfe16,1.1.0a5,2.382442890550568e-16,1.5882952603670455e-17,178682.65618762182,178682.65618762182,0.0,False,0.05,2.382442890550568e-17,False,1.9264973273544677e-17
17,0.06,NDY,rolling,reset,0.0,,15,0.0,0.0,0.1.0b1,042c345cfe16,1.1.0a5,0.09621222616574408,0.06518194796348017,180913.40122000704,169121.11331578827,-0.06518194796348051,True,0.05,0.059601238971502844,True,0.05960123897150284
17,0.06,NDY,rolling,carried,0.0,,15,1.0,0.0,0.1.0b1,042c345cfe16,1.1.0a5,0.08033977709320615,0.04689517651898885,180913.40122000704,172429.4353351441,-0.046895176518989126,False,0.05,0.039978364104995,False,0.039978364104994994
17,0.06,NDY,fixed,reset,0.0,,15,0.0,0.0,0.1.0b1,042c345cfe16,1.1.0a5,0.033857038572908886,0.024729560892366474,180913.40122000704,176439.4922482917,-0.024729560892366744,False,0.05,0.02378765790194965,False,0.023787657901949647
17,0.06,NDY,fixed,carried,0.0,,15,0.0,0.07142857142857142,0.1.0b1,042c345cfe16,1.1.0a5,1.4773272758908352e-05,6.791051568397707e-06,180913.40122000704,180912.1726277699,-6.791051568608849e-06,False,0.05,6.03194228692821e-06,False,6.03194228692821e-06
17,0.06,-10%,rolling,reset,0.1,,15,0.0,0.0,0.1.0b1,042c345cfe16,1.1.0a5,0.19769885044947533,0.02833580360301525,179932.49960490398,177510.59034026004,-0.01346009903692757,False,0.05,0.02091553132665282,False,0.0209025538354182
17,0.06,-10%,rolling,carried,0.1,,15,0.0,0.0,0.1.0b1,042c345cfe16,1.1.0a5,0.1703049759756366,0.011369030248293038,179932.49960490398,178099.46708261615,-0.01018733428542818,False,0.05,1.1616911096361105e-05,False,1.1476603883342327e-05
17,0.06,-10%,fixed,reset,0.1,,15,0.0,0.0,0.1.0b1,042c345cfe16,1.1.0a5,0.08482659724293212,0.020844644690040784,179932.49960490398,178765.38295182234,-0.006486413825431188,False,0.05,0.021474105480572863,False,0.02143686924982021
17,0.06,-10%,fixed,carried,0.1,,15,0.0,0.0,0.1.0b1,042c345cfe16,1.1.0a5,4.433963661079529e-05,1.0060548150946654e-05,179932.49960490398,179932.6065705902,5.944767424371801e-07,False,0.05,9.80299307325138e-06,False,9.50479598004237e-06
17,0.06,-20%,rolling,reset,0.2,,15,0.0,0.0,0.1.0b1,042c345cfe16,1.1.0a5,0.3175246997310348,0.06027634710212596,178707.4167893888,173022.44927312096,-0.031811592481176786,True,0.05,0.022862310089838,False,0.025013380341672803
17,0.06,-20%,rolling,carried,0.2,,15,0.0,0.0,0.1.0b1,042c345cfe16,1.1.0a5,0.37723243445821747,0.025418148091136815,178707.4167893888,174608.60558148727,-0.022935876314143656,False,0.05,0.0003609067300136567,False,0.00042465880094351384
17,0.06,-20%,fixed,reset,0.2,,15,0.0,0.0,0.1.0b1,042c345cfe16,1.1.0a5,0.18748639928496397,0.04833617518229157,178707.4167893888,178157.44747418878,-0.003077484555932998,False,0.05,0.023613619708629317,False,0.02598459511433025
17,0.06,-20%,fixed,carried,0.2,,15,0.0,0.0,0.1.0b1,042c345cfe16,1.1.0a5,0.00017889015499740962,5.064129706977391e-05,178707.4167893888,178706.25800270552,-6.484267436145656e-06,False,0.05,2.741196473248352e-05,False,3.040118793822238e-05
17,0.06,+/-10%,rolling,reset,0.1,0.1,15,0.0,0.0,0.1.0b1,042c345cfe16,1.1.0a5,0.2587101720245522,0.07532797764196648,180918.02528984175,176728.70385198956,-0.023155909595744515,True,0.05,0.03856324348582818,False,0.045065301789108045
17,0.06,+/-10%,rolling,carried,0.1,0.1,15,0.0,0.07142857142857142,0.1.0b1,042c345cfe16,1.1.0a5,0.05885159195866777,0.011771906150280632,180918.02528984175,178885.4829099618,-0.011234604051330366,False,0.05,2.0453292856833133e-06,False,2.067552760974558e-06
17,0.06,+/-10%,fixed,reset,0.1,0.1,15,0.0,0.0,0.1.0b1,042c345cfe16,1.1.0a5,0.25914569670588117,0.06177179262852912,180918.02528984175,178889.41435225683,-0.0112128735339387,True,0.05,0.038889747885243395,False,0.045438030351810876
17,0.06,+/-10%,fixed,carried,0.1,0.1,15,0.0,0.07142857142857142,0.1.0b1,042c345cfe16,1.1.0a5,3.999993999873331e-06,2.0557158665618177e-06,180918.02528984175,180917.83686409408,-1.0414979235806617e-06,False,0.05,2.04532928558137e-06,False,2.067552760864598e-06
17,0.06,+/-20%,rolling,reset,0.2,0.2,15,0.0,0.0,0.1.0b1,042c345cfe16,1.1.0a5,0.40564200398521155,0.10393314956073513,176261.53657681006,175362.56959926692,-0.005100188021743437,True,0.05,0.07880857339544495,True,0.11088287162184772
17,0.06,+/-20%,rolling,carried,0.2,0.2,15,0.0,0.0,0.1.0b1,042c345cfe16,1.1.0a5,0.005931827636477266,0.0015827145199665197,176261.53657681006,176025.36001267357,-0.0013399211689815917,False,0.05,1.5000697201588948e-06,False,1.4661066079132215e-06
17,0.06,+/-20%,fixed,reset,0.2,0.2,15,0.0,0.0,0.1.0b1,042c345cfe16,1.1.0a5,0.4071825789120895,0.10441772022627265,176261.53657681006,175468.33873101193,-0.004500118750822741,True,0.05,0.07896531681148303,True,0.11128640009266717
17,0.06,+/-20%,fixed,carried,0.2,0.2,15,0.0,0.0,0.1.0b1,042c345cfe16,1.1.0a5,3.0000997563747048e-06,1.467176831598256e-06,176261.53657681006,176261.45527523803,-4.612553232718836e-07,False,0.05,1.5000697199892578e-06,False,1.4661066077218116e-06
18,0.0,NHF,rolling,reset,,,15,0.0,0.0,0.1.0b1,042c345cfe16,1.1.0a5,1.0,0.5494485040014582,193673.17236630176,129546.57393890938,-0.33110728576339526,True,0.05,0.5212188140641858,True,0.5050738208302771
18,0.0,NHF,rolling,carried,,,15,0.0,0.0,0.1.0b1,042c345cfe16,1.1.0a5,1.0,0.5494485040014582,193673.17236630176,129546.57393890938,-0.33110728576339526,True,0.05,0.5212188140641858,True,0.5050738208302771
18,0.0,NHF,fixed,reset,,,15,0.0,0.0,0.1.0b1,042c345cfe16,1.1.0a5,1.7439876368268454e-16,1.1626584245512303e-17,193673.17236630176,193673.1723663018,1.5027290616011841e-16,False,0.05,0.0,False,0.0
18,0.0,NHF,fixed,carried,,,15,0.0,0.0,0.1.0b1,042c345cfe16,1.1.0a5,1.7439876368268454e-16,1.1626584245512303e-17,193673.17236630176,193673.1723663018,1.5027290616011841e-16,False,0.05,0.0,False,0.0
18,0.0,NDY,rolling,reset,0.0,,15,0.0,0.0,0.1.0b1,042c345cfe16,1.1.0a5,0.7466341941335625,0.12149089061765235,193196.69793755614,152130.61934995474,-0.21256097555494724,True,0.05,0.07761301223409638,True,0.07761301223409638
18,0.0,NDY,rolling,carried,0.0,,15,0.0,0.0,0.1.0b1,042c345cfe16,1.1.0a5,0.7189311838927535,0.047934812235250174,193196.69793755614,165050.89223674132,-0.14568471408301156,False,0.05,5.499983499950525e-06,False,5.499983499950526e-06
18,0.0,NDY,fixed,reset,0.0,,15,0.0,0.0,0.1.0b1,042c345cfe16,1.1.0a5,0.8027119942070277,0.20359680260249355,193196.69793755614,193244.81888093945,0.00024907746300543434,True,0.05,0.15149304828044916,True,0.15149304828044916
18,0.0,NDY,fixed,carried,0.0,,15,0.0,0.0,0.1.0b1,042c345cfe16,1.1.0a5,5.998102294821365e-06,1.8510341554049328e-06,193196.69793755614,193196.69323823595,-2.432401916441892e-08,False,0.05,1.4407932781302108e-06,False,1.4407932781302112e-06
18,0.0,-10%,rolling,reset,0.1,,15,0.0,0.0,0.1.0b1,042c345cfe16,1.1.0a5,0.8386220152015929,0.28206470518341736,193633.7228267953,142380.93742682796,-0.2646893560261338,True,0.05,0.25589094960838815,True,0.3094969610267577
18,0.0,-10%,rolling,carried,0.1,,15,0.0,0.0,0.1.0b1,042c345cfe16,1.1.0a5,0.8774921590677793,0.2999449021882311,193633.7228267953,150103.4974840014,-0.22480704655837017,True,0.05,0.2921169482046733,True,0.3561996227161774
18,0.0,-10%,fixed,reset,0.1,,15,0.0,0.0,0.1.0b1,042c345cfe16,1.1.0a5,0.8437799728170071,0.1947267845049118,193633.7228267953,193683.89474970938,0.00025910736095773593,True,0.05,0.15596654499076607,True,0.10979641410106027
18,0.0,-10%,fixed,carried,0.1,,15,0.0,0.0,0.1.0b1,042c345cfe16,1.1.0a5,1.3065538584618903e-06,4.626052275617393e-07,193633.7228267953,193633.7254090489,1.333576383035774e-08,False,0.05,4.612929667580258e-07,False,4.584110672034545e-07
18,0.0,-20%,rolling,reset,0.2,,15,0.0,0.0,0.1.0b1,042c345cfe16,1.1.0a5,0.8551526726114806,0.271919501129452,193420.87314125217,139107.60855652983,-0.2808035332621947,True,0.05,0.18737782967305955,True,0.21926225033860783
18,0.0,-20%,rolling,carried,0.2,,15,0.0,0.0,0.1.0b1,042c345cfe16,1.1.0a5,0.7874111902975871,0.2807580976261482,193420.87314125217,149258.6533441701,-0.22832189246106394,True,0.05,0.23523012542660923,True,0.2697453415069084
18,0.0,-20%,fixed,reset,0.2,,15,0.0,0.0,0.1.0b1,042c345cfe16,1.1.0a5,0.8842195354532101,0.2012274480139285,193420.87314125217,193512.34339504933,0.00047290787344528957,True,0.05,0.15695066010377606,True,0.08653966409159622
18,0.0,-20%,fixed,carried,0.2,,15,0.0,0.0,0.1.0b1,042c345cfe16,1.1.0a5,0.725332877739263,0.055053726934898045,193420.87314125217,193420.87309446937,-2.4187051784405693e-10,True,0.05,2.2543694639489885e-07,False,1.2458747993248896e-07
18,0.0,+/-10%,rolling,reset,0.1,0.1,15,0.0,0.0,0.1.0b1,042c345cfe16,1.1.0a5,0.46868628332188583,0.15300156744675658,189594.07567841565,161259.3313032362,-0.14944952406234513,True,0.05,0.09150920040894808,True,0.09469294924891473
18,0.0,+/-10%,rolling,carried,0.1,0.1,15,0.0,0.0,0.1.0b1,042c345cfe16,1.1.0a5,0.3779297417778756,0.17452041664251702,189594.07567841565,158864.37035506184,-0.16208156933910062,True,0.05,0.1233621539728031,True,0.13206687078652224
18,0.0,+/-10%,fixed,reset,0.1,0.1,15,0.0,0.0,0.1.0b1,042c345cfe16,1.1.0a5,0.12531234231327748,0.03853258736939292,189594.07567841565,190074.21689911847,0.0025324695351621714,False,0.05,0.05623182312203392,True,0.060554837193232125
18,0.0,+/-10%,fixed,carried,0.1,0.1,15,0.0,0.0,0.1.0b1,042c345cfe16,1.1.0a5,7.625818314142107e-06,3.062606112855951e-06,189594.07567841565,189594.5392932154,2.4453021440292166e-06,False,0.05,1.6435991250493578e-06,False,1.6161116823376848e-06
18,0.0,+/-20%,rolling,reset,0.2,0.2,15,0.0,0.0,0.1.0b1,042c345cfe16,1.1.0a5,0.4212105860100121,0.2006069570757967,191028.59237695855,162269.8817854172,-0.1505466288250269,True,0.05,0.15628917402074965,True,0.16779216565323296
18,0.0,+/-20%,rolling,carried,0.2,0.2,15,0.0,0.0,0.1.0b1,042c345cfe16,1.1.0a5,0.44959750354793054,0.2524256336460312,191028.59237695855,157947.99341671448,-0.17317092979969095,True,0.05,0.19879977929159262,True,0.2331645132966937
18,0.0,+/-20%,fixed,reset,0.2,0.2,15,0.0,0.0,0.1.0b1,042c345cfe16,1.1.0a5,0.048956391009157094,0.012969231156509754,191028.59237695855,191134.89764261857,0.0005564887660913407,False,0.05,0.01924957765608678,False,0.020827073141433786
18,0.0,+/-20%,fixed,carried,0.2,0.2,15,0.0,0.0,0.1.0b1,042c345cfe16,1.1.0a5,7.955407331556791e-06,2.712088549237713e-06,191028.59237695855,191028.59964538124,3.804887320921567e-08,False,0.05,3.847834402187642e-06,False,3.9642740159866856e-06
18,0.02,NHF,rolling,reset,,,15,0.0,0.0,0.1.0b1,042c345cfe16,1.1.0a5,0.39708067527678725,0.07229821452794696,179856.4007960518,178548.29500057682,-0.007273056670128252,True,0.05,0.02700009399519296,False,0.02114190868405764
18,0.02,NHF,rolling,carried,,,15,0.0,0.0,0.1.0b1,042c345cfe16,1.1.0a5,0.39708067527678725,0.07229821452794696,179856.4007960518,178548.29500057682,-0.007273056670128252,True,0.05,0.02700009399519296,False,0.02114190868405764
18,0.02,NHF,fixed,reset,,,15,0.0,0.0,0.1.0b1,042c345cfe16,1.1.0a5,1.7546313836166012e-16,2.295945646518985e-17,179856.4007960518,179856.4007960518,0.0,False,0.05,0.0,False,0.0
18,0.02,NHF,fixed,carried,,,15,0.0,0.0,0.1.0b1,042c345cfe16,1.1.0a5,1.7546313836166012e-16,2.295945646518985e-17,179856.4007960518,179856.4007960518,0.0,False,0.05,0.0,False,0.0
18,0.02,NDY,rolling,reset,0.0,,15,0.0,0.0,0.1.0b1,042c345cfe16,1.1.0a5,0.09171539334167443,0.0590160305187509,185211.80412748287,174281.3386426625,-0.05901603051875048,True,0.05,0.05355109907431445,True,0.05355109907431444
18,0.02,NDY,rolling,carried,0.0,,15,1.0,0.0,0.1.0b1,042c345cfe16,1.1.0a5,0.0884861746164105,0.05660080765474105,185211.80412748287,174728.66642667566,-0.05660080765474096,True,0.05,0.050992841927366216,True,0.050992841927366216
18,0.02,NDY,fixed,reset,0.0,,15,0.0,0.0,0.1.0b1,042c345cfe16,1.1.0a5,0.0600340643926683,0.007517063646214959,185211.80412748287,185349.4344036801,0.0007430966770481121,False,0.05,0.0007966351764773689,False,0.0007966351764773689
18,0.02,NDY,fixed,carried,0.0,,15,0.0,0.0,0.1.0b1,042c345cfe16,1.1.0a5,6.199358272048079e-06,3.573522957571574e-06,185211.80412748287,185211.14226884887,-3.573522957257299e-06,False,0.05,3.499597488041997e-06,False,3.4995974880419964e-06
18,0.02,-10%,rolling,reset,0.1,,15,0.0,0.0,0.1.0b1,042c345cfe16,1.1.0a5,0.21199650428441194,0.02552245496162097,181075.21817950814,178624.49495404214,-0.013534282880369035,False,0.05,0.008159865943871943,False,0.007780044331646604
18,0.02,-10%,rolling,carried,0.1,,15,0.0,0.0,0.1.0b1,042c345cfe16,1.1.0a5,0.17682566120309473,0.01301131524067087,181075.21817950814,179423.81323862466,-0.009119994207304338,False,0.05,0.0005685805206493045,False,0.0005188177495332187
18,0.02,-10%,fixed,reset,0.1,,15,0.0,0.0,0.1.0b1,042c345cfe16,1.1.0a5,0.054923653425383925,0.009518201184788072,181075.21817950814,181212.13991710913,0.0007561594511804164,False,0.05,0.0012502862338276207,False,0.0011633473603154362
18,0.02,-10%,fixed,carried,0.1,,15,0.0,0.0,0.1.0b1,042c345cfe16,1.1.0a5,3.860857652998257e-05,6.240019567392144e-06,181075.21817950814,181075.21753161534,-3.5780312935515463e-09,False,0.05,7.08199967068761e-06,False,6.5694768815857816e-06
18,0.02,-20%,rolling,reset,0.2,,15,0.0,0.0,0.1.0b1,042c345cfe16,1.1.0a5,0.3130519751358811,0.031120826413321274,181171.2824565582,178387.04876705437,-0.015367963684705072,False,0.05,0.003147890089117678,False,0.00309762514839967
18,0.02,-20%,rolling,carried,0.2,,15,0.0,0.0,0.1.0b1,042c345cfe16,1.1.0a5,0.3243983006792374,0.034526326466747394,181171.2824565582,178392.3045482466,-0.015338953672075143,False,0.05,0.0023214224132641834,False,0.002640304294579227
18,0.02,-20%,fixed,reset,0.2,,15,0.0,0.0,0.1.0b1,042c345cfe16,1.1.0a5,0.07666908644882418,0.009228092620607347,181171.2824565582,181284.68501425043,0.0006259411323614193,False,0.05,3.460053025823847e-10,False,2.897190294084981e-10
18,0.02,-20%,fixed,carried,0.2,,15,0.0,0.0,0.1.0b1,042c345cfe16,1.1.0a5,1.0838751317447299e-09,3.5849657643494996e-10,181171.2824565582,181171.2824843105,1.531827031397122e-10,False,0.05,3.4600531541680876e-10,False,2.8971904447141266e-10
18,0.02,+/-10%,rolling,reset,0.1,0.1,15,0.0,0.0,0.1.0b1,042c345cfe16,1.1.0a5,0.10055861170948269,0.014532670603924162,181316.79382639335,179171.71125537535,-0.011830578545701947,False,0.05,0.003211745207463699,False,0.0031860090078956816
18,0.02,+/-10%,rolling,carried,0.1,0.1,15,0.0,0.0,0.1.0b1,042c345cfe16,1.1.0a5,0.10006739968626904,0.013748880651614026,181316.79382639335,179185.41555123535,-0.011754996490831102,False,0.05,0.0022735045147969208,False,0.002255819538271522
18,0.02,+/-10%,fixed,reset,0.1,0.1,15,0.0,0.0,0.1.0b1,042c345cfe16,1.1.0a5,0.04249652153129186,0.0052799049537945696,181316.79382639335,181403.08589824403,0.0004759188050352469,False,0.05,1.615442557004143e-10,False,1.5349683869290625e-10
18,0.02,+/-10%,fixed,carried,0.1,0.1,15,0.0,0.0,0.1.0b1,042c345cfe16,1.1.0a5,6.402353663207198e-10,1.7314654529166555e-10,181316.79382639335,181316.79382079374,-3.0882997462813704e-11,False,0.05,1.5352307039971795e-10,False,1.4550038616680843e-10
18,0.02,+/-20%,rolling,reset,0.2,0.2,15,0.0,0.0,0.1.0b1,042c345cfe16,1.1.0a5,0.16038539311594305,0.03856888442302551,180563.69377821026,177508.99374912994,-0.01691757609274692,False,0.05,0.020722916915665482,False,0.024442992934769574
18,0.02,+/-20%,rolling,carried,0.2,0.2,15,0.0,0.0,0.1.0b1,042c345cfe16,1.1.0a5,0.1575566340524489,0.0233481339445725,180563.69377821026,178172.60285216378,-0.013242368252520934,False,0.05,0.004497550580583189,False,0.0045163623772387085
18,0.02,+/-20%,fixed,reset,0.2,0.2,15,0.0,0.0,0.1.0b1,042c345cfe16,1.1.0a5,0.05969040113226719,0.013434717254138846,180563.69377821026,180438.04700451708,-0.000695858458940894,False,0.05,0.011682997394688041,False,0.013319550506555646
18,0.02,+/-20%,fixed,carried,0.2,0.2,15,0.0,0.0,0.1.0b1,042c345cfe16,1.1.0a5,4.642949899642615e-05,7.279215485625573e-06,180563.69377821026,180563.85432406105,8.891369434490013e-07,False,0.05,4.350547522119964e-06,False,4.539106966381247e-06
18,0.04,NHF,rolling,reset,,,15,0.0,0.0,0.1.0b1,042c345cfe16,1.1.0a5,0.0,0.0,177893.33710001933,177893.33710001933,0.0,False,0.05,0.0,False,0.0
18,0.04,NHF,rolling,carried,,,15,0.0,0.0,0.1.0b1,042c345cfe16,1.1.0a5,0.0,0.0,177893.33710001933,177893.33710001933,0.0,False,0.05,0.0,False,0.0
18,0.04,NHF,fixed,reset,,,15,0.0,0.0,0.1.0b1,042c345cfe16,1.1.0a5,0.0,0.0,177893.33710001933,177893.33710001933,0.0,False,0.05,0.0,False,0.0
18,0.04,NHF,fixed,carried,,,15,0.0,0.0,0.1.0b1,042c345cfe16,1.1.0a5,0.0,0.0,177893.33710001933,177893.33710001933,0.0,False,0.05,0.0,False,0.0
18,0.04,NDY,rolling,reset,0.0,,15,0.0,0.0,0.1.0b1,042c345cfe16,1.1.0a5,0.09600808212894868,0.06136919521152895,182839.46547538092,171618.75462625068,-0.06136919521152882,True,0.05,0.05519507546623874,True,0.05519507546623874
18,0.04,NDY,rolling,carried,0.0,,15,1.0,0.0,0.1.0b1,042c345cfe16,1.1.0a5,0.07943174512833072,0.048332168186675496,182839.46547538092,174002.437678863,-0.048332168186675246,False,0.05,0.04213659971141422,False,0.04213659971141422
18,0.04,NDY,fixed,reset,0.0,,15,0.0,0.0,0.1.0b1,042c345cfe16,1.1.0a5,0.009897242569067254,0.007707444972400067,182839.46547538092,181430.2403564464,-0.0077074449723999894,False,0.05,0.007604284409356727,False,0.0076042844093567276
18,0.04,NDY,fixed,carried,0.0,,15,0.0,0.14285714285714285,0.1.0b1,042c345cfe16,1.1.0a5,1.3597528754904932e-05,7.487889977092502e-06,182839.46547538092,182838.1582732296,-7.14945292532126e-06,False,0.05,5.992814468818985e-06,False,5.992815113104449e-06
18,0.04,-10%,rolling,reset,0.1,,15,0.0,0.0,0.1.0b1,042c345cfe16,1.1.0a5,0.037106749281091755,0.006893819469405951,178217.01416759746,177969.17429643197,-0.0013906633568241498,False,0.05,0.0077712072558814614,False,0.008259328188459689
18,0.04,-10%,rolling,carried,0.1,,15,0.0,0.07142857142857142,0.1.0b1,042c345cfe16,1.1.0a5,0.00023498449111391382,9.48181528221466e-05,178217.01416759746,178201.93763498156,-8.459648303681889e-05,False,0.05,4.853331505959864e-05,False,5.081159330032284e-05
18,0.04,-10%,fixed,reset,0.1,,15,0.0,0.0,0.1.0b1,042c345cfe16,1.1.0a5,0.00937214699811344,0.0020688769981498357,178217.01416759746,178128.77199475295,-0.000495138880295235,False,0.05,0.003003756962345869,False,0.0030668054028602527
18,0.04,-10%,fixed,carried,0.1,,15,0.0,0.07142857142857142,0.1.0b1,042c345cfe16,1.1.0a5,2.3064781746337167e-05,9.783560093411091e-06,178217.01416759746,178215.45322109634,-8.758683947281016e-06,False,0.05,5.749472618946041e-06,False,5.8871087103161936e-06
18,0.04,-20%,rolling,reset,0.2,,15,0.0,0.0,0.1.0b1,042c345cfe16,1.1.0a5,0.05889513489687515,0.009335670080878822,177501.00273688417,176460.59644148566,-0.005861410805327912,False,0.05,0.0020715880045444604,False,0.002143034116883087
18,0.04,-20%,rolling,carried,0.2,,15,0.0,0.0,0.1.0b1,042c345cfe16,1.1.0a5,0.003337897250132806,0.000539864090671224,177501.00273688417,177457.23594091515,-0.0002465721054764532,False,0.05,8.592612823679898e-05,False,9.857028412824169e-05
18,0.04,-20%,fixed,reset,0.2,,15,0.0,0.0,0.1.0b1,042c345cfe16,1.1.0a5,0.023017740820580793,0.004957487275961772,177501.00273688417,177054.74712667128,-0.0025141019111558902,False,0.05,0.0024642702553893314,False,0.0026464471943806822
18,0.04,-20%,fixed,carried,0.2,,15,0.0,0.0,0.1.0b1,042c345cfe16,1.1.0a5,3.0001158618769503e-06,1.3063178833359384e-06,177501.00273688417,177500.79286218237,-1.1823860066510343e-06,False,0.05,1.5275362968674764e-06,False,1.4175847998260632e-06
18,0.04,+/-10%,rolling,reset,0.1,0.1,15,0.0,0.0,0.1.0b1,042c345cfe16,1.1.0a5,0.10146919549759927,0.019323203211159237,179374.40990880434,178738.47529804092,-0.0035452917229761723,False,0.05,0.01803178149567643,False,0.019436660278087964
18,0.04,+/-10%,rolling,carried,0.1,0.1,15,0.0,0.0,0.1.0b1,042c345cfe16,1.1.0a5,0.014674989860693337,0.00295115958064565,179374.40990880434,178950.33631963105,-0.002364181096896119,False,0.05,1.3019061382558104e-05,False,1.3761450799375872e-05
18,0.04,+/-10%,fixed,reset,0.1,0.1,15,0.0,0.0,0.1.0b1,042c345cfe16,1.1.0a5,0.11084361256256062,0.019662228586991775,179374.40990880434,178988.91645079976,-0.0021490995187137874,False,0.05,0.01857585949405647,False,0.02014141084409992
18,0.04,+/-10%,fixed,carried,0.1,0.1,15,0.0,0.0,0.1.0b1,042c345cfe16,1.1.0a5,8.736074635314673e-05,2.6290846731163633e-05,179374.40990880434,179373.1777342714,-6.869288286886067e-06,False,0.05,7.364097738195315e-06,False,7.754476292550289e-06
18,0.04,+/-20%,rolling,reset,0.2,0.2,15,0.0,0.0,0.1.0b1,042c345cfe16,1.1.0a5,0.2621828665981771,0.06359823139994648,177411.1137423894,176640.29856147725,-0.004344796471045291,True,0.05,0.05015802352626712,True,0.06511816996867635
18,0.04,+/-20%,rolling,carried,0.2,0.2,15,0.0,0.0,0.1.0b1,042c345cfe16,1.1.0a5,0.07713479687207443,0.011512860067115742,177411.1137423894,177409.71755561253,-7.869781928622634e-06,False,0.05,0.0005429220951019982,False,0.0006245122991929969
18,0.04,+/-20%,fixed,reset,0.2,0.2,15,0.0,0.0,0.1.0b1,042c345cfe16,1.1.0a5,0.26327917887920516,0.04715948393523864,177411.1137423894,176644.06557246693,-0.004323563241005621,False,0.05,0.05064414019731024,True,0.0657837556268591
18,0.04,+/-20%,fixed,carried,0.2,0.2,15,0.0,0.0,0.1.0b1,042c345cfe16,1.1.0a5,0.00031342877125843264,3.482489444975796e-05,177411.1137423894,177411.65053833957,3.0257177177412994e-06,False,0.05,1.750658857119637e-06,False,1.7091527612213197e-06
18,0.06,NHF,rolling,reset,,,15,0.0,0.0,0.1.0b1,042c345cfe16,1.1.0a5,0.0,0.0,177893.33710001933,177893.33710001933,0.0,False,0.05,0.0,False,0.0
18,0.06,NHF,rolling,carried,,,15,0.0,0.0,0.1.0b1,042c345cfe16,1.1.0a5,0.0,0.0,177893.33710001933,177893.33710001933,0.0,False,0.05,0.0,False,0.0
18,0.06,NHF,fixed,reset,,,15,0.0,0.0,0.1.0b1,042c345cfe16,1.1.0a5,0.0,0.0,177893.33710001933,177893.33710001933,0.0,False,0.05,0.0,False,0.0
18,0.06,NHF,fixed,carried,,,15,0.0,0.0,0.1.0b1,042c345cfe16,1.1.0a5,0.0,0.0,177893.33710001933,177893.33710001933,0.0,False,0.05,0.0,False,0.0
18,0.06,NDY,rolling,reset,0.0,,15,0.0,0.0,0.1.0b1,042c345cfe16,1.1.0a5,0.08726434886721786,0.05877146685767695,180767.18678330025,170143.23405630997,-0.05877146685767721,True,0.05,0.05352569417540507,True,0.053525694175405064
18,0.06,NDY,rolling,carried,0.0,,15,0.9285714285714286,0.0,0.1.0b1,042c345cfe16,1.1.0a5,0.07391798457227608,0.04550976779670719,180767.18678330025,172540.51408752825,-0.04550976779670721,False,0.05,0.03981663731744367,False,0.039816637317443664
18,0.06,NDY,fixed,reset,0.0,,15,0.0,0.0,0.1.0b1,042c345cfe16,1.1.0a5,0.029093901637565412,0.0216445745751515,180767.18678330025,176854.55792822875,-0.021644574575151575,False,0.05,0.021076103625419222,False,0.021076103625419222
18,0.06,NDY,fixed,carried,0.0,,15,0.0,0.14285714285714285,0.1.0b1,042c345cfe16,1.1.0a5,1.8021748115162236e-05,8.315892225604294e-06,180767.18678330025,180765.71364712578,-8.149356089882605e-06,False,0.05,7.119314553212947e-06,False,7.119314709218296e-06
18,0.06,-10%,rolling,reset,0.1,,15,0.0,0.0,0.1.0b1,042c345cfe16,1.1.0a5,0.02091559423711176,0.005905464896729537,177429.44499840288,176811.7752618976,-0.0034812132592244895,False,0.05,0.0061320141617162505,False,0.005940651775139118
18,0.06,-10%,rolling,carried,0.1,,15,0.0,0.0,0.1.0b1,042c345cfe16,1.1.0a5,0.0006552814094300817,0.00026501248216387167,177429.44499840288,177473.49922977967,0.0002482915469706349,False,0.05,0.0001364056504081956,False,0.00015620155733408328
18,0.06,-10%,fixed,reset,0.1,,15,0.0,0.0,0.1.0b1,042c345cfe16,1.1.0a5,0.02091559423711176,0.005678027546490734,177429.44499840288,176844.62102296235,-0.00329609313406682,False,0.05,0.00611596385608921,False,0.005927720907889495
18,0.06,-10%,fixed,carried,0.1,,15,0.0,0.0,0.1.0b1,042c345cfe16,1.1.0a5,4.049294957684378e-05,6.820652682369322e-06,177429.44499840288,177429.48009546602,1.9780856069874277e-07,False,0.05,7.243216759817506e-06,False,6.419234712510771e-06
18,0.06,-20%,rolling,reset,0.2,,15,0.0,0.0,0.1.0b1,042c345cfe16,1.1.0a5,0.11615128063775293,0.014929988834694874,175446.0933585338,174592.87951123575,-0.004863111118436071,False,0.05,0.007838087283679239,False,0.008125751190632566
18,0.06,-20%,rolling,carried,0.2,,15,0.0,0.0,0.1.0b1,042c345cfe16,1.1.0a5,0.00020680133190717639,2.7749037084154383e-05,175446.0933585338,175444.66667064675,-8.131773468100839e-06,False,0.05,1.2962448235132309e-05,False,1.3777784608856407e-05
18,0.06,-20%,fixed,reset,0.2,,15,0.0,0.0,0.1.0b1,042c345cfe16,1.1.0a5,0.10472479485041121,0.014465669884345798,175446.0933585338,174687.36521176543,-0.004324565638619698,False,0.05,0.007474121452890064,False,0.00765429476950911
18,0.06,-20%,fixed,carried,0.2,,15,0.0,0.0,0.1.0b1,042c345cfe16,1.1.0a5,0.00020683982871160173,2.6711549482400202e-05,175446.0933585338,175445.11873061192,-5.555141771609093e-06,False,0.05,1.3341996379499506e-05,False,1.424890539163717e-05
18,0.06,+/-10%,rolling,reset,0.1,0.1,15,0.0,0.0,0.1.0b1,042c345cfe16,1.1.0a5,0.28690301940684243,0.07502030047658345,179269.43535738788,176903.46957538943,-0.013197820237910055,True,0.05,0.04672752188095053,False,0.055969241171135366
18,0.06,+/-10%,rolling,carried,0.1,0.1,15,0.0,0.0,0.1.0b1,042c345cfe16,1.1.0a5,0.020616801559292172,0.004125420656323095,179269.43535738788,178540.88190562106,-0.004064013758476918,False,0.05,2.5179362240227523e-06,False,2.531280236118546e-06
18,0.06,+/-10%,fixed,reset,0.1,0.1,15,0.0,0.0,0.1.0b1,042c345cfe16,1.1.0a5,0.2868053012966084,0.07494555619428565,179269.43535738788,176914.23838082398,-0.013137749733347578,True,0.05,0.046712683166175606,False,0.05595373932769345
18,0.06,+/-10%,fixed,carried,0.1,0.1,15,0.0,0.0,0.1.0b1,042c345cfe16,1.1.0a5,2.586927922274285e-05,7.234161954936694e-06,179269.43535738788,179268.53737964464,-5.009095618834396e-06,False,0.05,2.5179362240979866e-06,False,2.5312802361984273e-06
18,0.06,+/-20%,rolling,reset,0.2,0.2,15,0.0,0.0,0.1.0b1,042c345cfe16,1.1.0a5,0.43177141951274567,0.11706169869059253,177109.69390163425,174669.48213177992,-0.013777968422268349,True,0.05,0.08169508330782273,True,0.12110011291581793
18,0.06,+/-20%,rolling,carried,0.2,0.2,15,0.0,0.0,0.1.0b1,042c345cfe16,1.1.0a5,0.0005203462156950271,0.00013998982056123534,177109.69390163425,177088.40664927365,-0.00012019247445839106,False,0.05,2.0000156576831798e-06,False,1.985649292035037e-06
18,0.06,+/-20%,fixed,reset,0.2,0.2,15,0.0,0.0,0.1.0b1,042c345cfe16,1.1.0a5,0.43179956771038386,0.11026246812403383,177109.69390163425,174397.69237723146,-0.015312552716109484,True,0.05,0.08169828009009013,True,0.12110958565242098
18,0.06,+/-20%,fixed,carried,0.2,0.2,15,0.0,0.0,0.1.0b1,042c345cfe16,1.1.0a5,1.0252626317649207e-05,3.96373132598162e-06,177109.69390163425,177109.22378549253,-2.6543783762563607e-06,False,0.05,2.000015657770826e-06,False,1.985649292146488e-06
