landbase,discount_rate,flow_policy,horizon_institution,flow_history,terminal_rotation,period,announced,realized,obj_free,obj_fixed,objective_gap,tail_status,fd_commit
1,0.0,NHF,rolling,reset,model,1,10054.384,10054.384,190194064.7717372,190194064.7717372,0.0,optimal,545d8ca624cc
1,0.0,NHF,rolling,reset,model,2,12479.518,0.0,190100028.70751858,189124245.4740606,975783.2334579825,suboptimal,545d8ca624cc
1,0.0,NHF,rolling,reset,model,3,0.0,0.0,196613593.04588473,196613593.04588473,0.0,optimal,545d8ca624cc
1,0.0,NHF,rolling,reset,model,4,0.0,0.0,203264282.50520924,203264282.50520924,0.0,optimal,545d8ca624cc
1,0.0,NHF,rolling,reset,model,5,50148.088,62627.606,204685104.08445945,204685104.08445945,0.0,optimal,545d8ca624cc
1,0.0,NHF,rolling,reset,model,6,0.0,0.0,132899570.04018368,132899570.04018368,0.0,optimal,545d8ca624cc
1,0.0,NHF,rolling,reset,model,7,0.0,0.0,142378188.04055884,142378188.04055884,0.0,optimal,545d8ca624cc
1,0.0,NHF,rolling,reset,model,8,0.0,0.0,153267813.68811,153267813.68811,0.0,optimal,545d8ca624cc
1,0.0,NHF,rolling,reset,model,9,0.0,0.0,165661001.03080073,165661001.03080073,0.0,optimal,545d8ca624cc
1,0.0,NHF,rolling,reset,model,10,0.0,0.0,176561947.3139437,176561947.3139437,0.0,optimal,545d8ca624cc
1,0.0,NHF,rolling,reset,model,11,0.0,0.0,187462893.59708673,187462893.59708673,0.0,optimal,545d8ca624cc
1,0.0,NHF,rolling,reset,model,12,0.0,0.0,196871598.820682,196871598.820682,0.0,optimal,545d8ca624cc
1,0.0,NHF,rolling,reset,model,13,0.0,0.0,208094989.15186793,208094989.15186793,0.0,optimal,545d8ca624cc
1,0.0,NHF,rolling,reset,model,14,0.0,0.0,218995935.4350109,218995935.4350109,0.0,optimal,545d8ca624cc
1,0.0,NHF,rolling,reset,model,15,81237.58741818182,0.0,228404640.65860617,216327947.99438298,12076692.664223194,suboptimal,545d8ca624cc
1,0.0,NDY,rolling,reset,model,1,8545.502977490647,8545.502977490647,156712536.49384254,156712536.49384275,-2.086162567138672e-07,optimal,545d8ca624cc
1,0.0,NDY,rolling,reset,model,2,8545.502977491567,8440.247678667502,158077740.6030371,158067026.13444853,10714.46858856082,suboptimal,545d8ca624cc
1,0.0,NDY,rolling,reset,model,3,8545.502977491313,8319.275969095184,159047450.7419159,158600147.1747958,447303.567120105,suboptimal,545d8ca624cc
1,0.0,NDY,rolling,reset,model,4,8545.502977491147,8055.2410206779,159118879.07123405,158059965.6327821,1058913.4384519458,suboptimal,545d8ca624cc
1,0.0,NDY,rolling,reset,model,5,8545.502977491218,7864.344470657382,158440692.3004883,156477775.0506356,1962917.2498526871,suboptimal,545d8ca624cc
1,0.0,NDY,rolling,reset,model,6,8545.502977491158,7371.424938192249,157468819.97315106,154645089.35576785,2823730.617383212,suboptimal,545d8ca624cc
1,0.0,NDY,rolling,reset,model,7,8545.50297749115,6995.607686638655,157271478.77750078,153879083.59480223,3392395.182698548,suboptimal,545d8ca624cc
1,0.0,NDY,rolling,reset,model,8,8545.502977491153,6551.853025954876,157298038.1634894,153544723.19849914,3753314.964990258,suboptimal,545d8ca624cc
1,0.0,NDY,rolling,reset,model,9,8545.502977491518,5979.2448425964585,158150152.34720573,154322291.2719335,3827861.0752722323,suboptimal,545d8ca624cc
1,0.0,NDY,rolling,reset,model,10,8545.50297749132,4559.247378001836,159953620.81128117,156326147.38309073,3627473.42819044,suboptimal,545d8ca624cc
1,0.0,NDY,rolling,reset,model,11,8545.502977491273,4163.3630450983155,163584088.8379395,161563147.18864188,2020941.6492976248,suboptimal,545d8ca624cc
1,0.0,NDY,rolling,reset,model,12,8656.422615789465,7132.754185755959,167569432.80537805,167010133.74386868,559299.0615093708,suboptimal,545d8ca624cc
1,0.0,NDY,rolling,reset,model,13,8656.42261578951,8028.168403417579,167660018.7305953,167320231.17439353,339787.556201756,suboptimal,545d8ca624cc
1,0.0,NDY,rolling,reset,model,14,8656.422615789548,6911.328340406491,165090374.44163513,164434304.99749228,656069.4441428483,suboptimal,545d8ca624cc
1,0.0,NDY,rolling,reset,model,15,8656.422615789752,7371.972254331835,165002709.08462965,164592873.24790978,409835.83671987057,suboptimal,545d8ca624cc
1,0.0,-10%,rolling,reset,model,1,13931.676848383573,13931.676848383573,162978826.49315932,162978826.49315962,-2.980232238769531e-07,optimal,545d8ca624cc
1,0.0,-10%,rolling,reset,model,2,12538.509163545265,12205.869421096844,159281085.46928042,159252604.41122618,28481.058054238558,suboptimal,545d8ca624cc
1,0.0,-10%,rolling,reset,model,3,11284.658247190817,10919.730266071216,156688521.9236102,156621099.22199294,67422.70161727071,suboptimal,545d8ca624cc
1,0.0,-10%,rolling,reset,model,4,10156.192422471737,8699.351288248514,154512826.90847757,153985501.33481804,527325.5736595392,suboptimal,545d8ca624cc
1,0.0,-10%,rolling,reset,model,5,9140.573180224548,7271.273007989645,153789385.5160027,152831285.24087822,958100.2751244903,suboptimal,545d8ca624cc
1,0.0,-10%,rolling,reset,model,6,8226.515862202106,5715.059367758175,154692848.30099204,153095839.627126,1597008.6738660336,suboptimal,545d8ca624cc
1,0.0,-10%,rolling,reset,model,7,7403.864275981961,4415.171841421765,157341240.37716743,155878977.35497376,1462263.0221936703,suboptimal,545d8ca624cc
1,0.0,-10%,rolling,reset,model,8,6663.477848383658,3523.743437000354,159879496.7700153,158868281.44508904,1011215.3249262571,suboptimal,545d8ca624cc
1,0.0,-10%,rolling,reset,model,9,5997.130063545265,3157.955007170535,163737804.31765947,163484896.4623466,252907.85531285405,suboptimal,545d8ca624cc
1,0.0,-10%,rolling,reset,model,10,5397.4170571908135,2842.159505790428,168844859.12564415,168749913.49898323,94945.62666091323,suboptimal,545d8ca624cc
1,0.0,-10%,rolling,reset,model,11,5575.0172861897645,6028.860295744207,173891043.53918406,173890548.58725274,494.9519313275814,suboptimal,545d8ca624cc
1,0.0,-10%,rolling,reset,model,12,11874.379445527344,3082.504183438341,175781916.73495483,175582813.6349343,199103.10002052784,suboptimal,545d8ca624cc
1,0.0,-10%,rolling,reset,model,13,10686.94150097467,11988.50322628941,180829573.87202805,180829550.11389655,23.758131504058838,optimal,545d8ca624cc
1,0.0,-10%,rolling,reset,model,14,9618.247350877158,11898.360097010282,172874024.36145616,172816293.6068432,57730.75461295247,suboptimal,545d8ca624cc
1,0.0,-10%,rolling,reset,model,15,8656.422615789432,10340.257764456015,166525176.27150145,166322545.2818144,202630.98968705535,suboptimal,545d8ca624cc
1,0.0,-20%,rolling,reset,model,1,19551.647492588956,19551.647492588956,166300987.6294779,166300987.62947783,5.960464477539063e-08,optimal,545d8ca624cc
1,0.0,-20%,rolling,reset,model,2,15641.317994071165,14401.276809095509,158324466.55209196,157983625.30564907,340841.2464428842,suboptimal,545d8ca624cc
1,0.0,-20%,rolling,reset,model,3,12513.054395256931,11521.021446835832,153632357.2028393,153312475.094911,319882.10792827606,suboptimal,545d8ca624cc
1,0.0,-20%,rolling,reset,model,4,10010.443516205534,8191.572501118674,151182417.69344878,150770250.6256641,412167.0677846968,suboptimal,545d8ca624cc
1,0.0,-20%,rolling,reset,model,5,8008.354812964438,6441.894221916928,151568451.70507348,151047808.37744954,520643.32762393355,suboptimal,545d8ca624cc
1,0.0,-20%,rolling,reset,model,6,6406.683850371558,5153.515376767134,153319476.2237338,152913227.75663182,406248.4671019912,suboptimal,545d8ca624cc
1,0.0,-20%,rolling,reset,model,7,5125.347080297238,3606.1856961855588,155606425.3545565,155261285.61862314,345139.73593336344,suboptimal,545d8ca624cc
1,0.0,-20%,rolling,reset,model,8,4100.277664237801,2682.848881686102,159005790.4360532,158911700.02051648,94090.41553670168,suboptimal,545d8ca624cc
1,0.0,-20%,rolling,reset,model,9,3280.2221313902405,1132.027563308826,164302017.679498,164123705.5229362,178312.1565617919,suboptimal,545d8ca624cc
1,0.0,-20%,rolling,reset,model,10,2624.1777051121926,1263.618439810747,172363392.03267542,172362346.05169418,1045.9809812307358,suboptimal,545d8ca624cc
1,0.0,-20%,rolling,reset,model,11,5457.372516663604,5681.396851552574,179504680.39588994,179504007.7092928,672.6865971386433,suboptimal,545d8ca624cc
1,0.0,-20%,rolling,reset,model,12,16907.075421463793,0.0,182095882.1005906,181371332.05245036,724550.0481402278,suboptimal,545d8ca624cc
1,0.0,-20%,rolling,reset,model,13,13525.660337171075,18127.846549910595,191519529.31751853,191483278.5383102,36250.7792083323,suboptimal,545d8ca624cc
1,0.0,-20%,rolling,reset,model,14,10820.52826973684,13406.07499618511,175518136.56568977,175404375.91496643,113760.65072333813,suboptimal,545d8ca624cc
1,0.0,-20%,rolling,reset,model,15,8656.422615789488,12790.06849009103,167284611.3902208,166752985.23523292,531626.1549878716,suboptimal,545d8ca624cc
1,0.0,+/-10%,rolling,reset,model,1,13163.11142457741,13163.11142457741,161455768.54643717,161455768.5464369,2.682209014892578e-07,optimal,545d8ca624cc
1,0.0,+/-10%,rolling,reset,model,2,11846.80028211967,11519.499007050883,159094892.45284203,159064601.4416109,30291.0112311244,suboptimal,545d8ca624cc
1,0.0,+/-10%,rolling,reset,model,3,10662.120253907722,10244.041746474935,157099854.01690388,157050435.7374772,49418.279426664114,suboptimal,545d8ca624cc
1,0.0,+/-10%,rolling,reset,model,4,9595.908228516986,9219.637572536361,155758079.01925495,155707579.43310276,50499.58615219593,suboptimal,545d8ca624cc
1,0.0,+/-10%,rolling,reset,model,5,8636.317405665202,8283.32667761123,154241875.36340326,154067029.69911402,174845.66428923607,suboptimal,545d8ca624cc
1,0.0,+/-10%,rolling,reset,model,6,7772.685665098695,5141.071787551311,153037646.45063713,152458074.9227381,579571.5278990269,suboptimal,545d8ca624cc
1,0.0,+/-10%,rolling,reset,model,7,6995.417098588809,5237.422078147323,156349268.25212225,155964009.86883572,385258.38328653574,suboptimal,545d8ca624cc
1,0.0,+/-10%,rolling,reset,model,8,6295.875388729881,5078.872342059077,158499126.4036714,158222124.92530715,277001.478364259,suboptimal,545d8ca624cc
1,0.0,+/-10%,rolling,reset,model,9,6888.443861093344,4731.957942235766,160911474.62214845,160312242.64362213,599231.978526324,suboptimal,545d8ca624cc
1,0.0,+/-10%,rolling,reset,model,10,7577.288247202649,5103.342994133518,164072320.52752128,163592524.44150832,479796.0860129595,suboptimal,545d8ca624cc
1,0.0,+/-10%,rolling,reset,model,11,8335.017071922899,5544.618365463512,166322618.30584192,166069711.5903902,252906.71545171738,suboptimal,545d8ca624cc
1,0.0,+/-10%,rolling,reset,model,12,9168.518779115233,6822.9090763883105,169300200.04603878,169202729.38804108,97470.65799769759,suboptimal,545d8ca624cc
1,0.0,+/-10%,rolling,reset,model,13,10085.37065702671,8870.235952881183,169313021.1203051,169198078.74169147,114942.378613621,suboptimal,545d8ca624cc
1,0.0,+/-10%,rolling,reset,model,14,9618.24735087719,8423.25271121564,165767009.205072,165577534.2037728,189475.00129917264,suboptimal,545d8ca624cc
1,0.0,+/-10%,rolling,reset,model,15,8656.422615789495,7493.3488526297115,163095867.2871122,163037750.25364625,58117.03346595168,suboptimal,545d8ca624cc
1,0.0,+/-20%,rolling,reset,model,1,18393.872689946715,18393.872689946715,164339466.32276767,164339466.32276776,-8.940696716308594e-08,optimal,545d8ca624cc
1,0.0,+/-20%,rolling,reset,model,2,14715.098151957369,14715.098152323717,157804960.78894517,157804960.7889451,5.960464477539063e-08,optimal,545d8ca624cc
1,0.0,+/-20%,rolling,reset,model,3,11772.078521565896,11772.078523887363,153134231.38169634,153134231.38169736,-1.0132789611816406e-06,optimal,545d8ca624cc
1,0.0,+/-20%,rolling,reset,model,4,9417.662817252709,9339.14478115728,150362348.3722292,150362348.37222916,2.9802322387695312e-08,optimal,545d8ca624cc
1,0.0,+/-20%,rolling,reset,model,5,7534.13025380216,6238.8731702556415,149221077.63922107,148952179.31023797,268898.32898309827,suboptimal,545d8ca624cc
1,0.0,+/-20%,rolling,reset,model,6,6027.304203041728,4558.161873947315,151301793.98729426,150931996.78955844,369797.19773581624,suboptimal,545d8ca624cc
1,0.0,+/-20%,rolling,reset,model,7,4821.843362433422,4258.200453567502,154649095.35169446,154525056.37860346,124038.97309100628,suboptimal,545d8ca624cc
1,0.0,+/-20%,rolling,reset,model,8,4836.844527130311,2787.598958799966,157568490.65914357,157276229.0811056,292261.5780379772,suboptimal,545d8ca624cc
1,0.0,+/-20%,rolling,reset,model,9,5804.213432556366,3353.4341025089684,162334128.7860335,162040361.86262196,293766.92341154814,suboptimal,545d8ca624cc
1,0.0,+/-20%,rolling,reset,model,10,6965.056119067637,4125.120239066611,167667706.22900096,167488529.902467,179176.32653394341,suboptimal,545d8ca624cc
1,0.0,+/-20%,rolling,reset,model,11,8358.067342881164,5892.348141249739,171191284.44376108,171176073.70445743,15210.739303648472,suboptimal,545d8ca624cc
1,0.0,+/-20%,rolling,reset,model,12,10029.6808114574,6503.653820488926,173308003.39570624,173260871.076605,47132.31910124421,suboptimal,545d8ca624cc
1,0.0,+/-20%,rolling,reset,model,13,12035.616973748874,10511.388108232855,173996213.09615406,173981027.6312318,15185.464922249317,suboptimal,545d8ca624cc
1,0.0,+/-20%,rolling,reset,model,14,10820.528269736835,8409.11048583,168908242.9277581,168888183.44963318,20059.478124916553,suboptimal,545d8ca624cc
1,0.0,+/-20%,rolling,reset,model,15,8656.422615789485,11160.901228742041,165948713.83907,165853684.5877209,95029.25134909153,suboptimal,545d8ca624cc
1,0.02,NHF,rolling,reset,model,1,72681.99,72681.99,64875086.07247362,64875086.07247362,0.0,optimal,545d8ca624cc
1,0.02,NHF,rolling,reset,model,2,0.0,0.0,16566295.77389267,16566295.77389267,0.0,optimal,545d8ca624cc
1,0.02,NHF,rolling,reset,model,3,0.0,0.0,20937990.492150553,20937990.492150553,0.0,optimal,545d8ca624cc
1,0.02,NHF,rolling,reset,model,4,0.0,0.0,25523293.575834807,25523293.575834807,0.0,optimal,545d8ca624cc
1,0.02,NHF,rolling,reset,model,5,0.0,0.0,32415894.75821307,32415894.75821307,0.0,optimal,545d8ca624cc
1,0.02,NHF,rolling,reset,model,6,0.0,0.0,39514794.829399034,39514794.829399034,0.0,optimal,545d8ca624cc
1,0.02,NHF,rolling,reset,model,7,20745.217818181816,20745.217818181816,48168314.40427511,48168314.40427511,0.0,optimal,545d8ca624cc
1,0.02,NHF,rolling,reset,model,8,7436.6268,7436.6268,33876257.019532986,33876257.019532986,0.0,optimal,545d8ca624cc
1,0.02,NHF,rolling,reset,model,9,11314.910000000002,11314.910000000002,30142528.06668692,30142528.06668692,0.0,optimal,545d8ca624cc
1,0.02,NHF,rolling,reset,model,10,0.0,0.0,22240385.483392853,22240385.483392853,0.0,optimal,545d8ca624cc
1,0.02,NHF,rolling,reset,model,11,0.0,0.0,29157816.495963354,29157816.495963354,0.0,optimal,545d8ca624cc
1,0.02,NHF,rolling,reset,model,12,0.0,0.0,35543215.607810415,35543215.607810415,0.0,optimal,545d8ca624cc
1,0.02,NHF,rolling,reset,model,13,20745.217818181816,20745.217818181816,43326981.49459146,43326981.49459146,0.0,optimal,545d8ca624cc
1,0.02,NHF,rolling,reset,model,14,0.0,0.0,27404591.295604624,27404591.295604624,0.0,optimal,545d8ca624cc
1,0.02,NHF,rolling,reset,model,15,7436.6268,7436.6268,33976151.793265946,33976151.793265946,0.0,optimal,545d8ca624cc
1,0.02,NDY,rolling,reset,model,1,8656.42261578955,8656.42261578955,41936340.622061834,41936340.62206238,-5.438923835754395e-07,optimal,545d8ca624cc
1,0.02,NDY,rolling,reset,model,2,8656.422615788613,8656.422615789532,42663110.131952815,42663110.131952755,5.960464477539063e-08,optimal,545d8ca624cc
1,0.02,NDY,rolling,reset,model,3,8656.422615789885,8656.422615789525,43763231.2015088,43763231.20150877,2.9802322387695312e-08,optimal,545d8ca624cc
1,0.02,NDY,rolling,reset,model,4,8656.422615790887,8560.86336896616,44481038.95590888,44480789.20193823,249.75397065281868,suboptimal,545d8ca624cc
1,0.02,NDY,rolling,reset,model,5,8656.422615788884,8389.488360156825,44848329.852241576,44473224.106965125,375105.7452764511,suboptimal,545d8ca624cc
1,0.02,NDY,rolling,reset,model,6,8656.422615789537,8190.56801047788,44087316.953764446,42696640.44074822,1390676.513016224,suboptimal,545d8ca624cc
1,0.02,NDY,rolling,reset,model,7,8656.422615789823,8050.440076884265,43321320.400701225,40908277.91889304,2413042.4818081856,suboptimal,545d8ca624cc
1,0.02,NDY,rolling,reset,model,8,8656.422615789019,8019.890251673679,42943094.63454918,38913089.00933714,4030005.625212036,suboptimal,545d8ca624cc
1,0.02,NDY,rolling,reset,model,9,8656.422615788862,7898.889805342915,42744721.74495811,36787720.25281457,5957001.492143542,suboptimal,545d8ca624cc
1,0.02,NDY,rolling,reset,model,10,8656.422615789525,7737.785947812594,42562252.74553611,,,infeasible,545d8ca624cc
1,0.02,NDY,rolling,reset,model,11,8656.422615789714,7605.404252825631,42674752.00602725,,,infeasible,545d8ca624cc
1,0.02,NDY,rolling,reset,model,12,8656.422615789714,7625.741547088482,42896066.40311221,,,infeasible,545d8ca624cc
1,0.02,NDY,rolling,reset,model,13,8656.422615789037,7526.1391352697,41147216.36774254,,,infeasible,545d8ca624cc
1,0.02,NDY,rolling,reset,model,14,8656.422615789092,7376.0231502090655,39193470.51336113,,,infeasible,545d8ca624cc
1,0.02,NDY,rolling,reset,model,15,8656.422615789783,7220.303157292238,38558233.17288375,,,infeasible,545d8ca624cc
1,0.02,-10%,rolling,reset,model,1,16330.42785533531,16330.42785533531,51404040.06658816,51404040.06658818,-1.4901161193847656e-08,optimal,545d8ca624cc
1,0.02,-10%,rolling,reset,model,2,14697.385069801756,13760.729199969084,48702565.85651006,48431116.33328214,271449.52322791517,suboptimal,545d8ca624cc
1,0.02,-10%,rolling,reset,model,3,13227.646562821603,12384.656278921002,46019713.06619991,45509283.381193064,510429.68500684947,suboptimal,545d8ca624cc
1,0.02,-10%,rolling,reset,model,4,11904.88190653945,10968.748773690751,43845571.93579067,43093056.70692622,752515.2288644537,suboptimal,545d8ca624cc
1,0.02,-10%,rolling,reset,model,5,10714.393715885497,9871.873897929465,41460808.61575413,40555192.21955325,905616.3962008804,suboptimal,545d8ca624cc
1,0.02,-10%,rolling,reset,model,6,9642.954344296966,8884.68650203064,38913491.145349205,38004423.65745046,909067.4878987446,suboptimal,545d8ca624cc
1,0.02,-10%,rolling,reset,model,7,8678.658909867248,7996.217857998277,36442318.18868313,35554466.70624509,887851.4824380428,suboptimal,545d8ca624cc
1,0.02,-10%,rolling,reset,model,8,7810.793018880529,7195.6052526248295,35128001.816335,34374394.65764545,753607.158689551,suboptimal,545d8ca624cc
1,0.02,-10%,rolling,reset,model,9,7029.713716992459,6476.523039097063,33547560.356530055,32894908.073249936,652652.2832801193,suboptimal,545d8ca624cc
1,0.02,-10%,rolling,reset,model,10,6326.7423452932335,5828.870736808529,31939266.305796213,31422304.072028663,516962.23376755044,suboptimal,545d8ca624cc
1,0.02,-10%,rolling,reset,model,11,5694.068110763912,5245.983665843753,32050207.217244595,31691899.761857066,358307.455387529,suboptimal,545d8ca624cc
1,0.02,-10%,rolling,reset,model,12,5124.661299687517,4721.68668016807,32980848.113342624,32795428.25842508,185419.85491754487,suboptimal,545d8ca624cc
1,0.02,-10%,rolling,reset,model,13,7866.718091457975,7307.2454042115005,34456211.969693944,33852866.4070995,603345.5625944436,suboptimal,545d8ca624cc
1,0.02,-10%,rolling,reset,model,14,7080.046282312189,6576.520864254769,33435516.406119365,32994565.850040495,440950.55607886985,suboptimal,545d8ca624cc
1,0.02,-10%,rolling,reset,model,15,8656.422615789455,6093.65572730879,33017751.455721255,29047579.32971812,3970172.126003135,suboptimal,545d8ca624cc
1,0.02,-20%,rolling,reset,model,1,21621.24881009043,21621.24881009043,54060793.19550171,54060793.195501715,-7.450580596923828e-09,optimal,545d8ca624cc
1,0.02,-20%,rolling,reset,model,2,17296.999048072343,15189.416107027446,46751272.546170644,46728839.150753416,22433.39541722834,suboptimal,545d8ca624cc
1,0.02,-20%,rolling,reset,model,3,13837.599238457875,12151.53288372456,43036427.617630035,42659333.31312593,377094.30450410396,suboptimal,545d8ca624cc
1,0.02,-20%,rolling,reset,model,4,11070.079390766303,9721.226307870624,40093868.8720398,39537827.5897879,556041.2822519019,suboptimal,545d8ca624cc
1,0.02,-20%,rolling,reset,model,5,8856.063512613051,7776.981047000852,38313757.82936084,37748901.46321456,564856.3661462814,suboptimal,545d8ca624cc
1,0.02,-20%,rolling,reset,model,6,7084.850810090436,6221.584828214097,37681310.62500393,37263573.25323697,417737.37176695466,suboptimal,545d8ca624cc
1,0.02,-20%,rolling,reset,model,7,10242.599296254453,9805.295222160961,38288703.800312676,37940783.444169655,347920.3561430201,suboptimal,545d8ca624cc
1,0.02,-20%,rolling,reset,model,8,8194.079437003562,7864.502055537058,35132983.2358207,34841320.428030156,291662.8077905476,suboptimal,545d8ca624cc
1,0.02,-20%,rolling,reset,model,9,6555.263549602849,6291.360230059965,32487746.792717207,32253369.597481247,234377.1952359602,suboptimal,545d8ca624cc
1,0.02,-20%,rolling,reset,model,10,5244.2108396822705,5033.088183842543,30858857.15506515,30684665.95622795,174191.19883719832,suboptimal,545d8ca624cc
1,0.02,-20%,rolling,reset,model,11,4195.36867174583,4026.470545812015,31860608.30719629,31749923.173746414,110685.13344987482,suboptimal,545d8ca624cc
1,0.02,-20%,rolling,reset,model,12,3356.294937396664,3221.176433564276,34115986.65468137,34062449.7857811,53536.86890026927,suboptimal,545d8ca624cc
1,0.02,-20%,rolling,reset,model,13,9402.612239432085,9758.287919139293,37757769.971294485,37723923.812557764,33846.15873672068,suboptimal,545d8ca624cc
1,0.02,-20%,rolling,reset,model,14,7522.089791545683,7806.6303341758685,34398381.43718525,34373377.48500847,25003.95217677951,suboptimal,545d8ca624cc
1,0.02,-20%,rolling,reset,model,15,8656.422615789465,6227.589008280815,32551896.89732666,29763625.02744661,2788271.8698800504,suboptimal,545d8ca624cc
1,0.02,+/-10%,rolling,reset,model,1,16296.866911957928,16296.866911957928,51355887.749417335,51355887.74941734,-7.450580596923828e-09,optimal,545d8ca624cc
1,0.02,+/-10%,rolling,reset,model,2,14667.180220762137,13768.924589599636,48679349.9735521,48428983.60184279,250366.37170930952,suboptimal,545d8ca624cc
1,0.02,+/-10%,rolling,reset,model,3,13200.462198685924,12392.032130847867,46019725.30316624,45545077.76118898,474647.541977264,suboptimal,545d8ca624cc
1,0.02,+/-10%,rolling,reset,model,4,11880.415978817333,10972.510373282777,43841496.04689554,43120035.945744075,721460.1011514664,suboptimal,545d8ca624cc
1,0.02,+/-10%,rolling,reset,model,5,10692.374380935607,9875.25933654996,41338946.85245623,40489875.12812415,849071.7243320793,suboptimal,545d8ca624cc
1,0.02,+/-10%,rolling,reset,model,6,9623.136942842018,8847.085162618161,38830058.84370392,37978297.278898776,851761.5648051426,suboptimal,545d8ca624cc
1,0.02,+/-10%,rolling,reset,model,7,8660.823248557825,7971.448367324592,36400014.49980811,35583069.57983488,816944.9199732319,suboptimal,545d8ca624cc
1,0.02,+/-10%,rolling,reset,model,8,7794.740923702047,7066.895057120797,35037571.43435373,34319296.00913922,718275.4252145141,suboptimal,545d8ca624cc
1,0.02,+/-10%,rolling,reset,model,9,7015.266831331841,6360.409527036783,33441252.26181257,32890263.497575708,550988.7642368637,suboptimal,545d8ca624cc
1,0.02,+/-10%,rolling,reset,model,10,6313.740148198653,5627.455683391974,32270124.283007447,31964096.867077656,306027.4159297906,suboptimal,545d8ca624cc
1,0.02,+/-10%,rolling,reset,model,11,5682.3661333787895,5212.7535519654175,32526984.953664362,32455909.17010714,71075.7835572213,suboptimal,545d8ca624cc
1,0.02,+/-10%,rolling,reset,model,12,6159.200832593465,5734.028907126072,33578154.03648631,33414425.951254863,163728.08523144946,suboptimal,545d8ca624cc
1,0.02,+/-10%,rolling,reset,model,13,6775.120915852812,6940.031631018896,34046013.220630094,34040844.69332735,5168.527302742004,suboptimal,545d8ca624cc
1,0.02,+/-10%,rolling,reset,model,14,7452.633007438113,6246.028466376871,33346098.67336699,32314314.773839198,1031783.8995277919,suboptimal,545d8ca624cc
1,0.02,+/-10%,rolling,reset,model,15,8197.896308181915,6116.64062586525,33287929.59232631,30938367.80520669,2349561.7871196195,suboptimal,545d8ca624cc
1,0.02,+/-20%,rolling,reset,model,1,21621.24881009041,21621.24881009041,53981233.57992947,53981233.57992949,-2.2351741790771484e-08,optimal,545d8ca624cc
1,0.02,+/-20%,rolling,reset,model,2,17296.999048072343,17296.999048053607,46471735.367538095,46471735.36753811,-1.4901161193847656e-08,optimal,545d8ca624cc
1,0.02,+/-20%,rolling,reset,model,3,13837.599238457879,11437.582027749726,41359269.13300659,40903287.72498445,455981.4080221355,suboptimal,545d8ca624cc
1,0.02,+/-20%,rolling,reset,model,4,11070.079390766303,9150.065619925523,38844019.348975904,38168416.14791585,675603.2010600567,suboptimal,545d8ca624cc
1,0.02,+/-20%,rolling,reset,model,5,8856.06351261306,6918.960439145743,37286769.42121976,36608496.92641248,678272.4948072806,suboptimal,545d8ca624cc
1,0.02,+/-20%,rolling,reset,model,6,7084.850810090436,6257.134051135857,37531707.2490264,37214175.08156241,317532.1674639955,suboptimal,545d8ca624cc
1,0.02,+/-20%,rolling,reset,model,7,8501.820972108526,9614.038377120602,38352737.92090839,38249687.20464927,103050.7162591219,suboptimal,545d8ca624cc
1,0.02,+/-20%,rolling,reset,model,8,9043.94400753496,7831.926926666218,35381064.12788323,34345615.249977976,1035448.877905257,suboptimal,545d8ca624cc
1,0.02,+/-20%,rolling,reset,model,9,7235.155206027972,6397.300636388925,32918459.042393923,32255154.725546457,663304.3168474659,suboptimal,545d8ca624cc
1,0.02,+/-20%,rolling,reset,model,10,5788.124164822394,4827.140607879675,31169016.94994527,30789141.634372,379875.31557327136,suboptimal,545d8ca624cc
1,0.02,+/-20%,rolling,reset,model,11,4630.499331857921,4448.764130696734,32337132.500231415,32307225.238650873,29907.26158054173,suboptimal,545d8ca624cc
1,0.02,+/-20%,rolling,reset,model,12,5405.746909168822,5338.516959165037,34280272.56461581,34276974.76760654,3297.797009266913,suboptimal,545d8ca624cc
1,0.02,+/-20%,rolling,reset,model,13,6254.160876918961,8779.598112507247,35576348.131601036,35310016.46391126,266331.6676897779,suboptimal,545d8ca624cc
1,0.02,+/-20%,rolling,reset,model,14,7213.6855131579,6638.408311131015,32993805.993057128,32872691.87109793,121114.12195919827,suboptimal,545d8ca624cc
1,0.02,+/-20%,rolling,reset,model,15,8656.422615789475,5465.106618369536,32240196.267052542,29503829.74087771,2736366.526174832,suboptimal,545d8ca624cc
1,0.04,NHF,rolling,reset,model,1,72681.99,72681.99,44961000.602838635,44961000.602838635,0.0,optimal,545d8ca624cc
1,0.04,NHF,rolling,reset,model,2,0.0,0.0,4036627.371969285,4036627.371969285,0.0,optimal,545d8ca624cc
1,0.04,NHF,rolling,reset,model,3,0.0,0.0,6015602.153642337,6015602.153642337,0.0,optimal,545d8ca624cc
1,0.04,NHF,rolling,reset,model,4,0.0,0.0,8904560.708271554,8904560.708271554,0.0,optimal,545d8ca624cc
1,0.04,NHF,rolling,reset,model,5,0.0,0.0,13251722.4013086,13251722.4013086,0.0,optimal,545d8ca624cc
1,0.04,NHF,rolling,reset,model,6,0.0,0.0,19615786.349861454,19615786.349861454,0.0,optimal,545d8ca624cc
1,0.04,NHF,rolling,reset,model,7,20745.217818181816,20745.217818181816,29036155.63856169,29036155.63856169,0.0,optimal,545d8ca624cc
1,0.04,NHF,rolling,reset,model,8,7436.6268,7436.6268,17600919.61742793,17600919.61742793,0.0,optimal,545d8ca624cc
1,0.04,NHF,rolling,reset,model,9,11314.910000000002,11314.910000000002,14900655.79311229,14900655.79311229,0.0,optimal,545d8ca624cc
1,0.04,NHF,rolling,reset,model,10,0.0,0.0,7553422.544856023,7553422.544856023,0.0,optimal,545d8ca624cc
1,0.04,NHF,rolling,reset,model,11,0.0,0.0,11292115.41271754,11292115.41271754,0.0,optimal,545d8ca624cc
1,0.04,NHF,rolling,reset,model,12,0.0,0.0,16715089.30431349,16715089.30431349,0.0,optimal,545d8ca624cc
1,0.04,NHF,rolling,reset,model,13,20745.217818181816,20745.217818181816,24742415.41460979,24742415.41460979,0.0,optimal,545d8ca624cc
1,0.04,NHF,rolling,reset,model,14,0.0,0.0,11214061.631033206,11214061.631033206,0.0,optimal,545d8ca624cc
1,0.04,NHF,rolling,reset,model,15,7436.6268,7436.6268,16630624.1990249,16630624.1990249,0.0,optimal,545d8ca624cc
1,0.04,NDY,rolling,reset,model,1,8656.422615789694,8656.422615789694,19122103.93199464,19122103.93199454,1.0058283805847168e-07,optimal,545d8ca624cc
1,0.04,NDY,rolling,reset,model,2,8656.422615789348,8656.422615789459,19532913.51895878,19532913.51895881,-2.9802322387695312e-08,optimal,545d8ca624cc
1,0.04,NDY,rolling,reset,model,3,8656.422615789463,8656.422615789505,20432147.24607711,20432147.246077016,9.313225746154785e-08,optimal,545d8ca624cc
1,0.04,NDY,rolling,reset,model,4,8656.422615789485,8583.74875157492,21338650.380205248,21338650.380205244,3.725290298461914e-09,optimal,545d8ca624cc
1,0.04,NDY,rolling,reset,model,5,8656.422615789428,8394.545547342692,21623343.88478962,21001677.789606404,621666.095183216,suboptimal,545d8ca624cc
1,0.04,NDY,rolling,reset,model,6,8656.422615789306,8243.142749010725,21088235.39755508,19723467.3639909,1364768.0335641801,suboptimal,545d8ca624cc
1,0.04,NDY,rolling,reset,model,7,8656.422615789463,8088.946602904363,20857910.492348116,18479477.714763857,2378432.7775842585,suboptimal,545d8ca624cc
1,0.04,NDY,rolling,reset,model,8,8656.422615789346,7948.635394628431,20850348.6767345,13882485.061837954,6967863.614896545,suboptimal,545d8ca624cc
1,0.04,NDY,rolling,reset,model,9,8656.422615789754,7745.11465153969,20347777.509688847,,,infeasible,545d8ca624cc
1,0.04,NDY,rolling,reset,model,10,8656.422615789343,7576.853656797802,19603396.52652309,,,infeasible,545d8ca624cc
1,0.04,NDY,rolling,reset,model,11,8656.422615789486,7444.361845768698,18940296.349048644,,,infeasible,545d8ca624cc
1,0.04,NDY,rolling,reset,model,12,8656.422615789494,7293.540216726961,18706395.41001727,,,infeasible,545d8ca624cc
1,0.04,NDY,rolling,reset,model,13,8656.42261578943,7236.971729664818,18642200.499862667,,,infeasible,545d8ca624cc
1,0.04,NDY,rolling,reset,model,14,8656.422615789477,7085.57529738224,18389836.555905774,,,infeasible,545d8ca624cc
1,0.04,NDY,rolling,reset,model,15,8656.42261578954,6968.565403782656,18484978.293788504,,,infeasible,545d8ca624cc
1,0.04,-10%,rolling,reset,model,1,16566.394546047162,16566.394546047162,27611724.895073168,27611724.895073168,0.0,optimal,545d8ca624cc
1,0.04,-10%,rolling,reset,model,2,14909.755091442436,14909.121787487813,25666562.958921287,25666562.958921295,-7.450580596923828e-09,optimal,545d8ca624cc
1,0.04,-10%,rolling,reset,model,3,13418.7795822982,13418.832217288735,23753943.02007315,23753943.020073146,3.725290298461914e-09,optimal,545d8ca624cc
1,0.04,-10%,rolling,reset,model,4,12076.901624068372,10253.742227694484,21661991.4199864,21563748.850857526,98242.56912887469,suboptimal,545d8ca624cc
1,0.04,-10%,rolling,reset,model,5,10869.211461661538,9228.368005862829,20321329.863153428,19662705.232990757,658624.6301626712,suboptimal,545d8ca624cc
1,0.04,-10%,rolling,reset,model,6,9782.29031549539,7844.078479548462,18931875.170220632,17825408.627946183,1106466.542274449,suboptimal,545d8ca624cc
1,0.04,-10%,rolling,reset,model,7,8804.061283945859,7059.670626613541,18321240.280794892,17578592.27312692,742648.0076679736,suboptimal,545d8ca624cc
1,0.04,-10%,rolling,reset,model,8,7923.655155551267,7743.518813608021,18494998.86881658,18459403.153300185,35595.71551639587,suboptimal,545d8ca624cc
1,0.04,-10%,rolling,reset,model,9,7131.289639996147,6825.550093883692,16686915.55825914,16590143.631468344,96771.92679079622,suboptimal,545d8ca624cc
1,0.04,-10%,rolling,reset,model,10,6418.160675996533,6142.995082857429,15465367.93953677,15368572.980530594,96794.95900617726,suboptimal,545d8ca624cc
1,0.04,-10%,rolling,reset,model,11,5776.344608396873,5528.69557291222,15110026.582253316,15027591.966505134,82434.61574818194,suboptimal,545d8ca624cc
1,0.04,-10%,rolling,reset,model,12,5198.710147557191,6151.474024215362,15524479.957974546,15307613.689109374,216866.26886517182,suboptimal,545d8ca624cc
1,0.04,-10%,rolling,reset,model,13,5644.606746139451,5792.927298960393,15244421.619150862,15229813.865440514,14607.753710348159,suboptimal,545d8ca624cc
1,0.04,-10%,rolling,reset,model,14,5080.146071525504,5213.634571126227,15487159.29838125,15463637.793096555,23521.505284694955,suboptimal,545d8ca624cc
1,0.04,-10%,rolling,reset,model,15,8656.422615789492,6155.565784329598,16516819.190990062,15137260.423011314,1379558.7679787483,suboptimal,545d8ca624cc
1,0.04,-20%,rolling,reset,model,1,21638.14511232544,21638.14511232544,30660355.52781083,30660355.527810827,3.725290298461914e-09,optimal,545d8ca624cc
1,0.04,-20%,rolling,reset,model,2,17310.516089860357,17310.516090446497,25745665.668979585,25745665.66897958,3.725290298461914e-09,optimal,545d8ca624cc
1,0.04,-20%,rolling,reset,model,3,13848.412871888284,13825.134753391581,21730505.34862679,21730505.348626792,-3.725290298461914e-09,optimal,545d8ca624cc
1,0.04,-20%,rolling,reset,model,4,11078.730297510625,11060.107798963327,18313364.74143275,18313364.74143275,0.0,optimal,545d8ca624cc
1,0.04,-20%,rolling,reset,model,5,8862.984238008503,4915.603468438269,15487325.753397072,14526869.272056488,960456.4813405834,suboptimal,545d8ca624cc
1,0.04,-20%,rolling,reset,model,6,7090.3873904068005,3932.482773222062,16931230.08868183,15591077.205622789,1340152.8830590397,suboptimal,545d8ca624cc
1,0.04,-20%,rolling,reset,model,7,9628.082087344052,9625.819277693934,20256057.8159034,20256057.815903403,-3.725290298461914e-09,optimal,545d8ca624cc
1,0.04,-20%,rolling,reset,model,8,8017.563590439366,7700.65542403248,18213521.77595987,18117553.551934455,95968.22402541712,suboptimal,545d8ca624cc
1,0.04,-20%,rolling,reset,model,9,6414.050872351492,6160.524339428464,15717510.562060425,15635292.821460746,82217.74059967883,suboptimal,545d8ca624cc
1,0.04,-20%,rolling,reset,model,10,6545.576476845771,6527.335416541568,15461971.171233337,15461971.17123334,-1.862645149230957e-09,optimal,545d8ca624cc
1,0.04,-20%,rolling,reset,model,11,5236.461181476621,5221.868335970028,14542494.129734425,14542494.129734425,0.0,optimal,545d8ca624cc
1,0.04,-20%,rolling,reset,model,12,4189.168945181295,4981.785229548322,15075177.523355003,14897324.47835157,177853.04500343278,suboptimal,545d8ca624cc
1,0.04,-20%,rolling,reset,model,13,6583.330578281898,6325.2284605807,16035729.829758845,15955368.167007167,80361.66275167838,suboptimal,545d8ca624cc
1,0.04,-20%,rolling,reset,model,14,5266.66446262552,5060.182765928128,16008421.596334266,15941646.204089966,66775.39224429987,suboptimal,545d8ca624cc
1,0.04,-20%,rolling,reset,model,15,8656.422615789477,7075.484565463857,17525800.99779848,16914180.56553573,611620.4322627485,suboptimal,545d8ca624cc
1,0.04,+/-10%,rolling,reset,model,1,16566.39454604717,16566.39454604717,27602834.417948082,27602834.41794806,2.2351741790771484e-08,optimal,545d8ca624cc
1,0.04,+/-10%,rolling,reset,model,2,14909.755091442452,14909.755091325223,25662403.244017854,25662403.244017858,-3.725290298461914e-09,optimal,545d8ca624cc
1,0.04,+/-10%,rolling,reset,model,3,13418.779582298215,13418.779582389809,23751709.87431478,23751709.874314785,-3.725290298461914e-09,optimal,545d8ca624cc
1,0.04,+/-10%,rolling,reset,model,4,12076.901624068378,10253.527960438045,21657790.319853723,21560309.402305093,97480.91754863039,suboptimal,545d8ca624cc
1,0.04,+/-10%,rolling,reset,model,5,10869.211461661549,9228.175166010134,20373581.558558352,19714095.226864018,659486.3316943347,suboptimal,545d8ca624cc
1,0.04,+/-10%,rolling,reset,model,6,9782.290315495338,7843.987137231348,19004291.60689072,17916458.952255387,1087832.6546353325,suboptimal,545d8ca624cc
1,0.04,+/-10%,rolling,reset,model,7,8804.061283945855,7059.588428669992,18365750.97794523,17648220.543018047,717530.4349271841,suboptimal,545d8ca624cc
1,0.04,+/-10%,rolling,reset,model,8,7923.655155551269,7867.9849044909915,18562127.560322117,18562127.560322113,3.725290298461914e-09,optimal,545d8ca624cc
1,0.04,+/-10%,rolling,reset,model,9,7131.28963999615,6910.599017197323,16590441.013803413,16548935.709808184,41505.303995229304,suboptimal,545d8ca624cc
1,0.04,+/-10%,rolling,reset,model,10,6418.160675996534,6219.539115925256,15282836.158208905,15221292.229251588,61543.928957317024,suboptimal,545d8ca624cc
1,0.04,+/-10%,rolling,reset,model,11,5776.344608396879,5597.585204060015,14744221.467723941,14691693.756921131,52527.71080281027,suboptimal,545d8ca624cc
1,0.04,+/-10%,rolling,reset,model,12,5198.710147557194,5170.6103601964915,14894914.920171114,14894914.920171114,0.0,optimal,545d8ca624cc
1,0.04,+/-10%,rolling,reset,model,13,5157.521485099689,6021.502540098618,15582748.919200964,15333837.389779005,248911.52942195907,suboptimal,545d8ca624cc
1,0.04,+/-10%,rolling,reset,model,14,5673.273633609628,5419.35228440884,15708346.314860955,15648607.668231508,59738.64662944712,suboptimal,545d8ca624cc
1,0.04,+/-10%,rolling,reset,model,15,6240.6009969706265,6205.698933159092,16594236.142403381,16594236.142403383,-1.862645149230957e-09,optimal,545d8ca624cc
1,0.04,+/-20%,rolling,reset,model,1,21638.145112325445,21638.145112325445,30642223.261880845,30642223.26188084,3.725290298461914e-09,optimal,545d8ca624cc
1,0.04,+/-20%,rolling,reset,model,2,17310.51608986035,17310.516090586883,25673634.399722084,25673634.39972209,-7.450580596923828e-09,optimal,545d8ca624cc
1,0.04,+/-20%,rolling,reset,model,3,13848.412871888284,13825.134751841702,21650471.160636332,21650471.160636324,7.450580596923828e-09,optimal,545d8ca624cc
1,0.04,+/-20%,rolling,reset,model,4,11078.730297510629,11060.107804505122,18194319.786402553,18194319.786402553,0.0,optimal,545d8ca624cc
1,0.04,+/-20%,rolling,reset,model,5,8862.984238008497,5097.733641131643,14564647.972360145,14380389.531759854,184258.4406002909,suboptimal,545d8ca624cc
1,0.04,+/-20%,rolling,reset,model,6,7090.3873904068005,6117.280369266055,15343016.871961595,15163913.39839187,179103.4735697247,suboptimal,545d8ca624cc
1,0.04,+/-20%,rolling,reset,model,7,8508.464868488163,8508.464868679528,19982152.297180563,19982152.297180563,0.0,optimal,545d8ca624cc
1,0.04,+/-20%,rolling,reset,model,8,8632.038705730121,8530.849229262772,19171911.251816016,19165893.058140375,6018.1936756409705,suboptimal,545d8ca624cc
1,0.04,+/-20%,rolling,reset,model,9,6905.630964584099,6824.6793820329995,16123925.616044223,16118761.547226472,5164.068817751482,suboptimal,545d8ca624cc
1,0.04,+/-20%,rolling,reset,model,10,6670.250965460946,6576.19031848229,15213153.381221242,15202461.60274373,10691.7784775123,suboptimal,545d8ca624cc
1,0.04,+/-20%,rolling,reset,model,11,5336.2007723687575,5260.952257762419,14109573.043693261,14100071.502314394,9501.541378866881,suboptimal,545d8ca624cc
1,0.04,+/-20%,rolling,reset,model,12,4268.960617895007,4522.956118011261,14404020.42240635,14332463.181095814,71557.241310535,suboptimal,545d8ca624cc
1,0.04,+/-20%,rolling,reset,model,13,5122.752741474009,6058.839778714468,15649517.018956363,15622493.233954601,27023.78500176221,suboptimal,545d8ca624cc
1,0.04,+/-20%,rolling,reset,model,14,6147.30328976881,4847.071822232934,15760276.923436979,15392671.286489924,367605.6369470544,suboptimal,545d8ca624cc
1,0.04,+/-20%,rolling,reset,model,15,7376.763947722569,7094.211518795489,17670409.178627744,17664082.30558668,6326.873041063547,suboptimal,545d8ca624cc
1,0.06,NHF,rolling,reset,model,1,72681.99,72681.99,35535892.738467306,35535892.738467306,0.0,optimal,545d8ca624cc
1,0.06,NHF,rolling,reset,model,2,0.0,0.0,1122734.8406852959,1122734.8406852959,0.0,optimal,545d8ca624cc
1,0.06,NHF,rolling,reset,model,3,0.0,0.0,2012967.614571439,2012967.614571439,0.0,optimal,545d8ca624cc
1,0.06,NHF,rolling,reset,model,4,0.0,0.0,3604918.4157706257,3604918.4157706257,0.0,optimal,545d8ca624cc
1,0.06,NHF,rolling,reset,model,5,0.0,0.0,6459925.564419769,6459925.564419769,0.0,optimal,545d8ca624cc
1,0.06,NHF,rolling,reset,model,6,0.0,0.0,11568742.816879442,11568742.816879442,0.0,optimal,545d8ca624cc
1,0.06,NHF,rolling,reset,model,7,20745.217818181816,20745.217818181816,20717856.425505243,20717856.425505243,0.0,optimal,545d8ca624cc
1,0.06,NHF,rolling,reset,model,8,7436.6268,7436.6268,11693552.557119248,11693552.557119248,0.0,optimal,545d8ca624cc
1,0.06,NHF,rolling,reset,model,9,11314.910000000002,11314.910000000002,9788366.781427234,9788366.781427234,0.0,optimal,545d8ca624cc
1,0.06,NHF,rolling,reset,model,10,0.0,0.0,3026286.069001695,3026286.069001695,0.0,optimal,545d8ca624cc
1,0.06,NHF,rolling,reset,model,11,0.0,0.0,5426003.670365212,5426003.670365212,0.0,optimal,545d8ca624cc
1,0.06,NHF,rolling,reset,model,12,0.0,0.0,9717146.174506612,9717146.174506612,0.0,optimal,545d8ca624cc
1,0.06,NHF,rolling,reset,model,13,20745.217818181816,20745.217818181816,17401928.84358538,17401928.84358538,0.0,optimal,545d8ca624cc
1,0.06,NHF,rolling,reset,model,14,0.0,0.0,5753446.803419052,5753446.803419052,0.0,optimal,545d8ca624cc
1,0.06,NHF,rolling,reset,model,15,7436.6268,7436.6268,10305331.436800947,10305331.436800947,0.0,optimal,545d8ca624cc
1,0.06,NDY,rolling,reset,model,1,8656.42261578947,8656.42261578947,11348226.093538288,11348226.093538314,-2.60770320892334e-08,optimal,545d8ca624cc
1,0.06,NDY,rolling,reset,model,2,8656.422615789468,8656.422615789525,11584269.016852492,11584269.016852472,2.0489096641540527e-08,optimal,545d8ca624cc
1,0.06,NDY,rolling,reset,model,3,8656.422615789481,8656.422615789485,12209160.993617374,12209160.993617367,7.450580596923828e-09,optimal,545d8ca624cc
1,0.06,NDY,rolling,reset,model,4,8656.42261578946,8488.871064478106,12647093.896846315,12584700.718840756,62393.17800555937,suboptimal,545d8ca624cc
1,0.06,NDY,rolling,reset,model,5,8656.422615789403,8309.00906403774,13072503.728107916,12489850.675858937,582653.052248979,suboptimal,545d8ca624cc
1,0.06,NDY,rolling,reset,model,6,8656.422615789455,8158.670640115439,12679208.35370197,10796130.127819126,1883078.2258828431,suboptimal,545d8ca624cc
1,0.06,NDY,rolling,reset,model,7,8656.422615789446,7989.485810117517,12610336.674270956,,,infeasible,545d8ca624cc
1,0.06,NDY,rolling,reset,model,8,8656.422615789701,7675.968886434281,12857654.11765205,,,infeasible,545d8ca624cc
1,0.06,NDY,rolling,reset,model,9,8656.422615789357,7539.290090600149,11831357.1612483,,,infeasible,545d8ca624cc
1,0.06,NDY,rolling,reset,model,10,8656.422615789466,7461.786902261218,11581095.366388937,,,infeasible,545d8ca624cc
1,0.06,NDY,rolling,reset,model,11,8656.422615789455,7311.995875960195,11464417.042167382,,,infeasible,545d8ca624cc
1,0.06,NDY,rolling,reset,model,12,8656.422615789457,7195.917456516314,11149873.969135376,,,infeasible,545d8ca624cc
1,0.06,NDY,rolling,reset,model,13,8656.422615789492,7010.824531732162,11159395.968805142,,,infeasible,545d8ca624cc
1,0.06,NDY,rolling,reset,model,14,8656.422615789525,6937.316258960077,11134231.474711653,,,infeasible,545d8ca624cc
1,0.06,NDY,rolling,reset,model,15,8656.422615789439,6835.572489980419,11476307.757041791,,,infeasible,545d8ca624cc
1,0.06,-10%,rolling,reset,model,1,16565.926219012395,16565.926219012395,17783753.937527344,17783753.937527347,-3.725290298461914e-09,optimal,545d8ca624cc
1,0.06,-10%,rolling,reset,model,2,14909.333597111156,14909.33359667263,16627276.964950217,16627276.964950213,3.725290298461914e-09,optimal,545d8ca624cc
1,0.06,-10%,rolling,reset,model,3,13418.400237400037,13418.400237163502,15527298.25999491,15527298.259994887,2.2351741790771484e-08,optimal,545d8ca624cc
1,0.06,-10%,rolling,reset,model,4,12076.560213660036,12076.56021423676,14181566.715339137,14181566.715339143,-5.587935447692871e-09,optimal,545d8ca624cc
1,0.06,-10%,rolling,reset,model,5,10868.904192294023,8269.352494268069,12025913.082112448,11619430.58329595,406482.4988164976,suboptimal,545d8ca624cc
1,0.06,-10%,rolling,reset,model,6,9782.013773064622,7388.52203735775,11322134.13689713,10108042.198002752,1214091.938894378,suboptimal,545d8ca624cc
1,0.06,-10%,rolling,reset,model,7,8803.812395758167,6649.66983138966,11225852.159841953,10484001.211568097,741850.9482738562,suboptimal,545d8ca624cc
1,0.06,-10%,rolling,reset,model,8,7923.43115618235,7923.431155028955,11960607.33966256,11960607.33966256,0.0,optimal,545d8ca624cc
1,0.06,-10%,rolling,reset,model,9,7131.088040564118,7131.088042101183,9961350.486530365,9961350.486530365,0.0,optimal,545d8ca624cc
1,0.06,-10%,rolling,reset,model,10,6417.979236507709,5670.873544219828,8966170.195020882,8828080.238765111,138089.95625577122,suboptimal,545d8ca624cc
1,0.06,-10%,rolling,reset,model,11,5776.181312856937,5103.786187564467,8835163.540880112,8613656.655332467,221506.8855476454,suboptimal,545d8ca624cc
1,0.06,-10%,rolling,reset,model,12,5198.563181571242,6760.39660319064,9476732.41456017,9154105.204296837,322627.2102633342,suboptimal,545d8ca624cc
1,0.06,-10%,rolling,reset,model,13,4896.904176770609,4990.6705861432565,8678967.01907482,8668532.383920146,10434.63515467383,suboptimal,545d8ca624cc
1,0.06,-10%,rolling,reset,model,14,4407.213759093553,4491.603526094967,9385365.374422502,9372119.822325528,13245.552096974105,suboptimal,545d8ca624cc
1,0.06,-10%,rolling,reset,model,15,8656.42261578948,7846.066092930782,11307992.269570446,11108479.089874351,199513.17969609424,suboptimal,545d8ca624cc
1,0.06,-20%,rolling,reset,model,1,21638.14511232544,21638.14511232544,20614951.767500237,20614951.767500233,3.725290298461914e-09,optimal,545d8ca624cc
1,0.06,-20%,rolling,reset,model,2,17310.51608986035,17310.516090164958,17079909.045186747,17079909.04518675,-3.725290298461914e-09,optimal,545d8ca624cc
1,0.06,-20%,rolling,reset,model,3,13848.41287188829,13848.412871507999,14158607.741967889,14158607.741967889,0.0,optimal,545d8ca624cc
1,0.06,-20%,rolling,reset,model,4,11078.730297510616,11047.175514781993,11400792.074163381,11400792.074163383,-1.862645149230957e-09,optimal,545d8ca624cc
1,0.06,-20%,rolling,reset,model,5,8862.984238008507,4909.855787744338,8404448.14455305,8173290.764895913,231157.3796571372,suboptimal,545d8ca624cc
1,0.06,-20%,rolling,reset,model,6,7090.387390406801,3927.8846271383636,9036918.118494108,7922790.810614687,1114127.307879421,suboptimal,545d8ca624cc
1,0.06,-20%,rolling,reset,model,7,5672.309912325442,5672.309912453018,11372317.23271307,11372317.232713072,-1.862645149230957e-09,optimal,545d8ca624cc
1,0.06,-20%,rolling,reset,model,8,8272.671098697834,8063.908430776147,13420093.806339461,13374893.43578552,45200.370553940535,suboptimal,545d8ca624cc
1,0.06,-20%,rolling,reset,model,9,9119.546210815824,9328.308877764337,12114439.818741446,12076535.116843497,37904.70189794898,suboptimal,545d8ca624cc
1,0.06,-20%,rolling,reset,model,10,7495.414160490878,8752.482420824668,10132856.283139259,9961294.618567644,171561.66457161494,suboptimal,545d8ca624cc
1,0.06,-20%,rolling,reset,model,11,5996.3313283927055,4955.906038086122,7351858.933097902,7181721.645537761,170137.2875601407,suboptimal,545d8ca624cc
1,0.06,-20%,rolling,reset,model,12,4797.065062714167,3964.724832154551,7059850.561273736,6771422.213935037,288428.3473386988,suboptimal,545d8ca624cc
1,0.06,-20%,rolling,reset,model,13,3837.652050171332,3734.186791636942,7787553.45873274,7775903.657007493,11649.801725246944,suboptimal,545d8ca624cc
1,0.06,-20%,rolling,reset,model,14,3070.121640137066,2987.3494333349363,9371696.038802864,9352999.390197406,18696.64860545844,suboptimal,545d8ca624cc
1,0.06,-20%,rolling,reset,model,15,8656.422615789475,8917.93653052913,13126027.692495871,13083525.021462806,42502.671033065766,suboptimal,545d8ca624cc
1,0.06,+/-10%,rolling,reset,model,1,16566.066341564932,16566.066341564932,17782966.27400039,17782966.274000224,1.6763806343078613e-07,optimal,545d8ca624cc
1,0.06,+/-10%,rolling,reset,model,2,14909.459707408605,14909.459707101925,16625856.66332077,16625856.663320772,-1.862645149230957e-09,optimal,545d8ca624cc
1,0.06,+/-10%,rolling,reset,model,3,13418.513736667752,13418.51373482488,15525282.48790247,15525282.487902481,-1.1175870895385742e-08,optimal,545d8ca624cc
1,0.06,+/-10%,rolling,reset,model,4,12076.662363001153,12076.66236213762,14178125.441158049,14178125.441158049,0.0,optimal,545d8ca624cc
1,0.06,+/-10%,rolling,reset,model,5,10868.996126701039,8269.098866565299,11990983.625174327,11614541.994873848,376441.630300479,suboptimal,545d8ca624cc
1,0.06,+/-10%,rolling,reset,model,6,9782.096514029741,7442.188973756525,11255700.896394521,10104312.690638656,1151388.2057558652,suboptimal,545d8ca624cc
1,0.06,+/-10%,rolling,reset,model,7,8803.886862627613,6596.5056528590285,11056323.403448148,10420036.010997474,636287.3924506735,suboptimal,545d8ca624cc
1,0.06,+/-10%,rolling,reset,model,8,7923.498176364992,7922.9908932576545,11944014.829551825,11944014.829551822,3.725290298461914e-09,optimal,545d8ca624cc
1,0.06,+/-10%,rolling,reset,model,9,7131.148358728348,7130.691806847914,9932504.164377822,9932504.164377818,3.725290298461914e-09,optimal,545d8ca624cc
1,0.06,+/-10%,rolling,reset,model,10,6418.033522855645,5670.940914804891,8866478.109028518,8773403.79632727,93074.31270124763,suboptimal,545d8ca624cc
1,0.06,+/-10%,rolling,reset,model,11,5776.2301705700775,5103.846825452354,8656332.425156211,8517373.529947935,138958.8952082768,suboptimal,545d8ca624cc
1,0.06,+/-10%,rolling,reset,model,12,5198.607153512681,6780.731066297718,9399218.523106284,9065607.74443745,333610.7786688339,suboptimal,545d8ca624cc
1,0.06,+/-10%,rolling,reset,model,13,4678.746438161739,4796.845019257398,8325929.283076201,8317441.876621182,8487.406455018558,suboptimal,545d8ca624cc
1,0.06,+/-10%,rolling,reset,model,14,5146.62108197792,5276.529521183136,8990376.830526449,8973876.157635797,16500.67289065197,suboptimal,545d8ca624cc
1,0.06,+/-10%,rolling,reset,model,15,5661.283190175703,7845.551994028928,11282685.058056463,10628438.600703409,654246.4573530536,suboptimal,545d8ca624cc
1,0.06,+/-20%,rolling,reset,model,1,21638.14511232544,21638.14511232544,20612128.438467212,20612128.438467212,0.0,optimal,545d8ca624cc
1,0.06,+/-20%,rolling,reset,model,2,17310.516089860357,17310.516091423295,17100775.655952133,17100775.655952133,0.0,optimal,545d8ca624cc
1,0.06,+/-20%,rolling,reset,model,3,13848.412871888286,13848.412873212967,14166758.756682841,14166758.756682849,-7.450580596923828e-09,optimal,545d8ca624cc
1,0.06,+/-20%,rolling,reset,model,4,11078.730297510627,11047.175514781986,11415147.91109985,11415147.911099877,-2.7939677238464355e-08,optimal,545d8ca624cc
1,0.06,+/-20%,rolling,reset,model,5,8862.984238008488,6502.331148506311,8341914.97976086,8198812.31504333,143102.6647175299,suboptimal,545d8ca624cc
1,0.06,+/-20%,rolling,reset,model,6,7090.387390406801,5201.864918805055,6974450.338912536,6314466.014075192,659984.3248373447,suboptimal,545d8ca624cc
1,0.06,+/-20%,rolling,reset,model,7,6242.237904800237,6242.237903374208,11471054.853622453,11471054.853622455,-1.862645149230957e-09,optimal,545d8ca624cc
1,0.06,+/-20%,rolling,reset,model,8,7490.685485760292,7490.685482095199,12898277.619283091,12898277.619283091,0.0,optimal,545d8ca624cc
1,0.06,+/-20%,rolling,reset,model,9,8988.822582912355,8988.822585977685,11881329.638450494,11881329.638450496,-1.862645149230957e-09,optimal,545d8ca624cc
1,0.06,+/-20%,rolling,reset,model,10,7613.885916670958,8284.16280803332,10152072.177240549,10066594.63807088,85477.53916966915,suboptimal,545d8ca624cc
1,0.06,+/-20%,rolling,reset,model,11,6091.108733336763,5600.616311052806,7766280.532544442,7699758.55735491,66521.97518953215,suboptimal,545d8ca624cc
1,0.06,+/-20%,rolling,reset,model,12,4872.886986669412,4480.493045850287,6990045.718973894,6866242.403003998,123803.31596989557,suboptimal,545d8ca624cc
1,0.06,+/-20%,rolling,reset,model,13,3898.3095893355226,4278.457098523312,7030693.517944519,6957506.971598356,73186.54634616338,suboptimal,545d8ca624cc
1,0.06,+/-20%,rolling,reset,model,14,3118.6476714684263,5507.665224561493,7360519.674128352,6200772.641325249,1159747.0328031024,suboptimal,545d8ca624cc
1,0.06,+/-20%,rolling,reset,model,15,3742.3772057621113,8683.939636063604,12788170.635816062,8563441.238509832,4224729.39730623,suboptimal,545d8ca624cc
2,0.0,NHF,rolling,reset,model,1,12567.980000000001,12567.980000000001,237742580.96467146,237742580.96467146,0.0,optimal,545d8ca624cc
2,0.0,NHF,rolling,reset,model,2,15599.397500000001,0.0,237625035.88439822,236405306.84257576,1219729.0418224633,suboptimal,545d8ca624cc
2,0.0,NHF,rolling,reset,model,3,0.0,0.0,245766991.30735594,245766991.30735594,0.0,optimal,545d8ca624cc
2,0.0,NHF,rolling,reset,model,4,0.0,0.0,254080353.13151154,254080353.13151154,0.0,optimal,545d8ca624cc
2,0.0,NHF,rolling,reset,model,5,62685.11,78284.5075,255856380.1055743,255856380.1055743,0.0,optimal,545d8ca624cc
2,0.0,NHF,rolling,reset,model,6,0.0,0.0,166124462.5502296,166124462.5502296,0.0,optimal,545d8ca624cc
2,0.0,NHF,rolling,reset,model,7,0.0,0.0,177972735.05069858,177972735.05069858,0.0,optimal,545d8ca624cc
2,0.0,NHF,rolling,reset,model,8,0.0,0.0,191584767.1101375,191584767.1101375,0.0,optimal,545d8ca624cc
2,0.0,NHF,rolling,reset,model,9,0.0,0.0,207076251.2885009,207076251.2885009,0.0,optimal,545d8ca624cc
2,0.0,NHF,rolling,reset,model,10,0.0,0.0,220702434.14242965,220702434.14242965,0.0,optimal,545d8ca624cc
2,0.0,NHF,rolling,reset,model,11,0.0,0.0,234328616.9963584,234328616.9963584,0.0,optimal,545d8ca624cc
2,0.0,NHF,rolling,reset,model,12,0.0,0.0,246089498.52585244,246089498.52585244,0.0,optimal,545d8ca624cc
2,0.0,NHF,rolling,reset,model,13,0.0,0.0,260118736.43983492,260118736.43983492,0.0,optimal,545d8ca624cc
2,0.0,NHF,rolling,reset,model,14,0.0,0.0,273744919.29376364,273744919.29376364,0.0,optimal,545d8ca624cc
2,0.0,NHF,rolling,reset,model,15,101546.98427272728,0.0,285505800.8232577,,,infeasible,545d8ca624cc
2,0.0,NDY,rolling,reset,model,1,9557.370374999891,9557.370374999891,176704055.502304,176704055.5023037,2.980232238769531e-07,optimal,545d8ca624cc
2,0.0,NDY,rolling,reset,model,2,9557.370374999817,9557.370375000057,179413494.6504657,179413494.65046594,-2.384185791015625e-07,optimal,545d8ca624cc
2,0.0,NDY,rolling,reset,model,3,9557.37037500006,9557.370374999975,182302359.42444015,182302359.42444006,8.940696716308594e-08,optimal,545d8ca624cc
2,0.0,NDY,rolling,reset,model,4,9557.37037500003,9557.370374999999,184674349.32571852,184674349.3257189,-3.8743019104003906e-07,optimal,545d8ca624cc
2,0.0,NDY,rolling,reset,model,5,9557.37037500002,9557.370374999986,185900737.27470013,185900737.27470005,8.940696716308594e-08,optimal,545d8ca624cc
2,0.0,NDY,rolling,reset,model,6,9557.370374999966,9557.370374999944,186044814.9206029,186044814.92060298,-8.940696716308594e-08,optimal,545d8ca624cc
2,0.0,NDY,rolling,reset,model,7,9557.37037499982,9557.370375000059,186165953.4453691,186165953.44536865,4.470348358154297e-07,optimal,545d8ca624cc
2,0.0,NDY,rolling,reset,model,8,9557.37037500029,9557.370375000075,186747911.63419956,186747911.63419777,1.7881393432617188e-06,optimal,545d8ca624cc
2,0.0,NDY,rolling,reset,model,9,9557.370374999706,9557.370374999968,187540966.63970044,187540966.63970053,-8.940696716308594e-08,optimal,545d8ca624cc
2,0.0,NDY,rolling,reset,model,10,9557.370374999966,9557.370375000019,188301047.15649498,188301047.15649506,-8.940696716308594e-08,optimal,545d8ca624cc
2,0.0,NDY,rolling,reset,model,11,9557.370375000044,9557.370374999984,188577163.51706323,188577163.51706338,-1.4901161193847656e-07,optimal,545d8ca624cc
2,0.0,NDY,rolling,reset,model,12,9557.370374999993,9468.129772151606,188527299.11848947,188527299.1184895,-2.9802322387695312e-08,optimal,545d8ca624cc
2,0.0,NDY,rolling,reset,model,13,9557.370374999988,9171.200741422173,186597305.8458333,186572668.74849632,24637.09733697772,suboptimal,545d8ca624cc
2,0.0,NDY,rolling,reset,model,14,9557.370374999993,8906.357782265944,184889290.4937925,184768948.68004167,120341.81375083327,suboptimal,545d8ca624cc
2,0.0,NDY,rolling,reset,model,15,9557.370375000059,8276.351773547061,183599988.77532262,,,infeasible,545d8ca624cc
2,0.0,-10%,rolling,reset,model,1,16878.940292948944,16878.940292948944,200939179.3414611,200939179.34146208,-9.834766387939453e-07,optimal,545d8ca624cc
2,0.0,-10%,rolling,reset,model,2,15191.04626365373,15645.343123218627,197199172.06996697,197183690.3744072,15481.695559769869,suboptimal,545d8ca624cc
2,0.0,-10%,rolling,reset,model,3,13671.941637288666,12448.422521261136,193629977.66464165,193429360.91429797,200616.75034368038,suboptimal,545d8ca624cc
2,0.0,-10%,rolling,reset,model,4,12304.747473559797,11203.580269299855,192308509.05668178,191905018.29645917,403490.7602226138,suboptimal,545d8ca624cc
2,0.0,-10%,rolling,reset,model,5,11074.272726203755,8467.730042625155,190995934.09250632,190247374.59974152,748559.4927648008,suboptimal,545d8ca624cc
2,0.0,-10%,rolling,reset,model,6,9966.845453583399,7620.957038690707,192144051.1247948,190806424.37266442,1337626.7521303892,suboptimal,545d8ca624cc
2,0.0,-10%,rolling,reset,model,7,8970.160908225207,6777.872575809868,195393303.88074037,193780344.7278247,1612959.1529156864,suboptimal,545d8ca624cc
2,0.0,-10%,rolling,reset,model,8,8073.144817402881,4357.801346302197,197656083.9468828,196133072.27532086,1523011.6715619564,suboptimal,545d8ca624cc
2,0.0,-10%,rolling,reset,model,9,7265.830335662332,3922.021212177528,202581729.79964983,202155175.27624032,426554.5234095156,suboptimal,545d8ca624cc
2,0.0,-10%,rolling,reset,model,10,6539.247302095991,3529.819095724856,208789083.55094454,208492354.876869,296728.6740755439,suboptimal,545d8ca624cc
2,0.0,-10%,rolling,reset,model,11,13741.029252525714,5171.738177429513,214228583.2755375,213444496.1142627,784087.1612747908,suboptimal,545d8ca624cc
2,0.0,-10%,rolling,reset,model,12,13110.247427983619,8280.92969048476,219322373.9816054,219267062.59430182,55311.387303590775,suboptimal,545d8ca624cc
2,0.0,-10%,rolling,reset,model,13,11799.222685185134,14719.70009448,220638630.73403546,220578730.2310708,59900.50296467543,suboptimal,545d8ca624cc
2,0.0,-10%,rolling,reset,model,14,10619.300416666696,14309.437413828771,210313771.59949976,210217478.39228898,96293.20721077919,suboptimal,545d8ca624cc
2,0.0,-10%,rolling,reset,model,15,9557.370375000057,12922.621986428974,202477758.26428694,201858793.89460465,618964.3696822822,suboptimal,545d8ca624cc
2,0.0,-20%,rolling,reset,model,1,24280.115870529313,24280.115870529313,205523737.73907083,205523737.73906982,1.0132789611816406e-06,optimal,545d8ca624cc
2,0.0,-20%,rolling,reset,model,2,19424.092696422944,18044.814063285463,195777169.0207809,195292425.5655839,484743.45519697666,suboptimal,545d8ca624cc
2,0.0,-20%,rolling,reset,model,3,15539.274157138623,14435.851251333082,190165418.63280532,189822085.286371,343333.346434325,suboptimal,545d8ca624cc
2,0.0,-20%,rolling,reset,model,4,12431.41932571083,10141.511874078962,186801602.40025043,186190764.35327172,610838.0469787121,suboptimal,545d8ca624cc
2,0.0,-20%,rolling,reset,model,5,9945.135460568943,8113.209498923796,187274208.54907167,186719627.1638053,554581.3852663636,suboptimal,545d8ca624cc
2,0.0,-20%,rolling,reset,model,6,7956.108368454955,6286.303893439579,189925205.27671158,189275514.09384903,649691.18286255,suboptimal,545d8ca624cc
2,0.0,-20%,rolling,reset,model,7,6364.886694763732,4814.947544106166,193047982.26978013,192641770.41389498,406211.85588514805,suboptimal,545d8ca624cc
2,0.0,-20%,rolling,reset,model,8,5091.90935581117,2630.9630557787737,196622912.63959417,196531315.23124012,91597.40835404396,suboptimal,545d8ca624cc
2,0.0,-20%,rolling,reset,model,9,4073.5274846490124,2104.770447825716,204269962.45465475,204268889.96920028,1072.4854544699192,suboptimal,545d8ca624cc
2,0.0,-20%,rolling,reset,model,10,3258.8219877192096,0.0,213780460.3608219,213619194.97656485,161265.38425704837,suboptimal,545d8ca624cc
2,0.0,-20%,rolling,reset,model,11,12889.100436442091,9052.734904525962,224471378.50473166,224294539.82869005,176838.6760416031,suboptimal,545d8ca624cc
2,0.0,-20%,rolling,reset,model,12,18666.739013671955,12057.148591226542,224407718.88136652,224102831.15796885,304887.7233976722,suboptimal,545d8ca624cc
2,0.0,-20%,rolling,reset,model,13,14933.391210937749,10407.253096437495,220364584.92282057,220364395.99093342,188.9318871498108,optimal,545d8ca624cc
2,0.0,-20%,rolling,reset,model,14,11946.712968749867,15820.889978018315,216853338.53842688,216715513.31752023,137825.22090664506,suboptimal,545d8ca624cc
2,0.0,-20%,rolling,reset,model,15,9557.370374999944,15689.046999637902,207696922.49508575,206785247.4086651,911675.0864206553,suboptimal,545d8ca624cc
2,0.0,+/-10%,rolling,reset,model,1,16688.36359216457,16688.36359216457,199789052.88720122,199789052.88720563,-4.410743713378906e-06,optimal,545d8ca624cc
2,0.0,+/-10%,rolling,reset,model,2,15019.527232947614,14637.911241302605,196717703.0523179,196702608.72749284,15094.324825048447,suboptimal,545d8ca624cc
2,0.0,+/-10%,rolling,reset,model,3,13517.574509653306,12704.101867155015,194060956.24381444,193821568.91490084,239387.32891359925,suboptimal,545d8ca624cc
2,0.0,+/-10%,rolling,reset,model,4,12165.817058688053,11433.691679204103,192484942.7762331,192321063.83775988,163878.93847322464,suboptimal,545d8ca624cc
2,0.0,+/-10%,rolling,reset,model,5,10949.235352818765,10290.322511367394,190506121.91521764,190271371.13143837,234750.7837792635,suboptimal,545d8ca624cc
2,0.0,+/-10%,rolling,reset,model,6,9854.31181753664,7834.1912043076245,188742855.69463718,188120555.94745472,622299.7471824586,suboptimal,545d8ca624cc
2,0.0,+/-10%,rolling,reset,model,7,8868.880635784612,5538.475196962938,191335922.0152619,190677164.37015384,658757.6451080441,suboptimal,545d8ca624cc
2,0.0,+/-10%,rolling,reset,model,8,7981.992572205118,5736.622456289823,195494722.41472316,195103277.01793966,391445.3967835009,suboptimal,545d8ca624cc
2,0.0,+/-10%,rolling,reset,model,9,8780.191829425183,5941.522809211188,199452812.18113184,198546838.1061142,905974.075017631,suboptimal,545d8ca624cc
2,0.0,+/-10%,rolling,reset,model,10,9658.211012367661,6391.332432065283,203223720.17277414,202409208.44249794,814511.7302761972,suboptimal,545d8ca624cc
2,0.0,+/-10%,rolling,reset,model,11,10624.03211360418,7047.406263953992,206020383.27230108,205677546.8457362,342836.42656487226,suboptimal,545d8ca624cc
2,0.0,+/-10%,rolling,reset,model,12,11686.435324964923,7598.1787086260665,209314591.53156045,209030887.3796121,283704.1519483626,suboptimal,545d8ca624cc
2,0.0,+/-10%,rolling,reset,model,13,11799.222685184264,8939.503051950229,210325721.7031604,210281153.0577133,44568.64544710517,suboptimal,545d8ca624cc
2,0.0,+/-10%,rolling,reset,model,14,10619.300416666036,11932.203914872622,208360991.9984509,208352996.6437944,7995.354656517506,suboptimal,545d8ca624cc
2,0.0,+/-10%,rolling,reset,model,15,9557.370375000117,10738.983525342857,203728644.72626758,203595730.8520364,132913.8742311895,suboptimal,545d8ca624cc
2,0.0,+/-20%,rolling,reset,model,1,22992.34086243339,22992.34086243339,203963756.81666437,203963756.81666452,-1.4901161193847656e-07,optimal,545d8ca624cc
2,0.0,+/-20%,rolling,reset,model,2,18393.87268994665,18393.872690404758,195497516.5859142,195497516.58591196,2.2351741790771484e-06,optimal,545d8ca624cc
2,0.0,+/-20%,rolling,reset,model,3,14715.098151957385,14715.098150766824,189639225.04890203,189639225.048902,2.9802322387695312e-08,optimal,545d8ca624cc
2,0.0,+/-20%,rolling,reset,model,4,11772.078521565898,11649.535796015753,186270280.06507835,186270180.327724,99.7373543381691,optimal,545d8ca624cc
2,0.0,+/-20%,rolling,reset,model,5,9417.66281725272,7735.275953914372,184715029.32314864,184334290.3109406,380739.0122080445,suboptimal,545d8ca624cc
2,0.0,+/-20%,rolling,reset,model,6,7534.130253802152,6297.690176662802,187265800.10854614,186922663.53842694,343136.57011920214,suboptimal,545d8ca624cc
2,0.0,+/-20%,rolling,reset,model,7,6027.304203041807,4293.671213405586,191103632.56949192,190852855.78691134,250776.7825805843,suboptimal,545d8ca624cc
2,0.0,+/-20%,rolling,reset,model,8,6297.138006171065,3687.3255871397714,196140177.56786445,195677719.50350395,462458.0643604994,suboptimal,545d8ca624cc
2,0.0,+/-20%,rolling,reset,model,9,7556.565607405282,4175.069598759296,201481493.36449152,201012108.39564592,469384.96884560585,suboptimal,545d8ca624cc
2,0.0,+/-20%,rolling,reset,model,10,9067.878728886339,5253.1409314010625,208298273.81611413,207925215.70508608,373058.1110280454,suboptimal,545d8ca624cc
2,0.0,+/-20%,rolling,reset,model,11,10881.454474663598,6738.192432338444,212487192.31911525,212424653.73789173,62538.581223517656,suboptimal,545d8ca624cc
2,0.0,+/-20%,rolling,reset,model,12,13057.745369596327,9924.981934101403,215614429.8687636,215563718.95520088,50710.91356271505,suboptimal,545d8ca624cc
2,0.0,+/-20%,rolling,reset,model,13,14933.391210937378,14612.045022027733,215049169.20925957,215043917.4588248,5251.750434756279,suboptimal,545d8ca624cc
2,0.0,+/-20%,rolling,reset,model,14,11946.712968749971,13121.495923860197,206099988.10157534,206097212.02225634,2776.079319000244,suboptimal,545d8ca624cc
2,0.0,+/-20%,rolling,reset,model,15,9557.370374999999,8834.267730392367,199473528.78810748,199469903.5854975,3625.202609986067,suboptimal,545d8ca624cc
2,0.02,NHF,rolling,reset,model,1,90852.4875,90852.4875,81093857.59059203,81093857.59059203,0.0,optimal,545d8ca624cc
2,0.02,NHF,rolling,reset,model,2,0.0,0.0,20707869.71736584,20707869.71736584,0.0,optimal,545d8ca624cc
2,0.02,NHF,rolling,reset,model,3,0.0,0.0,26172488.115188193,26172488.115188193,0.0,optimal,545d8ca624cc
2,0.02,NHF,rolling,reset,model,4,0.0,0.0,31904116.96979351,31904116.96979351,0.0,optimal,545d8ca624cc
2,0.02,NHF,rolling,reset,model,5,0.0,0.0,40519868.447766334,40519868.447766334,0.0,optimal,545d8ca624cc
2,0.02,NHF,rolling,reset,model,6,0.0,0.0,49393493.53674879,49393493.53674879,0.0,optimal,545d8ca624cc
2,0.02,NHF,rolling,reset,model,7,25931.52227272727,25931.52227272727,60210393.00534389,60210393.00534389,0.0,optimal,545d8ca624cc
2,0.02,NHF,rolling,reset,model,8,9295.7835,9295.7835,42345321.27441623,42345321.27441623,0.0,optimal,545d8ca624cc
2,0.02,NHF,rolling,reset,model,9,14143.6375,14143.6375,37678160.083358645,37678160.083358645,0.0,optimal,545d8ca624cc
2,0.02,NHF,rolling,reset,model,10,0.0,0.0,27800481.85424107,27800481.85424107,0.0,optimal,545d8ca624cc
2,0.02,NHF,rolling,reset,model,11,0.0,0.0,36447270.61995419,36447270.61995419,0.0,optimal,545d8ca624cc
2,0.02,NHF,rolling,reset,model,12,0.0,0.0,44429019.50976302,44429019.50976302,0.0,optimal,545d8ca624cc
2,0.02,NHF,rolling,reset,model,13,25931.52227272727,25931.52227272727,54158726.86823933,54158726.86823933,0.0,optimal,545d8ca624cc
2,0.02,NHF,rolling,reset,model,14,0.0,0.0,34255739.11950578,34255739.11950578,0.0,optimal,545d8ca624cc
2,0.02,NHF,rolling,reset,model,15,9295.7835,9295.7835,42470189.74158243,42470189.74158243,0.0,optimal,545d8ca624cc
2,0.02,NDY,rolling,reset,model,1,9557.37037499999,9557.37037499999,47120060.793897025,47120060.793896995,2.9802322387695312e-08,optimal,545d8ca624cc
2,0.02,NDY,rolling,reset,model,2,9557.370374999993,9557.370375001277,48443623.77044383,48443623.770442575,1.2516975402832031e-06,optimal,545d8ca624cc
2,0.02,NDY,rolling,reset,model,3,9557.370374999988,9557.37037499999,50072625.678422876,50072625.678422935,-5.960464477539063e-08,optimal,545d8ca624cc
2,0.02,NDY,rolling,reset,model,4,9557.370374999988,9557.370374999999,51586371.673511505,51586371.67351148,2.2351741790771484e-08,optimal,545d8ca624cc
2,0.02,NDY,rolling,reset,model,5,9557.37037499997,9557.370374999848,52348303.891901255,52348303.89190169,-4.3213367462158203e-07,optimal,545d8ca624cc
2,0.02,NDY,rolling,reset,model,6,9557.370375000086,9557.370375,52521500.91293075,52521500.9129307,5.21540641784668e-08,optimal,545d8ca624cc
2,0.02,NDY,rolling,reset,model,7,9557.370375000102,9557.370375000013,52868813.21784454,52868813.21784457,-2.9802322387695312e-08,optimal,545d8ca624cc
2,0.02,NDY,rolling,reset,model,8,9557.370375000004,9534.149966928395,53100146.43186248,53100146.43186247,7.450580596923828e-09,optimal,545d8ca624cc
2,0.02,NDY,rolling,reset,model,9,9557.370375000004,9429.305346652756,53115178.16626144,,,infeasible,545d8ca624cc
2,0.02,NDY,rolling,reset,model,10,9557.37037500003,9327.574236279936,53251374.94696279,,,infeasible,545d8ca624cc
2,0.02,NDY,rolling,reset,model,11,9557.370374999977,9250.37304358427,53100761.857367635,,,infeasible,545d8ca624cc
2,0.02,NDY,rolling,reset,model,12,9557.370374999913,9144.271564551813,53073269.50950583,,,infeasible,545d8ca624cc
2,0.02,NDY,rolling,reset,model,13,9557.370374999848,9090.292812611711,51281308.17979278,,,infeasible,545d8ca624cc
2,0.02,NDY,rolling,reset,model,14,9557.3703750001,9044.844407784936,49399484.43134505,,,infeasible,545d8ca624cc
2,0.02,NDY,rolling,reset,model,15,9557.370375000002,8945.008531888736,49107966.76964545,,,infeasible,545d8ca624cc
2,0.02,-10%,rolling,reset,model,1,19056.59051893947,19056.59051893947,63876021.06086298,63876021.060862966,1.4901161193847656e-08,optimal,545d8ca624cc
2,0.02,-10%,rolling,reset,model,2,17150.931467045542,17150.93146677285,61046267.13911991,61046267.13911986,4.470348358154297e-08,optimal,545d8ca624cc
2,0.02,-10%,rolling,reset,model,3,15435.83832034097,15435.838319846169,57998886.37885284,57998886.378852844,-7.450580596923828e-09,optimal,545d8ca624cc
2,0.02,-10%,rolling,reset,model,4,13892.254488306877,13892.254489336781,55426460.76583097,55426460.765830964,7.450580596923828e-09,optimal,545d8ca624cc
2,0.02,-10%,rolling,reset,model,5,12503.029039476167,12503.029041218708,52317501.173149936,52317501.173149936,0.0,optimal,545d8ca624cc
2,0.02,-10%,rolling,reset,model,6,11252.726135528568,11252.72614216172,49064605.363620386,49064605.363620386,0.0,optimal,545d8ca624cc
2,0.02,-10%,rolling,reset,model,7,10127.453521975693,10127.453519942346,45925308.87220298,45925308.87220298,0.0,optimal,545d8ca624cc
2,0.02,-10%,rolling,reset,model,8,9114.708169778154,9114.76620927584,44107990.36609147,44107990.36609147,0.0,optimal,545d8ca624cc
2,0.02,-10%,rolling,reset,model,9,8203.237352800339,8206.567941533152,41981327.053971894,41981327.053971894,0.0,optimal,545d8ca624cc
2,0.02,-10%,rolling,reset,model,10,7382.913617520285,7385.910788389863,40025773.83117574,40025773.83117574,0.0,optimal,545d8ca624cc
2,0.02,-10%,rolling,reset,model,11,6644.62225576827,6647.319709544918,39950685.41325097,39950685.41325097,0.0,optimal,545d8ca624cc
2,0.02,-10%,rolling,reset,model,12,5980.160030191393,5982.587736079721,40983208.80593392,40983208.80593392,0.0,optimal,545d8ca624cc
2,0.02,-10%,rolling,reset,model,13,8742.622452333275,8566.335992806655,42700306.00459556,,,infeasible,545d8ca624cc
2,0.02,-10%,rolling,reset,model,14,7868.360207099968,7847.352635411757,42011075.99228665,42011075.99228665,0.0,optimal,545d8ca624cc
2,0.02,-10%,rolling,reset,model,15,9557.370375000008,7999.832731930083,42020414.71814288,,,infeasible,545d8ca624cc
2,0.02,-20%,rolling,reset,model,1,24626.07541308874,24626.07541308874,67011350.66877759,67011350.66877759,0.0,optimal,545d8ca624cc
2,0.02,-20%,rolling,reset,model,2,19700.860330470983,19700.860329342588,60034694.61694548,60034694.61694548,0.0,optimal,545d8ca624cc
2,0.02,-20%,rolling,reset,model,3,15760.6882643768,15760.688262787156,54818966.267582394,54818966.267582394,0.0,optimal,545d8ca624cc
2,0.02,-20%,rolling,reset,model,4,12608.550611501432,12608.550608587877,50733290.053149015,50733290.053149015,0.0,optimal,545d8ca624cc
2,0.02,-20%,rolling,reset,model,5,10086.840489201135,10086.840475324929,48065349.11220693,48065349.11220693,0.0,optimal,545d8ca624cc
2,0.02,-20%,rolling,reset,model,6,8069.4723913609105,8069.472382816982,46727438.27263615,46727438.27263615,0.0,optimal,545d8ca624cc
2,0.02,-20%,rolling,reset,model,7,12134.88221206643,12026.524436684329,47289354.2235048,47289354.2235048,0.0,optimal,545d8ca624cc
2,0.02,-20%,rolling,reset,model,8,9707.905769653142,9636.775869280333,43427515.60577014,43427515.60577015,-7.450580596923828e-09,optimal,545d8ca624cc
2,0.02,-20%,rolling,reset,model,9,7766.324615722511,7708.618131998397,40529316.598442145,40529316.598442145,0.0,optimal,545d8ca624cc
2,0.02,-20%,rolling,reset,model,10,6213.05969257799,6166.894506380413,38614818.46685019,38614818.46685019,0.0,optimal,545d8ca624cc
2,0.02,-20%,rolling,reset,model,11,4970.447754062399,4933.515605111232,39822949.99493439,39822949.99493439,0.0,optimal,545d8ca624cc
2,0.02,-20%,rolling,reset,model,12,3976.3582032499266,3946.8124832228805,42797404.78596617,42797404.78596617,0.0,optimal,545d8ca624cc
2,0.02,-20%,rolling,reset,model,13,12724.198285584687,12304.672062199641,47497559.10274429,,,infeasible,545d8ca624cc
2,0.02,-20%,rolling,reset,model,14,10179.35862846776,9843.73765061269,43193730.698768705,,,infeasible,545d8ca624cc
2,0.02,-20%,rolling,reset,model,15,9557.370375000006,7855.857995089871,40780409.0035364,,,infeasible,545d8ca624cc
2,0.02,+/-10%,rolling,reset,model,1,19007.021995652016,19007.021995652016,63788940.42887116,63788940.4288712,-3.725290298461914e-08,optimal,545d8ca624cc
2,0.02,+/-10%,rolling,reset,model,2,17106.319796086776,17106.319795578853,60944113.91689854,60944113.9168986,-5.960464477539063e-08,optimal,545d8ca624cc
2,0.02,+/-10%,rolling,reset,model,3,15395.687816478123,15395.687815380239,57976044.115585655,57976044.11558566,-7.450580596923828e-09,optimal,545d8ca624cc
2,0.02,+/-10%,rolling,reset,model,4,13856.119034830324,13856.119033641222,55530996.83032038,55530996.83032037,7.450580596923828e-09,optimal,545d8ca624cc
2,0.02,+/-10%,rolling,reset,model,5,12470.507131347253,12470.507131719009,52262950.14000489,52262950.14000487,1.4901161193847656e-08,optimal,545d8ca624cc
2,0.02,+/-10%,rolling,reset,model,6,11223.456418212558,11148.258441510938,49043222.82537201,49043222.82537201,0.0,optimal,545d8ca624cc
2,0.02,+/-10%,rolling,reset,model,7,10101.110776391333,10084.922976565342,46061698.45866295,46061698.45866296,-7.450580596923828e-09,optimal,545d8ca624cc
2,0.02,+/-10%,rolling,reset,model,8,9090.999698752184,8955.949751885331,44224297.9241721,44211503.58305921,12794.3411128968,suboptimal,545d8ca624cc
2,0.02,+/-10%,rolling,reset,model,9,8181.899728877004,8067.481043636535,42268108.14209333,42253530.31994819,14577.822145141661,suboptimal,545d8ca624cc
2,0.02,+/-10%,rolling,reset,model,10,7363.70975598918,7262.799445384478,41082212.47580194,41078054.3221317,4158.153670236468,suboptimal,545d8ca624cc
2,0.02,+/-10%,rolling,reset,model,11,6627.338780390258,6528.863226697301,40965581.20795992,40961257.22513384,4323.982826076448,suboptimal,545d8ca624cc
2,0.02,+/-10%,rolling,reset,model,12,7015.88055291544,7181.749548925746,42199497.00307142,42150991.87872258,48505.12434884161,suboptimal,545d8ca624cc
2,0.02,+/-10%,rolling,reset,model,13,7717.468608206971,8216.349693238195,42716194.48027912,42672996.22103033,43198.259248785675,suboptimal,545d8ca624cc
2,0.02,+/-10%,rolling,reset,model,14,8489.215469027664,8304.67121497458,42405022.79480157,,,infeasible,545d8ca624cc
2,0.02,+/-10%,rolling,reset,model,15,9338.137015930413,7999.572521633836,41832068.36550823,,,infeasible,545d8ca624cc
2,0.02,+/-20%,rolling,reset,model,1,24626.075413088707,24626.075413088707,66903168.96696877,66903168.96696877,0.0,optimal,545d8ca624cc
2,0.02,+/-20%,rolling,reset,model,2,19700.860330470987,19700.86032967478,59422385.65935926,59422385.65935926,0.0,optimal,545d8ca624cc
2,0.02,+/-20%,rolling,reset,model,3,15760.688264376804,15760.68826198246,54576851.59135661,54576851.59135663,-1.4901161193847656e-08,optimal,545d8ca624cc
2,0.02,+/-20%,rolling,reset,model,4,12608.550611501434,12608.550608179734,50626370.220446914,50626370.22044691,7.450580596923828e-09,optimal,545d8ca624cc
2,0.02,+/-20%,rolling,reset,model,5,10086.840489201148,10086.840487751477,47722515.907467954,47722515.907467954,0.0,optimal,545d8ca624cc
2,0.02,+/-20%,rolling,reset,model,6,8069.472391360929,8069.472394134048,46387019.380370475,46387019.380370475,0.0,optimal,545d8ca624cc
2,0.02,+/-20%,rolling,reset,model,7,9683.366869633108,10022.334831860875,46815312.0306012,46792208.51160877,23103.51899243146,suboptimal,545d8ca624cc
2,0.02,+/-20%,rolling,reset,model,8,10805.52037211954,10450.455339369833,45289335.12644916,,,infeasible,545d8ca624cc
2,0.02,+/-20%,rolling,reset,model,9,8644.416297695625,8366.016819114804,41799052.635676876,,,infeasible,545d8ca624cc
2,0.02,+/-20%,rolling,reset,model,10,6915.533038156544,6592.946082120313,39210729.830930606,39174888.717571646,35841.113358959556,suboptimal,545d8ca624cc
2,0.02,+/-20%,rolling,reset,model,11,5643.8346934517085,5415.500757316324,40054780.73317205,40015725.01074793,39055.72242411971,suboptimal,545d8ca624cc
2,0.02,+/-20%,rolling,reset,model,12,6772.601632142074,6498.600908073357,42556965.86133146,,,infeasible,545d8ca624cc
2,0.02,+/-20%,rolling,reset,model,13,8127.121958570496,10559.371508573915,44300688.3188173,44061221.42569133,239466.89312597364,suboptimal,545d8ca624cc
2,0.02,+/-20%,rolling,reset,model,14,9752.546350284525,8542.144811096348,41584312.438251495,,,infeasible,545d8ca624cc
2,0.02,+/-20%,rolling,reset,model,15,9557.370375000004,7136.035562460844,40421566.81959037,,,infeasible,545d8ca624cc
2,0.04,NHF,rolling,reset,model,1,90852.4875,90852.4875,56201250.75354829,56201250.75354829,0.0,optimal,545d8ca624cc
2,0.04,NHF,rolling,reset,model,2,0.0,0.0,5045784.214961607,5045784.214961607,0.0,optimal,545d8ca624cc
2,0.04,NHF,rolling,reset,model,3,0.0,0.0,7519502.692052921,7519502.692052921,0.0,optimal,545d8ca624cc
2,0.04,NHF,rolling,reset,model,4,0.0,0.0,11130700.885339443,11130700.885339443,0.0,optimal,545d8ca624cc
2,0.04,NHF,rolling,reset,model,5,0.0,0.0,16564653.00163575,16564653.00163575,0.0,optimal,545d8ca624cc
2,0.04,NHF,rolling,reset,model,6,0.0,0.0,24519732.93732682,24519732.93732682,0.0,optimal,545d8ca624cc
2,0.04,NHF,rolling,reset,model,7,25931.52227272727,25931.52227272727,36295194.54820211,36295194.54820211,0.0,optimal,545d8ca624cc
2,0.04,NHF,rolling,reset,model,8,9295.7835,9295.7835,22001149.521784917,22001149.521784917,0.0,optimal,545d8ca624cc
2,0.04,NHF,rolling,reset,model,9,14143.6375,14143.6375,18625819.74139036,18625819.74139036,0.0,optimal,545d8ca624cc
2,0.04,NHF,rolling,reset,model,10,0.0,0.0,9441778.181070028,9441778.181070028,0.0,optimal,545d8ca624cc
2,0.04,NHF,rolling,reset,model,11,0.0,0.0,14115144.265896924,14115144.265896924,0.0,optimal,545d8ca624cc
2,0.04,NHF,rolling,reset,model,12,0.0,0.0,20893861.630391862,20893861.630391862,0.0,optimal,545d8ca624cc
2,0.04,NHF,rolling,reset,model,13,25931.52227272727,25931.52227272727,30928019.268262237,30928019.268262237,0.0,optimal,545d8ca624cc
2,0.04,NHF,rolling,reset,model,14,0.0,0.0,14017577.038791507,14017577.038791507,0.0,optimal,545d8ca624cc
2,0.04,NHF,rolling,reset,model,15,9295.7835,9295.7835,20788280.248781126,20788280.248781126,0.0,optimal,545d8ca624cc
2,0.04,NDY,rolling,reset,model,1,9557.370375000019,9557.370375000019,21427839.702573724,21427839.70257366,6.332993507385254e-08,optimal,545d8ca624cc
2,0.04,NDY,rolling,reset,model,2,9557.370375000019,9557.370375,22125572.709318127,22125572.709318127,0.0,optimal,545d8ca624cc
2,0.04,NDY,rolling,reset,model,3,9557.370375000019,9557.37037500001,23204106.050830856,23204106.05083082,3.725290298461914e-08,optimal,545d8ca624cc
2,0.04,NDY,rolling,reset,model,4,9557.370375000019,9557.3703749999,24328800.11736982,24328800.11737,-1.7881393432617188e-07,optimal,545d8ca624cc
2,0.04,NDY,rolling,reset,model,5,9557.370375000199,9557.370375000028,24871198.624899954,24871198.624900013,-5.960464477539063e-08,optimal,545d8ca624cc
2,0.04,NDY,rolling,reset,model,6,9557.370374999966,9557.370375000008,24907290.3632266,24907290.3632266,0.0,optimal,545d8ca624cc
2,0.04,NDY,rolling,reset,model,7,9557.370374999997,9557.370374999968,25049323.43838855,25049323.438388586,-3.725290298461914e-08,optimal,545d8ca624cc
2,0.04,NDY,rolling,reset,model,8,9557.370375000159,9443.629182257062,25163547.708476566,25163268.0456978,279.66277876496315,suboptimal,545d8ca624cc
2,0.04,NDY,rolling,reset,model,9,9557.370374999822,9316.712825213579,24770502.17217046,,,infeasible,545d8ca624cc
2,0.04,NDY,rolling,reset,model,10,9557.370375000002,9198.269954970205,24719791.301043596,,,infeasible,545d8ca624cc
2,0.04,NDY,rolling,reset,model,11,9557.370375000006,9033.810714747473,24783128.641836178,,,infeasible,545d8ca624cc
2,0.04,NDY,rolling,reset,model,12,9557.370375000006,8963.780945753871,23458143.276386667,,,infeasible,545d8ca624cc
2,0.04,NDY,rolling,reset,model,13,9557.370375000006,8862.011907095972,23063161.387731537,,,infeasible,545d8ca624cc
2,0.04,NDY,rolling,reset,model,14,9557.37037500009,8766.241187140227,22911806.933527656,,,infeasible,545d8ca624cc
2,0.04,NDY,rolling,reset,model,15,9557.370375,8680.08181321725,22878202.23874714,,,infeasible,545d8ca624cc
2,0.04,-10%,rolling,reset,model,1,19062.684945611087,19062.684945611087,33141970.1714098,33141970.171409816,-1.4901161193847656e-08,optimal,545d8ca624cc
2,0.04,-10%,rolling,reset,model,2,17156.41645104997,17156.388363996513,31798062.623034164,31798062.623034168,-3.725290298461914e-09,optimal,545d8ca624cc
2,0.04,-10%,rolling,reset,model,3,15440.77480594498,15440.778775342875,30284590.421920676,30284590.421920698,-2.2351741790771484e-08,optimal,545d8ca624cc
2,0.04,-10%,rolling,reset,model,4,13896.697325350482,13896.70089709644,29173491.618333407,29173491.618333403,3.725290298461914e-09,optimal,545d8ca624cc
2,0.04,-10%,rolling,reset,model,5,12507.027592815437,12507.030807256515,27418559.633744944,27418559.633744944,0.0,optimal,545d8ca624cc
2,0.04,-10%,rolling,reset,model,6,11256.32483353391,11256.327713440385,25292534.955997143,25292534.955997147,-3.725290298461914e-09,optimal,545d8ca624cc
2,0.04,-10%,rolling,reset,model,7,10130.692350180503,10130.706803267645,23356108.906346954,23356108.906309992,3.696233034133911e-05,optimal,545d8ca624cc
2,0.04,-10%,rolling,reset,model,8,9117.623115162456,9117.619147521777,22107460.00896151,22107460.00896151,0.0,optimal,545d8ca624cc
2,0.04,-10%,rolling,reset,model,9,8205.860803646225,8205.869945888804,19847790.99699755,19847790.99699755,0.0,optimal,545d8ca624cc
2,0.04,-10%,rolling,reset,model,10,7385.274723281595,7385.256027897847,18523650.11575221,18523650.11575221,0.0,optimal,545d8ca624cc
2,0.04,-10%,rolling,reset,model,11,6646.747250953441,6646.748957452966,18113086.248270176,18113086.248270176,0.0,optimal,545d8ca624cc
2,0.04,-10%,rolling,reset,model,12,5982.072525858102,5982.074060497968,18587921.014758524,18587921.01475852,3.725290298461914e-09,optimal,545d8ca624cc
2,0.04,-10%,rolling,reset,model,13,7521.349697185266,7521.354268310501,19998161.82724523,19998161.82724523,0.0,optimal,545d8ca624cc
2,0.04,-10%,rolling,reset,model,14,6769.214727466735,6769.218844274705,20405270.881130137,20405270.881130137,0.0,optimal,545d8ca624cc
2,0.04,-10%,rolling,reset,model,15,9557.370374999997,8705.449941027517,21793840.567844722,,,infeasible,545d8ca624cc
2,0.04,-20%,rolling,reset,model,1,24626.075413088736,24626.075413088736,36571628.91464715,36571628.91464714,7.450580596923828e-09,optimal,545d8ca624cc
2,0.04,-20%,rolling,reset,model,2,19700.860330470987,19700.86032967478,31576580.01721481,31576580.017214805,3.725290298461914e-09,optimal,545d8ca624cc
2,0.04,-20%,rolling,reset,model,3,15760.688264376786,15760.688263273469,28166530.75281471,28166530.752814706,3.725290298461914e-09,optimal,545d8ca624cc
2,0.04,-20%,rolling,reset,model,4,12608.550611501432,12608.550609219332,25632588.556196015,25632588.556196015,0.0,optimal,545d8ca624cc
2,0.04,-20%,rolling,reset,model,5,10086.840489201144,10086.840485413104,23678646.42745298,23678646.42745298,0.0,optimal,545d8ca624cc
2,0.04,-20%,rolling,reset,model,6,8069.47239136092,8069.472392916142,22728222.51714727,22728222.51714727,0.0,optimal,545d8ca624cc
2,0.04,-20%,rolling,reset,model,7,10022.334829636244,10022.334831860875,23766257.624485034,23766257.624485034,0.0,optimal,545d8ca624cc
2,0.04,-20%,rolling,reset,model,8,9239.74233390518,9239.742333319366,22932031.52516678,22932031.52516678,0.0,optimal,545d8ca624cc
2,0.04,-20%,rolling,reset,model,9,7391.793867124146,7391.7938681653795,20925792.014797993,20925792.014797997,-3.725290298461914e-09,optimal,545d8ca624cc
2,0.04,-20%,rolling,reset,model,10,9653.272103248763,9653.272102861087,20923807.52860585,20923807.52860585,0.0,optimal,545d8ca624cc
2,0.04,-20%,rolling,reset,model,11,7722.6176825990115,7722.617681449798,18712010.3395409,18712010.3395409,0.0,optimal,545d8ca624cc
2,0.04,-20%,rolling,reset,model,12,6178.094146079213,6178.09414591161,18106205.028918367,18106205.028918367,0.0,optimal,545d8ca624cc
2,0.04,-20%,rolling,reset,model,13,7507.381302608081,7507.3813028481145,19093983.44271552,19093983.44271552,0.0,optimal,545d8ca624cc
2,0.04,-20%,rolling,reset,model,14,6005.905042086467,6005.9050411092185,19080953.046408027,19080953.04640803,-3.725290298461914e-09,optimal,545d8ca624cc
2,0.04,-20%,rolling,reset,model,15,9557.370374999997,8091.3421449440075,20924140.761176735,,,infeasible,545d8ca624cc
2,0.04,+/-10%,rolling,reset,model,1,19062.655887311004,19062.655887311004,33132095.965786457,33132095.965786435,2.2351741790771484e-08,optimal,545d8ca624cc
2,0.04,+/-10%,rolling,reset,model,2,17156.390298579903,17156.390298152,31783327.794867612,31783327.794867598,1.4901161193847656e-08,optimal,545d8ca624cc
2,0.04,+/-10%,rolling,reset,model,3,15440.751268721915,15440.751268865215,30277885.94749159,30277885.947451748,3.984197974205017e-05,optimal,545d8ca624cc
2,0.04,+/-10%,rolling,reset,model,4,13896.676141849726,13896.676140975393,29163494.84558387,29163494.84558387,0.0,optimal,545d8ca624cc
2,0.04,+/-10%,rolling,reset,model,5,12507.008527664753,12507.008525944037,27400083.89461311,27400083.894613113,-3.725290298461914e-09,optimal,545d8ca624cc
2,0.04,+/-10%,rolling,reset,model,6,11256.307674898238,11256.307674379805,25268122.88060029,25268122.880600285,3.725290298461914e-09,optimal,545d8ca624cc
2,0.04,+/-10%,rolling,reset,model,7,10130.676907408455,10130.676911316203,23319257.319654312,23319257.319654312,0.0,optimal,545d8ca624cc
2,0.04,+/-10%,rolling,reset,model,8,9117.609216667606,9111.720004205203,22047055.957879566,22047055.957879566,0.0,optimal,545d8ca624cc
2,0.04,+/-10%,rolling,reset,model,9,8205.84829500081,8154.55175283403,19745845.22857474,19745845.22857474,0.0,optimal,545d8ca624cc
2,0.04,+/-10%,rolling,reset,model,10,7385.263465500755,7339.096577255781,18480207.379152574,18480207.379152574,0.0,optimal,545d8ca624cc
2,0.04,+/-10%,rolling,reset,model,11,6646.737118950667,6605.186916749374,18103757.217682917,18103757.217682917,0.0,optimal,545d8ca624cc
2,0.04,+/-10%,rolling,reset,model,12,5982.063407055585,6206.687750950756,18625611.930987395,18420586.673229143,205025.25775825232,suboptimal,545d8ca624cc
2,0.04,+/-10%,rolling,reset,model,13,6580.269747761161,6827.356523394236,19779991.47220698,19614183.936676785,165807.53553019464,suboptimal,545d8ca624cc
2,0.04,+/-10%,rolling,reset,model,14,7238.2967225372795,7510.092176221748,20931795.460775666,20814906.755477056,116888.70529861003,suboptimal,545d8ca624cc
2,0.04,+/-10%,rolling,reset,model,15,7962.126394791008,8692.780055744388,21773111.279557765,21598729.78534279,174381.49421497434,suboptimal,545d8ca624cc
2,0.04,+/-20%,rolling,reset,model,1,24626.075413088736,24626.075413088736,36564070.61798409,36564070.617984094,-7.450580596923828e-09,optimal,545d8ca624cc
2,0.04,+/-20%,rolling,reset,model,2,19700.860330470987,19700.860330079086,31552498.03796101,31552498.03796101,0.0,optimal,545d8ca624cc
2,0.04,+/-20%,rolling,reset,model,3,15760.688264376786,15760.688263273441,28150723.941903442,28150723.94190345,-7.450580596923828e-09,optimal,545d8ca624cc
2,0.04,+/-20%,rolling,reset,model,4,12608.550611501432,12608.550612022715,25631828.017430056,25631828.017430056,0.0,optimal,545d8ca624cc
2,0.04,+/-20%,rolling,reset,model,5,10086.840489201144,10086.84049305587,23642805.588213515,23642805.588213515,0.0,optimal,545d8ca624cc
2,0.04,+/-20%,rolling,reset,model,6,8069.472391360922,8069.472392916142,22679986.18693247,22679986.18693247,0.0,optimal,545d8ca624cc
2,0.04,+/-20%,rolling,reset,model,7,9683.3668696331,9683.366867223924,23697495.809354894,23697495.809354894,0.0,optimal,545d8ca624cc
2,0.04,+/-20%,rolling,reset,model,8,9679.352194791614,9649.95372874332,23239714.24239966,23239714.24239966,0.0,optimal,545d8ca624cc
2,0.04,+/-20%,rolling,reset,model,9,7743.481755833299,7719.962983834691,20863228.932081934,20863228.932081934,0.0,optimal,545d8ca624cc
2,0.04,+/-20%,rolling,reset,model,10,9189.089406474392,9263.95558092351,20439480.862401184,20439480.862401184,0.0,optimal,545d8ca624cc
2,0.04,+/-20%,rolling,reset,model,11,7351.271525179507,7411.164465444557,18481199.78892239,18481199.78892239,0.0,optimal,545d8ca624cc
2,0.04,+/-20%,rolling,reset,model,12,5881.017220143609,6458.169131662825,18158265.871834196,17987231.88600011,171033.98583408445,suboptimal,545d8ca624cc
2,0.04,+/-20%,rolling,reset,model,13,6637.062760416668,7470.807129439811,18804386.09383195,18702690.234846137,101695.85898581147,suboptimal,545d8ca624cc
2,0.04,+/-20%,rolling,reset,model,14,7964.475312499997,5976.645706596037,18704499.560930874,,,infeasible,545d8ca624cc
2,0.04,+/-20%,rolling,reset,model,15,9557.370374999999,7420.8990560938,20452288.375893824,,,infeasible,545d8ca624cc
2,0.06,NHF,rolling,reset,model,1,90852.4875,90852.4875,44419865.92308413,44419865.92308413,0.0,optimal,545d8ca624cc
2,0.06,NHF,rolling,reset,model,2,0.0,0.0,1403418.5508566198,1403418.5508566198,0.0,optimal,545d8ca624cc
2,0.06,NHF,rolling,reset,model,3,0.0,0.0,2516209.518214299,2516209.518214299,0.0,optimal,545d8ca624cc
2,0.06,NHF,rolling,reset,model,4,0.0,0.0,4506148.019713283,4506148.019713283,0.0,optimal,545d8ca624cc
2,0.06,NHF,rolling,reset,model,5,0.0,0.0,8074906.95552471,8074906.95552471,0.0,optimal,545d8ca624cc
2,0.06,NHF,rolling,reset,model,6,0.0,0.0,14460928.521099301,14460928.521099301,0.0,optimal,545d8ca624cc
2,0.06,NHF,rolling,reset,model,7,25931.52227272727,25931.52227272727,25897320.531881556,25897320.531881556,0.0,optimal,545d8ca624cc
2,0.06,NHF,rolling,reset,model,8,9295.7835,9295.7835,14616940.696399063,14616940.696399063,0.0,optimal,545d8ca624cc
2,0.06,NHF,rolling,reset,model,9,14143.6375,14143.6375,12235458.476784043,12235458.476784043,0.0,optimal,545d8ca624cc
2,0.06,NHF,rolling,reset,model,10,0.0,0.0,3782857.5862521194,3782857.5862521194,0.0,optimal,545d8ca624cc
2,0.06,NHF,rolling,reset,model,11,0.0,0.0,6782504.587956513,6782504.587956513,0.0,optimal,545d8ca624cc
2,0.06,NHF,rolling,reset,model,12,0.0,0.0,12146432.718133265,12146432.718133265,0.0,optimal,545d8ca624cc
2,0.06,NHF,rolling,reset,model,13,25931.52227272727,25931.52227272727,21752411.054481722,21752411.054481722,0.0,optimal,545d8ca624cc
2,0.06,NHF,rolling,reset,model,14,0.0,0.0,7191808.504273815,7191808.504273815,0.0,optimal,545d8ca624cc
2,0.06,NHF,rolling,reset,model,15,9295.7835,9295.7835,12881664.296001187,12881664.296001187,0.0,optimal,545d8ca624cc
2,0.06,NDY,rolling,reset,model,1,9557.37037500001,9557.37037500001,12655865.670702603,12655865.670702593,9.313225746154785e-09,optimal,545d8ca624cc
2,0.06,NDY,rolling,reset,model,2,9557.37037500001,9557.370375,13039512.729701258,13039512.72970125,7.450580596923828e-09,optimal,545d8ca624cc
2,0.06,NDY,rolling,reset,model,3,9557.37037500001,9557.37037499997,13776728.286195612,13776728.286195628,-1.6763806343078613e-08,optimal,545d8ca624cc
2,0.06,NDY,rolling,reset,model,4,9557.37037500001,9557.37037500003,14630014.331480606,14630014.33148048,1.2479722499847412e-07,optimal,545d8ca624cc
2,0.06,NDY,rolling,reset,model,5,9557.370375000024,9557.37037499998,15065753.071966143,15065753.071966153,-9.313225746154785e-09,optimal,545d8ca624cc
2,0.06,NDY,rolling,reset,model,6,9557.370374999999,9557.370374999975,15057491.454356205,15057491.454356229,-2.421438694000244e-08,optimal,545d8ca624cc
2,0.06,NDY,rolling,reset,model,7,9557.370374999997,9545.106562957752,15134243.801372826,15134243.801372845,-1.862645149230957e-08,optimal,545d8ca624cc
2,0.06,NDY,rolling,reset,model,8,9557.370374999995,9204.391244317234,15433210.050930113,15254364.037323011,178846.01360710151,suboptimal,545d8ca624cc
2,0.06,NDY,rolling,reset,model,9,9557.370374999995,9019.091830855039,14402216.39198221,,,infeasible,545d8ca624cc
2,0.06,NDY,rolling,reset,model,10,9557.370374999999,8960.872749380878,14047782.244184053,,,infeasible,545d8ca624cc
2,0.06,NDY,rolling,reset,model,11,9557.370374999999,8876.891958889055,14044895.310239216,,,infeasible,545d8ca624cc
2,0.06,NDY,rolling,reset,model,12,9557.370374999999,8786.182461424443,14027621.022589423,,,infeasible,545d8ca624cc
2,0.06,NDY,rolling,reset,model,13,9557.370375000002,8675.422651416127,13788054.132326096,,,infeasible,545d8ca624cc
2,0.06,NDY,rolling,reset,model,14,9557.370375000002,8441.31777842516,13802742.58235676,,,infeasible,545d8ca624cc
2,0.06,NDY,rolling,reset,model,15,9557.370374999999,8412.237557548438,14336522.074346658,,,infeasible,545d8ca624cc
2,0.06,-10%,rolling,reset,model,1,19062.65588731099,19062.65588731099,20866726.062471632,20866726.06247164,-7.450580596923828e-09,optimal,545d8ca624cc
2,0.06,-10%,rolling,reset,model,2,17156.390298579885,17156.390298151986,20078673.484710004,20078673.48471001,-7.450580596923828e-09,optimal,545d8ca624cc
2,0.06,-10%,rolling,reset,model,3,15440.751268721913,15440.751268865219,19160950.449984252,19160950.449887235,9.701773524284363e-05,optimal,545d8ca624cc
2,0.06,-10%,rolling,reset,model,4,13896.67614184971,13896.676141684882,18635359.754508942,18635359.754508942,0.0,optimal,545d8ca624cc
2,0.06,-10%,rolling,reset,model,5,12507.008527664742,12507.008526740952,17577081.184177894,17577081.184177898,-3.725290298461914e-09,optimal,545d8ca624cc
2,0.06,-10%,rolling,reset,model,6,11256.307674898262,11256.307690958067,16159544.580701174,16159544.580701176,-1.862645149230957e-09,optimal,545d8ca624cc
2,0.06,-10%,rolling,reset,model,7,10130.676907408444,10130.67688868207,14844895.798927657,14844895.798927657,0.0,optimal,545d8ca624cc
2,0.06,-10%,rolling,reset,model,8,9117.609216667599,9117.609215624678,14090912.511508325,14090912.511508325,0.0,optimal,545d8ca624cc
2,0.06,-10%,rolling,reset,model,9,8205.848295000851,8205.848297504948,12296632.539440338,12296632.539440338,0.0,optimal,545d8ca624cc
2,0.06,-10%,rolling,reset,model,10,7385.263465500764,7385.263462841323,11188657.747992925,11188657.747992925,0.0,optimal,545d8ca624cc
2,0.06,-10%,rolling,reset,model,11,6646.737118950683,6646.737115435959,10708090.723796977,10708090.723796977,0.0,optimal,545d8ca624cc
2,0.06,-10%,rolling,reset,model,12,5982.063407055617,5982.063413090042,10926200.852642698,10926200.852642696,1.862645149230957e-09,optimal,545d8ca624cc
2,0.06,-10%,rolling,reset,model,13,7474.924835061427,7474.924838389686,12026811.032020634,12026811.032020634,0.0,optimal,545d8ca624cc
2,0.06,-10%,rolling,reset,model,14,6727.432351555286,6727.43235254318,12383026.160746152,12383026.160746152,0.0,optimal,545d8ca624cc
2,0.06,-10%,rolling,reset,model,15,9557.370374999993,8768.359658723268,13784816.254896298,,,infeasible,545d8ca624cc
2,0.06,-20%,rolling,reset,model,1,24626.07541308874,24626.07541308874,24059208.68699751,24059208.6869975,1.1175870895385742e-08,optimal,545d8ca624cc
2,0.06,-20%,rolling,reset,model,2,19700.86033047098,19700.860329382052,20344289.87871309,20344289.87871309,0.0,optimal,545d8ca624cc
2,0.06,-20%,rolling,reset,model,3,15760.688264376791,15760.688263903015,17699761.690331273,17699761.690331277,-3.725290298461914e-09,optimal,545d8ca624cc
2,0.06,-20%,rolling,reset,model,4,12608.550611501432,12608.550612092135,15677577.8586233,15677577.858623302,-1.862645149230957e-09,optimal,545d8ca624cc
2,0.06,-20%,rolling,reset,model,5,10086.840489201148,10086.840491386549,14097477.796448352,14097477.796448352,0.0,optimal,545d8ca624cc
2,0.06,-20%,rolling,reset,model,6,8069.472391360913,8069.472392916142,12891673.328434585,12891673.328434585,0.0,optimal,545d8ca624cc
2,0.06,-20%,rolling,reset,model,7,6455.577913088735,6455.5779114826155,13201786.430597614,13201786.430597614,0.0,optimal,545d8ca624cc
2,0.06,-20%,rolling,reset,model,8,9339.555086862241,9295.7835,15737190.170171594,15737190.170171592,1.862645149230957e-09,optimal,545d8ca624cc
2,0.06,-20%,rolling,reset,model,9,9979.203547626106,10022.975137002979,14244368.572246803,14244368.572246801,1.862645149230957e-09,optimal,545d8ca624cc
2,0.06,-20%,rolling,reset,model,10,9822.227300467932,9815.580322236465,13109584.184237864,13109584.184237864,0.0,optimal,545d8ca624cc
2,0.06,-20%,rolling,reset,model,11,7857.781840374346,7852.464257821023,10896961.063282775,10896961.063282773,1.862645149230957e-09,optimal,545d8ca624cc
2,0.06,-20%,rolling,reset,model,12,6286.225472299478,6281.971404660514,9773822.53459774,9773822.53459774,0.0,optimal,545d8ca624cc
2,0.06,-20%,rolling,reset,model,13,5028.980377839579,5025.5771222585245,9811394.709378056,9811394.709378054,1.862645149230957e-09,optimal,545d8ca624cc
2,0.06,-20%,rolling,reset,model,14,4023.1843022716616,4020.4616976152683,11414216.857683387,11414216.857683387,0.0,optimal,545d8ca624cc
2,0.06,-20%,rolling,reset,model,15,9557.370375,10364.414548677847,15518753.916284185,15296570.586281182,222183.33000300266,suboptimal,545d8ca624cc
2,0.06,+/-10%,rolling,reset,model,1,19062.65588731103,19062.65588731103,20866030.390364144,20866030.3903641,4.470348358154297e-08,optimal,545d8ca624cc
2,0.06,+/-10%,rolling,reset,model,2,17156.390298579936,17156.390298151993,20077386.23825299,20077386.238252986,3.725290298461914e-09,optimal,545d8ca624cc
2,0.06,+/-10%,rolling,reset,model,3,15440.751268721973,15440.751268699874,19159747.580958102,19159747.580958102,0.0,optimal,545d8ca624cc
2,0.06,+/-10%,rolling,reset,model,4,13896.676141849755,13896.676141667524,18633193.00125719,18633193.001257192,-3.725290298461914e-09,optimal,545d8ca624cc
2,0.06,+/-10%,rolling,reset,model,5,12507.008527664782,12507.008526740961,17572956.051100507,17572956.05118633,-8.582323789596558e-05,optimal,545d8ca624cc
2,0.06,+/-10%,rolling,reset,model,6,11256.307674898151,11256.307674768612,16152349.708144804,16152349.7081448,3.725290298461914e-09,optimal,545d8ca624cc
2,0.06,+/-10%,rolling,reset,model,7,10130.676907408426,10130.676911316203,14831922.582069144,14831922.582069144,0.0,optimal,545d8ca624cc
2,0.06,+/-10%,rolling,reset,model,8,9117.609216667586,9117.609215624678,14066987.264033426,14066987.264033426,0.0,optimal,545d8ca624cc
2,0.06,+/-10%,rolling,reset,model,9,8205.84829500084,8205.848297504948,12252993.810890066,12252993.810890066,0.0,optimal,545d8ca624cc
2,0.06,+/-10%,rolling,reset,model,10,7385.263465500744,7372.528503619079,11112013.95093051,11112013.95093051,0.0,optimal,545d8ca624cc
2,0.06,+/-10%,rolling,reset,model,11,6646.737118950655,6475.88272049445,10611596.43887741,10595902.133694971,15694.305182438344,suboptimal,545d8ca624cc
2,0.06,+/-10%,rolling,reset,model,12,5982.063407055526,6208.997717259121,10963050.116476672,10770510.085458746,192540.0310179256,suboptimal,545d8ca624cc
2,0.06,+/-10%,rolling,reset,model,13,6580.26974776115,7228.218723574973,11849501.447417958,11646071.118033312,203430.32938464545,suboptimal,545d8ca624cc
2,0.06,+/-10%,rolling,reset,model,14,7238.296722537315,7027.848326597079,12367085.960118426,,,infeasible,545d8ca624cc
2,0.06,+/-10%,rolling,reset,model,15,7962.126394791062,8698.866995479857,13699913.474784374,13489447.37503001,210466.09975436516,suboptimal,545d8ca624cc
2,0.06,+/-20%,rolling,reset,model,1,24626.075413088744,24626.075413088744,24053782.2214073,24053782.22140729,1.1175870895385742e-08,optimal,545d8ca624cc
2,0.06,+/-20%,rolling,reset,model,2,19700.86033047098,19700.860331592143,20384425.71488731,20384425.714887317,-7.450580596923828e-09,optimal,545d8ca624cc
2,0.06,+/-20%,rolling,reset,model,3,15760.68826437679,15760.688266474914,17771724.87699348,17771724.876993477,3.725290298461914e-09,optimal,545d8ca624cc
2,0.06,+/-20%,rolling,reset,model,4,12608.55061150143,12608.550612874333,15744846.822337614,15744846.822337618,-3.725290298461914e-09,optimal,545d8ca624cc
2,0.06,+/-20%,rolling,reset,model,5,10086.840489201146,10086.840493055868,14217121.151614733,14217121.151614726,7.450580596923828e-09,optimal,545d8ca624cc
2,0.06,+/-20%,rolling,reset,model,6,8069.4723913609205,8069.472392916142,13107547.909369506,13107547.909369506,0.0,optimal,545d8ca624cc
2,0.06,+/-20%,rolling,reset,model,7,7550.975944797294,7550.975942446917,13592060.248136545,13592060.248136543,1.862645149230957e-09,optimal,545d8ca624cc
2,0.06,+/-20%,rolling,reset,model,8,9061.17113375676,9295.7835,15123146.385888813,15105955.68908553,17190.696803282946,suboptimal,545d8ca624cc
2,0.06,+/-20%,rolling,reset,model,9,8554.976477400853,8268.753691097832,13143797.145780362,,,infeasible,545d8ca624cc
2,0.06,+/-20%,rolling,reset,model,10,10265.971772881014,10265.97177271571,13435684.381886207,13435684.381886205,1.862645149230957e-09,optimal,545d8ca624cc
2,0.06,+/-20%,rolling,reset,model,11,8212.777418304813,8119.001472843701,10928994.291795908,10928791.162767358,203.12902854941785,suboptimal,545d8ca624cc
2,0.06,+/-20%,rolling,reset,model,12,6570.221934643851,6022.495576455136,9554310.07236406,9465732.830157325,88577.24220673554,suboptimal,545d8ca624cc
2,0.06,+/-20%,rolling,reset,model,13,5256.177547715079,4792.52739025438,9736515.086810643,9625347.594772778,111167.4920378644,suboptimal,545d8ca624cc
2,0.06,+/-20%,rolling,reset,model,14,4204.9420381720665,5751.0328714470925,11566847.46632525,9234052.08791888,2332795.37840637,suboptimal,545d8ca624cc
2,0.06,+/-20%,rolling,reset,model,15,5045.9304458064735,9752.052977629095,14646264.852835026,11295782.55531787,3350482.297517156,suboptimal,545d8ca624cc
3,0.0,NHF,rolling,reset,model,1,10054.384,10054.384,153217869.5371015,153217869.5371015,0.0,optimal,545d8ca624cc
3,0.0,NHF,rolling,reset,model,2,12479.518,0.0,152651936.61275268,151477269.14304125,1174667.469711423,suboptimal,545d8ca624cc
3,0.0,NHF,rolling,reset,model,3,0.0,0.0,159165500.95111883,159165500.95111883,0.0,optimal,545d8ca624cc
3,0.0,NHF,rolling,reset,model,4,0.0,0.0,165816190.41044334,165816190.41044334,0.0,optimal,545d8ca624cc
3,0.0,NHF,rolling,reset,model,5,13759.907,12479.518,171613921.3491399,171401615.25621176,212306.09292814136,suboptimal,545d8ca624cc
3,0.0,NHF,rolling,reset,model,6,0.0,0.0,166103815.28239965,166103815.28239965,0.0,optimal,545d8ca624cc
3,0.0,NHF,rolling,reset,model,7,5657.455000000001,0.0,176526227.0030353,175728857.11365688,797369.8893784285,suboptimal,545d8ca624cc
3,0.0,NHF,rolling,reset,model,8,0.0,0.0,187415852.65058646,187415852.65058646,0.0,optimal,545d8ca624cc
3,0.0,NHF,rolling,reset,model,9,0.0,0.0,199809039.9932772,199809039.9932772,0.0,optimal,545d8ca624cc
3,0.0,NHF,rolling,reset,model,10,0.0,13090.0,209326955.72738227,209326955.72738227,0.0,optimal,545d8ca624cc
3,0.0,NHF,rolling,reset,model,11,0.0,13090.0,202248504.87303275,202248504.87303275,0.0,optimal,545d8ca624cc
3,0.0,NHF,rolling,reset,model,12,0.0,10410.297,194255419.37748808,194255419.37748808,0.0,optimal,545d8ca624cc
3,0.0,NHF,rolling,reset,model,13,0.0,10410.297,190111292.9824583,190111292.9824583,0.0,optimal,545d8ca624cc
3,0.0,NHF,rolling,reset,model,14,10732.5,0.0,185978249.80994058,184734914.0265745,1243335.783366084,suboptimal,545d8ca624cc
3,0.0,NHF,rolling,reset,model,15,71777.8588181818,0.0,194915058.1734056,,,infeasible,545d8ca624cc
3,0.0,NDY,rolling,reset,model,1,4761.904554022563,4761.904554022563,127509234.14227448,127509234.14227447,1.4901161193847656e-08,optimal,545d8ca624cc
3,0.0,NDY,rolling,reset,model,2,4761.904554022563,4442.999361895658,132038989.74719426,131946376.90604803,92612.8411462307,suboptimal,545d8ca624cc
3,0.0,NDY,rolling,reset,model,3,4761.904554022563,4442.999360332118,136557279.15071508,136467263.33286083,90015.81785425544,suboptimal,545d8ca624cc
3,0.0,NDY,rolling,reset,model,4,4761.904554022563,4442.9993591617595,140892705.7521986,140780330.5957582,112375.15644040704,suboptimal,545d8ca624cc
3,0.0,NDY,rolling,reset,model,5,4761.904554022554,3543.397862001845,144635684.54588348,144496726.96338484,138957.58249863982,suboptimal,545d8ca624cc
3,0.0,NDY,rolling,reset,model,6,4761.904554022557,899.601498433525,149735881.0464879,149376525.51718277,359355.52930513024,suboptimal,545d8ca624cc
3,0.0,NDY,rolling,reset,model,7,4761.904554022558,1452.4605370127779,158086543.9744559,157981127.15228295,105416.82217293978,suboptimal,545d8ca624cc
3,0.0,NDY,rolling,reset,model,8,8656.422615789463,7009.45935193524,165478883.1306433,164788238.37613067,690644.7545126379,suboptimal,545d8ca624cc
3,0.0,NDY,rolling,reset,model,9,8656.422615789463,6948.629787540944,166020970.3852914,165290950.20717716,730020.1781142354,suboptimal,545d8ca624cc
3,0.0,NDY,rolling,reset,model,10,8656.422615789463,6843.3427528869925,166667083.35971418,165894866.34935665,772217.0103575289,suboptimal,545d8ca624cc
3,0.0,NDY,rolling,reset,model,11,8656.422615789463,6939.097201867278,167420200.03693354,166717404.67057347,702795.3663600683,suboptimal,545d8ca624cc
3,0.0,NDY,rolling,reset,model,12,8656.422615789465,7230.39997016809,167879029.90082145,167375853.18677896,503176.71404248476,suboptimal,545d8ca624cc
3,0.0,NDY,rolling,reset,model,13,8656.422615789474,7753.79951883091,167968785.31283477,167553789.4041552,414995.9086795747,suboptimal,545d8ca624cc
3,0.0,NDY,rolling,reset,model,14,8656.422615789475,6796.950978810673,166687599.62817112,165876558.26000604,811041.3681650758,suboptimal,545d8ca624cc
3,0.0,NDY,rolling,reset,model,15,8656.422615789477,7092.5198410932735,166893364.30442846,166296082.372874,597281.9315544665,suboptimal,545d8ca624cc
3,0.0,-10%,rolling,reset,model,1,5818.455679569854,5818.455679569854,131001822.53642382,131001822.53642346,3.5762786865234375e-07,optimal,545d8ca624cc
3,0.0,-10%,rolling,reset,model,2,5236.610111612851,4860.554324687755,134966070.4795463,134834387.27602553,131683.20352077484,suboptimal,545d8ca624cc
3,0.0,-10%,rolling,reset,model,3,4712.949100451564,4374.498891296727,139137248.30670276,138958166.01189256,179082.2948102057,suboptimal,545d8ca624cc
3,0.0,-10%,rolling,reset,model,4,4241.654190406456,3812.8109325750347,143475880.5707914,143343238.32072872,132642.25006267428,suboptimal,545d8ca624cc
3,0.0,-10%,rolling,reset,model,5,3817.488771365683,2152.7212705011752,147726568.76877177,147618595.41326582,107973.3555059433,suboptimal,545d8ca624cc
3,0.0,-10%,rolling,reset,model,6,3435.7398942292193,1514.860898133414,154990022.77618116,154780143.88594857,209878.89023259282,suboptimal,545d8ca624cc
3,0.0,-10%,rolling,reset,model,7,3092.1659048062356,0.0,163022405.84871322,162827959.1343774,194446.71433582902,suboptimal,545d8ca624cc
3,0.0,-10%,rolling,reset,model,8,7719.943869265111,54.764826671063716,171719664.69216436,171224524.80182856,495139.89033579826,suboptimal,545d8ca624cc
3,0.0,-10%,rolling,reset,model,9,6947.9494823385285,5199.8972136242355,180477678.24964926,180476218.36209664,1459.8875526189804,suboptimal,545d8ca624cc
3,0.0,-10%,rolling,reset,model,10,6253.154534104569,10507.747135951191,182979380.64404428,182700506.08458346,278874.55946081877,suboptimal,545d8ca624cc
3,0.0,-10%,rolling,reset,model,11,13193.754939474886,11172.341275374798,179019243.28692687,178464297.57311526,554945.7138116062,suboptimal,545d8ca624cc
3,0.0,-10%,rolling,reset,model,12,11874.37944552741,11478.4323924363,174618864.5005598,174472685.824247,146178.67631280422,suboptimal,545d8ca624cc
3,0.0,-10%,rolling,reset,model,13,10686.941500974634,10334.007006637084,169457232.3467064,169304782.10668865,152450.24001774192,suboptimal,545d8ca624cc
3,0.0,-10%,rolling,reset,model,14,9618.24735087718,9210.091357628162,165144739.6958371,164950476.0414927,194263.6543444097,suboptimal,545d8ca624cc
3,0.0,-10%,rolling,reset,model,15,8656.422615789537,8148.99190684275,162333702.261355,162124724.68666065,208977.57469436526,suboptimal,545d8ca624cc
3,0.0,-20%,rolling,reset,model,1,7633.435636856375,7633.435636856375,133903980.10347535,133903980.10347512,2.2351741790771484e-07,optimal,545d8ca624cc
3,0.0,-20%,rolling,reset,model,2,6106.7485094851245,5047.583456424769,136070563.49356464,135989693.86738852,80869.62617611885,suboptimal,545d8ca624cc
3,0.0,-20%,rolling,reset,model,3,4885.39880758809,4038.066765306474,140301622.4470149,140038510.9260241,263111.52099078894,suboptimal,545d8ca624cc
3,0.0,-20%,rolling,reset,model,4,3908.319046070412,3230.4534130054035,144982296.6377531,144737246.1502967,245050.48745641112,suboptimal,545d8ca624cc
3,0.0,-20%,rolling,reset,model,5,3126.655236856375,2584.36272901771,150128083.58591282,150035631.27021915,92452.31569367647,suboptimal,545d8ca624cc
3,0.0,-20%,rolling,reset,model,6,2501.3241894851194,0.0,156759868.0341937,156680404.169593,79463.86460068822,suboptimal,545d8ca624cc
3,0.0,-20%,rolling,reset,model,7,2001.059351588048,0.0,166386700.32866183,166375665.81828484,11034.510376989841,suboptimal,545d8ca624cc
3,0.0,-20%,rolling,reset,model,8,7689.579191600203,764.1714451704753,174432376.76723593,174363604.9494303,68771.81780564785,suboptimal,545d8ca624cc
3,0.0,-20%,rolling,reset,model,9,6151.663353280163,563.0621207575477,182925757.6386803,182925757.6386803,0.0,optimal,545d8ca624cc
3,0.0,-20%,rolling,reset,model,10,4921.33068262403,13090.000000000002,190798529.3927588,189869881.01029602,928648.3824627697,suboptimal,545d8ca624cc
3,0.0,-20%,rolling,reset,model,11,9476.334790553337,13182.395195736859,184448617.3797684,184232680.5218196,215936.85794880986,suboptimal,545d8ca624cc
3,0.0,-20%,rolling,reset,model,12,16907.075421463785,12839.143372892631,177423596.12690502,176140485.82418877,1283110.3027162552,suboptimal,545d8ca624cc
3,0.0,-20%,rolling,reset,model,13,13525.660337171059,11104.056147669264,170404958.01018587,170263844.79804692,141113.21213895082,suboptimal,545d8ca624cc
3,0.0,-20%,rolling,reset,model,14,10820.528269736882,8597.023478344921,164511891.80053675,164498968.52663952,12923.273897230625,suboptimal,545d8ca624cc
3,0.0,-20%,rolling,reset,model,15,8656.422615789528,9021.740520587995,162931022.05112377,162928590.84739226,2431.203731507063,suboptimal,545d8ca624cc
3,0.0,+/-10%,rolling,reset,model,1,5990.907763083956,5990.907763083956,129163350.48014152,129163350.48014788,-6.362795829772949e-06,optimal,545d8ca624cc
3,0.0,+/-10%,rolling,reset,model,2,5391.81698677428,5162.986077571205,133241276.70940416,133213251.02742559,28025.681978568435,suboptimal,545d8ca624cc
3,0.0,+/-10%,rolling,reset,model,3,4852.6352880968625,3684.6034949428085,138123696.07877693,137978110.6905855,145585.38819143176,suboptimal,545d8ca624cc
3,0.0,+/-10%,rolling,reset,model,4,4367.371759287166,3844.8806676262334,142829972.6792817,142752051.97039685,77920.70888486505,suboptimal,545d8ca624cc
3,0.0,+/-10%,rolling,reset,model,5,4804.108935214334,3993.3555238447398,147780810.90910387,147589268.42318535,191542.48591852188,suboptimal,545d8ca624cc
3,0.0,+/-10%,rolling,reset,model,6,5284.519828740569,4171.7360470314525,151746763.1166545,151454998.61165512,291764.5049993694,suboptimal,545d8ca624cc
3,0.0,+/-10%,rolling,reset,model,7,5812.971811611106,4343.854467104329,156221362.1471849,155844513.50098354,376848.64620137215,suboptimal,545d8ca624cc
3,0.0,+/-10%,rolling,reset,model,8,6394.268992780688,4472.339639160047,159873676.9397431,159430508.0477491,443168.8919939995,suboptimal,545d8ca624cc
3,0.0,+/-10%,rolling,reset,model,9,7033.695892049569,4708.825150274786,164197530.69971246,163553222.96842015,644307.7312923074,suboptimal,545d8ca624cc
3,0.0,+/-10%,rolling,reset,model,10,7737.065481249669,5154.781055150807,167196488.3119456,166764696.70529598,431791.6066496074,suboptimal,545d8ca624cc
3,0.0,+/-10%,rolling,reset,model,11,8510.772029374595,5205.389018486216,170509515.19350657,169917533.69174132,591981.5017652512,suboptimal,545d8ca624cc
3,0.0,+/-10%,rolling,reset,model,12,9361.849232310713,5826.158454259799,172166896.973349,171954941.16360614,211955.80974286795,suboptimal,545d8ca624cc
3,0.0,+/-10%,rolling,reset,model,13,10298.034155550833,7484.454804536705,174442357.6577885,173976935.48339587,465422.1743926108,suboptimal,545d8ca624cc
3,0.0,+/-10%,rolling,reset,model,14,9618.247350885009,8855.03330244505,173825087.8737598,173813189.6277794,11898.245980411768,suboptimal,545d8ca624cc
3,0.0,+/-10%,rolling,reset,model,15,8656.42261579379,8773.480670430718,172016692.29943573,172016659.02457246,33.27486327290535,optimal,545d8ca624cc
3,0.0,+/-20%,rolling,reset,model,1,7523.9206965425365,7523.9206965425365,132411263.4054798,132411263.40547974,5.960464477539063e-08,optimal,545d8ca624cc
3,0.0,+/-20%,rolling,reset,model,2,6019.136557234051,4934.04953689224,134942960.02236497,134873701.23047346,69258.79189151525,suboptimal,545d8ca624cc
3,0.0,+/-20%,rolling,reset,model,3,4815.309245787177,4129.480232155055,138998976.50684714,138819918.1122758,179058.39457133412,suboptimal,545d8ca624cc
3,0.0,+/-20%,rolling,reset,model,4,3852.2473966298007,3303.584185787942,143665534.2061686,143575889.69133872,89644.51482987404,suboptimal,545d8ca624cc
3,0.0,+/-20%,rolling,reset,model,5,3145.6363056838145,2642.8673458571284,148942407.3541854,148897569.39436027,44837.95982512832,suboptimal,545d8ca624cc
3,0.0,+/-20%,rolling,reset,model,6,3774.7635668205844,3040.4216680960694,155309476.4834275,155251421.217101,58055.266326487064,suboptimal,545d8ca624cc
3,0.0,+/-20%,rolling,reset,model,7,4529.71628018471,3083.8360372193983,161557735.8436901,161437428.44516465,120307.39852544665,suboptimal,545d8ca624cc
3,0.0,+/-20%,rolling,reset,model,8,5435.659536221658,3570.6820815832216,166456978.0918001,166310124.56486517,146853.52693492174,suboptimal,545d8ca624cc
3,0.0,+/-20%,rolling,reset,model,9,6522.791443465982,4361.937527563189,171205123.09424412,171138664.74742582,66458.3468182981,suboptimal,545d8ca624cc
3,0.0,+/-20%,rolling,reset,model,10,7827.34973215917,5361.291037114096,174410441.0297514,174388273.31132758,22167.71842381358,suboptimal,545d8ca624cc
3,0.0,+/-20%,rolling,reset,model,11,9392.819678590973,8147.130136614924,177239220.40228626,177236316.21322107,2904.1890651881695,suboptimal,545d8ca624cc
3,0.0,+/-20%,rolling,reset,model,12,11271.383614309176,11626.651552545669,176158893.08711228,176157491.8331528,1401.2539594769478,suboptimal,545d8ca624cc
3,0.0,+/-20%,rolling,reset,model,13,13525.660337171,7629.724354820346,170677575.54940906,169479646.66171396,1197928.887695104,suboptimal,545d8ca624cc
3,0.0,+/-20%,rolling,reset,model,14,10820.528269736795,7668.984173693203,169243845.77273002,169208825.27798474,35020.49474528432,suboptimal,545d8ca624cc
3,0.0,+/-20%,rolling,reset,model,15,8656.422615789561,9382.826859954122,167970136.22385395,167967050.58540377,3085.6384501755238,suboptimal,545d8ca624cc
3,0.02,NHF,rolling,reset,model,1,22533.902000000002,22533.902000000002,35269979.30138385,35269979.30138385,0.0,optimal,545d8ca624cc
3,0.02,NHF,rolling,reset,model,2,0.0,0.0,23217948.308999818,23217948.308999818,0.0,optimal,545d8ca624cc
3,0.02,NHF,rolling,reset,model,3,5186.304454545454,0.0,28413437.542512517,28328834.088650484,84603.45386203378,suboptimal,545d8ca624cc
3,0.02,NHF,rolling,reset,model,4,0.0,0.0,34635821.81719231,34635821.81719231,0.0,optimal,545d8ca624cc
3,0.02,NHF,rolling,reset,model,5,6315.403818181818,13759.907,42872444.68178131,42178330.51405263,694114.1677286774,suboptimal,545d8ca624cc
3,0.02,NHF,rolling,reset,model,6,0.0,0.0,35406800.50075242,35406800.50075242,0.0,optimal,545d8ca624cc
3,0.02,NHF,rolling,reset,model,7,16030.06390909091,16030.06390909091,43160692.24028477,43160692.24028477,0.0,optimal,545d8ca624cc
3,0.02,NHF,rolling,reset,model,8,13094.081800000002,13094.0818,33225778.217729002,33225778.217729002,0.0,optimal,545d8ca624cc
3,0.02,NHF,rolling,reset,model,9,5186.304454545454,0.0,23121459.36633359,20414744.6217864,2706714.7445471883,suboptimal,545d8ca624cc
3,0.02,NHF,rolling,reset,model,10,0.0,0.0,28556814.14159249,28556814.14159249,0.0,optimal,545d8ca624cc
3,0.02,NHF,rolling,reset,model,11,5186.304454545454,10372.608909090908,35462168.24611982,35088127.45676167,374040.7893581465,suboptimal,545d8ca624cc
3,0.02,NHF,rolling,reset,model,12,0.0,0.0,30522806.522176094,30522806.522176094,0.0,optimal,545d8ca624cc
3,0.02,NHF,rolling,reset,model,13,10372.608909090908,10372.608909090908,37207130.83311224,37207130.83311224,0.0,optimal,545d8ca624cc
3,0.02,NHF,rolling,reset,model,14,0.0,0.0,32649906.178819466,32649906.178819466,0.0,optimal,545d8ca624cc
3,0.02,NHF,rolling,reset,model,15,18280.386254545454,13094.0818,41021732.5217115,38384045.62546216,2637686.896249339,suboptimal,545d8ca624cc
3,0.02,NDY,rolling,reset,model,1,6143.476810886735,6143.476810886735,30745934.14270425,30745934.14270425,0.0,optimal,545d8ca624cc
3,0.02,NDY,rolling,reset,model,2,6143.476810886741,6143.476810949193,32194538.24988438,32194538.249884326,5.21540641784668e-08,optimal,545d8ca624cc
3,0.02,NDY,rolling,reset,model,3,6143.476810886732,6143.476811567492,33615848.59078398,33615848.59078398,0.0,optimal,545d8ca624cc
3,0.02,NDY,rolling,reset,model,4,6143.476810886723,6143.476811035453,34299359.13353718,34299359.13353718,0.0,optimal,545d8ca624cc
3,0.02,NDY,rolling,reset,model,5,6143.476810886743,6143.476809068319,35275919.96893027,35275919.96893026,7.450580596923828e-09,optimal,545d8ca624cc
3,0.02,NDY,rolling,reset,model,6,6143.476810886737,6143.4768071219505,35780846.01929804,35780846.01929804,0.0,optimal,545d8ca624cc
3,0.02,NDY,rolling,reset,model,7,6612.651071905682,6472.5125302289725,36192148.91642596,36106288.87609362,85860.0403323397,suboptimal,545d8ca624cc
3,0.02,NDY,rolling,reset,model,8,6612.651071905694,6449.800610855306,36170284.58835468,36055890.75655323,114393.83180144429,suboptimal,545d8ca624cc
3,0.02,NDY,rolling,reset,model,9,6612.651071905687,6449.80061232443,36344822.75540543,36196934.41532882,147888.34007661045,suboptimal,545d8ca624cc
3,0.02,NDY,rolling,reset,model,10,6612.651071905682,6459.627654661158,36410886.67463431,36259319.39287113,151567.2817631811,suboptimal,545d8ca624cc
3,0.02,NDY,rolling,reset,model,11,6612.651071905682,6459.80425286359,36346394.32045639,36204208.39659509,142185.92386130244,suboptimal,545d8ca624cc
3,0.02,NDY,rolling,reset,model,12,6612.651071905676,6459.804252010908,36832813.00092576,36691626.1923852,141186.8085405603,suboptimal,545d8ca624cc
3,0.02,NDY,rolling,reset,model,13,6612.651071905691,6377.654765158701,36321162.00368875,36117699.17779765,203462.82589109987,suboptimal,545d8ca624cc
3,0.02,NDY,rolling,reset,model,14,6612.65107190569,6357.694191728705,35717958.15858909,35540322.9928134,177635.1657756865,suboptimal,545d8ca624cc
3,0.02,NDY,rolling,reset,model,15,8656.422615789477,6339.1395296569735,35373821.30664334,,,infeasible,545d8ca624cc
3,0.02,-10%,rolling,reset,model,1,7738.153535095194,7738.153535095194,31662505.677497733,31662505.677497726,7.450580596923828e-09,optimal,545d8ca624cc
3,0.02,-10%,rolling,reset,model,2,6964.338181585675,6964.338181939949,32069868.693595946,32069868.693595942,3.725290298461914e-09,optimal,545d8ca624cc
3,0.02,-10%,rolling,reset,model,3,6267.9043634271075,6267.904363617019,32827409.70589227,32827409.70589227,0.0,optimal,545d8ca624cc
3,0.02,-10%,rolling,reset,model,4,5641.113927084394,5641.113927992447,33152906.71176023,33152906.711760234,-3.725290298461914e-09,optimal,545d8ca624cc
3,0.02,-10%,rolling,reset,model,5,5077.002534375944,5077.002535291871,34408575.72109308,34408575.72109308,0.0,optimal,545d8ca624cc
3,0.02,-10%,rolling,reset,model,6,4569.302280938355,4569.302282722326,35978878.32440495,35978878.32440495,0.0,optimal,545d8ca624cc
3,0.02,-10%,rolling,reset,model,7,8762.6098958029,8749.652691510506,38375915.324576095,38375915.324576095,0.0,optimal,545d8ca624cc
3,0.02,-10%,rolling,reset,model,8,7886.348906222609,7848.743667212539,36135273.76507741,36135273.76507741,0.0,optimal,545d8ca624cc
3,0.02,-10%,rolling,reset,model,9,7097.714015600346,7061.721025420069,34166769.71448129,34166769.714481294,-7.450580596923828e-09,optimal,545d8ca624cc
3,0.02,-10%,rolling,reset,model,10,6387.9426140403275,6356.91158031037,32889612.07716011,32889612.07716011,0.0,optimal,545d8ca624cc
3,0.02,-10%,rolling,reset,model,11,5749.148352636288,5721.036262451438,32305127.096117545,32305127.09611754,3.725290298461914e-09,optimal,545d8ca624cc
3,0.02,-10%,rolling,reset,model,12,5174.23351737265,5148.932637145099,32188956.42393366,32188956.42393366,0.0,optimal,545d8ca624cc
3,0.02,-10%,rolling,reset,model,13,4656.81016563539,4633.948753767986,33090132.556316756,33090132.556316756,0.0,optimal,545d8ca624cc
3,0.02,-10%,rolling,reset,model,14,5788.553393507469,4170.553877174432,34527743.020461775,33705300.38607776,822442.6343840137,suboptimal,545d8ca624cc
3,0.02,-10%,rolling,reset,model,15,8656.422615789474,8177.699684552821,37351533.40202846,36843473.27082866,508060.1311997995,suboptimal,545d8ca624cc
3,0.02,-20%,rolling,reset,model,1,9618.254456955623,9618.254456955623,32442849.416780744,32442849.41678074,3.725290298461914e-09,optimal,545d8ca624cc
3,0.02,-20%,rolling,reset,model,2,7694.6035655644955,7694.603564448013,31668563.373394027,31668563.373394024,3.725290298461914e-09,optimal,545d8ca624cc
3,0.02,-20%,rolling,reset,model,3,6155.682852451596,5409.586982768993,31409298.788279254,31402874.87072282,6423.91755643487,suboptimal,545d8ca624cc
3,0.02,-20%,rolling,reset,model,4,4924.546281961276,5349.2401763015405,32379361.493591968,32371544.65754692,7816.836045049131,suboptimal,545d8ca624cc
3,0.02,-20%,rolling,reset,model,5,3939.6370255690285,4279.392142955495,33841760.919200875,33815714.119804785,26046.79939609021,suboptimal,545d8ca624cc
3,0.02,-20%,rolling,reset,model,6,3151.7096204552195,3423.5137134130164,36243512.88817168,36189161.51651451,54351.371657170355,suboptimal,545d8ca624cc
3,0.02,-20%,rolling,reset,model,7,11024.458603772726,11024.458605015252,40117646.950973906,40117646.950973906,0.0,optimal,545d8ca624cc
3,0.02,-20%,rolling,reset,model,8,8819.566883018178,8805.308833146164,35463471.95993239,35463471.9599324,-1.4901161193847656e-08,optimal,545d8ca624cc
3,0.02,-20%,rolling,reset,model,9,7055.653506414549,7044.247065590235,32187943.075926397,32187943.075926397,0.0,optimal,545d8ca624cc
3,0.02,-20%,rolling,reset,model,10,5644.522805131639,5633.341156689592,30503071.52016114,30503071.52016114,0.0,optimal,545d8ca624cc
3,0.02,-20%,rolling,reset,model,11,4683.258331440727,4506.946371660692,30248511.65830857,30142987.59114962,105524.06715894863,suboptimal,545d8ca624cc
3,0.02,-20%,rolling,reset,model,12,3746.606665152584,3605.5570967188846,31246415.398757465,31191809.46031603,54605.93844143674,suboptimal,545d8ca624cc
3,0.02,-20%,rolling,reset,model,13,5367.003603772725,4782.993896379428,33839140.78125423,33409871.23364995,429269.54760428146,suboptimal,545d8ca624cc
3,0.02,-20%,rolling,reset,model,14,5005.605305318184,3826.3951186822196,35619550.97644208,35024296.71250553,595254.2639365569,suboptimal,545d8ca624cc
3,0.02,-20%,rolling,reset,model,15,8656.422615789475,10074.432400082012,39110863.1478698,38906763.012769654,204100.13510014862,suboptimal,545d8ca624cc
3,0.02,+/-10%,rolling,reset,model,1,7576.303664588615,7576.303664588615,31288460.54995733,31288460.549957342,-1.1175870895385742e-08,optimal,545d8ca624cc
3,0.02,+/-10%,rolling,reset,model,2,6818.673298129759,6818.6732972114205,31124259.76950555,31124259.76950555,0.0,optimal,545d8ca624cc
3,0.02,+/-10%,rolling,reset,model,3,6136.80596831679,5933.037260901439,32148696.060427852,32110653.475152813,38042.58527503908,suboptimal,545d8ca624cc
3,0.02,+/-10%,rolling,reset,model,4,5523.125371485103,5047.114753146527,33009211.392441124,32981719.632721942,27491.759719181806,suboptimal,545d8ca624cc
3,0.02,+/-10%,rolling,reset,model,5,4970.812834336591,5551.826230144337,34960502.50233561,34565510.613620125,394991.88871548325,suboptimal,545d8ca624cc
3,0.02,+/-10%,rolling,reset,model,6,5467.8941177702545,5727.580763021887,36151845.68778546,35977013.015337296,174832.67244816571,suboptimal,545d8ca624cc
3,0.02,+/-10%,rolling,reset,model,7,6014.683529547279,6300.338839409371,37170217.430710874,37041287.51491142,128929.91579945385,suboptimal,545d8ca624cc
3,0.02,+/-10%,rolling,reset,model,8,6616.151882502019,8284.256771403734,37846503.401894905,37514537.61452394,331965.7873709649,suboptimal,545d8ca624cc
3,0.02,+/-10%,rolling,reset,model,9,7277.7670707521975,7424.725308709753,35614642.181944214,35610980.70201015,3661.479934066534,suboptimal,545d8ca624cc
3,0.02,+/-10%,rolling,reset,model,10,6738.817423642338,6619.1212989914575,34209420.30335093,34207594.09225486,1826.2110960707068,suboptimal,545d8ca624cc
3,0.02,+/-10%,rolling,reset,model,11,6064.935681278088,5603.9934742384685,33575122.70635313,33522063.070090916,53059.63626221195,suboptimal,545d8ca624cc
3,0.02,+/-10%,rolling,reset,model,12,6671.429249405904,5043.5941268085535,34531615.798162214,33747721.341364495,783894.456797719,suboptimal,545d8ca624cc
3,0.02,+/-10%,rolling,reset,model,13,7154.06827751196,5547.953541119114,35018898.564914346,34189393.178041466,829505.3868728802,suboptimal,545d8ca624cc
3,0.02,+/-10%,rolling,reset,model,14,7869.475105263169,6102.748893817262,35924186.3459223,35144990.358851604,779195.9870706946,suboptimal,545d8ca624cc
3,0.02,+/-10%,rolling,reset,model,15,8656.42261578948,7695.692126148374,36669582.29232076,35861959.75045663,807622.5418641269,suboptimal,545d8ca624cc
3,0.02,+/-20%,rolling,reset,model,1,9235.205737704919,9235.205737704919,31923060.161243632,31923060.161243632,0.0,optimal,545d8ca624cc
3,0.02,+/-20%,rolling,reset,model,2,7388.164590163936,7320.9827971742325,30366142.518580545,30366142.518580545,0.0,optimal,545d8ca624cc
3,0.02,+/-20%,rolling,reset,model,3,5910.531672131146,5365.855911409671,30794950.172680996,30679349.584260076,115600.58842092007,suboptimal,545d8ca624cc
3,0.02,+/-20%,rolling,reset,model,4,4728.425337704919,4089.753259467741,32215961.238780953,32158982.324914105,56978.91386684775,suboptimal,545d8ca624cc
3,0.02,+/-20%,rolling,reset,model,5,4056.551501739613,4907.703913812059,34985032.067058064,34141335.14141119,843696.9256468713,suboptimal,545d8ca624cc
3,0.02,+/-20%,rolling,reset,model,6,4867.861802087539,5602.189608681576,36952471.81252338,36370487.61084004,581984.2016833425,suboptimal,545d8ca624cc
3,0.02,+/-20%,rolling,reset,model,7,5841.434162505045,6722.627528663652,38330663.90789539,37923293.90185603,407370.0060393661,suboptimal,545d8ca624cc
3,0.02,+/-20%,rolling,reset,model,8,7009.720995006053,9916.724782493615,38762987.2534424,38269644.279604934,493342.97383746505,suboptimal,545d8ca624cc
3,0.02,+/-20%,rolling,reset,model,9,8411.665194007259,7943.8512666213755,34421021.22328234,34088670.73404603,332350.4892363101,suboptimal,545d8ca624cc
3,0.02,+/-20%,rolling,reset,model,10,7481.480902264904,6336.977865286676,31918302.95695491,31029165.51314419,889137.44381072,suboptimal,545d8ca624cc
3,0.02,+/-20%,rolling,reset,model,11,5985.184721811923,4905.9645637890235,31388256.48829195,30748304.788200237,639951.7000917122,suboptimal,545d8ca624cc
3,0.02,+/-20%,rolling,reset,model,12,7182.221666174296,3938.060333662086,32623359.594277624,30773744.86005631,1849614.7342213131,suboptimal,545d8ca624cc
3,0.02,+/-20%,rolling,reset,model,13,6011.404594298247,4725.545765284925,34538404.65560248,33960620.85540297,577783.8001995087,suboptimal,545d8ca624cc
3,0.02,+/-20%,rolling,reset,model,14,7213.6855131579005,5670.654916567192,36369087.02384697,35854361.05453005,514725.9693169221,suboptimal,545d8ca624cc
3,0.02,+/-20%,rolling,reset,model,15,8656.422615789474,9463.03973350044,38071007.91211625,38030245.726120435,40762.185995817184,suboptimal,545d8ca624cc
3,0.04,NHF,rolling,reset,model,1,22533.902000000002,22533.902000000002,19119683.192367777,19119683.192367777,0.0,optimal,545d8ca624cc
3,0.04,NHF,rolling,reset,model,2,0.0,0.0,7944900.239682304,7944900.239682304,0.0,optimal,545d8ca624cc
3,0.04,NHF,rolling,reset,model,3,5186.304454545454,5186.304454545454,11760393.174036115,11760393.174036115,0.0,optimal,545d8ca624cc
3,0.04,NHF,rolling,reset,model,4,5186.304454545454,5186.304454545454,12201943.359483147,12201943.359483147,0.0,optimal,545d8ca624cc
3,0.04,NHF,rolling,reset,model,5,0.0,0.0,12346248.782773588,12346248.782773588,0.0,optimal,545d8ca624cc
3,0.04,NHF,rolling,reset,model,6,0.0,0.0,18275464.20088067,18275464.20088067,0.0,optimal,545d8ca624cc
3,0.04,NHF,rolling,reset,model,7,16030.06390909091,16030.06390909091,27069850.76337871,27069850.76337871,0.0,optimal,545d8ca624cc
3,0.04,NHF,rolling,reset,model,8,13094.081800000002,13094.0818,20161792.06286885,20161792.06286885,0.0,optimal,545d8ca624cc
3,0.04,NHF,rolling,reset,model,9,5186.304454545454,5186.304454545454,11459982.355634065,11459982.355634065,0.0,optimal,545d8ca624cc
3,0.04,NHF,rolling,reset,model,10,5186.304454545454,5186.304454545454,10631087.819782693,10631087.819782693,0.0,optimal,545d8ca624cc
3,0.04,NHF,rolling,reset,model,11,0.0,0.0,9419316.293909326,9419316.293909326,0.0,optimal,545d8ca624cc
3,0.04,NHF,rolling,reset,model,12,0.0,0.0,13942889.111897523,13942889.111897523,0.0,optimal,545d8ca624cc
3,0.04,NHF,rolling,reset,model,13,10372.608909090908,10372.608909090908,20656581.248931814,20656581.248931814,0.0,optimal,545d8ca624cc
3,0.04,NHF,rolling,reset,model,14,0.0,0.0,17889106.97471881,17889106.97471881,0.0,optimal,545d8ca624cc
3,0.04,NHF,rolling,reset,model,15,18280.386254545454,18280.386254545454,26511321.92058632,26511321.92058632,0.0,optimal,545d8ca624cc
3,0.04,NDY,rolling,reset,model,1,6932.4520327185255,6932.4520327185255,14068951.689153451,14068951.68915348,-2.7939677238464355e-08,optimal,545d8ca624cc
3,0.04,NDY,rolling,reset,model,2,6932.452032718445,6679.120182894925,14234646.84064901,14182207.93790226,52438.90274675004,suboptimal,545d8ca624cc
3,0.04,NDY,rolling,reset,model,3,6932.452032718613,5772.22687785942,14206053.845500536,13810495.127302123,395558.71819841303,suboptimal,545d8ca624cc
3,0.04,NDY,rolling,reset,model,4,6932.452032718528,5772.226876828423,15252404.027624667,14662702.51982872,589701.5077959467,suboptimal,545d8ca624cc
3,0.04,NDY,rolling,reset,model,5,6932.4520327186,5772.2268769422335,16195616.622213578,15510728.109536141,684888.5126774367,suboptimal,545d8ca624cc
3,0.04,NDY,rolling,reset,model,6,6932.452032718443,5772.226877947862,16906403.702351566,16336117.871485204,570285.8308663629,suboptimal,545d8ca624cc
3,0.04,NDY,rolling,reset,model,7,6932.45203271852,6849.7115201132765,17911495.853720583,17910084.384721927,1411.4689986556768,suboptimal,545d8ca624cc
3,0.04,NDY,rolling,reset,model,8,6932.452032718523,6842.1884073832225,17819985.192971453,17799816.13440106,20169.05857039243,suboptimal,545d8ca624cc
3,0.04,NDY,rolling,reset,model,9,6932.452032718524,6776.011900104504,16856831.83595342,16780905.52093552,75926.31501789764,suboptimal,545d8ca624cc
3,0.04,NDY,rolling,reset,model,10,6932.452032718591,6508.825736389339,16021226.366771346,15805894.327745045,215332.03902630135,suboptimal,545d8ca624cc
3,0.04,NDY,rolling,reset,model,11,6932.45203271852,5591.171480638608,15135614.90774883,14786442.599053182,349172.30869564787,suboptimal,545d8ca624cc
3,0.04,NDY,rolling,reset,model,12,6932.452032718626,5591.171481185937,15580852.94390366,15119572.899440328,461280.04446333274,suboptimal,545d8ca624cc
3,0.04,NDY,rolling,reset,model,13,6932.452032718338,5591.171482625721,16195133.98558661,15547566.28746459,647567.698122019,suboptimal,545d8ca624cc
3,0.04,NDY,rolling,reset,model,14,6932.4520327184855,5591.171481604455,17027667.01877012,16475377.687285619,552289.3314845022,suboptimal,545d8ca624cc
3,0.04,NDY,rolling,reset,model,15,6932.4520327184855,6902.452639123107,18337672.862829987,18337672.86282999,-3.725290298461914e-09,optimal,545d8ca624cc
3,0.04,-10%,rolling,reset,model,1,8868.671129892442,8868.671129892442,15129869.600478305,15129869.60047831,-5.587935447692871e-09,optimal,545d8ca624cc
3,0.04,-10%,rolling,reset,model,2,7981.804016903208,7560.348855743643,14076535.99878455,13965249.235719278,111286.76306527108,suboptimal,545d8ca624cc
3,0.04,-10%,rolling,reset,model,3,7183.6236152128695,5713.0689450673935,13398447.09518062,13073653.02809944,324794.06708117947,suboptimal,545d8ca624cc
3,0.04,-10%,rolling,reset,model,4,6465.261253691596,5141.762051790758,14119885.92842948,13728292.437832259,391593.490597222,suboptimal,545d8ca624cc
3,0.04,-10%,rolling,reset,model,5,5818.735128322433,4627.585845940977,15214225.508891791,14707177.635869898,507047.8730218932,suboptimal,545d8ca624cc
3,0.04,-10%,rolling,reset,model,6,5236.861615490194,4164.827260401163,16854848.870663304,16398175.00142713,456673.8692361731,suboptimal,545d8ca624cc
3,0.04,-10%,rolling,reset,model,7,7652.893166396467,7652.893164214129,19821108.530239478,19821108.530239478,0.0,optimal,545d8ca624cc
3,0.04,-10%,rolling,reset,model,8,8437.203160517169,8987.49822168738,19675337.77017564,19551490.25405842,123847.51611721888,suboptimal,545d8ca624cc
3,0.04,-10%,rolling,reset,model,9,7593.482844465435,7602.57792210603,16844434.136512205,16844434.136512205,0.0,optimal,545d8ca624cc
3,0.04,-10%,rolling,reset,model,10,6834.1345600189015,6222.42641767007,14840214.049333518,14779698.250287028,60515.79904649034,suboptimal,545d8ca624cc
3,0.04,-10%,rolling,reset,model,11,6150.72110401703,5529.4418921306415,14168589.229460327,13960117.148232333,208472.0812279936,suboptimal,545d8ca624cc
3,0.04,-10%,rolling,reset,model,12,5535.6489936153175,4847.814789444866,14259218.59923622,13927419.053382931,331799.54585328884,suboptimal,545d8ca624cc
3,0.04,-10%,rolling,reset,model,13,4982.084094253782,4363.033312150825,15167261.632504202,14870849.205051996,296412.4274522066,suboptimal,545d8ca624cc
3,0.04,-10%,rolling,reset,model,14,4483.875684828419,3926.729981614038,17117707.924550314,16883021.479065426,234686.4454848878,suboptimal,545d8ca624cc
3,0.04,-10%,rolling,reset,model,15,8656.422615789485,9193.13218760015,20554446.026748966,20395034.364657093,159411.6620918736,suboptimal,545d8ca624cc
3,0.04,-20%,rolling,reset,model,1,10959.74140408966,10959.74140408966,16015871.39259235,16015871.392592352,-1.862645149230957e-09,optimal,545d8ca624cc
3,0.04,-20%,rolling,reset,model,2,8767.793123271727,7869.928779150616,13661070.497982236,13483487.18446634,177583.31351589598,suboptimal,545d8ca624cc
3,0.04,-20%,rolling,reset,model,3,7014.234498617379,5521.555140560363,12529290.839593584,12134568.997041449,394721.84255213477,suboptimal,545d8ca624cc
3,0.04,-20%,rolling,reset,model,4,5611.387598893908,4417.244111038208,13014199.335646229,12735469.62981994,278729.7058262881,suboptimal,545d8ca624cc
3,0.04,-20%,rolling,reset,model,5,4489.110079115125,3533.795288520253,14374873.222684728,14030251.72252749,344621.50015723705,suboptimal,545d8ca624cc
3,0.04,-20%,rolling,reset,model,6,3591.2880632921,2827.036229075033,16959366.108572852,16643173.911141543,316192.19743130915,suboptimal,545d8ca624cc
3,0.04,-20%,rolling,reset,model,7,9048.459728767135,9048.459726412433,21647460.734442126,21647460.734442126,0.0,optimal,545d8ca624cc
3,0.04,-20%,rolling,reset,model,8,10348.525173239546,10865.014939069231,20666884.39930548,20663032.94172471,3851.457580771297,suboptimal,545d8ca624cc
3,0.04,-20%,rolling,reset,model,9,8278.820138591635,7973.295307508488,16037417.80283277,15971095.569708386,66322.2331243828,suboptimal,545d8ca624cc
3,0.04,-20%,rolling,reset,model,10,6623.056110873309,5696.41080115032,13272313.497924602,13016808.894008461,255504.60391614027,suboptimal,545d8ca624cc
3,0.04,-20%,rolling,reset,model,11,5298.444888698646,4557.128642289643,12691457.699033706,12399117.728547,292339.9704867061,suboptimal,545d8ca624cc
3,0.04,-20%,rolling,reset,model,12,4238.755910958918,3645.70291602815,13218706.126181927,12979646.944539992,239059.18164193444,suboptimal,545d8ca624cc
3,0.04,-20%,rolling,reset,model,13,3391.0047287671346,3391.0047264124323,15099779.482803166,15099779.482803166,0.0,optimal,545d8ca624cc
3,0.04,-20%,rolling,reset,model,14,4649.0339441276155,3764.78575970052,18214423.545906913,17851425.475864477,362998.0700424351,suboptimal,545d8ca624cc
3,0.04,-20%,rolling,reset,model,15,8656.422615789475,11871.879170279874,22381232.78397046,21508800.413955856,872432.3700146042,suboptimal,545d8ca624cc
3,0.04,+/-10%,rolling,reset,model,1,8798.165485882866,8798.165485882866,15017453.104716973,15017453.104716973,0.0,optimal,545d8ca624cc
3,0.04,+/-10%,rolling,reset,model,2,7918.3489372945805,7583.413902896351,13599082.791286042,13534035.98533016,65046.80595588125,suboptimal,545d8ca624cc
3,0.04,+/-10%,rolling,reset,model,3,7126.514043565123,6317.654641129312,12910182.675831988,12761428.740253238,148753.93557875045,suboptimal,545d8ca624cc
3,0.04,+/-10%,rolling,reset,model,4,6413.86263920861,4652.0911448316065,12834913.671619164,12701361.112887649,133552.55873151496,suboptimal,545d8ca624cc
3,0.04,+/-10%,rolling,reset,model,5,5772.47637528775,5117.3002593147685,13852381.530849494,13752364.698971171,100016.83187832311,suboptimal,545d8ca624cc
3,0.04,+/-10%,rolling,reset,model,6,5629.030286547787,5629.030285246245,14251211.68558142,14251211.685581416,3.725290298461914e-09,optimal,545d8ca624cc
3,0.04,+/-10%,rolling,reset,model,7,6191.933315202565,7034.533499790696,18364948.079451457,18282288.012353726,82660.06709773093,suboptimal,545d8ca624cc
3,0.04,+/-10%,rolling,reset,model,8,6811.126646722824,9102.221596523192,20353148.005890645,19210437.942120448,1142710.0637701973,suboptimal,545d8ca624cc
3,0.04,+/-10%,rolling,reset,model,9,7492.2393113951,8058.28023255472,17810739.8896086,17655735.049006443,155004.84060215577,suboptimal,545d8ca624cc
3,0.04,+/-10%,rolling,reset,model,10,8241.46324253462,7228.576936235052,15629689.521792855,,,infeasible,545d8ca624cc
3,0.04,+/-10%,rolling,reset,model,11,7417.316918281148,5456.4850618715745,13907879.336402956,,,infeasible,545d8ca624cc
3,0.04,+/-10%,rolling,reset,model,12,6675.585226453036,4661.361858939388,13955034.625812877,13384192.00995927,570842.6158536077,suboptimal,545d8ca624cc
3,0.04,+/-10%,rolling,reset,model,13,6008.026703807726,5127.498042438647,14954959.047648884,14734180.824544678,220778.22310420685,suboptimal,545d8ca624cc
3,0.04,+/-10%,rolling,reset,model,14,5407.224033426956,6904.958591008259,16078388.373196378,15786953.974133573,291434.3990628049,suboptimal,545d8ca624cc
3,0.04,+/-10%,rolling,reset,model,15,5947.946436769649,8439.868618276696,19611536.308623344,18079550.7596562,1531985.5489671454,suboptimal,545d8ca624cc
3,0.04,+/-20%,rolling,reset,model,1,10632.192473423436,10632.192473423436,15747724.040642422,15747724.040642424,-1.862645149230957e-09,optimal,545d8ca624cc
3,0.04,+/-20%,rolling,reset,model,2,8505.753978738749,7943.237328250353,12821488.994623411,12757213.568430338,64275.42619307339,suboptimal,545d8ca624cc
3,0.04,+/-20%,rolling,reset,model,3,6804.603182991001,5518.968683162537,11799938.865636015,11656125.08922471,143813.7764113061,suboptimal,545d8ca624cc
3,0.04,+/-20%,rolling,reset,model,4,5443.682546392803,3551.916918512831,11982150.641016569,11890512.142518397,91638.49849817157,suboptimal,545d8ca624cc
3,0.04,+/-20%,rolling,reset,model,5,4354.946037114238,4262.30030221539,13802146.060913475,13794059.80131606,8086.2595974151045,suboptimal,545d8ca624cc
3,0.04,+/-20%,rolling,reset,model,6,5114.76036346584,5114.760362658464,15229731.939170226,15229731.939170226,0.0,optimal,545d8ca624cc
3,0.04,+/-20%,rolling,reset,model,7,6137.712436159005,7060.704213678442,19167681.91781267,19074183.896988206,93498.0208244659,suboptimal,545d8ca624cc
3,0.04,+/-20%,rolling,reset,model,8,7365.2549233908085,11301.526552967478,22059094.70189339,20448564.8922596,1610529.8096337877,suboptimal,545d8ca624cc
3,0.04,+/-20%,rolling,reset,model,9,8838.305908068975,9041.221242416346,17329916.99054707,17325783.42467522,4133.565871849656,suboptimal,545d8ca624cc
3,0.04,+/-20%,rolling,reset,model,10,8975.103969556696,6902.703498307164,13641841.99106636,,,infeasible,545d8ca624cc
3,0.04,+/-20%,rolling,reset,model,11,7180.083175645354,4209.938607068562,11899962.382918669,,,infeasible,545d8ca624cc
3,0.04,+/-20%,rolling,reset,model,12,5744.066540516283,3493.931753771746,12490045.13077564,12041421.066240797,448624.06453484297,suboptimal,545d8ca624cc
3,0.04,+/-20%,rolling,reset,model,13,4932.844667951062,4192.71810766767,14213790.178041952,14101357.01886115,112433.15918080136,suboptimal,545d8ca624cc
3,0.04,+/-20%,rolling,reset,model,14,5919.413601541278,6783.6957384027055,17449163.241521902,17385754.269580536,63408.97194136679,suboptimal,545d8ca624cc
3,0.04,+/-20%,rolling,reset,model,15,7103.2963218495315,11174.64379932283,21658408.13350206,20206831.739956476,1451576.393545583,suboptimal,545d8ca624cc
3,0.06,NHF,rolling,reset,model,1,22533.902000000002,22533.902000000002,13428464.878562095,13428464.878562095,0.0,optimal,545d8ca624cc
3,0.06,NHF,rolling,reset,model,2,0.0,0.0,3655707.4433238003,3655707.4433238003,0.0,optimal,545d8ca624cc
3,0.06,NHF,rolling,reset,model,3,5186.304454545454,5186.304454545454,6546815.254110996,6546815.254110996,0.0,optimal,545d8ca624cc
3,0.06,NHF,rolling,reset,model,4,5186.304454545454,5186.304454545454,6518037.592739777,6518037.592739777,0.0,optimal,545d8ca624cc
3,0.06,NHF,rolling,reset,model,5,0.0,0.0,5923838.679004499,5923838.679004499,0.0,optimal,545d8ca624cc
3,0.06,NHF,rolling,reset,model,6,0.0,0.0,10608692.852986673,10608692.852986673,0.0,optimal,545d8ca624cc
3,0.06,NHF,rolling,reset,model,7,16030.06390909091,16030.06390909091,18999569.589929834,18999569.589929834,0.0,optimal,545d8ca624cc
3,0.06,NHF,rolling,reset,model,8,13094.081800000002,13094.0818,14071163.639999434,14071163.639999434,0.0,optimal,545d8ca624cc
3,0.06,NHF,rolling,reset,model,9,5186.304454545454,5186.304454545454,6795872.35091193,6795872.35091193,0.0,optimal,545d8ca624cc
3,0.06,NHF,rolling,reset,model,10,5186.304454545454,5186.304454545454,5818843.255901166,5818843.255901166,0.0,optimal,545d8ca624cc
3,0.06,NHF,rolling,reset,model,11,0.0,0.0,4070005.5576509205,4070005.5576509205,0.0,optimal,545d8ca624cc
3,0.06,NHF,rolling,reset,model,12,0.0,0.0,7288760.077835766,7288760.077835766,0.0,optimal,545d8ca624cc
3,0.06,NHF,rolling,reset,model,13,10372.608909090908,10372.608909090908,13054075.626873706,13054075.626873706,0.0,optimal,545d8ca624cc
3,0.06,NHF,rolling,reset,model,14,0.0,0.0,10673499.00695176,10673499.00695176,0.0,optimal,545d8ca624cc
3,0.06,NHF,rolling,reset,model,15,18280.386254545454,18280.386254545454,19116395.592368096,19116395.592368096,0.0,optimal,545d8ca624cc
3,0.06,NDY,rolling,reset,model,1,6885.819108389597,6885.819108389597,8627814.093188481,8627814.093188476,5.587935447692871e-09,optimal,545d8ca624cc
3,0.06,NDY,rolling,reset,model,2,6885.819108389591,6845.475353560456,8541514.47228188,8541514.472281883,-1.862645149230957e-09,optimal,545d8ca624cc
3,0.06,NDY,rolling,reset,model,3,6885.81910838958,6819.774513980202,8435003.974442322,8435003.974442411,-8.940696716308594e-08,optimal,545d8ca624cc
3,0.06,NDY,rolling,reset,model,4,6885.819108389582,5657.454999999998,8327457.928608092,8261240.634250758,66217.29435733333,suboptimal,545d8ca624cc
3,0.06,NDY,rolling,reset,model,5,6885.819108389586,5100.989552546789,8770796.092926467,8214011.855559541,556784.2373669259,suboptimal,545d8ca624cc
3,0.06,NDY,rolling,reset,model,6,6885.819108389589,5100.989556085647,9457730.162038742,8522500.410209857,935229.7518288847,suboptimal,545d8ca624cc
3,0.06,NDY,rolling,reset,model,7,6885.819108389589,5657.455000000001,10615047.944966543,10172070.17013441,442977.7748321332,suboptimal,545d8ca624cc
3,0.06,NDY,rolling,reset,model,8,6885.8191083895745,7032.617635026252,11725020.23292608,11683493.537849654,41526.69507642649,suboptimal,545d8ca624cc
3,0.06,NDY,rolling,reset,model,9,6885.819108389607,6989.31387593501,10943729.04527032,10933947.7997813,9781.2454890199,suboptimal,545d8ca624cc
3,0.06,NDY,rolling,reset,model,10,6885.81910838959,6963.430175920923,10165006.339676617,10164003.15306564,1003.1866109762341,suboptimal,545d8ca624cc
3,0.06,NDY,rolling,reset,model,11,6885.81910838958,6896.236668389187,9566576.819927894,9566576.81992789,3.725290298461914e-09,optimal,545d8ca624cc
3,0.06,NDY,rolling,reset,model,12,6885.819108389607,6589.656558195653,8796871.206201311,8715380.137428263,81491.068773048,suboptimal,545d8ca624cc
3,0.06,NDY,rolling,reset,model,13,6885.819108389583,4199.63288787157,8268897.7708082395,7543664.509288374,725233.2615198651,suboptimal,545d8ca624cc
3,0.06,NDY,rolling,reset,model,14,6885.819108389576,4199.632885468786,9580127.554321399,8608311.096607687,971816.457713712,suboptimal,545d8ca624cc
3,0.06,NDY,rolling,reset,model,15,6885.819108389588,7076.898943213539,11943102.20932244,11883067.669440225,60034.53988221474,suboptimal,545d8ca624cc
3,0.06,-10%,rolling,reset,model,1,8868.67112989245,8868.67112989245,9718366.166945284,9718366.166945301,-1.6763806343078613e-08,optimal,545d8ca624cc
3,0.06,-10%,rolling,reset,model,2,7981.804016903107,7981.804017356509,8472407.240017664,8472407.240017664,0.0,optimal,545d8ca624cc
3,0.06,-10%,rolling,reset,model,3,7183.623615212997,6619.898165648143,7748475.164917833,7687947.0649925405,60528.099925292656,suboptimal,545d8ca624cc
3,0.06,-10%,rolling,reset,model,4,6465.26125369157,5957.90834738913,7232172.661352071,7058329.930414319,173842.73093775194,suboptimal,545d8ca624cc
3,0.06,-10%,rolling,reset,model,5,5818.735128322428,3040.6144242736227,6855827.030546292,6113537.078950141,742289.9515961511,suboptimal,545d8ca624cc
3,0.06,-10%,rolling,reset,model,6,5236.861615490184,2736.552982937038,8554235.775577575,7588428.873136724,965806.9024408506,suboptimal,545d8ca624cc
3,0.06,-10%,rolling,reset,model,7,5657.455000000001,5657.455000000001,11962109.699385032,11962109.69938503,1.862645149230957e-09,optimal,545d8ca624cc
3,0.06,-10%,rolling,reset,model,8,8948.373807182841,9783.860280807668,14172544.913782444,13832321.394414147,340223.5193682965,suboptimal,545d8ca624cc
3,0.06,-10%,rolling,reset,model,9,8053.536426464562,8787.56372957405,12147674.190628437,11889153.032717297,258521.15791114047,suboptimal,545d8ca624cc
3,0.06,-10%,rolling,reset,model,10,7248.18278381798,7908.807356196896,9775604.827800056,9687091.56277534,88513.26502471603,suboptimal,545d8ca624cc
3,0.06,-10%,rolling,reset,model,11,6523.364505436404,6453.276142076049,7949476.7608778635,7948011.279490405,1465.4813874587417,suboptimal,545d8ca624cc
3,0.06,-10%,rolling,reset,model,12,5871.0280548927085,3329.1212182130703,6901274.899536651,6329869.443199687,571405.4563369639,suboptimal,545d8ca624cc
3,0.06,-10%,rolling,reset,model,13,5283.9252494033435,2996.209098512693,8280385.273150505,7416255.287389364,864129.9857611405,suboptimal,545d8ca624cc
3,0.06,-10%,rolling,reset,model,14,4755.532724463058,5199.544493392897,11159436.574468784,10986215.94005982,173220.63440896384,suboptimal,545d8ca624cc
3,0.06,-10%,rolling,reset,model,15,8656.422615789474,9349.612623272522,13616993.493933875,13408696.519177036,208296.97475683875,suboptimal,545d8ca624cc
3,0.06,-20%,rolling,reset,model,1,10959.741404089662,10959.741404089662,10646848.978767911,10646848.978767913,-1.862645149230957e-09,optimal,545d8ca624cc
3,0.06,-20%,rolling,reset,model,2,8767.79312327172,8767.793124129537,8196733.593705074,8196733.593705073,9.313225746154785e-10,optimal,545d8ca624cc
3,0.06,-20%,rolling,reset,model,3,7014.234498617389,5866.051651178939,6810435.15077158,6720396.542718204,90038.60805337597,suboptimal,545d8ca624cc
3,0.06,-20%,rolling,reset,model,4,5611.387598893905,4692.841320684703,6308762.50264289,6005570.070621679,303192.43202121183,suboptimal,545d8ca624cc
3,0.06,-20%,rolling,reset,model,5,4489.110079115126,2236.463656058972,6389760.986932621,5708141.305899224,681619.6810333971,suboptimal,545d8ca624cc
3,0.06,-20%,rolling,reset,model,6,3591.2880632920965,1789.1709276171723,8703666.641014682,8009505.693040138,694160.947974544,suboptimal,545d8ca624cc
3,0.06,-20%,rolling,reset,model,7,6409.961489078493,6409.961486977267,13395119.978275364,13395119.978275364,0.0,optimal,545d8ca624cc
3,0.06,-20%,rolling,reset,model,8,11047.977573340331,12072.619538242068,15817306.26030118,15470293.42507034,347012.83523084037,suboptimal,545d8ca624cc
3,0.06,-20%,rolling,reset,model,9,8838.38205867226,9658.095630583,11412251.446620094,11179243.12608494,233008.32053515315,suboptimal,545d8ca624cc
3,0.06,-20%,rolling,reset,model,10,7070.705646937817,7604.932932402252,8368548.3887526,8335882.681463676,32665.707288924605,suboptimal,545d8ca624cc
3,0.06,-20%,rolling,reset,model,11,5656.564517550261,4289.479843748826,6182325.003254725,5811784.9517727615,370540.05148196314,suboptimal,545d8ca624cc
3,0.06,-20%,rolling,reset,model,12,4525.251614040201,2443.94803981401,6018703.800728025,5234716.876544817,783986.9241832076,suboptimal,545d8ca624cc
3,0.06,-20%,rolling,reset,model,13,3620.2012912321625,1955.1584291720287,7785550.60203277,7156797.021973999,628753.5800587712,suboptimal,545d8ca624cc
3,0.06,-20%,rolling,reset,model,14,2896.1610329857317,3164.7647765574934,11548396.2304838,11442695.351399507,105700.8790842928,suboptimal,545d8ca624cc
3,0.06,-20%,rolling,reset,model,15,8656.422615789466,13055.386155701242,16806924.290008947,15134790.595603775,1672133.694405172,suboptimal,545d8ca624cc
3,0.06,+/-10%,rolling,reset,model,1,8868.671129892447,8868.671129892447,9685367.5278225,9685367.527822498,1.862645149230957e-09,optimal,545d8ca624cc
3,0.06,+/-10%,rolling,reset,model,2,7981.804016903203,7981.804017356495,8412969.67701791,8412969.677017916,-5.587935447692871e-09,optimal,545d8ca624cc
3,0.06,+/-10%,rolling,reset,model,3,7183.623615212877,6619.898165648145,7611775.271496768,7581165.724361951,30609.547134816647,suboptimal,545d8ca624cc
3,0.06,+/-10%,rolling,reset,model,4,6465.26125369159,5957.90834738913,6987744.939844751,6863916.839746855,123828.1000978956,suboptimal,545d8ca624cc
3,0.06,+/-10%,rolling,reset,model,5,5818.7351283224325,4675.5826446281,5912956.203059847,5759764.734828906,153191.4682309404,suboptimal,545d8ca624cc
3,0.06,+/-10%,rolling,reset,model,6,5236.861615490192,5143.140909090909,4863448.916943398,4855359.324630413,8089.5923129851,suboptimal,545d8ca624cc
3,0.06,+/-10%,rolling,reset,model,7,5657.455000000001,7103.724943893323,10747707.736621747,10518395.397833113,229312.33878863417,suboptimal,545d8ca624cc
3,0.06,+/-10%,rolling,reset,model,8,6223.200500000001,9049.970216106012,13490488.57765398,11590333.727439253,1900154.8502147272,suboptimal,545d8ca624cc
3,0.06,+/-10%,rolling,reset,model,9,6845.5205499999975,8126.711857559272,11918758.116473017,11399824.156679146,518933.95979387127,suboptimal,545d8ca624cc
3,0.06,+/-10%,rolling,reset,model,10,7530.072605000005,7314.04067262528,10120780.306171358,9431550.509695671,689229.7964756861,suboptimal,545d8ca624cc
3,0.06,+/-10%,rolling,reset,model,11,7497.269488887558,6328.36246056533,9052481.357887903,,,infeasible,545d8ca624cc
3,0.06,+/-10%,rolling,reset,model,12,6747.542539998817,5436.718102087089,8476822.011951933,,,infeasible,545d8ca624cc
3,0.06,+/-10%,rolling,reset,model,13,6072.788285998927,4893.046290016264,8522340.697882429,,,infeasible,545d8ca624cc
3,0.06,+/-10%,rolling,reset,model,14,5465.509457399027,6176.577371043143,9519454.008218804,9323824.95752751,195629.05069129355,suboptimal,545d8ca624cc
3,0.06,+/-10%,rolling,reset,model,15,6012.0604031389375,8974.04812694297,13246884.059046244,11264559.045951504,1982325.01309474,suboptimal,545d8ca624cc
3,0.06,+/-20%,rolling,reset,model,1,10959.741404089487,10959.741404089487,10533199.236933377,10533199.23693343,-5.4016709327697754e-08,optimal,545d8ca624cc
3,0.06,+/-20%,rolling,reset,model,2,8767.793123271833,8664.0697031164,7995496.990891023,7995079.439310455,417.5515805678442,suboptimal,545d8ca624cc
3,0.06,+/-20%,rolling,reset,model,3,7014.234498617248,6589.434847617011,6549937.021189503,6441805.986956401,108131.03423310257,suboptimal,545d8ca624cc
3,0.06,+/-20%,rolling,reset,model,4,5611.3875988940745,3536.3840821604344,5274494.8434236385,4962999.245621836,311495.5978018027,suboptimal,545d8ca624cc
3,0.06,+/-20%,rolling,reset,model,5,4489.110079115159,4243.660901450373,5526075.941430855,5503322.791631822,22753.149799033068,suboptimal,545d8ca624cc
3,0.06,+/-20%,rolling,reset,model,6,3591.2880632921547,5341.6345724810135,4793727.138230578,3893338.828060999,900388.310169579,suboptimal,545d8ca624cc
3,0.06,+/-20%,rolling,reset,model,7,4309.545675950703,7013.554065542565,12109519.374885188,9297593.337030863,2811926.037854325,suboptimal,545d8ca624cc
3,0.06,+/-20%,rolling,reset,model,8,5171.454811140865,11092.790358593957,15035034.562558332,10878348.621925836,4156685.940632496,suboptimal,545d8ca624cc
3,0.06,+/-20%,rolling,reset,model,9,6205.745773368772,8874.23228631788,11488685.506152406,10362353.46767303,1126332.0384793766,suboptimal,545d8ca624cc
3,0.06,+/-20%,rolling,reset,model,10,7446.894928042939,7099.385830089863,9093037.01039309,,,infeasible,545d8ca624cc
3,0.06,+/-20%,rolling,reset,model,11,8936.273913651421,5679.508663223215,7589690.242161218,,,infeasible,545d8ca624cc
3,0.06,+/-20%,rolling,reset,model,12,10477.787116131389,3329.4154768187773,6640910.409412203,,,infeasible,545d8ca624cc
3,0.06,+/-20%,rolling,reset,model,13,8382.229692905092,3887.2887183489174,7815233.179169487,,,infeasible,545d8ca624cc
3,0.06,+/-20%,rolling,reset,model,14,6705.7837543240785,5540.730126550262,9641449.44976432,,,infeasible,545d8ca624cc
3,0.06,+/-20%,rolling,reset,model,15,8046.940505188622,11234.459045475614,15110707.1837295,13845439.429695966,1265267.7540335339,suboptimal,545d8ca624cc
4,0.0,NHF,rolling,reset,model,1,12567.980000000001,12567.980000000001,200362884.2892221,200362884.2892221,0.0,optimal,545d8ca624cc
4,0.0,NHF,rolling,reset,model,2,15599.397500000001,0.0,199773442.34881857,198487288.22412375,1286154.1246948242,suboptimal,545d8ca624cc
4,0.0,NHF,rolling,reset,model,3,0.0,0.0,207915397.7717763,207915397.7717763,0.0,optimal,545d8ca624cc
4,0.0,NHF,rolling,reset,model,4,0.0,0.0,216228759.5959319,216228759.5959319,0.0,optimal,545d8ca624cc
4,0.0,NHF,rolling,reset,model,5,25076.973,26916.4635,222670499.1386173,222670499.1386173,0.0,optimal,545d8ca624cc
4,0.0,NHF,rolling,reset,model,6,0.0,0.0,200058498.58046758,200058498.58046758,0.0,optimal,545d8ca624cc
4,0.0,NHF,rolling,reset,model,7,2828.7275000000004,0.0,212614616.37113193,212215931.4264427,398684.94468921423,suboptimal,545d8ca624cc
4,0.0,NHF,rolling,reset,model,8,0.0,0.0,226226648.43057084,226226648.43057084,0.0,optimal,545d8ca624cc
4,0.0,NHF,rolling,reset,model,9,4851.350954545454,0.0,241718132.60893425,241197069.1528409,521063.4560933411,suboptimal,545d8ca624cc
4,0.0,NHF,rolling,reset,model,10,0.0,13090.0,253961284.91382512,253961284.91382512,0.0,optimal,545d8ca624cc
4,0.0,NHF,rolling,reset,model,11,0.0,13090.0,249608070.63026133,249608070.63026133,0.0,optimal,545d8ca624cc
4,0.0,NHF,rolling,reset,model,12,0.0,6545.0,243678358.23143914,243678358.23143914,0.0,optimal,545d8ca624cc
4,0.0,NHF,rolling,reset,model,13,0.0,15776.547,248201276.6551664,247994612.83137155,206663.82379484177,suboptimal,545d8ca624cc
4,0.0,NHF,rolling,reset,model,14,10732.5,0.0,239777824.46628258,238534488.68291652,1243335.7833660543,suboptimal,545d8ca624cc
4,0.0,NHF,rolling,reset,model,15,90779.62534545455,0.0,250830860.70558128,,,infeasible,545d8ca624cc
4,0.0,NDY,rolling,reset,model,1,7896.88869999998,7896.88869999998,163786625.88888487,163786625.88888472,1.4901161193847656e-07,optimal,545d8ca624cc
4,0.0,NDY,rolling,reset,model,2,7896.888699999993,7606.089525758325,167117404.3264217,167114739.10479727,2665.2216244339943,suboptimal,545d8ca624cc
4,0.0,NDY,rolling,reset,model,3,7896.888700000016,7336.949217583033,170628025.79634938,170537125.36521038,90900.43113899231,suboptimal,545d8ca624cc
4,0.0,NDY,rolling,reset,model,4,7896.888700000012,5348.345785430991,173727220.46668062,173673784.53456098,53435.93211963773,suboptimal,545d8ca624cc
4,0.0,NDY,rolling,reset,model,5,7896.888699999998,7363.804952649439,179059979.96500748,179053604.0988142,6375.866193294525,suboptimal,545d8ca624cc
4,0.0,NDY,rolling,reset,model,6,8231.90902690216,6708.55222013717,181228787.96706453,181159169.90385443,69618.06321009994,suboptimal,545d8ca624cc
4,0.0,NDY,rolling,reset,model,7,9557.370375000037,8380.423010629147,183907678.41862974,,,infeasible,545d8ca624cc
4,0.0,NDY,rolling,reset,model,8,9557.370374999984,8535.571412014331,184764515.4405602,184338613.38823277,425902.0523274243,suboptimal,545d8ca624cc
4,0.0,NDY,rolling,reset,model,9,9557.370374999951,8614.654063755868,185312776.17622042,184890372.65683582,422403.5193845928,suboptimal,545d8ca624cc
4,0.0,NDY,rolling,reset,model,10,9557.370374999948,8318.12285178926,185514351.4762901,184875787.2203762,638564.2559139132,suboptimal,545d8ca624cc
4,0.0,NDY,rolling,reset,model,11,9557.370375000015,8255.22737472384,186181944.50344694,185535356.04216826,646588.461278677,suboptimal,545d8ca624cc
4,0.0,NDY,rolling,reset,model,12,9557.370374999973,8636.16117040141,186822695.18807214,186613746.4464702,208948.74160194397,suboptimal,545d8ca624cc
4,0.0,NDY,rolling,reset,model,13,9557.370375000011,8645.545693302209,186431520.7091583,186181461.8074798,250058.90167850256,suboptimal,545d8ca624cc
4,0.0,NDY,rolling,reset,model,14,9557.370375000006,8839.558723590373,185472683.1569301,185335699.91551337,136983.24141672254,suboptimal,545d8ca624cc
4,0.0,NDY,rolling,reset,model,15,9557.370374999993,8926.749043459648,184411511.49794477,184342369.90573344,69141.5922113359,suboptimal,545d8ca624cc
4,0.0,-10%,rolling,reset,model,1,9641.875289980715,9641.875289980715,170020730.31563,170020730.31563,0.0,optimal,545d8ca624cc
4,0.0,-10%,rolling,reset,model,2,8677.687760982637,7287.3844856777605,173133838.69174385,172801301.53682533,332537.15491852164,suboptimal,545d8ca624cc
4,0.0,-10%,rolling,reset,model,3,7809.918984884373,6558.6460372695055,178559386.4405084,177966529.22423917,592857.2162692249,suboptimal,545d8ca624cc
4,0.0,-10%,rolling,reset,model,4,7028.927086395937,4679.471683888434,182774309.79297557,182085886.74315983,688423.0498157442,suboptimal,545d8ca624cc
4,0.0,-10%,rolling,reset,model,5,6326.034377756339,4176.039114391091,188161085.3458752,187768175.93941593,392909.4064592719,suboptimal,545d8ca624cc
4,0.0,-10%,rolling,reset,model,6,5693.43093998071,3758.435203171821,194466627.5214513,194214766.6448328,251860.87661850452,suboptimal,545d8ca624cc
4,0.0,-10%,rolling,reset,model,7,5124.087845982635,2746.5172311702236,201704773.79139078,201465298.02119848,239475.7701922953,suboptimal,545d8ca624cc
4,0.0,-10%,rolling,reset,model,8,4949.148210987223,636.07444965274,209093055.66224587,209032469.46990457,60586.192341297865,suboptimal,545d8ca624cc
4,0.0,-10%,rolling,reset,model,9,12357.308417125818,6578.945449241484,220028234.35871586,219435438.86677507,592795.4919407964,suboptimal,545d8ca624cc
4,0.0,-10%,rolling,reset,model,10,11121.577575413234,9795.287701070027,222329805.0400031,222308601.1248378,21203.915165305138,suboptimal,545d8ca624cc
4,0.0,-10%,rolling,reset,model,11,14566.941586648369,8815.75892582,221203555.83715975,220983139.82344732,220416.01371243596,suboptimal,545d8ca624cc
4,0.0,-10%,rolling,reset,model,12,13110.24742798354,14764.555015741877,221925648.5688236,221882234.59259182,43413.97623178363,suboptimal,545d8ca624cc
4,0.0,-10%,rolling,reset,model,13,11799.222685185181,13893.24176881483,214893275.8088596,214808754.1808776,84521.62798199058,suboptimal,545d8ca624cc
4,0.0,-10%,rolling,reset,model,14,10619.300416666665,12493.266308861028,207485507.2139126,207459407.9608162,26099.25309640169,suboptimal,545d8ca624cc
4,0.0,-10%,rolling,reset,model,15,9557.370375000004,10896.506579429652,204289546.0300771,204199165.49474686,90380.53533023596,suboptimal,545d8ca624cc
4,0.0,-20%,rolling,reset,model,1,11544.007172131087,11544.007172131087,173988611.87196532,173988611.87196538,-5.960464477539063e-08,optimal,545d8ca624cc
4,0.0,-20%,rolling,reset,model,2,9235.205737704882,8311.648122149361,174443262.35538042,174388302.68492278,54959.67045763135,suboptimal,545d8ca624cc
4,0.0,-20%,rolling,reset,model,3,7388.164590164033,6649.318497415741,177947609.9730704,177869473.89462486,78136.07844555378,suboptimal,545d8ca624cc
4,0.0,-20%,rolling,reset,model,4,5910.53167213115,5086.216958956764,183017896.33816308,182863340.56150967,154555.776653409,suboptimal,545d8ca624cc
4,0.0,-20%,rolling,reset,model,5,4728.42533770492,4311.53892617413,188959727.57371208,188898068.8653053,61658.70840677619,suboptimal,545d8ca624cc
4,0.0,-20%,rolling,reset,model,6,3782.7402701639185,3581.7138300627703,195439052.59514937,195426953.93688944,12098.658259928226,suboptimal,545d8ca624cc
4,0.0,-20%,rolling,reset,model,7,3026.19221613115,0.0,201322723.93520895,201322723.93520796,9.834766387939453e-07,optimal,545d8ca624cc
4,0.0,-20%,rolling,reset,model,8,9882.151881154881,0.0,212144481.7047309,211951504.60375655,192977.10097435117,suboptimal,545d8ca624cc
4,0.0,-20%,rolling,reset,model,9,8669.489865029556,3091.0040544421026,223357666.21316907,223292190.61359823,65475.5995708406,suboptimal,545d8ca624cc
4,0.0,-20%,rolling,reset,model,10,6935.591892023537,12517.720821295869,230479290.77072188,230180170.5513577,299120.21936419606,suboptimal,545d8ca624cc
4,0.0,-20%,rolling,reset,model,11,15846.469641037394,10014.17666095,226453196.1959528,226432019.48944345,21176.70650935173,suboptimal,545d8ca624cc
4,0.0,-20%,rolling,reset,model,12,18666.739013671824,20553.53189018256,226206300.563808,226198363.07849836,7937.485309630632,suboptimal,545d8ca624cc
4,0.0,-20%,rolling,reset,model,13,14933.391210937389,17035.46984502752,212304291.12401798,212251604.6259155,52686.49810248613,suboptimal,545d8ca624cc
4,0.0,-20%,rolling,reset,model,14,11946.712968750051,13493.616910113022,199047631.49898046,199016246.1437148,31385.355265676975,suboptimal,545d8ca624cc
4,0.0,-20%,rolling,reset,model,15,9557.370375000057,10794.89352469941,193808117.88179946,193697287.92569655,110829.95610290766,suboptimal,545d8ca624cc
4,0.0,+/-10%,rolling,reset,model,1,8276.593547545566,8276.593547545566,168714525.99644455,168714525.99644455,0.0,optimal,545d8ca624cc
4,0.0,+/-10%,rolling,reset,model,2,7448.934192791017,7339.772677025288,172310658.06302637,172310198.29301703,459.77000933885574,suboptimal,545d8ca624cc
4,0.0,+/-10%,rolling,reset,model,3,6704.040773511913,6537.474519921639,176720121.07216728,176708217.81247061,11903.259696662426,suboptimal,545d8ca624cc
4,0.0,+/-10%,rolling,reset,model,4,6033.636696160729,5349.388170629708,181221740.8509603,181220207.9865796,1532.8643807172775,suboptimal,545d8ca624cc
4,0.0,+/-10%,rolling,reset,model,5,6637.000365776799,6136.675130390852,186211351.28927618,186151693.1522586,59658.13701757789,suboptimal,545d8ca624cc
4,0.0,+/-10%,rolling,reset,model,6,7300.70040235448,5536.524993309763,190363366.0927278,189903500.10713187,459865.98559594154,suboptimal,545d8ca624cc
4,0.0,+/-10%,rolling,reset,model,7,8030.770442589928,5774.1876765080715,195615664.07120875,194966930.94827932,648733.122929424,suboptimal,545d8ca624cc
4,0.0,+/-10%,rolling,reset,model,8,8833.847486848921,5981.168950348368,199453208.10659432,198601131.3158306,852076.7907637358,suboptimal,545d8ca624cc
4,0.0,+/-10%,rolling,reset,model,9,9717.232235533815,6338.234081804083,203628606.9765196,202616285.3836537,1012321.5928659141,suboptimal,545d8ca624cc
4,0.0,+/-10%,rolling,reset,model,10,10688.9554590872,6697.652232264114,207601279.9740845,206552708.11195457,1048571.8621299267,suboptimal,545d8ca624cc
4,0.0,+/-10%,rolling,reset,model,11,11757.851004995906,7298.178777984544,209759594.55292195,209309136.07067725,450458.4822447002,suboptimal,545d8ca624cc
4,0.0,+/-10%,rolling,reset,model,12,12933.63610549552,10917.472622418518,211910190.7507423,211757295.09069437,152895.66004791856,suboptimal,545d8ca624cc
4,0.0,+/-10%,rolling,reset,model,13,11799.222685185185,11065.33890261481,209593005.2869623,209582419.78841317,10585.49854913354,suboptimal,545d8ca624cc
4,0.0,+/-10%,rolling,reset,model,14,10619.300416666672,8832.525704938504,205257861.73896083,205252989.64764985,4872.091310977936,suboptimal,545d8ca624cc
4,0.0,+/-10%,rolling,reset,model,15,9557.370374999999,10011.740605762652,205185590.47928163,205156470.28116128,29120.198120355606,suboptimal,545d8ca624cc
4,0.0,+/-20%,rolling,reset,model,1,11544.007172131147,11544.007172131147,172705609.7372036,172705609.7372038,-2.086162567138672e-07,optimal,545d8ca624cc
4,0.0,+/-20%,rolling,reset,model,2,9235.205737704919,7938.583444789168,173952692.33498654,173834296.1032528,118396.23173373938,suboptimal,545d8ca624cc
4,0.0,+/-20%,rolling,reset,model,3,7388.164590163937,6473.798400459309,177265662.02946076,177206014.0061402,59648.02332055569,suboptimal,545d8ca624cc
4,0.0,+/-20%,rolling,reset,model,4,5910.531672131124,5067.353340893593,182292329.27656442,182228159.31952053,64169.957043886185,suboptimal,545d8ca624cc
4,0.0,+/-20%,rolling,reset,model,5,4728.425337704865,4700.38952644951,188338300.4257174,188338300.42571738,2.9802322387695312e-08,optimal,545d8ca624cc
4,0.0,+/-20%,rolling,reset,model,6,5101.422736167209,3760.31161738725,194499208.8791115,194392772.27190793,106436.60720357299,suboptimal,545d8ca624cc
4,0.0,+/-20%,rolling,reset,model,7,6121.707283400659,3811.7924826286785,201680234.53692937,201524596.9191422,155637.61778718233,suboptimal,545d8ca624cc
4,0.0,+/-20%,rolling,reset,model,8,7346.04874008079,4475.630174888561,207210912.58950505,206952487.34174475,258425.24776029587,suboptimal,545d8ca624cc
4,0.0,+/-20%,rolling,reset,model,9,8815.258488096984,5417.257717013259,212308100.8861409,211996067.82321474,312033.0629261732,suboptimal,545d8ca624cc
4,0.0,+/-20%,rolling,reset,model,10,10578.310185716515,7456.281196932054,217329128.83907154,217165123.86273494,164004.9763365984,suboptimal,545d8ca624cc
4,0.0,+/-20%,rolling,reset,model,11,12693.972222859626,8288.376511632126,218388092.720855,218328734.4119475,59358.30890750885,suboptimal,545d8ca624cc
4,0.0,+/-20%,rolling,reset,model,12,15232.766667431613,12910.75006211413,220291824.87415588,220277169.37612897,14655.498026907444,suboptimal,545d8ca624cc
4,0.0,+/-20%,rolling,reset,model,13,14933.391210937327,15333.27710881357,215902998.1930552,215898245.1000384,4753.093016803265,suboptimal,545d8ca624cc
4,0.0,+/-20%,rolling,reset,model,14,11946.71296874991,12341.102239679756,205385677.07325524,205383560.8019933,2116.2712619304657,suboptimal,545d8ca624cc
4,0.0,+/-20%,rolling,reset,model,15,9557.370375000017,11697.441163923184,199934012.2390484,199790702.4069521,143309.83209627867,suboptimal,545d8ca624cc
4,0.02,NHF,rolling,reset,model,1,39484.4435,39484.4435,50863875.23094675,50863875.23094675,0.0,optimal,545d8ca624cc
4,0.02,NHF,rolling,reset,model,2,0.0,0.0,27385292.553362053,27385292.553362053,0.0,optimal,545d8ca624cc
4,0.02,NHF,rolling,reset,model,3,5186.304454545454,0.0,34028183.90315648,33943580.44929445,84603.45386203378,suboptimal,545d8ca624cc
4,0.02,NHF,rolling,reset,model,4,0.0,0.0,41480166.30050317,41480166.30050317,0.0,optimal,545d8ca624cc
4,0.02,NHF,rolling,reset,model,5,8908.556045454545,16353.059227272726,51378555.204131946,50751043.232357986,627511.9717739597,suboptimal,545d8ca624cc
4,0.02,NHF,rolling,reset,model,6,0.0,0.0,42599357.090666726,42599357.090666726,0.0,optimal,545d8ca624cc
4,0.02,NHF,rolling,reset,model,7,15794.488636363636,15794.488636363636,51928378.58888684,51928378.58888684,0.0,optimal,545d8ca624cc
4,0.02,NHF,rolling,reset,model,8,14953.238500000001,14953.2385,44505518.26927953,44505518.26927953,0.0,optimal,545d8ca624cc
4,0.02,NHF,rolling,reset,model,9,10843.759454545456,5657.455000000001,34060240.18828169,,,infeasible,545d8ca624cc
4,0.02,NHF,rolling,reset,model,10,0.0,0.0,34639532.90787596,34639532.90787596,0.0,optimal,545d8ca624cc
4,0.02,NHF,rolling,reset,model,11,7779.456681818182,12965.761136363635,43411745.4611859,43039593.766723506,372151.6944623962,suboptimal,545d8ca624cc
4,0.02,NHF,rolling,reset,model,12,0.0,0.0,37036952.11596929,37036952.11596929,0.0,optimal,545d8ca624cc
4,0.02,NHF,rolling,reset,model,13,12965.761136363635,12965.761136363635,45147837.96297959,45147837.96297959,0.0,optimal,545d8ca624cc
4,0.02,NHF,rolling,reset,model,14,0.0,0.0,39153239.18825054,39153239.18825054,0.0,optimal,545d8ca624cc
4,0.02,NHF,rolling,reset,model,15,17310.815454545453,12124.511,49254678.94067024,,,infeasible,545d8ca624cc
4,0.02,NDY,rolling,reset,model,1,8728.922848039578,8728.922848039578,42678495.9299169,42678495.92991692,-1.4901161193847656e-08,optimal,545d8ca624cc
4,0.02,NDY,rolling,reset,model,2,8728.92284803957,8618.797249330422,43547889.04215816,43509951.44037846,37937.601779699326,suboptimal,545d8ca624cc
4,0.02,NDY,rolling,reset,model,3,8728.92284803958,8590.71091874541,44812210.91414759,,,infeasible,545d8ca624cc
4,0.02,NDY,rolling,reset,model,4,8728.922848039585,8578.854065891574,46426579.54181694,,,infeasible,545d8ca624cc
4,0.02,NDY,rolling,reset,model,5,8728.922848039576,8525.574495565106,47082024.88127625,,,infeasible,545d8ca624cc
4,0.02,NDY,rolling,reset,model,6,8728.922848039576,8469.71019060314,46899193.38348097,,,infeasible,545d8ca624cc
4,0.02,NDY,rolling,reset,model,7,8728.92284803958,8439.296814407024,47148902.0106249,,,infeasible,545d8ca624cc
4,0.02,NDY,rolling,reset,model,8,8728.92284803958,8406.883064506408,47443680.765684195,,,infeasible,545d8ca624cc
4,0.02,NDY,rolling,reset,model,9,8728.922848039585,8328.346658537355,47206727.051011436,,,infeasible,545d8ca624cc
4,0.02,NDY,rolling,reset,model,10,8728.92284803958,8293.974734580299,46748607.62792083,,,infeasible,545d8ca624cc
4,0.02,NDY,rolling,reset,model,11,8728.92284803959,8249.524202900893,47164871.520013444,,,infeasible,545d8ca624cc
4,0.02,NDY,rolling,reset,model,12,8728.922848039583,8224.758948554623,46799682.667208865,,,infeasible,545d8ca624cc
4,0.02,NDY,rolling,reset,model,13,8728.922848039581,8206.032133630035,46264669.23858697,,,infeasible,545d8ca624cc
4,0.02,NDY,rolling,reset,model,14,8728.922848039587,8189.124947674827,45194800.51439656,,,infeasible,545d8ca624cc
4,0.02,NDY,rolling,reset,model,15,8728.922848039589,8158.932327511995,45176516.89659068,,,infeasible,545d8ca624cc
4,0.02,-10%,rolling,reset,model,1,12086.718990389536,12086.718990389536,45270614.80189205,45270614.80189199,5.960464477539063e-08,optimal,545d8ca624cc
4,0.02,-10%,rolling,reset,model,2,10878.047091350527,10878.047091494773,44722474.39734601,44722474.39734602,-7.450580596923828e-09,optimal,545d8ca624cc
4,0.02,-10%,rolling,reset,model,3,9790.24238221543,9790.242382044617,43902612.02992833,43902612.02992832,7.450580596923828e-09,optimal,545d8ca624cc
4,0.02,-10%,rolling,reset,model,4,8811.218143993938,8811.218141476202,43819708.543840304,43819708.543840304,0.0,optimal,545d8ca624cc
4,0.02,-10%,rolling,reset,model,5,7930.096329594542,7930.096325453491,43749090.230521515,43749090.230521515,0.0,optimal,545d8ca624cc
4,0.02,-10%,rolling,reset,model,6,7137.086696635094,7137.086692011522,44052972.40579432,44052972.40579432,0.0,optimal,545d8ca624cc
4,0.02,-10%,rolling,reset,model,7,8033.463370193635,8033.4633700531995,45228157.08588719,45228157.08588719,0.0,optimal,545d8ca624cc
4,0.02,-10%,rolling,reset,model,8,9648.872533873273,9651.266074219242,45427261.20571041,45427261.20571042,-7.450580596923828e-09,optimal,545d8ca624cc
4,0.02,-10%,rolling,reset,model,9,8683.985280485904,8683.975122278995,42901808.287662454,42901808.287662454,0.0,optimal,545d8ca624cc
4,0.02,-10%,rolling,reset,model,10,7815.586752437353,7815.577614667915,41421222.95069494,41421222.95069489,5.21540641784668e-08,optimal,545d8ca624cc
4,0.02,-10%,rolling,reset,model,11,8114.539253338344,7717.7062248045,40538339.88359378,,,infeasible,545d8ca624cc
4,0.02,-10%,rolling,reset,model,12,7303.085328004513,6946.88467893997,40142326.346436515,,,infeasible,545d8ca624cc
4,0.02,-10%,rolling,reset,model,13,6572.776795204066,6252.19621230934,40525201.240424216,,,infeasible,545d8ca624cc
4,0.02,-10%,rolling,reset,model,14,5915.499115683657,5626.976589509418,42164570.6338382,,,infeasible,545d8ca624cc
4,0.02,-10%,rolling,reset,model,15,9557.370374999953,9143.635542183358,45166559.6686118,,,infeasible,545d8ca624cc
4,0.02,-20%,rolling,reset,model,1,15113.270103663544,15113.270103663544,46496566.32195581,46496566.32195581,0.0,optimal,545d8ca624cc
4,0.02,-20%,rolling,reset,model,2,12090.616082930836,12090.616082685616,43450906.54401189,43450906.54401189,0.0,optimal,545d8ca624cc
4,0.02,-20%,rolling,reset,model,3,9672.49286634467,9672.492866681483,41578127.992782116,41578127.992782116,0.0,optimal,545d8ca624cc
4,0.02,-20%,rolling,reset,model,4,7737.994293075737,7737.994295412902,40812643.734983236,40812643.73498323,7.450580596923828e-09,optimal,545d8ca624cc
4,0.02,-20%,rolling,reset,model,5,6190.395434460591,6190.395435986391,41645231.27262243,41645231.27262242,7.450580596923828e-09,optimal,545d8ca624cc
4,0.02,-20%,rolling,reset,model,6,4952.316347568476,4952.3163467686645,43693205.433282666,43693205.433282666,0.0,optimal,545d8ca624cc
4,0.02,-20%,rolling,reset,model,7,9068.558456141878,9068.558455035767,47270832.23439474,47270832.23439474,0.0,optimal,545d8ca624cc
4,0.02,-20%,rolling,reset,model,8,11248.679227979977,11308.518104358936,46879289.8067183,46879289.80671829,7.450580596923828e-09,optimal,545d8ca624cc
4,0.02,-20%,rolling,reset,model,9,8998.943382383983,9046.331474161845,42264747.18354921,42264747.18354922,-7.450580596923828e-09,optimal,545d8ca624cc
4,0.02,-20%,rolling,reset,model,10,7199.154705907191,7237.065184477456,40320100.16488902,40320100.16488902,0.0,optimal,545d8ca624cc
4,0.02,-20%,rolling,reset,model,11,8141.479031052404,8141.4790319197255,40089948.86790843,40089948.86790843,0.0,optimal,545d8ca624cc
4,0.02,-20%,rolling,reset,model,12,6513.183224841926,6513.1832267559985,38885240.49604314,38885240.496043146,-7.450580596923828e-09,optimal,545d8ca624cc
4,0.02,-20%,rolling,reset,model,13,6239.830956141878,5210.546580547885,39840838.7044421,,,infeasible,545d8ca624cc
4,0.02,-20%,rolling,reset,model,14,5622.98326660087,4168.437265552919,42556784.24637463,,,infeasible,545d8ca624cc
4,0.02,-20%,rolling,reset,model,15,9557.370374999999,11555.088729546238,47418328.632327504,47165929.752192914,252398.88013458997,suboptimal,545d8ca624cc
4,0.02,+/-10%,rolling,reset,model,1,12026.308066614089,12026.308066614089,45209779.39639241,45209779.39639243,-1.4901161193847656e-08,optimal,545d8ca624cc
4,0.02,+/-10%,rolling,reset,model,2,10823.677259952681,10823.677258727428,44700927.986057006,44700927.986057006,0.0,optimal,545d8ca624cc
4,0.02,+/-10%,rolling,reset,model,3,9741.309533957425,9741.309534089807,43963062.003008254,43963062.003008254,0.0,optimal,545d8ca624cc
4,0.02,+/-10%,rolling,reset,model,4,8767.178580561675,8767.178577547707,43899955.33805286,43899955.338052854,7.450580596923828e-09,optimal,545d8ca624cc
4,0.02,+/-10%,rolling,reset,model,5,7890.460722505508,7890.460720776295,43898958.0751416,43898958.0751416,0.0,optimal,545d8ca624cc
4,0.02,+/-10%,rolling,reset,model,6,7472.488651484573,7472.4886508995105,44336607.38118355,44336607.38118355,0.0,optimal,545d8ca624cc
4,0.02,+/-10%,rolling,reset,model,7,8219.737516633031,8219.73751775119,45140586.80475859,45140586.804758586,7.450580596923828e-09,optimal,545d8ca624cc
4,0.02,+/-10%,rolling,reset,model,8,9041.711268296334,9503.07756441956,45100243.80791084,45064069.887078986,36173.92083185166,suboptimal,545d8ca624cc
4,0.02,+/-10%,rolling,reset,model,9,8441.06114276076,8550.522888637377,42724361.85849167,42722957.4434638,1404.4150278642774,suboptimal,545d8ca624cc
4,0.02,+/-10%,rolling,reset,model,10,7596.955028484681,7695.470604470465,41025248.28850492,41024276.630106844,971.6583980768919,suboptimal,545d8ca624cc
4,0.02,+/-10%,rolling,reset,model,11,6837.259525636211,7644.530417886628,40472107.084341705,40404897.56767009,67209.51667161286,suboptimal,545d8ca624cc
4,0.02,+/-10%,rolling,reset,model,12,7180.593820435769,6880.077376960515,40258578.749207936,40158443.37795723,100135.37125070393,suboptimal,545d8ca624cc
4,0.02,+/-10%,rolling,reset,model,13,7898.65320247933,6192.069640360598,40662323.360914044,,,infeasible,545d8ca624cc
4,0.02,+/-10%,rolling,reset,model,14,8688.51852272727,6811.276602771504,42499127.08192884,,,infeasible,545d8ca624cc
4,0.02,+/-10%,rolling,reset,model,15,9557.370375000004,7492.4042599218255,43988159.73918518,,,infeasible,545d8ca624cc
4,0.02,+/-20%,rolling,reset,model,1,14625.477770559777,14625.477770559777,46158126.96231841,46158126.96231841,0.0,optimal,545d8ca624cc
4,0.02,+/-20%,rolling,reset,model,2,11700.38221644782,11700.382216316164,43390454.70882878,43390454.70882878,0.0,optimal,545d8ca624cc
4,0.02,+/-20%,rolling,reset,model,3,9360.30577315826,9360.305772367085,41837121.71132977,41837121.71132977,0.0,optimal,545d8ca624cc
4,0.02,+/-20%,rolling,reset,model,4,7488.244618526609,7488.244613063021,41601961.78690978,41601961.78690978,0.0,optimal,545d8ca624cc
4,0.02,+/-20%,rolling,reset,model,5,5990.595694821286,5990.59569554289,42806636.11028894,42806636.11028893,7.450580596923828e-09,optimal,545d8ca624cc
4,0.02,+/-20%,rolling,reset,model,6,7188.714833785543,7188.714835248149,45319854.355055444,45319854.355055444,0.0,optimal,545d8ca624cc
4,0.02,+/-20%,rolling,reset,model,7,8626.457800542648,8626.457802704683,46561667.75750783,46561667.75750783,0.0,optimal,545d8ca624cc
4,0.02,+/-20%,rolling,reset,model,8,10351.749360651182,11019.572402941463,46533107.284717776,46457824.36318691,75282.92153086513,suboptimal,545d8ca624cc
4,0.02,+/-20%,rolling,reset,model,9,9289.735421738504,8809.295048695856,42281209.66584959,,,infeasible,545d8ca624cc
4,0.02,+/-20%,rolling,reset,model,10,7467.894223189884,7047.436039945176,40244386.4693985,,,infeasible,545d8ca624cc
4,0.02,+/-20%,rolling,reset,model,11,7422.598108561623,8292.776032120264,40503858.64797338,40431018.28850131,72840.35947207361,suboptimal,545d8ca624cc
4,0.02,+/-20%,rolling,reset,model,12,5938.078486849299,7102.595482620332,39413846.096891746,39328714.17575398,85131.92113776505,suboptimal,545d8ca624cc
4,0.02,+/-20%,rolling,reset,model,13,6637.062760416667,5682.076386139297,39510602.85309585,,,infeasible,545d8ca624cc
4,0.02,+/-20%,rolling,reset,model,14,7964.4753125,5898.258938819752,41594316.946189165,,,infeasible,545d8ca624cc
4,0.02,+/-20%,rolling,reset,model,15,9557.370375,7373.90078424123,44042661.032773346,,,infeasible,545d8ca624cc
4,0.04,NHF,rolling,reset,model,1,39484.4435,39484.4435,29957318.445354015,29957318.445354015,0.0,optimal,545d8ca624cc
4,0.04,NHF,rolling,reset,model,2,0.0,0.0,9145578.83782572,9145578.83782572,0.0,optimal,545d8ca624cc
4,0.04,NHF,rolling,reset,model,3,5186.304454545454,5186.304454545454,13566744.247829245,13566744.247829245,0.0,optimal,545d8ca624cc
4,0.04,NHF,rolling,reset,model,4,5186.304454545454,5186.304454545454,14875784.213021545,14875784.213021545,0.0,optimal,545d8ca624cc
4,0.04,NHF,rolling,reset,model,5,2593.152227272727,2593.152227272727,16313036.087902639,16313036.087902639,0.0,optimal,545d8ca624cc
4,0.04,NHF,rolling,reset,model,6,0.0,0.0,20970933.766094778,20970933.766094778,0.0,optimal,545d8ca624cc
4,0.04,NHF,rolling,reset,model,7,15794.488636363636,15794.488636363636,31059804.182458226,31059804.182458226,0.0,optimal,545d8ca624cc
4,0.04,NHF,rolling,reset,model,8,14953.238500000001,14953.2385,26525118.534211844,26525118.534211844,0.0,optimal,545d8ca624cc
4,0.04,NHF,rolling,reset,model,9,10843.759454545456,10843.759454545456,18089756.551848687,18089756.551848687,0.0,optimal,545d8ca624cc
4,0.04,NHF,rolling,reset,model,10,5186.304454545454,5186.304454545454,13193179.166811567,13193179.166811567,0.0,optimal,545d8ca624cc
4,0.04,NHF,rolling,reset,model,11,2593.152227272727,2593.152227272727,13240890.808655133,13240890.808655133,0.0,optimal,545d8ca624cc
4,0.04,NHF,rolling,reset,model,12,0.0,0.0,16423408.274049787,16423408.274049787,0.0,optimal,545d8ca624cc
4,0.04,NHF,rolling,reset,model,13,12965.761136363635,12965.761136363635,24328355.562338144,24328355.562338144,0.0,optimal,545d8ca624cc
4,0.04,NHF,rolling,reset,model,14,0.0,0.0,20147885.2449587,20147885.2449587,0.0,optimal,545d8ca624cc
4,0.04,NHF,rolling,reset,model,15,17310.815454545453,17310.815454545453,29871483.598645788,29871483.598645788,0.0,optimal,545d8ca624cc
4,0.04,NDY,rolling,reset,model,1,8699.296559708811,8699.296559708811,19277050.163586337,19277050.163586326,1.1175870895385742e-08,optimal,545d8ca624cc
4,0.04,NDY,rolling,reset,model,2,8699.296559708804,8628.26800903401,19749588.97649944,19749588.97649948,-4.0978193283081055e-08,optimal,545d8ca624cc
4,0.04,NDY,rolling,reset,model,3,8699.296559708804,8599.223507849438,20570543.23260083,,,infeasible,545d8ca624cc
4,0.04,NDY,rolling,reset,model,4,8699.296559708817,8572.14415435542,21797783.1068241,,,infeasible,545d8ca624cc
4,0.04,NDY,rolling,reset,model,5,8699.296559708799,8514.74757003259,22338817.76518369,,,infeasible,545d8ca624cc
4,0.04,NDY,rolling,reset,model,6,8699.2965597088,8458.295683337963,22210485.198031824,,,infeasible,545d8ca624cc
4,0.04,NDY,rolling,reset,model,7,8699.296559708811,8365.014474230744,22440982.40324365,,,infeasible,545d8ca624cc
4,0.04,NDY,rolling,reset,model,8,8699.296559708808,8269.541000464262,22847163.082248155,,,infeasible,545d8ca624cc
4,0.04,NDY,rolling,reset,model,9,8699.296559708826,8193.323109556977,21807587.20678064,,,infeasible,545d8ca624cc
4,0.04,NDY,rolling,reset,model,10,8699.2965597088,8177.127845842558,21238340.98979946,,,infeasible,545d8ca624cc
4,0.04,NDY,rolling,reset,model,11,8699.29655970879,8142.806516516856,21146237.370615356,,,infeasible,545d8ca624cc
4,0.04,NDY,rolling,reset,model,12,8699.296559708784,8104.099818191306,21318647.793563824,,,infeasible,545d8ca624cc
4,0.04,NDY,rolling,reset,model,13,8699.296559708819,8073.619893665574,21353855.044353876,,,infeasible,545d8ca624cc
4,0.04,NDY,rolling,reset,model,14,8699.296559708793,8028.850853713762,21523688.032443754,,,infeasible,545d8ca624cc
4,0.04,NDY,rolling,reset,model,15,8699.296559708804,7958.848271554881,21989695.374730106,,,infeasible,545d8ca624cc
4,0.04,-10%,rolling,reset,model,1,12086.718990389485,12086.718990389485,22079239.4040767,22079239.4040767,0.0,optimal,545d8ca624cc
4,0.04,-10%,rolling,reset,model,2,10878.04709135054,10878.047091596909,21338161.189890016,21338161.189890016,0.0,optimal,545d8ca624cc
4,0.04,-10%,rolling,reset,model,3,9790.242382215481,9790.2423833627,20707257.13959909,20707257.139599092,-3.725290298461914e-09,optimal,545d8ca624cc
4,0.04,-10%,rolling,reset,model,4,8811.218143993927,8811.218146273854,20392707.61558389,20392707.61558389,0.0,optimal,545d8ca624cc
4,0.04,-10%,rolling,reset,model,5,7930.0963295945485,7930.096332330992,20418437.17967499,20418437.179674994,-3.725290298461914e-09,optimal,545d8ca624cc
4,0.04,-10%,rolling,reset,model,6,7137.086696635085,7137.086699456025,20529531.90670784,20529531.90670784,0.0,optimal,545d8ca624cc
4,0.04,-10%,rolling,reset,model,7,6423.37802697158,6423.378025352231,21637247.10899278,21637247.10899278,0.0,optimal,545d8ca624cc
4,0.04,-10%,rolling,reset,model,8,10344.931902487271,10201.005763550158,24036549.954897095,23979406.183311105,57143.77158598974,suboptimal,545d8ca624cc
4,0.04,-10%,rolling,reset,model,9,9310.438712238538,9180.905186661816,21527736.613792516,,,infeasible,545d8ca624cc
4,0.04,-10%,rolling,reset,model,10,8379.394841014677,8262.814668842515,19516748.396531068,,,infeasible,545d8ca624cc
4,0.04,-10%,rolling,reset,model,11,7541.455356913226,7457.0887801206445,18518004.460635073,,,infeasible,545d8ca624cc
4,0.04,-10%,rolling,reset,model,12,6787.309821221899,6711.37990253663,18015561.61466049,,,infeasible,545d8ca624cc
4,0.04,-10%,rolling,reset,model,13,6108.578839099708,6040.241911206547,18461531.55567396,,,infeasible,545d8ca624cc
4,0.04,-10%,rolling,reset,model,14,5497.720955189735,5436.2177179089485,19946907.071579963,,,infeasible,545d8ca624cc
4,0.04,-10%,rolling,reset,model,15,9557.370374999999,8713.453693736355,22896563.02259722,,,infeasible,545d8ca624cc
4,0.04,-20%,rolling,reset,model,1,15113.270103663544,15113.270103663544,23698763.996494208,23698763.99649421,-3.725290298461914e-09,optimal,545d8ca624cc
4,0.04,-20%,rolling,reset,model,2,12090.61608293084,12090.61608317407,20690638.984777197,20690638.9847772,-3.725290298461914e-09,optimal,545d8ca624cc
4,0.04,-20%,rolling,reset,model,3,9672.492866344672,9672.492867819026,19140219.42019271,19140219.420192715,-3.725290298461914e-09,optimal,545d8ca624cc
4,0.04,-20%,rolling,reset,model,4,7737.994293075734,7737.994296472405,18326390.59050074,18326390.590500735,3.725290298461914e-09,optimal,545d8ca624cc
4,0.04,-20%,rolling,reset,model,5,6190.39543446059,6190.395435986391,18562497.47264664,18562497.472646642,-3.725290298461914e-09,optimal,545d8ca624cc
4,0.04,-20%,rolling,reset,model,6,4952.316347568476,4952.3163467686645,19905370.136434264,19905370.136434264,0.0,optimal,545d8ca624cc
4,0.04,-20%,rolling,reset,model,7,6377.026042548064,6377.026041273657,23412300.52876194,23412300.528761934,3.725290298461914e-09,optimal,545d8ca624cc
4,0.04,-20%,rolling,reset,model,8,13000.58767677876,13053.085297364683,26721182.92529345,26721182.92529345,0.0,optimal,545d8ca624cc
4,0.04,-20%,rolling,reset,model,9,10400.470141423,10442.46823066909,21710033.322284263,21710033.32228426,3.725290298461914e-09,optimal,545d8ca624cc
4,0.04,-20%,rolling,reset,model,10,8320.3761131384,8353.974594675808,18266515.065946285,18266515.065946285,0.0,optimal,545d8ca624cc
4,0.04,-20%,rolling,reset,model,11,6656.300890510722,6683.179674644918,16702073.431206249,16702073.431206249,0.0,optimal,545d8ca624cc
4,0.04,-20%,rolling,reset,model,12,5325.040712408572,5346.54374082852,16363766.779290954,16363766.779290954,0.0,optimal,545d8ca624cc
4,0.04,-20%,rolling,reset,model,13,4260.032569926864,4277.234998675588,17691998.62103244,17691998.62103244,0.0,optimal,545d8ca624cc
4,0.04,-20%,rolling,reset,model,14,4979.757018937308,3421.7879898256465,20962595.452386416,,,infeasible,545d8ca624cc
4,0.04,-20%,rolling,reset,model,15,9557.370374999995,13018.009092737997,26875780.403895456,25905528.756837893,970251.6470575631,suboptimal,545d8ca624cc
4,0.04,+/-10%,rolling,reset,model,1,12086.718990389483,12086.718990389483,22038401.99160544,22038401.991605442,-3.725290298461914e-09,optimal,545d8ca624cc
4,0.04,+/-10%,rolling,reset,model,2,10878.047091350532,10878.047091216118,21592604.48009735,21592604.480097342,7.450580596923828e-09,optimal,545d8ca624cc
4,0.04,+/-10%,rolling,reset,model,3,9790.242382215481,9790.242381018901,20743970.09490305,20743970.094902184,8.67992639541626e-07,optimal,545d8ca624cc
4,0.04,+/-10%,rolling,reset,model,4,8811.218143993934,8811.218139066807,20454437.52741349,20454437.527413487,3.725290298461914e-09,optimal,545d8ca624cc
4,0.04,+/-10%,rolling,reset,model,5,7930.096329594544,7930.096327842025,20503197.995406304,20503197.9954063,3.725290298461914e-09,optimal,545d8ca624cc
4,0.04,+/-10%,rolling,reset,model,6,7137.0866966350895,7137.086699456025,20665228.901074175,20665228.901074175,0.0,optimal,545d8ca624cc
4,0.04,+/-10%,rolling,reset,model,7,7850.795366298598,7850.795368754847,21836879.94838117,21836879.94838117,0.0,optimal,545d8ca624cc
4,0.04,+/-10%,rolling,reset,model,8,8635.874902928457,9490.508253191012,22785551.15605405,22595359.035739105,190192.12031494454,suboptimal,545d8ca624cc
4,0.04,+/-10%,rolling,reset,model,9,9158.851298820202,8541.457428150055,20804477.9058493,,,infeasible,545d8ca624cc
4,0.04,+/-10%,rolling,reset,model,10,8242.966168938174,7687.311684484955,18914786.398596082,,,infeasible,545d8ca624cc
4,0.04,+/-10%,rolling,reset,model,11,7418.669552044348,7382.331653464937,18426130.884177536,18426130.884177532,3.725290298461914e-09,optimal,545d8ca624cc
4,0.04,+/-10%,rolling,reset,model,12,6676.80259683993,6644.098484504336,17974005.829688955,17974005.82968896,-3.725290298461914e-09,optimal,545d8ca624cc
4,0.04,+/-10%,rolling,reset,model,13,6009.122337155944,5979.688643220736,18479866.040479843,18479866.040479843,0.0,optimal,545d8ca624cc
4,0.04,+/-10%,rolling,reset,model,14,5408.21010344035,6577.657507486838,20039761.368834484,17979438.265472356,2060323.1033621281,suboptimal,545d8ca624cc
4,0.04,+/-10%,rolling,reset,model,15,5949.0311137844055,7235.423254794725,21631899.1868268,19834830.960230887,1797068.2265959121,suboptimal,545d8ca624cc
4,0.04,+/-20%,rolling,reset,model,1,15113.270103663552,15113.270103663552,23477591.322463237,23477591.32246324,-3.725290298461914e-09,optimal,545d8ca624cc
4,0.04,+/-20%,rolling,reset,model,2,12090.61608293084,12090.616082614179,20253717.13751548,20253717.137515537,-5.587935447692871e-08,optimal,545d8ca624cc
4,0.04,+/-20%,rolling,reset,model,3,9672.492866344663,9672.492866963892,18419266.384765595,18419266.384765588,7.450580596923828e-09,optimal,545d8ca624cc
4,0.04,+/-20%,rolling,reset,model,4,7737.994293075755,7737.994293063963,17457935.57880268,17457935.578802682,-3.725290298461914e-09,optimal,545d8ca624cc
4,0.04,+/-20%,rolling,reset,model,5,6190.395434460582,5385.553020818158,17313026.138929915,17298007.200742505,15018.938187409192,suboptimal,545d8ca624cc
4,0.04,+/-20%,rolling,reset,model,6,4952.316347568458,5422.453809664365,19045401.334506232,18263788.12602886,781613.2084773704,suboptimal,545d8ca624cc
4,0.04,+/-20%,rolling,reset,model,7,5942.779617082152,6506.944569855656,21540141.944332253,20806262.571758598,733879.3725736551,suboptimal,545d8ca624cc
4,0.04,+/-20%,rolling,reset,model,8,7131.3355404985805,12693.647597607374,25900231.879851773,23147377.656559046,2752854.223292727,suboptimal,545d8ca624cc
4,0.04,+/-20%,rolling,reset,model,9,8557.602648598287,10154.918078268112,21107328.069127444,20735877.970374543,371450.09875290096,suboptimal,545d8ca624cc
4,0.04,+/-20%,rolling,reset,model,10,10269.123178317954,8123.934462952971,17445775.547183305,,,infeasible,545d8ca624cc
4,0.04,+/-20%,rolling,reset,model,11,10640.878222428859,6008.68475961231,15714136.523134857,,,infeasible,545d8ca624cc
4,0.04,+/-20%,rolling,reset,model,12,8512.702577943066,4254.400448100573,15911077.407123115,,,infeasible,545d8ca624cc
4,0.04,+/-20%,rolling,reset,model,13,6810.162062354444,5105.280536551915,18370090.229184497,,,infeasible,545d8ca624cc
4,0.04,+/-20%,rolling,reset,model,14,6250.940387131248,6126.336641273562,20938691.277799495,,,infeasible,545d8ca624cc
4,0.04,+/-20%,rolling,reset,model,15,7501.128464557497,12876.855091829979,26581908.792525966,23776445.924562532,2805462.8679634333,suboptimal,545d8ca624cc
4,0.06,NHF,rolling,reset,model,1,39484.4435,39484.4435,21952158.26173342,21952158.26173342,0.0,optimal,545d8ca624cc
4,0.06,NHF,rolling,reset,model,2,0.0,0.0,4078675.057494704,4078675.057494704,0.0,optimal,545d8ca624cc
4,0.06,NHF,rolling,reset,model,3,5186.304454545454,5186.304454545454,7305954.302726073,7305954.302726073,0.0,optimal,545d8ca624cc
4,0.06,NHF,rolling,reset,model,4,5186.304454545454,5186.304454545454,7877540.009307823,7877540.009307823,0.0,optimal,545d8ca624cc
4,0.06,NHF,rolling,reset,model,5,2593.152227272727,2593.152227272727,8359008.665573832,8359008.665573832,0.0,optimal,545d8ca624cc
4,0.06,NHF,rolling,reset,model,6,0.0,0.0,11793366.741434846,11793366.741434846,0.0,optimal,545d8ca624cc
4,0.06,NHF,rolling,reset,model,7,15794.488636363636,15794.488636363636,21121140.094211712,21121140.094211712,0.0,optimal,545d8ca624cc
4,0.06,NHF,rolling,reset,model,8,14953.238500000001,14953.2385,18320471.74699358,18320471.74699358,0.0,optimal,545d8ca624cc
4,0.06,NHF,rolling,reset,model,9,10843.759454545456,10843.759454545456,11617412.853838684,11617412.853838684,0.0,optimal,545d8ca624cc
4,0.06,NHF,rolling,reset,model,10,5186.304454545454,5186.304454545454,7201893.942138688,7201893.942138688,0.0,optimal,545d8ca624cc
4,0.06,NHF,rolling,reset,model,11,2593.152227272727,2593.152227272727,6548507.164366287,6548507.164366287,0.0,optimal,545d8ca624cc
4,0.06,NHF,rolling,reset,model,12,0.0,0.0,8551034.298409935,8551034.298409935,0.0,optimal,545d8ca624cc
4,0.06,NHF,rolling,reset,model,13,12965.761136363635,12965.761136363635,15314616.507194383,15314616.507194383,0.0,optimal,545d8ca624cc
4,0.06,NHF,rolling,reset,model,14,0.0,0.0,11545438.762725193,11545438.762725193,0.0,optimal,545d8ca624cc
4,0.06,NHF,rolling,reset,model,15,17310.815454545453,17310.815454545453,20678861.231362112,20678861.231362112,0.0,optimal,545d8ca624cc
4,0.06,NDY,rolling,reset,model,1,8643.772618606468,8643.772618606468,11363221.643190676,11363221.643190678,-1.862645149230957e-09,optimal,545d8ca624cc
4,0.06,NDY,rolling,reset,model,2,8643.77261860648,8631.489638354875,11630543.349413898,11630543.349413885,1.30385160446167e-08,optimal,545d8ca624cc
4,0.06,NDY,rolling,reset,model,3,8643.772618606476,8604.195209633306,12147298.540457679,12147298.540457776,-9.685754776000977e-08,optimal,545d8ca624cc
4,0.06,NDY,rolling,reset,model,4,8643.772618606492,8574.969798703787,13089838.580664236,13089838.580664234,1.862645149230957e-09,optimal,545d8ca624cc
4,0.06,NDY,rolling,reset,model,5,8643.772618606452,8509.193369890112,13533965.524277762,,,infeasible,545d8ca624cc
4,0.06,NDY,rolling,reset,model,6,8643.772618606487,8422.543990696795,13422448.7537846,,,infeasible,545d8ca624cc
4,0.06,NDY,rolling,reset,model,7,8643.772618606476,8319.672590727616,13677743.318996068,,,infeasible,545d8ca624cc
4,0.06,NDY,rolling,reset,model,8,8643.772618606485,8228.848352416917,14104768.161851471,,,infeasible,545d8ca624cc
4,0.06,NDY,rolling,reset,model,9,8643.772618606476,8190.044251002537,13301325.975697037,,,infeasible,545d8ca624cc
4,0.06,NDY,rolling,reset,model,10,8643.772618606477,8184.6348429752725,12852378.212591834,,,infeasible,545d8ca624cc
4,0.06,NDY,rolling,reset,model,11,8643.772618606492,8161.9260727207475,12810828.733424105,,,infeasible,545d8ca624cc
4,0.06,NDY,rolling,reset,model,12,8643.772618606472,8128.529928517153,12935234.247390795,,,infeasible,545d8ca624cc
4,0.06,NDY,rolling,reset,model,13,8643.772618606483,8065.081215937973,12931016.055651797,,,infeasible,545d8ca624cc
4,0.06,NDY,rolling,reset,model,14,8643.772618606492,7984.720929672117,13101178.097137038,,,infeasible,545d8ca624cc
4,0.06,NDY,rolling,reset,model,15,8643.77261860648,7937.63722317613,13652977.70889064,,,infeasible,545d8ca624cc
4,0.06,-10%,rolling,reset,model,1,12086.718990389487,12086.718990389487,13702887.304106358,13702887.304106355,3.725290298461914e-09,optimal,545d8ca624cc
4,0.06,-10%,rolling,reset,model,2,10878.047091350532,10878.047091596909,13165565.438213995,13165565.438213993,1.862645149230957e-09,optimal,545d8ca624cc
4,0.06,-10%,rolling,reset,model,3,9790.242382215481,9790.242382347627,12457871.97380544,12457871.973805442,-1.862645149230957e-09,optimal,545d8ca624cc
4,0.06,-10%,rolling,reset,model,4,8811.21814399394,8811.218144448498,12239293.668648036,12239293.668648036,0.0,optimal,545d8ca624cc
4,0.06,-10%,rolling,reset,model,5,7930.096329594541,7930.096329158296,12149553.771637548,12149553.771637548,0.0,optimal,545d8ca624cc
4,0.06,-10%,rolling,reset,model,6,7137.086696635088,7137.086699456025,12043777.046970202,12043777.0469702,1.862645149230957e-09,optimal,545d8ca624cc
4,0.06,-10%,rolling,reset,model,7,6423.378026971578,6423.378025352231,12824223.462127859,12824223.462127859,0.0,optimal,545d8ca624cc
4,0.06,-10%,rolling,reset,model,8,9733.978242657799,9733.978242731622,14938880.612503605,14938880.612503603,1.862645149230957e-09,optimal,545d8ca624cc
4,0.06,-10%,rolling,reset,model,9,8760.580418392025,8760.58041944383,13027187.02252327,13027187.022523269,1.862645149230957e-09,optimal,545d8ca624cc
4,0.06,-10%,rolling,reset,model,10,7884.522376552823,7884.522378283963,11513607.592096528,11513607.592096526,1.862645149230957e-09,optimal,545d8ca624cc
4,0.06,-10%,rolling,reset,model,11,7096.070138897541,7096.070140058426,10789780.96565023,10789780.96565023,0.0,optimal,545d8ca624cc
4,0.06,-10%,rolling,reset,model,12,6386.463125007785,6386.4631257376695,10483472.261116358,10483472.261116358,0.0,optimal,545d8ca624cc
4,0.06,-10%,rolling,reset,model,13,5747.816812507007,5747.816813419489,10953108.487469273,10953108.48746927,1.862645149230957e-09,optimal,545d8ca624cc
4,0.06,-10%,rolling,reset,model,14,5173.035131256305,5173.035129970776,12573363.993149243,12573363.993149241,1.862645149230957e-09,optimal,545d8ca624cc
4,0.06,-10%,rolling,reset,model,15,9557.370375,10692.375933367726,16182669.705783973,15735949.262693964,446720.4430900086,suboptimal,545d8ca624cc
4,0.06,-20%,rolling,reset,model,1,15113.270103663548,15113.270103663548,15338162.23884366,15338162.23884366,0.0,optimal,545d8ca624cc
4,0.06,-20%,rolling,reset,model,2,12090.616082930836,12090.6160838688,12717278.667498177,12717278.667498179,-1.862645149230957e-09,optimal,545d8ca624cc
4,0.06,-20%,rolling,reset,model,3,9672.492866344666,9672.492866134455,11313115.348535117,11313115.348535117,0.0,optimal,545d8ca624cc
4,0.06,-20%,rolling,reset,model,4,7737.994293075739,7737.994293205926,10552185.137364104,10552185.137364103,1.862645149230957e-09,optimal,545d8ca624cc
4,0.06,-20%,rolling,reset,model,5,6190.395434460592,6190.395435986389,10317422.052677214,10317422.052677214,0.0,optimal,545d8ca624cc
4,0.06,-20%,rolling,reset,model,6,4952.316347568475,4952.3163467686645,10894459.448089123,10894459.448089123,0.0,optimal,545d8ca624cc
4,0.06,-20%,rolling,reset,model,7,4944.297893462425,4944.297890991759,13444448.68798862,13444448.687988618,1.862645149230957e-09,optimal,545d8ca624cc
4,0.06,-20%,rolling,reset,model,8,12914.566518004633,12914.566518820237,17862088.76350089,17862088.763500888,3.725290298461914e-09,optimal,545d8ca624cc
4,0.06,-20%,rolling,reset,model,9,10331.653214403703,10331.653214751166,13447844.4474344,13447844.447434396,3.725290298461914e-09,optimal,545d8ca624cc
4,0.06,-20%,rolling,reset,model,10,8265.322571522967,8265.3225706372,11251090.662504796,11251090.662504796,0.0,optimal,545d8ca624cc
4,0.06,-20%,rolling,reset,model,11,6612.258057218376,6612.258055727844,9704570.324924145,9704570.324924145,0.0,optimal,545d8ca624cc
4,0.06,-20%,rolling,reset,model,12,5289.8064457747,5289.80644383413,9281996.194267828,9281996.194267826,1.862645149230957e-09,optimal,545d8ca624cc
4,0.06,-20%,rolling,reset,model,13,4231.845156619762,4231.845156121878,10143784.090221733,10143784.090221733,0.0,optimal,545d8ca624cc
4,0.06,-20%,rolling,reset,model,14,3385.4761252958083,3385.476127970004,12982553.13279793,12982553.13279793,0.0,optimal,545d8ca624cc
4,0.06,-20%,rolling,reset,model,15,9557.370374999997,13976.00238394377,19105197.312037155,17280434.732939523,1824762.5790976323,suboptimal,545d8ca624cc
4,0.06,+/-10%,rolling,reset,model,1,12086.718990389483,12086.718990389483,13674041.042488974,13674041.042488974,0.0,optimal,545d8ca624cc
4,0.06,+/-10%,rolling,reset,model,2,10878.047091350534,10878.047091596905,13113201.09181707,13113201.09181707,0.0,optimal,545d8ca624cc
4,0.06,+/-10%,rolling,reset,model,3,9790.242382215485,9790.242382347627,12363486.863566145,12363486.863566147,-1.862645149230957e-09,optimal,545d8ca624cc
4,0.06,+/-10%,rolling,reset,model,4,8811.218143993934,8811.218144448489,12070518.02814136,12070518.02814136,0.0,optimal,545d8ca624cc
4,0.06,+/-10%,rolling,reset,model,5,7930.0963295945385,7930.096329158296,11847748.108331185,11847748.108331185,0.0,optimal,545d8ca624cc
4,0.06,+/-10%,rolling,reset,model,6,7137.0866966350895,6510.692654049759,11576350.49059886,11517590.778383248,58759.71221561171,suboptimal,545d8ca624cc
4,0.06,+/-10%,rolling,reset,model,7,6423.378026971578,7161.76192211423,12758649.490973046,11989939.8903817,768709.6005913466,suboptimal,545d8ca624cc
4,0.06,+/-10%,rolling,reset,model,8,7065.715829668736,9723.340424471173,14842108.916427594,13279858.42347708,1562250.492950514,suboptimal,545d8ca624cc
4,0.06,+/-10%,rolling,reset,model,9,7772.287412635613,8751.00638163273,12867878.796816172,12535415.817357555,332462.97945861705,suboptimal,545d8ca624cc
4,0.06,+/-10%,rolling,reset,model,10,8549.516153899178,7875.905742793063,11239335.199819794,,,infeasible,545d8ca624cc
4,0.06,+/-10%,rolling,reset,model,11,8968.017652352839,7077.964630023564,10309927.71505101,,,infeasible,545d8ca624cc
4,0.06,+/-10%,rolling,reset,model,12,8071.215887117545,6051.099028900675,9720613.029868243,,,infeasible,545d8ca624cc
4,0.06,+/-10%,rolling,reset,model,13,7264.094298405791,5445.989126771822,9998023.442182027,,,infeasible,545d8ca624cc
4,0.06,+/-10%,rolling,reset,model,14,6537.684868565212,5990.588035993936,11234278.514544735,,,infeasible,545d8ca624cc
4,0.06,+/-10%,rolling,reset,model,15,7191.453355421738,10658.888858564038,16115619.62479904,13681920.760738023,2433698.8640610166,suboptimal,545d8ca624cc
4,0.06,+/-20%,rolling,reset,model,1,15113.270103663477,15113.270103663477,15252916.899356065,15252916.899356104,-3.91155481338501e-08,optimal,545d8ca624cc
4,0.06,+/-20%,rolling,reset,model,2,12090.61608293084,12090.616083868801,12562826.364913424,12562826.364913426,-1.862645149230957e-09,optimal,545d8ca624cc
4,0.06,+/-20%,rolling,reset,model,3,9672.492866344623,9672.492866134453,11033874.39845316,11033874.398453161,-1.862645149230957e-09,optimal,545d8ca624cc
4,0.06,+/-20%,rolling,reset,model,4,7737.994293075872,7737.994293205924,10052079.416370373,10052079.416370375,-1.862645149230957e-09,optimal,545d8ca624cc
4,0.06,+/-20%,rolling,reset,model,5,6190.395434460574,5887.141702020481,9468591.01840341,9433925.031834457,34665.98656895384,suboptimal,545d8ca624cc
4,0.06,+/-20%,rolling,reset,model,6,4952.3163475684705,4709.713361972561,9746087.79135411,9686985.50575466,59102.28559944965,suboptimal,545d8ca624cc
4,0.06,+/-20%,rolling,reset,model,7,4944.297893462367,5651.656031626194,11683408.063536111,10678151.749258494,1005256.3142776173,suboptimal,545d8ca624cc
4,0.06,+/-20%,rolling,reset,model,8,5933.157472154911,12891.392341001649,17668772.76029921,12804079.192204079,4864693.568095131,suboptimal,545d8ca624cc
4,0.06,+/-20%,rolling,reset,model,9,7119.788966585891,10313.113873585768,13131617.21802547,11826612.975992275,1305004.2420331948,suboptimal,545d8ca624cc
4,0.06,+/-20%,rolling,reset,model,10,8543.74675990307,8250.491099177416,10708916.599585868,,,infeasible,545d8ca624cc
4,0.06,+/-20%,rolling,reset,model,11,10252.496111883644,6293.852422623046,8785814.455157353,,,infeasible,545d8ca624cc
4,0.06,+/-20%,rolling,reset,model,12,11813.242810363667,4934.880478100348,8056447.156586111,,,infeasible,545d8ca624cc
4,0.06,+/-20%,rolling,reset,model,13,9450.594248291074,3947.904382008646,8385064.612809614,,,infeasible,545d8ca624cc
4,0.06,+/-20%,rolling,reset,model,14,7560.4753986326705,4737.48526113622,10181972.15772593,,,infeasible,545d8ca624cc
4,0.06,+/-20%,rolling,reset,model,15,8761.884972154912,13843.534034747872,18882511.204266753,16216041.608718254,2666469.5955484994,suboptimal,545d8ca624cc
5,0.0,NHF,rolling,reset,model,1,10054.384,10054.384,147682345.68335813,147682345.68335813,0.0,optimal,545d8ca624cc
5,0.0,NHF,rolling,reset,model,2,1782.7882874970742,0.0,148942191.02062902,148774381.381931,167809.63869801164,suboptimal,545d8ca624cc
5,0.0,NHF,rolling,reset,model,3,0.0,0.0,156703233.11779022,156703233.11779022,0.0,optimal,545d8ca624cc
5,0.0,NHF,rolling,reset,model,4,0.0,0.0,164483864.51796505,164483864.51796505,0.0,optimal,545d8ca624cc
5,0.0,NHF,rolling,reset,model,5,14243.806727756628,0.0,172652504.97028586,170308055.36992627,2344449.600359589,suboptimal,545d8ca624cc
5,0.0,NHF,rolling,reset,model,6,7409.006365859066,0.0,183158299.66897735,182354552.55221456,803747.1167627871,suboptimal,545d8ca624cc
5,0.0,NHF,rolling,reset,model,7,12129.68291510049,0.0,193185559.80516148,191845786.8064005,1339772.9987609684,suboptimal,545d8ca624cc
5,0.0,NHF,rolling,reset,model,8,0.0,0.0,203680033.8682611,203680033.8682611,0.0,optimal,545d8ca624cc
5,0.0,NHF,rolling,reset,model,9,2772.200548226746,0.0,215678069.6265003,215587042.0139492,91027.6125511229,suboptimal,545d8ca624cc
5,0.0,NHF,rolling,reset,model,10,0.0,18700.00000561,224208106.39740208,224208106.39740208,0.0,optimal,545d8ca624cc
5,0.0,NHF,rolling,reset,model,11,0.0,16403.11171759883,209524139.25105324,209524139.25105324,0.0,optimal,545d8ca624cc
5,0.0,NHF,rolling,reset,model,12,0.0,11897.482276791174,195256624.8750432,195256624.8750432,0.0,optimal,545d8ca624cc
5,0.0,NHF,rolling,reset,model,13,0.0,18700.00000561,186667079.55951282,186667079.55951282,0.0,optimal,545d8ca624cc
5,0.0,NHF,rolling,reset,model,14,0.0,3740.00000374,172529316.84200603,163367086.43933246,9162230.402673572,suboptimal,545d8ca624cc
5,0.0,NHF,rolling,reset,model,15,68725.11873616894,0.0,176801051.4511352,,,infeasible,545d8ca624cc
5,0.0,NDY,rolling,reset,model,1,2959.2930718742687,2959.2930718742687,125714007.63869497,125714007.63869499,-1.4901161193847656e-08,optimal,545d8ca624cc
5,0.0,NDY,rolling,reset,model,2,2959.2930718742687,2959.2930714186555,132028542.3490917,132028542.34909172,-2.9802322387695312e-08,optimal,545d8ca624cc
5,0.0,NDY,rolling,reset,model,3,2959.293071874268,2959.2930734612014,138032360.43340304,138032360.43340307,-2.9802322387695312e-08,optimal,545d8ca624cc
5,0.0,NDY,rolling,reset,model,4,2959.293071874269,1482.9579519056167,143890195.68714476,143881733.47057563,8462.216569125652,suboptimal,545d8ca624cc
5,0.0,NDY,rolling,reset,model,5,2959.2930718742846,1476.3351227365602,151152716.32323048,151072053.453449,80662.86978146434,suboptimal,545d8ca624cc
5,0.0,NDY,rolling,reset,model,6,6582.733351102651,2244.4698103291184,158268728.9972914,158071535.97986078,197193.0174306035,suboptimal,545d8ca624cc
5,0.0,NDY,rolling,reset,model,7,8656.422616938453,7191.615230289409,165032533.64909405,164493154.0426396,539379.606454432,suboptimal,545d8ca624cc
5,0.0,NDY,rolling,reset,model,8,8656.422616938458,6943.654283205573,165185566.18123326,164510026.2421997,675539.9390335679,suboptimal,545d8ca624cc
5,0.0,NDY,rolling,reset,model,9,8656.422616938456,6755.953677433033,165635186.23919928,164940324.42003706,694861.8191622198,suboptimal,545d8ca624cc
5,0.0,NDY,rolling,reset,model,10,8656.422616938456,6798.562075601414,166221652.26035774,165602838.6813065,618813.5790512264,suboptimal,545d8ca624cc
5,0.0,NDY,rolling,reset,model,11,8656.422616938453,8298.204059257027,166796101.60183728,166299500.359385,496601.24245226383,suboptimal,545d8ca624cc
5,0.0,NDY,rolling,reset,model,12,8656.42261693846,8016.8068263996365,165174909.87465867,163816616.063426,1358293.811232686,suboptimal,545d8ca624cc
5,0.0,NDY,rolling,reset,model,13,8656.422616938453,7623.100579585334,164177240.07556796,162240562.34709513,1936677.7284728289,suboptimal,545d8ca624cc
5,0.0,NDY,rolling,reset,model,14,8656.422616938453,6327.402828553573,163993399.4346956,161444354.1142295,2549045.320466101,suboptimal,545d8ca624cc
5,0.0,NDY,rolling,reset,model,15,8656.422616938451,4816.060651153572,165434067.41813987,163360764.06289887,2073303.3552410007,suboptimal,545d8ca624cc
5,0.0,-10%,rolling,reset,model,1,3442.0390484143877,3442.0390484143877,129882990.64497183,129882990.64497183,0.0,optimal,545d8ca624cc
5,0.0,-10%,rolling,reset,model,2,3097.8351435729455,2441.1553472245587,136425127.3365692,136328945.08969057,96182.24687862396,suboptimal,545d8ca624cc
5,0.0,-10%,rolling,reset,model,3,2788.0516292156512,2197.0398115896414,142667001.49746582,142544267.2690072,122734.22845861316,suboptimal,545d8ca624cc
5,0.0,-10%,rolling,reset,model,4,2509.24646629409,1977.335829837496,148438426.078657,148351683.06380698,86743.01485002041,suboptimal,545d8ca624cc
5,0.0,-10%,rolling,reset,model,5,2258.3218196646776,1779.602247832397,154935515.8360364,154828786.0705111,106729.76552531123,suboptimal,545d8ca624cc
5,0.0,-10%,rolling,reset,model,6,2032.4896376982101,0.0,161972361.38987222,161853669.7606657,118691.6292065084,suboptimal,545d8ca624cc
5,0.0,-10%,rolling,reset,model,7,1829.240673928385,3262.144795834606,170957906.3917352,170953400.9615326,4505.43020260334,suboptimal,545d8ca624cc
5,0.0,-10%,rolling,reset,model,8,11245.183347500624,0.0,175470905.64361152,174854207.02145696,616698.6221545637,suboptimal,545d8ca624cc
5,0.0,-10%,rolling,reset,model,9,10120.665012750527,7720.785909736021,184267020.44871858,184257328.90576002,9691.542958557606,suboptimal,545d8ca624cc
5,0.0,-10%,rolling,reset,model,10,9108.598511475486,13499.706817862543,183675674.66411015,183255799.56182948,419875.10228067636,suboptimal,545d8ca624cc
5,0.0,-10%,rolling,reset,model,11,13193.754941226121,12150.152671751805,175796471.3738297,175209446.40263048,587024.9711992145,suboptimal,545d8ca624cc
5,0.0,-10%,rolling,reset,model,12,11874.37944710352,9752.190707642616,169731893.23760056,169155970.92300907,575922.3145914972,suboptimal,545d8ca624cc
5,0.0,-10%,rolling,reset,model,13,10686.941502393149,8792.99336824367,166816868.32342926,166231423.2118244,585445.1116048694,suboptimal,545d8ca624cc
5,0.0,-10%,rolling,reset,model,14,9618.24735215384,7913.694029945406,166002203.842767,165241407.81666484,760796.0261021554,suboptimal,545d8ca624cc
5,0.0,-10%,rolling,reset,model,15,8656.422616938442,6854.478706513347,166138148.1150268,165309251.93651584,828896.1785109639,suboptimal,545d8ca624cc
5,0.0,-20%,rolling,reset,model,1,4009.8822112117546,4009.8822112117546,132304935.1938088,132304935.19380881,-1.4901161193847656e-08,optimal,545d8ca624cc
5,0.0,-20%,rolling,reset,model,2,3207.9057689694027,3207.905768294104,137695498.89201403,137695498.89201403,0.0,optimal,545d8ca624cc
5,0.0,-20%,rolling,reset,model,3,2566.324615175512,2566.324613527781,142677972.92618078,142677972.92618078,0.0,optimal,545d8ca624cc
5,0.0,-20%,rolling,reset,model,4,2053.0596921404067,1167.954276370952,148585475.2500884,148553398.18296534,32077.067123055458,suboptimal,545d8ca624cc
5,0.0,-20%,rolling,reset,model,5,1642.4477537123284,885.1054151199052,156829844.27738404,156799156.55569053,30687.721693515778,suboptimal,545d8ca624cc
5,0.0,-20%,rolling,reset,model,6,1313.958202969864,4.551009039973485e-13,164974927.55330795,164959915.44929135,15012.10401660204,suboptimal,545d8ca624cc
5,0.0,-20%,rolling,reset,model,7,1051.1665623758852,3861.04801565502,173682348.984911,173662178.1805405,20170.804370492697,suboptimal,545d8ca624cc
5,0.0,-20%,rolling,reset,model,8,12193.320590686028,0.0,177691052.34300807,177074287.17196512,616765.171042949,suboptimal,545d8ca624cc
5,0.0,-20%,rolling,reset,model,9,9754.656472548822,0.0,186533714.84542286,186490050.234182,43664.6112408638,suboptimal,545d8ca624cc
5,0.0,-20%,rolling,reset,model,10,7803.7251780390825,15860.495979332827,195450774.67453808,194412364.99202186,1038409.6825162172,suboptimal,545d8ca624cc
5,0.0,-20%,rolling,reset,model,11,8923.111723208827,16232.638891817849,185011712.5449147,184134419.4582216,877293.0866930783,suboptimal,545d8ca624cc
5,0.0,-20%,rolling,reset,model,12,16907.07542370791,14277.172800709453,173975206.77751967,172773402.39578134,1201804.381738335,suboptimal,545d8ca624cc
5,0.0,-20%,rolling,reset,model,13,13525.66033896631,11542.74762817746,165778204.61283517,164830663.44387767,947541.1689575016,suboptimal,545d8ca624cc
5,0.0,-20%,rolling,reset,model,14,10820.528271173063,8864.56879107156,161807157.8985937,160544341.11996594,1262816.7786277533,suboptimal,545d8ca624cc
5,0.0,-20%,rolling,reset,model,15,8656.422616938446,5143.468056650846,159699632.71045616,158822883.61161107,876749.0988450944,suboptimal,545d8ca624cc
5,0.0,+/-10%,rolling,reset,model,1,3340.334502939404,3340.334502939404,126392406.53881757,126392406.53881757,0.0,optimal,545d8ca624cc
5,0.0,+/-10%,rolling,reset,model,2,3674.3679532333445,3535.335065271351,132695026.39376089,132673550.88515753,21475.50860336423,suboptimal,545d8ca624cc
5,0.0,+/-10%,rolling,reset,model,3,4041.804748556683,3717.9041685979078,138431083.57002014,138335957.8669677,95125.70305243134,suboptimal,545d8ca624cc
5,0.0,+/-10%,rolling,reset,model,4,4445.985223412354,3874.737087955202,143302087.02048093,143083297.75069058,218789.2697903514,suboptimal,545d8ca624cc
5,0.0,+/-10%,rolling,reset,model,5,4890.583745753586,4029.503371337003,148040361.28947878,147842018.71758756,198342.57189121842,suboptimal,545d8ca624cc
5,0.0,+/-10%,rolling,reset,model,6,5379.642120328939,4195.353030693097,152854944.5458121,152496780.5727001,358163.9731119871,suboptimal,545d8ca624cc
5,0.0,+/-10%,rolling,reset,model,7,5917.60633236184,4385.009717802024,157381871.90920824,156943819.8780982,438052.0311100483,suboptimal,545d8ca624cc
5,0.0,+/-10%,rolling,reset,model,8,6509.366965598026,4619.882545052983,160758343.05104256,160500699.17554083,257643.8755017221,suboptimal,545d8ca624cc
5,0.0,+/-10%,rolling,reset,model,9,7160.3036621578285,5180.140201175158,164137763.1321995,164001952.14395097,135810.98824852705,suboptimal,545d8ca624cc
5,0.0,+/-10%,rolling,reset,model,10,7876.334028373611,4909.739837877834,166723534.04311326,166501535.35779372,221998.68531954288,suboptimal,545d8ca624cc
5,0.0,+/-10%,rolling,reset,model,11,8663.967431210976,6748.26919061304,169516647.93306538,169413381.42838424,103266.50468114018,suboptimal,545d8ca624cc
5,0.0,+/-10%,rolling,reset,model,12,9530.364174332059,7913.219595749309,170638761.87626266,170293693.67474037,345068.2015222907,suboptimal,545d8ca624cc
5,0.0,+/-10%,rolling,reset,model,13,10483.400591765268,8166.739854130754,169994987.1824916,168720346.19449472,1274640.9879968762,suboptimal,545d8ca624cc
5,0.0,+/-10%,rolling,reset,model,14,9618.247352153849,6171.247370431355,169414146.69413036,168613186.90362993,800959.7905004323,suboptimal,545d8ca624cc
5,0.0,+/-10%,rolling,reset,model,15,8656.422616938451,7176.886328416667,169375516.87581417,169327502.03812212,48014.837692052126,suboptimal,545d8ca624cc
5,0.0,+/-20%,rolling,reset,model,1,3594.1525135086094,3594.1525135086094,130405867.46818827,130405867.46818854,-2.682209014892578e-07,optimal,545d8ca624cc
5,0.0,+/-20%,rolling,reset,model,2,2875.322010807031,3115.6249746436088,136596743.9610378,136570745.51488283,25998.44615498185,suboptimal,545d8ca624cc
5,0.0,+/-20%,rolling,reset,model,3,2439.862619627867,2719.043176508147,141935451.00292358,141920799.76316017,14651.2397634089,suboptimal,545d8ca624cc
5,0.0,+/-20%,rolling,reset,model,4,2927.835143553568,2456.862292535964,147500861.48866948,147402067.67793924,98793.81073024869,suboptimal,545d8ca624cc
5,0.0,+/-20%,rolling,reset,model,5,3513.4021722641432,2861.4857171006274,153879233.01223677,153791932.40640432,87300.60583245754,suboptimal,545d8ca624cc
5,0.0,+/-20%,rolling,reset,model,6,4216.082606716979,3243.1241499463467,159888221.25918978,159798630.90096924,89590.35822054744,suboptimal,545d8ca624cc
5,0.0,+/-20%,rolling,reset,model,7,5059.29912806043,3624.532489643683,165126363.15382716,165037683.70195574,88679.45187142491,suboptimal,545d8ca624cc
5,0.0,+/-20%,rolling,reset,model,8,6071.158953672451,4349.3292629900925,169263783.80179855,169191904.009105,71879.79269355536,suboptimal,545d8ca624cc
5,0.0,+/-20%,rolling,reset,model,9,7285.390744406946,6261.69664843411,172755868.50493115,172739796.93666145,16071.568269699812,suboptimal,545d8ca624cc
5,0.0,+/-20%,rolling,reset,model,10,8742.468893288273,8187.564854407964,173952431.4254381,173948995.3327808,3436.0926572978497,suboptimal,545d8ca624cc
5,0.0,+/-20%,rolling,reset,model,11,10490.962671945983,11313.741682159533,172850316.60443377,172844790.03988484,5526.5645489394665,suboptimal,545d8ca624cc
5,0.0,+/-20%,rolling,reset,model,12,12589.155206335196,10157.623321639629,168369434.08842576,167755204.86026117,614229.2281645834,suboptimal,545d8ca624cc
5,0.0,+/-20%,rolling,reset,model,13,13525.660338966265,8833.384610720255,165474404.4336081,161899715.40425855,3574689.0293495655,suboptimal,545d8ca624cc
5,0.0,+/-20%,rolling,reset,model,14,10820.528271173138,4694.490322399044,164403154.77634838,162432897.8715341,1970256.9048142731,suboptimal,545d8ca624cc
5,0.0,+/-20%,rolling,reset,model,15,8656.422616938657,5552.997319560201,166584789.6992562,166313582.11203426,271207.5872219503,suboptimal,545d8ca624cc
5,0.02,NHF,rolling,reset,model,1,11837.172287497075,11837.172287497075,30384086.36502156,30384086.36502156,0.0,optimal,545d8ca624cc
5,0.02,NHF,rolling,reset,model,2,0.0,0.0,25633751.922416545,25633751.922416545,0.0,optimal,545d8ca624cc
5,0.02,NHF,rolling,reset,model,3,7409.006365859066,0.0,31417489.205169775,31296627.128187753,120862.07698202133,suboptimal,545d8ca624cc
5,0.02,NHF,rolling,reset,model,4,0.0,0.0,38763151.99912367,38763151.99912367,0.0,optimal,545d8ca624cc
5,0.02,NHF,rolling,reset,model,5,5090.603453320655,15725.608001965702,47345147.581960775,46325209.27554124,1019938.3064195365,suboptimal,545d8ca624cc
5,0.02,NHF,rolling,reset,model,6,12258.253513565458,12258.253513565458,38451218.89911879,38451218.89911879,0.0,optimal,545d8ca624cc
5,0.02,NHF,rolling,reset,model,7,7947.464126502686,7947.464126502686,31580898.762927696,31580898.762927696,0.0,optimal,545d8ca624cc
5,0.02,NHF,rolling,reset,model,8,7436.6268,7436.6268,29283215.057246465,29283215.057246465,0.0,optimal,545d8ca624cc
5,0.02,NHF,rolling,reset,model,9,7409.006365859066,0.0,25713298.796875097,,,infeasible,545d8ca624cc
5,0.02,NHF,rolling,reset,model,10,0.0,0.0,31809775.720824845,31809775.720824845,0.0,optimal,545d8ca624cc
5,0.02,NHF,rolling,reset,model,11,4445.403817440918,11854.410183299982,38869020.69859059,38332517.74803563,536502.9505549595,suboptimal,545d8ca624cc
5,0.02,NHF,rolling,reset,model,12,7409.006365859066,7409.006365859066,32860686.550988466,32860686.550988466,0.0,optimal,545d8ca624cc
5,0.02,NHF,rolling,reset,model,13,1481.801274209074,1481.801274209074,30981723.04672967,30981723.04672967,0.0,optimal,545d8ca624cc
5,0.02,NHF,rolling,reset,model,14,4849.247147706391,4849.247147706391,35951493.415291496,35951493.415291496,0.0,optimal,545d8ca624cc
5,0.02,NHF,rolling,reset,model,15,21311.296018152676,13902.28965229361,38923778.51274418,,,infeasible,545d8ca624cc
5,0.02,NDY,rolling,reset,model,1,5044.756115838559,5044.756115838559,28189897.827649888,28189897.827649888,0.0,optimal,545d8ca624cc
5,0.02,NDY,rolling,reset,model,2,5044.756115838556,5044.756116362281,29703341.733976256,29703341.733976252,3.725290298461914e-09,optimal,545d8ca624cc
5,0.02,NDY,rolling,reset,model,3,5044.756115838552,2844.975832445127,31137787.57009992,31102626.246168595,35161.32393132523,suboptimal,545d8ca624cc
5,0.02,NDY,rolling,reset,model,4,5044.756115838561,6465.13334632598,35341042.21243248,34959584.396493696,381457.8159387857,suboptimal,545d8ca624cc
5,0.02,NDY,rolling,reset,model,5,5044.756115838556,6529.501535606947,36216163.84060795,35667204.56274712,548959.2778608277,suboptimal,545d8ca624cc
5,0.02,NDY,rolling,reset,model,6,6619.142205360036,6510.750065957973,36275775.241292246,36253161.045956954,22614.195335291326,suboptimal,545d8ca624cc
5,0.02,NDY,rolling,reset,model,7,6619.142205360035,6449.141883650631,36034568.68598615,35962195.89261059,72372.79337555915,suboptimal,545d8ca624cc
5,0.02,NDY,rolling,reset,model,8,6619.142205360043,6441.813131629699,36492398.208716065,36392179.44221282,100218.76650324464,suboptimal,545d8ca624cc
5,0.02,NDY,rolling,reset,model,9,6619.142205360026,6449.013306146429,36761193.001445554,36628097.09836562,133095.90307993442,suboptimal,545d8ca624cc
5,0.02,NDY,rolling,reset,model,10,6619.142205360042,6450.425822990434,36626227.97564962,36480407.396789886,145820.57885973155,suboptimal,545d8ca624cc
5,0.02,NDY,rolling,reset,model,11,6619.142205360041,6423.868925723821,36778446.799207866,36618370.563141674,160076.2360661924,suboptimal,545d8ca624cc
5,0.02,NDY,rolling,reset,model,12,6619.1422053600445,6448.5877448942265,37033120.227571316,36873346.57163108,159773.65594023466,suboptimal,545d8ca624cc
5,0.02,NDY,rolling,reset,model,13,6619.142205360038,6459.538035851332,36286650.83805682,36143139.089524485,143511.74853233248,suboptimal,545d8ca624cc
5,0.02,NDY,rolling,reset,model,14,7198.509566293411,6425.66242715879,35462473.96274744,33594084.67796178,1868389.2847856581,suboptimal,545d8ca624cc
5,0.02,NDY,rolling,reset,model,15,8656.422616938453,6378.375385823859,35339003.696589135,,,infeasible,545d8ca624cc
5,0.02,-10%,rolling,reset,model,1,6045.969356145992,6045.969356145992,28710630.73905437,28710630.739054374,-3.725290298461914e-09,optimal,545d8ca624cc
5,0.02,-10%,rolling,reset,model,2,5441.372420531394,5441.372420843378,29565733.606241055,29565733.606241055,0.0,optimal,545d8ca624cc
5,0.02,-10%,rolling,reset,model,3,4897.235178478254,792.8645525435024,30915550.146360915,30808457.566223755,107092.58013715968,suboptimal,545d8ca624cc
5,0.02,-10%,rolling,reset,model,4,4407.511660630428,6576.8751164512705,37088490.53198893,36919808.979907066,168681.55208186805,suboptimal,545d8ca624cc
5,0.02,-10%,rolling,reset,model,5,3966.7604945673866,7336.948334055278,38166478.260662764,37376065.851113655,790412.4095491096,suboptimal,545d8ca624cc
5,0.02,-10%,rolling,reset,model,6,8807.559828147643,8625.953843596339,37629860.67848372,37504071.59298125,125789.08550246805,suboptimal,545d8ca624cc
5,0.02,-10%,rolling,reset,model,7,7926.803845332877,7763.358458718516,35048350.02097129,34927117.933709376,121232.0872619152,suboptimal,545d8ca624cc
5,0.02,-10%,rolling,reset,model,8,7134.12346079959,6987.022538063759,33606357.30304382,33497212.490893394,109144.81215042621,suboptimal,545d8ca624cc
5,0.02,-10%,rolling,reset,model,9,6420.711114719631,6288.3203826081935,32345721.91951986,32255028.037980568,90693.88153929263,suboptimal,545d8ca624cc
5,0.02,-10%,rolling,reset,model,10,5778.6400032476695,5659.4881438021375,30786872.668836065,30718035.69067215,68836.97816391289,suboptimal,545d8ca624cc
5,0.02,-10%,rolling,reset,model,11,5200.776002922899,5093.539329387983,30861418.187791504,30803687.805064574,57730.38272693008,suboptimal,545d8ca624cc
5,0.02,-10%,rolling,reset,model,12,4680.698402630609,4584.185395749104,31527127.23027433,31484542.94577867,42584.28449565917,suboptimal,545d8ca624cc
5,0.02,-10%,rolling,reset,model,13,4212.6285623675485,4125.766854363325,33004362.842972778,32980779.746450316,23583.096522461623,suboptimal,545d8ca624cc
5,0.02,-10%,rolling,reset,model,14,6331.048421915465,6301.20235399677,35465402.326297194,35465402.326297194,0.0,optimal,545d8ca624cc
5,0.02,-10%,rolling,reset,model,15,8656.422616938451,5671.082042545331,35608628.50654428,33919555.02984671,1689073.4766975641,suboptimal,545d8ca624cc
5,0.02,-20%,rolling,reset,model,1,6576.2068263872625,6576.2068263872625,28942515.26372872,28942515.263728723,-3.725290298461914e-09,optimal,545d8ca624cc
5,0.02,-20%,rolling,reset,model,2,5260.965461109812,5260.9654614238425,29410911.91235197,29410911.91235197,0.0,optimal,545d8ca624cc
5,0.02,-20%,rolling,reset,model,3,4208.772368887848,2781.2619105472027,30869856.445442934,30832554.266923774,37302.178519159555,suboptimal,545d8ca624cc
5,0.02,-20%,rolling,reset,model,4,3367.0178951102794,5215.5516230463,35105824.30733602,35011112.3513316,94711.95600441843,suboptimal,545d8ca624cc
5,0.02,-20%,rolling,reset,model,5,5715.279655853714,5585.326870037937,37206892.99547791,37168515.14897221,38377.84650569409,suboptimal,545d8ca624cc
5,0.02,-20%,rolling,reset,model,6,10455.705143692481,10455.705143614974,38606253.59914114,38606253.59914114,0.0,optimal,545d8ca624cc
5,0.02,-20%,rolling,reset,model,7,8364.564114953986,8364.56411618544,34152530.67442747,34152530.67442747,0.0,optimal,545d8ca624cc
5,0.02,-20%,rolling,reset,model,8,6691.651291963188,6691.651290494798,31617179.34704921,31617179.34704921,0.0,optimal,545d8ca624cc
5,0.02,-20%,rolling,reset,model,9,5353.321033570552,5353.861644136375,29740983.239693183,29740983.239693183,0.0,optimal,545d8ca624cc
5,0.02,-20%,rolling,reset,model,10,4507.241787671715,4283.089317571599,29747915.147081558,29662350.022758357,85565.12432320043,suboptimal,545d8ca624cc
5,0.02,-20%,rolling,reset,model,11,4880.59215610108,4790.058953885112,31261822.286791615,31239824.987225853,21997.29956576228,suboptimal,545d8ca624cc
5,0.02,-20%,rolling,reset,model,12,4276.920628632009,4276.9206284305355,32391449.500922002,32391449.500922002,0.0,optimal,545d8ca624cc
5,0.02,-20%,rolling,reset,model,13,3421.536502905608,3421.5365026433055,34420843.53958306,34420843.53958306,0.0,optimal,545d8ca624cc
5,0.02,-20%,rolling,reset,model,14,6331.048421915465,6331.048421915465,38036834.776656106,38036834.776656106,0.0,optimal,545d8ca624cc
5,0.02,-20%,rolling,reset,model,15,8656.422616938453,10112.120513533773,38816133.97207585,38603422.205046125,212711.76702972502,suboptimal,545d8ca624cc
5,0.02,+/-10%,rolling,reset,model,1,5526.149348548879,5526.149348548879,28244062.81648775,28244062.816487826,-7.82310962677002e-08,optimal,545d8ca624cc
5,0.02,+/-10%,rolling,reset,model,2,4973.534413694019,4370.699402958017,29341705.71956614,29306327.720466685,35377.999099455774,suboptimal,545d8ca624cc
5,0.02,+/-10%,rolling,reset,model,3,4476.180972324596,4695.689212383301,31423251.147983365,31117435.04597157,305816.1020117961,suboptimal,545d8ca624cc
5,0.02,+/-10%,rolling,reset,model,4,4923.799069557029,5165.258133570125,33835173.685182,33560483.62789891,274690.05728308856,suboptimal,545d8ca624cc
5,0.02,+/-10%,rolling,reset,model,5,5416.178976512805,5981.86653896926,35925106.02539612,35661298.20180823,263807.82358789444,suboptimal,545d8ca624cc
5,0.02,+/-10%,rolling,reset,model,6,5957.796874164029,8605.576622244615,37599837.102895774,36690398.448509656,909438.654386118,suboptimal,545d8ca624cc
5,0.02,+/-10%,rolling,reset,model,7,6553.576561580362,7779.08290432988,35280866.88162394,35109329.505351335,171537.37627260387,suboptimal,545d8ca624cc
5,0.02,+/-10%,rolling,reset,model,8,7208.934217738398,7001.311679949529,33823500.60573223,33680877.61731258,142622.98841965199,suboptimal,545d8ca624cc
5,0.02,+/-10%,rolling,reset,model,9,7178.735051572107,6192.465795271834,32009609.41211949,30954579.847920444,1055029.5641990453,suboptimal,545d8ca624cc
5,0.02,+/-10%,rolling,reset,model,10,6460.861546414934,5396.952179979515,31327961.43746482,30486918.87277671,841042.5646881089,suboptimal,545d8ca624cc
5,0.02,+/-10%,rolling,reset,model,11,5912.45312269551,4586.746450950647,31661662.60831864,31000336.271724854,661326.3365937881,suboptimal,545d8ca624cc
5,0.02,+/-10%,rolling,reset,model,12,6503.698434965026,4678.399541429295,33252379.930475894,32156871.44608694,1095508.484388955,suboptimal,545d8ca624cc
5,0.02,+/-10%,rolling,reset,model,13,7154.068278461609,5146.239496671235,34664824.763431214,33532608.133417867,1132216.6300133467,suboptimal,545d8ca624cc
5,0.02,+/-10%,rolling,reset,model,14,7869.475106307691,5660.86344353795,35920182.545165464,35144986.89566117,775195.6495042965,suboptimal,545d8ca624cc
5,0.02,+/-10%,rolling,reset,model,15,8656.422616938436,8128.085386906544,37281370.11393583,36816865.096926875,464505.0170089528,suboptimal,545d8ca624cc
5,0.02,+/-20%,rolling,reset,model,1,6162.801651607294,6162.801651607294,28624909.040288765,28624909.04028878,-1.4901161193847656e-08,optimal,545d8ca624cc
5,0.02,+/-20%,rolling,reset,model,2,4930.241321285843,3715.50497447448,29234156.405744527,29232622.837500386,1533.5682441405952,suboptimal,545d8ca624cc
5,0.02,+/-20%,rolling,reset,model,3,3944.1930570286845,4321.113576666858,32340334.22699876,31900013.196465574,440321.0305331871,suboptimal,545d8ca624cc
5,0.02,+/-20%,rolling,reset,model,4,4679.778178192004,5185.336293083125,34942750.58344956,34508742.817080855,434007.76636870205,suboptimal,545d8ca624cc
5,0.02,+/-20%,rolling,reset,model,5,5615.733813830404,6222.40354803822,37132043.01439887,36816272.55033171,315770.4640671611,suboptimal,545d8ca624cc
5,0.02,+/-20%,rolling,reset,model,6,6738.880576596486,9991.545562375943,38061513.32380035,37546865.809739105,514647.51406124234,suboptimal,545d8ca624cc
5,0.02,+/-20%,rolling,reset,model,7,8086.656691915786,7993.236451249404,34012914.36471091,34001379.28196472,11535.082746192813,suboptimal,545d8ca624cc
5,0.02,+/-20%,rolling,reset,model,8,8465.266172728447,6394.323642243126,31923492.722672343,30245836.13450901,1677656.5881633349,suboptimal,545d8ca624cc
5,0.02,+/-20%,rolling,reset,model,9,6772.212938182759,5115.458916111464,30569267.728345476,29731580.48838177,837687.2399637066,suboptimal,545d8ca624cc
5,0.02,+/-20%,rolling,reset,model,10,5417.7703505462105,5517.706215356588,30929831.68921179,30929595.10187335,236.58733844012022,suboptimal,545d8ca624cc
5,0.02,+/-20%,rolling,reset,model,11,4334.216280436978,4314.682720575837,30915837.961841736,30915837.961841736,0.0,optimal,545d8ca624cc
5,0.02,+/-20%,rolling,reset,model,12,5009.50382924679,4232.754873342699,32658121.451635,32352568.618397053,305552.83323794603,suboptimal,545d8ca624cc
5,0.02,+/-20%,rolling,reset,model,13,6011.404595096146,5079.305846187747,34877219.90839839,34417537.216774054,459682.69162433594,suboptimal,545d8ca624cc
5,0.02,+/-20%,rolling,reset,model,14,7213.685514115377,6095.167017980828,36505251.737710334,36069102.14565409,436149.5920562446,suboptimal,545d8ca624cc
5,0.02,+/-20%,rolling,reset,model,15,8656.422616938453,9492.623973604866,37304330.13253372,37225147.96913148,79182.16340224445,suboptimal,545d8ca624cc
5,0.04,NHF,rolling,reset,model,1,11837.172287497075,11837.172287497075,14212424.244882816,14212424.244882816,0.0,optimal,545d8ca624cc
5,0.04,NHF,rolling,reset,model,2,0.0,0.0,9453432.62913904,9453432.62913904,0.0,optimal,545d8ca624cc
5,0.04,NHF,rolling,reset,model,3,7409.006365859066,7409.006365859066,13998446.572375946,13998446.572375946,0.0,optimal,545d8ca624cc
5,0.04,NHF,rolling,reset,model,4,2963.602543231844,2963.602543231844,13308817.535725983,13308817.535725983,0.0,optimal,545d8ca624cc
5,0.04,NHF,rolling,reset,model,5,1481.801274209074,1481.801274209074,16419068.45378256,16419068.45378256,0.0,optimal,545d8ca624cc
5,0.04,NHF,rolling,reset,model,6,12258.253513565458,12258.253513565458,22489178.14189977,22489178.14189977,0.0,optimal,545d8ca624cc
5,0.04,NHF,rolling,reset,model,7,7947.464126502686,7947.464126502686,18023839.65110634,18023839.65110634,0.0,optimal,545d8ca624cc
5,0.04,NHF,rolling,reset,model,8,7436.6268,7436.6268,16635600.505283337,16635600.505283337,0.0,optimal,545d8ca624cc
5,0.04,NHF,rolling,reset,model,9,7409.006365859066,7409.006365859066,13499894.6764184,13499894.6764184,0.0,optimal,545d8ca624cc
5,0.04,NHF,rolling,reset,model,10,2963.602543231844,2963.602543231844,10933156.196789602,10933156.196789602,0.0,optimal,545d8ca624cc
5,0.04,NHF,rolling,reset,model,11,1481.801274209074,1481.801274209074,12558690.732012471,12558690.732012471,0.0,optimal,545d8ca624cc
5,0.04,NHF,rolling,reset,model,12,7409.006365859066,7409.006365859066,16774876.081623495,16774876.081623495,0.0,optimal,545d8ca624cc
5,0.04,NHF,rolling,reset,model,13,1481.801274209074,1481.801274209074,15780928.705058292,15780928.705058292,0.0,optimal,545d8ca624cc
5,0.04,NHF,rolling,reset,model,14,4849.247147706391,4849.247147706391,21554689.326318312,21554689.326318312,0.0,optimal,545d8ca624cc
5,0.04,NHF,rolling,reset,model,15,21311.296018152676,21311.29601815268,25726684.17669829,25726684.17669829,0.0,optimal,545d8ca624cc
5,0.04,NDY,rolling,reset,model,1,5188.834510598867,5188.834510598867,12108772.746447785,12108772.746447785,0.0,optimal,545d8ca624cc
5,0.04,NDY,rolling,reset,model,2,5188.834510598869,5003.539151675316,12785217.399089817,12738310.002787635,46907.39630218223,suboptimal,545d8ca624cc
5,0.04,NDY,rolling,reset,model,3,5188.834510598868,5003.539152209884,13410021.721453516,13332708.45012675,77313.27132676542,suboptimal,545d8ca624cc
5,0.04,NDY,rolling,reset,model,4,5188.834510598864,5003.539150509851,14847722.829721693,14765348.253949348,82374.57577234507,suboptimal,545d8ca624cc
5,0.04,NDY,rolling,reset,model,5,5188.834510598864,5003.539151028912,16442160.254967848,16379740.537739592,62419.717228256166,suboptimal,545d8ca624cc
5,0.04,NDY,rolling,reset,model,6,7058.544747796219,6975.059072712727,18007977.9392572,17996504.5767499,11473.362507302314,suboptimal,545d8ca624cc
5,0.04,NDY,rolling,reset,model,7,7058.544747796218,6853.901182883018,17803741.733867556,17638704.195568528,165037.53829902783,suboptimal,545d8ca624cc
5,0.04,NDY,rolling,reset,model,8,7058.54474779622,6792.497458454632,17868711.208241038,17496363.309155773,372347.89908526465,suboptimal,545d8ca624cc
5,0.04,NDY,rolling,reset,model,9,7058.54474779622,6575.456634830599,17015269.619815864,16099196.436654372,916073.1831614915,suboptimal,545d8ca624cc
5,0.04,NDY,rolling,reset,model,10,7058.544747796221,6450.974477250396,16553114.310633544,14863399.843908416,1689714.4667251278,suboptimal,545d8ca624cc
5,0.04,NDY,rolling,reset,model,11,7058.544747796217,6085.887214390738,15884330.71806013,13744159.087955724,2140171.630104406,suboptimal,545d8ca624cc
5,0.04,NDY,rolling,reset,model,12,7058.544747796218,6085.887214137976,16079398.57633179,14408861.99984644,1670536.5764853507,suboptimal,545d8ca624cc
5,0.04,NDY,rolling,reset,model,13,7058.544747796218,6085.887212538051,16350158.914869508,14786915.496701999,1563243.4181675091,suboptimal,545d8ca624cc
5,0.04,NDY,rolling,reset,model,14,7058.5447477962225,6085.8872143511835,16731022.251110096,15191751.736296998,1539270.5148130972,suboptimal,545d8ca624cc
5,0.04,NDY,rolling,reset,model,15,8656.422616938453,6528.304582362365,17116815.77271856,,,infeasible,545d8ca624cc
5,0.04,-10%,rolling,reset,model,1,6230.090677630041,6230.090677630041,12785883.952049337,12785883.952049337,0.0,optimal,545d8ca624cc
5,0.04,-10%,rolling,reset,model,2,5607.081609867035,5381.139408466549,12725034.140821373,12696932.379139233,28101.76168213971,suboptimal,545d8ca624cc
5,0.04,-10%,rolling,reset,model,3,5046.373448880331,4843.025466722212,13197381.472920576,13131902.62698787,65478.84593270533,suboptimal,545d8ca624cc
5,0.04,-10%,rolling,reset,model,4,4541.736103992301,4358.722920356824,14689433.60987786,14618928.884882763,70504.72499509715,suboptimal,545d8ca624cc
5,0.04,-10%,rolling,reset,model,5,4087.562493593069,3922.8506284026817,16912614.765994165,16858940.427440606,53674.338553559035,suboptimal,545d8ca624cc
5,0.04,-10%,rolling,reset,model,6,9464.478371351392,9407.284821984427,20219763.540436305,20219763.54043631,-3.725290298461914e-09,optimal,545d8ca624cc
5,0.04,-10%,rolling,reset,model,7,8518.030534216252,8158.089503594744,18158297.50691359,18140819.297838625,17478.20907496661,suboptimal,545d8ca624cc
5,0.04,-10%,rolling,reset,model,8,7666.227480794627,6958.221806659414,16688255.275128847,16543989.288742106,144265.98638674058,suboptimal,545d8ca624cc
5,0.04,-10%,rolling,reset,model,9,6899.604732715163,6260.906136177031,15111273.649179364,14849273.024602538,262000.62457682565,suboptimal,545d8ca624cc
5,0.04,-10%,rolling,reset,model,10,6209.644259443648,5375.972975388409,13617652.427565625,13232386.39605141,385266.03151421435,suboptimal,545d8ca624cc
5,0.04,-10%,rolling,reset,model,11,5588.679833499282,4838.375676610207,13593687.506881764,13258960.976563182,334726.53031858243,suboptimal,545d8ca624cc
5,0.04,-10%,rolling,reset,model,12,5029.8118501493545,4354.538108703813,14217845.655942038,13915229.307472978,302616.3484690599,suboptimal,545d8ca624cc
5,0.04,-10%,rolling,reset,model,13,4526.83066513442,3919.0842992901753,15710073.606082214,15457785.658983259,252287.9470989555,suboptimal,545d8ca624cc
5,0.04,-10%,rolling,reset,model,14,6331.048421915465,6143.2519019668,18437209.342002276,18380762.90703472,56446.434967555106,suboptimal,545d8ca624cc
5,0.04,-10%,rolling,reset,model,15,8656.422616938453,8825.122729445284,19517212.198475342,19497563.799448926,19648.399026416242,suboptimal,545d8ca624cc
5,0.04,-20%,rolling,reset,model,1,6576.206826387264,6576.206826387264,13021656.902958633,13021656.902958633,0.0,optimal,545d8ca624cc
5,0.04,-20%,rolling,reset,model,2,5260.96546110981,5260.9654614238425,12694025.801944865,12694025.801944865,0.0,optimal,545d8ca624cc
5,0.04,-20%,rolling,reset,model,3,5191.1142065704125,5191.114206570413,13327604.912904626,13327604.912904626,0.0,optimal,545d8ca624cc
5,0.04,-20%,rolling,reset,model,4,4152.8913652563315,4152.891364672332,14529058.25487606,14529058.25487606,0.0,optimal,545d8ca624cc
5,0.04,-20%,rolling,reset,model,5,3322.313092205065,3322.3130944218756,16909811.403911736,16909811.403911732,3.725290298461914e-09,optimal,545d8ca624cc
5,0.04,-20%,rolling,reset,model,6,10455.705143692481,10455.705143614974,20962544.07929934,20962544.079299334,3.725290298461914e-09,optimal,545d8ca624cc
5,0.04,-20%,rolling,reset,model,7,8364.564114953986,8364.56411618544,17953992.093191527,17953992.093191527,0.0,optimal,545d8ca624cc
5,0.04,-20%,rolling,reset,model,8,6691.651291963189,6691.651290494798,16012357.52726678,16012357.52726678,0.0,optimal,545d8ca624cc
5,0.04,-20%,rolling,reset,model,9,6126.753067144452,6126.75306719571,14192177.668655172,14192177.668655174,-1.862645149230957e-09,optimal,545d8ca624cc
5,0.04,-20%,rolling,reset,model,10,4901.402453715562,4901.402454095902,12832662.145848712,12832662.145848712,0.0,optimal,545d8ca624cc
5,0.04,-20%,rolling,reset,model,11,3921.12196297245,3921.1219634802756,13012448.73892902,13012448.73892902,0.0,optimal,545d8ca624cc
5,0.04,-20%,rolling,reset,model,12,4276.920628632009,4276.9206284305355,14461705.154839618,14461705.154839618,0.0,optimal,545d8ca624cc
5,0.04,-20%,rolling,reset,model,13,3421.5365029056093,3421.5365026433055,16176075.060747733,16176075.060747728,5.587935447692871e-09,optimal,545d8ca624cc
5,0.04,-20%,rolling,reset,model,14,6331.048421915465,6331.048421915465,19757584.36396549,19757584.36396549,0.0,optimal,545d8ca624cc
5,0.04,-20%,rolling,reset,model,15,8656.422616938453,11044.493877660982,21247327.55420154,20588795.49364387,658532.0605576709,suboptimal,545d8ca624cc
5,0.04,+/-10%,rolling,reset,model,1,6230.090677630041,6230.090677630041,12286667.230206322,12286667.230206322,0.0,optimal,545d8ca624cc
5,0.04,+/-10%,rolling,reset,model,2,5607.081609867035,5066.531223096841,11942709.972744815,11938685.238472823,4024.734271991998,suboptimal,545d8ca624cc
5,0.04,+/-10%,rolling,reset,model,3,5046.37344888033,4539.3718352770275,12322139.639765702,12273191.523348846,48948.11641685665,suboptimal,545d8ca624cc
5,0.04,+/-10%,rolling,reset,model,4,5551.010793768362,5711.543441631793,13742491.992396014,13741285.70096189,1206.2914341241121,suboptimal,545d8ca624cc
5,0.04,+/-10%,rolling,reset,model,5,6106.111873145198,7063.345742443706,14126758.788669575,13985077.31104041,141681.47762916423,suboptimal,545d8ca624cc
5,0.04,+/-10%,rolling,reset,model,6,6716.723060459715,9066.34468562381,19983142.520867802,18702588.22827121,1280554.2925965935,suboptimal,545d8ca624cc
5,0.04,+/-10%,rolling,reset,model,7,7388.395366505692,8139.338536742536,18201881.426437072,17991490.836005785,210390.59043128788,suboptimal,545d8ca624cc
5,0.04,+/-10%,rolling,reset,model,8,8127.234903156268,7122.352942493797,16781438.835254632,,,infeasible,545d8ca624cc
5,0.04,+/-10%,rolling,reset,model,9,7656.41387116154,6410.117646716429,14972970.75618946,,,infeasible,545d8ca624cc
5,0.04,+/-10%,rolling,reset,model,10,6890.772484045386,5592.323219323681,13293073.948109202,,,infeasible,545d8ca624cc
5,0.04,+/-10%,rolling,reset,model,11,6201.695235640849,4248.159785869351,12864193.323925713,11690873.080812853,1173320.2431128602,suboptimal,545d8ca624cc
5,0.04,+/-10%,rolling,reset,model,12,5581.525712076765,4672.97576445627,13855855.524370778,13685470.717817983,170384.8065527957,suboptimal,545d8ca624cc
5,0.04,+/-10%,rolling,reset,model,13,5023.906280099434,5140.273340901907,14788603.233677289,14751060.521222983,37542.71245430596,suboptimal,545d8ca624cc
5,0.04,+/-10%,rolling,reset,model,14,5526.296908109371,6962.1154148125715,17188406.30524787,16951630.810729556,236775.49451831356,suboptimal,545d8ca624cc
5,0.04,+/-10%,rolling,reset,model,15,6078.926598920319,9010.46971672458,19538561.402341783,17978562.94193028,1559998.460411504,suboptimal,545d8ca624cc
5,0.04,+/-20%,rolling,reset,model,1,6576.206826387264,6576.206826387264,12601801.627182513,12601801.627182513,0.0,optimal,545d8ca624cc
5,0.04,+/-20%,rolling,reset,model,2,5260.965461109811,4943.2597238542185,12065967.169810317,12062334.367993573,3632.80181674473,suboptimal,545d8ca624cc
5,0.04,+/-20%,rolling,reset,model,3,4208.77236888785,3771.9830335876777,12707773.273124043,12657850.395476999,49922.87764704414,suboptimal,545d8ca624cc
5,0.04,+/-20%,rolling,reset,model,4,4618.576443288635,4592.804518124924,15057704.37234994,15057704.372349933,7.450580596923828e-09,optimal,545d8ca624cc
5,0.04,+/-20%,rolling,reset,model,5,5542.291731946363,6692.057162949817,17357032.144799624,17226815.665208183,130216.47959144041,suboptimal,545d8ca624cc
5,0.04,+/-20%,rolling,reset,model,6,6650.750078335635,10367.58636191019,20634730.697187103,19098424.353444375,1536306.3437427282,suboptimal,545d8ca624cc
5,0.04,+/-20%,rolling,reset,model,7,7980.90009400276,8294.069091266529,17575218.624613687,17531966.742172882,43251.882440805435,suboptimal,545d8ca624cc
5,0.04,+/-20%,rolling,reset,model,8,9577.08011280332,6635.255274441667,15534687.179804685,12673497.382334985,2861189.7974696998,suboptimal,545d8ca624cc
5,0.04,+/-20%,rolling,reset,model,9,7661.664090242657,5665.940594024909,13528525.245341899,12347466.35335199,1181058.891989909,suboptimal,545d8ca624cc
5,0.04,+/-20%,rolling,reset,model,10,6129.331272194124,4532.752472621832,12410373.09557406,11676543.632863734,733829.4627103265,suboptimal,545d8ca624cc
5,0.04,+/-20%,rolling,reset,model,11,4903.465017755298,3565.709731686717,12852648.625458617,12754581.915357264,98066.710101353,suboptimal,545d8ca624cc
5,0.04,+/-20%,rolling,reset,model,12,3922.772014204238,4213.1810690790835,14677640.062901497,14205887.04636514,471753.0165363569,suboptimal,545d8ca624cc
5,0.04,+/-20%,rolling,reset,model,13,4707.326417045088,5055.817279898799,16572926.905540751,16123412.943491599,449513.9620491527,suboptimal,545d8ca624cc
5,0.04,+/-20%,rolling,reset,model,14,5648.7917004541105,6604.805196960029,18379193.46085757,17939737.923414983,439455.5374425873,suboptimal,545d8ca624cc
5,0.04,+/-20%,rolling,reset,model,15,6778.550040544931,10708.133190409666,20591009.87738442,19157330.324628126,1433679.5527562946,suboptimal,545d8ca624cc
5,0.06,NHF,rolling,reset,model,1,11837.172287497075,11837.172287497075,9004491.588374518,9004491.588374518,0.0,optimal,545d8ca624cc
5,0.06,NHF,rolling,reset,model,2,0.0,0.0,4531712.802565048,4531712.802565048,0.0,optimal,545d8ca624cc
5,0.06,NHF,rolling,reset,model,3,7409.006365859066,7409.006365859066,8115897.842675671,8115897.842675671,0.0,optimal,545d8ca624cc
5,0.06,NHF,rolling,reset,model,4,2963.602543231844,2963.602543231844,7098201.249061272,7098201.249061272,0.0,optimal,545d8ca624cc
5,0.06,NHF,rolling,reset,model,5,1481.801274209074,1481.801274209074,9425798.172558129,9425798.172558129,0.0,optimal,545d8ca624cc
5,0.06,NHF,rolling,reset,model,6,12258.253513565458,12258.253513565458,15065114.844908623,15065114.844908623,0.0,optimal,545d8ca624cc
5,0.06,NHF,rolling,reset,model,7,7947.464126502686,7947.464126502686,11689855.745103555,11689855.745103555,0.0,optimal,545d8ca624cc
5,0.06,NHF,rolling,reset,model,8,7436.6268,7436.6268,10835520.924257437,10835520.924257437,0.0,optimal,545d8ca624cc
5,0.06,NHF,rolling,reset,model,9,7409.006365859066,7409.006365859066,8253379.223421207,8253379.223421207,0.0,optimal,545d8ca624cc
5,0.06,NHF,rolling,reset,model,10,2963.602543231844,2963.602543231844,5706726.718876926,5706726.718876926,0.0,optimal,545d8ca624cc
5,0.06,NHF,rolling,reset,model,11,1481.801274209074,1481.801274209074,6590060.613471395,6590060.613471395,0.0,optimal,545d8ca624cc
5,0.06,NHF,rolling,reset,model,12,7409.006365859066,7409.006365859066,9986740.76921809,9986740.76921809,0.0,optimal,545d8ca624cc
5,0.06,NHF,rolling,reset,model,13,1481.801274209074,1481.801274209074,8810913.25044324,8810913.25044324,0.0,optimal,545d8ca624cc
5,0.06,NHF,rolling,reset,model,14,4849.247147706391,4849.247147706391,13964530.416115813,13964530.416115813,0.0,optimal,545d8ca624cc
5,0.06,NHF,rolling,reset,model,15,21311.296018152676,21311.29601815268,18794769.998554993,18794769.998554993,0.0,optimal,545d8ca624cc
5,0.06,NDY,rolling,reset,model,1,5918.586143748538,5918.586143748538,7304517.89389994,7304517.893899941,-9.313225746154785e-10,optimal,545d8ca624cc
5,0.06,NDY,rolling,reset,model,2,5918.586143748536,5586.72321307815,7147399.041946547,7124801.986808512,22597.055138034746,suboptimal,545d8ca624cc
5,0.06,NDY,rolling,reset,model,3,5918.586143748537,4477.440860629091,7018497.4169625975,6767893.87574782,250603.54121477716,suboptimal,545d8ca624cc
5,0.06,NDY,rolling,reset,model,4,5918.586143748537,4477.440861058905,8066220.964102763,7604902.690632767,461318.2734699957,suboptimal,545d8ca624cc
5,0.06,NDY,rolling,reset,model,5,5918.586143748537,4477.440858720958,9438222.754965302,8926445.49390317,511777.2610621322,suboptimal,545d8ca624cc
5,0.06,NDY,rolling,reset,model,6,6956.977315373848,7059.893128002748,11261920.725923216,11250843.800476711,11076.925446504727,suboptimal,545d8ca624cc
5,0.06,NDY,rolling,reset,model,7,6956.977315373848,6933.670821748926,11147238.882017337,11147238.882017331,5.587935447692871e-09,optimal,545d8ca624cc
5,0.06,NDY,rolling,reset,model,8,6956.977315373847,6840.642153351553,11238867.321826475,11230236.136085091,8631.185741383582,suboptimal,545d8ca624cc
5,0.06,NDY,rolling,reset,model,9,6956.977315373848,6784.737242826215,10495509.521683263,10415119.428997673,80390.09268558957,suboptimal,545d8ca624cc
5,0.06,NDY,rolling,reset,model,10,6956.977315373846,6756.574344201579,9655043.658749413,9256961.903135372,398081.7556140404,suboptimal,545d8ca624cc
5,0.06,NDY,rolling,reset,model,11,6956.977315373848,5965.068215386169,8979200.9715513,8369637.816580167,609563.154971132,suboptimal,545d8ca624cc
5,0.06,NDY,rolling,reset,model,12,6956.977315373848,5353.61114532535,8962530.97742997,8256983.904890788,705547.0725391814,suboptimal,545d8ca624cc
5,0.06,NDY,rolling,reset,model,13,6956.977315373846,5353.611146567708,9491530.739217455,8549744.41288882,941786.3263286352,suboptimal,545d8ca624cc
5,0.06,NDY,rolling,reset,model,14,6956.977315373846,5627.155899773103,10398610.39291756,9898213.312380241,500397.0805373192,suboptimal,545d8ca624cc
5,0.06,NDY,rolling,reset,model,15,6956.977315373848,6878.734790363812,11424764.705301072,11422986.6483075,1778.0569935720414,suboptimal,545d8ca624cc
5,0.06,-10%,rolling,reset,model,1,6230.090677630041,6230.090677630041,7597619.75871853,7597619.758718529,9.313225746154785e-10,optimal,545d8ca624cc
5,0.06,-10%,rolling,reset,model,2,5607.081609867035,5607.081608047826,7332766.52839395,7332766.528393949,9.313225746154785e-10,optimal,545d8ca624cc
5,0.06,-10%,rolling,reset,model,3,5046.373448880332,4744.1601171476295,7272404.422014587,7260802.380165701,11602.041848885827,suboptimal,545d8ca624cc
5,0.06,-10%,rolling,reset,model,4,4541.736103992298,4269.744104855678,8262129.856691152,8201491.580393961,60638.27629719116,suboptimal,545d8ca624cc
5,0.06,-10%,rolling,reset,model,5,4087.562493593069,3842.769691244759,10060762.17936293,9985632.08868809,75130.09067483991,suboptimal,545d8ca624cc
5,0.06,-10%,rolling,reset,model,6,9491.370798365784,9640.467906121758,13307988.769225981,13301889.365714924,6099.4035110566765,suboptimal,545d8ca624cc
5,0.06,-10%,rolling,reset,model,7,8542.233718529209,8396.99146252055,11820105.914724225,11804881.433810115,15224.480914110318,suboptimal,545d8ca624cc
5,0.06,-10%,rolling,reset,model,8,7688.010346676287,7557.292316580059,10588192.386336574,10558736.907030027,29455.47930654697,suboptimal,545d8ca624cc
5,0.06,-10%,rolling,reset,model,9,6919.2093120086565,6096.684662911039,8597814.16171619,8338869.49699879,258944.66471739952,suboptimal,545d8ca624cc
5,0.06,-10%,rolling,reset,model,10,6227.288380807791,4770.368449483444,7339432.729729129,6723733.0419537425,615699.6877753865,suboptimal,545d8ca624cc
5,0.06,-10%,rolling,reset,model,11,5604.559542727012,4293.331601937092,7301853.324288445,6670913.719002451,630939.6052859938,suboptimal,545d8ca624cc
5,0.06,-10%,rolling,reset,model,12,5044.10358845431,3991.1514529962155,7817821.24999594,7516582.237738099,301239.0122578414,suboptimal,545d8ca624cc
5,0.06,-10%,rolling,reset,model,13,4539.693229608881,3592.036309510073,9111645.434443763,8762079.0447907,349566.38965306245,suboptimal,545d8ca624cc
5,0.06,-10%,rolling,reset,model,14,6331.048421915465,6331.048421915464,11912397.406142961,11912397.406142961,0.0,optimal,545d8ca624cc
5,0.06,-10%,rolling,reset,model,15,8656.422616938453,9152.763839841959,13304213.017185258,13143644.869417423,160568.14776783437,suboptimal,545d8ca624cc
5,0.06,-20%,rolling,reset,model,1,6576.206826387264,6576.206826387264,7734980.073464913,7734980.073464913,0.0,optimal,545d8ca624cc
5,0.06,-20%,rolling,reset,model,2,5260.96546110981,5260.9654614238425,7230535.662511927,7230535.662511926,9.313225746154785e-10,optimal,545d8ca624cc
5,0.06,-20%,rolling,reset,model,3,5191.1142065704125,5191.114206570413,7460305.5879338235,7460305.587933824,-9.313225746154785e-10,optimal,545d8ca624cc
5,0.06,-20%,rolling,reset,model,4,4152.891365256333,4152.891364672332,8149824.874462009,8149824.874462009,0.0,optimal,545d8ca624cc
5,0.06,-20%,rolling,reset,model,5,3322.313092205065,3322.3130944218756,9990530.7404793,9990530.7404793,0.0,optimal,545d8ca624cc
5,0.06,-20%,rolling,reset,model,6,10602.443975113592,10602.443975113594,13821873.122488452,13821873.122488452,0.0,optimal,545d8ca624cc
5,0.06,-20%,rolling,reset,model,7,8481.955180090876,8259.73002271202,11523088.634558294,11502545.330262082,20543.30429621227,suboptimal,545d8ca624cc
5,0.06,-20%,rolling,reset,model,8,6785.564144072701,6607.784016088146,10152957.954320233,10113533.840310588,39424.114009644836,suboptimal,545d8ca624cc
5,0.06,-20%,rolling,reset,model,9,6504.397655128001,6504.397654451672,8754322.293468399,8754322.293468397,1.862645149230957e-09,optimal,545d8ca624cc
5,0.06,-20%,rolling,reset,model,10,5203.518124102404,4623.871641268546,7112427.575591371,7015830.084743646,96597.49084772542,suboptimal,545d8ca624cc
5,0.06,-20%,rolling,reset,model,11,4162.814499281922,3699.097311078085,7074938.3219181355,6922768.914908785,152169.40700935014,suboptimal,545d8ca624cc
5,0.06,-20%,rolling,reset,model,12,4292.7535450902815,4202.307036589298,8138554.836149163,8130100.308853136,8454.527296026237,suboptimal,545d8ca624cc
5,0.06,-20%,rolling,reset,model,13,3434.202836072227,3361.84563138227,9427552.287578596,9413687.848404035,13864.43917456083,suboptimal,545d8ca624cc
5,0.06,-20%,rolling,reset,model,14,6331.048421915465,6513.54305542851,12765649.309211394,12720293.277878376,45356.031333018094,suboptimal,545d8ca624cc
5,0.06,-20%,rolling,reset,model,15,8656.422616938453,11619.977956854065,14608740.188235667,13701335.514620505,907404.6736151613,suboptimal,545d8ca624cc
5,0.06,+/-10%,rolling,reset,model,1,6230.090677630039,6230.090677630039,7420351.940616653,7420351.940616653,0.0,optimal,545d8ca624cc
5,0.06,+/-10%,rolling,reset,model,2,5607.081609867036,5607.081608047826,7014404.819709126,7014404.819709123,2.7939677238464355e-09,optimal,545d8ca624cc
5,0.06,+/-10%,rolling,reset,model,3,5519.464457548222,5520.478667603091,6687627.706507014,6687627.706507015,-9.313225746154785e-10,optimal,545d8ca624cc
5,0.06,+/-10%,rolling,reset,model,4,5264.512620329647,5263.27761056645,6436186.0139423935,6436186.0139423935,0.0,optimal,545d8ca624cc
5,0.06,+/-10%,rolling,reset,model,5,5790.963882362613,7058.509154933469,5932249.478136979,5709543.622579608,222705.85555737093,suboptimal,545d8ca624cc
5,0.06,+/-10%,rolling,reset,model,6,6370.060270598873,9070.60220213235,12967930.69270787,11198387.873235205,1769542.819472665,suboptimal,545d8ca624cc
5,0.06,+/-10%,rolling,reset,model,7,7007.066297658761,8126.760691856748,11854647.898801329,11409430.705321264,445217.1934800651,suboptimal,545d8ca624cc
5,0.06,+/-10%,rolling,reset,model,8,7707.772927424623,7283.885982493819,11049116.549436895,,,infeasible,545d8ca624cc
5,0.06,+/-10%,rolling,reset,model,9,8478.550220167095,6555.497384522894,9452522.399110943,,,infeasible,545d8ca624cc
5,0.06,+/-10%,rolling,reset,model,10,7630.695198150377,5846.209783874804,8134429.03422644,,,infeasible,545d8ca624cc
5,0.06,+/-10%,rolling,reset,model,11,6867.625678335339,5131.748691026991,7434759.635817548,,,infeasible,545d8ca624cc
5,0.06,+/-10%,rolling,reset,model,12,6180.863110501802,4075.6054474709663,7042422.624203448,,,infeasible,545d8ca624cc
5,0.06,+/-10%,rolling,reset,model,13,5562.776799451618,4483.16599221806,7620294.880037967,,,infeasible,545d8ca624cc
5,0.06,+/-10%,rolling,reset,model,14,5006.4991195064595,5867.622893429785,9688570.88739925,9394419.467835596,294151.4195636548,suboptimal,545d8ca624cc
5,0.06,+/-10%,rolling,reset,model,15,5282.572755114134,9723.449298904095,13747557.534244008,10291288.696766153,3456268.8374778554,suboptimal,545d8ca624cc
5,0.06,+/-20%,rolling,reset,model,1,6576.206826387264,6576.206826387264,7568704.73213562,7568704.732135618,1.862645149230957e-09,optimal,545d8ca624cc
5,0.06,+/-20%,rolling,reset,model,2,5260.96546110981,5260.9654614238425,6931821.366872279,6931821.366872279,0.0,optimal,545d8ca624cc
5,0.06,+/-20%,rolling,reset,model,3,5940.209730649429,5940.209730649429,6925239.605335839,6925239.605335839,0.0,optimal,545d8ca624cc
5,0.06,+/-20%,rolling,reset,model,4,4752.167784519541,4752.167786132861,6440834.536066342,6440834.536066343,-9.313225746154785e-10,optimal,545d8ca624cc
5,0.06,+/-20%,rolling,reset,model,5,5702.601341423448,6900.41938121028,6423763.2097574035,6282069.316522164,141693.8932352392,suboptimal,545d8ca624cc
5,0.06,+/-20%,rolling,reset,model,6,6843.121609708154,10602.443975113589,13829948.734752936,12161092.270392083,1668856.4643608537,suboptimal,545d8ca624cc
5,0.06,+/-20%,rolling,reset,model,7,8211.745931649788,8258.514517288446,11541860.704525856,11541860.704525856,0.0,optimal,545d8ca624cc
5,0.06,+/-20%,rolling,reset,model,8,9854.095117979745,6606.811611552795,10200405.922954727,,,infeasible,545d8ca624cc
5,0.06,+/-20%,rolling,reset,model,9,7883.276094383791,6855.273534952287,8824791.964191055,,,infeasible,545d8ca624cc
5,0.06,+/-20%,rolling,reset,model,10,6306.62087550704,4627.520043351191,6920321.946627427,,,infeasible,545d8ca624cc
5,0.06,+/-20%,rolling,reset,model,11,5045.296700405634,3702.016031749778,6727303.024211382,6137663.315718091,589639.7084932905,suboptimal,545d8ca624cc
5,0.06,+/-20%,rolling,reset,model,12,4036.237360324504,4297.496250188678,7514320.938927016,7466903.912119017,47417.02680799924,suboptimal,545d8ca624cc
5,0.06,+/-20%,rolling,reset,model,13,4468.1197216776545,5156.995501686311,8193003.104196326,7922576.666330015,270426.4378663106,suboptimal,545d8ca624cc
5,0.06,+/-20%,rolling,reset,model,14,5361.743666013186,6331.048421915464,11729212.274314847,10684220.998078661,1044991.2762361858,suboptimal,545d8ca624cc
5,0.06,+/-20%,rolling,reset,model,15,6434.092399215822,12098.760380813268,14614656.178306783,12100565.959801994,2514090.2185047884,suboptimal,545d8ca624cc
6,0.0,NHF,rolling,reset,model,1,12567.980000000001,12567.980000000001,189140093.52717197,189140093.52717197,0.0,optimal,545d8ca624cc
6,0.0,NHF,rolling,reset,model,2,11142.426787497074,0.0,189249596.51113895,188200786.27015737,1048810.2409815788,suboptimal,545d8ca624cc
6,0.0,NHF,rolling,reset,model,3,0.0,0.0,197911334.33289704,197911334.33289704,0.0,optimal,545d8ca624cc
6,0.0,NHF,rolling,reset,model,4,0.0,0.0,206695505.2983875,206695505.2983875,0.0,optimal,545d8ca624cc
6,0.0,NHF,rolling,reset,model,5,17401.508636847535,11142.426787497074,214930547.93496156,213800071.79429802,1130476.1406635344,suboptimal,545d8ca624cc
6,0.0,NHF,rolling,reset,model,6,3704.5031803363804,0.0,213904005.47415012,213350681.98380172,553323.4903483987,suboptimal,545d8ca624cc
6,0.0,NHF,rolling,reset,model,7,10442.086931002617,0.0,226932020.1249447,225508628.63569444,1423391.4892502427,suboptimal,545d8ca624cc
6,0.0,NHF,rolling,reset,model,8,0.0,0.0,240544052.18438363,240544052.18438363,0.0,optimal,545d8ca624cc
6,0.0,NHF,rolling,reset,model,9,0.0,0.0,256035536.362747,256035536.362747,0.0,optimal,545d8ca624cc
6,0.0,NHF,rolling,reset,model,10,0.0,18700.00000561,267685961.28888607,267685961.28888607,0.0,optimal,545d8ca624cc
6,0.0,NHF,rolling,reset,model,11,0.0,14024.999994389998,255833579.0885982,255833579.0885982,0.0,optimal,545d8ca624cc
6,0.0,NHF,rolling,reset,model,12,0.0,18704.888574679117,248374381.9039783,248226764.8866277,147617.01735058427,suboptimal,545d8ca624cc
6,0.0,NHF,rolling,reset,model,13,0.0,9349.99999626,234689203.8725956,234689203.8725956,0.0,optimal,545d8ca624cc
6,0.0,NHF,rolling,reset,model,14,7666.071425505,7666.071425505,235042863.2531718,235042863.2531718,0.0,optimal,545d8ca624cc
6,0.0,NHF,rolling,reset,model,15,89527.10480810163,0.0,236107255.5765415,,,infeasible,545d8ca624cc
6,0.0,NDY,rolling,reset,model,1,5927.601696874248,5927.601696874248,153764748.54808727,153764748.5480874,-1.1920928955078125e-07,optimal,545d8ca624cc
6,0.0,NDY,rolling,reset,model,2,5927.601696874264,5481.197249326156,159146110.22373334,159130011.6572389,16098.566494435072,suboptimal,545d8ca624cc
6,0.0,NDY,rolling,reset,model,3,5927.601696874288,6070.8203404229935,164706980.03681248,164706623.42595708,356.6108554005623,suboptimal,545d8ca624cc
6,0.0,NDY,rolling,reset,model,4,5927.601696874275,3968.2010328291785,168997051.9308352,168930758.81424668,66293.11658850312,suboptimal,545d8ca624cc
6,0.0,NDY,rolling,reset,model,5,5927.601696874276,3399.059725300655,176298578.38786563,176175236.67429876,123341.7135668695,suboptimal,545d8ca624cc
6,0.0,NDY,rolling,reset,model,6,8242.791887843168,8528.222463846949,183438625.5622279,183305530.6371734,133094.92505449057,suboptimal,545d8ca624cc
6,0.0,NDY,rolling,reset,model,7,9557.370375000011,8188.175183182096,183861022.80138865,,,infeasible,545d8ca624cc
6,0.0,NDY,rolling,reset,model,8,9557.370374999995,8674.519683199971,185057112.96728,184740634.7000756,316478.2672044039,suboptimal,545d8ca624cc
6,0.0,NDY,rolling,reset,model,9,9557.370375000013,8625.845036692263,185174043.45936602,184755816.47481453,418226.98455148935,suboptimal,545d8ca624cc
6,0.0,NDY,rolling,reset,model,10,9557.370374999991,8369.269762797445,185566168.63282812,185029553.3511404,536615.2816877067,suboptimal,545d8ca624cc
6,0.0,NDY,rolling,reset,model,11,9557.370374999995,8344.120739283244,185849168.6280682,185343039.84514534,506128.78292286396,suboptimal,545d8ca624cc
6,0.0,NDY,rolling,reset,model,12,9557.370374999991,8582.168209128227,186233687.85868564,185948695.09321952,284992.7654661238,suboptimal,545d8ca624cc
6,0.0,NDY,rolling,reset,model,13,9557.37037500001,8350.664537855539,185297735.13333368,184480836.2458173,816898.8875163794,suboptimal,545d8ca624cc
6,0.0,NDY,rolling,reset,model,14,9557.370374999991,8816.383501704922,185216079.86365235,185081594.2198953,134485.64375704527,suboptimal,545d8ca624cc
6,0.0,NDY,rolling,reset,model,15,9557.37037500001,8908.911183646353,184728298.5409386,184652109.2444564,76189.29648217559,suboptimal,545d8ca624cc
6,0.0,-10%,rolling,reset,model,1,5789.945736977624,5789.945736977624,160744695.29407123,160744695.29407126,-2.9802322387695312e-08,optimal,545d8ca624cc
6,0.0,-10%,rolling,reset,model,2,5210.951163279861,5210.951163099826,167259567.19381937,167259567.19381934,2.9802322387695312e-08,optimal,545d8ca624cc
6,0.0,-10%,rolling,reset,model,3,4689.856046951875,4689.8560484819645,174536744.88797057,174536744.8879706,-2.9802322387695312e-08,optimal,545d8ca624cc
6,0.0,-10%,rolling,reset,model,4,4220.870442256686,3426.873671462197,179911411.86893296,179908342.8093274,3069.0596055686474,suboptimal,545d8ca624cc
6,0.0,-10%,rolling,reset,model,5,3798.7833980310274,3963.2358760052384,186425811.84887987,186420305.0890394,5506.759840488434,suboptimal,545d8ca624cc
6,0.0,-10%,rolling,reset,model,6,3418.905058227917,629.5443046099131,193270746.2416848,192909756.4916787,360989.7500060797,suboptimal,545d8ca624cc
6,0.0,-10%,rolling,reset,model,7,3077.014552405124,0.0,204580987.1543147,204450522.76328373,130464.39103096724,suboptimal,545d8ca624cc
6,0.0,-10%,rolling,reset,model,8,14132.869931967554,619.1709504211357,215136761.9388568,213534115.4410031,1602646.4978536963,suboptimal,545d8ca624cc
6,0.0,-10%,rolling,reset,model,9,12719.5829387708,7461.076231397012,226129348.0309829,226072982.30044493,56365.730537980795,suboptimal,545d8ca624cc
6,0.0,-10%,rolling,reset,model,10,11447.62464489372,14147.24049691775,228176997.46054566,228079737.01412022,97260.44642543793,suboptimal,545d8ca624cc
6,0.0,-10%,rolling,reset,model,11,14566.941586648327,14554.113675668694,221568953.009371,221568953.009371,0.0,optimal,545d8ca624cc
6,0.0,-10%,rolling,reset,model,12,13110.247427983571,13871.19075220179,215011918.46443287,214977186.7809814,34731.68345147371,suboptimal,545d8ca624cc
6,0.0,-10%,rolling,reset,model,13,11799.222685185163,12007.700854087841,209252868.82023004,209251475.5739922,1393.2462378442287,suboptimal,545d8ca624cc
6,0.0,-10%,rolling,reset,model,14,10619.300416666656,10801.094735611527,206120051.0356877,206117651.45137727,2399.5843104422092,suboptimal,545d8ca624cc
6,0.0,-10%,rolling,reset,model,15,9557.370374999995,9740.815592418618,204545681.91505256,204540170.7354382,5511.179614365101,suboptimal,545d8ca624cc
6,0.0,-20%,rolling,reset,model,1,8031.980619070851,8031.980619070851,164568484.52307487,164568484.5230753,-4.470348358154297e-07,optimal,545d8ca624cc
6,0.0,-20%,rolling,reset,model,2,6425.584495256681,5311.119976149298,168934472.87366375,168802789.94809237,131682.92557138205,suboptimal,545d8ca624cc
6,0.0,-20%,rolling,reset,model,3,5140.467596205264,4248.895981438487,174513350.5910824,174221372.80248,291977.78860238194,suboptimal,545d8ca624cc
6,0.0,-20%,rolling,reset,model,4,4112.374076964277,3399.116785338307,180969665.561933,180773564.26075035,196101.30118265748,suboptimal,545d8ca624cc
6,0.0,-20%,rolling,reset,model,5,3289.8992615713537,2719.2934303505654,188603243.69042492,188502292.71865052,100950.97177439928,suboptimal,545d8ca624cc
6,0.0,-20%,rolling,reset,model,6,2631.9194092570824,0.0,198100643.16414747,197895363.82023418,205279.34391328692,suboptimal,545d8ca624cc
6,0.0,-20%,rolling,reset,model,7,2105.5355274057424,0.0,209163478.36869007,209163478.36869004,2.9802322387695312e-08,optimal,545d8ca624cc
6,0.0,-20%,rolling,reset,model,8,9462.917918360414,0.0,219727137.91330197,219455680.98730278,271456.9259991944,suboptimal,545d8ca624cc
6,0.0,-20%,rolling,reset,model,9,7570.334334688391,9871.203534081389,230848803.77171338,230845521.12610415,3282.645609229803,suboptimal,545d8ca624cc
6,0.0,-20%,rolling,reset,model,10,6056.267467750936,13403.959883856309,229735873.8610211,229531703.3306717,204170.53034940362,suboptimal,545d8ca624cc
6,0.0,-20%,rolling,reset,model,11,22163.095649008123,12888.692352487073,225023147.16421774,223645561.39092126,1377585.7732964754,suboptimal,545d8ca624cc
6,0.0,-20%,rolling,reset,model,12,18666.73901367189,17971.974466592976,220628152.41704988,220597362.85859242,30789.55845746398,suboptimal,545d8ca624cc
6,0.0,-20%,rolling,reset,model,13,14933.391210937425,15306.667730591045,209765847.6358498,209761029.99198967,4817.643860131502,suboptimal,545d8ca624cc
6,0.0,-20%,rolling,reset,model,14,11946.712968749893,5437.634434615543,201841566.07114434,201771061.16320574,70504.90793859959,suboptimal,545d8ca624cc
6,0.0,-20%,rolling,reset,model,15,9557.37037499998,13243.844036631559,205736936.62049514,205393029.72770342,343906.89279171824,suboptimal,545d8ca624cc
6,0.0,+/-10%,rolling,reset,model,1,6422.635038844451,6422.635038844451,158338387.25786057,158338387.25786117,-5.960464477539062e-07,optimal,545d8ca624cc
6,0.0,+/-10%,rolling,reset,model,2,5780.371534960119,5534.728666039371,163864041.4981978,163860085.22551596,3956.2726818323135,suboptimal,545d8ca624cc
6,0.0,+/-10%,rolling,reset,model,3,5202.334381464103,4773.71029791166,170412736.56958315,170391515.87127298,21220.698310166597,suboptimal,545d8ca624cc
6,0.0,+/-10%,rolling,reset,model,4,5722.567819610377,4993.8143084621215,176603533.36101544,176518550.08338773,84983.27762770653,suboptimal,545d8ca624cc
6,0.0,+/-10%,rolling,reset,model,5,6294.824601571694,5184.560668192624,181833000.901357,181593857.30491412,239143.59644287825,suboptimal,545d8ca624cc
6,0.0,+/-10%,rolling,reset,model,6,6924.307061728812,5421.470135267828,187601367.32489032,187156969.34329373,444397.9815965891,suboptimal,545d8ca624cc
6,0.0,+/-10%,rolling,reset,model,7,7616.737767901653,5642.003951307221,192955914.59036675,192344774.3717989,611140.2185678482,suboptimal,545d8ca624cc
6,0.0,+/-10%,rolling,reset,model,8,8378.411544691864,5834.930785129679,197121044.4214609,196523352.72718504,597691.694275856,suboptimal,545d8ca624cc
6,0.0,+/-10%,rolling,reset,model,9,9216.25269916104,6062.6926889567585,201936820.27446792,200926470.0289389,1010350.2455290258,suboptimal,545d8ca624cc
6,0.0,+/-10%,rolling,reset,model,10,10137.877969077144,6302.725784275198,206310013.63727573,205232936.24892348,1077077.388352245,suboptimal,545d8ca624cc
6,0.0,+/-10%,rolling,reset,model,11,11151.665765984713,6552.37715463984,209680746.75188124,208785685.55147183,895061.2004094124,suboptimal,545d8ca624cc
6,0.0,+/-10%,rolling,reset,model,12,12266.832342583351,8590.8200656747,212883726.54413217,211997755.28106543,885971.2630667388,suboptimal,545d8ca624cc
6,0.0,+/-10%,rolling,reset,model,13,11799.222685185185,9794.232343195563,213527414.25534832,213106330.80358836,421083.4517599642,suboptimal,545d8ca624cc
6,0.0,+/-10%,rolling,reset,model,14,10619.300416666663,8910.986615776328,211919044.1171096,211898408.24061406,20635.876495540142,suboptimal,545d8ca624cc
6,0.0,+/-10%,rolling,reset,model,15,9557.370374999875,10065.861720322962,211761703.7339646,211756081.32593793,5622.408026665449,suboptimal,545d8ca624cc
6,0.0,+/-20%,rolling,reset,model,1,8031.980619070846,8031.980619070846,162851978.58005738,162851978.5800574,-2.9802322387695312e-08,optimal,545d8ca624cc
6,0.0,+/-20%,rolling,reset,model,2,6425.584495256659,5631.754107382432,167157185.05080175,167124249.10432363,32935.94647812843,suboptimal,545d8ca624cc
6,0.0,+/-20%,rolling,reset,model,3,5140.467596205324,3522.7459685460453,172719031.39733508,172578103.08449268,140928.31284239888,suboptimal,545d8ca624cc
6,0.0,+/-20%,rolling,reset,model,4,4112.374076964246,3296.053384106108,180040804.54777092,179984631.99051127,56172.55725964904,suboptimal,545d8ca624cc
6,0.0,+/-20%,rolling,reset,model,5,4287.344121119699,3324.605514597505,187762651.16045544,187693572.21679595,69078.94365948439,suboptimal,545d8ca624cc
6,0.0,+/-20%,rolling,reset,model,6,5144.81294534364,4096.786663450576,195808317.3105415,195737519.98348284,70797.3270586729,suboptimal,545d8ca624cc
6,0.0,+/-20%,rolling,reset,model,7,6173.775534412365,4338.116779556717,202783734.7307224,202683654.2799692,100080.45075321198,suboptimal,545d8ca624cc
6,0.0,+/-20%,rolling,reset,model,8,7408.530641294852,5016.911714097072,207832648.3673414,207720345.03115964,112303.33618175983,suboptimal,545d8ca624cc
6,0.0,+/-20%,rolling,reset,model,9,8890.23676955382,5840.520637321137,213212268.72792432,213068886.81480798,143381.91311633587,suboptimal,545d8ca624cc
6,0.0,+/-20%,rolling,reset,model,10,10668.284123464618,7560.901244827695,217396667.0289573,217350399.6315498,46267.397407501936,suboptimal,545d8ca624cc
6,0.0,+/-20%,rolling,reset,model,11,12801.940948157528,12763.131931631484,219474829.10013694,219474829.10013694,0.0,optimal,545d8ca624cc
6,0.0,+/-20%,rolling,reset,model,12,15362.329137788987,14735.32720379878,215155691.9416564,215150766.72445866,4925.217197746038,suboptimal,545d8ca624cc
6,0.0,+/-20%,rolling,reset,model,13,14933.39121093745,12084.43627175357,208420559.01220936,207446198.5737202,974360.4384891689,suboptimal,545d8ca624cc
6,0.0,+/-20%,rolling,reset,model,14,11946.712968749964,6473.410171697479,203696414.9064565,203297187.73737606,399227.16908043623,suboptimal,545d8ca624cc
6,0.0,+/-20%,rolling,reset,model,15,9557.370374999999,7658.739027917112,206266632.7815447,206235939.49603403,30693.285510659218,suboptimal,545d8ca624cc
6,0.02,NHF,rolling,reset,model,1,23710.406787497075,23710.406787497075,42068871.63030078,42068871.63030078,0.0,optimal,545d8ca624cc
6,0.02,NHF,rolling,reset,model,2,0.0,0.0,30005698.21145291,30005698.21145291,0.0,optimal,545d8ca624cc
6,0.02,NHF,rolling,reset,model,3,7409.006365859066,0.0,36701271.71896458,36580409.64198256,120862.07698201388,suboptimal,545d8ca624cc
6,0.02,NHF,rolling,reset,model,4,0.0,0.0,44971349.415854424,44971349.415854424,0.0,optimal,545d8ca624cc
6,0.02,NHF,rolling,reset,model,5,6766.504088202489,17401.508636847535,55401583.95719983,54377364.250801705,1024219.706398122,suboptimal,545d8ca624cc
6,0.02,NHF,rolling,reset,model,6,5725.022828042771,5725.022828042771,46219164.03886418,46219164.03886418,0.0,optimal,545d8ca624cc
6,0.02,NHF,rolling,reset,model,7,17343.336524222996,17343.336524222996,49213412.80294856,49213412.80294856,0.0,optimal,545d8ca624cc
6,0.02,NHF,rolling,reset,model,8,13336.82278409787,13336.822784097869,39132818.141924255,39132818.141924255,0.0,optimal,545d8ca624cc
6,0.02,NHF,rolling,reset,model,9,7409.006365859066,0.0,29928153.754841294,,,infeasible,545d8ca624cc
6,0.02,NHF,rolling,reset,model,10,0.0,0.0,36980587.97715587,36980587.97715587,0.0,optimal,545d8ca624cc
6,0.02,NHF,rolling,reset,model,11,5556.75477050457,12965.761136363635,45660890.35191701,45125197.01345915,535693.33845786,suboptimal,545d8ca624cc
6,0.02,NHF,rolling,reset,model,12,3704.5031803363804,3704.5031803363804,39778647.187530234,39778647.187530234,0.0,optimal,545d8ca624cc
6,0.02,NHF,rolling,reset,model,13,9261.257956027255,9261.257956027255,43952313.71165483,43952313.71165483,0.0,optimal,545d8ca624cc
6,0.02,NHF,rolling,reset,model,14,2020.51964770639,2020.51964770639,42233537.04180192,42233537.04180192,0.0,optimal,545d8ca624cc
6,0.02,NHF,rolling,reset,model,15,24786.868434054806,17377.86206819574,50419689.82370664,,,infeasible,545d8ca624cc
6,0.02,NDY,rolling,reset,model,1,7649.564491803166,7649.564491803166,37995812.81877217,37995812.818772174,-7.450580596923828e-09,optimal,545d8ca624cc
6,0.02,NDY,rolling,reset,model,2,7649.5644918031585,7649.564492577295,39498701.08060025,39498701.080600254,-7.450580596923828e-09,optimal,545d8ca624cc
6,0.02,NDY,rolling,reset,model,3,7649.564491803166,7649.564493308893,41566012.27434915,41566012.27434916,-7.450580596923828e-09,optimal,545d8ca624cc
6,0.02,NDY,rolling,reset,model,4,7649.56449180317,7649.564491832487,42250575.363706246,42250575.363706246,0.0,optimal,545d8ca624cc
6,0.02,NDY,rolling,reset,model,5,7649.564491803165,7649.56449085838,43388359.81112441,43388359.811124414,-7.450580596923828e-09,optimal,545d8ca624cc
6,0.02,NDY,rolling,reset,model,6,7649.564491803163,7649.564489850578,43883095.57429381,43883095.57429381,0.0,optimal,545d8ca624cc
6,0.02,NDY,rolling,reset,model,7,7910.3633949284285,7868.873910441936,44076947.00496431,44076947.00496431,0.0,optimal,545d8ca624cc
6,0.02,NDY,rolling,reset,model,8,7910.363394928427,7851.838015169851,44232142.27840684,44232142.27840684,0.0,optimal,545d8ca624cc
6,0.02,NDY,rolling,reset,model,9,7910.363394928432,7841.22418097773,44440809.514099814,44440809.51409982,-7.450580596923828e-09,optimal,545d8ca624cc
6,0.02,NDY,rolling,reset,model,10,7910.363394928434,7839.133956985745,44636978.586329706,44636978.5863297,7.450580596923828e-09,optimal,545d8ca624cc
6,0.02,NDY,rolling,reset,model,11,7910.363394928436,7849.6451537783605,44601461.8118156,44601461.81181559,7.450580596923828e-09,optimal,545d8ca624cc
6,0.02,NDY,rolling,reset,model,12,7910.363394928441,7850.521869055099,45118754.490288034,45118754.49028803,7.450580596923828e-09,optimal,545d8ca624cc
6,0.02,NDY,rolling,reset,model,13,7910.363394928431,7850.521868123293,44129437.009122774,44129437.00912277,7.450580596923828e-09,optimal,545d8ca624cc
6,0.02,NDY,rolling,reset,model,14,8378.613029064782,7850.521870420592,43691600.653053656,,,infeasible,545d8ca624cc
6,0.02,NDY,rolling,reset,model,15,9557.370374999999,7846.836889578784,43761577.69209559,,,infeasible,545d8ca624cc
6,0.02,-10%,rolling,reset,model,1,9512.506687934407,9512.506687934407,38760824.15219883,38760824.15219882,7.450580596923828e-09,optimal,545d8ca624cc
6,0.02,-10%,rolling,reset,model,2,8561.256019140968,8561.25601821694,38888084.309155844,38888084.309155844,0.0,optimal,545d8ca624cc
6,0.02,-10%,rolling,reset,model,3,7705.130417226869,7658.603664726695,40305135.52574769,40305135.52574769,0.0,optimal,545d8ca624cc
6,0.02,-10%,rolling,reset,model,4,6934.617375504164,6559.849328803664,40515327.82245152,40515313.15586834,14.666583180427551,optimal,545d8ca624cc
6,0.02,-10%,rolling,reset,model,5,6241.155637953759,6591.002122226855,42396084.47369587,42371743.2130095,24341.26068636775,suboptimal,545d8ca624cc
6,0.02,-10%,rolling,reset,model,6,5725.022828042771,5931.901908769933,44015845.64364918,43985743.39612896,30102.24752022326,suboptimal,545d8ca624cc
6,0.02,-10%,rolling,reset,model,7,10325.993993167787,10325.993994688255,46403791.66025228,46403791.66025228,0.0,optimal,545d8ca624cc
6,0.02,-10%,rolling,reset,model,8,9293.394593851006,9252.192831255783,44009975.863066316,44009975.863066316,0.0,optimal,545d8ca624cc
6,0.02,-10%,rolling,reset,model,9,8364.0551344659,8326.97354790623,42308639.837393016,42308639.83739302,-7.450580596923828e-09,optimal,545d8ca624cc
6,0.02,-10%,rolling,reset,model,10,7527.649621019327,7482.1409798226905,41339545.57563958,41339545.57563958,0.0,optimal,545d8ca624cc
6,0.02,-10%,rolling,reset,model,11,6774.884658917355,6751.326671642706,41206830.97714887,41206830.977148876,-7.450580596923828e-09,optimal,545d8ca624cc
6,0.02,-10%,rolling,reset,model,12,6097.396193025633,6076.194006136824,41758260.59576215,41758260.595762156,-7.450580596923828e-09,optimal,545d8ca624cc
6,0.02,-10%,rolling,reset,model,13,5487.656573723074,5468.574607339163,42822292.960928105,42822292.960928105,0.0,optimal,545d8ca624cc
6,0.02,-10%,rolling,reset,model,14,9037.862178761598,8578.896010306264,45788578.08873968,,,infeasible,545d8ca624cc
6,0.02,-10%,rolling,reset,model,15,9557.370375000002,10038.545963337643,45545080.79236203,45474693.38347199,70387.40889003873,suboptimal,545d8ca624cc
6,0.02,-20%,rolling,reset,model,1,11375.89595826521,11375.89595826521,39222466.46646929,39222466.46646929,0.0,optimal,545d8ca624cc
6,0.02,-20%,rolling,reset,model,2,9100.716766612164,9100.716767058166,38332907.04142739,38332907.041427396,-7.450580596923828e-09,optimal,545d8ca624cc
6,0.02,-20%,rolling,reset,model,3,7280.573413289737,6170.775338429334,38625417.146434635,38566221.32486774,59195.82156689465,suboptimal,545d8ca624cc
6,0.02,-20%,rolling,reset,model,4,5824.458730631791,5183.999525064845,40422930.27795003,40406516.01979675,16414.258153282106,suboptimal,545d8ca624cc
6,0.02,-20%,rolling,reset,model,5,4659.566984505432,7074.898617889865,43840217.1928369,43556373.29676213,283843.8960747719,suboptimal,545d8ca624cc
6,0.02,-20%,rolling,reset,model,6,5725.022828042771,5725.022828042771,45041963.63519246,45041963.63519246,0.0,optimal,545d8ca624cc
6,0.02,-20%,rolling,reset,model,7,13108.969846142394,12986.371902232771,47962742.1691626,47962742.16916261,-7.450580596923828e-09,optimal,545d8ca624cc
6,0.02,-20%,rolling,reset,model,8,10487.175876913912,10387.615320938563,42703793.247079484,42703793.24707949,-7.450580596923828e-09,optimal,545d8ca624cc
6,0.02,-20%,rolling,reset,model,9,8389.740701531124,8310.092257086388,38827346.39695126,38827346.39695126,0.0,optimal,545d8ca624cc
6,0.02,-20%,rolling,reset,model,10,6711.792561224904,6649.022415888518,36940349.49983742,36940349.49983702,4.023313522338867e-07,optimal,545d8ca624cc
6,0.02,-20%,rolling,reset,model,11,5369.434048979924,5319.2179301416145,36955871.783918306,36955871.783918306,0.0,optimal,545d8ca624cc
6,0.02,-20%,rolling,reset,model,12,4295.547239183938,4255.374345130976,38772580.99228027,38772580.99228027,0.0,optimal,545d8ca624cc
6,0.02,-20%,rolling,reset,model,13,5026.891277946655,4904.293335982252,42318394.7432031,,,infeasible,545d8ca624cc
6,0.02,-20%,rolling,reset,model,14,6254.886325786991,5060.732677772702,45846050.732846074,,,infeasible,545d8ca624cc
6,0.02,-20%,rolling,reset,model,15,9557.370374999997,13504.97721191751,50099116.51513736,49461424.47000363,637692.0451337323,suboptimal,545d8ca624cc
6,0.02,+/-10%,rolling,reset,model,1,9109.497009052024,9109.497009052024,38502846.140242256,38502846.14024226,-7.450580596923828e-09,optimal,545d8ca624cc
6,0.02,+/-10%,rolling,reset,model,2,8198.547308146824,7996.328791974336,38826230.377716325,38824823.63955754,1406.7381587848067,suboptimal,545d8ca624cc
6,0.02,+/-10%,rolling,reset,model,3,7378.6925773321445,6604.580990205248,40596497.324685805,40557998.57116555,38498.75352025777,suboptimal,545d8ca624cc
6,0.02,+/-10%,rolling,reset,model,4,6640.823319598925,6734.170886822047,42149664.29594539,42124642.34476661,25021.95117878169,suboptimal,545d8ca624cc
6,0.02,+/-10%,rolling,reset,model,5,6739.562524146997,7407.5879748347525,44307341.21370731,43798821.921806335,508519.2919009775,suboptimal,545d8ca624cc
6,0.02,+/-10%,rolling,reset,model,6,7413.51877656169,8148.3467688146375,45295522.013914704,44961469.96376693,334052.05014777184,suboptimal,545d8ca624cc
6,0.02,+/-10%,rolling,reset,model,7,8154.870654217861,10033.637030398404,45369157.97887211,45014596.17480481,354561.8040673062,suboptimal,545d8ca624cc
6,0.02,+/-10%,rolling,reset,model,8,8970.357719639645,8949.844445421799,43064858.018787764,43064858.018787764,0.0,optimal,545d8ca624cc
6,0.02,+/-10%,rolling,reset,model,9,8597.390494626228,8054.502828734121,41439233.734586515,,,infeasible,545d8ca624cc
6,0.02,+/-10%,rolling,reset,model,10,7737.651445163604,7249.028166464424,40224110.80089638,,,infeasible,545d8ca624cc
6,0.02,+/-10%,rolling,reset,model,11,6963.886300647253,5676.765563240677,40250478.408432014,,,infeasible,545d8ca624cc
6,0.02,+/-10%,rolling,reset,model,12,7301.579690499823,6244.442118846053,42016462.579286665,,,infeasible,545d8ca624cc
6,0.02,+/-10%,rolling,reset,model,13,8031.737659549797,6867.357151932708,43440134.90791487,,,infeasible,545d8ca624cc
6,0.02,+/-10%,rolling,reset,model,14,8834.911425504783,7554.092869982442,44690640.931012735,,,infeasible,545d8ca624cc
6,0.02,+/-10%,rolling,reset,model,15,9557.370375,9983.782261514163,45664488.95519459,45616580.849496976,47908.105697616935,suboptimal,545d8ca624cc
6,0.02,+/-20%,rolling,reset,model,1,11117.101360529614,11117.101360529614,38963093.50794792,38963093.50794794,-1.4901161193847656e-08,optimal,545d8ca624cc
6,0.02,+/-20%,rolling,reset,model,2,8893.68108842368,8259.661816990641,37627071.955102086,37534264.5162525,92807.43884958327,suboptimal,545d8ca624cc
6,0.02,+/-20%,rolling,reset,model,3,7114.944870738963,4947.781063805002,39074558.63872434,38876792.70068089,197765.9380434528,suboptimal,545d8ca624cc
6,0.02,+/-20%,rolling,reset,model,4,5691.955896591166,5937.337275553784,42131253.4541257,41975011.48323105,156241.97089464962,suboptimal,545d8ca624cc
6,0.02,+/-20%,rolling,reset,model,5,5259.653489502481,7124.80472937111,45113602.42654094,43217219.32650195,1896383.1000389904,suboptimal,545d8ca624cc
6,0.02,+/-20%,rolling,reset,model,6,6311.584187402974,8549.7656736896,46646979.68475529,45313403.576629676,1333576.1081256121,suboptimal,545d8ca624cc
6,0.02,+/-20%,rolling,reset,model,7,7573.901024883577,10478.195123076643,46346145.827221416,45651823.14007493,694322.6871464849,suboptimal,545d8ca624cc
6,0.02,+/-20%,rolling,reset,model,8,9088.68122986028,10600.385769308472,43728305.539649345,43574879.68508242,153425.85456692427,suboptimal,545d8ca624cc
6,0.02,+/-20%,rolling,reset,model,9,10906.41747583235,8480.308613977173,39975108.6195684,,,infeasible,545d8ca624cc
6,0.02,+/-20%,rolling,reset,model,10,8725.133980665885,6784.246892023938,37744502.07632628,,,infeasible,545d8ca624cc
6,0.02,+/-20%,rolling,reset,model,11,6980.107184532715,4333.126439671377,37825040.753409244,,,infeasible,545d8ca624cc
6,0.02,+/-20%,rolling,reset,model,12,6170.597951404953,5199.751727565781,40927658.62907573,40852224.904168785,75433.72490694374,suboptimal,545d8ca624cc
6,0.02,+/-20%,rolling,reset,model,13,7404.717541685952,6237.610711892826,43815147.71319139,,,infeasible,545d8ca624cc
6,0.02,+/-20%,rolling,reset,model,14,8885.661050023125,7485.132856335174,45918988.37183532,,,infeasible,545d8ca624cc
6,0.02,+/-20%,rolling,reset,model,15,9557.370374999993,12598.322313302326,47509284.123642065,47157110.00670363,352174.11693843454,suboptimal,545d8ca624cc
6,0.04,NHF,rolling,reset,model,1,23710.406787497075,23710.406787497075,21837497.056471527,21837497.056471527,0.0,optimal,545d8ca624cc
6,0.04,NHF,rolling,reset,model,2,0.0,0.0,10531495.750266567,10531495.750266567,0.0,optimal,545d8ca624cc
6,0.04,NHF,rolling,reset,model,3,7409.006365859066,7409.006365859066,15589186.395973917,15589186.395973917,0.0,optimal,545d8ca624cc
6,0.04,NHF,rolling,reset,model,4,5556.75477050457,5556.75477050457,15650858.692818182,15650858.692818182,0.0,optimal,545d8ca624cc
6,0.04,NHF,rolling,reset,model,5,0.0,0.0,17036907.08451014,17036907.08451014,0.0,optimal,545d8ca624cc
6,0.04,NHF,rolling,reset,model,6,5725.022828042771,5725.022828042771,25218784.344530992,25218784.344530992,0.0,optimal,545d8ca624cc
6,0.04,NHF,rolling,reset,model,7,17343.336524222996,17343.336524222996,30227755.89247471,30227755.89247471,0.0,optimal,545d8ca624cc
6,0.04,NHF,rolling,reset,model,8,13336.82278409787,13336.822784097869,23105975.913784754,23105975.913784754,0.0,optimal,545d8ca624cc
6,0.04,NHF,rolling,reset,model,9,7409.006365859066,7409.006365859066,15110385.223694641,15110385.223694641,0.0,optimal,545d8ca624cc
6,0.04,NHF,rolling,reset,model,10,5556.75477050457,5556.75477050457,13318864.519702308,13318864.519702308,0.0,optimal,545d8ca624cc
6,0.04,NHF,rolling,reset,model,11,0.0,0.0,12940326.158489268,12940326.158489268,0.0,optimal,545d8ca624cc
6,0.04,NHF,rolling,reset,model,12,3704.5031803363804,3704.5031803363804,19154843.841083094,19154843.841083094,0.0,optimal,545d8ca624cc
6,0.04,NHF,rolling,reset,model,13,9261.257956027255,9261.257956027255,23841497.63052565,23841497.63052565,0.0,optimal,545d8ca624cc
6,0.04,NHF,rolling,reset,model,14,2020.51964770639,2020.51964770639,23966116.056259982,23966116.056259982,0.0,optimal,545d8ca624cc
6,0.04,NHF,rolling,reset,model,15,24786.868434054806,24786.868434054806,32924693.260311443,32924693.260311443,0.0,optimal,545d8ca624cc
6,0.04,NDY,rolling,reset,model,1,7649.5644918026055,7649.5644918026055,17093648.081873767,17093648.08187387,-1.043081283569336e-07,optimal,545d8ca624cc
6,0.04,NDY,rolling,reset,model,2,7649.564491803908,7649.564492138386,17634222.000587672,17634222.00058768,-7.450580596923828e-09,optimal,545d8ca624cc
6,0.04,NDY,rolling,reset,model,3,7649.564491802696,7649.564492606169,18345352.9187675,18345352.918767482,1.862645149230957e-08,optimal,545d8ca624cc
6,0.04,NDY,rolling,reset,model,4,7649.564491803462,7647.901709128601,19329121.012778994,19329121.012778983,1.1175870895385742e-08,optimal,545d8ca624cc
6,0.04,NDY,rolling,reset,model,5,7649.56449180316,7645.692440133622,20142826.630028825,20142826.630028818,7.450580596923828e-09,optimal,545d8ca624cc
6,0.04,NDY,rolling,reset,model,6,7649.564491803159,7646.597075130952,20458845.28179562,20458845.281795617,3.725290298461914e-09,optimal,545d8ca624cc
6,0.04,NDY,rolling,reset,model,7,7649.5644918031585,7613.739166126215,20768295.75539826,20768295.75539826,0.0,optimal,545d8ca624cc
6,0.04,NDY,rolling,reset,model,8,7649.564491803159,7598.41213063513,21020230.218966886,21020230.218966883,3.725290298461914e-09,optimal,545d8ca624cc
6,0.04,NDY,rolling,reset,model,9,7649.5644918031585,7598.412130321955,20674630.845836863,20674630.845836863,0.0,optimal,545d8ca624cc
6,0.04,NDY,rolling,reset,model,10,7649.564491803201,7598.412130899361,20267036.207956344,20267036.207956344,0.0,optimal,545d8ca624cc
6,0.04,NDY,rolling,reset,model,11,7649.564491802792,7598.412131224939,19870089.76518033,19870089.76518033,0.0,optimal,545d8ca624cc
6,0.04,NDY,rolling,reset,model,12,7649.56449180352,7598.412131816587,20134111.470689323,20134111.470689323,0.0,optimal,545d8ca624cc
6,0.04,NDY,rolling,reset,model,13,7649.564491803154,7598.4121332746745,20510194.154490244,20510194.154490244,0.0,optimal,545d8ca624cc
6,0.04,NDY,rolling,reset,model,14,7649.564491802903,7598.412130671986,21035483.935800165,21035483.935800165,0.0,optimal,545d8ca624cc
6,0.04,NDY,rolling,reset,model,15,9557.370374999993,7891.0505269067435,21712203.791884266,,,infeasible,545d8ca624cc
6,0.04,-10%,rolling,reset,model,1,9512.506687934396,9512.506687934396,18153538.29995512,18153538.299955122,-3.725290298461914e-09,optimal,545d8ca624cc
6,0.04,-10%,rolling,reset,model,2,8561.256019140965,8561.256019543414,17690210.057790235,17690210.057790242,-7.450580596923828e-09,optimal,545d8ca624cc
6,0.04,-10%,rolling,reset,model,3,7705.130417226871,7705.130417340046,17433574.541739736,17433574.541739736,0.0,optimal,545d8ca624cc
6,0.04,-10%,rolling,reset,model,4,6934.6173755041755,6934.617377392787,18106225.059570946,18106225.059570946,0.0,optimal,545d8ca624cc
6,0.04,-10%,rolling,reset,model,5,6241.155637953759,6241.155642736081,19120710.26923936,19120710.26923936,0.0,optimal,545d8ca624cc
6,0.04,-10%,rolling,reset,model,6,5725.022828042771,5725.022828042771,20654760.187603954,20654760.187603958,-3.725290298461914e-09,optimal,545d8ca624cc
6,0.04,-10%,rolling,reset,model,7,9697.406498980139,9697.406499127195,23422477.48291862,23422477.48291862,0.0,optimal,545d8ca624cc
6,0.04,-10%,rolling,reset,model,8,9373.451859190809,9373.451858818478,22367678.807210505,22367678.807210505,0.0,optimal,545d8ca624cc
6,0.04,-10%,rolling,reset,model,9,8436.106673271739,8436.10667217779,20079127.335714437,20079127.335714437,0.0,optimal,545d8ca624cc
6,0.04,-10%,rolling,reset,model,10,7592.496005944571,7592.496004513269,18195265.312113553,18195265.312113553,0.0,optimal,545d8ca624cc
6,0.04,-10%,rolling,reset,model,11,6833.2464053501035,6833.2464043562495,17672518.910234418,17672518.910234418,0.0,optimal,545d8ca624cc
6,0.04,-10%,rolling,reset,model,12,6149.921764815098,6149.92176230926,17800851.733520206,17800851.733520206,0.0,optimal,545d8ca624cc
6,0.04,-10%,rolling,reset,model,13,5534.929588333587,5534.9295855457185,18826259.06591386,18826259.06591386,0.0,optimal,545d8ca624cc
6,0.04,-10%,rolling,reset,model,14,4981.436629500229,4981.43662913819,21075931.562663145,21075931.56266314,3.725290298461914e-09,optimal,545d8ca624cc
6,0.04,-10%,rolling,reset,model,15,9557.370374999999,10600.4571141206,25013536.042096592,24634670.84126102,378865.2008355707,suboptimal,545d8ca624cc
6,0.04,-20%,rolling,reset,model,1,11375.895958265206,11375.895958265206,18931869.01645082,18931869.01645082,0.0,optimal,545d8ca624cc
6,0.04,-20%,rolling,reset,model,2,9100.71676661217,9100.716767021064,17418506.291589368,17418506.291589364,3.725290298461914e-09,optimal,545d8ca624cc
6,0.04,-20%,rolling,reset,model,3,7280.573413289739,7280.573413378551,16448532.892232943,16448532.892232953,-9.313225746154785e-09,optimal,545d8ca624cc
6,0.04,-20%,rolling,reset,model,4,5824.458730631788,5824.458732186375,17057202.62082128,17057202.62082128,0.0,optimal,545d8ca624cc
6,0.04,-20%,rolling,reset,model,5,4659.566984505431,4659.56698589706,18795762.525428537,18795762.525428537,0.0,optimal,545d8ca624cc
6,0.04,-20%,rolling,reset,model,6,5725.022828042771,5725.022828042771,22115564.138163667,22115564.13816367,-3.725290298461914e-09,optimal,545d8ca624cc
6,0.04,-20%,rolling,reset,model,7,11703.812831078725,11703.812831149842,25616014.019063756,25616014.019063756,0.0,optimal,545d8ca624cc
6,0.04,-20%,rolling,reset,model,8,11052.655831552078,11052.6558312907,23155603.103599425,23155603.103599425,0.0,optimal,545d8ca624cc
6,0.04,-20%,rolling,reset,model,9,8842.124665241663,8842.124665497004,19186284.353432942,19186284.353432942,0.0,optimal,545d8ca624cc
6,0.04,-20%,rolling,reset,model,10,7073.699732193334,7073.6997327994595,16409065.765744872,16409065.765744874,-1.862645149230957e-09,optimal,545d8ca624cc
6,0.04,-20%,rolling,reset,model,11,5658.959785754664,5658.959785567717,15664256.193498628,15664256.193498632,-3.725290298461914e-09,optimal,545d8ca624cc
6,0.04,-20%,rolling,reset,model,12,4527.167828603731,4527.167827830924,16265478.517986726,16265478.517986726,0.0,optimal,545d8ca624cc
6,0.04,-20%,rolling,reset,model,13,3621.734262882986,3621.7342629541017,18538660.360915348,18538660.360915348,0.0,optimal,545d8ca624cc
6,0.04,-20%,rolling,reset,model,14,4972.208674151643,4972.208673926348,23001866.77177093,23001866.771770928,3.725290298461914e-09,optimal,545d8ca624cc
6,0.04,-20%,rolling,reset,model,15,9557.370374999999,13780.029630969488,27879603.04367018,26381177.35061102,1498425.6930591613,suboptimal,545d8ca624cc
6,0.04,+/-10%,rolling,reset,model,1,9401.9823895494,9401.9823895494,17939223.530887663,17939223.530887663,0.0,optimal,545d8ca624cc
6,0.04,+/-10%,rolling,reset,model,2,8461.784150594458,8405.725061422158,17127362.2508106,17127362.25081059,1.1175870895385742e-08,optimal,545d8ca624cc
6,0.04,+/-10%,rolling,reset,model,3,7615.6057355350085,7391.068240274461,17105847.108329378,17103000.88538409,2846.2229452878237,suboptimal,545d8ca624cc
6,0.04,+/-10%,rolling,reset,model,4,6854.045161981512,6651.961415828262,17933868.476432636,17925771.65738252,8096.819050114602,suboptimal,545d8ca624cc
6,0.04,+/-10%,rolling,reset,model,5,6168.640645783359,6352.571102479565,19204239.192288075,19004818.579247873,199420.61304020137,suboptimal,545d8ca624cc
6,0.04,+/-10%,rolling,reset,model,6,6449.057944480255,6987.828215174159,20680397.159402784,20008093.219022825,672303.9403799586,suboptimal,545d8ca624cc
6,0.04,+/-10%,rolling,reset,model,7,7093.963738928272,8082.07856819574,22229632.706160083,21365865.863621686,863766.8425383978,suboptimal,545d8ca624cc
6,0.04,+/-10%,rolling,reset,model,8,7803.3601128211,9650.303055543924,22845809.088339124,22037516.66937052,808292.418968603,suboptimal,545d8ca624cc
6,0.04,+/-10%,rolling,reset,model,9,8583.696124103211,8685.272749608424,20542324.30174799,20537131.34719861,5192.954549379647,suboptimal,545d8ca624cc
6,0.04,+/-10%,rolling,reset,model,10,9442.065736513534,7816.745475225708,18434568.700313248,,,infeasible,545d8ca624cc
6,0.04,+/-10%,rolling,reset,model,11,8497.859162862174,7035.070928619796,17649991.62721273,,,infeasible,545d8ca624cc
6,0.04,+/-10%,rolling,reset,model,12,7648.073246575958,5708.329495506703,17580786.92390403,,,infeasible,545d8ca624cc
6,0.04,+/-10%,rolling,reset,model,13,6883.265921918361,6078.436866944693,19048040.2152804,,,infeasible,545d8ca624cc
6,0.04,+/-10%,rolling,reset,model,14,6422.221912724948,6686.280552900567,20738724.913488045,20420105.182866096,318619.73062194884,suboptimal,545d8ca624cc
6,0.04,+/-10%,rolling,reset,model,15,7064.444103997443,10211.381860077356,24078016.063923113,22148810.57059255,1929205.4933305643,suboptimal,545d8ca624cc
6,0.04,+/-20%,rolling,reset,model,1,11349.65886908975,11349.65886908975,18735237.683569968,18735237.68356997,-3.725290298461914e-09,optimal,545d8ca624cc
6,0.04,+/-20%,rolling,reset,model,2,9079.727095271803,9079.727094549296,16337309.909856968,16337309.909856971,-3.725290298461914e-09,optimal,545d8ca624cc
6,0.04,+/-20%,rolling,reset,model,3,7263.781676217447,6889.567832403183,15765850.79001612,15730753.508005671,35097.2820104491,suboptimal,545d8ca624cc
6,0.04,+/-20%,rolling,reset,model,4,5811.025340973954,4871.831399003659,16477892.159558302,16420009.83701651,57882.322541791946,suboptimal,545d8ca624cc
6,0.04,+/-20%,rolling,reset,model,5,4770.852356702308,5612.554559919808,19009187.63360367,17613072.851162728,1396114.7824409418,suboptimal,545d8ca624cc
6,0.04,+/-20%,rolling,reset,model,6,5725.022828042771,6735.0654750900885,21275451.27681982,20001767.611792915,1273683.6650269069,suboptimal,545d8ca624cc
6,0.04,+/-20%,rolling,reset,model,7,6870.027393651343,8082.07856819574,23121128.497142915,22082508.991957642,1038619.5051852725,suboptimal,545d8ca624cc
6,0.04,+/-20%,rolling,reset,model,8,8244.032872381586,11882.747354103147,24556882.685677215,23236920.78672796,1319961.8989492543,suboptimal,545d8ca624cc
6,0.04,+/-20%,rolling,reset,model,9,9892.83944685788,9506.197882969771,20450999.176364906,,,infeasible,545d8ca624cc
6,0.04,+/-20%,rolling,reset,model,10,10294.148957608671,7604.9583049121175,16982313.451943584,,,infeasible,545d8ca624cc
6,0.04,+/-20%,rolling,reset,model,11,8235.31916608694,6083.966642576705,15856131.857591111,,,infeasible,545d8ca624cc
6,0.04,+/-20%,rolling,reset,model,12,6588.2553328695485,4295.411300976004,16104708.093146373,,,infeasible,545d8ca624cc
6,0.04,+/-20%,rolling,reset,model,13,6490.371179446709,5154.493559770823,18597246.765220102,,,infeasible,545d8ca624cc
6,0.04,+/-20%,rolling,reset,model,14,7788.445415336051,6185.392272899448,21206034.976790097,,,infeasible,545d8ca624cc
6,0.04,+/-20%,rolling,reset,model,15,9346.134498403268,13402.199456810618,26946940.35482507,25423283.730625268,1523656.6241998002,suboptimal,545d8ca624cc
6,0.06,NHF,rolling,reset,model,1,23710.406787497075,23710.406787497075,14930169.738062628,14930169.738062628,0.0,optimal,545d8ca624cc
6,0.06,NHF,rolling,reset,model,2,0.0,0.0,4912848.573655034,4912848.573655034,0.0,optimal,545d8ca624cc
6,0.06,NHF,rolling,reset,model,3,7409.006365859066,7409.006365859066,8798163.551593967,8798163.551593967,0.0,optimal,545d8ca624cc
6,0.06,NHF,rolling,reset,model,4,5556.75477050457,5556.75477050457,8319309.200287046,8319309.200287046,0.0,optimal,545d8ca624cc
6,0.06,NHF,rolling,reset,model,5,0.0,0.0,8738637.784688344,8738637.784688344,0.0,optimal,545d8ca624cc
6,0.06,NHF,rolling,reset,model,6,5725.022828042771,5725.022828042771,15649569.347631473,15649569.347631473,0.0,optimal,545d8ca624cc
6,0.06,NHF,rolling,reset,model,7,17343.336524222996,17343.336524222996,20899957.0048847,20899957.0048847,0.0,optimal,545d8ca624cc
6,0.06,NHF,rolling,reset,model,8,13336.82278409787,13336.822784097869,15728865.733220091,15728865.733220091,0.0,optimal,545d8ca624cc
6,0.06,NHF,rolling,reset,model,9,7409.006365859066,7409.006365859066,9048694.365549413,9048694.365549413,0.0,optimal,545d8ca624cc
6,0.06,NHF,rolling,reset,model,10,5556.75477050457,5556.75477050457,7131117.7411981635,7131117.7411981635,0.0,optimal,545d8ca624cc
6,0.06,NHF,rolling,reset,model,11,0.0,0.0,5966107.968323906,5966107.968323906,0.0,optimal,545d8ca624cc
6,0.06,NHF,rolling,reset,model,12,3704.5031803363804,3704.5031803363804,10684390.712398836,10684390.712398836,0.0,optimal,545d8ca624cc
6,0.06,NHF,rolling,reset,model,13,9261.257956027255,9261.257956027255,14597933.295419093,14597933.295419093,0.0,optimal,545d8ca624cc
6,0.06,NHF,rolling,reset,model,14,2020.51964770639,2020.51964770639,14799676.130852722,14799676.130852722,0.0,optimal,545d8ca624cc
6,0.06,NHF,rolling,reset,model,15,24786.868434054806,24786.868434054806,23916341.498298418,23916341.498298418,0.0,optimal,545d8ca624cc
6,0.06,NDY,rolling,reset,model,1,7649.564491803167,7649.564491803167,10103017.615527602,10103017.615527626,-2.421438694000244e-08,optimal,545d8ca624cc
6,0.06,NDY,rolling,reset,model,2,7649.564491803165,7630.493456646858,10398259.31206078,10398259.31206078,0.0,optimal,545d8ca624cc
6,0.06,NDY,rolling,reset,model,3,7649.564491803165,7630.493456563086,10686230.262141336,10686230.26214134,-3.725290298461914e-09,optimal,545d8ca624cc
6,0.06,NDY,rolling,reset,model,4,7649.5644918031585,7630.267219593284,11479355.255294902,11479355.255294906,-3.725290298461914e-09,optimal,545d8ca624cc
6,0.06,NDY,rolling,reset,model,5,7649.564491803166,7630.267219523996,12097832.80178276,12097832.80178275,1.1175870895385742e-08,optimal,545d8ca624cc
6,0.06,NDY,rolling,reset,model,6,7649.5644918031685,7604.237488319919,12330053.394388808,12330053.394388808,0.0,optimal,545d8ca624cc
6,0.06,NDY,rolling,reset,model,7,7649.564491803168,7573.892365597051,12655775.947312525,12655775.947312523,1.862645149230957e-09,optimal,545d8ca624cc
6,0.06,NDY,rolling,reset,model,8,7649.564491803161,7548.056399989623,12972950.1964907,12968684.411357814,4265.785132884979,suboptimal,545d8ca624cc
6,0.06,NDY,rolling,reset,model,9,7649.5644918031785,7548.056399520909,12533922.372915618,12509973.775101518,23948.597814099863,suboptimal,545d8ca624cc
6,0.06,NDY,rolling,reset,model,10,7649.5644918031685,7548.056399426432,11883153.451000901,,,infeasible,545d8ca624cc
6,0.06,NDY,rolling,reset,model,11,7649.564491803174,7548.056398541941,11895824.892260531,,,infeasible,545d8ca624cc
6,0.06,NDY,rolling,reset,model,12,7649.564491803164,7548.05639848019,12059894.83517112,,,infeasible,545d8ca624cc
6,0.06,NDY,rolling,reset,model,13,7649.564491803166,7548.056398146275,12352667.871199027,,,infeasible,545d8ca624cc
6,0.06,NDY,rolling,reset,model,14,7649.564491803163,7548.0563960257405,12845464.058842832,,,infeasible,545d8ca624cc
6,0.06,NDY,rolling,reset,model,15,7872.545813080308,7919.967464776521,13625959.804316163,13625959.804316174,-1.1175870895385742e-08,optimal,545d8ca624cc
6,0.06,-10%,rolling,reset,model,1,9512.506687934401,9512.506687934401,11121148.524772761,11121148.524772765,-3.725290298461914e-09,optimal,545d8ca624cc
6,0.06,-10%,rolling,reset,model,2,8561.256019140961,8561.256018656646,10336713.858980605,10336713.858980604,1.862645149230957e-09,optimal,545d8ca624cc
6,0.06,-10%,rolling,reset,model,3,7705.130417226868,7705.130417340048,10111176.813825753,10111176.813825753,0.0,optimal,545d8ca624cc
6,0.06,-10%,rolling,reset,model,4,6934.617375504174,6934.617377392786,10374979.98418855,10374979.98418855,0.0,optimal,545d8ca624cc
6,0.06,-10%,rolling,reset,model,5,6241.155637953762,6241.15564273608,10889834.3909505,10889834.3909505,0.0,optimal,545d8ca624cc
6,0.06,-10%,rolling,reset,model,6,5725.022828042771,5725.022828042771,11855461.534549447,11855461.534549449,-1.862645149230957e-09,optimal,545d8ca624cc
6,0.06,-10%,rolling,reset,model,7,8082.07856819574,8082.07856819574,14098525.298445709,14098525.298445709,0.0,optimal,545d8ca624cc
6,0.06,-10%,rolling,reset,model,8,9738.270603769399,9738.27060358525,14891071.21150091,14891071.211500911,-1.862645149230957e-09,optimal,545d8ca624cc
6,0.06,-10%,rolling,reset,model,9,8764.443543392463,8764.443542764822,12931848.198346285,12931848.198346285,0.0,optimal,545d8ca624cc
6,0.06,-10%,rolling,reset,model,10,7887.9991890532165,7887.9991897987575,11384067.356362369,11384067.356362369,0.0,optimal,545d8ca624cc
6,0.06,-10%,rolling,reset,model,11,7099.199270147898,7099.199270829768,10727425.957428686,10727425.957428688,-1.862645149230957e-09,optimal,545d8ca624cc
6,0.06,-10%,rolling,reset,model,12,6389.279343133106,6389.279345013713,10516126.928718656,10516126.928718654,1.862645149230957e-09,optimal,545d8ca624cc
6,0.06,-10%,rolling,reset,model,13,5750.351408819799,5750.351413636702,11006922.202742299,11006922.202742299,0.0,optimal,545d8ca624cc
6,0.06,-10%,rolling,reset,model,14,5175.316267937818,5175.316269307681,12666166.684968434,12666166.684968434,0.0,optimal,545d8ca624cc
6,0.06,-10%,rolling,reset,model,15,9557.370374999999,10624.166456943558,16231181.745982552,15803326.370053425,427855.3759291265,suboptimal,545d8ca624cc
6,0.06,-20%,rolling,reset,model,1,11375.895958265206,11375.895958265206,11934733.719285166,11934733.719285166,0.0,optimal,545d8ca624cc
6,0.06,-20%,rolling,reset,model,2,9100.71676661217,9100.716767182266,9917155.355132187,9917155.35513219,-3.725290298461914e-09,optimal,545d8ca624cc
6,0.06,-20%,rolling,reset,model,3,7280.573413289738,7280.573413378552,9251124.984096477,9251124.984096484,-7.450580596923828e-09,optimal,545d8ca624cc
6,0.06,-20%,rolling,reset,model,4,5824.458730631787,5824.458732186374,9261575.605218908,9261575.605218908,0.0,optimal,545d8ca624cc
6,0.06,-20%,rolling,reset,model,5,4659.566984505433,4659.56698589706,10126708.43679359,10126708.436793588,1.862645149230957e-09,optimal,545d8ca624cc
6,0.06,-20%,rolling,reset,model,6,5725.022828042771,5725.022828042771,12425197.40457568,12425197.40457568,0.0,optimal,545d8ca624cc
6,0.06,-20%,rolling,reset,model,7,8082.07856819574,8082.07856819574,15123824.019798731,15123824.019798731,0.0,optimal,545d8ca624cc
6,0.06,-20%,rolling,reset,model,8,12108.371485546855,12108.371485308673,16727298.888887132,16727298.888887132,0.0,optimal,545d8ca624cc
6,0.06,-20%,rolling,reset,model,9,9686.69718843748,9686.697187420636,12670079.16952166,12670079.169521661,-1.862645149230957e-09,optimal,545d8ca624cc
6,0.06,-20%,rolling,reset,model,10,7749.357750749986,7749.357750139477,10484913.062977599,10484913.062977599,0.0,optimal,545d8ca624cc
6,0.06,-20%,rolling,reset,model,11,6199.486200599985,6199.486200501983,9287337.933507208,9287337.933507208,0.0,optimal,545d8ca624cc
6,0.06,-20%,rolling,reset,model,12,4959.588960479991,4959.588960120103,9038806.63280106,9038806.63280106,0.0,optimal,545d8ca624cc
6,0.06,-20%,rolling,reset,model,13,3967.6711683839935,3967.6711676296445,10112452.784457011,10112452.784457011,0.0,optimal,545d8ca624cc
6,0.06,-20%,rolling,reset,model,14,3174.1369347071964,3174.136933484329,13248731.923438389,13248731.923438389,0.0,optimal,545d8ca624cc
6,0.06,-20%,rolling,reset,model,15,9557.370374999997,14467.711199132798,19725786.649477363,17649565.273862913,2076221.3756144494,suboptimal,545d8ca624cc
6,0.06,+/-10%,rolling,reset,model,1,9512.506687934394,9512.506687934394,11053889.195967741,11053889.195967747,-5.587935447692871e-09,optimal,545d8ca624cc
6,0.06,+/-10%,rolling,reset,model,2,8561.256019140972,8561.256018656646,10215700.55065928,10215700.550659275,5.587935447692871e-09,optimal,545d8ca624cc
6,0.06,+/-10%,rolling,reset,model,3,7705.130417226861,7686.2963621313365,9893715.648125604,9893715.648125604,0.0,optimal,545d8ca624cc
6,0.06,+/-10%,rolling,reset,model,4,6934.617375504174,6616.996707078682,10046562.773514451,10012850.184887204,33712.58862724714,suboptimal,545d8ca624cc
6,0.06,+/-10%,rolling,reset,model,5,6241.155637953772,5955.297037813758,10656259.245189939,10606940.326454237,49318.91873570159,suboptimal,545d8ca624cc
6,0.06,+/-10%,rolling,reset,model,6,5725.022828042771,6550.826743996027,11791059.162889868,10714389.73405127,1076669.4288385976,suboptimal,545d8ca624cc
6,0.06,+/-10%,rolling,reset,model,7,6297.5251108470475,8082.07856819574,13828131.031927671,11954566.178927824,1873564.8529998474,suboptimal,545d8ca624cc
6,0.06,+/-10%,rolling,reset,model,8,6927.277621931749,9710.631100947832,14772469.5216023,12968651.043609615,1803818.4779926855,suboptimal,545d8ca624cc
6,0.06,+/-10%,rolling,reset,model,9,7620.005384124935,8739.567989368927,12937757.45391181,12527027.283317005,410730.170594804,suboptimal,545d8ca624cc
6,0.06,+/-10%,rolling,reset,model,10,8382.005922537428,7865.611191252932,11197644.006751167,,,infeasible,545d8ca624cc
6,0.06,+/-10%,rolling,reset,model,11,9220.206514791158,7079.050073456381,10419882.47398332,,,infeasible,545d8ca624cc
6,0.06,+/-10%,rolling,reset,model,12,8858.413186856393,6230.192696066916,10017934.943943908,,,infeasible,545d8ca624cc
6,0.06,+/-10%,rolling,reset,model,13,7972.571868170765,5607.173426146351,10311124.762361651,,,infeasible,545d8ca624cc
6,0.06,+/-10%,rolling,reset,model,14,7175.314681353677,6167.890767907209,11596609.009553727,,,infeasible,545d8ca624cc
6,0.06,+/-10%,rolling,reset,model,15,7892.846149489044,10405.719712503353,15844106.199875493,14458595.135493116,1385511.0643823761,suboptimal,545d8ca624cc
6,0.06,+/-20%,rolling,reset,model,1,11375.895958265211,11375.895958265211,11870525.338320984,11870525.338320982,1.862645149230957e-09,optimal,545d8ca624cc
6,0.06,+/-20%,rolling,reset,model,2,9100.716766612168,9068.44512922203,9803198.393358842,9803198.393358843,-1.862645149230957e-09,optimal,545d8ca624cc
6,0.06,+/-20%,rolling,reset,model,3,7280.57341328974,7254.756104413172,9073283.212148743,9073283.212148748,-5.587935447692871e-09,optimal,545d8ca624cc
6,0.06,+/-20%,rolling,reset,model,4,5824.4587306317835,5803.804885386746,8967943.283577532,8967943.283577532,0.0,optimal,545d8ca624cc
6,0.06,+/-20%,rolling,reset,model,5,4659.566984505431,4770.852358582234,9626350.907970406,9525587.42946032,100763.4785100855,suboptimal,545d8ca624cc
6,0.06,+/-20%,rolling,reset,model,6,5591.480381406516,5725.022828042771,11397846.104717813,11292103.54401239,105742.56070542336,suboptimal,545d8ca624cc
6,0.06,+/-20%,rolling,reset,model,7,6709.776457687825,8082.07856819574,14498411.593590688,13183697.886844922,1314713.706745766,suboptimal,545d8ca624cc
6,0.06,+/-20%,rolling,reset,model,8,8051.731749225385,12074.824782239333,16579671.57676997,14596280.707445463,1983390.8693245072,suboptimal,545d8ca624cc
6,0.06,+/-20%,rolling,reset,model,9,9662.078099070459,9659.859826487573,12536449.188780086,12536449.188780082,3.725290298461914e-09,optimal,545d8ca624cc
6,0.06,+/-20%,rolling,reset,model,10,11050.283940351454,7727.887860822767,10170241.44766771,,,infeasible,545d8ca624cc
6,0.06,+/-20%,rolling,reset,model,11,8840.22715228115,6182.310287329642,8748871.022366058,,,infeasible,545d8ca624cc
6,0.06,+/-20%,rolling,reset,model,12,7072.181721824932,4945.848231209047,8096918.319167997,,,infeasible,545d8ca624cc
6,0.06,+/-20%,rolling,reset,model,13,5657.745377459932,3956.678588374525,8444102.020933393,,,infeasible,545d8ca624cc
6,0.06,+/-20%,rolling,reset,model,14,4526.196301967915,4748.014301088067,10276399.85711881,9964818.0705434,311581.7865754105,suboptimal,545d8ca624cc
6,0.06,+/-20%,rolling,reset,model,15,5431.435562361505,14025.421987107227,19079493.343394287,12127188.362037944,6952304.981356343,suboptimal,545d8ca624cc
7,0.0,NHF,rolling,reset,model,1,0.0,0.0,172231471.92651436,172231471.92651436,0.0,optimal,545d8ca624cc
7,0.0,NHF,rolling,reset,model,2,0.0,0.0,182920119.4668342,182920119.4668342,0.0,optimal,545d8ca624cc
7,0.0,NHF,rolling,reset,model,3,0.0,0.0,194424584.47123447,194424584.47123447,0.0,optimal,545d8ca624cc
7,0.0,NHF,rolling,reset,model,4,0.0,0.0,205929049.47563472,205929049.47563472,0.0,optimal,545d8ca624cc
7,0.0,NHF,rolling,reset,model,5,39205.43419541298,0.0,217433514.480035,212417236.86209846,5016277.617936552,suboptimal,545d8ca624cc
7,0.0,NHF,rolling,reset,model,6,7614.494400951811,7614.494400951811,228937979.48443526,228937979.48443526,0.0,optimal,545d8ca624cc
7,0.0,NHF,rolling,reset,model,7,8108.338808108339,24410.87080465819,225287859.89083758,225287859.89083758,0.0,optimal,545d8ca624cc
7,0.0,NHF,rolling,reset,model,8,3066.6162887809023,16403.11171759883,199645606.03000683,199645606.03000683,0.0,optimal,545d8ca624cc
7,0.0,NHF,rolling,reset,model,9,3740.00000374,15327.482280221175,185241386.01680136,185241386.01680136,0.0,optimal,545d8ca624cc
7,0.0,NHF,rolling,reset,model,10,0.0,18700.00000561,172310852.39844322,172310852.39844322,0.0,optimal,545d8ca624cc
7,0.0,NHF,rolling,reset,model,11,0.0,3740.00000374,159171759.98664522,150009529.58397168,9162230.402673542,suboptimal,545d8ca624cc
7,0.0,NHF,rolling,reset,model,12,0.0,0.0,165934405.96103093,165934405.96103093,0.0,optimal,545d8ca624cc
7,0.0,NHF,rolling,reset,model,13,0.0,0.0,177438870.96543118,177438870.96543118,0.0,optimal,545d8ca624cc
7,0.0,NHF,rolling,reset,model,14,11965.71428372,7614.494400951811,188943335.96983147,188016652.46581763,926683.5040138364,suboptimal,545d8ca624cc
7,0.0,NHF,rolling,reset,model,15,59154.86559671523,5710.870799048189,187593342.10819098,,,infeasible,545d8ca624cc
7,0.0,NDY,rolling,reset,model,1,0.0,0.0,150937599.80985332,150937599.80985335,-2.9802322387695312e-08,optimal,545d8ca624cc
7,0.0,NDY,rolling,reset,model,2,0.0,0.0,161664269.84061694,161664269.84061697,-2.9802322387695312e-08,optimal,545d8ca624cc
7,0.0,NDY,rolling,reset,model,3,2938.436854901821,0.0,172236234.04110107,171855057.30293655,381176.7381645143,suboptimal,545d8ca624cc
7,0.0,NDY,rolling,reset,model,4,9588.06460497266,5981.796417334557,181272690.14669132,179008203.08145297,2264487.0652383566,suboptimal,545d8ca624cc
7,0.0,NDY,rolling,reset,model,5,9588.064604972653,9332.736675226231,183772596.31726587,182909953.10048014,862643.2167857289,suboptimal,545d8ca624cc
7,0.0,NDY,rolling,reset,model,6,9588.064604972647,9125.034107597614,181097470.35958314,180395206.94292662,702263.416656524,suboptimal,545d8ca624cc
7,0.0,NDY,rolling,reset,model,7,9588.064604972647,9104.783608914398,182320636.5167032,180272358.23993006,2048278.276773125,suboptimal,545d8ca624cc
7,0.0,NDY,rolling,reset,model,8,9588.06460497265,8793.822348884092,181100889.14113414,178048351.41472954,3052537.7264046073,suboptimal,545d8ca624cc
7,0.0,NDY,rolling,reset,model,9,9588.064604972647,8411.443934983283,179228099.37723842,175252507.08696115,3975592.2902772725,suboptimal,545d8ca624cc
7,0.0,NDY,rolling,reset,model,10,9588.064604972651,8056.954718640414,178027405.64959803,173401198.2351411,4626207.414456934,suboptimal,545d8ca624cc
7,0.0,NDY,rolling,reset,model,11,9588.064604972633,7718.559392161023,177426720.50343373,172209697.78305185,5217022.720381886,suboptimal,545d8ca624cc
7,0.0,NDY,rolling,reset,model,12,9588.06460497269,7718.559390159983,176238433.12551862,170996990.2476003,5241442.877918333,suboptimal,545d8ca624cc
7,0.0,NDY,rolling,reset,model,13,9588.06460497267,7718.559390452612,174610909.68590313,168872183.52490827,5738726.160994858,suboptimal,545d8ca624cc
7,0.0,NDY,rolling,reset,model,14,9588.064604972667,7718.559384,172493736.61579967,166524687.87609425,5969048.739705414,suboptimal,545d8ca624cc
7,0.0,NDY,rolling,reset,model,15,9588.06460497267,2687.834602966106,171063509.16472495,164829946.7764169,6233562.388308048,suboptimal,545d8ca624cc
7,0.0,-10%,rolling,reset,model,1,0.0,0.0,157299468.08689642,157299468.08689642,0.0,optimal,545d8ca624cc
7,0.0,-10%,rolling,reset,model,2,0.0,0.0,167218359.0529454,167218359.0529454,0.0,optimal,545d8ca624cc
7,0.0,-10%,rolling,reset,model,3,0.0,0.0,175785072.17965108,175785072.17965105,2.9802322387695312e-08,optimal,545d8ca624cc
7,0.0,-10%,rolling,reset,model,4,0.0,0.0,184038019.51999646,184038019.51999646,0.0,optimal,545d8ca624cc
7,0.0,-10%,rolling,reset,model,5,930.7726639111687,13958.007433620744,193370753.59389052,192937186.67717272,433566.9167177975,suboptimal,545d8ca624cc
7,0.0,-10%,rolling,reset,model,6,16057.155483224613,11795.12919377098,186702976.55155683,177179465.3971548,9523511.154402018,suboptimal,545d8ca624cc
7,0.0,-10%,rolling,reset,model,7,14451.439934902146,9197.680525599397,183323697.18005463,176497296.03708714,6826401.142967492,suboptimal,545d8ca624cc
7,0.0,-10%,rolling,reset,model,8,13006.295941411923,10480.465678765724,181777719.5176753,178940880.16511488,2836839.3525604308,suboptimal,545d8ca624cc
7,0.0,-10%,rolling,reset,model,9,11705.666347270739,9511.867649891297,178345615.35214698,176286333.14379278,2059282.208354205,suboptimal,545d8ca624cc
7,0.0,-10%,rolling,reset,model,10,10535.099712543673,8560.680885842678,176261426.65345812,174718618.8550517,1542807.7984064221,suboptimal,545d8ca624cc
7,0.0,-10%,rolling,reset,model,11,9481.589741289281,7704.612798785605,175779659.21067524,174617007.96063876,1162651.250036478,suboptimal,545d8ca624cc
7,0.0,-10%,rolling,reset,model,12,13152.351995847283,6934.151517574614,174164310.75339177,165070670.36816573,9093640.385226041,suboptimal,545d8ca624cc
7,0.0,-10%,rolling,reset,model,13,11837.116796262546,6240.736366947548,172588683.212204,168479926.41791493,4108756.7942890823,suboptimal,545d8ca624cc
7,0.0,-10%,rolling,reset,model,14,10653.405116636304,5616.66272852,172687503.6072218,170847286.21730733,1840217.3899144828,suboptimal,545d8ca624cc
7,0.0,-10%,rolling,reset,model,15,9588.06460497267,5233.84327582791,174358585.63233927,173700680.03951073,657905.592828542,suboptimal,545d8ca624cc
7,0.0,-20%,rolling,reset,model,1,0.0,0.0,158941747.15703395,158941747.15703395,0.0,optimal,545d8ca624cc
7,0.0,-20%,rolling,reset,model,2,0.0,0.0,168766413.61909837,168766413.6190983,5.960464477539063e-08,optimal,545d8ca624cc
7,0.0,-20%,rolling,reset,model,3,0.0,0.0,177348333.33059692,177348333.33059698,-5.960464477539063e-08,optimal,545d8ca624cc
7,0.0,-20%,rolling,reset,model,4,0.0,0.0,185503105.84959966,185503105.8495997,-2.9802322387695312e-08,optimal,545d8ca624cc
7,0.0,-20%,rolling,reset,model,5,593.6524331656435,15342.941914297087,195319209.99263802,195244561.979998,74648.01264002919,suboptimal,545d8ca624cc
7,0.0,-20%,rolling,reset,model,6,18040.548133032127,2608.196114023096,187444314.98483363,184739830.69152465,2704484.2933089733,suboptimal,545d8ca624cc
7,0.0,-20%,rolling,reset,model,7,14432.438506425706,9321.70550311,195402663.49123278,195339025.07615125,63638.41508153081,suboptimal,545d8ca624cc
7,0.0,-20%,rolling,reset,model,8,11545.950805140563,15286.356784503194,193639986.5896127,193597046.52068537,42940.06892731786,suboptimal,545d8ca624cc
7,0.0,-20%,rolling,reset,model,9,9236.76064411245,12861.109925295394,184196172.9622445,183842654.4512322,353518.51101231575,suboptimal,545d8ca624cc
7,0.0,-20%,rolling,reset,model,10,7389.408515289962,10288.88794318,177986890.61915308,177717048.90221947,269841.71693360806,suboptimal,545d8ca624cc
7,0.0,-20%,rolling,reset,model,11,5911.526812231969,8948.644959871759,175560677.96767253,175477326.111797,83351.8558755219,suboptimal,545d8ca624cc
7,0.0,-20%,rolling,reset,model,12,18726.688681587242,7158.91596629669,172033688.05405226,,,infeasible,545d8ca624cc
7,0.0,-20%,rolling,reset,model,13,14981.35094526979,5727.1327727287535,170899374.37640846,162924019.25878274,7975355.117625713,suboptimal,545d8ca624cc
7,0.0,-20%,rolling,reset,model,14,11985.080756215835,4581.70621596,171876058.54975635,168840458.7419595,3035599.807796836,suboptimal,545d8ca624cc
7,0.0,-20%,rolling,reset,model,15,9588.06460497267,0.0,175035073.07378215,174010902.53744382,1024170.5363383293,suboptimal,545d8ca624cc
7,0.0,+/-10%,rolling,reset,model,1,4023.2213127002747,4023.2213127002747,148449304.68827912,148449304.68827936,-2.384185791015625e-07,optimal,545d8ca624cc
7,0.0,+/-10%,rolling,reset,model,2,4425.543443970303,4214.833825409389,155555750.7866176,155458916.2475965,96834.53902110457,suboptimal,545d8ca624cc
7,0.0,+/-10%,rolling,reset,model,3,4868.0977883674595,4385.333898340997,162188023.9428724,161978195.68396,209828.2589124143,suboptimal,545d8ca624cc
7,0.0,+/-10%,rolling,reset,model,4,5354.907567203933,4596.137407741988,166686650.68307906,166534439.89573455,152210.78734451532,suboptimal,545d8ca624cc
7,0.0,+/-10%,rolling,reset,model,5,5890.398323924482,5245.269616940911,171610422.466329,171570113.82947168,40308.6368573308,suboptimal,545d8ca624cc
7,0.0,+/-10%,rolling,reset,model,6,6479.438156316933,5651.430824034371,175602225.31160566,175541734.6496582,60490.66194745898,suboptimal,545d8ca624cc
7,0.0,+/-10%,rolling,reset,model,7,7127.381971948621,5328.421220835772,179509538.83421117,179281610.93035886,227927.90385231376,suboptimal,545d8ca624cc
7,0.0,+/-10%,rolling,reset,model,8,7840.120169143493,5756.934653163432,182479228.65767726,182321219.68453708,158008.9731401801,suboptimal,545d8ca624cc
7,0.0,+/-10%,rolling,reset,model,9,8624.132186057906,6433.135336709141,184870934.8397231,184711565.97998333,159368.85973978043,suboptimal,545d8ca624cc
7,0.0,+/-10%,rolling,reset,model,10,9486.545404663595,7217.597302453521,186442678.75675395,186324539.1159286,118139.64082536101,suboptimal,545d8ca624cc
7,0.0,+/-10%,rolling,reset,model,11,10435.199945129973,7875.282836205968,186905097.86928853,186782320.71048608,122777.1588024497,suboptimal,545d8ca624cc
7,0.0,+/-10%,rolling,reset,model,12,11478.719939642891,8753.080372396624,184589901.68765256,184104496.58820596,485405.0994465947,suboptimal,545d8ca624cc
7,0.0,+/-10%,rolling,reset,model,13,11837.116796262595,9265.52293686,181093645.2013652,180123699.57705322,969945.6243119836,suboptimal,545d8ca624cc
7,0.0,+/-10%,rolling,reset,model,14,10653.40511663629,8338.97063769,177024328.6075181,176734836.13612518,289492.47139292955,suboptimal,545d8ca624cc
7,0.0,+/-10%,rolling,reset,model,15,9588.064604972751,7630.651921740505,177278644.23151973,177041239.02118337,237405.21033635736,suboptimal,545d8ca624cc
7,0.0,+/-20%,rolling,reset,model,1,2340.0038262148337,2340.0038262148337,153601509.89385444,153601509.89385444,0.0,optimal,545d8ca624cc
7,0.0,+/-20%,rolling,reset,model,2,2808.0045914577995,2675.1934992588817,161903617.8570797,161865401.78655726,38216.07052245736,suboptimal,545d8ca624cc
7,0.0,+/-20%,rolling,reset,model,3,3369.6055097493618,3221.0204131453584,168764407.3540424,168732526.36875403,31880.985288381577,suboptimal,545d8ca624cc
7,0.0,+/-20%,rolling,reset,model,4,4043.526611699237,3957.525939277791,174050650.84401023,174045898.7508614,4752.093148827553,suboptimal,545d8ca624cc
7,0.0,+/-20%,rolling,reset,model,5,4852.231934039077,5511.518801111357,179233774.03839004,179117461.4920904,116312.54629963636,suboptimal,545d8ca624cc
7,0.0,+/-20%,rolling,reset,model,6,5822.67832084689,5846.907776161032,183098838.21150854,183098838.2115084,1.4901161193847656e-07,optimal,545d8ca624cc
7,0.0,+/-20%,rolling,reset,model,7,6987.213985016265,7016.289332810508,187103223.8312543,187103223.8312543,0.0,optimal,545d8ca624cc
7,0.0,+/-20%,rolling,reset,model,8,8384.656782019518,8702.585682199882,188091345.66289535,188078012.33772555,13333.325169801712,suboptimal,545d8ca624cc
7,0.0,+/-20%,rolling,reset,model,9,10061.588138423427,10443.102815873868,186912139.47672397,186893385.89229628,18753.584427684546,suboptimal,545d8ca624cc
7,0.0,+/-20%,rolling,reset,model,10,9771.824210742845,8354.48224842,183784837.05564404,183710146.56970692,74690.48593711853,suboptimal,545d8ca624cc
7,0.0,+/-20%,rolling,reset,model,11,11726.18905289141,7556.580326672916,183541876.9421698,182974536.3525854,567340.5895843804,suboptimal,545d8ca624cc
7,0.0,+/-20%,rolling,reset,model,12,14071.426863469696,9700.651728278552,181793146.3845953,179597825.71596247,2195320.668632835,suboptimal,545d8ca624cc
7,0.0,+/-20%,rolling,reset,model,13,14981.350945269809,7760.521381656362,176362915.6786479,171781774.51496017,4581141.163687736,suboptimal,545d8ca624cc
7,0.0,+/-20%,rolling,reset,model,14,11985.08075621584,6208.41709839,174334021.96270758,173280206.2528272,1053815.7098803818,suboptimal,545d8ca624cc
7,0.0,+/-20%,rolling,reset,model,15,9588.06460497267,4703.91133135,176528860.2060923,176078816.97652647,450043.22956582904,suboptimal,545d8ca624cc
7,0.02,NHF,rolling,reset,model,1,11985.6080004839,11985.6080004839,35417384.1147154,35417384.1147154,0.0,optimal,545d8ca624cc
7,0.02,NHF,rolling,reset,model,2,0.0,0.0,33394460.05870563,33394460.05870563,0.0,optimal,545d8ca624cc
7,0.02,NHF,rolling,reset,model,3,9213.407458572558,1804.401092713492,40730397.83743372,40626019.81903443,104378.01839929074,suboptimal,545d8ca624cc
7,0.02,NHF,rolling,reset,model,4,0.0,0.0,47838765.83945885,47838765.83945885,0.0,optimal,545d8ca624cc
7,0.02,NHF,rolling,reset,model,5,16007.284859934098,26642.28940857915,59090914.42704828,58042483.70425007,1048430.7227982134,suboptimal,545d8ca624cc
7,0.02,NHF,rolling,reset,model,6,7614.494400951811,7614.494400951811,38599364.32583025,38599364.32583025,0.0,optimal,545d8ca624cc
7,0.02,NHF,rolling,reset,model,7,16083.479708139097,16083.479708139097,36469499.713184364,36469499.713184364,0.0,optimal,545d8ca624cc
7,0.02,NHF,rolling,reset,model,8,0.0,0.0,23771558.615165796,23771558.615165796,0.0,optimal,545d8ca624cc
7,0.02,NHF,rolling,reset,model,9,8890.807640068138,1481.801274209074,29882035.75983237,,,infeasible,545d8ca624cc
7,0.02,NHF,rolling,reset,model,10,0.0,0.0,34610980.748824514,34610980.748824514,0.0,optimal,545d8ca624cc
7,0.02,NHF,rolling,reset,model,11,0.0,7409.006365859066,42842163.55805425,42302422.15910712,539741.3989471346,suboptimal,545d8ca624cc
7,0.02,NHF,rolling,reset,model,12,1976.4651448336083,1976.4651448336083,43273242.47626976,43273242.47626976,0.0,optimal,545d8ca624cc
7,0.02,NHF,rolling,reset,model,13,21687.51890909091,21687.51890909091,50421956.26052064,50421956.26052064,0.0,optimal,545d8ca624cc
7,0.02,NHF,rolling,reset,model,14,7614.494400951811,7614.494400951811,34255516.60160127,34255516.60160127,0.0,optimal,545d8ca624cc
7,0.02,NHF,rolling,reset,model,15,14601.678439116327,7192.672073257263,31546699.95019811,27717882.08670792,3828817.8634901904,suboptimal,545d8ca624cc
7,0.02,NDY,rolling,reset,model,1,7191.654943434322,7191.654943434322,34187974.615358785,34187974.6153588,-1.4901161193847656e-08,optimal,545d8ca624cc
7,0.02,NDY,rolling,reset,model,2,7191.654943434328,7248.193150662866,36335091.88796131,36335091.88796132,-7.450580596923828e-09,optimal,545d8ca624cc
7,0.02,NDY,rolling,reset,model,3,7191.654943434326,7061.865115174289,37921126.09237297,37901176.30815965,19949.78421331942,suboptimal,545d8ca624cc
7,0.02,NDY,rolling,reset,model,4,7191.6549434343215,6953.075786622264,38887427.27205052,38796941.562970355,90485.70908016711,suboptimal,545d8ca624cc
7,0.02,NDY,rolling,reset,model,5,7191.654943434318,7000.779855254317,39945310.379946366,39884306.25001953,61004.12992683798,suboptimal,545d8ca624cc
7,0.02,NDY,rolling,reset,model,6,7191.654943434321,6995.936070945278,40346844.06674867,40220000.70296804,126843.36378063262,suboptimal,545d8ca624cc
7,0.02,NDY,rolling,reset,model,7,7191.654943434322,6960.159165817808,39479557.5783536,39355517.44127167,124040.13708192855,suboptimal,545d8ca624cc
7,0.02,NDY,rolling,reset,model,8,7191.654943434314,6952.118025949229,39209256.77598812,39008554.13602956,200702.63995856047,suboptimal,545d8ca624cc
7,0.02,NDY,rolling,reset,model,9,7191.654943434334,6953.938870883363,38186519.87988736,37957640.2453393,228879.6345480606,suboptimal,545d8ca624cc
7,0.02,NDY,rolling,reset,model,10,7191.654943434323,6971.613232944563,38412092.90359606,38184189.08731797,227903.8162780851,suboptimal,545d8ca624cc
7,0.02,NDY,rolling,reset,model,11,7191.654943434322,6867.198833001129,38575554.62835184,38270720.09892002,304834.5294318199,suboptimal,545d8ca624cc
7,0.02,NDY,rolling,reset,model,12,7191.654943434322,6818.450601094026,38622245.28830139,38217509.61346228,404735.67483911663,suboptimal,545d8ca624cc
7,0.02,NDY,rolling,reset,model,13,7191.654943434321,6808.843607192233,38972396.066387594,38511491.428271726,460904.638115868,suboptimal,545d8ca624cc
7,0.02,NDY,rolling,reset,model,14,9588.064604972675,6796.773979894089,39332525.83713883,,,infeasible,545d8ca624cc
7,0.02,NDY,rolling,reset,model,15,9588.064604972673,6784.2721610921935,38569606.88488383,,,infeasible,545d8ca624cc
7,0.02,-10%,rolling,reset,model,1,5829.288600410968,5829.288600410968,34807921.66344285,34807921.66344287,-2.2351741790771484e-08,optimal,545d8ca624cc
7,0.02,-10%,rolling,reset,model,2,5246.35974036991,5349.205515741718,38191023.44650257,38190596.511273965,426.93522860109806,suboptimal,545d8ca624cc
7,0.02,-10%,rolling,reset,model,3,9946.567497390726,9445.860155611259,41725419.85804692,41724150.821416095,1269.0366308242083,suboptimal,545d8ca624cc
7,0.02,-10%,rolling,reset,model,4,8951.910747651644,9400.610366955905,41166383.29839159,41157649.68802051,8733.61037107557,suboptimal,545d8ca624cc
7,0.02,-10%,rolling,reset,model,5,8460.549334390904,8460.549338716524,40212348.40034142,40212348.40034142,0.0,optimal,545d8ca624cc
7,0.02,-10%,rolling,reset,model,6,7614.494400951811,7614.494400951811,38698475.5356717,38698475.5356717,0.0,optimal,545d8ca624cc
7,0.02,-10%,rolling,reset,model,7,7317.076260526606,7262.867079979162,36309141.73899858,36309141.73899858,0.0,optimal,545d8ca624cc
7,0.02,-10%,rolling,reset,model,8,6585.368634473927,6563.6968839562405,35038951.763573505,35038951.763573505,0.0,optimal,545d8ca624cc
7,0.02,-10%,rolling,reset,model,9,5926.831771026571,5907.327195728181,34423265.26660668,34423265.26660669,-7.450580596923828e-09,optimal,545d8ca624cc
7,0.02,-10%,rolling,reset,model,10,5334.148593923896,5333.191693445542,35037068.80789124,35037068.80789125,-7.450580596923828e-09,optimal,545d8ca624cc
7,0.02,-10%,rolling,reset,model,11,4800.7337345315045,4799.8725231301905,36400318.052216634,36400318.052216634,0.0,optimal,545d8ca624cc
7,0.02,-10%,rolling,reset,model,12,4320.660361078357,4319.885269990188,38542780.05702549,38542780.05702549,0.0,optimal,545d8ca624cc
7,0.02,-10%,rolling,reset,model,13,8845.137747373761,8880.79708621314,41965103.6398317,41965103.6398317,0.0,optimal,545d8ca624cc
7,0.02,-10%,rolling,reset,model,14,10653.40511663627,8020.963449829655,40293474.15622102,37394189.4156353,2899284.7405857146,suboptimal,545d8ca624cc
7,0.02,-10%,rolling,reset,model,15,9588.064604972686,7204.8797461656195,38520681.68617316,36295466.69145623,2225214.994716935,suboptimal,545d8ca624cc
7,0.02,-20%,rolling,reset,model,1,7050.6576399575815,7050.6576399575815,34970257.52140246,34970257.52140246,0.0,optimal,545d8ca624cc
7,0.02,-20%,rolling,reset,model,2,5640.526111966066,5634.2156936920765,37270181.41695281,37270181.41695281,0.0,optimal,545d8ca624cc
7,0.02,-20%,rolling,reset,model,3,8667.422110924745,8672.175869920897,40309050.22812553,40309050.22812553,0.0,optimal,545d8ca624cc
7,0.02,-20%,rolling,reset,model,4,6933.937688739797,6937.740700709301,40240737.08959771,40240737.08959771,0.0,optimal,545d8ca624cc
7,0.02,-20%,rolling,reset,model,5,9518.118001189765,9518.11799895526,41879145.9255493,41879145.9255493,0.0,optimal,545d8ca624cc
7,0.02,-20%,rolling,reset,model,6,7614.494400951811,7614.494400951811,39360407.72363927,39360407.72363927,0.0,optimal,545d8ca624cc
7,0.02,-20%,rolling,reset,model,7,8694.087645971349,8667.759829025084,37152292.60567108,37152292.60567108,0.0,optimal,545d8ca624cc
7,0.02,-20%,rolling,reset,model,8,6955.270116777079,6960.375314654414,34371837.195827805,34371837.1958278,7.450580596923828e-09,optimal,545d8ca624cc
7,0.02,-20%,rolling,reset,model,9,5564.216093421666,5568.300253695118,33195039.085997175,33195039.085997175,0.0,optimal,545d8ca624cc
7,0.02,-20%,rolling,reset,model,10,4451.3728747373325,4464.79723537563,33824481.53782755,33824481.53782755,0.0,optimal,545d8ca624cc
7,0.02,-20%,rolling,reset,model,11,3561.098299789867,3571.8377841041056,36061109.938073315,36061109.938073315,0.0,optimal,545d8ca624cc
7,0.02,-20%,rolling,reset,model,12,3273.495584181923,3262.7561017807534,39723019.82856572,39723019.82856572,0.0,optimal,545d8ca624cc
7,0.02,-20%,rolling,reset,model,13,11256.213263898646,11487.941864441886,44730595.32693762,44710092.17180533,20503.1551322937,suboptimal,545d8ca624cc
7,0.02,-20%,rolling,reset,model,14,11985.080756215835,9226.463513333721,40303481.58607896,38038509.96580446,2264971.620274499,suboptimal,545d8ca624cc
7,0.02,-20%,rolling,reset,model,15,9588.06460497267,7365.075143634447,37046222.13049799,35213190.78757278,1833031.3429252133,suboptimal,545d8ca624cc
7,0.02,+/-10%,rolling,reset,model,1,6337.044508941589,6337.044508941589,34603212.59631617,34603212.59631617,0.0,optimal,545d8ca624cc
7,0.02,+/-10%,rolling,reset,model,2,6970.748959835749,7119.890035661074,37581612.03188228,37579059.89817136,2552.1337109208107,suboptimal,545d8ca624cc
7,0.02,+/-10%,rolling,reset,model,3,7667.823855819328,7569.1218098396475,39505233.82090282,39504928.968504876,304.8523979410529,suboptimal,545d8ca624cc
7,0.02,+/-10%,rolling,reset,model,4,8434.606241401252,8789.282936900765,40331538.05786292,40330264.22495973,1273.8329031914473,suboptimal,545d8ca624cc
7,0.02,+/-10%,rolling,reset,model,5,8460.549334390902,7910.354637164301,39870242.600227326,,,infeasible,545d8ca624cc
7,0.02,+/-10%,rolling,reset,model,6,7614.494400951811,7614.494400951811,39084860.62816003,39084860.62816003,0.0,optimal,545d8ca624cc
7,0.02,+/-10%,rolling,reset,model,7,6985.032262699795,7429.055197324357,36712813.82522536,36665038.78885739,47775.036367967725,suboptimal,545d8ca624cc
7,0.02,+/-10%,rolling,reset,model,8,6286.529036429812,6686.149679997988,34527743.96754074,34504547.844257265,23196.123283475637,suboptimal,545d8ca624cc
7,0.02,+/-10%,rolling,reset,model,9,5657.876132786839,5927.294264750546,34269362.18257683,34266321.81784598,3040.364730849862,suboptimal,545d8ca624cc
7,0.02,+/-10%,rolling,reset,model,10,5613.4678079808855,4986.067305977498,35054509.30778838,34961155.80459054,93353.50319784135,suboptimal,545d8ca624cc
7,0.02,+/-10%,rolling,reset,model,11,6174.814588778969,5162.592243046514,36749476.8660717,36412224.79088611,337252.0751855895,suboptimal,545d8ca624cc
7,0.02,+/-10%,rolling,reset,model,12,6792.296047656868,5677.178364265322,38508112.415779814,37985508.90808962,522603.50769019127,suboptimal,545d8ca624cc
7,0.02,+/-10%,rolling,reset,model,13,7471.525652422553,6244.896198557044,40261824.24717674,39948218.42015651,313605.8270202279,suboptimal,545d8ca624cc
7,0.02,+/-10%,rolling,reset,model,14,8218.67821766481,8691.859054794466,41978064.60151081,41920212.91624363,57851.685267180204,suboptimal,545d8ca624cc
7,0.02,+/-10%,rolling,reset,model,15,9040.54603943129,7846.309182063524,39103148.65758048,38161873.39366309,941275.2639173865,suboptimal,545d8ca624cc
7,0.02,+/-20%,rolling,reset,model,1,6564.420350855157,6564.420350855157,34789144.15797235,34789144.15797234,7.450580596923828e-09,optimal,545d8ca624cc
7,0.02,+/-20%,rolling,reset,model,2,6505.76659672944,6505.766599366775,37548123.496048324,37548123.496048324,0.0,optimal,545d8ca624cc
7,0.02,+/-20%,rolling,reset,model,3,7806.91991607534,7071.155173930394,39957466.251006454,39953765.52727513,3700.7237313240767,suboptimal,545d8ca624cc
7,0.02,+/-20%,rolling,reset,model,4,9368.3038992904,8502.44507775552,41418814.23033555,41414968.31680403,3845.9135315194726,suboptimal,545d8ca624cc
7,0.02,+/-20%,rolling,reset,model,5,7494.64311943231,9498.192892349054,41425684.91531204,41162188.39390981,263496.5214022249,suboptimal,545d8ca624cc
7,0.02,+/-20%,rolling,reset,model,6,7614.494400951811,7614.494400951811,39070857.70225453,39070857.70225453,0.0,optimal,545d8ca624cc
7,0.02,+/-20%,rolling,reset,model,7,8129.830877644458,8248.559573795617,36719553.19738321,36714897.913182266,4655.284200944006,suboptimal,545d8ca624cc
7,0.02,+/-20%,rolling,reset,model,8,6503.864702115565,6598.847659187069,33603080.39775248,33600827.823308736,2252.574443742633,suboptimal,545d8ca624cc
7,0.02,+/-20%,rolling,reset,model,9,5203.091761692447,5279.078125641426,33415086.210052706,33413695.20789006,1391.0021626465023,suboptimal,545d8ca624cc
7,0.02,+/-20%,rolling,reset,model,10,4584.545642546656,4223.407333008515,34643154.15482477,34476941.757755,166212.39706977457,suboptimal,545d8ca624cc
7,0.02,+/-20%,rolling,reset,model,11,5501.454771055988,4838.561525632968,37196787.913943395,36959523.08006633,237264.8338770643,suboptimal,545d8ca624cc
7,0.02,+/-20%,rolling,reset,model,12,6601.7457252671875,5806.273828074682,39490164.10872704,39105618.8523399,384545.2563871369,suboptimal,545d8ca624cc
7,0.02,+/-20%,rolling,reset,model,13,7922.09487032063,6967.52859193017,41240344.907694414,40911718.611075595,328626.29661881924,suboptimal,545d8ca624cc
7,0.02,+/-20%,rolling,reset,model,14,9506.513844384766,9880.735271217261,42065379.91910821,42031503.82516567,33876.093942545354,suboptimal,545d8ca624cc
7,0.02,+/-20%,rolling,reset,model,15,9588.064604972664,7928.263663544822,37547131.92346433,36561630.10002337,985501.8234409615,suboptimal,545d8ca624cc
7,0.04,NHF,rolling,reset,model,1,11985.6080004839,11985.6080004839,16200625.403016197,16200625.403016197,0.0,optimal,545d8ca624cc
7,0.04,NHF,rolling,reset,model,2,1481.801274209074,1481.801274209074,14120251.673030356,14120251.673030356,0.0,optimal,545d8ca624cc
7,0.04,NHF,rolling,reset,model,3,12258.253513565458,12258.253513565458,19554791.60643118,19554791.60643118,0.0,optimal,545d8ca624cc
7,0.04,NHF,rolling,reset,model,4,6465.662852293611,6465.662852293611,16414277.522947665,16414277.522947665,0.0,optimal,545d8ca624cc
7,0.04,NHF,rolling,reset,model,5,1976.4651448336083,1976.4651448336083,16854003.52242295,16854003.52242295,0.0,optimal,545d8ca624cc
7,0.04,NHF,rolling,reset,model,6,7614.494400951811,7614.494400951811,22555222.927488107,22555222.927488107,0.0,optimal,545d8ca624cc
7,0.04,NHF,rolling,reset,model,7,16083.479708139097,16083.479708139097,21992764.591856737,21992764.591856737,0.0,optimal,545d8ca624cc
7,0.04,NHF,rolling,reset,model,8,1481.801274209074,1481.801274209074,11316282.183320345,11316282.183320345,0.0,optimal,545d8ca624cc
7,0.04,NHF,rolling,reset,model,9,7409.006365859066,7409.006365859066,14959670.505007373,14959670.505007373,0.0,optimal,545d8ca624cc
7,0.04,NHF,rolling,reset,model,10,0.0,0.0,13068696.273176646,13068696.273176646,0.0,optimal,545d8ca624cc
7,0.04,NHF,rolling,reset,model,11,4849.247147706391,4849.247147706391,19380261.62129399,19380261.62129399,0.0,optimal,545d8ca624cc
7,0.04,NHF,rolling,reset,model,12,8442.12799712722,8442.12799712722,22483671.52637031,22483671.52637031,0.0,optimal,545d8ca624cc
7,0.04,NHF,rolling,reset,model,13,10372.608909090908,10372.608909090908,22615426.095812675,22615426.095812675,0.0,optimal,545d8ca624cc
7,0.04,NHF,rolling,reset,model,14,9096.295675160885,9096.295675160885,20794066.570508968,20794066.570508968,0.0,optimal,545d8ca624cc
7,0.04,NHF,rolling,reset,model,15,13119.877164907255,13119.877164907255,17545484.107952084,17545484.107952084,0.0,optimal,545d8ca624cc
7,0.04,NDY,rolling,reset,model,1,7217.604364538565,7217.604364538565,15144784.337629586,15144784.33762958,5.587935447692871e-09,optimal,545d8ca624cc
7,0.04,NDY,rolling,reset,model,2,7217.604364538564,7217.604364538565,16502692.648073971,16502692.648073971,0.0,optimal,545d8ca624cc
7,0.04,NDY,rolling,reset,model,3,7389.860422921722,7389.860422921722,17880263.435398668,17880263.435398668,0.0,optimal,545d8ca624cc
7,0.04,NDY,rolling,reset,model,4,7389.860422921722,7350.302048950364,18768758.249282803,18768758.2492828,3.725290298461914e-09,optimal,545d8ca624cc
7,0.04,NDY,rolling,reset,model,5,7389.860422921721,7345.687999174937,19579057.132496033,19579057.132496033,0.0,optimal,545d8ca624cc
7,0.04,NDY,rolling,reset,model,6,7389.860422921721,7335.1425779786005,19667001.16337348,19667001.163373485,-3.725290298461914e-09,optimal,545d8ca624cc
7,0.04,NDY,rolling,reset,model,7,7389.860422921722,7138.776319228771,18195125.128186252,18154582.734082524,40542.394103728235,suboptimal,545d8ca624cc
7,0.04,NDY,rolling,reset,model,8,7389.860422921725,6745.13906942497,16960988.000289485,16761352.653157502,199635.34713198245,suboptimal,545d8ca624cc
7,0.04,NDY,rolling,reset,model,9,7389.860422921713,6510.127718150855,16468730.994634505,16150713.76855061,318017.2260838952,suboptimal,545d8ca624cc
7,0.04,NDY,rolling,reset,model,10,7389.86042292172,5871.919027552457,16592161.596562382,15967403.033394506,624758.5631678756,suboptimal,545d8ca624cc
7,0.04,NDY,rolling,reset,model,11,7389.860422921722,5875.691796739182,17354426.164160132,16669214.184652762,685211.9795073699,suboptimal,545d8ca624cc
7,0.04,NDY,rolling,reset,model,12,7389.860422921711,5875.691790920533,18143589.006928235,17505458.29260085,638130.7143273838,suboptimal,545d8ca624cc
7,0.04,NDY,rolling,reset,model,13,7389.860422921732,7138.7763167612775,19492181.871969678,19414358.7940402,77823.07792947814,suboptimal,545d8ca624cc
7,0.04,NDY,rolling,reset,model,14,9588.064604972675,7178.111074060431,19821238.14626674,,,infeasible,545d8ca624cc
7,0.04,NDY,rolling,reset,model,15,9588.064604972667,7087.861320866811,18604905.16038377,,,infeasible,545d8ca624cc
7,0.04,-10%,rolling,reset,model,1,7564.807390532709,7564.807390532709,15379716.405562948,15379716.40556295,-1.862645149230957e-09,optimal,545d8ca624cc
7,0.04,-10%,rolling,reset,model,2,6808.326651479441,6808.326654990709,16583343.045820935,16583343.045820933,1.862645149230957e-09,optimal,545d8ca624cc
7,0.04,-10%,rolling,reset,model,3,8212.245360539868,8212.302628947098,18346784.338995565,18346784.338995565,0.0,optimal,545d8ca624cc
7,0.04,-10%,rolling,reset,model,4,7391.02082448588,7391.072365000922,18675996.88301157,18675996.883011565,3.725290298461914e-09,optimal,545d8ca624cc
7,0.04,-10%,rolling,reset,model,5,6651.918742037292,6651.96513332687,19344860.68472807,19344860.68472807,0.0,optimal,545d8ca624cc
7,0.04,-10%,rolling,reset,model,6,7614.494400951811,7614.494400951811,20252015.70788453,20252015.70788453,0.0,optimal,545d8ca624cc
7,0.04,-10%,rolling,reset,model,7,7775.402191459224,7805.191089392569,18579326.308807492,18579326.308807492,0.0,optimal,545d8ca624cc
7,0.04,-10%,rolling,reset,model,8,6997.8619723133015,6997.143883667544,16411257.680951785,16411257.680951783,1.862645149230957e-09,optimal,545d8ca624cc
7,0.04,-10%,rolling,reset,model,9,6298.075775081974,6297.429494204816,15761249.58445795,15761249.584457953,-1.862645149230957e-09,optimal,545d8ca624cc
7,0.04,-10%,rolling,reset,model,10,5668.268197573775,5667.686545509734,15632941.012667963,15632941.012667963,0.0,optimal,545d8ca624cc
7,0.04,-10%,rolling,reset,model,11,5101.441377816397,5100.9178919696715,16194794.750306992,16194794.750306992,0.0,optimal,545d8ca624cc
7,0.04,-10%,rolling,reset,model,12,4591.297240034757,4608.887284107369,17462529.709885575,17462529.709885575,0.0,optimal,545d8ca624cc
7,0.04,-10%,rolling,reset,model,13,8391.604565335863,5927.561004641081,20081165.692214906,19047432.852904662,1033732.8393102437,suboptimal,545d8ca624cc
7,0.04,-10%,rolling,reset,model,14,10653.4051166363,10583.080819051296,22260064.301918574,22260064.301918574,0.0,optimal,545d8ca624cc
7,0.04,-10%,rolling,reset,model,15,9588.064604972667,8544.715768577835,18239939.492184136,17926885.741686564,313053.7504975721,suboptimal,545d8ca624cc
7,0.04,-20%,rolling,reset,model,1,7947.10296361961,7947.10296361961,15516443.322853833,15516443.322853833,0.0,optimal,545d8ca624cc
7,0.04,-20%,rolling,reset,model,2,6357.682370895687,6357.682372392571,16460099.977938171,16460099.977938171,0.0,optimal,545d8ca624cc
7,0.04,-20%,rolling,reset,model,3,8997.658637534892,8997.65863753489,18576088.89666821,18576088.89666821,0.0,optimal,545d8ca624cc
7,0.04,-20%,rolling,reset,model,4,7198.126910027913,7198.126911373043,18230344.074030284,18230344.074030284,0.0,optimal,545d8ca624cc
7,0.04,-20%,rolling,reset,model,5,5758.5015280223315,5758.501528518568,18870768.497939877,18870768.497939877,0.0,optimal,545d8ca624cc
7,0.04,-20%,rolling,reset,model,6,7614.494400951811,7614.494400951811,20695351.007686194,20695351.007686194,0.0,optimal,545d8ca624cc
7,0.04,-20%,rolling,reset,model,7,9257.096417196473,9293.546913415707,19236925.01664702,19236925.01664702,0.0,optimal,545d8ca624cc
7,0.04,-20%,rolling,reset,model,8,7405.677133757181,6951.236820551534,15676091.073354412,15586085.76877169,90005.30458272249,suboptimal,545d8ca624cc
7,0.04,-20%,rolling,reset,model,9,5924.541707005744,5560.989457306656,14733618.634449568,14601340.577175379,132278.05727418885,suboptimal,545d8ca624cc
7,0.04,-20%,rolling,reset,model,10,4739.6333656045945,4448.791568071968,14991488.488569828,14885802.041622257,105686.44694757089,suboptimal,545d8ca624cc
7,0.04,-20%,rolling,reset,model,11,4849.247147706391,4849.247147706391,16751312.588632507,16751312.588632507,0.0,optimal,545d8ca624cc
7,0.04,-20%,rolling,reset,model,12,5204.139970896416,5204.139970471564,18602867.991383985,18602867.991383985,0.0,optimal,545d8ca624cc
7,0.04,-20%,rolling,reset,model,13,8925.395848830069,6820.664142595399,21008886.575540274,20127108.798675396,881777.7768648788,suboptimal,545d8ca624cc
7,0.04,-20%,rolling,reset,model,14,11985.080756215837,12299.15615217237,22575983.974397086,22566014.705503836,9969.268893249333,suboptimal,545d8ca624cc
7,0.04,-20%,rolling,reset,model,15,9588.064604972667,7805.998779199303,16807334.980325837,16377323.76076695,430011.2195588872,suboptimal,545d8ca624cc
7,0.04,+/-10%,rolling,reset,model,1,7564.807390532711,7564.807390532711,15306836.1238302,15306836.1238302,0.0,optimal,545d8ca624cc
7,0.04,+/-10%,rolling,reset,model,2,6808.326651479439,6808.326654990709,16469145.150765417,16469145.150765415,1.862645149230957e-09,optimal,545d8ca624cc
7,0.04,+/-10%,rolling,reset,model,3,7489.159316627376,8105.9226504521175,18277495.43265719,18224076.71148513,53418.72117206082,suboptimal,545d8ca624cc
7,0.04,+/-10%,rolling,reset,model,4,7896.839524774472,7290.483301018502,18696919.96592081,,,infeasible,545d8ca624cc
7,0.04,+/-10%,rolling,reset,model,5,7107.155572297026,6922.267638927874,19491425.681288995,,,infeasible,545d8ca624cc
7,0.04,+/-10%,rolling,reset,model,6,7614.494400951811,7614.494400951811,20121289.317655716,20121289.317655716,0.0,optimal,545d8ca624cc
7,0.04,+/-10%,rolling,reset,model,7,7875.1715841066325,7774.290511547282,18382866.33861697,18382166.924791485,699.4138254858553,suboptimal,545d8ca624cc
7,0.04,+/-10%,rolling,reset,model,8,7087.6544256959705,6996.861460830111,16200627.155337285,16192832.5794959,7794.575841385871,suboptimal,545d8ca624cc
7,0.04,+/-10%,rolling,reset,model,9,6378.888983126377,6297.175314538572,15382887.26696137,15371802.281025624,11084.98593574576,suboptimal,545d8ca624cc
7,0.04,+/-10%,rolling,reset,model,10,5741.0000848137315,5460.951069539864,15093657.592880787,15081215.28704243,12442.305838357657,suboptimal,545d8ca624cc
7,0.04,+/-10%,rolling,reset,model,11,6315.100093295111,5100.712002317609,15659267.258691953,15217121.904094724,442145.3545972295,suboptimal,545d8ca624cc
7,0.04,+/-10%,rolling,reset,model,12,6946.610102624614,5610.783203272609,16660181.547972696,16171072.376291003,489109.1716816928,suboptimal,545d8ca624cc
7,0.04,+/-10%,rolling,reset,model,13,7641.2711128870815,6921.465148797128,19221237.340447985,19173493.39846677,47743.94198121503,suboptimal,545d8ca624cc
7,0.04,+/-10%,rolling,reset,model,14,8405.398224175791,10670.990550857327,22071571.833577953,21588930.195547685,482641.63803026825,suboptimal,545d8ca624cc
7,0.04,+/-10%,rolling,reset,model,15,9245.938046593372,8309.525822993437,17900000.168950044,17661936.869270958,238063.2996790856,suboptimal,545d8ca624cc
7,0.04,+/-20%,rolling,reset,model,1,7695.708157126486,7695.708157126486,15415189.488587312,15415189.48858731,1.862645149230957e-09,optimal,545d8ca624cc
7,0.04,+/-20%,rolling,reset,model,2,6654.022793568678,6654.02279230596,16526040.019325485,16526040.019325485,0.0,optimal,545d8ca624cc
7,0.04,+/-20%,rolling,reset,model,3,7984.827352282413,8750.409998345805,18488372.198413547,18432993.901732586,55378.296680960804,suboptimal,545d8ca624cc
7,0.04,+/-20%,rolling,reset,model,4,7931.7650009914705,7000.287876538703,18349363.17093078,,,infeasible,545d8ca624cc
7,0.04,+/-20%,rolling,reset,model,5,6345.412000793176,6345.411998758264,19263654.891779743,19263654.891779743,0.0,optimal,545d8ca624cc
7,0.04,+/-20%,rolling,reset,model,6,7614.494400951811,7614.494400951811,20543117.373973325,20543117.373973325,0.0,optimal,545d8ca624cc
7,0.04,+/-20%,rolling,reset,model,7,8948.8361533637,9196.039217125808,19017210.327176273,19009302.70461441,7907.622561864555,suboptimal,545d8ca624cc
7,0.04,+/-20%,rolling,reset,model,8,7159.068922690962,6866.544429382339,15475337.351234032,15421095.255185554,54242.09604847804,suboptimal,545d8ca624cc
7,0.04,+/-20%,rolling,reset,model,9,5727.255138152769,5493.235541639193,14537855.419129992,14460844.802911175,77010.61621881649,suboptimal,545d8ca624cc
7,0.04,+/-20%,rolling,reset,model,10,4581.804110522216,4394.588433981093,14805258.171940204,14743873.525629504,61384.646310700104,suboptimal,545d8ca624cc
7,0.04,+/-20%,rolling,reset,model,11,4634.082766765801,4746.519071801906,16536863.37873737,16492523.46074168,44339.91799568944,suboptimal,545d8ca624cc
7,0.04,+/-20%,rolling,reset,model,12,5560.8993201189605,5695.8228861622865,18397894.40677878,18375589.808395527,22304.598383251578,suboptimal,545d8ca624cc
7,0.04,+/-20%,rolling,reset,model,13,6673.079184142754,6834.987463394744,20270413.09574396,20187373.621422786,83039.47432117537,suboptimal,545d8ca624cc
7,0.04,+/-20%,rolling,reset,model,14,8007.695020971304,12211.304854838665,22290749.20359025,21405700.625197217,885048.5783930346,suboptimal,545d8ca624cc
7,0.04,+/-20%,rolling,reset,model,15,9588.064604972667,7750.241527337761,16403288.8681841,16029506.063810205,373782.80437389575,suboptimal,545d8ca624cc
7,0.06,NHF,rolling,reset,model,1,11985.6080004839,11985.6080004839,9773227.946263283,9773227.946263283,0.0,optimal,545d8ca624cc
7,0.06,NHF,rolling,reset,model,2,1481.801274209074,1481.801274209074,7641731.263466533,7641731.263466533,0.0,optimal,545d8ca624cc
7,0.06,NHF,rolling,reset,model,3,12258.253513565458,12258.253513565458,12338546.596597863,12338546.596597863,0.0,optimal,545d8ca624cc
7,0.06,NHF,rolling,reset,model,4,6465.662852293611,6465.662852293611,9564866.755962662,9564866.755962662,0.0,optimal,545d8ca624cc
7,0.06,NHF,rolling,reset,model,5,1976.4651448336083,1976.4651448336083,9630036.0794558,9630036.0794558,0.0,optimal,545d8ca624cc
7,0.06,NHF,rolling,reset,model,6,7614.494400951811,7614.494400951811,14826577.899030743,14826577.899030743,0.0,optimal,545d8ca624cc
7,0.06,NHF,rolling,reset,model,7,16083.479708139097,16083.479708139097,15133834.929372381,15133834.929372381,0.0,optimal,545d8ca624cc
7,0.06,NHF,rolling,reset,model,8,1481.801274209074,1481.801274209074,5834021.902851325,5834021.902851325,0.0,optimal,545d8ca624cc
7,0.06,NHF,rolling,reset,model,9,7409.006365859066,7409.006365859066,8634160.957723899,8634160.957723899,0.0,optimal,545d8ca624cc
7,0.06,NHF,rolling,reset,model,10,0.0,0.0,6387196.766598051,6387196.766598051,0.0,optimal,545d8ca624cc
7,0.06,NHF,rolling,reset,model,11,4849.247147706391,4849.247147706391,11440529.478484102,11440529.478484102,0.0,optimal,545d8ca624cc
7,0.06,NHF,rolling,reset,model,12,8442.12799712722,8442.12799712722,14273271.606443657,14273271.606443657,0.0,optimal,545d8ca624cc
7,0.06,NHF,rolling,reset,model,13,10372.608909090908,10372.608909090908,14855199.667201657,14855199.667201657,0.0,optimal,545d8ca624cc
7,0.06,NHF,rolling,reset,model,14,9096.295675160885,9096.295675160885,13899347.421390183,13899347.421390183,0.0,optimal,545d8ca624cc
7,0.06,NHF,rolling,reset,model,15,13119.877164907255,13119.877164907255,11656800.219790064,11656800.219790064,0.0,optimal,545d8ca624cc
7,0.06,NDY,rolling,reset,model,1,7217.604364538565,7217.604364538565,8689284.314029176,8689284.314029267,-9.12696123123169e-08,optimal,545d8ca624cc
7,0.06,NDY,rolling,reset,model,2,7217.604364538564,7217.604364538565,9624330.035661405,9624330.035661405,0.0,optimal,545d8ca624cc
7,0.06,NDY,rolling,reset,model,3,7389.86042292172,7389.860422921722,10676637.253895769,10676637.253895769,0.0,optimal,545d8ca624cc
7,0.06,NDY,rolling,reset,model,4,7389.86042292172,7345.935364984347,11437574.743793977,11437574.743793976,1.862645149230957e-09,optimal,545d8ca624cc
7,0.06,NDY,rolling,reset,model,5,7389.86042292172,7345.935365618276,12250881.419334974,12250881.419334978,-3.725290298461914e-09,optimal,545d8ca624cc
7,0.06,NDY,rolling,reset,model,6,7389.860422921718,7338.51183412141,12620165.821351638,12620165.821351642,-3.725290298461914e-09,optimal,545d8ca624cc
7,0.06,NDY,rolling,reset,model,7,7389.86042292172,7236.555521460699,11601564.643472737,11596665.000027876,4899.643444860354,suboptimal,545d8ca624cc
7,0.06,NDY,rolling,reset,model,8,7389.8604229217235,7096.957277559731,10264548.100873822,,,infeasible,545d8ca624cc
7,0.06,NDY,rolling,reset,model,9,7389.860422921722,6554.140422751366,9726553.77646309,9244033.074639678,482520.7018234115,suboptimal,545d8ca624cc
7,0.06,NDY,rolling,reset,model,10,7389.8604229217235,5956.818892074948,9402117.777648542,9039095.575350933,363022.2022976093,suboptimal,545d8ca624cc
7,0.06,NDY,rolling,reset,model,11,7389.8604229217235,5392.777745199188,9658620.484039327,8994722.061675528,663898.4223637991,suboptimal,545d8ca624cc
7,0.06,NDY,rolling,reset,model,12,7389.860422921723,5392.777741747678,10336615.418713763,9329633.373644013,1006982.0450697504,suboptimal,545d8ca624cc
7,0.06,NDY,rolling,reset,model,13,7389.8604229217235,5956.818892074961,11690849.985671023,11189537.821085405,501312.1645856183,suboptimal,545d8ca624cc
7,0.06,NDY,rolling,reset,model,14,9588.064604972606,8284.08144190599,13335844.05248959,,,infeasible,545d8ca624cc
7,0.06,NDY,rolling,reset,model,15,9588.064604972744,7342.4051018252885,11810485.93607054,,,infeasible,545d8ca624cc
7,0.06,-10%,rolling,reset,model,1,7564.807390532711,7564.807390532711,8853624.230173144,8853624.230173143,1.862645149230957e-09,optimal,545d8ca624cc
7,0.06,-10%,rolling,reset,model,2,6808.3266514794395,6808.326654990709,9634677.939628094,9634677.939628094,0.0,optimal,545d8ca624cc
7,0.06,-10%,rolling,reset,model,3,8211.958287264779,8211.95828726533,11065944.6003026,11065944.600302601,-1.862645149230957e-09,optimal,545d8ca624cc
7,0.06,-10%,rolling,reset,model,4,7390.762458538299,7390.762459567339,11345460.214248836,11345460.214248836,0.0,optimal,545d8ca624cc
7,0.06,-10%,rolling,reset,model,5,6651.686212684465,6651.686216346798,11994271.072405465,11994271.072405465,0.0,optimal,545d8ca624cc
7,0.06,-10%,rolling,reset,model,6,7614.494400951811,7614.494400951811,13071424.526593653,13071424.526593655,-1.862645149230957e-09,optimal,545d8ca624cc
7,0.06,-10%,rolling,reset,model,7,8236.958183786264,8236.958182994136,11990529.27523785,11990529.27523785,0.0,optimal,545d8ca624cc
7,0.06,-10%,rolling,reset,model,8,7413.262365407638,7413.2623653429055,9816408.551724613,9816408.551724613,0.0,optimal,545d8ca624cc
7,0.06,-10%,rolling,reset,model,9,6671.936128866874,5722.6709829024885,8795702.138651067,8526457.007597225,269245.1310538426,suboptimal,545d8ca624cc
7,0.06,-10%,rolling,reset,model,10,6004.742515980187,5150.403884917812,8742733.95745862,8311667.751673866,431066.2057847548,suboptimal,545d8ca624cc
7,0.06,-10%,rolling,reset,model,11,5404.268264382165,4901.066144968113,9347355.675565092,9107355.761974191,239999.9135909006,suboptimal,545d8ca624cc
7,0.06,-10%,rolling,reset,model,12,4863.841437943951,4503.122407522468,10461319.337210512,10338115.942090016,123203.39512049593,suboptimal,545d8ca624cc
7,0.06,-10%,rolling,reset,model,13,6465.0929745680105,6465.092972334212,13076864.232420798,13076864.232420798,0.0,optimal,545d8ca624cc
7,0.06,-10%,rolling,reset,model,14,10653.4051166363,11103.64189117924,15275953.790026173,15150398.72914952,125555.0608766526,suboptimal,545d8ca624cc
7,0.06,-10%,rolling,reset,model,15,9588.064604972671,9993.277702576393,11664394.983910989,11643185.3811189,21209.602792089805,suboptimal,545d8ca624cc
7,0.06,-20%,rolling,reset,model,1,7947.10296361961,7947.10296361961,8977744.006188225,8977744.006188225,0.0,optimal,545d8ca624cc
7,0.06,-20%,rolling,reset,model,2,6357.682370895688,6357.68237239257,9541578.555933222,9541578.555933222,0.0,optimal,545d8ca624cc
7,0.06,-20%,rolling,reset,model,3,8999.889283409808,8999.889283410008,11309114.353521887,11309114.353521885,1.862645149230957e-09,optimal,545d8ca624cc
7,0.06,-20%,rolling,reset,model,4,7199.9114267278455,7196.514798471451,10991671.116720019,10991671.116720019,0.0,optimal,545d8ca624cc
7,0.06,-20%,rolling,reset,model,5,5759.929141382277,5757.211840591591,11539979.088343916,11539979.088343916,0.0,optimal,545d8ca624cc
7,0.06,-20%,rolling,reset,model,6,7614.494400951811,7614.494400951811,13401115.324697854,13401115.324697854,0.0,optimal,545d8ca624cc
7,0.06,-20%,rolling,reset,model,7,9294.267179249073,9294.267179984794,12580951.230896939,12580951.230896939,0.0,optimal,545d8ca624cc
7,0.06,-20%,rolling,reset,model,8,7435.413743399257,7435.413745021709,9578669.614913387,9578669.614913387,0.0,optimal,545d8ca624cc
7,0.06,-20%,rolling,reset,model,9,5948.330994719408,5204.764209920368,8191441.148211088,8060766.573831438,130674.57437964994,suboptimal,545d8ca624cc
7,0.06,-20%,rolling,reset,model,10,4758.664795775525,4163.811365175255,8294389.432901897,8095597.472614686,198791.96028721053,suboptimal,545d8ca624cc
7,0.06,-20%,rolling,reset,model,11,5359.212866293101,4849.247147706391,9754168.481455151,9587290.231395967,166878.2500591837,suboptimal,545d8ca624cc
7,0.06,-20%,rolling,reset,model,12,5829.630038269291,5205.244135963913,11253978.628338905,11044574.269902438,209404.35843646713,suboptimal,545d8ca624cc
7,0.06,-20%,rolling,reset,model,13,6195.894339058812,6820.280240693088,13596431.854007764,13397278.449192481,199153.40481528267,suboptimal,545d8ca624cc
7,0.06,-20%,rolling,reset,model,14,11985.080756215833,12783.996149688948,15811580.562664643,15682392.93015059,129187.6325140521,suboptimal,545d8ca624cc
7,0.06,-20%,rolling,reset,model,15,9588.064604972671,9571.512234086227,10746240.027175222,10746240.027175222,0.0,optimal,545d8ca624cc
7,0.06,+/-10%,rolling,reset,model,1,7564.807390532711,7564.807390532711,8804796.686810764,8804796.686810764,0.0,optimal,545d8ca624cc
7,0.06,+/-10%,rolling,reset,model,2,6808.3266514794395,6808.326654990709,9545953.366127338,9545953.366127338,0.0,optimal,545d8ca624cc
7,0.06,+/-10%,rolling,reset,model,3,7489.159316627383,8217.975626676303,11028359.662383046,10925590.737463627,102768.92491941899,suboptimal,545d8ca624cc
7,0.06,+/-10%,rolling,reset,model,4,7893.443750724894,7221.235739655536,11290032.727532536,,,infeasible,545d8ca624cc
7,0.06,+/-10%,rolling,reset,model,5,7104.099375652402,6841.047908175624,12091516.351415895,,,infeasible,545d8ca624cc
7,0.06,+/-10%,rolling,reset,model,6,7614.494400951811,7614.494400951811,13040163.30999163,13040163.30999163,0.0,optimal,545d8ca624cc
7,0.06,+/-10%,rolling,reset,model,7,8023.6644738510095,8238.64956065356,11934301.06548563,11887706.165235434,46594.90025019646,suboptimal,545d8ca624cc
7,0.06,+/-10%,rolling,reset,model,8,7221.298026465909,7414.784604866324,9712946.801706832,9703174.17010344,9772.631603391841,suboptimal,545d8ca624cc
7,0.06,+/-10%,rolling,reset,model,9,6499.168223819318,5724.040999104619,8523509.491898337,8371403.410766449,152106.08113188855,suboptimal,545d8ca624cc
7,0.06,+/-10%,rolling,reset,model,10,5849.251401437391,5151.6368999594815,8254492.241883346,8012460.261495097,242031.98038824927,suboptimal,545d8ca624cc
7,0.06,+/-10%,rolling,reset,model,11,5776.393519801286,4894.163671624341,8473945.541629612,8325221.537541278,148724.00408833474,suboptimal,545d8ca624cc
7,0.06,+/-10%,rolling,reset,model,12,5198.754167821156,6033.98990943307,9170186.265590088,8838800.262810875,331386.0027792137,suboptimal,545d8ca624cc
7,0.06,+/-10%,rolling,reset,model,13,5718.6295846032735,7826.389884953873,12206943.770438094,10979535.413872758,1227408.3565653358,suboptimal,545d8ca624cc
7,0.06,+/-10%,rolling,reset,model,14,6290.492543063602,10311.127113975297,14927540.25509635,12297671.75936888,2629868.49572747,suboptimal,545d8ca624cc
7,0.06,+/-10%,rolling,reset,model,15,6919.5417973699605,9280.014402269691,12011271.917345602,11266579.9362753,744691.9810703024,suboptimal,545d8ca624cc
7,0.06,+/-20%,rolling,reset,model,1,7947.102963619608,7947.102963619608,8887304.39428432,8887304.394284315,3.725290298461914e-09,optimal,545d8ca624cc
7,0.06,+/-20%,rolling,reset,model,2,6357.682370895689,6357.682372392571,9379558.499020597,9379558.499020599,-1.862645149230957e-09,optimal,545d8ca624cc
7,0.06,+/-20%,rolling,reset,model,3,7629.218845074825,8751.759329534214,11213208.955214253,11037008.292634798,176200.66257945448,suboptimal,545d8ca624cc
7,0.06,+/-20%,rolling,reset,model,4,8191.14448748241,7001.407463364005,11068970.884474754,,,infeasible,545d8ca624cc
7,0.06,+/-20%,rolling,reset,model,5,6552.915589985925,6345.412006535188,11884618.32632548,,,infeasible,545d8ca624cc
7,0.06,+/-20%,rolling,reset,model,6,7614.494400951811,7614.494400951811,13309906.901130207,13309906.901130207,0.0,optimal,545d8ca624cc
7,0.06,+/-20%,rolling,reset,model,7,8851.684091304021,9214.14717508676,12442249.158610225,12351328.799172767,90920.35943745822,suboptimal,545d8ca624cc
7,0.06,+/-20%,rolling,reset,model,8,7081.347273043229,7371.317738980506,9428089.758961855,9401316.125341037,26773.633620817214,suboptimal,545d8ca624cc
7,0.06,+/-20%,rolling,reset,model,9,5665.077818434564,5014.4578211456255,7983229.788056193,7910329.054113805,72900.73394238763,suboptimal,545d8ca624cc
7,0.06,+/-20%,rolling,reset,model,10,4532.062254747659,4017.18381838846,8155779.835959082,8050795.049581249,104984.7863778323,suboptimal,545d8ca624cc
7,0.06,+/-20%,rolling,reset,model,11,5438.474705697192,5360.775860341895,9798571.574061839,9798185.545795333,386.0282665062696,suboptimal,545d8ca624cc
7,0.06,+/-20%,rolling,reset,model,12,5287.843333994317,5458.802708736022,10706023.204105638,10559224.369583244,146798.83452239446,suboptimal,545d8ca624cc
7,0.06,+/-20%,rolling,reset,model,13,6345.412000793181,6977.3743788261345,12327983.863787401,12154034.033528235,173949.83025916666,suboptimal,545d8ca624cc
7,0.06,+/-20%,rolling,reset,model,14,7614.494400951811,12419.803437244129,15589711.05628666,13704653.554335019,1885057.5019516405,suboptimal,545d8ca624cc
7,0.06,+/-20%,rolling,reset,model,15,9137.39328114218,9555.470937283226,10710579.188022884,10666427.906658152,44151.28136473149,suboptimal,545d8ca624cc
8,0.0,NHF,rolling,reset,model,1,0.0,0.0,211755686.70097232,211755686.70097232,0.0,optimal,545d8ca624cc
8,0.0,NHF,rolling,reset,model,2,0.0,0.0,222876595.17045543,222876595.17045543,0.0,optimal,545d8ca624cc
8,0.0,NHF,rolling,reset,model,3,0.0,0.0,236147261.0327656,236147261.0327656,0.0,optimal,545d8ca624cc
8,0.0,NHF,rolling,reset,model,4,0.0,0.0,250777622.66917768,250777622.66917768,0.0,optimal,545d8ca624cc
8,0.0,NHF,rolling,reset,model,5,50509.61527676636,0.0,265407984.30558977,258022091.35094225,7385892.954647511,suboptimal,545d8ca624cc
8,0.0,NHF,rolling,reset,model,6,0.0,0.0,280038345.9420018,280038345.9420018,0.0,optimal,545d8ca624cc
8,0.0,NHF,rolling,reset,model,7,8777.468648805883,25838.588502754563,291071110.630922,291071110.630922,0.0,optimal,545d8ca624cc
8,0.0,NHF,rolling,reset,model,8,3379.040712934098,23543.117997245434,266144553.25818712,266144553.25818712,0.0,optimal,545d8ca624cc
8,0.0,NHF,rolling,reset,model,9,0.0,35854.88857982412,242983783.9300589,240840886.51111972,2142897.418939173,suboptimal,545d8ca624cc
8,0.0,NHF,rolling,reset,model,10,0.0,13637.499994545,205325726.50962403,204826906.40957606,498820.1000479758,suboptimal,545d8ca624cc
8,0.0,NHF,rolling,reset,model,11,0.0,7666.071425505,200072122.53541768,199776888.50154316,295234.0338745117,suboptimal,545d8ca624cc
8,0.0,NHF,rolling,reset,model,12,0.0,0.0,204005994.96570542,204005994.96570542,0.0,optimal,545d8ca624cc
8,0.0,NHF,rolling,reset,model,13,0.0,0.0,218299287.41644502,218299287.41644502,0.0,optimal,545d8ca624cc
8,0.0,NHF,rolling,reset,model,14,14957.14285116,0.0,232929649.0528571,,,infeasible,545d8ca624cc
8,0.0,NHF,rolling,reset,model,15,85793.32335638534,7138.588497144564,247560010.68926919,,,infeasible,545d8ca624cc
8,0.0,NDY,rolling,reset,model,1,0.0,0.0,177239540.14733443,177239540.1473342,2.384185791015625e-07,optimal,545d8ca624cc
8,0.0,NDY,rolling,reset,model,2,0.0,0.0,190296555.59240583,190296555.59240532,5.066394805908203e-07,optimal,545d8ca624cc
8,0.0,NDY,rolling,reset,model,3,5749.31629091552,2932.5836238944216,203289201.7344069,202921716.03834292,367485.69606396556,suboptimal,545d8ca624cc
8,0.0,NDY,rolling,reset,model,4,11128.644589350268,9550.324728850377,213175345.88844913,,,infeasible,545d8ca624cc
8,0.0,NDY,rolling,reset,model,5,11128.644589350251,9704.377786230232,215585771.47042343,,,infeasible,545d8ca624cc
8,0.0,NDY,rolling,reset,model,6,11128.644589349948,9200.186277526587,216007880.57294294,,,infeasible,545d8ca624cc
8,0.0,NDY,rolling,reset,model,7,11128.644589350031,10086.370733271828,218119177.092843,217873185.87905583,245991.21378716826,suboptimal,545d8ca624cc
8,0.0,NDY,rolling,reset,model,8,11128.644589350002,9678.19936603029,217645798.09739074,,,infeasible,545d8ca624cc
8,0.0,NDY,rolling,reset,model,9,11128.644589350153,10390.505261474802,217430292.5746649,,,infeasible,545d8ca624cc
8,0.0,NDY,rolling,reset,model,10,11128.644589350042,9513.719886044708,216237740.26595473,,,infeasible,545d8ca624cc
8,0.0,NDY,rolling,reset,model,11,11128.644589350022,7780.3746588211425,216307657.8226333,,,infeasible,545d8ca624cc
8,0.0,NDY,rolling,reset,model,12,11128.644589350044,9132.362059525,218379784.91861454,,,infeasible,545d8ca624cc
8,0.0,NDY,rolling,reset,model,13,11128.644589350031,10683.130907910832,217584085.54692644,,,infeasible,545d8ca624cc
8,0.0,NDY,rolling,reset,model,14,11128.644589349928,10321.445355837563,214234050.28922546,,,infeasible,545d8ca624cc
8,0.0,NDY,rolling,reset,model,15,11128.644589350006,8508.296477,211358589.76258484,,,infeasible,545d8ca624cc
8,0.0,-10%,rolling,reset,model,1,0.0,0.0,186741730.6680835,186741730.66808355,-5.960464477539063e-08,optimal,545d8ca624cc
8,0.0,-10%,rolling,reset,model,2,0.0,0.0,199379526.54727408,199379526.54727408,0.0,optimal,545d8ca624cc
8,0.0,-10%,rolling,reset,model,3,0.0,0.0,211095879.0051551,211095879.0051551,0.0,optimal,545d8ca624cc
8,0.0,-10%,rolling,reset,model,4,0.0,0.0,223218191.7429538,223218191.74295375,5.960464477539063e-08,optimal,545d8ca624cc
8,0.0,-10%,rolling,reset,model,5,0.0,9056.033739402925,234197761.97921497,234051562.78302163,146199.19619333744,suboptimal,545d8ca624cc
8,0.0,-10%,rolling,reset,model,6,15189.533015109986,16690.683470903536,235706823.6879421,235700630.6186384,6193.069303691387,suboptimal,545d8ca624cc
8,0.0,-10%,rolling,reset,model,7,18774.021915546786,14385.174667392497,228538842.54089618,,,infeasible,545d8ca624cc
8,0.0,-10%,rolling,reset,model,8,16896.619723992084,12812.435215436184,224196501.9693061,215397283.50997052,8799218.459335595,suboptimal,545d8ca624cc
8,0.0,-10%,rolling,reset,model,9,15206.957751592938,10987.317092584719,220940757.79301575,216236264.78632236,4704493.006693393,suboptimal,545d8ca624cc
8,0.0,-10%,rolling,reset,model,10,13686.26197643364,8349.180922689775,219673416.42865482,216284327.44431335,3389088.9843414724,suboptimal,545d8ca624cc
8,0.0,-10%,rolling,reset,model,11,12317.635778790267,7514.262831735,221636478.71443722,219890057.82116306,1746420.8932741582,suboptimal,545d8ca624cc
8,0.0,-10%,rolling,reset,model,12,15265.630438065778,9745.324493229044,224132265.19722295,218515865.72233108,5616399.474891871,suboptimal,545d8ca624cc
8,0.0,-10%,rolling,reset,model,13,13739.067394259358,9540.5789990577,220589547.31228822,219176539.75658208,1413007.5557061434,suboptimal,545d8ca624cc
8,0.0,-10%,rolling,reset,model,14,12365.160654833348,8583.30795392156,218108968.8474657,217645114.64843956,463854.1990261376,suboptimal,545d8ca624cc
8,0.0,-10%,rolling,reset,model,15,11128.644589349982,9516.283955865047,217331905.8639961,217188269.80547082,143636.05852526426,suboptimal,545d8ca624cc
8,0.0,-20%,rolling,reset,model,1,0.0,0.0,188093012.48350906,188093012.4835095,-4.470348358154297e-07,optimal,545d8ca624cc
8,0.0,-20%,rolling,reset,model,2,0.0,0.0,200742057.12771168,200742057.1277118,-1.1920928955078125e-07,optimal,545d8ca624cc
8,0.0,-20%,rolling,reset,model,3,0.0,0.0,213165212.55868515,213165212.5586851,5.960464477539063e-08,optimal,545d8ca624cc
8,0.0,-20%,rolling,reset,model,4,0.0,0.0,224595570.9931707,224595570.99317026,4.470348358154297e-07,optimal,545d8ca624cc
8,0.0,-20%,rolling,reset,model,5,0.0,2551.262505175166,236434146.05287156,236417044.5328732,17101.5199983418,suboptimal,545d8ca624cc
8,0.0,-20%,rolling,reset,model,6,17087.00091421701,16325.292983762827,245998736.60970604,245986686.27248317,12050.337222874165,suboptimal,545d8ca624cc
8,0.0,-20%,rolling,reset,model,7,19653.548525363207,12342.479591793917,239419753.541793,239330813.4607713,88940.08102169633,suboptimal,545d8ca624cc
8,0.0,-20%,rolling,reset,model,8,15722.83882029066,20807.77858070763,237995576.65797305,237883444.63398018,112132.02399286628,suboptimal,545d8ca624cc
8,0.0,-20%,rolling,reset,model,9,12578.27105623249,13284.763162210234,225257556.21958175,225220682.31837434,36873.90120741725,suboptimal,545d8ca624cc
8,0.0,-20%,rolling,reset,model,10,10062.616844986005,12273.048379087742,220430286.7443457,220358105.3889938,72181.3553518951,suboptimal,545d8ca624cc
8,0.0,-20%,rolling,reset,model,11,8050.093475988866,5969.9127922650005,217495270.3106681,217482811.33583432,12458.974833786488,suboptimal,545d8ca624cc
8,0.0,-20%,rolling,reset,model,12,19688.344322789344,12585.57422836795,222075341.0542294,,,infeasible,545d8ca624cc
8,0.0,-20%,rolling,reset,model,13,17388.507170859404,9192.605003220711,215240893.9149898,209722308.0664525,5518585.848537296,suboptimal,545d8ca624cc
8,0.0,-20%,rolling,reset,model,14,13910.805736687422,7140.325805605642,213261057.3140825,212147007.25187567,1114050.0622068346,suboptimal,545d8ca624cc
8,0.0,-20%,rolling,reset,model,15,11128.644589350024,3296.0121750400003,214829551.2708382,214128978.59110212,700572.6797360778,suboptimal,545d8ca624cc
8,0.0,+/-10%,rolling,reset,model,1,4793.113464158906,4793.113464158906,175548975.73023176,175548975.73023176,0.0,optimal,545d8ca624cc
8,0.0,+/-10%,rolling,reset,model,2,5272.42481057477,5043.736533000447,184685706.7624055,184562716.6805333,122990.08187222481,suboptimal,545d8ca624cc
8,0.0,+/-10%,rolling,reset,model,3,5799.667291632255,5279.151365741583,193397732.63183817,193126681.05908048,271051.57275769114,suboptimal,545d8ca624cc
8,0.0,+/-10%,rolling,reset,model,4,6379.634020795561,5540.669394646827,201251568.9683613,200958256.87467512,293312.0936861634,suboptimal,545d8ca624cc
8,0.0,+/-10%,rolling,reset,model,5,7017.59742287504,5772.757920689609,208064565.41195273,207856783.39797527,207782.013977468,suboptimal,545d8ca624cc
8,0.0,+/-10%,rolling,reset,model,6,7719.357165162547,6109.367811776278,213394611.99942288,213187474.02944675,207137.96997612715,suboptimal,545d8ca624cc
8,0.0,+/-10%,rolling,reset,model,7,8491.292881678797,6568.215506258703,219275769.06788433,219147703.96090397,128065.1069803536,suboptimal,545d8ca624cc
8,0.0,+/-10%,rolling,reset,model,8,9340.422169846672,7463.517061071133,224044842.93543482,223928451.7063258,116391.22910901904,suboptimal,545d8ca624cc
8,0.0,+/-10%,rolling,reset,model,9,10274.464386831332,8226.246257876179,226862499.00063887,226668171.93858966,194327.06204921007,suboptimal,545d8ca624cc
8,0.0,+/-10%,rolling,reset,model,10,11301.910825514344,9048.870887039402,228371532.7590954,228070584.22409266,300948.53500273824,suboptimal,545d8ca624cc
8,0.0,+/-10%,rolling,reset,model,11,12432.10190806585,8541.880329852174,228586090.04756227,228279553.16601083,306536.88155144453,suboptimal,545d8ca624cc
8,0.0,+/-10%,rolling,reset,model,12,13675.312098872564,10628.880451428053,229733757.64444956,229588181.65043667,145575.99401289225,suboptimal,545d8ca624cc
8,0.0,+/-10%,rolling,reset,model,13,13739.067394259226,12192.219020525668,226662293.54783913,226545633.624327,116659.92351213098,suboptimal,545d8ca624cc
8,0.0,+/-10%,rolling,reset,model,14,12365.160654833344,11106.289990203364,220989438.17034,220912522.041573,76916.12876701355,suboptimal,545d8ca624cc
8,0.0,+/-10%,rolling,reset,model,15,11128.644589350046,10425.229028991691,216923452.0459063,216912172.59854272,11279.447363585234,suboptimal,545d8ca624cc
8,0.0,+/-20%,rolling,reset,model,1,2566.172082419394,2566.172082419394,183361359.89111412,183361359.89111406,5.960464477539063e-08,optimal,545d8ca624cc
8,0.0,+/-20%,rolling,reset,model,2,3079.4064989032727,2986.835770232635,194248476.61689177,194227072.51595274,21404.100939035416,suboptimal,545d8ca624cc
8,0.0,+/-20%,rolling,reset,model,3,3695.2877986839235,3670.192158473571,203260669.7739187,203260669.77391866,2.9802322387695312e-08,optimal,545d8ca624cc
8,0.0,+/-20%,rolling,reset,model,4,4434.345358420702,4470.5942588581165,212029237.3415738,212029237.34157377,2.9802322387695312e-08,optimal,545d8ca624cc
8,0.0,+/-20%,rolling,reset,model,5,5321.214430104846,6181.553253225161,218976785.1583604,218658849.79173097,317935.3666294217,suboptimal,545d8ca624cc
8,0.0,+/-20%,rolling,reset,model,6,6385.457316125807,6569.940540629246,223789867.81673753,223755629.9839641,34237.83277344704,suboptimal,545d8ca624cc
8,0.0,+/-20%,rolling,reset,model,7,7662.548779350982,9274.802735459636,229049949.3401819,228932205.152341,117744.18784087896,suboptimal,545d8ca624cc
8,0.0,+/-20%,rolling,reset,model,8,9195.058535221167,14405.658009178958,230678026.68124023,230289595.93952563,388430.74171459675,suboptimal,545d8ca624cc
8,0.0,+/-20%,rolling,reset,model,9,11034.070242265401,11763.530716697946,225528092.53400287,225489513.8315113,38578.70249158144,suboptimal,545d8ca624cc
8,0.0,+/-20%,rolling,reset,model,10,13240.884290718486,9410.824569102058,222970961.88852948,222477214.06621832,493747.82231116295,suboptimal,545d8ca624cc
8,0.0,+/-20%,rolling,reset,model,11,15889.061148862223,6428.913064769198,222773864.17911053,220477801.63307792,2296062.5460326076,suboptimal,545d8ca624cc
8,0.0,+/-20%,rolling,reset,model,12,19066.873378634617,8086.439542016681,226737565.4837324,221373150.84099394,5364414.6427384615,suboptimal,545d8ca624cc
8,0.0,+/-20%,rolling,reset,model,13,17388.507170859382,11889.436938147099,226396241.6238863,225033811.06859672,1362430.5552895665,suboptimal,545d8ca624cc
8,0.0,+/-20%,rolling,reset,model,14,13910.805736687505,9511.54954992,220382313.5663017,219923505.25919214,458808.30710956454,suboptimal,545d8ca624cc
8,0.0,+/-20%,rolling,reset,model,15,11128.64458935,6564.035065251664,218404543.7364967,218296191.15753055,108352.57896614075,suboptimal,545d8ca624cc
8,0.02,NHF,rolling,reset,model,1,14578.760227756626,14578.760227756626,40084990.22337359,40084990.22337359,0.0,optimal,545d8ca624cc
8,0.02,NHF,rolling,reset,model,2,0.0,0.0,37642145.82803777,37642145.82803777,0.0,optimal,545d8ca624cc
8,0.02,NHF,rolling,reset,model,3,3704.5031803363804,0.0,45896934.40456589,45843247.839438446,53686.56512744725,suboptimal,545d8ca624cc
8,0.02,NHF,rolling,reset,model,4,0.0,0.0,55948106.934031226,55948106.934031226,0.0,optimal,545d8ca624cc
8,0.02,NHF,rolling,reset,model,5,26062.895504051063,31380.397774651337,69635667.37788816,69201865.04550554,433802.3323826194,suboptimal,545d8ca624cc
8,0.02,NHF,rolling,reset,model,6,2470.5814275831963,2470.5814275831963,45682580.49390149,45682580.49390149,0.0,optimal,545d8ca624cc
8,0.02,NHF,rolling,reset,model,7,20104.349633508198,20104.349633508198,53590313.138563894,53590313.138563894,0.0,optimal,545d8ca624cc
8,0.02,NHF,rolling,reset,model,8,9518.118002855435,9518.118002855435,38738544.330639794,38738544.330639794,0.0,optimal,545d8ca624cc
8,0.02,NHF,rolling,reset,model,9,3704.5031803363804,0.0,33729111.474906355,,,infeasible,545d8ca624cc
8,0.02,NHF,rolling,reset,model,10,0.0,0.0,41847649.488951564,41847649.488951564,0.0,optimal,545d8ca624cc
8,0.02,NHF,rolling,reset,model,11,0.0,3704.5031803363804,51826515.160292424,51556644.46100777,269870.69928465784,suboptimal,545d8ca624cc
8,0.02,NHF,rolling,reset,model,12,9882.325717250413,9882.325717250413,59259370.81595558,59259370.81595558,0.0,optimal,545d8ca624cc
8,0.02,NHF,rolling,reset,model,13,29579.98006394683,29579.98006394683,60287203.44981875,60287203.44981875,0.0,optimal,545d8ca624cc
8,0.02,NHF,rolling,reset,model,14,0.0,0.0,36452848.14172217,36452848.14172217,0.0,optimal,545d8ca624cc
8,0.02,NHF,rolling,reset,model,15,10843.091677480945,7138.588497144564,45598232.94114161,,,infeasible,545d8ca624cc
8,0.02,NDY,rolling,reset,model,1,5622.673456443603,5622.673456443603,39083401.96757683,39083401.96757686,-2.9802322387695312e-08,optimal,545d8ca624cc
8,0.02,NDY,rolling,reset,model,2,8246.611743710573,8241.163893626916,43457812.021722175,43457812.021722175,0.0,optimal,545d8ca624cc
8,0.02,NDY,rolling,reset,model,3,8423.445782445817,8393.107870399244,46014559.47551764,46014559.47551763,7.450580596923828e-09,optimal,545d8ca624cc
8,0.02,NDY,rolling,reset,model,4,8423.445782445815,8468.208426742447,47554416.90959959,47554416.90959959,0.0,optimal,545d8ca624cc
8,0.02,NDY,rolling,reset,model,5,8423.445782445815,8456.575470166546,48795707.0552625,48795707.05526251,-1.4901161193847656e-08,optimal,545d8ca624cc
8,0.02,NDY,rolling,reset,model,6,8423.445782445808,8437.975952332525,49615304.680080324,49615304.680080324,0.0,optimal,545d8ca624cc
8,0.02,NDY,rolling,reset,model,7,8423.445782445804,8456.237811641497,50366633.903394744,50366633.903394744,0.0,optimal,545d8ca624cc
8,0.02,NDY,rolling,reset,model,8,8423.445782445851,8461.660345959248,49566969.63152562,49566969.63152562,0.0,optimal,545d8ca624cc
8,0.02,NDY,rolling,reset,model,9,8423.445782445751,8461.660346160104,49193401.40582498,49193401.40582498,0.0,optimal,545d8ca624cc
8,0.02,NDY,rolling,reset,model,10,8423.445782445813,8461.660345567097,48680480.148561105,48680480.14856111,-7.450580596923828e-09,optimal,545d8ca624cc
8,0.02,NDY,rolling,reset,model,11,8423.44578244581,8461.66034893125,49421552.04178944,49421552.041789435,7.450580596923828e-09,optimal,545d8ca624cc
8,0.02,NDY,rolling,reset,model,12,11128.644589350011,8926.117562657766,50232304.285548925,,,infeasible,545d8ca624cc
8,0.02,NDY,rolling,reset,model,13,11128.644589350071,8893.937875549153,50535864.057859555,,,infeasible,545d8ca624cc
8,0.02,NDY,rolling,reset,model,14,11128.644589349977,8890.241331452871,50761369.171815544,,,infeasible,545d8ca624cc
8,0.02,NDY,rolling,reset,model,15,11128.64458934995,8845.098689419478,51181003.03471164,,,infeasible,545d8ca624cc
8,0.02,-10%,rolling,reset,model,1,4875.451868162659,4875.451868162659,39378430.08549526,39378430.08549526,0.0,optimal,545d8ca624cc
8,0.02,-10%,rolling,reset,model,2,8093.258535442428,4887.8951043190045,44514071.71279935,44496751.41949961,17320.293299734592,suboptimal,545d8ca624cc
8,0.02,-10%,rolling,reset,model,3,7283.932681898186,9996.773053606797,50248889.26762624,50210235.518352605,38653.74927363545,suboptimal,545d8ca624cc
8,0.02,-10%,rolling,reset,model,4,10607.159121462255,11161.597942893783,51114740.31114006,51107752.91381433,6987.397325731814,suboptimal,545d8ca624cc
8,0.02,-10%,rolling,reset,model,5,9546.443209316029,10026.965925328743,50243241.13223869,50213172.45035382,30068.681884869933,suboptimal,545d8ca624cc
8,0.02,-10%,rolling,reset,model,6,8591.798888384423,9024.269333383758,49507355.60523182,49440753.16005218,66602.44517964125,suboptimal,545d8ca624cc
8,0.02,-10%,rolling,reset,model,7,9516.01776129191,9445.070122293302,49719595.25482923,49719595.254829235,-7.450580596923828e-09,optimal,545d8ca624cc
8,0.02,-10%,rolling,reset,model,8,8564.415985162721,8550.77501282514,47528235.87635941,47528235.87635941,0.0,optimal,545d8ca624cc
8,0.02,-10%,rolling,reset,model,9,7707.974386646449,7695.697510171445,46941815.57875564,46941815.57875564,0.0,optimal,545d8ca624cc
8,0.02,-10%,rolling,reset,model,10,6937.176947981805,6926.127758158723,46524905.28909972,46524905.28909972,0.0,optimal,545d8ca624cc
8,0.02,-10%,rolling,reset,model,11,6243.459253183622,6233.514981775701,48711027.26454777,48711027.26454777,0.0,optimal,545d8ca624cc
8,0.02,-10%,rolling,reset,model,12,12868.063713718046,11530.626387441096,52260873.78511884,,,infeasible,545d8ca624cc
8,0.02,-10%,rolling,reset,model,13,11581.25734234624,10357.640067434339,49831049.24266741,,,infeasible,545d8ca624cc
8,0.02,-10%,rolling,reset,model,14,10423.131608111617,9321.876055785498,48453807.16428606,,,infeasible,545d8ca624cc
8,0.02,-10%,rolling,reset,model,15,11128.64458935001,8427.146962654066,47611286.897272736,,,infeasible,545d8ca624cc
8,0.02,-20%,rolling,reset,model,1,5813.866514091064,5813.866514091064,39526035.894465014,39526035.894465014,0.0,optimal,545d8ca624cc
8,0.02,-20%,rolling,reset,model,2,8450.719310903183,3781.706006339708,44039513.72529692,43987032.48084343,52481.24445348978,suboptimal,545d8ca624cc
8,0.02,-20%,rolling,reset,model,3,6760.5754487225495,9996.773053606797,50512546.181283094,50473039.99700327,39506.18427982181,suboptimal,545d8ca624cc
8,0.02,-20%,rolling,reset,model,4,9831.849322937951,12245.4377510586,51433264.68246912,51403850.29690046,29414.385568663478,suboptimal,545d8ca624cc
8,0.02,-20%,rolling,reset,model,5,9554.03912225122,9796.350201532212,49400237.20803177,49390020.35822724,10216.849804535508,suboptimal,545d8ca624cc
8,0.02,-20%,rolling,reset,model,6,7643.231297800978,7837.080164492862,48722687.580600396,48703455.35678426,19232.223816134036,suboptimal,545d8ca624cc
8,0.02,-20%,rolling,reset,model,7,11324.972510397349,11132.393966560065,50631259.25952339,,,infeasible,545d8ca624cc
8,0.02,-20%,rolling,reset,model,8,9059.978008317883,8909.568206156331,46421608.7119141,,,infeasible,545d8ca624cc
8,0.02,-20%,rolling,reset,model,9,7247.982406654305,7127.654565245357,44870394.658751585,,,infeasible,545d8ca624cc
8,0.02,-20%,rolling,reset,model,10,5798.385925323443,5702.123652795748,45003361.1299577,,,infeasible,545d8ca624cc
8,0.02,-20%,rolling,reset,model,11,4638.708740258754,4561.698921065582,48383284.04179131,,,infeasible,545d8ca624cc
8,0.02,-20%,rolling,reset,model,12,13595.07840634909,13083.691154772892,53814551.63156598,,,infeasible,545d8ca624cc
8,0.02,-20%,rolling,reset,model,13,12590.768791369206,10869.769876128334,49743978.28260429,,,infeasible,545d8ca624cc
8,0.02,-20%,rolling,reset,model,14,10072.615033095368,8695.815899677838,47922166.8136276,,,infeasible,545d8ca624cc
8,0.02,-20%,rolling,reset,model,15,11128.644589350008,9231.717009189302,47701822.157359526,,,infeasible,545d8ca624cc
8,0.02,+/-10%,rolling,reset,model,1,6488.770149349187,6488.770149349187,39109792.293782525,39109792.293782525,0.0,optimal,545d8ca624cc
8,0.02,+/-10%,rolling,reset,model,2,7137.647164284112,7137.647164888579,42943951.24214401,42943951.24214402,-7.450580596923828e-09,optimal,545d8ca624cc
8,0.02,+/-10%,rolling,reset,model,3,7851.411880712521,7814.9487206157955,46351381.45628026,46351381.45628027,-7.450580596923828e-09,optimal,545d8ca624cc
8,0.02,+/-10%,rolling,reset,model,4,8636.55306878377,8599.307601627366,48546296.572125465,48546296.57212545,1.4901161193847656e-08,optimal,545d8ca624cc
8,0.02,+/-10%,rolling,reset,model,5,9500.20837566215,9431.400331275949,49883469.91269102,49883469.91269101,7.450580596923828e-09,optimal,545d8ca624cc
8,0.02,+/-10%,rolling,reset,model,6,8550.187538095935,8711.58883690673,49664544.68768651,49647349.40845811,17195.279228396714,suboptimal,545d8ca624cc
8,0.02,+/-10%,rolling,reset,model,7,8482.84352726343,9455.177338859477,50226429.8752113,50150657.54915205,75772.32605925202,suboptimal,545d8ca624cc
8,0.02,+/-10%,rolling,reset,model,8,7634.559174537086,8469.130469226977,48234917.41587268,48174946.834942095,59970.58093058318,suboptimal,545d8ca624cc
8,0.02,+/-10%,rolling,reset,model,9,7683.7666415359345,7207.543451395127,46887772.96662953,46871166.17203393,16606.794595599174,suboptimal,545d8ca624cc
8,0.02,+/-10%,rolling,reset,model,10,8452.14330568953,7546.130136959576,48428340.65202292,,,infeasible,545d8ca624cc
8,0.02,+/-10%,rolling,reset,model,11,9297.357636258483,8300.74315022782,50190664.85169049,,,infeasible,545d8ca624cc
8,0.02,+/-10%,rolling,reset,model,12,10227.093399884332,10565.923480189664,51460539.451502256,51448517.636486344,12021.815015912056,suboptimal,545d8ca624cc
8,0.02,+/-10%,rolling,reset,model,13,11249.802739872765,9332.74169483947,50162959.90294686,,,infeasible,545d8ca624cc
8,0.02,+/-10%,rolling,reset,model,14,12365.160654833342,8725.472095403124,49956112.82024715,,,infeasible,545d8ca624cc
8,0.02,+/-10%,rolling,reset,model,15,11128.644589350008,9673.536538710303,50260654.323095486,,,infeasible,545d8ca624cc
8,0.02,+/-20%,rolling,reset,model,1,5444.114479707078,5444.114479707078,39317565.49716468,39317565.49716468,0.0,optimal,545d8ca624cc
8,0.02,+/-20%,rolling,reset,model,2,6532.937375648493,6532.937376360836,44115660.87293032,44115660.87293032,0.0,optimal,545d8ca624cc
8,0.02,+/-20%,rolling,reset,model,3,7839.524850778189,7822.524398576639,48223133.21295374,48223133.21295374,0.0,optimal,545d8ca624cc
8,0.02,+/-20%,rolling,reset,model,4,9407.429820933829,9408.002753206794,50824528.71206627,50824528.712066285,-1.4901161193847656e-08,optimal,545d8ca624cc
8,0.02,+/-20%,rolling,reset,model,5,11288.915785120593,11275.244918730445,51865602.23986861,51865602.23986861,0.0,optimal,545d8ca624cc
8,0.02,+/-20%,rolling,reset,model,6,9031.13262809646,9058.151954280216,49682623.5192758,49682623.5192758,0.0,optimal,545d8ca624cc
8,0.02,+/-20%,rolling,reset,model,7,10050.27348128922,10663.629908692259,49926233.85463065,49891533.28709697,34700.56753367931,suboptimal,545d8ca624cc
8,0.02,+/-20%,rolling,reset,model,8,8040.218785031377,8541.972986102026,46386327.2450973,46351700.411975816,34626.83312148601,suboptimal,545d8ca624cc
8,0.02,+/-20%,rolling,reset,model,9,6432.175028025103,6825.058472412705,44785616.8491344,44772644.45099704,12972.398137360811,suboptimal,545d8ca624cc
8,0.02,+/-20%,rolling,reset,model,10,6664.275998893955,5917.756259453083,46145763.76132549,45826083.75916581,319680.0021596849,suboptimal,545d8ca624cc
8,0.02,+/-20%,rolling,reset,model,11,7997.131198672746,7101.307512055937,49323726.30401217,,,infeasible,545d8ca624cc
8,0.02,+/-20%,rolling,reset,model,12,9596.557438407297,10949.854609655566,52056935.44207157,51933163.83642406,123771.60564751178,suboptimal,545d8ca624cc
8,0.02,+/-20%,rolling,reset,model,13,11515.868926088757,10567.453766668496,50352313.27820471,,,infeasible,545d8ca624cc
8,0.02,+/-20%,rolling,reset,model,14,13819.042711306507,8453.963010807,48717697.581184536,,,infeasible,545d8ca624cc
8,0.02,+/-20%,rolling,reset,model,15,11128.64458935001,9987.998484758184,49253065.20708578,,,infeasible,545d8ca624cc
8,0.04,NHF,rolling,reset,model,1,14578.760227756626,14578.760227756626,17463831.22658916,17463831.22658916,0.0,optimal,545d8ca624cc
8,0.04,NHF,rolling,reset,model,2,0.0,0.0,13896473.966418777,13896473.966418777,0.0,optimal,545d8ca624cc
8,0.04,NHF,rolling,reset,model,3,5725.022828042771,5725.022828042771,20570176.16930795,20570176.16930795,0.0,optimal,545d8ca624cc
8,0.04,NHF,rolling,reset,model,4,8082.07856819574,8082.07856819574,24607590.486670062,24607590.486670062,0.0,optimal,545d8ca624cc
8,0.04,NHF,rolling,reset,model,5,13923.365001348284,13923.365001348284,27132186.790116664,27132186.790116664,0.0,optimal,545d8ca624cc
8,0.04,NHF,rolling,reset,model,6,2470.5814275831963,2470.5814275831963,22915016.10278516,22915016.10278516,0.0,optimal,545d8ca624cc
8,0.04,NHF,rolling,reset,model,7,20104.349633508198,20104.349633508198,30920687.216291126,30920687.216291126,0.0,optimal,545d8ca624cc
8,0.04,NHF,rolling,reset,model,8,9518.118002855435,9518.118002855435,19182422.18662133,19182422.18662133,0.0,optimal,545d8ca624cc
8,0.04,NHF,rolling,reset,model,9,3704.5031803363804,3704.5031803363804,14149799.040580327,14149799.040580327,0.0,optimal,545d8ca624cc
8,0.04,NHF,rolling,reset,model,10,0.0,0.0,16447294.879561141,16447294.879561141,0.0,optimal,545d8ca624cc
8,0.04,NHF,rolling,reset,model,11,2020.51964770639,2020.51964770639,24390262.562325373,24390262.562325373,0.0,optimal,545d8ca624cc
8,0.04,NHF,rolling,reset,model,12,17964.40428544615,17964.40428544615,33547417.21299327,33547417.21299327,0.0,optimal,545d8ca624cc
8,0.04,NHF,rolling,reset,model,13,19477.3818480447,19477.3818480447,27222409.733080722,27222409.733080722,0.0,optimal,545d8ca624cc
8,0.04,NHF,rolling,reset,model,14,0.0,0.0,16237037.54116457,16237037.54116457,0.0,optimal,545d8ca624cc
8,0.04,NHF,rolling,reset,model,15,10843.091677480945,10843.091677480945,24049213.294286206,24049213.294286206,0.0,optimal,545d8ca624cc
8,0.04,NDY,rolling,reset,model,1,7352.946793897847,7352.946793897847,16174469.852332002,16174469.852332,1.862645149230957e-09,optimal,545d8ca624cc
8,0.04,NDY,rolling,reset,model,2,7352.946793897846,7352.946792187277,17936278.715641856,17936278.715641852,3.725290298461914e-09,optimal,545d8ca624cc
8,0.04,NDY,rolling,reset,model,3,7352.946793897838,7352.946791971679,19900815.670807786,19900815.670807783,3.725290298461914e-09,optimal,545d8ca624cc
8,0.04,NDY,rolling,reset,model,4,8082.07856819574,8082.07856819574,21963714.864480577,21963714.864480577,0.0,optimal,545d8ca624cc
8,0.04,NDY,rolling,reset,model,5,8527.725615803665,8528.421567636371,23144204.980312042,23144204.980312027,1.4901161193847656e-08,optimal,545d8ca624cc
8,0.04,NDY,rolling,reset,model,6,8527.725615803663,8528.421566945786,23611867.897346392,23611867.897346396,-3.725290298461914e-09,optimal,545d8ca624cc
8,0.04,NDY,rolling,reset,model,7,8527.725615803665,8528.421567645288,24525564.091721516,24525564.091721497,1.862645149230957e-08,optimal,545d8ca624cc
8,0.04,NDY,rolling,reset,model,8,8527.725615803669,8528.421566920773,23912998.271930464,23912998.271930464,0.0,optimal,545d8ca624cc
8,0.04,NDY,rolling,reset,model,9,8527.725615803669,8528.42156596506,22633457.047503557,22633457.047503557,0.0,optimal,545d8ca624cc
8,0.04,NDY,rolling,reset,model,10,8527.725615803669,8528.421564074224,22768366.596029323,22768366.596029315,7.450580596923828e-09,optimal,545d8ca624cc
8,0.04,NDY,rolling,reset,model,11,8527.725615803663,8528.42156126547,23282946.427705508,23282946.427705508,0.0,optimal,545d8ca624cc
8,0.04,NDY,rolling,reset,model,12,9490.760750191926,8889.530122919583,23773402.068399277,,,infeasible,545d8ca624cc
8,0.04,NDY,rolling,reset,model,13,9490.760750191926,8874.598256322453,24014463.570344344,,,infeasible,545d8ca624cc
8,0.04,NDY,rolling,reset,model,14,9490.760750191932,8845.492007304068,24468523.838153854,,,infeasible,545d8ca624cc
8,0.04,NDY,rolling,reset,model,15,11128.64458935001,8815.745279833307,24994787.66149121,,,infeasible,545d8ca624cc
8,0.04,-10%,rolling,reset,model,1,8047.274509022375,8047.274509022375,16395006.154360143,16395006.154360143,0.0,optimal,545d8ca624cc
8,0.04,-10%,rolling,reset,model,2,7242.547058120139,7242.547059911855,17692516.01806489,17692516.01806489,0.0,optimal,545d8ca624cc
8,0.04,-10%,rolling,reset,model,3,6518.292352308123,6518.292351854163,19630823.85230231,19630823.852302313,-3.725290298461914e-09,optimal,545d8ca624cc
8,0.04,-10%,rolling,reset,model,4,8082.07856819574,8082.07856819574,22406262.082427733,22406262.082427733,0.0,optimal,545d8ca624cc
8,0.04,-10%,rolling,reset,model,5,9095.560127184977,9095.560127184977,23817779.58001853,23817779.580018528,3.725290298461914e-09,optimal,545d8ca624cc
8,0.04,-10%,rolling,reset,model,6,8186.00411446648,8186.004115412501,23924186.720847454,23924186.72084745,3.725290298461914e-09,optimal,545d8ca624cc
8,0.04,-10%,rolling,reset,model,7,9972.93624272505,9973.640569314979,25430599.858841665,25430599.858841673,-7.450580596923828e-09,optimal,545d8ca624cc
8,0.04,-10%,rolling,reset,model,8,8975.642618452548,8976.35670196377,23471995.31039023,23471995.310390238,-7.450580596923828e-09,optimal,545d8ca624cc
8,0.04,-10%,rolling,reset,model,9,8078.078356607293,8078.721034607746,22368465.0036075,22368465.0036075,0.0,optimal,545d8ca624cc
8,0.04,-10%,rolling,reset,model,10,7270.270520946565,7270.848933217599,21839771.390019327,21839771.390019327,0.0,optimal,545d8ca624cc
8,0.04,-10%,rolling,reset,model,11,6543.243468851906,6543.764039919342,23449307.830554374,23449307.830554374,0.0,optimal,545d8ca624cc
8,0.04,-10%,rolling,reset,model,12,11919.793255074748,11690.071544124039,26605502.21150731,,,infeasible,545d8ca624cc
8,0.04,-10%,rolling,reset,model,13,10727.813929567274,10521.064388098188,24701874.66163329,,,infeasible,545d8ca624cc
8,0.04,-10%,rolling,reset,model,14,9655.032536610546,9468.957948932813,23388025.795398235,,,infeasible,545d8ca624cc
8,0.04,-10%,rolling,reset,model,15,8816.779693305705,8552.905747352257,23058602.918746565,,,infeasible,545d8ca624cc
8,0.04,-20%,rolling,reset,model,1,8794.037142605666,8794.037142605666,16601435.48605165,16601435.486051653,-1.862645149230957e-09,optimal,545d8ca624cc
8,0.04,-20%,rolling,reset,model,2,7035.229714084537,7035.229711678675,17383941.607862566,17383941.607862566,0.0,optimal,545d8ca624cc
8,0.04,-20%,rolling,reset,model,3,5725.022828042771,5725.022828042771,19354990.463491105,19354990.4634911,3.725290298461914e-09,optimal,545d8ca624cc
8,0.04,-20%,rolling,reset,model,4,8082.07856819574,8082.07856819574,22797356.95025273,22797356.95025273,0.0,optimal,545d8ca624cc
8,0.04,-20%,rolling,reset,model,5,9554.03912225122,9554.03912225122,24401490.11019492,24401490.11019492,0.0,optimal,545d8ca624cc
8,0.04,-20%,rolling,reset,model,6,7643.231297800978,7643.231299376834,24230328.092494614,24230328.092494614,0.0,optimal,545d8ca624cc
8,0.04,-20%,rolling,reset,model,7,11766.057140032019,11766.057140127234,26552315.046525516,26552315.04652551,7.450580596923828e-09,optimal,545d8ca624cc
8,0.04,-20%,rolling,reset,model,8,9412.84571202562,9412.845713005723,22929418.637514092,22929418.637514092,0.0,optimal,545d8ca624cc
8,0.04,-20%,rolling,reset,model,9,7530.276569620496,7530.276571034319,20726833.1742788,20726833.1742788,0.0,optimal,545d8ca624cc
8,0.04,-20%,rolling,reset,model,10,6024.221255696398,6024.221255986378,20439011.70826393,20439011.708263934,-3.725290298461914e-09,optimal,545d8ca624cc
8,0.04,-20%,rolling,reset,model,11,4819.377004557118,4819.377002893631,22901993.948380347,22901993.948380347,0.0,optimal,545d8ca624cc
8,0.04,-20%,rolling,reset,model,12,13439.207106532947,13385.475980484009,27908316.580319345,27908316.58031935,-3.725290298461914e-09,optimal,545d8ca624cc
8,0.04,-20%,rolling,reset,model,13,10751.365685226358,10708.380782842309,24485721.201209426,24485721.201209426,0.0,optimal,545d8ca624cc
8,0.04,-20%,rolling,reset,model,14,8601.09254818109,8566.704627837702,22921178.518634036,22921178.518634036,0.0,optimal,545d8ca624cc
8,0.04,-20%,rolling,reset,model,15,10174.226513732367,9462.43005179271,23472152.215875197,,,infeasible,545d8ca624cc
8,0.04,+/-10%,rolling,reset,model,1,7748.810537999745,7748.810537999745,16274452.339414729,16274452.339414727,1.862645149230957e-09,optimal,545d8ca624cc
8,0.04,+/-10%,rolling,reset,model,2,6973.929484199777,6891.061453614671,17764607.913790483,17764377.388978202,230.52481228113174,suboptimal,545d8ca624cc
8,0.04,+/-10%,rolling,reset,model,3,7249.660560816848,7347.344155655583,20066347.817285776,20059045.457249254,7302.36003652215,suboptimal,545d8ca624cc
8,0.04,+/-10%,rolling,reset,model,4,7974.626616898532,8082.07856819574,22218986.956475757,22215083.70948897,3903.246986787766,suboptimal,545d8ca624cc
8,0.04,+/-10%,rolling,reset,model,5,8772.089278588384,9095.560127184977,23538404.59110742,23534095.392743874,4309.198363546282,suboptimal,545d8ca624cc
8,0.04,+/-10%,rolling,reset,model,6,8717.527860616938,8186.004115412501,23497900.977684554,,,infeasible,545d8ca624cc
8,0.04,+/-10%,rolling,reset,model,7,9589.280646678626,9763.374331002073,24963408.101207707,24957156.704636708,6251.396570999175,suboptimal,545d8ca624cc
8,0.04,+/-10%,rolling,reset,model,8,8630.35258201076,8715.397161382278,23072102.082193702,23072102.082193714,-1.1175870895385742e-08,optimal,545d8ca624cc
8,0.04,+/-10%,rolling,reset,model,9,7767.3173238096815,7843.857444140238,21121196.360833704,21121196.360833704,0.0,optimal,545d8ca624cc
8,0.04,+/-10%,rolling,reset,model,10,7327.089151072464,7059.47169981125,21439859.223846164,21351038.418453444,88820.8053927198,suboptimal,545d8ca624cc
8,0.04,+/-10%,rolling,reset,model,11,8059.798066179708,7765.418871149273,23115746.068662748,,,infeasible,545d8ca624cc
8,0.04,+/-10%,rolling,reset,model,12,8865.77787279768,10665.64294719835,25530574.496712092,25016461.74333057,514112.7533815205,suboptimal,545d8ca624cc
8,0.04,+/-10%,rolling,reset,model,13,9752.355660077445,9599.078651181453,24425321.379199117,,,infeasible,545d8ca624cc
8,0.04,+/-10%,rolling,reset,model,14,10727.591226085187,8639.170782672934,24030385.29037513,,,infeasible,545d8ca624cc
8,0.04,+/-10%,rolling,reset,model,15,11128.644589350008,9877.448011892533,25118818.314496674,,,infeasible,545d8ca624cc
8,0.04,+/-20%,rolling,reset,model,1,8599.681774775427,8599.681774775427,16425766.446303166,16425766.446303165,1.862645149230957e-09,optimal,545d8ca624cc
8,0.04,+/-20%,rolling,reset,model,2,6879.745419820343,6902.116564714785,17292422.753137253,17292422.753137253,0.0,optimal,545d8ca624cc
8,0.04,+/-20%,rolling,reset,model,3,6178.368777859865,6151.998012557617,19343894.832172543,19343894.832172543,0.0,optimal,545d8ca624cc
8,0.04,+/-20%,rolling,reset,model,4,7414.042533431841,8082.07856819574,22430742.212139472,22366380.93301153,64361.279127940536,suboptimal,545d8ca624cc
8,0.04,+/-20%,rolling,reset,model,5,8896.85104011821,9241.468861713076,23844503.332861092,23844404.84308978,98.48977131024003,suboptimal,545d8ca624cc
8,0.04,+/-20%,rolling,reset,model,6,9344.985335530058,8013.269278912905,23774387.540434662,,,infeasible,545d8ca624cc
8,0.04,+/-20%,rolling,reset,model,7,11213.98240263607,11393.646264062048,25842253.97056334,25840779.86474989,1474.1058134511113,suboptimal,545d8ca624cc
8,0.04,+/-20%,rolling,reset,model,8,8971.185922108858,8997.387559545294,22386759.998340767,22386759.998340767,0.0,optimal,545d8ca624cc
8,0.04,+/-20%,rolling,reset,model,9,7176.948737687089,6748.011735019084,19693246.639886297,19688167.206147265,5079.433739032596,suboptimal,545d8ca624cc
8,0.04,+/-20%,rolling,reset,model,10,5937.209282453377,6021.129852613678,20763977.851580564,20721162.20797685,42815.64360371232,suboptimal,545d8ca624cc
8,0.04,+/-20%,rolling,reset,model,11,7124.651138944049,7225.355824478605,23372144.08462342,23339040.95449826,33103.130125157535,suboptimal,545d8ca624cc
8,0.04,+/-20%,rolling,reset,model,12,8549.581366732862,12386.46826462244,26718983.357788935,25619801.19818177,1099182.1596071646,suboptimal,545d8ca624cc
8,0.04,+/-20%,rolling,reset,model,13,10259.49764007944,9909.787778920147,23941067.857183054,,,infeasible,545d8ca624cc
8,0.04,+/-20%,rolling,reset,model,14,12311.397168095313,7927.830226897135,23089535.83983429,,,infeasible,545d8ca624cc
8,0.04,+/-20%,rolling,reset,model,15,11128.64458935002,10511.105800289224,24719608.771762323,,,infeasible,545d8ca624cc
8,0.06,NHF,rolling,reset,model,1,14578.760227756626,14578.760227756626,10304937.308893181,10304937.308893181,0.0,optimal,545d8ca624cc
8,0.06,NHF,rolling,reset,model,2,0.0,0.0,6462823.834443866,6462823.834443866,0.0,optimal,545d8ca624cc
8,0.06,NHF,rolling,reset,model,3,5725.022828042771,5725.022828042771,11573933.177076057,11573933.177076057,0.0,optimal,545d8ca624cc
8,0.06,NHF,rolling,reset,model,4,8082.07856819574,8082.07856819574,14885856.342396023,14885856.342396023,0.0,optimal,545d8ca624cc
8,0.06,NHF,rolling,reset,model,5,13923.365001348284,13923.365001348284,17284945.96740774,17284945.96740774,0.0,optimal,545d8ca624cc
8,0.06,NHF,rolling,reset,model,6,2470.5814275831963,2470.5814275831963,13672305.136698259,13672305.136698259,0.0,optimal,545d8ca624cc
8,0.06,NHF,rolling,reset,model,7,20104.349633508198,20104.349633508198,21460362.88233865,21460362.88233865,0.0,optimal,545d8ca624cc
8,0.06,NHF,rolling,reset,model,8,9518.118002855435,9518.118002855435,11844493.083768627,11844493.083768627,0.0,optimal,545d8ca624cc
8,0.06,NHF,rolling,reset,model,9,3704.5031803363804,3704.5031803363804,6938696.127231998,6938696.127231998,0.0,optimal,545d8ca624cc
8,0.06,NHF,rolling,reset,model,10,0.0,0.0,7890796.684775625,7890796.684775625,0.0,optimal,545d8ca624cc
8,0.06,NHF,rolling,reset,model,11,2020.51964770639,2020.51964770639,14133756.143888438,14133756.143888438,0.0,optimal,545d8ca624cc
8,0.06,NHF,rolling,reset,model,12,17964.40428544615,17964.40428544615,22723486.395587645,22723486.395587645,0.0,optimal,545d8ca624cc
8,0.06,NHF,rolling,reset,model,13,19477.3818480447,19477.3818480447,18231675.61580036,18231675.61580036,0.0,optimal,545d8ca624cc
8,0.06,NHF,rolling,reset,model,14,0.0,0.0,8564170.360865459,8564170.360865459,0.0,optimal,545d8ca624cc
8,0.06,NHF,rolling,reset,model,15,10843.091677480945,10843.091677480945,15337953.517592506,15337953.517592506,0.0,optimal,545d8ca624cc
8,0.06,NDY,rolling,reset,model,1,7352.946793897845,7352.946793897845,9029322.858600916,9029322.858600914,1.862645149230957e-09,optimal,545d8ca624cc
8,0.06,NDY,rolling,reset,model,2,7352.94679389785,7352.946792187277,10123384.740499118,10123384.740499118,0.0,optimal,545d8ca624cc
8,0.06,NDY,rolling,reset,model,3,7352.946793897836,7352.946791971679,11449459.408154884,11449459.408154882,1.862645149230957e-09,optimal,545d8ca624cc
8,0.06,NDY,rolling,reset,model,4,8082.07856819574,8082.07856819574,13026057.688097715,13026057.688097714,1.862645149230957e-09,optimal,545d8ca624cc
8,0.06,NDY,rolling,reset,model,5,8528.421567554542,8528.421567636371,13947446.838499969,13947446.83849996,9.313225746154785e-09,optimal,545d8ca624cc
8,0.06,NDY,rolling,reset,model,6,8528.42156755454,8528.421566945786,14301811.589398619,14301811.58939862,-1.862645149230957e-09,optimal,545d8ca624cc
8,0.06,NDY,rolling,reset,model,7,8528.421567554544,8528.421567645279,15166103.911379369,15166103.91137937,-1.862645149230957e-09,optimal,545d8ca624cc
8,0.06,NDY,rolling,reset,model,8,8528.421567554547,8528.42156692077,14749423.507926593,14749423.507926589,3.725290298461914e-09,optimal,545d8ca624cc
8,0.06,NDY,rolling,reset,model,9,8528.421567554547,8528.421565965064,13623825.447049078,13623825.44704908,-1.862645149230957e-09,optimal,545d8ca624cc
8,0.06,NDY,rolling,reset,model,10,8528.421567554546,8528.421564074226,13634056.608090958,13634056.608090969,-1.1175870895385742e-08,optimal,545d8ca624cc
8,0.06,NDY,rolling,reset,model,11,8528.421567554538,8528.42156126547,13969115.75576637,13969115.755766366,3.725290298461914e-09,optimal,545d8ca624cc
8,0.06,NDY,rolling,reset,model,12,9167.695553376676,8889.53012291958,14357641.643750677,,,infeasible,545d8ca624cc
8,0.06,NDY,rolling,reset,model,13,9167.695553376676,8870.358605362704,14516006.470826743,,,infeasible,545d8ca624cc
8,0.06,NDY,rolling,reset,model,14,9167.69555337668,8846.041159863704,14890336.208463771,,,infeasible,545d8ca624cc
8,0.06,NDY,rolling,reset,model,15,11128.644589350008,8812.079753767754,15495667.774188904,,,infeasible,545d8ca624cc
8,0.06,-10%,rolling,reset,model,1,8047.274509022375,8047.274509022375,9222365.913024362,9222365.91302436,1.862645149230957e-09,optimal,545d8ca624cc
8,0.06,-10%,rolling,reset,model,2,7242.547058120146,7242.547059911861,9898321.718650535,9898321.718650533,1.862645149230957e-09,optimal,545d8ca624cc
8,0.06,-10%,rolling,reset,model,3,6518.292352308115,6518.292351854165,11145766.047508033,11145766.047508031,1.862645149230957e-09,optimal,545d8ca624cc
8,0.06,-10%,rolling,reset,model,4,8082.07856819574,8082.07856819574,13320572.291410012,13320572.291410012,0.0,optimal,545d8ca624cc
8,0.06,-10%,rolling,reset,model,5,9095.560127184977,9095.56012718498,14477780.806012744,14477780.806012742,1.862645149230957e-09,optimal,545d8ca624cc
8,0.06,-10%,rolling,reset,model,6,8186.004114466478,8186.004115412501,14558777.002721274,14558777.002721272,1.862645149230957e-09,optimal,545d8ca624cc
8,0.06,-10%,rolling,reset,model,7,9977.511002578816,9977.511002483025,16048191.261906967,16048191.261906965,1.862645149230957e-09,optimal,545d8ca624cc
8,0.06,-10%,rolling,reset,model,8,8979.759902320939,8979.75990320053,14555939.854079444,14555939.85407944,3.725290298461914e-09,optimal,545d8ca624cc
8,0.06,-10%,rolling,reset,model,9,8081.783912088843,8081.783912769526,12602663.361964868,12602663.36196487,-1.862645149230957e-09,optimal,545d8ca624cc
8,0.06,-10%,rolling,reset,model,10,7273.605520879959,7273.6055216515715,12499332.873420613,12499332.873420615,-1.862645149230957e-09,optimal,545d8ca624cc
8,0.06,-10%,rolling,reset,model,11,6546.244968791954,6546.244972716206,13475965.22488145,13475965.224881452,-1.862645149230957e-09,optimal,545d8ca624cc
8,0.06,-10%,rolling,reset,model,12,10769.764765042235,10751.178925595883,15999397.915169928,15999397.915169928,0.0,optimal,545d8ca624cc
8,0.06,-10%,rolling,reset,model,13,9692.788288538013,9676.06103489297,15024122.277659064,15024122.277659064,0.0,optimal,545d8ca624cc
8,0.06,-10%,rolling,reset,model,14,8723.509459684212,8708.454935845482,14826070.695886148,14826070.695886146,1.862645149230957e-09,optimal,545d8ca624cc
8,0.06,-10%,rolling,reset,model,15,11128.64458935001,9889.897477630966,15886491.06728291,,,infeasible,545d8ca624cc
8,0.06,-20%,rolling,reset,model,1,8794.03714260567,8794.03714260567,9411452.054541785,9411452.054541783,1.862645149230957e-09,optimal,545d8ca624cc
8,0.06,-20%,rolling,reset,model,2,7035.229714084532,7035.229711678675,9622738.79127194,9622738.791271942,-1.862645149230957e-09,optimal,545d8ca624cc
8,0.06,-20%,rolling,reset,model,3,5725.022828042771,5725.022828042771,10840118.119914763,10840118.119914763,0.0,optimal,545d8ca624cc
8,0.06,-20%,rolling,reset,model,4,8082.07856819574,8082.07856819574,13569920.642048247,13569920.642048247,0.0,optimal,545d8ca624cc
8,0.06,-20%,rolling,reset,model,5,9554.03912225122,9554.03912225122,14924707.774109244,14924707.774109244,0.0,optimal,545d8ca624cc
8,0.06,-20%,rolling,reset,model,6,7643.231297800978,7643.231299376834,14797565.53778029,14797565.537780287,3.725290298461914e-09,optimal,545d8ca624cc
8,0.06,-20%,rolling,reset,model,7,11769.746793881168,11769.74679397863,17141208.50004811,17141208.500048105,3.725290298461914e-09,optimal,545d8ca624cc
8,0.06,-20%,rolling,reset,model,8,9415.797435104936,9415.797434885208,14318981.15997837,14318981.159978367,1.862645149230957e-09,optimal,545d8ca624cc
8,0.06,-20%,rolling,reset,model,9,7532.63794808395,7532.637948459068,11524363.609032076,11524363.609032076,0.0,optimal,545d8ca624cc
8,0.06,-20%,rolling,reset,model,10,6026.110358467158,6026.110359780068,11381332.73533085,11381332.73533085,0.0,optimal,545d8ca624cc
8,0.06,-20%,rolling,reset,model,11,4820.888286773728,4820.888289151062,13000941.375478994,13000941.375478994,0.0,optimal,545d8ca624cc
8,0.06,-20%,rolling,reset,model,12,12572.635568426587,12572.635568613216,17263766.808487296,17263766.808487296,0.0,optimal,545d8ca624cc
8,0.06,-20%,rolling,reset,model,13,10058.10845474127,10058.108455302121,15058259.929077605,15058259.929077605,0.0,optimal,545d8ca624cc
8,0.06,-20%,rolling,reset,model,14,8046.486763793023,8046.486764181887,14419304.035742905,14419304.035742907,-1.862645149230957e-09,optimal,545d8ca624cc
8,0.06,-20%,rolling,reset,model,15,11128.64458935001,10706.953066049635,15969780.637146188,,,infeasible,545d8ca624cc
8,0.06,+/-10%,rolling,reset,model,1,7837.559576140487,7837.559576140487,9122611.09782972,9122611.097829722,-1.862645149230957e-09,optimal,545d8ca624cc
8,0.06,+/-10%,rolling,reset,model,2,7053.803618526443,6963.715916176277,9896231.007241273,9895238.012986187,992.9942550864071,suboptimal,545d8ca624cc
8,0.06,+/-10%,rolling,reset,model,3,7032.186321599727,7138.380353479901,11396367.814894475,11372704.640129426,23663.17476504855,suboptimal,545d8ca624cc
8,0.06,+/-10%,rolling,reset,model,4,7735.404953759699,8082.07856819574,13222085.586853188,13132654.917207263,89430.66964592412,suboptimal,545d8ca624cc
8,0.06,+/-10%,rolling,reset,model,5,8508.94544913567,9095.560127184974,14320590.580980737,14271760.35646873,48830.22451200709,suboptimal,545d8ca624cc
8,0.06,+/-10%,rolling,reset,model,6,9359.839994049235,8186.004115412501,14276219.477987137,,,infeasible,545d8ca624cc
8,0.06,+/-10%,rolling,reset,model,7,9953.924743705098,9950.814449425741,15855225.77230876,15855225.77230876,0.0,optimal,545d8ca624cc
8,0.06,+/-10%,rolling,reset,model,8,8958.532269334592,8955.733003614096,14243961.444707993,14243961.444707975,1.862645149230957e-08,optimal,545d8ca624cc
8,0.06,+/-10%,rolling,reset,model,9,8062.679042401132,7659.788725142641,12125095.844720332,12092152.514126733,32943.33059359901,suboptimal,545d8ca624cc
8,0.06,+/-10%,rolling,reset,model,10,7256.411138161021,6861.610142785403,12158828.435627025,12072650.658280697,86177.7773463279,suboptimal,545d8ca624cc
8,0.06,+/-10%,rolling,reset,model,11,6530.770024344918,7547.771160235046,13372049.220217498,11976548.895973943,1395500.3242435548,suboptimal,545d8ca624cc
8,0.06,+/-10%,rolling,reset,model,12,7183.847026779409,10732.571977234371,15949229.338714428,13221282.617430257,2727946.7212841716,suboptimal,545d8ca624cc
8,0.06,+/-10%,rolling,reset,model,13,7902.23172945735,9657.201047982526,14957078.377616137,14075106.04386614,881972.3337499965,suboptimal,545d8ca624cc
8,0.06,+/-10%,rolling,reset,model,14,8692.454902403086,8691.480942319296,14728175.937969033,14728175.937969033,0.0,optimal,545d8ca624cc
8,0.06,+/-10%,rolling,reset,model,15,9561.700392643394,9845.16938559617,15828179.987796042,15765007.199219245,63172.78857679665,suboptimal,545d8ca624cc
8,0.06,+/-20%,rolling,reset,model,1,8711.761548363382,8711.761548363382,9298265.965811007,9298265.965811007,0.0,optimal,545d8ca624cc
8,0.06,+/-20%,rolling,reset,model,2,6969.409238690706,6861.286536713547,9495133.599921405,9492297.69520891,2835.9047124944627,suboptimal,545d8ca624cc
8,0.06,+/-20%,rolling,reset,model,3,5916.935754528618,6044.3891707425555,10771428.493093694,10723940.714486308,47487.77860738523,suboptimal,545d8ca624cc
8,0.06,+/-20%,rolling,reset,model,4,7100.322905434341,8082.07856819574,13369811.416504838,13091288.964791885,278522.4517129529,suboptimal,545d8ca624cc
8,0.06,+/-20%,rolling,reset,model,5,8520.387486521206,9554.03912225122,14565336.183298858,14484370.908538852,80965.274760006,suboptimal,545d8ca624cc
8,0.06,+/-20%,rolling,reset,model,6,10224.464983825448,7643.231299376833,14152462.942486575,,,infeasible,545d8ca624cc
8,0.06,+/-20%,rolling,reset,model,7,11759.222888277893,11754.84293152468,16834835.575791094,16834835.575791094,0.0,optimal,545d8ca624cc
8,0.06,+/-20%,rolling,reset,model,8,9407.37831062232,9403.874344878213,13789035.616547048,13789035.616547048,0.0,optimal,545d8ca624cc
8,0.06,+/-20%,rolling,reset,model,9,7525.902648497851,6791.938813236883,10724414.288132187,10612051.012154913,112363.2759772744,suboptimal,545d8ca624cc
8,0.06,+/-20%,rolling,reset,model,10,6020.722118798281,5433.551051678639,10852189.47369681,10691794.06380653,160395.40989027917,suboptimal,545d8ca624cc
8,0.06,+/-20%,rolling,reset,model,11,4816.577695038626,6520.261259481635,12781268.645943183,10148598.842937429,2632669.803005755,suboptimal,545d8ca624cc
8,0.06,+/-20%,rolling,reset,model,12,5779.893234046352,12561.578573296862,17165110.600815456,12048472.971080363,5116637.629735094,suboptimal,545d8ca624cc
8,0.06,+/-20%,rolling,reset,model,13,6935.871880855621,10049.26285627049,14894492.607773151,13422141.18226744,1472351.4255057108,suboptimal,545d8ca624cc
8,0.06,+/-20%,rolling,reset,model,14,8323.046257026745,8039.410286345799,14136056.603510207,,,infeasible,545d8ca624cc
8,0.06,+/-20%,rolling,reset,model,15,9987.655508432093,10609.697978791397,15715446.921554651,15586311.940022586,129134.9815320652,suboptimal,545d8ca624cc
9,0.0,NHF,rolling,reset,model,1,9985.41665069,9985.41665069,253845632.79425064,253845632.79425064,0.0,optimal,545d8ca624cc
9,0.0,NHF,rolling,reset,model,2,2727.08332897,2255.5555519466666,259552310.63638806,259537408.56377646,14902.07261160016,suboptimal,545d8ca624cc
9,0.0,NHF,rolling,reset,model,3,1117.9687535775001,0.0,270802717.1667653,270777706.8359018,25010.3308634758,suboptimal,545d8ca624cc
9,0.0,NHF,rolling,reset,model,4,4865.8854322375,7779.660258897937,283384272.7939398,276682762.1781143,6701510.615825534,suboptimal,545d8ca624cc
9,0.0,NHF,rolling,reset,model,5,34017.71206209303,21537.733165865437,285510314.8288506,285510314.8288506,0.0,optimal,545d8ca624cc
9,0.0,NHF,rolling,reset,model,6,12076.072617180098,9560.416675465,269443212.6055942,269443212.6055942,0.0,optimal,545d8ca624cc
9,0.0,NHF,rolling,reset,model,7,22963.896057041136,15427.689166077365,269149531.8963255,269149531.8963255,0.0,optimal,545d8ca624cc
9,0.0,NHF,rolling,reset,model,8,13857.020069795799,7746.8750117,260834114.47392094,260834114.47392094,0.0,optimal,545d8ca624cc
9,0.0,NHF,rolling,reset,model,9,11283.126307704575,9560.416675465,261862409.44154733,261862409.44154733,0.0,optimal,545d8ca624cc
9,0.0,NHF,rolling,reset,model,10,0.0,7746.8750117,260597447.67215696,247177303.4656627,13420144.206494272,suboptimal,545d8ca624cc
9,0.0,NHF,rolling,reset,model,11,0.0,15080.965624965454,262440065.28269234,249019921.07619807,13420144.206494272,suboptimal,545d8ca624cc
9,0.0,NHF,rolling,reset,model,12,1196.0937538275,7746.8750117,255467755.09646562,245476121.2929972,9991633.803468406,suboptimal,545d8ca624cc
9,0.0,NHF,rolling,reset,model,13,1196.0937538275,16894.507288730456,258139872.9375496,248046349.8958332,10093523.041716397,suboptimal,545d8ca624cc
9,0.0,NHF,rolling,reset,model,14,2314.0625074050004,7746.8750117,248866935.68066204,241769934.20926762,7097001.47139442,suboptimal,545d8ca624cc
9,0.0,NHF,rolling,reset,model,15,82371.21053027388,5181.5104201574995,251306479.60369408,,,infeasible,545d8ca624cc
9,0.0,NDY,rolling,reset,model,1,11353.254621586095,11353.254621586095,210738205.41179764,210738205.4117977,-5.960464477539063e-08,optimal,545d8ca624cc
9,0.0,NDY,rolling,reset,model,2,11353.254621586093,11353.254621586108,216068305.57706407,216068305.5770639,1.7881393432617188e-07,optimal,545d8ca624cc
9,0.0,NDY,rolling,reset,model,3,11353.254621586093,11353.254621586098,220239722.90651336,220239722.9065134,-2.9802322387695312e-08,optimal,545d8ca624cc
9,0.0,NDY,rolling,reset,model,4,11353.254621586093,11353.2546215861,222800562.51096058,222800562.51096052,5.960464477539063e-08,optimal,545d8ca624cc
9,0.0,NDY,rolling,reset,model,5,11353.254621586093,11353.254621586197,223982586.4860173,223982586.48601866,-1.3709068298339844e-06,optimal,545d8ca624cc
9,0.0,NDY,rolling,reset,model,6,11353.254621586095,11353.25462158609,222369834.64755145,222369834.64755148,-2.9802322387695312e-08,optimal,545d8ca624cc
9,0.0,NDY,rolling,reset,model,7,11353.254621586093,11353.254621586095,221881449.0712238,221881449.07122383,-2.9802322387695312e-08,optimal,545d8ca624cc
9,0.0,NDY,rolling,reset,model,8,11353.254621586093,11315.695277182367,221056911.93760386,221056911.9376039,-2.9802322387695312e-08,optimal,545d8ca624cc
9,0.0,NDY,rolling,reset,model,9,11353.254621586093,10338.425353884999,219742439.17278168,219581416.6437887,161022.52899298072,suboptimal,545d8ca624cc
9,0.0,NDY,rolling,reset,model,10,11353.254621586095,10248.138372199393,219581730.52653793,219346834.7126956,234895.8138423264,suboptimal,545d8ca624cc
9,0.0,NDY,rolling,reset,model,11,11353.254621586093,10163.769306891636,219414334.3855831,219106400.87446183,307933.51112127304,suboptimal,545d8ca624cc
9,0.0,NDY,rolling,reset,model,12,11353.254621586093,10152.399824812606,219650705.00100985,219284188.4101036,366516.5909062624,suboptimal,545d8ca624cc
9,0.0,NDY,rolling,reset,model,13,11353.254621586091,10344.715600015921,219892981.08443108,219743225.51817524,149755.56625583768,suboptimal,545d8ca624cc
9,0.0,NDY,rolling,reset,model,14,11353.254621586093,10287.58863343018,220344543.54868335,220119974.0791371,224569.46954625845,suboptimal,545d8ca624cc
9,0.0,NDY,rolling,reset,model,15,11353.254621586093,10153.86762349344,220420125.4757406,220073719.29268044,346406.1830601692,suboptimal,545d8ca624cc
9,0.0,-10%,rolling,reset,model,1,6172.525448674483,6172.525448674483,226605278.13580346,226605278.1358035,-2.9802322387695312e-08,optimal,545d8ca624cc
9,0.0,-10%,rolling,reset,model,2,5555.272903807038,7838.062702136099,234752171.40680122,234739735.7480519,12435.658749312162,suboptimal,545d8ca624cc
9,0.0,-10%,rolling,reset,model,3,4999.7456134263575,7055.98881728919,240713473.33014557,240711776.17831552,1697.151830047369,suboptimal,545d8ca624cc
9,0.0,-10%,rolling,reset,model,4,17997.47848736017,16178.53223608515,246835183.53549576,246222853.70704228,612329.8284534812,suboptimal,545d8ca624cc
9,0.0,-10%,rolling,reset,model,5,16210.027871016868,14496.069215396392,241355314.66039985,240991296.6061282,364018.0542716682,suboptimal,545d8ca624cc
9,0.0,-10%,rolling,reset,model,6,14589.025083915183,13243.560081777301,235728022.1480617,235562519.27477124,165502.87329044938,suboptimal,545d8ca624cc
9,0.0,-10%,rolling,reset,model,7,13130.122575523661,12182.604525604707,231514119.6365714,231443393.66700348,70725.96956792474,suboptimal,545d8ca624cc
9,0.0,-10%,rolling,reset,model,8,11817.110317971297,11500.398450790444,228954341.5179203,228949771.08877817,4570.4291421175,suboptimal,545d8ca624cc
9,0.0,-10%,rolling,reset,model,9,10635.399286174164,11237.350185617235,227528548.87108335,227526355.19833085,2193.6727524995804,suboptimal,545d8ca624cc
9,0.0,-10%,rolling,reset,model,10,9571.859357556754,10816.05060679362,226248047.26405737,226222398.4176822,25648.84637516737,suboptimal,545d8ca624cc
9,0.0,-10%,rolling,reset,model,11,16090.17782944775,9820.730224431083,225537408.24975458,216920342.02987635,8617066.219878227,suboptimal,545d8ca624cc
9,0.0,-10%,rolling,reset,model,12,15573.73747817023,9940.234691937354,226435461.52251863,221220214.7795809,5215246.742937744,suboptimal,545d8ca624cc
9,0.0,-10%,rolling,reset,model,13,14016.363730353201,8432.13177556777,227074936.11472607,224881273.90492234,2193662.2098037302,suboptimal,545d8ca624cc
9,0.0,-10%,rolling,reset,model,14,12614.727357317883,7588.918598455293,229655276.1805735,229007200.12833807,648076.0522354245,suboptimal,545d8ca624cc
9,0.0,-10%,rolling,reset,model,15,11353.254621586095,8437.874235334953,233157254.87493044,233143824.97965294,13429.895277500153,suboptimal,545d8ca624cc
9,0.0,-20%,rolling,reset,model,1,7546.0871688487,7546.0871688487,229721354.3481309,229721354.3481309,0.0,optimal,545d8ca624cc
9,0.0,-20%,rolling,reset,model,2,6036.869735078961,3967.444784218551,236789931.71697667,236776257.87147596,13673.845500707626,suboptimal,545d8ca624cc
9,0.0,-20%,rolling,reset,model,3,4829.495788063172,2134.8142075200003,246134822.89000726,246125452.0797049,9370.810302346945,suboptimal,545d8ca624cc
9,0.0,-20%,rolling,reset,model,4,14193.462337335437,18971.309732425438,257314638.255452,257206112.08912855,108526.16632345319,suboptimal,545d8ca624cc
9,0.0,-20%,rolling,reset,model,5,19651.502721391735,19197.756602698297,248923652.80657208,248921564.5787554,2088.227816671133,suboptimal,545d8ca624cc
9,0.0,-20%,rolling,reset,model,6,15721.202177113384,15337.514180248943,237593023.9185085,237588012.68279317,5011.235715329647,suboptimal,545d8ca624cc
9,0.0,-20%,rolling,reset,model,7,12576.961741690708,12818.840223600968,230447238.74148542,230447014.967765,223.77372041344643,optimal,545d8ca624cc
9,0.0,-20%,rolling,reset,model,8,10061.569393352567,11173.5695547626,227382177.37318894,227375163.79786292,7013.575326025486,suboptimal,545d8ca624cc
9,0.0,-20%,rolling,reset,model,9,8049.255514682053,9706.197981203768,226039932.992803,226014129.66099843,25803.331804573536,suboptimal,545d8ca624cc
9,0.0,-20%,rolling,reset,model,10,6439.404411745644,7764.9583809901,226475425.48200667,226447805.714647,27619.767359673977,suboptimal,545d8ca624cc
9,0.0,-20%,rolling,reset,model,11,12201.276043776597,11976.377019099677,229642489.85306743,229637437.39028558,5052.462781846523,suboptimal,545d8ca624cc
9,0.0,-20%,rolling,reset,model,12,22174.32543278534,10065.666576074584,227589217.2537826,,,infeasible,545d8ca624cc
9,0.0,-20%,rolling,reset,model,13,17739.460346228276,7109.8999385300995,228158839.85202384,224570744.8259273,3588095.0260965526,suboptimal,545d8ca624cc
9,0.0,-20%,rolling,reset,model,14,14191.568276982618,5942.401103593378,232491715.6335637,232075036.95509985,416678.67846384645,suboptimal,545d8ca624cc
9,0.0,-20%,rolling,reset,model,15,11353.254621586093,8018.627378885447,238293456.63233885,238285377.51275274,8079.119586110115,suboptimal,545d8ca624cc
9,0.0,+/-10%,rolling,reset,model,1,8193.96394927301,8193.96394927301,225603340.5601348,225603340.56013483,-2.9802322387695312e-08,optimal,545d8ca624cc
9,0.0,+/-10%,rolling,reset,model,2,9013.36034420031,9480.88423590204,232221788.0039728,232165988.60435787,55799.39961493015,suboptimal,545d8ca624cc
9,0.0,+/-10%,rolling,reset,model,3,9914.696378620341,10779.849862527526,236649062.24700984,236600937.67267329,48124.57433655858,suboptimal,545d8ca624cc
9,0.0,+/-10%,rolling,reset,model,4,10906.166016482375,12206.819143698885,238446631.5387172,238331601.0754459,115030.46327131987,suboptimal,545d8ca624cc
9,0.0,+/-10%,rolling,reset,model,5,11996.782618130615,13700.917301105841,237349966.7341241,237269166.10814482,80800.62597927451,suboptimal,545d8ca624cc
9,0.0,+/-10%,rolling,reset,model,6,13196.460879943674,12892.47538101842,232657011.88123462,232650705.85776812,6306.02346649766,suboptimal,545d8ca624cc
9,0.0,+/-10%,rolling,reset,model,7,13595.530468916555,12015.12849142188,228890662.38805017,228588235.3781973,302427.0098528564,suboptimal,545d8ca624cc
9,0.0,+/-10%,rolling,reset,model,8,12235.977422024898,10882.954061095907,226852411.33723766,226714061.07631457,138350.2609230876,suboptimal,545d8ca624cc
9,0.0,+/-10%,rolling,reset,model,9,11700.779472704899,10520.93871714636,226251745.82935444,226136295.92043734,115449.90891709924,suboptimal,545d8ca624cc
9,0.0,+/-10%,rolling,reset,model,10,12870.857419975391,10437.6530001764,226141282.61581457,225306721.3411228,834561.2746917605,suboptimal,545d8ca624cc
9,0.0,+/-10%,rolling,reset,model,11,14157.943161972935,10038.575455462907,226209254.6200126,223655090.31726447,2554164.3027481437,suboptimal,545d8ca624cc
9,0.0,+/-10%,rolling,reset,model,12,15573.73747817023,9750.453329693217,226741524.9026427,220164774.1442752,6576750.758367509,suboptimal,545d8ca624cc
9,0.0,+/-10%,rolling,reset,model,13,14016.3637303532,8480.944923355371,227452892.19831532,225120199.37573358,2332692.8225817382,suboptimal,545d8ca624cc
9,0.0,+/-10%,rolling,reset,model,14,12614.727357317886,8776.395864427077,229740975.87961864,229298106.72194338,442869.15767526627,suboptimal,545d8ca624cc
9,0.0,+/-10%,rolling,reset,model,15,11353.254621586091,10322.915326147033,231013324.09167838,231000022.0551625,13302.036515891552,suboptimal,545d8ca624cc
9,0.0,+/-20%,rolling,reset,model,1,6718.700073564888,6718.700073564888,228193271.80356324,228193271.80356324,0.0,optimal,545d8ca624cc
9,0.0,+/-20%,rolling,reset,model,2,8062.4400882778655,8230.815011570263,235891436.0825626,235891294.79848796,141.28407463431358,optimal,545d8ca624cc
9,0.0,+/-20%,rolling,reset,model,3,9674.928105933439,10486.79887611976,241587419.06794003,241518223.13458282,69195.93335720897,suboptimal,545d8ca624cc
9,0.0,+/-20%,rolling,reset,model,4,11609.913727120127,13257.683805421668,244100534.13221073,243986497.6693101,114036.46290063858,suboptimal,545d8ca624cc
9,0.0,+/-20%,rolling,reset,model,5,13931.896472544151,16800.790740908487,241787717.31488678,241673917.4982605,113799.81662628055,suboptimal,545d8ca624cc
9,0.0,+/-20%,rolling,reset,model,6,16718.275767052983,13525.864123953066,232784699.9252368,232288458.4195189,496241.5057179034,suboptimal,545d8ca624cc
9,0.0,+/-20%,rolling,reset,model,7,13374.620613642384,11719.341486702462,228508814.80460143,228372393.34296963,136421.4616318047,suboptimal,545d8ca624cc
9,0.0,+/-20%,rolling,reset,model,8,10699.69649091391,11082.666208391098,226684844.9960321,226684156.0105692,688.9854628741741,suboptimal,545d8ca624cc
9,0.0,+/-20%,rolling,reset,model,9,9032.903507902854,8334.12669095896,225567818.61949518,225564998.0444965,2820.574998676777,suboptimal,545d8ca624cc
9,0.0,+/-20%,rolling,reset,model,10,10839.484209483424,10723.650070630247,228217369.70744947,228217324.64344952,45.06399995088577,optimal,545d8ca624cc
9,0.0,+/-20%,rolling,reset,model,11,13007.381051380109,11514.409471293007,227884336.78381586,227733340.55168873,150996.23212713003,suboptimal,545d8ca624cc
9,0.0,+/-20%,rolling,reset,model,12,15608.857261656127,10436.83570517597,226365858.18926245,224584156.4660359,1781701.7232265472,suboptimal,545d8ca624cc
9,0.0,+/-20%,rolling,reset,model,13,17739.460346228276,5789.1281499172,226320293.11289436,220912250.6928775,5408042.420016855,suboptimal,545d8ca624cc
9,0.0,+/-20%,rolling,reset,model,14,14191.568276982616,7052.585754353696,231944453.2219149,231432493.2408204,511959.98109447956,suboptimal,545d8ca624cc
9,0.0,+/-20%,rolling,reset,model,15,11353.254621586093,10605.275798009581,236295083.5900503,236291057.4031501,4026.1869001984596,suboptimal,545d8ca624cc
9,0.02,NHF,rolling,reset,model,1,42279.06251246067,42279.06251246067,64605804.249250345,64605804.249250345,0.0,optimal,545d8ca624cc
9,0.02,NHF,rolling,reset,model,2,3331.3045227885077,4006.8030249501035,42480102.391559616,42477100.07444188,3002.3171177357435,suboptimal,545d8ca624cc
9,0.02,NHF,rolling,reset,model,3,8383.895202232545,5836.596986611252,48490246.4674719,48470267.5857387,19978.881733193994,suboptimal,545d8ca624cc
9,0.02,NHF,rolling,reset,model,4,2992.9687595775004,5332.779008359894,53243421.560433604,53209929.93176236,33491.62867124379,suboptimal,545d8ca624cc
9,0.02,NHF,rolling,reset,model,5,15853.049434467172,15605.300839108662,59537426.10023641,,,infeasible,545d8ca624cc
9,0.02,NHF,rolling,reset,model,6,5162.952265658053,5162.952265658053,52527745.359017625,52527745.359017625,0.0,optimal,545d8ca624cc
9,0.02,NHF,rolling,reset,model,7,18979.92343673272,18979.923436732723,57951754.58213478,57951754.58213478,0.0,optimal,545d8ca624cc
9,0.02,NHF,rolling,reset,model,8,7459.964683497827,7459.964683497827,47527506.36235917,47527506.36235917,0.0,optimal,545d8ca624cc
9,0.02,NHF,rolling,reset,model,9,11910.161494719061,10038.361781259364,48036708.41538222,,,infeasible,545d8ca624cc
9,0.02,NHF,rolling,reset,model,10,1061.8467950645763,2528.664917717668,45773028.89126597,45689008.59771275,84020.2935532257,suboptimal,545d8ca624cc
9,0.02,NHF,rolling,reset,model,11,4101.115733811568,9466.229076409141,54101827.7447509,53758417.89930557,343409.8454453349,suboptimal,545d8ca624cc
9,0.02,NHF,rolling,reset,model,12,6883.129156626678,4573.634034605568,53994354.604790166,,,infeasible,545d8ca624cc
9,0.02,NHF,rolling,reset,model,13,18144.082780097386,23332.76309649514,60192944.6415868,59904035.26685607,288909.374730736,suboptimal,545d8ca624cc
9,0.02,NHF,rolling,reset,model,14,13646.133949770958,4082.4721726898515,44074289.14453465,,,infeasible,545d8ca624cc
9,0.02,NHF,rolling,reset,model,15,13726.013075158118,8540.444776466027,49452216.44899998,,,infeasible,545d8ca624cc
9,0.02,NDY,rolling,reset,model,1,11353.254621586093,11353.254621586093,55567852.59351101,55567852.59351103,-2.2351741790771484e-08,optimal,545d8ca624cc
9,0.02,NDY,rolling,reset,model,2,11353.254621586095,11353.254621586095,57567275.10922814,57567275.10922811,2.9802322387695312e-08,optimal,545d8ca624cc
9,0.02,NDY,rolling,reset,model,3,11353.254621586093,11353.254621586093,60032411.52241113,60032411.52241116,-2.9802322387695312e-08,optimal,545d8ca624cc
9,0.02,NDY,rolling,reset,model,4,11353.254621586093,11353.254621586098,62226811.69631025,62226811.6963102,5.21540641784668e-08,optimal,545d8ca624cc
9,0.02,NDY,rolling,reset,model,5,11353.25462158609,11353.2546215861,63635564.33980674,63635564.339806736,7.450580596923828e-09,optimal,545d8ca624cc
9,0.02,NDY,rolling,reset,model,6,11353.25462158609,11353.254621586113,63162981.62200228,63162981.622002214,6.705522537231445e-08,optimal,545d8ca624cc
9,0.02,NDY,rolling,reset,model,7,11353.25462158609,11255.922632222693,62988370.327330194,62988370.327330194,0.0,optimal,545d8ca624cc
9,0.02,NDY,rolling,reset,model,8,11353.254621586086,11158.07375619798,62692851.847233735,,,infeasible,545d8ca624cc
9,0.02,NDY,rolling,reset,model,9,11353.254621586088,11051.378657849333,62271099.25973949,,,infeasible,545d8ca624cc
9,0.02,NDY,rolling,reset,model,10,11353.25462158609,10968.261400965504,61905069.18073354,,,infeasible,545d8ca624cc
9,0.02,NDY,rolling,reset,model,11,11353.254621586095,10880.38476823522,60869930.64211585,,,infeasible,545d8ca624cc
9,0.02,NDY,rolling,reset,model,12,11353.254621586097,10814.02539383827,60438045.24734107,,,infeasible,545d8ca624cc
9,0.02,NDY,rolling,reset,model,13,11353.254621586095,10728.3444524871,60159312.47928094,,,infeasible,545d8ca624cc
9,0.02,NDY,rolling,reset,model,14,11353.254621586095,10664.18801685122,60034530.12426741,,,infeasible,545d8ca624cc
9,0.02,NDY,rolling,reset,model,15,11353.254621586093,10597.081820896874,59311415.104130134,,,infeasible,545d8ca624cc
9,0.02,-10%,rolling,reset,model,1,18248.03305145055,18248.03305145055,63382408.5993119,63382408.5993119,0.0,optimal,545d8ca624cc
9,0.02,-10%,rolling,reset,model,2,16423.229746305497,16415.005015872463,61944810.31825012,61944810.31825012,0.0,optimal,545d8ca624cc
9,0.02,-10%,rolling,reset,model,3,14780.906771674945,14780.147340317564,60217825.95888469,60217825.95888468,1.4901161193847656e-08,optimal,545d8ca624cc
9,0.02,-10%,rolling,reset,model,4,13302.81609450745,13313.768629046972,58292693.518703945,58292693.518703945,0.0,optimal,545d8ca624cc
9,0.02,-10%,rolling,reset,model,5,11972.534485056703,11967.974355012326,55780332.17251574,55780332.17251574,0.0,optimal,545d8ca624cc
9,0.02,-10%,rolling,reset,model,6,10775.281036551034,10771.17692052141,52912650.366346486,52912650.366346486,0.0,optimal,545d8ca624cc
9,0.02,-10%,rolling,reset,model,7,9949.744663302215,9949.744663302214,51169709.64187344,51169709.64187344,0.0,optimal,545d8ca624cc
9,0.02,-10%,rolling,reset,model,8,9056.99369882642,8954.770200425717,50445957.687165014,,,infeasible,545d8ca624cc
9,0.02,-10%,rolling,reset,model,9,8151.294328943778,8871.917983685387,50211514.43269726,50166278.3888491,45236.04384815693,suboptimal,545d8ca624cc
9,0.02,-10%,rolling,reset,model,10,7336.1648960494,7984.726187515219,50380671.44651437,50351170.180821285,29501.265693083405,suboptimal,545d8ca624cc
9,0.02,-10%,rolling,reset,model,11,6602.548406444462,7196.5490067958835,51680275.82841172,51642137.3559039,38138.47250781953,suboptimal,545d8ca624cc
9,0.02,-10%,rolling,reset,model,12,9977.634086748927,9645.774023276113,54140945.23590562,,,infeasible,545d8ca624cc
9,0.02,-10%,rolling,reset,model,13,14016.3637303532,11470.181332365497,54111698.016279854,,,infeasible,545d8ca624cc
9,0.02,-10%,rolling,reset,model,14,12614.72735731788,10322.552801498769,51893252.63097359,,,infeasible,545d8ca624cc
9,0.02,-10%,rolling,reset,model,15,11353.254621586091,9293.52298219835,50572122.77553434,,,infeasible,545d8ca624cc
9,0.02,-20%,rolling,reset,model,1,22292.536095474505,22292.536095474505,63890600.68242858,63890600.68242858,0.0,optimal,545d8ca624cc
9,0.02,-20%,rolling,reset,model,2,17834.0288763796,17828.157198702273,58845233.68298882,58845233.68298882,0.0,optimal,545d8ca624cc
9,0.02,-20%,rolling,reset,model,3,14267.223101103682,14253.983697374713,55283028.367821634,55283028.367821634,0.0,optimal,545d8ca624cc
9,0.02,-20%,rolling,reset,model,4,11413.778480882946,11396.814844370647,52633524.695693485,52633524.695693485,0.0,optimal,545d8ca624cc
9,0.02,-20%,rolling,reset,model,5,9131.022784706356,9120.479256718574,51427828.608108334,51427828.608108334,0.0,optimal,545d8ca624cc
9,0.02,-20%,rolling,reset,model,6,7304.818227765086,7296.383409418052,51604964.6703653,51604964.6703653,0.0,optimal,545d8ca624cc
9,0.02,-20%,rolling,reset,model,7,10401.228770324313,10401.2287718116,53794744.22204657,53794744.22204657,0.0,optimal,545d8ca624cc
9,0.02,-20%,rolling,reset,model,8,11343.74856365242,11625.672474404733,53105956.72089546,53092032.44959323,13924.271302230656,suboptimal,545d8ca624cc
9,0.02,-20%,rolling,reset,model,9,9074.998850921937,9300.53797695713,50014525.35174922,50008247.594922915,6277.756826303899,suboptimal,545d8ca624cc
9,0.02,-20%,rolling,reset,model,10,7259.999080737551,7440.430384787784,49344746.600758016,49337213.82376543,7532.776992589235,suboptimal,545d8ca624cc
9,0.02,-20%,rolling,reset,model,11,5807.99926459004,8149.791023998199,51163200.26346959,51034923.9559702,128276.30749939382,suboptimal,545d8ca624cc
9,0.02,-20%,rolling,reset,model,12,8853.93839016984,7907.666548743522,52532094.7264389,,,infeasible,545d8ca624cc
9,0.02,-20%,rolling,reset,model,13,13147.47428205972,12044.941066322996,54318980.778191015,,,infeasible,545d8ca624cc
9,0.02,-20%,rolling,reset,model,14,14191.568276982614,10544.234098020079,51459198.97217045,,,infeasible,545d8ca624cc
9,0.02,-20%,rolling,reset,model,15,11353.254621586091,9350.92607376816,49830083.43164277,,,infeasible,545d8ca624cc
9,0.02,+/-10%,rolling,reset,model,1,18257.107167433714,18257.107167433714,63343506.18963812,63343506.18963812,0.0,optimal,545d8ca624cc
9,0.02,+/-10%,rolling,reset,model,2,16431.396450690336,16421.532894005806,61837840.70804901,61837840.70804904,-2.9802322387695312e-08,optimal,545d8ca624cc
9,0.02,+/-10%,rolling,reset,model,3,14788.256805621306,14778.16645664352,60130712.05453992,60130712.05453992,0.0,optimal,545d8ca624cc
9,0.02,+/-10%,rolling,reset,model,4,13309.431125059175,13302.135082058052,58231652.36565809,58231652.36565809,0.0,optimal,545d8ca624cc
9,0.02,+/-10%,rolling,reset,model,5,11978.488012553256,11949.345526861585,55755633.6081032,55755633.6081032,0.0,optimal,545d8ca624cc
9,0.02,+/-10%,rolling,reset,model,6,10780.639211297932,10754.410971431786,52910336.194129355,52910336.194129355,0.0,optimal,545d8ca624cc
9,0.02,+/-10%,rolling,reset,model,7,9714.103066236614,9714.10306332304,51111625.953668825,51111625.95366883,-7.450580596923828e-09,optimal,545d8ca624cc
9,0.02,+/-10%,rolling,reset,model,8,8742.692759612954,9270.898522354688,50678408.87885938,50650075.34103511,28333.53782426566,suboptimal,545d8ca624cc
9,0.02,+/-10%,rolling,reset,model,9,7868.423483651658,8807.511932900994,50076754.28643101,50042509.619042866,34244.667388141155,suboptimal,545d8ca624cc
9,0.02,+/-10%,rolling,reset,model,10,8209.322966060694,7529.636187113471,50290538.05233863,,,infeasible,545d8ca624cc
9,0.02,+/-10%,rolling,reset,model,11,9030.255262666764,8278.132346838533,52148275.88468559,,,infeasible,545d8ca624cc
9,0.02,+/-10%,rolling,reset,model,12,9933.28078893344,9105.945580978338,53381819.872667536,,,infeasible,545d8ca624cc
9,0.02,+/-10%,rolling,reset,model,13,10926.608867826786,11435.223191476978,53999573.396829955,53965619.127360314,33954.26946964115,suboptimal,545d8ca624cc
9,0.02,+/-10%,rolling,reset,model,14,12019.269754609464,10291.70087436821,51752311.650140524,,,infeasible,545d8ca624cc
9,0.02,+/-10%,rolling,reset,model,15,11353.254621586095,9215.378802358242,50459565.5105855,,,infeasible,545d8ca624cc
9,0.02,+/-20%,rolling,reset,model,1,22183.485482816726,22183.485482816726,63849166.90037048,63849166.90037048,0.0,optimal,545d8ca624cc
9,0.02,+/-20%,rolling,reset,model,2,17746.78838625338,17681.19425638215,58886422.62360264,58886422.62360269,-4.470348358154297e-08,optimal,545d8ca624cc
9,0.02,+/-20%,rolling,reset,model,3,14197.430709002703,13651.276345767288,55459643.948928006,55454346.41540916,5297.533518843353,suboptimal,545d8ca624cc
9,0.02,+/-20%,rolling,reset,model,4,11357.944567202163,10148.930052844415,53604350.294907965,53598286.82296953,6063.471938431263,suboptimal,545d8ca624cc
9,0.02,+/-20%,rolling,reset,model,5,9086.35565376173,10787.04380301324,53936456.59188673,53831261.7798284,105194.81205832958,suboptimal,545d8ca624cc
9,0.02,+/-20%,rolling,reset,model,6,7992.936700377891,8629.6350444586,52394677.791404635,52266140.799681,128536.9917236343,suboptimal,545d8ca624cc
9,0.02,+/-20%,rolling,reset,model,7,9591.524040453467,10353.94389603296,53153398.1573246,53096152.56973212,57245.587592475116,suboptimal,545d8ca624cc
9,0.02,+/-20%,rolling,reset,model,8,11509.82884854416,11294.27020039941,52350483.42075023,,,infeasible,545d8ca624cc
9,0.02,+/-20%,rolling,reset,model,9,9207.86307883533,9035.416159519777,49481811.31255362,,,infeasible,545d8ca624cc
9,0.02,+/-20%,rolling,reset,model,10,7366.290463068262,7228.332923815764,49062942.008846045,,,infeasible,545d8ca624cc
9,0.02,+/-20%,rolling,reset,model,11,7757.129921403889,7143.268102427985,51137051.34593342,51061758.508608975,75292.83732444793,suboptimal,545d8ca624cc
9,0.02,+/-20%,rolling,reset,model,12,9308.555905684665,8571.921727261637,53657259.231817126,,,infeasible,545d8ca624cc
9,0.02,+/-20%,rolling,reset,model,13,11170.267086821601,13168.114228701468,55163147.88024151,55036467.3800592,126680.5001823157,suboptimal,545d8ca624cc
9,0.02,+/-20%,rolling,reset,model,14,13404.320504185916,10534.491383539207,50931510.669749595,,,infeasible,545d8ca624cc
9,0.02,+/-20%,rolling,reset,model,15,11353.254621586091,9156.859497498157,49236335.37265288,,,infeasible,545d8ca624cc
9,0.04,NHF,rolling,reset,model,1,46919.55024943617,46919.55024943617,37484975.045132436,37484975.045132436,0.0,optimal,545d8ca624cc
9,0.04,NHF,rolling,reset,model,2,5162.952265658053,5162.952265658053,14782554.427385107,14782554.427385107,0.0,optimal,545d8ca624cc
9,0.04,NHF,rolling,reset,model,3,5162.952265658053,5162.952265658053,16941370.73348778,16941370.73348778,0.0,optimal,545d8ca624cc
9,0.04,NHF,rolling,reset,model,4,5162.952265658053,5162.952265658053,19586227.166189678,19586227.166189678,0.0,optimal,545d8ca624cc
9,0.04,NHF,rolling,reset,model,5,5162.952265658053,5162.952265658053,22976965.394344687,22976965.394344687,0.0,optimal,545d8ca624cc
9,0.04,NHF,rolling,reset,model,6,5162.952265658053,5162.952265658053,27307162.877245843,27307162.877245843,0.0,optimal,545d8ca624cc
9,0.04,NHF,rolling,reset,model,7,20446.74155938581,20446.74155938581,33716912.953878075,33716912.953878075,0.0,optimal,545d8ca624cc
9,0.04,NHF,rolling,reset,model,8,8540.444776466027,8540.444776466027,24497952.192038726,24497952.192038726,0.0,optimal,545d8ca624cc
9,0.04,NHF,rolling,reset,model,9,12923.574457158711,12923.574457158711,24493235.090016283,24493235.090016283,0.0,optimal,545d8ca624cc
9,0.04,NHF,rolling,reset,model,10,5162.952265658053,5162.952265658053,19192252.624675285,19192252.624675285,0.0,optimal,545d8ca624cc
9,0.04,NHF,rolling,reset,model,11,5162.952265658053,5162.952265658053,21785884.8622291,21785884.8622291,0.0,optimal,545d8ca624cc
9,0.04,NHF,rolling,reset,model,12,5162.952265658053,5162.952265658053,25544072.726704244,25544072.726704244,0.0,optimal,545d8ca624cc
9,0.04,NHF,rolling,reset,model,13,20446.741559385806,20446.74155938581,31107108.834743045,31107108.834743045,0.0,optimal,545d8ca624cc
9,0.04,NHF,rolling,reset,model,14,5162.952265658053,5162.952265658053,20620691.882839482,20620691.882839482,0.0,optimal,545d8ca624cc
9,0.04,NHF,rolling,reset,model,15,8540.444776466027,8540.444776466027,23833415.155229047,23833415.155229047,0.0,optimal,545d8ca624cc
9,0.04,NDY,rolling,reset,model,1,11353.254621586095,11353.254621586095,25049851.048125453,25049851.04812545,3.725290298461914e-09,optimal,545d8ca624cc
9,0.04,NDY,rolling,reset,model,2,11353.254621586098,11353.254621586091,25940429.53224739,25940429.532247417,-2.60770320892334e-08,optimal,545d8ca624cc
9,0.04,NDY,rolling,reset,model,3,11353.254621586086,11353.254621586097,27417203.281432863,27417203.281432867,-3.725290298461914e-09,optimal,545d8ca624cc
9,0.04,NDY,rolling,reset,model,4,11353.254621586093,11353.254621586098,28807841.766240403,28807841.766240418,-1.4901161193847656e-08,optimal,545d8ca624cc
9,0.04,NDY,rolling,reset,model,5,11353.254621586111,11259.696234708514,29746549.438312266,29746549.43831232,-5.21540641784668e-08,optimal,545d8ca624cc
9,0.04,NDY,rolling,reset,model,6,11353.254621586093,11124.033391368048,29587061.15132133,,,infeasible,545d8ca624cc
9,0.04,NDY,rolling,reset,model,7,11353.254621586093,11010.70822410538,29572602.159114316,,,infeasible,545d8ca624cc
9,0.04,NDY,rolling,reset,model,8,11353.254621586095,10917.70817827522,29351125.37410669,,,infeasible,545d8ca624cc
9,0.04,NDY,rolling,reset,model,9,11353.254621586097,10753.453731549398,28596905.57326321,,,infeasible,545d8ca624cc
9,0.04,NDY,rolling,reset,model,10,11353.254621586098,10669.012435985202,27987540.796064824,,,infeasible,545d8ca624cc
9,0.04,NDY,rolling,reset,model,11,11353.254621586098,10598.251639122538,27937205.234262392,,,infeasible,545d8ca624cc
9,0.04,NDY,rolling,reset,model,12,11353.254621586084,10522.154593407315,27975038.916823834,,,infeasible,545d8ca624cc
9,0.04,NDY,rolling,reset,model,13,11353.254621586104,10449.814582413263,27746532.073841702,,,infeasible,545d8ca624cc
9,0.04,NDY,rolling,reset,model,14,11353.254621586093,10340.677932775241,27683166.130257487,,,infeasible,545d8ca624cc
9,0.04,NDY,rolling,reset,model,15,11353.254621586095,10248.334233417732,27830841.38914381,,,infeasible,545d8ca624cc
9,0.04,-10%,rolling,reset,model,1,18302.100868509708,18302.100868509708,31845159.088620856,31845159.088620864,-7.450580596923828e-09,optimal,545d8ca624cc
9,0.04,-10%,rolling,reset,model,2,16471.89078165873,16466.648060983727,31261002.837395303,31261002.837395303,0.0,optimal,545d8ca624cc
9,0.04,-10%,rolling,reset,model,3,14824.701703492874,14819.983252598415,30482208.480059285,30482208.48005929,-3.725290298461914e-09,optimal,545d8ca624cc
9,0.04,-10%,rolling,reset,model,4,13342.23153314357,13328.504803111398,29470323.104212373,29470323.104212373,0.0,optimal,545d8ca624cc
9,0.04,-10%,rolling,reset,model,5,12008.008379829216,11995.654321476619,28041363.354361765,28041363.354361765,0.0,optimal,545d8ca624cc
9,0.04,-10%,rolling,reset,model,6,10807.207541846297,10796.088891543592,25877607.599450003,25877607.599450003,0.0,optimal,545d8ca624cc
9,0.04,-10%,rolling,reset,model,7,9726.486787661664,9723.391012029819,24251693.08117431,24251693.08117431,0.0,optimal,545d8ca624cc
9,0.04,-10%,rolling,reset,model,8,8753.8381088955,8751.051907941817,23627940.23929262,23627940.23929262,0.0,optimal,545d8ca624cc
9,0.04,-10%,rolling,reset,model,9,7878.454298005956,7878.4028010635375,23534489.942409065,23534489.942409065,0.0,optimal,545d8ca624cc
9,0.04,-10%,rolling,reset,model,10,8420.27736006835,8537.266329359236,24631544.70668595,24626611.639113884,4933.067572064698,suboptimal,545d8ca624cc
9,0.04,-10%,rolling,reset,model,11,8617.155658935795,9182.330435517735,25548068.39692539,25462824.086601246,85244.31032414362,suboptimal,545d8ca624cc
9,0.04,-10%,rolling,reset,model,12,10442.6941983565,9589.046378562678,25823307.501043893,,,infeasible,545d8ca624cc
9,0.04,-10%,rolling,reset,model,13,10863.371594679773,10880.656148263239,25853394.209250707,25853394.209250707,0.0,optimal,545d8ca624cc
9,0.04,-10%,rolling,reset,model,14,9777.034435211795,9792.590533534823,24358301.3767164,24358301.3767164,0.0,optimal,545d8ca624cc
9,0.04,-10%,rolling,reset,model,15,8799.33099169062,8813.33147927737,23397376.64184967,23397376.64184967,0.0,optimal,545d8ca624cc
9,0.04,-20%,rolling,reset,model,1,22341.364484665457,22341.364484665457,33454178.66496893,33454178.66496893,0.0,optimal,545d8ca624cc
9,0.04,-20%,rolling,reset,model,2,17873.091587732364,17871.21462405122,29855586.79265626,29855586.79265626,0.0,optimal,545d8ca624cc
9,0.04,-20%,rolling,reset,model,3,14298.473270185892,14294.693317035375,27441122.51455956,27441122.514559563,-3.725290298461914e-09,optimal,545d8ca624cc
9,0.04,-20%,rolling,reset,model,4,11438.778616148711,11434.957084946442,25540759.850892495,25540759.850892495,0.0,optimal,545d8ca624cc
9,0.04,-20%,rolling,reset,model,5,9151.02289291897,9147.965669419586,24424396.156925473,24424396.156925473,0.0,optimal,545d8ca624cc
9,0.04,-20%,rolling,reset,model,6,7320.818314335179,7318.3725365258315,23936579.562905367,23936579.562905367,0.0,optimal,545d8ca624cc
9,0.04,-20%,rolling,reset,model,7,10062.75739417223,10062.757395826173,26101010.071792327,26101010.071792327,0.0,optimal,545d8ca624cc
9,0.04,-20%,rolling,reset,model,8,10317.875320177423,10700.954524399423,25943378.0301862,25893296.00201153,50082.02817466855,suboptimal,545d8ca624cc
9,0.04,-20%,rolling,reset,model,9,10393.021577020305,9756.61314775263,24359841.28211133,,,infeasible,545d8ca624cc
9,0.04,-20%,rolling,reset,model,10,8314.417261616243,8388.433382092579,23539915.043637224,23539915.043637224,0.0,optimal,545d8ca624cc
9,0.04,-20%,rolling,reset,model,11,6959.991362172056,7141.312974552981,23958559.714268412,23940106.621589582,18453.092678830028,suboptimal,545d8ca624cc
9,0.04,-20%,rolling,reset,model,12,10169.948707689635,10172.24339986436,26289800.589945696,26289800.589945696,0.0,optimal,545d8ca624cc
9,0.04,-20%,rolling,reset,model,13,10898.597067563747,11084.102323235562,25651320.641209733,25638438.01128241,12882.629927322268,suboptimal,545d8ca624cc
9,0.04,-20%,rolling,reset,model,14,8718.877654050995,8867.281862489637,23755596.280328,23742757.60109136,12838.679236643016,suboptimal,545d8ca624cc
9,0.04,-20%,rolling,reset,model,15,10779.689244924304,9367.233229677722,23939087.455894362,,,infeasible,545d8ca624cc
9,0.04,+/-10%,rolling,reset,model,1,18300.177090590314,18300.177090590314,31844339.190566365,31844339.190566353,1.1175870895385742e-08,optimal,545d8ca624cc
9,0.04,+/-10%,rolling,reset,model,2,16470.159381531295,16463.536671998583,31259913.675511435,31259913.67551143,3.725290298461914e-09,optimal,545d8ca624cc
9,0.04,+/-10%,rolling,reset,model,3,14823.14344337816,14817.148598640879,30484907.524547487,30484907.524547487,0.0,optimal,545d8ca624cc
9,0.04,+/-10%,rolling,reset,model,4,13340.829099040331,13332.7388511784,29471817.766467895,29471817.766467895,0.0,optimal,545d8ca624cc
9,0.04,+/-10%,rolling,reset,model,5,12006.746189136285,11999.464966998856,28028792.16233966,28028792.16233966,0.0,optimal,545d8ca624cc
9,0.04,+/-10%,rolling,reset,model,6,10806.07157022267,10799.51846949359,25868567.370171446,25868567.370171443,3.725290298461914e-09,optimal,545d8ca624cc
9,0.04,+/-10%,rolling,reset,model,7,9725.464413200403,9721.553770785737,24233350.493657157,24233350.493657157,0.0,optimal,545d8ca624cc
9,0.04,+/-10%,rolling,reset,model,8,8752.91797188037,8749.398392383604,23602226.520168267,23602226.520168267,0.0,optimal,545d8ca624cc
9,0.04,+/-10%,rolling,reset,model,9,7877.626174692339,7877.540302427713,23499834.367495257,23499834.367495257,0.0,optimal,545d8ca624cc
9,0.04,+/-10%,rolling,reset,model,10,8262.573740004986,8440.067924672696,24579863.137947135,24542489.110933464,37374.02701367065,suboptimal,545d8ca624cc
9,0.04,+/-10%,rolling,reset,model,11,9088.831114005512,9284.074713205257,25586757.81886065,25574434.557025958,12323.26183469221,suboptimal,545d8ca624cc
9,0.04,+/-10%,rolling,reset,model,12,9997.714225406064,9708.019356617786,25754889.55694041,,,infeasible,545d8ca624cc
9,0.04,+/-10%,rolling,reset,model,13,10921.263327257244,10737.870545972512,25613415.765561342,25594540.01928232,18875.746279023588,suboptimal,545d8ca624cc
9,0.04,+/-10%,rolling,reset,model,14,9829.136994531535,9631.435019615084,24189306.1537802,24161599.872933708,27706.280846491456,suboptimal,545d8ca624cc
9,0.04,+/-10%,rolling,reset,model,15,8846.223295078382,8542.975935859407,23354434.834568564,23315363.46871666,39071.3658519052,suboptimal,545d8ca624cc
9,0.04,+/-20%,rolling,reset,model,1,22339.80540108521,22339.80540108521,33417991.91144609,33417991.91144609,0.0,optimal,545d8ca624cc
9,0.04,+/-20%,rolling,reset,model,2,17871.84432086817,17871.763744387914,29795763.061900582,29795763.06190058,3.725290298461914e-09,optimal,545d8ca624cc
9,0.04,+/-20%,rolling,reset,model,3,14297.475456694534,14295.864922191447,27331500.764948446,27331500.764948446,0.0,optimal,545d8ca624cc
9,0.04,+/-20%,rolling,reset,model,4,11437.98036535563,11251.563232694874,25384927.140391186,25382239.73472945,2687.4056617356837,suboptimal,545d8ca624cc
9,0.04,+/-20%,rolling,reset,model,5,9150.384292284501,9001.25058553992,24391501.88474422,24385024.130032476,6477.754711743444,suboptimal,545d8ca624cc
9,0.04,+/-20%,rolling,reset,model,6,7320.307433827604,7747.292924885485,24168461.48952487,23888582.954785254,279878.53473961726,suboptimal,545d8ca624cc
9,0.04,+/-20%,rolling,reset,model,7,8784.36892059312,9949.744663302214,25983265.293274187,25698336.36062169,284928.9326524958,suboptimal,545d8ca624cc
9,0.04,+/-20%,rolling,reset,model,8,10541.242704711745,10348.755441358691,25909629.509333357,,,infeasible,545d8ca624cc
9,0.04,+/-20%,rolling,reset,model,9,11430.302596788912,9745.516271725464,24740635.401063137,,,infeasible,545d8ca624cc
9,0.04,+/-20%,rolling,reset,model,10,9144.242077431129,9351.323150552013,24109220.67842296,24089029.35088439,20191.32753857225,suboptimal,545d8ca624cc
9,0.04,+/-20%,rolling,reset,model,11,7662.180211226636,7481.058524333725,23592208.79056869,,,infeasible,545d8ca624cc
9,0.04,+/-20%,rolling,reset,model,12,9194.616253471964,8977.27022813098,25238014.435029153,,,infeasible,545d8ca624cc
9,0.04,+/-20%,rolling,reset,model,13,9767.317606799674,11058.23287385395,25756407.11107965,25567358.918149315,189048.19293033704,suboptimal,545d8ca624cc
9,0.04,+/-20%,rolling,reset,model,14,9016.586957642574,8846.586301674284,23937286.242754824,,,infeasible,545d8ca624cc
9,0.04,+/-20%,rolling,reset,model,15,10819.904349171085,9525.959484423174,24214237.44799532,,,infeasible,545d8ca624cc
9,0.06,NHF,rolling,reset,model,1,46919.55024943617,46919.55024943617,27100909.752739985,27100909.752739985,0.0,optimal,545d8ca624cc
9,0.06,NHF,rolling,reset,model,2,5162.952265658053,5162.952265658053,7811580.541259833,7811580.541259833,0.0,optimal,545d8ca624cc
9,0.06,NHF,rolling,reset,model,3,5162.952265658053,5162.952265658053,9004069.560621275,9004069.560621275,0.0,optimal,545d8ca624cc
9,0.06,NHF,rolling,reset,model,4,5162.952265658053,5162.952265658053,10616121.581240311,10616121.581240311,0.0,optimal,545d8ca624cc
9,0.06,NHF,rolling,reset,model,5,5162.952265658053,5162.952265658053,12929602.150790459,12929602.150790459,0.0,optimal,545d8ca624cc
9,0.06,NHF,rolling,reset,model,6,5162.952265658053,5162.952265658053,16432933.786287753,16432933.786287753,0.0,optimal,545d8ca624cc
9,0.06,NHF,rolling,reset,model,7,20446.74155938581,20446.74155938581,22706867.175943796,22706867.175943796,0.0,optimal,545d8ca624cc
9,0.06,NHF,rolling,reset,model,8,8540.444776466027,8540.444776466027,15222267.435443327,15222267.435443327,0.0,optimal,545d8ca624cc
9,0.06,NHF,rolling,reset,model,9,12923.574457158711,12923.574457158711,15473388.3282997,15473388.3282997,0.0,optimal,545d8ca624cc
9,0.06,NHF,rolling,reset,model,10,5162.952265658053,5162.952265658053,10629107.59879442,10629107.59879442,0.0,optimal,545d8ca624cc
9,0.06,NHF,rolling,reset,model,11,5162.952265658053,5162.952265658053,12317751.288040845,12317751.288040845,0.0,optimal,545d8ca624cc
9,0.06,NHF,rolling,reset,model,12,5162.952265658053,5162.952265658053,15337202.078104852,15337202.078104852,0.0,optimal,545d8ca624cc
9,0.06,NHF,rolling,reset,model,13,20446.741559385806,20446.74155938581,20744578.570315477,20744578.570315477,0.0,optimal,545d8ca624cc
9,0.06,NHF,rolling,reset,model,14,5162.952265658053,5162.952265658053,11707296.948108463,11707296.948108463,0.0,optimal,545d8ca624cc
9,0.06,NHF,rolling,reset,model,15,8540.444776466027,8540.444776466027,14244781.787585458,14244781.787585458,0.0,optimal,545d8ca624cc
9,0.06,NDY,rolling,reset,model,1,11353.254621586091,11353.254621586091,14726403.33093537,14726403.330935374,-3.725290298461914e-09,optimal,545d8ca624cc
9,0.06,NDY,rolling,reset,model,2,11353.254621586091,11353.254621586091,15203887.504035495,15203887.504035482,1.30385160446167e-08,optimal,545d8ca624cc
9,0.06,NDY,rolling,reset,model,3,11353.25462158608,11353.254621586091,16218370.85287015,16218370.852870135,1.4901161193847656e-08,optimal,545d8ca624cc
9,0.06,NDY,rolling,reset,model,4,11353.254621586108,11298.366410245257,17184275.563626997,17184275.563626993,3.725290298461914e-09,optimal,545d8ca624cc
9,0.06,NDY,rolling,reset,model,5,11353.254621586108,11177.0997055283,17804015.800446287,17708294.866293907,95720.93415237963,suboptimal,545d8ca624cc
9,0.06,NDY,rolling,reset,model,6,11353.254621586106,11029.242399809535,17798287.42689447,,,infeasible,545d8ca624cc
9,0.06,NDY,rolling,reset,model,7,11353.254621586108,10937.79061917045,17734738.35997765,,,infeasible,545d8ca624cc
9,0.06,NDY,rolling,reset,model,8,11353.254621586057,10791.316103418521,17884236.83321841,,,infeasible,545d8ca624cc
9,0.06,NDY,rolling,reset,model,9,11353.254621586097,10683.377340568573,17406407.02131372,,,infeasible,545d8ca624cc
9,0.06,NDY,rolling,reset,model,10,11353.254621586098,10593.180998119657,16931788.43941798,,,infeasible,545d8ca624cc
9,0.06,NDY,rolling,reset,model,11,11353.254621586093,10499.163961208622,16886150.206473816,,,infeasible,545d8ca624cc
9,0.06,NDY,rolling,reset,model,12,11353.254621586093,10389.74453625257,16661783.586414013,,,infeasible,545d8ca624cc
9,0.06,NDY,rolling,reset,model,13,11353.254621586108,10303.770702820397,16577375.206702325,,,infeasible,545d8ca624cc
9,0.06,NDY,rolling,reset,model,14,11353.254621586102,10227.673357629183,16704185.837336328,,,infeasible,545d8ca624cc
9,0.06,NDY,rolling,reset,model,15,11353.254621586093,10174.546339929186,16852795.115878996,,,infeasible,545d8ca624cc
9,0.06,-10%,rolling,reset,model,1,18251.97967591337,18251.97967591337,19802286.05900697,19802286.059006974,-3.725290298461914e-09,optimal,545d8ca624cc
9,0.06,-10%,rolling,reset,model,2,16426.78170832203,16409.33255115876,19397718.122311838,19397718.122311838,0.0,optimal,545d8ca624cc
9,0.06,-10%,rolling,reset,model,3,14784.103537489826,14747.871600111428,18897619.677514818,18897619.677514825,-7.450580596923828e-09,optimal,545d8ca624cc
9,0.06,-10%,rolling,reset,model,4,13305.693183740845,13232.198277546284,18504155.338261478,18504155.338261478,0.0,optimal,545d8ca624cc
9,0.06,-10%,rolling,reset,model,5,11975.12386536676,11908.97845212093,17412704.39659499,17412704.39659499,0.0,optimal,545d8ca624cc
9,0.06,-10%,rolling,reset,model,6,10777.611478830084,10718.08060721934,15855378.532412643,15855378.532412643,0.0,optimal,545d8ca624cc
9,0.06,-10%,rolling,reset,model,7,9699.850330947076,9676.07855610026,14818992.335512383,14818992.335512383,0.0,optimal,545d8ca624cc
9,0.06,-10%,rolling,reset,model,8,8729.86529785237,8708.470701986034,14289399.241046445,14289399.241046445,0.0,optimal,545d8ca624cc
9,0.06,-10%,rolling,reset,model,9,7856.878768067135,7837.623635464834,13968882.15333362,13968882.15333362,0.0,optimal,545d8ca624cc
9,0.06,-10%,rolling,reset,model,10,8607.068903001255,8461.014572632697,14871791.262510024,,,infeasible,545d8ca624cc
9,0.06,-10%,rolling,reset,model,11,8800.48297676195,8649.817787236276,15636862.218449837,,,infeasible,545d8ca624cc
9,0.06,-10%,rolling,reset,model,12,9905.49125713106,11354.740794599355,16778147.321432274,16331107.772056287,447039.5493759867,suboptimal,545d8ca624cc
9,0.06,-10%,rolling,reset,model,13,10845.867341849555,10219.266714790112,15389460.30208258,,,infeasible,545d8ca624cc
9,0.06,-10%,rolling,reset,model,14,9761.280607664597,9197.34004554698,14429880.53999181,,,infeasible,545d8ca624cc
9,0.06,-10%,rolling,reset,model,15,10089.004112277005,8681.05474323503,14137055.751424307,,,infeasible,545d8ca624cc
9,0.06,-20%,rolling,reset,model,1,22294.422974844852,22294.422974844852,21604710.12370411,21604710.12370411,0.0,optimal,545d8ca624cc
9,0.06,-20%,rolling,reset,model,2,17835.538379875885,17806.974605171214,18891963.905224226,18891963.905224226,0.0,optimal,545d8ca624cc
9,0.06,-20%,rolling,reset,model,3,14268.430703900702,14218.823234564077,17013573.158068124,17013573.158068124,0.0,optimal,545d8ca624cc
9,0.06,-20%,rolling,reset,model,4,11414.744563120561,11375.05858833789,15393311.591938093,15393311.591938091,1.862645149230957e-09,optimal,545d8ca624cc
9,0.06,-20%,rolling,reset,model,5,9131.795650496448,9100.046869503629,14342075.185121847,14342075.185121847,0.0,optimal,545d8ca624cc
9,0.06,-20%,rolling,reset,model,6,7305.43652039716,7280.037498540142,14085409.654435664,14085409.654435664,0.0,optimal,545d8ca624cc
9,0.06,-20%,rolling,reset,model,7,9518.23734391118,9518.237346457665,15910129.882365013,15910129.882365013,0.0,optimal,545d8ca624cc
9,0.06,-20%,rolling,reset,model,8,11009.09219651427,10741.247482318915,16436981.407724842,,,infeasible,545d8ca624cc
9,0.06,-20%,rolling,reset,model,9,9878.879995945932,8816.554162196207,15138961.575488029,,,infeasible,545d8ca624cc
9,0.06,-20%,rolling,reset,model,10,8449.274365008156,10489.584663355985,15718505.523899818,15204275.801887099,514229.72201271914,suboptimal,545d8ca624cc
9,0.06,-20%,rolling,reset,model,11,8250.167141967702,9014.79346216635,14487954.571296884,14336950.60980937,151003.96148751304,suboptimal,545d8ca624cc
9,0.06,-20%,rolling,reset,model,12,9821.437982625373,7992.665146259969,14293309.89138249,,,infeasible,545d8ca624cc
9,0.06,-20%,rolling,reset,model,13,9990.76590792327,10228.603345237649,15243460.827864286,15212950.508359639,30510.319504646584,suboptimal,545d8ca624cc
9,0.06,-20%,rolling,reset,model,14,8307.098187867889,8182.882674477535,14325414.182616418,,,infeasible,545d8ca624cc
9,0.06,-20%,rolling,reset,model,15,10941.046166011529,9716.975626209174,15234831.779088655,,,infeasible,545d8ca624cc
9,0.06,+/-10%,rolling,reset,model,1,18251.916946821322,18251.916946821322,19802189.16900936,19802189.16900936,0.0,optimal,545d8ca624cc
9,0.06,+/-10%,rolling,reset,model,2,16426.725252139186,16413.524590170957,19397046.978684977,19397046.978684977,0.0,optimal,545d8ca624cc
9,0.06,+/-10%,rolling,reset,model,3,14784.052726925269,14747.40458854816,18892132.137226842,18892132.137226842,0.0,optimal,545d8ca624cc
9,0.06,+/-10%,rolling,reset,model,4,13305.647454232743,13229.269933530137,18496389.18507367,18496389.18507367,0.0,optimal,545d8ca624cc
9,0.06,+/-10%,rolling,reset,model,5,11975.082708809467,11906.342941946774,17387608.60171803,17387608.601718027,3.725290298461914e-09,optimal,545d8ca624cc
9,0.06,+/-10%,rolling,reset,model,6,10777.57443792852,10715.70864763954,15844070.848989446,15844070.848989446,0.0,optimal,545d8ca624cc
9,0.06,+/-10%,rolling,reset,model,7,9699.81699413567,9675.772149687711,14788060.238089034,14788060.238089034,0.0,optimal,545d8ca624cc
9,0.06,+/-10%,rolling,reset,model,8,8729.835294722103,8708.194935489031,14234720.116877928,14234720.11687793,-1.862645149230957e-09,optimal,545d8ca624cc
9,0.06,+/-10%,rolling,reset,model,9,7856.851765249894,7837.375438171843,13871998.95830284,13871998.95830284,0.0,optimal,545d8ca624cc
9,0.06,+/-10%,rolling,reset,model,10,8577.235569876737,8233.90106809144,14699102.49883424,,,infeasible,545d8ca624cc
9,0.06,+/-10%,rolling,reset,model,11,8936.718349189192,9057.291174827089,15605152.26042405,15576477.709648296,28674.550775753334,suboptimal,545d8ca624cc
9,0.06,+/-10%,rolling,reset,model,12,9830.390184108111,11281.852333466102,16631995.81547341,16199646.553374365,432349.2620990444,suboptimal,545d8ca624cc
9,0.06,+/-10%,rolling,reset,model,13,10813.429202518922,10153.667098725942,15203764.062857782,,,infeasible,545d8ca624cc
9,0.06,+/-10%,rolling,reset,model,14,9732.08628226703,9138.30038855726,14203556.133762248,,,infeasible,545d8ca624cc
9,0.06,+/-10%,rolling,reset,model,15,10088.974872160165,8283.590835988945,13792050.996169195,,,infeasible,545d8ca624cc
9,0.06,+/-20%,rolling,reset,model,1,22289.64481570317,22289.64481570317,21595964.72778134,21595964.727781337,3.725290298461914e-09,optimal,545d8ca624cc
9,0.06,+/-20%,rolling,reset,model,2,17831.715852562535,17800.44157178541,18846532.371707655,18846532.371707655,0.0,optimal,545d8ca624cc
9,0.06,+/-20%,rolling,reset,model,3,14265.372682050029,14213.596808112105,16967830.30685472,16967830.30685472,0.0,optimal,545d8ca624cc
9,0.06,+/-20%,rolling,reset,model,4,11412.298145640025,11370.877446602326,15336092.787490204,15336092.787490204,0.0,optimal,545d8ca624cc
9,0.06,+/-20%,rolling,reset,model,5,9129.838516512022,9037.74112877449,14244590.612254577,14244579.946913999,10.665340578183532,optimal,545d8ca624cc
9,0.06,+/-20%,rolling,reset,model,6,7303.870813209617,7349.1586333887635,13987410.144670377,13987410.144670377,0.0,optimal,545d8ca624cc
9,0.06,+/-20%,rolling,reset,model,7,8764.644975851541,8818.990360743466,15649909.48229818,15649909.48229818,0.0,optimal,545d8ca624cc
9,0.06,+/-20%,rolling,reset,model,8,10517.573971021848,11246.317315508591,16977698.51170649,16836482.168328837,141216.3433776535,suboptimal,545d8ca624cc
9,0.06,+/-20%,rolling,reset,model,9,11127.777732419465,9606.327079088598,15488729.75026423,,,infeasible,545d8ca624cc
9,0.06,+/-20%,rolling,reset,model,10,8902.222185935561,10207.2535877674,15344081.57359161,15055318.379458843,288763.1941327676,suboptimal,545d8ca624cc
9,0.06,+/-20%,rolling,reset,model,11,8555.074655652968,8644.765459450346,14178700.111733312,14177812.050169135,888.0615641772747,suboptimal,545d8ca624cc
9,0.06,+/-20%,rolling,reset,model,12,9514.271251565035,8054.136597010776,14210731.966415862,,,infeasible,545d8ca624cc
9,0.06,+/-20%,rolling,reset,model,13,7930.050824840848,9640.817551158994,15020171.42099739,14520664.368055517,499507.05294187367,suboptimal,545d8ca624cc
9,0.06,+/-20%,rolling,reset,model,14,9418.831683001863,8544.32330686221,14645730.890938614,,,infeasible,545d8ca624cc
9,0.06,+/-20%,rolling,reset,model,15,11302.598019602234,9835.59811704329,15365431.15156137,,,infeasible,545d8ca624cc
10,0.0,NHF,rolling,reset,model,1,11101.373170083334,11101.373170083334,253723633.08723137,253723633.08723137,0.0,optimal,545d8ca624cc
10,0.0,NHF,rolling,reset,model,2,4299.5909980100005,3317.843259733333,258775471.3586145,258743982.04121187,31489.317402631044,suboptimal,545d8ca624cc
10,0.0,NHF,rolling,reset,model,3,733.35425787,0.0,269059923.7521207,269039864.3772021,20059.374918580055,suboptimal,545d8ca624cc
10,0.0,NHF,rolling,reset,model,4,3398.5752938875,7478.964196350874,281317477.0413563,271874060.327439,9443416.713917315,suboptimal,545d8ca624cc
10,0.0,NHF,rolling,reset,model,5,34016.598222938555,17620.145557051386,283925779.6920733,283925779.6920733,0.0,optimal,545d8ca624cc
10,0.0,NHF,rolling,reset,model,6,12668.07424256704,13718.965963168926,272210053.0466279,272210053.0466279,0.0,optimal,545d8ca624cc
10,0.0,NHF,rolling,reset,model,7,19975.233852907204,11296.782132679997,266208048.9146469,266208048.9146469,0.0,optimal,545d8ca624cc
10,0.0,NHF,rolling,reset,model,8,16613.385660682605,8406.060950005001,263476833.42082667,263476833.42082667,0.0,optimal,545d8ca624cc
10,0.0,NHF,rolling,reset,model,9,11605.665233449643,9189.6825693825,264132622.40906373,264132622.40906373,0.0,optimal,545d8ca624cc
10,0.0,NHF,rolling,reset,model,10,0.0,14262.2203558775,263195136.50895163,244840866.76955536,18354269.739396274,suboptimal,545d8ca624cc
10,0.0,NHF,rolling,reset,model,11,0.0,14723.365505902195,257284341.17748392,244007216.31345597,13277124.864027947,suboptimal,545d8ca624cc
10,0.0,NHF,rolling,reset,model,12,1737.5785074675,7411.434243509959,250677805.1156674,246658030.86183137,4019774.2538360357,suboptimal,545d8ca624cc
10,0.0,NHF,rolling,reset,model,13,1024.818016545,14709.945692359997,254108461.1867995,243804430.4288652,10304030.757934302,suboptimal,545d8ca624cc
10,0.0,NHF,rolling,reset,model,14,1262.838107955,6625.3979613599995,247874795.61129767,240500235.11085087,7374560.500446796,suboptimal,545d8ca624cc
10,0.0,NHF,rolling,reset,model,15,82005.84955640095,4210.80256018,251471396.08102775,,,infeasible,545d8ca624cc
10,0.0,NDY,rolling,reset,model,1,11353.254618991059,11353.254618991059,210767671.71493727,210767671.71493727,0.0,optimal,545d8ca624cc
10,0.0,NDY,rolling,reset,model,2,11353.254618991066,11353.254618991068,216105916.01646724,216105916.0164672,2.9802322387695312e-08,optimal,545d8ca624cc
10,0.0,NDY,rolling,reset,model,3,11353.254618991059,11353.254618991068,220401637.36744347,220401637.3674435,-2.9802322387695312e-08,optimal,545d8ca624cc
10,0.0,NDY,rolling,reset,model,4,11353.254618991059,11353.254618990963,223269319.4757003,223269319.4757003,0.0,optimal,545d8ca624cc
10,0.0,NDY,rolling,reset,model,5,11353.25461899106,11353.25461899108,224442068.2738597,224442068.27385968,2.9802322387695312e-08,optimal,545d8ca624cc
10,0.0,NDY,rolling,reset,model,6,11353.25461899106,11353.254618991046,222510680.5652601,222510680.56526038,-2.682209014892578e-07,optimal,545d8ca624cc
10,0.0,NDY,rolling,reset,model,7,11353.254618991059,11353.254618991024,221750048.9760276,221750048.97602823,-6.258487701416016e-07,optimal,545d8ca624cc
10,0.0,NDY,rolling,reset,model,8,11353.25461899106,11353.254618991072,220842565.20158523,220842565.2015852,2.9802322387695312e-08,optimal,545d8ca624cc
10,0.0,NDY,rolling,reset,model,9,11353.254618991059,10291.287802367357,219403500.61717698,219227100.68109113,176399.93608585,suboptimal,545d8ca624cc
10,0.0,NDY,rolling,reset,model,10,11353.254618991064,10322.965151099797,219354376.9435815,219182389.6214496,171987.32213190198,suboptimal,545d8ca624cc
10,0.0,NDY,rolling,reset,model,11,11353.254618991063,10107.633815229436,219329688.7841899,219008583.33512658,321105.4490633309,suboptimal,545d8ca624cc
10,0.0,NDY,rolling,reset,model,12,11353.25461899106,10244.13677986193,219687397.6217941,219425310.0539779,262087.56781619787,suboptimal,545d8ca624cc
10,0.0,NDY,rolling,reset,model,13,11353.254618991064,10289.322496028239,220255376.86355722,220067614.23771778,187762.62583944201,suboptimal,545d8ca624cc
10,0.0,NDY,rolling,reset,model,14,11353.254618991063,10457.715222827572,220709230.96679047,220567234.96884543,141995.99794504046,suboptimal,545d8ca624cc
10,0.0,NDY,rolling,reset,model,15,11353.254618991063,9826.651749341483,220420949.7343794,,,infeasible,545d8ca624cc
10,0.0,-10%,rolling,reset,model,1,7020.098607353488,7020.098607353488,227113035.74969402,227113035.74969402,0.0,optimal,545d8ca624cc
10,0.0,-10%,rolling,reset,model,2,6318.08874661814,7150.309428828486,234280472.20822883,234278928.81819412,1543.3900347054005,suboptimal,545d8ca624cc
10,0.0,-10%,rolling,reset,model,3,5686.279871956325,4939.465236426265,240883579.6241749,240882386.11438608,1193.5097888112068,suboptimal,545d8ca624cc
10,0.0,-10%,rolling,reset,model,4,15463.106644475565,16921.93597711707,249195445.14480808,249164462.96536028,30982.17944779992,suboptimal,545d8ca624cc
10,0.0,-10%,rolling,reset,model,5,16162.863364680012,14925.360746845517,243068418.25791034,242905012.64842167,163405.60948866606,suboptimal,545d8ca624cc
10,0.0,-10%,rolling,reset,model,6,14546.57702821201,13415.079831844661,236703744.60254806,236617208.8380837,86535.76446434855,suboptimal,545d8ca624cc
10,0.0,-10%,rolling,reset,model,7,13091.919325390807,12228.624393947042,232364207.34796527,232335188.8226568,29018.525308459997,suboptimal,545d8ca624cc
10,0.0,-10%,rolling,reset,model,8,11782.72739285173,11361.564504956945,229534441.36759508,229530575.8228463,3865.5447487831116,suboptimal,545d8ca624cc
10,0.0,-10%,rolling,reset,model,9,10604.454653566558,11639.095032091613,227747559.6038479,227744619.67254233,2939.9313055574894,suboptimal,545d8ca624cc
10,0.0,-10%,rolling,reset,model,10,9544.009188209899,11116.381235324552,226268374.5346469,226231992.73877665,36381.7958702445,suboptimal,545d8ca624cc
10,0.0,-10%,rolling,reset,model,11,17304.152749567234,10204.72837896597,225083630.2164663,,,infeasible,545d8ca624cc
10,0.0,-10%,rolling,reset,model,12,15573.737474610514,9763.528345490393,225581576.45457146,219589358.83032742,5992217.624244034,suboptimal,545d8ca624cc
10,0.0,-10%,rolling,reset,model,13,14016.363727149463,9005.26368100653,226603093.04874104,224314940.88351774,2288152.1652233005,suboptimal,545d8ca624cc
10,0.0,-10%,rolling,reset,model,14,12614.727354434515,7977.6144772675,228535113.54897302,227747965.88747853,787147.6614944935,suboptimal,545d8ca624cc
10,0.0,-10%,rolling,reset,model,15,11353.254618991063,8068.863347745,231569545.52378407,231484428.3657402,85117.15804386139,suboptimal,545d8ca624cc
10,0.0,-20%,rolling,reset,model,1,7451.9436296,7451.9436296,229955781.49320945,229955781.49320945,0.0,optimal,545d8ca624cc
10,0.0,-20%,rolling,reset,model,2,5961.55490368,4732.249338143339,237049488.48354352,237042275.05360004,7213.429943472147,suboptimal,545d8ca624cc
10,0.0,-20%,rolling,reset,model,3,4769.2439229440015,2104.5441077600003,245713359.49043006,245705209.88559693,8149.604833126068,suboptimal,545d8ca624cc
10,0.0,-20%,rolling,reset,model,4,15882.41110800082,19585.53409953837,256848032.3839275,256814242.1225944,33790.26133310795,suboptimal,545d8ca624cc
10,0.0,-20%,rolling,reset,model,5,18997.854364215316,18590.961292190917,248020528.74280345,248014496.62727532,6032.115528136492,suboptimal,545d8ca624cc
10,0.0,-20%,rolling,reset,model,6,15198.283491372255,15061.518361342813,236938972.67214704,236938972.67214704,0.0,optimal,545d8ca624cc
10,0.0,-20%,rolling,reset,model,7,12158.626793097803,13228.40337912453,230431125.67524633,230425014.95564896,6110.719597369432,suboptimal,545d8ca624cc
10,0.0,-20%,rolling,reset,model,8,9726.901434478243,10788.252736515191,226280986.70240313,226258658.67433873,22328.028064399958,suboptimal,545d8ca624cc
10,0.0,-20%,rolling,reset,model,9,7781.521147582595,8579.089861102388,225530448.7083742,225513562.12953016,16886.578844040632,suboptimal,545d8ca624cc
10,0.0,-20%,rolling,reset,model,10,6225.216918066076,11634.17773416359,227481342.22810248,227351078.4904439,130263.73765859008,suboptimal,545d8ca624cc
10,0.0,-20%,rolling,reset,model,11,13403.150290126827,10181.342717330685,226066969.54763335,225543429.2982756,523540.24935775995,suboptimal,545d8ca624cc
10,0.0,-20%,rolling,reset,model,12,22174.325427716918,8995.431449186593,226422704.7348328,,,infeasible,545d8ca624cc
10,0.0,-20%,rolling,reset,model,13,17739.460342173534,6477.983398060591,228439557.25309485,224385488.8944575,4054068.3586373627,suboptimal,545d8ca624cc
10,0.0,-20%,rolling,reset,model,14,14191.568273738832,6717.053427622794,233385847.69950297,232978003.4720867,407844.22741627693,suboptimal,545d8ca624cc
10,0.0,-20%,rolling,reset,model,15,11353.254618991064,8170.0692329349995,238007653.91417196,237986609.53339905,21044.380772918463,suboptimal,545d8ca624cc
10,0.0,+/-10%,rolling,reset,model,1,8086.270673819246,8086.270673819246,226121285.38204807,226121285.38204807,0.0,optimal,545d8ca624cc
10,0.0,+/-10%,rolling,reset,model,2,8894.89774120117,9385.584232518786,232712922.4621933,232644135.30062473,68787.16156858206,suboptimal,545d8ca624cc
10,0.0,+/-10%,rolling,reset,model,3,9784.38751532129,10307.136282733723,237290839.20473254,237222041.58473593,68797.6199966073,suboptimal,545d8ca624cc
10,0.0,+/-10%,rolling,reset,model,4,10762.826266853417,12326.98872445641,239708689.03387776,239544730.75522724,163958.27865052223,suboptimal,545d8ca624cc
10,0.0,+/-10%,rolling,reset,model,5,11839.108893538767,13786.020706526799,238507778.69193855,238409011.35281667,98767.33912187815,suboptimal,545d8ca624cc
10,0.0,+/-10%,rolling,reset,model,6,13023.01978289264,13116.48578155602,232936061.2867076,232936061.2867076,0.0,optimal,545d8ca624cc
10,0.0,+/-10%,rolling,reset,model,7,14212.024865937352,12118.943619822225,229564676.8955005,228860850.75115237,703826.1443481445,suboptimal,545d8ca624cc
10,0.0,+/-10%,rolling,reset,model,8,12790.82237934362,11332.191061062293,227117208.1933522,226846889.46718803,270318.72616416216,suboptimal,545d8ca624cc
10,0.0,+/-10%,rolling,reset,model,9,11700.77947003044,10904.367274562672,225600778.74744827,225526072.47202265,74706.27542561293,suboptimal,545d8ca624cc
10,0.0,+/-10%,rolling,reset,model,10,12870.857417033481,10065.622217825283,224970975.96298358,224050976.30372468,919999.6592589021,suboptimal,545d8ca624cc
10,0.0,+/-10%,rolling,reset,model,11,14157.94315873683,10181.505804656119,225699944.94441766,223077479.93332055,2622465.0110971034,suboptimal,545d8ca624cc
10,0.0,+/-10%,rolling,reset,model,12,15573.737474610516,9207.558510569068,226005956.08369762,218642851.3633669,7363104.720330715,suboptimal,545d8ca624cc
10,0.0,+/-10%,rolling,reset,model,13,14016.363727149466,8992.251468366758,227818742.3529852,225526876.21505246,2291866.1379327476,suboptimal,545d8ca624cc
10,0.0,+/-10%,rolling,reset,model,14,12614.727354434519,8106.804131339728,229403642.06025365,228898125.42546445,505516.63478919864,suboptimal,545d8ca624cc
10,0.0,+/-10%,rolling,reset,model,15,11353.254618991064,11174.45391028098,232090614.93329993,232089582.4842328,1032.4490671157837,suboptimal,545d8ca624cc
10,0.0,+/-20%,rolling,reset,model,1,6633.770052591712,6633.770052591712,228646284.51351067,228646284.51351067,0.0,optimal,545d8ca624cc
10,0.0,+/-20%,rolling,reset,model,2,7960.524063110047,8472.460374298991,236363424.86514863,236347505.08956602,15919.77558261156,suboptimal,545d8ca624cc
10,0.0,+/-20%,rolling,reset,model,3,9552.62887573207,10589.337193286428,241714980.76308346,241682516.0304553,32464.732628166676,suboptimal,545d8ca624cc
10,0.0,+/-20%,rolling,reset,model,4,11463.15465087848,12722.339082156162,244035959.30530494,243966844.46315932,69114.84214562178,suboptimal,545d8ca624cc
10,0.0,+/-20%,rolling,reset,model,5,13755.785581054168,16838.496638327917,242398033.25727788,242271710.69639167,126322.56088620424,suboptimal,545d8ca624cc
10,0.0,+/-20%,rolling,reset,model,6,16035.681348666305,13637.312302222464,233085793.2847117,232784553.26883724,301240.01587444544,suboptimal,545d8ca624cc
10,0.0,+/-20%,rolling,reset,model,7,12828.545078933044,12255.387830355054,228848093.30969736,228817798.53791246,30294.77178490162,suboptimal,545d8ca624cc
10,0.0,+/-20%,rolling,reset,model,8,10262.836063146435,10693.709860312392,226173835.9126623,226173400.39297378,435.51968851685524,suboptimal,545d8ca624cc
10,0.0,+/-20%,rolling,reset,model,9,9509.834854496869,9637.070375157913,225416931.61637366,225416889.03803954,42.578334122896194,optimal,545d8ca624cc
10,0.0,+/-20%,rolling,reset,model,10,11411.801825396244,9860.466935529388,226471369.1624093,226452050.00583082,19319.156578481197,suboptimal,545d8ca624cc
10,0.0,+/-20%,rolling,reset,model,11,13694.16219047549,11202.33620121339,227381228.49577105,227014496.0986324,366732.3971386552,suboptimal,545d8ca624cc
10,0.0,+/-20%,rolling,reset,model,12,16432.994628570592,9114.732123583228,226358001.26735112,223474501.13346082,2883500.133890301,suboptimal,545d8ca624cc
10,0.0,+/-20%,rolling,reset,model,13,17739.460342173537,6268.732981155873,228188612.98006117,223721048.62861532,4467564.351445854,suboptimal,545d8ca624cc
10,0.0,+/-20%,rolling,reset,model,14,14191.568273738816,7905.122711412062,233216984.35935095,232849654.8923591,367329.4669918418,suboptimal,545d8ca624cc
10,0.0,+/-20%,rolling,reset,model,15,11353.254618991063,10742.537958586652,236246585.10222057,236241896.5679132,4688.534307360649,suboptimal,545d8ca624cc
10,0.02,NHF,rolling,reset,model,1,42950.62693886127,42950.62693886127,64850595.787522055,64850595.787522055,0.0,optimal,545d8ca624cc
10,0.02,NHF,rolling,reset,model,2,1705.6811570681757,2800.0206905763985,42327187.43013732,42319332.184525974,7855.245611347258,suboptimal,545d8ca624cc
10,0.02,NHF,rolling,reset,model,3,7468.415670320087,5446.172639526432,49263302.247896254,49253515.014854215,9787.233042038977,suboptimal,545d8ca624cc
10,0.02,NHF,rolling,reset,model,4,3478.1828806425,4007.504388357179,54576668.40756032,54571985.15256095,4683.254999369383,suboptimal,545d8ca624cc
10,0.02,NHF,rolling,reset,model,5,19311.499963926355,19696.186724743115,62822072.51995665,62817617.31653523,4455.203421421349,suboptimal,545d8ca624cc
10,0.02,NHF,rolling,reset,model,6,4798.004453407382,4798.004453407382,51116050.81697149,51116050.81697149,0.0,optimal,545d8ca624cc
10,0.02,NHF,rolling,reset,model,7,19998.529481584756,19998.529481584756,56927661.77089775,56927661.77089775,0.0,optimal,545d8ca624cc
10,0.02,NHF,rolling,reset,model,8,5395.361074615642,5395.361074615641,44894530.13099994,44894530.13099994,0.0,optimal,545d8ca624cc
10,0.02,NHF,rolling,reset,model,9,9609.437713772717,8681.534216487284,47613306.62995969,,,infeasible,545d8ca624cc
10,0.02,NHF,rolling,reset,model,10,858.6968666793571,1241.3492829436052,46849283.81907429,46827700.866067976,21582.95300631225,suboptimal,545d8ca624cc
10,0.02,NHF,rolling,reset,model,11,5358.143720069428,11168.798813186313,57047256.76881684,56668097.03297376,379159.73584308475,suboptimal,545d8ca624cc
10,0.02,NHF,rolling,reset,model,12,6987.671193844084,5273.827620854736,55319927.41768357,,,infeasible,545d8ca624cc
10,0.02,NHF,rolling,reset,model,13,21579.721051828456,27113.9291676417,61048237.39175548,60741373.9447985,306863.44695697725,suboptimal,545d8ca624cc
10,0.02,NHF,rolling,reset,model,14,14371.091201077305,1999.5971438178483,40138159.54708756,,,infeasible,545d8ca624cc
10,0.02,NHF,rolling,reset,model,15,10157.08117209934,6684.59024372308,47446520.32370672,,,infeasible,545d8ca624cc
10,0.02,NDY,rolling,reset,model,1,11353.254618991037,11353.254618991037,55558197.30906767,55558197.30906775,-8.195638656616211e-08,optimal,545d8ca624cc
10,0.02,NDY,rolling,reset,model,2,11353.25461899104,11353.254618991083,57589446.69304375,57589446.69304363,1.2665987014770508e-07,optimal,545d8ca624cc
10,0.02,NDY,rolling,reset,model,3,11353.25461899104,11353.25461899106,60086274.04218689,60086274.04218691,-1.4901161193847656e-08,optimal,545d8ca624cc
10,0.02,NDY,rolling,reset,model,4,11353.254618991044,11353.254618991059,62271057.74781701,62271057.74781701,0.0,optimal,545d8ca624cc
10,0.02,NDY,rolling,reset,model,5,11353.254618991044,11353.254618991064,63733383.52657155,63733383.52657155,0.0,optimal,545d8ca624cc
10,0.02,NDY,rolling,reset,model,6,11353.254618991044,11353.254618991064,63422636.04797191,63422636.047971904,7.450580596923828e-09,optimal,545d8ca624cc
10,0.02,NDY,rolling,reset,model,7,11353.254618991039,11257.72003797319,63107134.14526305,63107134.145263046,7.450580596923828e-09,optimal,545d8ca624cc
10,0.02,NDY,rolling,reset,model,8,11353.254618991054,11156.234150421693,62672569.96038945,,,infeasible,545d8ca624cc
10,0.02,NDY,rolling,reset,model,9,11353.25461899105,11059.568930686635,62260943.72060189,,,infeasible,545d8ca624cc
10,0.02,NDY,rolling,reset,model,10,11353.254618991052,10977.78799156217,61784789.10228199,,,infeasible,545d8ca624cc
10,0.02,NDY,rolling,reset,model,11,11353.25461899105,10886.634337064606,60928878.49139504,,,infeasible,545d8ca624cc
10,0.02,NDY,rolling,reset,model,12,11353.254618991054,10815.195942630144,60481805.352258675,,,infeasible,545d8ca624cc
10,0.02,NDY,rolling,reset,model,13,11353.254618991054,10737.210197007797,60005346.02602456,,,infeasible,545d8ca624cc
10,0.02,NDY,rolling,reset,model,14,11353.254618991055,10665.047518517391,59850377.41798099,,,infeasible,545d8ca624cc
10,0.02,NDY,rolling,reset,model,15,11353.25461899106,10606.808665914665,59345705.740399145,,,infeasible,545d8ca624cc
10,0.02,-10%,rolling,reset,model,1,18365.460214610222,18365.460214610222,63576063.552285954,63576063.552285954,0.0,optimal,545d8ca624cc
10,0.02,-10%,rolling,reset,model,2,16528.914193149198,16491.385426561083,61963899.50054546,61963899.50054546,0.0,optimal,545d8ca624cc
10,0.02,-10%,rolling,reset,model,3,14876.022773834284,14889.472250070312,60135622.02068456,60135622.02068456,0.0,optimal,545d8ca624cc
10,0.02,-10%,rolling,reset,model,4,13388.420496450852,13393.494934218246,58163906.90262576,58163906.90262576,0.0,optimal,545d8ca624cc
10,0.02,-10%,rolling,reset,model,5,12049.57844680577,12040.988073434864,55487998.63970329,55487998.63970329,0.0,optimal,545d8ca624cc
10,0.02,-10%,rolling,reset,model,6,10844.62060212519,10836.889266052458,52736135.29836115,52736135.29836115,0.0,optimal,545d8ca624cc
10,0.02,-10%,rolling,reset,model,7,9785.566517811683,9785.566515194816,50644271.406634994,50644271.406634994,0.0,optimal,545d8ca624cc
10,0.02,-10%,rolling,reset,model,8,8807.009866030516,9038.651001352737,50074216.39665817,50064472.7882527,9743.608405470848,suboptimal,545d8ca624cc
10,0.02,-10%,rolling,reset,model,9,7926.308879427462,8134.785897944432,49594560.40516625,49588178.42495548,6381.980210773647,suboptimal,545d8ca624cc
10,0.02,-10%,rolling,reset,model,10,7133.677991484717,7321.307310838034,50570495.57459125,50564380.94600834,6114.628582909703,suboptimal,545d8ca624cc
10,0.02,-10%,rolling,reset,model,11,6420.310192336244,7836.126780168255,52718975.731003225,52620510.114873484,98465.61612974107,suboptimal,545d8ca624cc
10,0.02,-10%,rolling,reset,model,12,10933.473076372871,9922.649520016415,54550355.72396804,,,infeasible,545d8ca624cc
10,0.02,-10%,rolling,reset,model,13,14016.363727149459,11487.30271641238,54281286.64181999,,,infeasible,545d8ca624cc
10,0.02,-10%,rolling,reset,model,14,12614.72735443451,10341.808580115652,52264418.051616736,,,infeasible,545d8ca624cc
10,0.02,-10%,rolling,reset,model,15,11353.25461899106,9309.005595472503,50992076.87992521,,,infeasible,545d8ca624cc
10,0.02,-20%,rolling,reset,model,1,22437.472977968257,22437.472977968257,64087887.91296752,64087887.91296752,0.0,optimal,545d8ca624cc
10,0.02,-20%,rolling,reset,model,2,17949.97838237461,17956.313103064887,58888243.36009525,58888243.36009525,0.0,optimal,545d8ca624cc
10,0.02,-20%,rolling,reset,model,3,14359.98270589969,14086.097920300967,55246764.87439078,55245624.51158925,1140.362801529467,suboptimal,545d8ca624cc
10,0.02,-20%,rolling,reset,model,4,11487.98616471975,10560.051658559825,52683796.607504696,52680654.56498346,3142.042521238327,suboptimal,545d8ca624cc
10,0.02,-20%,rolling,reset,model,5,9190.388931775802,10080.243872846666,52615764.95751654,52560003.49378196,55761.46373458207,suboptimal,545d8ca624cc
10,0.02,-20%,rolling,reset,model,6,7352.311145420643,8064.195097489883,51894076.44869597,51878353.67875549,15722.76994048059,suboptimal,545d8ca624cc
10,0.02,-20%,rolling,reset,model,7,10948.167082083612,10948.167082083615,53053041.012112536,53053041.01211254,-7.450580596923828e-09,optimal,545d8ca624cc
10,0.02,-20%,rolling,reset,model,8,10359.899005858837,10234.721567451934,51501728.99949926,,,infeasible,545d8ca624cc
10,0.02,-20%,rolling,reset,model,9,8287.919204687072,8187.777250477446,49694856.762638345,,,infeasible,545d8ca624cc
10,0.02,-20%,rolling,reset,model,10,6630.335363749657,7561.659549645287,50606259.38706779,50544119.71684722,62139.670220568776,suboptimal,545d8ca624cc
10,0.02,-20%,rolling,reset,model,11,5304.2682909997375,8232.125460062098,52392955.23648379,52214075.30718404,178879.92929974943,suboptimal,545d8ca624cc
10,0.02,-20%,rolling,reset,model,12,11263.700614213945,9356.52829533687,53762941.1744977,,,infeasible,545d8ca624cc
10,0.02,-20%,rolling,reset,model,13,13662.6182135925,12830.11407823923,54206131.734129444,,,infeasible,545d8ca624cc
10,0.02,-20%,rolling,reset,model,14,14191.568273738825,10264.091263571334,50320374.856016435,,,infeasible,545d8ca624cc
10,0.02,-20%,rolling,reset,model,15,11353.254618991063,8280.801252433685,48691859.578328386,,,infeasible,545d8ca624cc
10,0.02,+/-10%,rolling,reset,model,1,18345.379489927825,18345.379489927825,63485125.07726836,63485125.07726836,0.0,optimal,545d8ca624cc
10,0.02,+/-10%,rolling,reset,model,2,16510.84154093505,16499.507482026223,61834829.07816699,61834829.078167,-7.450580596923828e-09,optimal,545d8ca624cc
10,0.02,+/-10%,rolling,reset,model,3,14859.757386841542,14849.487391227698,60111495.90791429,60111495.90791429,0.0,optimal,545d8ca624cc
10,0.02,+/-10%,rolling,reset,model,4,13373.781648157388,13355.93090752712,58174225.98918454,58174225.98918454,0.0,optimal,545d8ca624cc
10,0.02,+/-10%,rolling,reset,model,5,12036.40348334165,12007.13387767494,55535326.653903924,55535326.653903924,0.0,optimal,545d8ca624cc
10,0.02,+/-10%,rolling,reset,model,6,10832.76313500748,10806.420488013948,52856154.605199784,52856154.605199784,0.0,optimal,545d8ca624cc
10,0.02,+/-10%,rolling,reset,model,7,9749.486821506738,9725.778437957257,50793207.1191893,50793207.1191893,0.0,optimal,545d8ca624cc
10,0.02,+/-10%,rolling,reset,model,8,8774.538139356064,9076.581410290104,50254212.967012905,50244528.2131226,9684.753890305758,suboptimal,545d8ca624cc
10,0.02,+/-10%,rolling,reset,model,9,7897.084325420456,8168.923270540996,49781185.59332958,49772001.91728117,9183.676048405468,suboptimal,545d8ca624cc
10,0.02,+/-10%,rolling,reset,model,10,8049.26835635675,7657.4986348249795,50815810.1533922,,,infeasible,545d8ca624cc
10,0.02,+/-10%,rolling,reset,model,11,8854.19519199243,8423.248496191876,52588717.374749854,,,infeasible,545d8ca624cc
10,0.02,+/-10%,rolling,reset,model,12,9739.614711191674,9265.57334463052,53652900.000795454,,,infeasible,545d8ca624cc
10,0.02,+/-10%,rolling,reset,model,13,10713.576182310833,11435.286364742937,54148109.29710713,54091187.17428802,56922.12281911075,suboptimal,545d8ca624cc
10,0.02,+/-10%,rolling,reset,model,14,11784.933800541941,10291.51093435661,52203699.542304695,,,infeasible,545d8ca624cc
10,0.02,+/-10%,rolling,reset,model,15,11353.254618991064,9229.38070406254,50951208.07106709,,,infeasible,545d8ca624cc
10,0.02,+/-20%,rolling,reset,model,1,22327.44461337321,22327.44461337321,64039129.412381575,64039129.412381575,0.0,optimal,545d8ca624cc
10,0.02,+/-20%,rolling,reset,model,2,17861.95569069857,17591.163968214245,58909220.443298064,58908006.86491554,1213.5783825218678,suboptimal,545d8ca624cc
10,0.02,+/-20%,rolling,reset,model,3,14289.564552558859,13590.517840657527,55706683.32752843,55698263.20779513,8420.119733303785,suboptimal,545d8ca624cc
10,0.02,+/-20%,rolling,reset,model,4,11431.651642047093,10846.234190474594,53833980.45552872,53825427.68469551,8552.770833209157,suboptimal,545d8ca624cc
10,0.02,+/-20%,rolling,reset,model,5,9145.321313637678,10724.453805159344,53505694.322975084,53401908.818076365,103785.50489871949,suboptimal,545d8ca624cc
10,0.02,+/-20%,rolling,reset,model,6,8032.840232961878,8580.40670891953,52069577.85870016,51973346.33445509,96231.52424507588,suboptimal,545d8ca624cc
10,0.02,+/-20%,rolling,reset,model,7,9639.408279554262,10296.48805766502,52653120.79420595,52607272.33973224,45848.45447371155,suboptimal,545d8ca624cc
10,0.02,+/-20%,rolling,reset,model,8,11004.654832766531,10819.285021238136,51832486.3388151,,,infeasible,545d8ca624cc
10,0.02,+/-20%,rolling,reset,model,9,8803.723866213228,8655.428019192654,49364763.17688956,,,infeasible,545d8ca624cc
10,0.02,+/-20%,rolling,reset,model,10,7042.979092970576,6924.34241492556,49621826.62656056,,,infeasible,545d8ca624cc
10,0.02,+/-20%,rolling,reset,model,11,8036.029134996255,7653.702971417592,51984922.97574688,,,infeasible,545d8ca624cc
10,0.02,+/-20%,rolling,reset,model,12,9643.234961995508,9184.443565188172,54054178.791267045,,,infeasible,545d8ca624cc
10,0.02,+/-20%,rolling,reset,model,13,11571.881954394607,13232.171070147735,54877348.39839961,54749869.22067802,127479.1777215898,suboptimal,545d8ca624cc
10,0.02,+/-20%,rolling,reset,model,14,13886.258345273525,10591.141171272762,50594233.878943,,,infeasible,545d8ca624cc
10,0.02,+/-20%,rolling,reset,model,15,11353.25461899106,8472.912938043359,48624069.444968425,,,infeasible,545d8ca624cc
10,0.04,NHF,rolling,reset,model,1,46216.679501949555,46216.679501949555,37489097.45716664,37489097.45716664,0.0,optimal,545d8ca624cc
10,0.04,NHF,rolling,reset,model,2,5188.647720293735,5188.647720293735,15554224.431928398,15554224.431928398,0.0,optimal,545d8ca624cc
10,0.04,NHF,rolling,reset,model,3,5022.183699193938,5022.183699193938,17961688.73665905,17961688.73665905,0.0,optimal,545d8ca624cc
10,0.04,NHF,rolling,reset,model,4,7866.718291006804,7866.718291006804,21188675.270443615,21188675.270443615,0.0,optimal,545d8ca624cc
10,0.04,NHF,rolling,reset,model,5,5036.620859140476,5036.620859140476,22125566.569993727,22125566.569993727,0.0,optimal,545d8ca624cc
10,0.04,NHF,rolling,reset,model,6,4798.004453407382,4798.004453407382,26171972.78423438,26171972.78423438,0.0,optimal,545d8ca624cc
10,0.04,NHF,rolling,reset,model,7,20346.929971999045,20346.92997199905,32606805.369203206,32606805.369203206,0.0,optimal,545d8ca624cc
10,0.04,NHF,rolling,reset,model,8,6616.108334034517,6616.108334034516,23005724.839761883,23005724.839761883,0.0,optimal,545d8ca624cc
10,0.04,NHF,rolling,reset,model,9,11765.944136896815,11765.944136896815,24844195.34650083,24844195.34650083,0.0,optimal,545d8ca624cc
10,0.04,NHF,rolling,reset,model,10,6639.71715402659,6639.71715402659,21130740.58636531,21130740.58636531,0.0,optimal,545d8ca624cc
10,0.04,NHF,rolling,reset,model,11,5294.237044590531,5294.237044590531,22873833.261544205,22873833.261544205,0.0,optimal,545d8ca624cc
10,0.04,NHF,rolling,reset,model,12,7230.654322642665,7230.654322642665,26803038.292091146,26803038.292091146,0.0,optimal,545d8ca624cc
10,0.04,NHF,rolling,reset,model,13,21328.139183538162,21328.139183538166,30329895.94479747,30329895.94479747,0.0,optimal,545d8ca624cc
10,0.04,NHF,rolling,reset,model,14,3220.3444032367233,3220.3444032367233,18351371.1833052,18351371.1833052,0.0,optimal,545d8ca624cc
10,0.04,NHF,rolling,reset,model,15,7137.68552468357,7137.685524683568,22887637.86218659,22887637.86218659,0.0,optimal,545d8ca624cc
10,0.04,NDY,rolling,reset,model,1,11353.254618991057,11353.254618991057,25025716.082293175,25025716.082293555,-3.7997961044311523e-07,optimal,545d8ca624cc
10,0.04,NDY,rolling,reset,model,2,11353.254618991057,11353.254618991046,26009413.12310162,26009413.123101644,-2.60770320892334e-08,optimal,545d8ca624cc
10,0.04,NDY,rolling,reset,model,3,11353.254618991057,11353.25461899106,27510213.445114538,27510213.44511454,-3.725290298461914e-09,optimal,545d8ca624cc
10,0.04,NDY,rolling,reset,model,4,11353.254618991063,11353.254618991066,28886143.703452084,28886143.703452084,0.0,optimal,545d8ca624cc
10,0.04,NDY,rolling,reset,model,5,11353.254618991048,11256.21447508577,29706495.940849047,29706495.94084905,-3.725290298461914e-09,optimal,545d8ca624cc
10,0.04,NDY,rolling,reset,model,6,11353.25461899103,11117.368524106569,29641305.013661727,,,infeasible,545d8ca624cc
10,0.04,NDY,rolling,reset,model,7,11353.254618991097,11002.250882660966,29717180.29059184,,,infeasible,545d8ca624cc
10,0.04,NDY,rolling,reset,model,8,11353.254618991135,10923.95097845858,29217115.918774843,,,infeasible,545d8ca624cc
10,0.04,NDY,rolling,reset,model,9,11353.254618991037,10770.922768614422,28641392.74941372,,,infeasible,545d8ca624cc
10,0.04,NDY,rolling,reset,model,10,11353.254618991083,10678.390000993382,28054826.371958353,,,infeasible,545d8ca624cc
10,0.04,NDY,rolling,reset,model,11,11353.254618991414,10599.086786857957,27952672.99613866,,,infeasible,545d8ca624cc
10,0.04,NDY,rolling,reset,model,12,11353.254618990944,10509.445787864111,27914963.909082532,,,infeasible,545d8ca624cc
10,0.04,NDY,rolling,reset,model,13,11353.254618990728,10439.86871398655,27657666.290647466,,,infeasible,545d8ca624cc
10,0.04,NDY,rolling,reset,model,14,11353.254618991059,10344.170761235273,27659287.297532905,,,infeasible,545d8ca624cc
10,0.04,NDY,rolling,reset,model,15,11353.25461899102,10239.862871360307,27787987.45900986,,,infeasible,545d8ca624cc
10,0.04,-10%,rolling,reset,model,1,18406.21426478128,18406.21426478128,31963421.0849977,31963421.084997706,-7.450580596923828e-09,optimal,545d8ca624cc
10,0.04,-10%,rolling,reset,model,2,16565.592838303135,16561.748308802893,31358326.64858838,31358326.648588378,3.725290298461914e-09,optimal,545d8ca624cc
10,0.04,-10%,rolling,reset,model,3,14909.033554472837,14894.658896396377,30553592.247034736,30553592.247034736,0.0,optimal,545d8ca624cc
10,0.04,-10%,rolling,reset,model,4,13418.130199025542,13401.785449276349,29568995.977393348,29568995.977393348,0.0,optimal,545d8ca624cc
10,0.04,-10%,rolling,reset,model,5,12076.317179122996,12061.606908216103,28131146.99252124,28131146.992520925,3.166496753692627e-07,optimal,545d8ca624cc
10,0.04,-10%,rolling,reset,model,6,10868.685461210694,10855.446217154004,25852267.89923392,25852267.89923392,0.0,optimal,545d8ca624cc
10,0.04,-10%,rolling,reset,model,7,9781.816915089628,9772.385701744144,23969020.362865884,23969020.362865828,5.587935447692871e-08,optimal,545d8ca624cc
10,0.04,-10%,rolling,reset,model,8,8803.635223580663,8795.147130360752,23178843.864749864,23178843.864749864,0.0,optimal,545d8ca624cc
10,0.04,-10%,rolling,reset,model,9,7923.271701222597,7915.632416834313,22864357.262330174,22864357.262330174,0.0,optimal,545d8ca624cc
10,0.04,-10%,rolling,reset,model,10,7130.9445311003365,7124.069175236602,23653705.26935514,23653705.26935514,0.0,optimal,545d8ca624cc
10,0.04,-10%,rolling,reset,model,11,7734.044997542231,8086.378009987157,25812347.53993622,25760246.269931626,52101.270004592836,suboptimal,545d8ca624cc
10,0.04,-10%,rolling,reset,model,12,11571.282690127733,11600.518116017898,27639769.512615357,27639769.512615357,0.0,optimal,545d8ca624cc
10,0.04,-10%,rolling,reset,model,13,11710.801356077429,10958.366200849423,25998921.905887607,,,infeasible,545d8ca624cc
10,0.04,-10%,rolling,reset,model,14,10539.721220469683,9862.529580312346,24460845.20831119,,,infeasible,545d8ca624cc
10,0.04,-10%,rolling,reset,model,15,9485.74909842272,8876.276623150194,23312848.335163865,,,infeasible,545d8ca624cc
10,0.04,-20%,rolling,reset,model,1,22477.913669290127,22477.913669290127,33585521.418177925,33585521.418177925,0.0,optimal,545d8ca624cc
10,0.04,-20%,rolling,reset,model,2,17982.330935432103,17980.74821447205,30081953.47913661,30081953.47913661,0.0,optimal,545d8ca624cc
10,0.04,-20%,rolling,reset,model,3,14385.864748345684,14384.458666125696,27532656.85665967,27532656.85665967,0.0,optimal,545d8ca624cc
10,0.04,-20%,rolling,reset,model,4,11508.691798676547,11504.863918281117,25601242.851516683,25601242.851516683,0.0,optimal,545d8ca624cc
10,0.04,-20%,rolling,reset,model,5,9206.95343894124,9203.891135243839,24265291.47319657,24265291.473196574,-3.725290298461914e-09,optimal,545d8ca624cc
10,0.04,-20%,rolling,reset,model,6,7365.562751152992,7363.1129047979875,23726101.7991731,23726101.7991731,0.0,optimal,545d8ca624cc
10,0.04,-20%,rolling,reset,model,7,10438.960885081471,10438.960886013874,25784132.685487233,25784132.685487233,0.0,optimal,545d8ca624cc
10,0.04,-20%,rolling,reset,model,8,10517.000634180551,10563.481779193477,25037768.369854137,25037768.369854137,0.0,optimal,545d8ca624cc
10,0.04,-20%,rolling,reset,model,9,8413.600507344443,8450.785423216537,23206903.883589063,23206903.883589067,-3.725290298461914e-09,optimal,545d8ca624cc
10,0.04,-20%,rolling,reset,model,10,6730.880405875556,6760.628340936355,23633859.090669222,23633859.090669222,0.0,optimal,545d8ca624cc
10,0.04,-20%,rolling,reset,model,11,7746.631873912713,8099.661944605656,25994676.846014466,25948424.660035048,46252.18597941846,suboptimal,545d8ca624cc
10,0.04,-20%,rolling,reset,model,12,13517.608855602612,12445.376832271995,27954523.926148407,,,infeasible,545d8ca624cc
10,0.04,-20%,rolling,reset,model,13,11069.661671560722,11460.450591683379,25352927.35455077,25304253.716713432,48673.63783733919,suboptimal,545d8ca624cc
10,0.04,-20%,rolling,reset,model,14,8855.729337248578,9168.360475178115,22816515.040837858,22771959.605216444,44555.43562141433,suboptimal,545d8ca624cc
10,0.04,-20%,rolling,reset,model,15,9493.136025828875,7904.060490640638,22172682.422059625,,,infeasible,545d8ca624cc
10,0.04,+/-10%,rolling,reset,model,1,18389.461497426957,18389.461497426957,31942558.512294535,31942558.512294542,-7.450580596923828e-09,optimal,545d8ca624cc
10,0.04,+/-10%,rolling,reset,model,2,16550.515347684257,16552.282664516788,31328389.056006532,31328389.056006532,0.0,optimal,545d8ca624cc
10,0.04,+/-10%,rolling,reset,model,3,14895.463812915832,14884.252531791617,30542392.31708521,30542392.317085207,3.725290298461914e-09,optimal,545d8ca624cc
10,0.04,+/-10%,rolling,reset,model,4,13405.91743162422,13395.827280757105,29519905.354960248,29519905.354960244,3.725290298461914e-09,optimal,545d8ca624cc
10,0.04,+/-10%,rolling,reset,model,5,12065.325688461848,12041.672879059166,28089660.292958286,28089660.292958286,0.0,optimal,545d8ca624cc
10,0.04,+/-10%,rolling,reset,model,6,10858.793119615639,10837.505589573175,25822295.828196004,25822295.82813465,6.135553121566772e-05,optimal,545d8ca624cc
10,0.04,+/-10%,rolling,reset,model,7,9772.913807654077,9753.755030182487,23969104.308459353,23969104.308459353,0.0,optimal,545d8ca624cc
10,0.04,+/-10%,rolling,reset,model,8,8795.622426888673,8778.379528875445,23205694.92941356,23205694.92941356,0.0,optimal,545d8ca624cc
10,0.04,+/-10%,rolling,reset,model,9,7916.060184199807,7900.541573611961,22948255.77143766,22948255.77143766,0.0,optimal,545d8ca624cc
10,0.04,+/-10%,rolling,reset,model,10,7703.861057303864,7761.067106881642,23748458.250272512,23748458.250272512,0.0,optimal,545d8ca624cc
10,0.04,+/-10%,rolling,reset,model,11,8474.247163034262,8537.17382185455,25163529.488566495,25163529.488566495,0.0,optimal,545d8ca624cc
10,0.04,+/-10%,rolling,reset,model,12,9321.671879337697,9390.89120640267,26060996.78326376,26060996.783263765,-3.725290298461914e-09,optimal,545d8ca624cc
10,0.04,+/-10%,rolling,reset,model,13,10253.83906727147,11449.796362533629,26985580.168304313,26658551.50194463,327028.66635968164,suboptimal,545d8ca624cc
10,0.04,+/-10%,rolling,reset,model,14,11279.222973998612,10304.999456287478,25035427.74460734,,,infeasible,545d8ca624cc
10,0.04,+/-10%,rolling,reset,model,15,11353.254618991064,9274.499512221313,23720456.572318673,,,infeasible,545d8ca624cc
10,0.04,+/-20%,rolling,reset,model,1,22463.39443226382,22463.39443226382,33542039.578753613,33542039.57875361,3.725290298461914e-09,optimal,545d8ca624cc
10,0.04,+/-20%,rolling,reset,model,2,17970.71554581106,17971.899765098406,29828438.65808076,29828438.658080757,3.725290298461914e-09,optimal,545d8ca624cc
10,0.04,+/-20%,rolling,reset,model,3,14376.57243664885,14373.455896055772,27416851.25007018,27416851.25007018,0.0,optimal,545d8ca624cc
10,0.04,+/-20%,rolling,reset,model,4,11501.25794931908,11372.539016638255,25320249.408868805,25319656.99818365,592.4106851555407,suboptimal,545d8ca624cc
10,0.04,+/-20%,rolling,reset,model,5,9201.006359455265,9098.031215438908,24106752.72412431,24105533.71510564,1219.0090186670423,suboptimal,545d8ca624cc
10,0.04,+/-20%,rolling,reset,model,6,7360.805087564211,7657.555301910487,23768519.991411325,23587977.43385551,180542.55755581334,suboptimal,545d8ca624cc
10,0.04,+/-20%,rolling,reset,model,7,8832.966105077056,9639.730922979128,25495078.444116734,25284091.08644332,210987.35767341405,suboptimal,545d8ca624cc
10,0.04,+/-20%,rolling,reset,model,8,10599.559326092465,10688.583105378824,25592935.4249741,25592935.4249741,0.0,optimal,545d8ca624cc
10,0.04,+/-20%,rolling,reset,model,9,10127.781772231701,8550.86648774377,23866243.03574534,,,infeasible,545d8ca624cc
10,0.04,+/-20%,rolling,reset,model,10,8102.225417785364,7719.7873052453315,24353190.766241897,,,infeasible,545d8ca624cc
10,0.04,+/-20%,rolling,reset,model,11,8898.753232817304,9263.74476621931,25994790.30821436,25848872.39235804,145917.9158563204,suboptimal,545d8ca624cc
10,0.04,+/-20%,rolling,reset,model,12,10678.503879380765,11116.493718123165,26427657.206063118,26351938.0462361,75719.1598270163,suboptimal,545d8ca624cc
10,0.04,+/-20%,rolling,reset,model,13,10254.995766866768,10926.431311198732,24787732.51582329,24703592.624004554,84139.89181873575,suboptimal,545d8ca624cc
10,0.04,+/-20%,rolling,reset,model,14,8518.060058217949,8741.145046620624,22749072.39379423,22728293.62369552,20778.770098712295,suboptimal,545d8ca624cc
10,0.04,+/-20%,rolling,reset,model,15,10221.672069861535,7823.412699239718,22549472.589488417,,,infeasible,545d8ca624cc
10,0.06,NHF,rolling,reset,model,1,46216.679501949555,46216.679501949555,26959209.266099364,26959209.266099364,0.0,optimal,545d8ca624cc
10,0.06,NHF,rolling,reset,model,2,5188.647720293735,5188.647720293735,8320561.930812644,8320561.930812644,0.0,optimal,545d8ca624cc
10,0.06,NHF,rolling,reset,model,3,5022.183699193938,5022.183699193938,9800087.884357963,9800087.884357963,0.0,optimal,545d8ca624cc
10,0.06,NHF,rolling,reset,model,4,7866.718291006804,7866.718291006804,12127763.988251178,12127763.988251178,0.0,optimal,545d8ca624cc
10,0.06,NHF,rolling,reset,model,5,5036.620859140476,5036.620859140476,12411413.091446323,12411413.091446323,0.0,optimal,545d8ca624cc
10,0.06,NHF,rolling,reset,model,6,4798.004453407382,4798.004453407382,15628924.136453701,15628924.136453701,0.0,optimal,545d8ca624cc
10,0.06,NHF,rolling,reset,model,7,20346.929971999045,20346.92997199905,21835553.549597465,21835553.549597465,0.0,optimal,545d8ca624cc
10,0.06,NHF,rolling,reset,model,8,6616.108334034517,6616.108334034516,13814837.80651288,13814837.80651288,0.0,optimal,545d8ca624cc
10,0.06,NHF,rolling,reset,model,9,11765.944136896815,11765.944136896815,15515132.058302123,15515132.058302123,0.0,optimal,545d8ca624cc
10,0.06,NHF,rolling,reset,model,10,6639.71715402659,6639.71715402659,12122581.579544073,12122581.579544073,0.0,optimal,545d8ca624cc
10,0.06,NHF,rolling,reset,model,11,5294.237044590531,5294.237044590531,13212538.70708029,13212538.70708029,0.0,optimal,545d8ca624cc
10,0.06,NHF,rolling,reset,model,12,7230.654322642665,7230.654322642665,16590275.166166406,16590275.166166406,0.0,optimal,545d8ca624cc
10,0.06,NHF,rolling,reset,model,13,21328.139183538162,21328.139183538166,20348198.55281553,20348198.55281553,0.0,optimal,545d8ca624cc
10,0.06,NHF,rolling,reset,model,14,3220.3444032367233,3220.3444032367233,9869787.496720167,9869787.496720167,0.0,optimal,545d8ca624cc
10,0.06,NHF,rolling,reset,model,15,7137.68552468357,7137.685524683568,13368357.964678222,13368357.964678222,0.0,optimal,545d8ca624cc
10,0.06,NDY,rolling,reset,model,1,11353.25461899106,11353.25461899106,14693725.12326044,14693725.123260465,-2.421438694000244e-08,optimal,545d8ca624cc
10,0.06,NDY,rolling,reset,model,2,11353.25461899106,11353.254618991068,15250028.077281164,15250028.077281162,1.862645149230957e-09,optimal,545d8ca624cc
10,0.06,NDY,rolling,reset,model,3,11353.254618991068,11353.25461899106,16289484.31945358,16289484.319453578,1.862645149230957e-09,optimal,545d8ca624cc
10,0.06,NDY,rolling,reset,model,4,11353.254618991055,11313.554563266684,17262041.688774597,17262041.688774586,1.1175870895385742e-08,optimal,545d8ca624cc
10,0.06,NDY,rolling,reset,model,5,11353.254618991059,11151.736095462633,17771420.177150447,,,infeasible,545d8ca624cc
10,0.06,NDY,rolling,reset,model,6,11353.254618991074,11015.811305990248,17763749.18841886,,,infeasible,545d8ca624cc
10,0.06,NDY,rolling,reset,model,7,11353.254618991015,10939.746857689439,17720425.518073957,,,infeasible,545d8ca624cc
10,0.06,NDY,rolling,reset,model,8,11353.254618991079,10797.247518882272,17756607.674609777,,,infeasible,545d8ca624cc
10,0.06,NDY,rolling,reset,model,9,11353.254618991086,10679.99495588806,17400473.53658339,,,infeasible,545d8ca624cc
10,0.06,NDY,rolling,reset,model,10,11353.25461899107,10562.232066064149,16925461.305633225,,,infeasible,545d8ca624cc
10,0.06,NDY,rolling,reset,model,11,11353.254618991057,10482.448315811958,16928216.63140221,,,infeasible,545d8ca624cc
10,0.06,NDY,rolling,reset,model,12,11353.254618991064,10377.111796493722,16673926.408602184,,,infeasible,545d8ca624cc
10,0.06,NDY,rolling,reset,model,13,11353.254618991074,10311.158775033775,16592904.906801207,,,infeasible,545d8ca624cc
10,0.06,NDY,rolling,reset,model,14,11353.254618991037,10235.38620277919,16684825.409619013,,,infeasible,545d8ca624cc
10,0.06,NDY,rolling,reset,model,15,11353.254618991075,10163.409713802253,16787425.418561123,,,infeasible,545d8ca624cc
10,0.06,-10%,rolling,reset,model,1,18369.33220441816,18369.33220441816,19877298.279063333,19877298.279063333,0.0,optimal,545d8ca624cc
10,0.06,-10%,rolling,reset,model,2,16532.398983976345,16507.12542968107,19495203.897088386,19495203.897088386,0.0,optimal,545d8ca624cc
10,0.06,-10%,rolling,reset,model,3,14879.159085578707,14835.918817262402,19038373.81977563,19038373.81977563,0.0,optimal,545d8ca624cc
10,0.06,-10%,rolling,reset,model,4,13391.243177020837,13305.436792124397,18656844.337448988,18656844.337448988,0.0,optimal,545d8ca624cc
10,0.06,-10%,rolling,reset,model,5,12052.118859318756,11970.331741310174,17435179.6644178,17435179.6644178,0.0,optimal,545d8ca624cc
10,0.06,-10%,rolling,reset,model,6,10846.90697338688,10773.29856409106,15744790.438054597,15744790.438054597,0.0,optimal,545d8ca624cc
10,0.06,-10%,rolling,reset,model,7,9762.216276048193,9733.846335666422,14633137.140096115,14633137.140096115,0.0,optimal,545d8ca624cc
10,0.06,-10%,rolling,reset,model,8,8785.994648443373,8760.461702773533,13916631.69381375,13916631.69381325,5.010515451431274e-07,optimal,545d8ca624cc
10,0.06,-10%,rolling,reset,model,9,7907.395183599035,7884.415534093713,13322989.024504557,13322989.024504557,0.0,optimal,545d8ca624cc
10,0.06,-10%,rolling,reset,model,10,7116.655665239134,7095.973977305376,13772228.887529135,13772228.887529135,0.0,optimal,545d8ca624cc
10,0.06,-10%,rolling,reset,model,11,7744.200294090668,7133.741108348447,15247141.489991028,,,infeasible,545d8ca624cc
10,0.06,-10%,rolling,reset,model,12,11640.37025266133,12243.476968228792,17941436.736960612,17754020.05321144,187416.68374917284,suboptimal,545d8ca624cc
10,0.06,-10%,rolling,reset,model,13,11839.155704903587,11019.129271200167,16285075.939357184,,,infeasible,545d8ca624cc
10,0.06,-10%,rolling,reset,model,14,10655.240134413229,9917.216343613058,14967304.150962723,,,infeasible,545d8ca624cc
10,0.06,-10%,rolling,reset,model,15,10103.482769594651,8925.494710145722,14216435.16462649,,,infeasible,545d8ca624cc
10,0.06,-20%,rolling,reset,model,1,22455.16148407579,22455.16148407579,21705969.57114336,21705969.571143363,-3.725290298461914e-09,optimal,545d8ca624cc
10,0.06,-20%,rolling,reset,model,2,17964.129187260634,17928.702579342378,19040814.59908759,19040814.59908759,0.0,optimal,545d8ca624cc
10,0.06,-20%,rolling,reset,model,3,14371.30334980851,14325.458343929742,17233749.83394988,17233749.83394988,0.0,optimal,545d8ca624cc
10,0.06,-20%,rolling,reset,model,4,11497.042679846803,11460.366675509922,15532867.230649823,15532867.230649823,0.0,optimal,545d8ca624cc
10,0.06,-20%,rolling,reset,model,5,9197.634143877447,9168.29334259224,14276928.875970433,14276928.875970433,0.0,optimal,545d8ca624cc
10,0.06,-20%,rolling,reset,model,6,7358.107315101959,7334.634676857263,13910137.205488492,13910137.205488492,0.0,optimal,545d8ca624cc
10,0.06,-20%,rolling,reset,model,7,9633.916889217611,9633.916887762884,15651032.300515573,15651032.300515573,0.0,optimal,545d8ca624cc
10,0.06,-20%,rolling,reset,model,8,10868.07958960668,10712.97611140794,15861503.674936008,,,infeasible,545d8ca624cc
10,0.06,-20%,rolling,reset,model,9,8694.463671685342,8570.380890198667,14341738.529704722,,,infeasible,545d8ca624cc
10,0.06,-20%,rolling,reset,model,10,6955.570937348276,7273.312396121331,14590170.483379114,14533772.252643947,56398.23073516786,suboptimal,545d8ca624cc
10,0.06,-20%,rolling,reset,model,11,9097.35602813857,9516.3282935211,16405168.313566945,16332614.399410095,72553.91415685043,suboptimal,545d8ca624cc
10,0.06,-20%,rolling,reset,model,12,12140.53234327902,12186.676385178234,16950854.837655257,16950854.837655257,0.0,optimal,545d8ca624cc
10,0.06,-20%,rolling,reset,model,13,10787.14954820608,10358.24633965361,14724209.647601528,,,infeasible,545d8ca624cc
10,0.06,-20%,rolling,reset,model,14,8629.719638564862,8286.597075712243,13235692.267767755,,,infeasible,545d8ca624cc
10,0.06,-20%,rolling,reset,model,15,8906.62036648175,7508.924001690974,13190935.270342443,,,infeasible,545d8ca624cc
10,0.06,+/-10%,rolling,reset,model,1,18369.542302394842,18369.542302394842,19872617.05728286,19872617.05728286,0.0,optimal,545d8ca624cc
10,0.06,+/-10%,rolling,reset,model,2,16532.58807215536,16506.52319166644,19486431.532243256,19486431.532243256,0.0,optimal,545d8ca624cc
10,0.06,+/-10%,rolling,reset,model,3,14879.329264939824,14830.874610669835,19026080.79199174,19026080.79199173,1.1175870895385742e-08,optimal,545d8ca624cc
10,0.06,+/-10%,rolling,reset,model,4,13391.39633844584,13305.52040906519,18635613.608825963,18635613.608825963,0.0,optimal,545d8ca624cc
10,0.06,+/-10%,rolling,reset,model,5,12052.256704601255,11974.798176416713,17396716.440119997,17396716.440119997,0.0,optimal,545d8ca624cc
10,0.06,+/-10%,rolling,reset,model,6,10847.03103414113,10777.318363124985,15749444.478089944,15749444.478089944,0.0,optimal,545d8ca624cc
10,0.06,+/-10%,rolling,reset,model,7,9762.327930727015,9730.536832060476,14539491.024297154,14539491.024297154,0.0,optimal,545d8ca624cc
10,0.06,+/-10%,rolling,reset,model,8,8786.095137654316,8757.48314770351,13753182.69320526,13753182.69320526,0.0,optimal,545d8ca624cc
10,0.06,+/-10%,rolling,reset,model,9,7907.485623888882,7881.734834398043,13034977.54483258,13034977.544832582,-1.862645149230957e-09,optimal,545d8ca624cc
10,0.06,+/-10%,rolling,reset,model,10,7116.7370614999945,7103.251358790483,13259955.298784306,13259955.298784306,0.0,optimal,545d8ca624cc
10,0.06,+/-10%,rolling,reset,model,11,7828.410767649996,7813.576492906369,14321142.976591244,14321142.976591244,0.0,optimal,545d8ca624cc
10,0.06,+/-10%,rolling,reset,model,12,8611.251844414997,12065.177500747908,17640111.729583953,15576998.595115295,2063113.134468658,suboptimal,545d8ca624cc
10,0.06,+/-10%,rolling,reset,model,13,9472.377028856496,10858.659751947656,15963991.383207774,15543167.554704415,420823.8285033591,suboptimal,545d8ca624cc
10,0.06,+/-10%,rolling,reset,model,14,10419.61473174214,9772.79377759578,14654987.470997369,,,infeasible,545d8ca624cc
10,0.06,+/-10%,rolling,reset,model,15,11353.254618991063,8358.974466486769,13809288.447871191,,,infeasible,545d8ca624cc
10,0.06,+/-20%,rolling,reset,model,1,22441.493885052238,22441.493885052238,21698823.98131503,21698823.981315035,-3.725290298461914e-09,optimal,545d8ca624cc
10,0.06,+/-20%,rolling,reset,model,2,17953.19510804179,17920.595292401085,18927056.930980135,18927056.93098013,3.725290298461914e-09,optimal,545d8ca624cc
10,0.06,+/-20%,rolling,reset,model,3,14362.556086433438,14308.124617894091,17187816.81327767,17187816.81327767,0.0,optimal,545d8ca624cc
10,0.06,+/-20%,rolling,reset,model,4,11490.044869146748,11446.49969576316,15406792.537318267,15406792.537318267,0.0,optimal,545d8ca624cc
10,0.06,+/-20%,rolling,reset,model,5,9192.0358953174,9157.199754778652,14175366.484348984,14175366.484348984,0.0,optimal,545d8ca624cc
10,0.06,+/-20%,rolling,reset,model,6,7353.62871625392,7325.759801723097,13701537.611351905,13701537.611351905,0.0,optimal,545d8ca624cc
10,0.06,+/-20%,rolling,reset,model,7,8824.354459504708,8824.354460715283,15305483.666887244,15305483.666887244,0.0,optimal,545d8ca624cc
10,0.06,+/-20%,rolling,reset,model,8,10589.225351405647,10927.158626122227,16311413.33685202,16258749.993935782,52663.34291623719,suboptimal,545d8ca624cc
10,0.06,+/-20%,rolling,reset,model,9,9680.75301549826,8741.72690472384,14773888.104145048,,,infeasible,545d8ca624cc
10,0.06,+/-20%,rolling,reset,model,10,7744.602412398607,8443.519090954767,15243081.234889956,14823186.34699517,419894.8878947869,suboptimal,545d8ca624cc
10,0.06,+/-20%,rolling,reset,model,11,9293.52289487833,10132.222912071384,16162826.226810975,15984807.001567557,178019.22524341755,suboptimal,545d8ca624cc
10,0.06,+/-20%,rolling,reset,model,12,11152.227473853998,10462.535811194866,15698991.951495383,,,infeasible,545d8ca624cc
10,0.06,+/-20%,rolling,reset,model,13,10111.070883637256,10139.47152081358,14691932.696735479,14691932.696735479,0.0,optimal,545d8ca624cc
10,0.06,+/-20%,rolling,reset,model,14,8517.22557813451,8111.577215143035,13411175.680213714,,,infeasible,545d8ca624cc
10,0.06,+/-20%,rolling,reset,model,15,10220.670693761405,7733.383967788102,13719702.62912682,,,infeasible,545d8ca624cc
11,0.0,NHF,rolling,reset,model,1,3525.4559252400004,3525.4559252400004,227892709.88095897,227892709.88095897,0.0,optimal,545d8ca624cc
11,0.0,NHF,rolling,reset,model,2,1741.3288165899999,120.77876383999998,239140614.96026674,239052065.35921526,88549.60105147958,suboptimal,545d8ca624cc
11,0.0,NHF,rolling,reset,model,3,3873.100786099375,45.61891165,253188298.74190372,253006505.84452474,181792.8973789811,suboptimal,545d8ca624cc
11,0.0,NHF,rolling,reset,model,4,6138.889392325001,8227.558100857605,265533969.374177,265498745.41033077,35223.96384623647,suboptimal,545d8ca624cc
11,0.0,NHF,rolling,reset,model,5,27051.147055248028,16309.860762762228,267565678.7183197,267565678.7183197,0.0,optimal,545d8ca624cc
11,0.0,NHF,rolling,reset,model,6,9384.299530449047,10780.596664647326,257885199.05056444,257835039.2271009,50159.82346352935,suboptimal,545d8ca624cc
11,0.0,NHF,rolling,reset,model,7,24429.396411993228,9448.637115770376,254329395.6161468,254329395.6161468,0.0,optimal,545d8ca624cc
11,0.0,NHF,rolling,reset,model,8,10767.91637441268,11715.178749246617,252301352.82810572,252269018.986634,32333.841471731663,suboptimal,545d8ca624cc
11,0.0,NHF,rolling,reset,model,9,5390.177090830534,11202.926564801495,246969719.02061003,246671423.38297367,298295.6376363635,suboptimal,545d8ca624cc
11,0.0,NHF,rolling,reset,model,10,723.4636091299999,8955.55688189395,241305423.10601592,233742527.92571115,7562895.180304766,suboptimal,545d8ca624cc
11,0.0,NHF,rolling,reset,model,11,1011.94135383,11497.967101847451,239329809.00329843,232781998.4623894,6547810.540909022,suboptimal,545d8ca624cc
11,0.0,NHF,rolling,reset,model,12,1510.355255295,7620.399375728142,234338676.09071174,228335512.5981935,6003163.492518246,suboptimal,545d8ca624cc
11,0.0,NHF,rolling,reset,model,13,1128.086924945,7319.488615785188,235266993.8125506,229699705.02872336,5567288.783827245,suboptimal,545d8ca624cc
11,0.0,NHF,rolling,reset,model,14,7637.433240134091,11041.50658248866,236421488.51964512,236289712.43523738,131776.0844077468,suboptimal,545d8ca624cc
11,0.0,NHF,rolling,reset,model,15,70791.72129373833,8537.586198643372,233663309.38354436,,,infeasible,545d8ca624cc
11,0.0,NDY,rolling,reset,model,1,10311.849956518907,10311.849956518907,194036268.84549195,194036268.84549192,2.9802322387695312e-08,optimal,545d8ca624cc
11,0.0,NDY,rolling,reset,model,2,10311.849956518912,9683.042417987182,197664679.0067235,197538798.53571317,125880.47101032734,suboptimal,545d8ca624cc
11,0.0,NDY,rolling,reset,model,3,10311.849956518909,9195.504420992078,200869557.2873703,200415105.93355814,454451.3538121581,suboptimal,545d8ca624cc
11,0.0,NDY,rolling,reset,model,4,10311.849956518907,9274.846308160166,203311277.53250262,202949309.09210926,361968.44039335847,suboptimal,545d8ca624cc
11,0.0,NDY,rolling,reset,model,5,10311.84995651891,9314.406918538209,203947938.15664348,203715774.95135206,232163.20529142022,suboptimal,545d8ca624cc
11,0.0,NDY,rolling,reset,model,6,10311.849956518905,9233.012875134693,203439833.03970057,203133760.94899407,306072.09070649743,suboptimal,545d8ca624cc
11,0.0,NDY,rolling,reset,model,7,10311.849956518907,9200.354491372455,203189013.28199294,202823311.56590757,365701.71608537436,suboptimal,545d8ca624cc
11,0.0,NDY,rolling,reset,model,8,10311.849956518912,9083.872037024375,203068727.57228732,202576304.43840548,492423.13388183713,suboptimal,545d8ca624cc
11,0.0,NDY,rolling,reset,model,9,10311.849956518905,9084.45269766254,203055896.46832898,202583360.92250136,472535.5458276272,suboptimal,545d8ca624cc
11,0.0,NDY,rolling,reset,model,10,10311.849956518903,9077.890970752274,203182693.93125293,202707966.53274962,474727.3985033035,suboptimal,545d8ca624cc
11,0.0,NDY,rolling,reset,model,11,10311.849956518907,9064.68322538981,202997439.89414933,202559518.48694247,437921.40720686316,suboptimal,545d8ca624cc
11,0.0,NDY,rolling,reset,model,12,10311.849956518907,9098.005635592648,203385314.16126722,202931545.14473566,453769.01653155684,suboptimal,545d8ca624cc
11,0.0,NDY,rolling,reset,model,13,10311.849956518903,9219.598524436458,203394699.92096794,203086174.7983985,308525.1225694418,suboptimal,545d8ca624cc
11,0.0,NDY,rolling,reset,model,14,10311.849956518905,9271.726448326266,203379177.28950822,203110081.44838583,269095.84112238884,suboptimal,545d8ca624cc
11,0.0,NDY,rolling,reset,model,15,10311.849956518907,9100.900431600818,203629331.59223002,203128911.14097175,500420.45125827193,suboptimal,545d8ca624cc
11,0.0,-10%,rolling,reset,model,1,3854.2116855119752,3854.2116855119752,205057083.46927845,205057083.46927842,2.9802322387695312e-08,optimal,545d8ca624cc
11,0.0,-10%,rolling,reset,model,2,3468.7905169607766,3394.925528229852,213924945.38468465,213924849.0740732,96.31061145663261,optimal,545d8ca624cc
11,0.0,-10%,rolling,reset,model,3,3121.9114652647,3310.0927085521444,223092181.75340533,223092125.5001849,56.253220438957214,optimal,545d8ca624cc
11,0.0,-10%,rolling,reset,model,4,14227.025720518974,13386.70719346815,232026054.49705157,232025028.37264434,1026.1244072318077,suboptimal,545d8ca624cc
11,0.0,-10%,rolling,reset,model,5,14901.859946922697,15055.090025347423,228203930.97416103,228203900.06327754,30.910883486270905,optimal,545d8ca624cc
11,0.0,-10%,rolling,reset,model,6,13411.673952230427,14093.82847023704,220535889.77159604,220532038.17371893,3851.597877115011,suboptimal,545d8ca624cc
11,0.0,-10%,rolling,reset,model,7,12070.506557007386,12689.236831230553,213696353.62568253,213688145.5601343,8208.065548241138,suboptimal,545d8ca624cc
11,0.0,-10%,rolling,reset,model,8,10863.455901306646,10988.951633393848,209784707.22008693,209784032.58887368,674.631213247776,suboptimal,545d8ca624cc
11,0.0,-10%,rolling,reset,model,9,9777.110311175977,9910.156697597631,206783960.91979873,206783102.62751737,858.2922813594341,suboptimal,545d8ca624cc
11,0.0,-10%,rolling,reset,model,10,8799.39928005838,9063.507985042677,205315415.45986772,205311580.35029057,3835.1095771491528,suboptimal,545d8ca624cc
11,0.0,-10%,rolling,reset,model,11,15716.887603290508,8733.711097710282,205743434.51848945,,,infeasible,545d8ca624cc
11,0.0,-10%,rolling,reset,model,12,14145.198842961461,8276.088900415101,206426056.1441309,196626315.794421,9799740.349709898,suboptimal,545d8ca624cc
11,0.0,-10%,rolling,reset,model,13,12730.678958665312,6270.1350131768695,208018305.69780546,204322530.19036284,3695775.5074426234,suboptimal,545d8ca624cc
11,0.0,-10%,rolling,reset,model,14,11457.611062798782,5105.619634459999,211536151.33497658,210437321.7232978,1098829.6116787791,suboptimal,545d8ca624cc
11,0.0,-10%,rolling,reset,model,15,10311.849956518903,6480.40107327628,216878729.8011844,216779166.8451025,99562.95608189702,suboptimal,545d8ca624cc
11,0.0,-20%,rolling,reset,model,1,4471.915781305001,4471.915781305001,207032677.643171,207032677.64317104,-2.9802322387695312e-08,optimal,545d8ca624cc
11,0.0,-20%,rolling,reset,model,2,3577.5326250440085,2170.157727198557,215593069.0044013,215576795.14070085,16273.863700449467,suboptimal,545d8ca624cc
11,0.0,-20%,rolling,reset,model,3,2862.0261000352034,3038.34130041,226056682.8147047,226056206.29385197,476.520852714777,suboptimal,545d8ca624cc
11,0.0,-20%,rolling,reset,model,4,9858.02961151955,10468.635197394244,235494674.79605865,235490686.02346447,3988.7725941836834,suboptimal,545d8ca624cc
11,0.0,-20%,rolling,reset,model,5,18952.089070998176,19404.470910876265,235404415.84982255,235398659.71340692,5756.136415630579,suboptimal,545d8ca624cc
11,0.0,-20%,rolling,reset,model,6,15161.67125679854,12805.9058304953,222288163.8824329,222279181.6729334,8982.209499508142,suboptimal,545d8ca624cc
11,0.0,-20%,rolling,reset,model,7,12129.337005438834,11038.905276097334,217337042.8997103,217332368.73026088,4674.169449418783,suboptimal,545d8ca624cc
11,0.0,-20%,rolling,reset,model,8,9703.469604351078,12755.246267668594,215320915.72167462,215279159.39923078,41756.32244384289,suboptimal,545d8ca624cc
11,0.0,-20%,rolling,reset,model,9,7762.775683480858,10131.494658353986,210344804.1279221,210233679.4088797,111124.71904239058,suboptimal,545d8ca624cc
11,0.0,-20%,rolling,reset,model,10,7449.247656241108,10315.338063631792,208595516.33553222,208519893.703996,75622.63153621554,suboptimal,545d8ca624cc
11,0.0,-20%,rolling,reset,model,11,8562.616435870657,7163.607023471055,206943319.68632206,206935440.4624603,7879.223861753941,suboptimal,545d8ca624cc
11,0.0,-20%,rolling,reset,model,12,20140.331946325994,8804.250651946493,209479168.91901436,,,infeasible,545d8ca624cc
11,0.0,-20%,rolling,reset,model,13,16112.265557060786,7043.400518280245,209898810.02710372,205628131.77057037,4270678.2565333545,suboptimal,545d8ca624cc
11,0.0,-20%,rolling,reset,model,14,12889.812445648637,5228.7083872375,212511398.46429414,211736429.54993093,774968.9143632054,suboptimal,545d8ca624cc
11,0.0,-20%,rolling,reset,model,15,10311.8499565189,4780.055478028534,217747590.35556915,217658260.19336948,89330.16219967604,suboptimal,545d8ca624cc
11,0.0,+/-10%,rolling,reset,model,1,6327.073094060895,6327.073094060895,203482897.3238975,203482897.3238975,0.0,optimal,545d8ca624cc
11,0.0,+/-10%,rolling,reset,model,2,6959.780403466983,7051.235814615444,210158642.44305837,210157869.5176286,772.9254297614098,suboptimal,545d8ca624cc
11,0.0,+/-10%,rolling,reset,model,3,7655.758443813683,7960.980121259298,215539180.91865844,215505820.67284378,33360.24581465125,suboptimal,545d8ca624cc
11,0.0,+/-10%,rolling,reset,model,4,8421.334288195052,9119.255789792403,219179605.6904341,219083095.6366321,96510.0538019836,suboptimal,545d8ca624cc
11,0.0,+/-10%,rolling,reset,model,5,9263.467717014557,12357.223396523292,220320965.3206338,220166838.8441448,154126.47648900747,suboptimal,545d8ca624cc
11,0.0,+/-10%,rolling,reset,model,6,10189.814488716014,12398.143306528149,216025272.019249,216006063.47812742,19208.541121572256,suboptimal,545d8ca624cc
11,0.0,+/-10%,rolling,reset,model,7,11208.795937587618,11433.873847424566,211986846.08265945,211986841.79298037,4.289679080247879,optimal,545d8ca624cc
11,0.0,+/-10%,rolling,reset,model,8,11989.98305784993,10085.465755700598,209150910.23248342,207814529.97377944,1336380.2587039769,suboptimal,545d8ca624cc
11,0.0,+/-10%,rolling,reset,model,9,11794.228718423688,9456.82922707475,207442155.00229314,205872508.8367392,1569646.1655539274,suboptimal,545d8ca624cc
11,0.0,+/-10%,rolling,reset,model,10,12973.651590266063,8837.005307390282,206873190.5889054,202621782.94336483,4251407.645540565,suboptimal,545d8ca624cc
11,0.0,+/-10%,rolling,reset,model,11,14271.016749292667,8622.146739664955,207346945.79281157,196988609.98668304,10358335.806128532,suboptimal,545d8ca624cc
11,0.0,+/-10%,rolling,reset,model,12,14145.198842961456,7293.916657230665,208301025.0944399,199992366.8292996,8308658.265140295,suboptimal,545d8ca624cc
11,0.0,+/-10%,rolling,reset,model,13,12730.67895866531,7724.362098718226,211052361.29318428,208152208.1315563,2900153.161627978,suboptimal,545d8ca624cc
11,0.0,+/-10%,rolling,reset,model,14,11457.61106279878,7636.046498448625,212855596.3910541,212148376.04045743,707220.3505966663,suboptimal,545d8ca624cc
11,0.0,+/-10%,rolling,reset,model,15,10311.849956518903,8073.9100481764435,214550192.5081042,214472372.40978456,77820.0983196497,suboptimal,545d8ca624cc
11,0.0,+/-20%,rolling,reset,model,1,5153.163501362486,5153.163501362486,205762060.9169662,205762060.9169662,0.0,optimal,545d8ca624cc
11,0.0,+/-20%,rolling,reset,model,2,6183.796201634983,6147.723355338666,213528352.25182056,213528352.2518206,-2.9802322387695312e-08,optimal,545d8ca624cc
11,0.0,+/-20%,rolling,reset,model,3,7420.555441961978,7532.430466135527,220087943.1400069,220083294.08727595,4649.052730947733,suboptimal,545d8ca624cc
11,0.0,+/-20%,rolling,reset,model,4,8904.666530354378,9731.720108398882,224117453.71435967,224050862.58955777,66591.12480190396,suboptimal,545d8ca624cc
11,0.0,+/-20%,rolling,reset,model,5,10685.599836425252,14707.775232886817,224641565.23859277,224534637.78780845,106927.4507843256,suboptimal,545d8ca624cc
11,0.0,+/-20%,rolling,reset,model,6,12822.719803710292,10778.607496696693,217029008.37683132,217027838.2723251,1170.1045062243938,suboptimal,545d8ca624cc
11,0.0,+/-20%,rolling,reset,model,7,12815.010566276727,11189.878400537333,215018596.03507072,215007351.77271464,11244.262356072664,suboptimal,545d8ca624cc
11,0.0,+/-20%,rolling,reset,model,8,10252.008453021372,12102.059020551094,212646690.15635917,212621995.5352225,24694.621136665344,suboptimal,545d8ca624cc
11,0.0,+/-20%,rolling,reset,model,9,8790.196206416833,10190.857143775382,208820661.4762556,208809992.23075476,10669.245500832796,suboptimal,545d8ca624cc
11,0.0,+/-20%,rolling,reset,model,10,10548.235447700205,9303.466567426116,207421444.2491117,207403041.62948778,18402.619623929262,suboptimal,545d8ca624cc
11,0.0,+/-20%,rolling,reset,model,11,12657.882537240243,7875.9032252191355,207465517.68745106,206209027.62004477,1256490.0674062967,suboptimal,545d8ca624cc
11,0.0,+/-20%,rolling,reset,model,12,15189.45904468829,8248.50014144766,208990965.86698157,204840352.2304939,4150613.636487663,suboptimal,545d8ca624cc
11,0.0,+/-20%,rolling,reset,model,13,16112.26555706079,6478.684749490245,209970372.51760772,204898742.66706002,5071629.850547701,suboptimal,545d8ca624cc
11,0.0,+/-20%,rolling,reset,model,14,12889.812445648628,5955.365018754924,213384021.4561193,212801651.5520861,582369.904033184,suboptimal,545d8ca624cc
11,0.0,+/-20%,rolling,reset,model,15,10311.849956518903,7669.679404127757,217704745.60901722,217668878.03215736,35867.57685986161,suboptimal,545d8ca624cc
11,0.02,NHF,rolling,reset,model,1,30353.265996747996,30353.265996747996,55156819.093355365,55156819.093355365,0.0,optimal,545d8ca624cc
11,0.02,NHF,rolling,reset,model,2,3684.7700164255016,5013.426619293654,40997562.33091213,40990873.68960479,6688.641307339072,suboptimal,545d8ca624cc
11,0.02,NHF,rolling,reset,model,3,7022.099818131335,5654.27515291465,45576671.30256389,45568725.5545503,7945.7480135932565,suboptimal,545d8ca624cc
11,0.02,NHF,rolling,reset,model,4,4078.772670014534,5310.2477472051905,49831694.84755794,49826507.48874966,5187.3588082790375,suboptimal,545d8ca624cc
11,0.02,NHF,rolling,reset,model,5,17741.945341022816,16054.98163798452,54678160.58869074,,,infeasible,545d8ca624cc
11,0.02,NHF,rolling,reset,model,6,4982.690370259982,4982.690370259982,45559133.510318816,45559133.510318816,0.0,optimal,545d8ca624cc
11,0.02,NHF,rolling,reset,model,7,10997.206673331286,10997.206673331284,49669320.96219925,49669320.96219925,0.0,optimal,545d8ca624cc
11,0.02,NHF,rolling,reset,model,8,10177.980815666433,10177.980815666433,47085297.79784412,47085297.79784412,0.0,optimal,545d8ca624cc
11,0.02,NHF,rolling,reset,model,9,9596.135164692965,9676.780625469672,44243149.5117177,44243149.5117177,0.0,optimal,545d8ca624cc
11,0.02,NHF,rolling,reset,model,10,2889.4687147227755,3487.4524947502764,41339671.361298315,41306835.8689348,32835.492363512516,suboptimal,545d8ca624cc
11,0.02,NHF,rolling,reset,model,11,4689.768943398363,7983.993382502796,46909212.046591416,46686387.50512445,222824.54146696627,suboptimal,545d8ca624cc
11,0.02,NHF,rolling,reset,model,12,6247.916029798727,4359.931869353595,47205629.08076537,,,infeasible,545d8ca624cc
11,0.02,NHF,rolling,reset,model,13,16214.906885701697,16315.756986024717,51890388.76499773,51890388.76499773,0.0,optimal,545d8ca624cc
11,0.02,NHF,rolling,reset,model,14,6055.67968973363,3022.8867291205215,42287468.475678295,,,infeasible,545d8ca624cc
11,0.02,NHF,rolling,reset,model,15,13201.138636588881,10488.472993886748,48802975.823468894,,,infeasible,545d8ca624cc
11,0.02,NDY,rolling,reset,model,1,10311.84995651891,10311.84995651891,51234382.34301373,51234382.34301372,1.4901161193847656e-08,optimal,545d8ca624cc
11,0.02,NDY,rolling,reset,model,2,10311.849956518905,10291.471196606497,53433910.29824735,53433910.29824743,-7.450580596923828e-08,optimal,545d8ca624cc
11,0.02,NDY,rolling,reset,model,3,10311.84995651891,10179.507163246197,55516283.49876569,,,infeasible,545d8ca624cc
11,0.02,NDY,rolling,reset,model,4,10311.849956518903,10074.115902689255,56934292.45052604,,,infeasible,545d8ca624cc
11,0.02,NDY,rolling,reset,model,5,10311.849956518909,9968.855235852798,57375095.56091003,,,infeasible,545d8ca624cc
11,0.02,NDY,rolling,reset,model,6,10311.84995651891,9877.5135231392,56182989.15322333,,,infeasible,545d8ca624cc
11,0.02,NDY,rolling,reset,model,7,10311.84995651891,9794.062830193678,55435474.319590524,,,infeasible,545d8ca624cc
11,0.02,NDY,rolling,reset,model,8,10311.849956518903,9711.624078847712,55205939.9682806,,,infeasible,545d8ca624cc
11,0.02,NDY,rolling,reset,model,9,10311.849956518903,9626.525180083207,54756496.543037586,,,infeasible,545d8ca624cc
11,0.02,NDY,rolling,reset,model,10,10311.84995651891,9551.447577696565,54322832.17261117,,,infeasible,545d8ca624cc
11,0.02,NDY,rolling,reset,model,11,10311.849956518901,9475.595142840219,53900043.697812095,,,infeasible,545d8ca624cc
11,0.02,NDY,rolling,reset,model,12,10311.849956518901,9399.368686997906,53688922.81035044,,,infeasible,545d8ca624cc
11,0.02,NDY,rolling,reset,model,13,10311.849956518901,9338.774070980817,53522471.14410445,,,infeasible,545d8ca624cc
11,0.02,NDY,rolling,reset,model,14,10311.849956518907,9280.100490450495,53361617.67248707,,,infeasible,545d8ca624cc
11,0.02,NDY,rolling,reset,model,15,10311.849956518903,9216.917826045783,52792928.345504925,,,infeasible,545d8ca624cc
11,0.02,-10%,rolling,reset,model,1,15239.662979543213,15239.662979543213,54620253.11931297,54620253.11931297,0.0,optimal,545d8ca624cc
11,0.02,-10%,rolling,reset,model,2,13715.696681588892,13728.01102362965,53775202.16512722,53775202.16512722,0.0,optimal,545d8ca624cc
11,0.02,-10%,rolling,reset,model,3,12344.12701343,12337.434651668038,52331283.039889865,52331283.039889865,0.0,optimal,545d8ca624cc
11,0.02,-10%,rolling,reset,model,4,11109.714312087004,11101.384757249763,51057366.23186236,51057366.23186236,0.0,optimal,545d8ca624cc
11,0.02,-10%,rolling,reset,model,5,9998.742880878304,9973.97542046625,49202050.9724878,49202050.9724878,0.0,optimal,545d8ca624cc
11,0.02,-10%,rolling,reset,model,6,8998.868592790473,8976.577880106066,47111226.580572404,47111226.580572404,0.0,optimal,545d8ca624cc
11,0.02,-10%,rolling,reset,model,7,8264.890992178996,8264.8909921041,46125562.05632237,46125562.05632237,0.0,optimal,545d8ca624cc
11,0.02,-10%,rolling,reset,model,8,8321.900164332292,8434.572029969617,46074532.679507695,46072114.79820784,2417.881299853325,suboptimal,545d8ca624cc
11,0.02,-10%,rolling,reset,model,9,7489.710147899064,7591.114828032691,45392909.58842834,45391714.033268474,1195.5551598668098,suboptimal,545d8ca624cc
11,0.02,-10%,rolling,reset,model,10,6740.739133109157,7203.418664161226,45907057.58270441,45887734.70938792,19322.87331648916,suboptimal,545d8ca624cc
11,0.02,-10%,rolling,reset,model,11,6066.665219798242,7519.803173905678,46982282.733351916,46867331.23184309,114951.50150882453,suboptimal,545d8ca624cc
11,0.02,-10%,rolling,reset,model,12,9086.874422461959,8609.174935676258,47893681.18610695,,,infeasible,545d8ca624cc
11,0.02,-10%,rolling,reset,model,13,10292.77065258458,8933.45250525975,47482256.298103094,,,infeasible,545d8ca624cc
11,0.02,-10%,rolling,reset,model,14,11457.61106279878,8040.107255203137,46559939.19970448,,,infeasible,545d8ca624cc
11,0.02,-10%,rolling,reset,model,15,10311.849956518903,8771.756954572696,47010923.97882422,,,infeasible,545d8ca624cc
11,0.02,-20%,rolling,reset,model,1,18174.744859176928,18174.744859176928,54793963.27021261,54793963.27021261,0.0,optimal,545d8ca624cc
11,0.02,-20%,rolling,reset,model,2,14539.795887341546,14389.917085535317,51380216.31515601,51380203.54146909,12.773686923086643,optimal,545d8ca624cc
11,0.02,-20%,rolling,reset,model,3,11631.836709873232,10917.63973644867,48758784.14781687,48756981.14525975,1803.0025571137667,suboptimal,545d8ca624cc
11,0.02,-20%,rolling,reset,model,4,9305.46936789859,10363.801829385773,48249195.10981743,48243929.45179514,5265.658022291958,suboptimal,545d8ca624cc
11,0.02,-20%,rolling,reset,model,5,8568.035373709086,8525.190994883975,46823660.488135986,46823660.488135986,0.0,optimal,545d8ca624cc
11,0.02,-20%,rolling,reset,model,6,6854.428298967267,6820.152799847482,46291177.11079574,46291177.11079574,0.0,optimal,545d8ca624cc
11,0.02,-20%,rolling,reset,model,7,9041.337481188764,9041.337481188764,47720229.775448814,47720229.775448814,0.0,optimal,545d8ca624cc
11,0.02,-20%,rolling,reset,model,8,8918.882215262072,9079.701461844295,47089766.06704531,47084337.17567446,5428.891370847821,suboptimal,545d8ca624cc
11,0.02,-20%,rolling,reset,model,9,7135.105772209658,7263.761170865547,45792998.032435596,45790412.281990044,2585.7504455521703,suboptimal,545d8ca624cc
11,0.02,-20%,rolling,reset,model,10,7259.119560230265,7770.815635189434,46582870.655299984,46561461.24733713,21409.407962851226,suboptimal,545d8ca624cc
11,0.02,-20%,rolling,reset,model,11,8499.691451467319,8771.78395206188,47204110.20214021,47189871.962631546,14238.239508666098,suboptimal,545d8ca624cc
11,0.02,-20%,rolling,reset,model,12,7825.120197733423,8231.815986569367,46589456.4971763,46562444.804394715,27011.692781582475,suboptimal,545d8ca624cc
11,0.02,-20%,rolling,reset,model,13,9832.31750568245,8394.55421296945,46408789.440043174,,,infeasible,545d8ca624cc
11,0.02,-20%,rolling,reset,model,14,9868.516434345764,6715.643372019382,45981421.710845724,,,infeasible,545d8ca624cc
11,0.02,-20%,rolling,reset,model,15,10311.849956518905,9853.104972287878,48117601.25968555,,,infeasible,545d8ca624cc
11,0.02,+/-10%,rolling,reset,model,1,15244.580271595689,15244.580271595689,54613931.43416389,54613931.43416389,0.0,optimal,545d8ca624cc
11,0.02,+/-10%,rolling,reset,model,2,13720.122244436123,13729.096351583592,53739009.18035423,53739009.18035423,0.0,optimal,545d8ca624cc
11,0.02,+/-10%,rolling,reset,model,3,12348.110019992504,12337.041453396721,52344538.99917511,52344538.99917511,0.0,optimal,545d8ca624cc
11,0.02,+/-10%,rolling,reset,model,4,11113.29901799326,11101.02939556415,51047206.77586054,51047206.77586054,0.0,optimal,545d8ca624cc
11,0.02,+/-10%,rolling,reset,model,5,10001.969116193934,9973.111491862617,49200332.903256714,49200332.903256714,0.0,optimal,545d8ca624cc
11,0.02,+/-10%,rolling,reset,model,6,9001.77220457454,8975.800339257066,47119921.81593676,47119921.81593676,0.0,optimal,545d8ca624cc
11,0.02,+/-10%,rolling,reset,model,7,8281.439213787658,8281.439213787658,46120651.5617717,46120651.5617717,0.0,optimal,545d8ca624cc
11,0.02,+/-10%,rolling,reset,model,8,7977.428225349234,8431.739610975586,46044787.523795426,46011670.062124334,33117.461671091616,suboptimal,545d8ca624cc
11,0.02,+/-10%,rolling,reset,model,9,7179.685402814312,7588.565650721505,45367480.39750467,45352759.169846654,14721.22765801847,suboptimal,545d8ca624cc
11,0.02,+/-10%,rolling,reset,model,10,7156.481744313397,7021.602334980622,45894431.386704296,,,infeasible,545d8ca624cc
11,0.02,+/-10%,rolling,reset,model,11,7872.129918744737,7723.762569985184,47198383.569617495,,,infeasible,545d8ca624cc
11,0.02,+/-10%,rolling,reset,model,12,8659.34291061921,8586.45158873085,47880911.18588128,47880911.18588129,-7.450580596923828e-09,optimal,545d8ca624cc
11,0.02,+/-10%,rolling,reset,model,13,9525.27720168113,8963.891212602288,47494974.84750883,,,infeasible,545d8ca624cc
11,0.02,+/-10%,rolling,reset,model,14,10477.804921849247,8067.502090278278,46525405.2569134,,,infeasible,545d8ca624cc
11,0.02,+/-10%,rolling,reset,model,15,10311.849956518905,8747.453822268215,46926559.6554473,,,infeasible,545d8ca624cc
11,0.02,+/-20%,rolling,reset,model,1,18066.598628196836,18066.598628196836,54788461.98127768,54788461.98127768,0.0,optimal,545d8ca624cc
11,0.02,+/-20%,rolling,reset,model,2,14453.27890255747,14442.403286417604,51372104.19841998,51372104.19841998,0.0,optimal,545d8ca624cc
11,0.02,+/-20%,rolling,reset,model,3,11562.623122045976,11005.4444926876,48831518.68377523,48830258.803647146,1259.8801280856133,suboptimal,545d8ca624cc
11,0.02,+/-20%,rolling,reset,model,4,9250.098497636784,9884.33914512706,48212818.580193326,48210305.801810876,2512.778382450342,suboptimal,545d8ca624cc
11,0.02,+/-20%,rolling,reset,model,5,8859.513418573337,8860.056310139811,47336861.57177058,47336861.57177058,0.0,optimal,545d8ca624cc
11,0.02,+/-20%,rolling,reset,model,6,7087.6107348586675,7088.045043858332,46438435.32702276,46438435.32702275,7.450580596923828e-09,optimal,545d8ca624cc
11,0.02,+/-20%,rolling,reset,model,7,8505.132881830405,8505.13288004868,47599308.65050974,47599308.65050974,0.0,optimal,545d8ca624cc
11,0.02,+/-20%,rolling,reset,model,8,9452.107438562325,9605.10043843373,47601441.6538211,47596605.07971871,4836.574102394283,suboptimal,545d8ca624cc
11,0.02,+/-20%,rolling,reset,model,9,7561.685950849862,7684.080353329613,45717971.82318443,45715905.28443505,2066.5387493819,suboptimal,545d8ca624cc
11,0.02,+/-20%,rolling,reset,model,10,6851.467799447401,7414.688059302585,45979685.45227137,45913715.85651686,65969.59575451165,suboptimal,545d8ca624cc
11,0.02,+/-20%,rolling,reset,model,11,8221.76135933688,8597.800491571192,46922200.09770464,46903258.66977333,18941.427931308746,suboptimal,545d8ca624cc
11,0.02,+/-20%,rolling,reset,model,12,7795.142007742814,7799.225440610017,46465890.64494932,46465890.64494932,0.0,optimal,545d8ca624cc
11,0.02,+/-20%,rolling,reset,model,13,9354.170409291377,8649.467092196664,46809655.27938297,,,infeasible,545d8ca624cc
11,0.02,+/-20%,rolling,reset,model,14,10668.162267744052,6955.846942173726,46101191.58705806,,,infeasible,545d8ca624cc
11,0.02,+/-20%,rolling,reset,model,15,10311.849956518903,9925.29425193359,48073432.49800677,,,infeasible,545d8ca624cc
11,0.04,NHF,rolling,reset,model,1,34221.64093836575,34221.64093836575,30834937.47461959,30834937.47461959,0.0,optimal,545d8ca624cc
11,0.04,NHF,rolling,reset,model,2,6014.948217446189,6014.948217446189,15373377.946498368,15373377.946498368,0.0,optimal,545d8ca624cc
11,0.04,NHF,rolling,reset,model,3,6122.261781292247,6122.261781292247,16770771.417877693,16770771.417877693,0.0,optimal,545d8ca624cc
11,0.04,NHF,rolling,reset,model,4,5260.5527153018475,5260.5527153018475,18392464.34966605,18392464.34966605,0.0,optimal,545d8ca624cc
11,0.04,NHF,rolling,reset,model,5,5992.467902773608,5992.467902773608,20873601.1779555,20873601.1779555,0.0,optimal,545d8ca624cc
11,0.04,NHF,rolling,reset,model,6,4982.690370259982,4982.690370259982,22961626.032382675,22961626.032382675,0.0,optimal,545d8ca624cc
11,0.04,NHF,rolling,reset,model,7,11446.675743721527,11446.675743721527,27412019.016146593,27412019.016146593,0.0,optimal,545d8ca624cc
11,0.04,NHF,rolling,reset,model,8,11085.673060655372,11085.67306065537,26028945.100584995,26028945.100584995,0.0,optimal,545d8ca624cc
11,0.04,NHF,rolling,reset,model,9,12745.276400980654,12745.276400980654,23605118.576880477,23605118.576880477,0.0,optimal,545d8ca624cc
11,0.04,NHF,rolling,reset,model,10,5279.726070304441,5279.726070304441,17886325.277217887,17886325.277217887,0.0,optimal,545d8ca624cc
11,0.04,NHF,rolling,reset,model,11,6684.448904209863,6684.448904209863,19599962.385144815,19599962.385144815,0.0,optimal,545d8ca624cc
11,0.04,NHF,rolling,reset,model,12,4828.655707244149,4828.655707244149,20256169.0908254,20256169.0908254,0.0,optimal,545d8ca624cc
11,0.04,NHF,rolling,reset,model,13,11378.11603037301,11378.11603037301,23615769.150358506,23615769.150358506,0.0,optimal,545d8ca624cc
11,0.04,NHF,rolling,reset,model,14,3424.2111464448576,3424.2111464448576,20495759.45825173,20495759.45825173,0.0,optimal,545d8ca624cc
11,0.04,NHF,rolling,reset,model,15,11695.885031845239,11695.885031845239,25895606.520146754,25895606.520146754,0.0,optimal,545d8ca624cc
11,0.04,NDY,rolling,reset,model,1,10311.849956518901,10311.849956518901,22923986.37170847,22923986.3717085,-2.9802322387695312e-08,optimal,545d8ca624cc
11,0.04,NDY,rolling,reset,model,2,10311.849956518852,10210.983492594845,23788618.270284526,23788618.270284526,0.0,optimal,545d8ca624cc
11,0.04,NDY,rolling,reset,model,3,10311.849956518965,10096.384287235773,25235076.495823912,,,infeasible,545d8ca624cc
11,0.04,NDY,rolling,reset,model,4,10311.849956518903,9984.926656250813,26272901.4960937,,,infeasible,545d8ca624cc
11,0.04,NDY,rolling,reset,model,5,10311.849956518901,9861.122034818238,26832398.557081264,,,infeasible,545d8ca624cc
11,0.04,NDY,rolling,reset,model,6,10311.849956518903,9763.954726140579,26273989.892952237,,,infeasible,545d8ca624cc
11,0.04,NDY,rolling,reset,model,7,10311.849956518901,9664.46227989646,26087538.57604967,,,infeasible,545d8ca624cc
11,0.04,NDY,rolling,reset,model,8,10311.849956518903,9581.890358712102,26058067.72618224,,,infeasible,545d8ca624cc
11,0.04,NDY,rolling,reset,model,9,10311.849956518903,9500.199334477516,25614222.965024408,,,infeasible,545d8ca624cc
11,0.04,NDY,rolling,reset,model,10,10311.849956518903,9406.30240183133,25294893.81916087,,,infeasible,545d8ca624cc
11,0.04,NDY,rolling,reset,model,11,10311.849956518905,9326.174637754797,25081342.757809393,,,infeasible,545d8ca624cc
11,0.04,NDY,rolling,reset,model,12,10311.849956518889,9233.622506128871,24833038.345180232,,,infeasible,545d8ca624cc
11,0.04,NDY,rolling,reset,model,13,10311.849956518912,9131.893991054376,24747143.467158142,,,infeasible,545d8ca624cc
11,0.04,NDY,rolling,reset,model,14,10311.849956518901,9073.22071237774,24493965.289163966,,,infeasible,545d8ca624cc
11,0.04,NDY,rolling,reset,model,15,10311.849956518903,9019.676530736722,24645254.827561285,,,infeasible,545d8ca624cc
11,0.04,-10%,rolling,reset,model,1,15279.404434504424,15279.404434504424,27260583.961856186,27260583.961856186,0.0,optimal,545d8ca624cc
11,0.04,-10%,rolling,reset,model,2,13751.46399105398,13742.020622254056,26558944.35256982,26558944.35256982,0.0,optimal,545d8ca624cc
11,0.04,-10%,rolling,reset,model,3,12376.317591948582,12350.947345095105,26066599.498563897,26066599.498563897,0.0,optimal,545d8ca624cc
11,0.04,-10%,rolling,reset,model,4,11138.685832753727,11113.020409161814,25340383.059095632,25340383.059095632,0.0,optimal,545d8ca624cc
11,0.04,-10%,rolling,reset,model,5,10024.817249478354,10002.179865386737,24377599.83807414,24377599.83807414,0.0,optimal,545d8ca624cc
11,0.04,-10%,rolling,reset,model,6,9022.33552453052,9001.96187868041,22729349.010882616,22729349.010882616,0.0,optimal,545d8ca624cc
11,0.04,-10%,rolling,reset,model,7,8120.1019720774675,8120.1019703484635,21813834.801411625,21813834.801411625,0.0,optimal,545d8ca624cc
11,0.04,-10%,rolling,reset,model,8,7963.96612725487,7997.642560070227,21803558.972475793,21803558.972475793,0.0,optimal,545d8ca624cc
11,0.04,-10%,rolling,reset,model,9,7167.569514529384,7197.87830606129,21421970.933752615,21421970.933752615,0.0,optimal,545d8ca624cc
11,0.04,-10%,rolling,reset,model,10,6885.429757429386,7553.171849291294,22256542.907341942,22150738.82664776,105804.0806941837,suboptimal,545d8ca624cc
11,0.04,-10%,rolling,reset,model,11,9117.219929291748,8371.298560044728,23117214.36385284,,,infeasible,545d8ca624cc
11,0.04,-10%,rolling,reset,model,12,9292.126742960603,9398.363092518182,23276794.618240498,23273798.51837681,2996.099863689393,suboptimal,545d8ca624cc
11,0.04,-10%,rolling,reset,model,13,8643.41201456325,8487.253405253865,22025523.79745376,,,infeasible,545d8ca624cc
11,0.04,-10%,rolling,reset,model,14,7779.070813106924,7638.528066639156,21452045.30105209,,,infeasible,545d8ca624cc
11,0.04,-10%,rolling,reset,model,15,8354.725855556206,8260.642371079482,22031543.59706091,,,infeasible,545d8ca624cc
11,0.04,-20%,rolling,reset,model,1,18572.969742340185,18572.969742340185,28457198.03126588,28457198.03126588,0.0,optimal,545d8ca624cc
11,0.04,-20%,rolling,reset,model,2,14858.375793872146,14856.14269556666,25521636.926442202,25521636.926442202,0.0,optimal,545d8ca624cc
11,0.04,-20%,rolling,reset,model,3,11886.700635097719,11884.914156086195,23527406.952590346,23527406.952590346,0.0,optimal,545d8ca624cc
11,0.04,-20%,rolling,reset,model,4,9509.360508078176,9507.931326204427,21948549.727871154,21948549.727871154,0.0,optimal,545d8ca624cc
11,0.04,-20%,rolling,reset,model,5,7607.488406462539,7606.345058890128,21175279.30127434,21175279.30127434,0.0,optimal,545d8ca624cc
11,0.04,-20%,rolling,reset,model,6,6085.9907251700315,6085.076049009986,21036220.18751999,21036220.18751999,0.0,optimal,545d8ca624cc
11,0.04,-20%,rolling,reset,model,7,8631.597043593425,8631.597043593425,23213380.3918208,23213380.391820796,3.725290298461914e-09,optimal,545d8ca624cc
11,0.04,-20%,rolling,reset,model,8,8544.91730369093,8352.362003724382,23251383.553205438,,,infeasible,545d8ca624cc
11,0.04,-20%,rolling,reset,model,9,8508.093802457563,8785.280477584876,23132513.492956456,23100783.354493987,31730.13846246898,suboptimal,545d8ca624cc
11,0.04,-20%,rolling,reset,model,10,8428.246717613245,8514.451174868938,22727335.047129035,22727018.684408516,316.3627205193043,suboptimal,545d8ca624cc
11,0.04,-20%,rolling,reset,model,11,9211.925614689651,9045.944699914722,22548471.762029745,,,infeasible,545d8ca624cc
11,0.04,-20%,rolling,reset,model,12,8318.655365303062,8313.800447661539,21491300.062421136,21491300.062421136,0.0,optimal,545d8ca624cc
11,0.04,-20%,rolling,reset,model,13,7733.439458068975,7638.881719024088,20805172.4330444,,,infeasible,545d8ca624cc
11,0.04,-20%,rolling,reset,model,14,6186.751566455178,6111.105377940647,20807773.43403157,,,infeasible,545d8ca624cc
11,0.04,-20%,rolling,reset,model,15,8000.59893029575,8193.1542302623,23054059.737772826,23034361.412478395,19698.3252944313,suboptimal,545d8ca624cc
11,0.04,+/-10%,rolling,reset,model,1,15278.50117707537,15278.50117707537,27260007.316316035,27260007.316316035,0.0,optimal,545d8ca624cc
11,0.04,+/-10%,rolling,reset,model,2,13750.651059367838,13742.063593696801,26559054.31281399,26559054.312813994,-3.725290298461914e-09,optimal,545d8ca624cc
11,0.04,+/-10%,rolling,reset,model,3,12375.58595343105,12353.660076985641,26075732.879866928,26075732.879866928,0.0,optimal,545d8ca624cc
11,0.04,+/-10%,rolling,reset,model,4,11138.027358087951,11118.294069089006,25330302.69017832,25330302.69017779,5.289912223815918e-07,optimal,545d8ca624cc
11,0.04,+/-10%,rolling,reset,model,5,10024.22462227915,10006.464661425927,24353792.566822324,24353792.566817906,4.41819429397583e-06,optimal,545d8ca624cc
11,0.04,+/-10%,rolling,reset,model,6,9021.802160051237,9005.81819498446,22729158.46685578,22729158.466855783,-3.725290298461914e-09,optimal,545d8ca624cc
11,0.04,+/-10%,rolling,reset,model,7,8119.6219440461155,8119.621939280372,21778982.197787315,21778982.197787315,0.0,optimal,545d8ca624cc
11,0.04,+/-10%,rolling,reset,model,8,7816.524037072012,7909.316524937899,21751616.8134279,21749004.522749826,2612.2906780727208,suboptimal,545d8ca624cc
11,0.04,+/-10%,rolling,reset,model,9,7034.87163336481,7118.384871391742,21453196.963831402,21451215.758992773,1981.204838629812,suboptimal,545d8ca624cc
11,0.04,+/-10%,rolling,reset,model,10,7726.948746060673,7734.764950926754,22421490.2397326,22421490.2397326,0.0,optimal,545d8ca624cc
11,0.04,+/-10%,rolling,reset,model,11,8499.643620666737,8493.920829292421,23107118.282989603,23107118.282989603,0.0,optimal,545d8ca624cc
11,0.04,+/-10%,rolling,reset,model,12,9337.08869202412,9343.312914835735,23107588.33704637,23107588.337046374,-3.725290298461914e-09,optimal,545d8ca624cc
11,0.04,+/-10%,rolling,reset,model,13,8576.005711485985,8408.981622825224,21873335.861307684,,,infeasible,545d8ca624cc
11,0.04,+/-10%,rolling,reset,model,14,7729.679976154921,7568.08346432637,21296759.47580504,,,infeasible,545d8ca624cc
11,0.04,+/-10%,rolling,reset,model,15,8502.647973770414,7935.614377601649,21896601.30970335,,,infeasible,545d8ca624cc
11,0.04,+/-20%,rolling,reset,model,1,18565.572159766463,18565.572159766463,28432339.75901772,28432339.75901772,0.0,optimal,545d8ca624cc
11,0.04,+/-20%,rolling,reset,model,2,14852.457727813173,14850.248963823053,25412298.903837204,25412298.903837204,0.0,optimal,545d8ca624cc
11,0.04,+/-20%,rolling,reset,model,3,11881.966182250537,11880.263716355703,23379730.13682381,23379730.136823796,1.4901161193847656e-08,optimal,545d8ca624cc
11,0.04,+/-20%,rolling,reset,model,4,9505.572945800432,9473.981487166995,21844203.69940499,21844203.69940499,0.0,optimal,545d8ca624cc
11,0.04,+/-20%,rolling,reset,model,5,7604.458356640343,7579.185191704744,21073075.925868373,21073075.925868373,0.0,optimal,545d8ca624cc
11,0.04,+/-20%,rolling,reset,model,6,6083.566685312274,6155.1871486687205,20914748.71448121,20906548.173338458,8200.541142750531,suboptimal,545d8ca624cc
11,0.04,+/-20%,rolling,reset,model,7,7300.280022374731,7871.698776192319,22999628.549277768,22944068.91756285,55559.63171491772,suboptimal,545d8ca624cc
11,0.04,+/-20%,rolling,reset,model,8,8760.336026849674,8263.239866634705,23867751.514073916,,,infeasible,545d8ca624cc
11,0.04,+/-20%,rolling,reset,model,9,10512.40323221961,10259.817007864012,24204464.118023783,,,infeasible,545d8ca624cc
11,0.04,+/-20%,rolling,reset,model,10,8672.898798099246,9078.64066063511,22439189.747779533,22388021.668190602,51168.079588931054,suboptimal,545d8ca624cc
11,0.04,+/-20%,rolling,reset,model,11,8738.24319144756,8239.116887495775,21348948.274402995,,,infeasible,545d8ca624cc
11,0.04,+/-20%,rolling,reset,model,12,7894.980498264644,7884.506273884858,20828124.118157778,20828124.11815778,-3.725290298461914e-09,optimal,545d8ca624cc
11,0.04,+/-20%,rolling,reset,model,13,6315.984398611714,6400.420832841123,20380334.917751607,20379350.818719458,984.0990321487188,suboptimal,545d8ca624cc
11,0.04,+/-20%,rolling,reset,model,14,6959.117454826273,6671.055722750968,21692095.945732452,,,infeasible,545d8ca624cc
11,0.04,+/-20%,rolling,reset,model,15,8350.940945791528,8727.066341553835,23797647.591059804,23749992.223458126,47655.367601677775,suboptimal,545d8ca624cc
11,0.06,NHF,rolling,reset,model,1,34221.64093836575,34221.64093836575,21703802.01093139,21703802.01093139,0.0,optimal,545d8ca624cc
11,0.06,NHF,rolling,reset,model,2,6014.948217446189,6014.948217446189,8577039.470866567,8577039.470866567,0.0,optimal,545d8ca624cc
11,0.06,NHF,rolling,reset,model,3,6122.261781292247,6122.261781292247,9331134.605758918,9331134.605758918,0.0,optimal,545d8ca624cc
11,0.06,NHF,rolling,reset,model,4,5260.5527153018475,5260.5527153018475,10256010.375672447,10256010.375672447,0.0,optimal,545d8ca624cc
11,0.06,NHF,rolling,reset,model,5,5992.467902773608,5992.467902773608,11976232.764203656,11976232.764203656,0.0,optimal,545d8ca624cc
11,0.06,NHF,rolling,reset,model,6,4982.690370259982,4982.690370259982,13489533.173855944,13489533.173855944,0.0,optimal,545d8ca624cc
11,0.06,NHF,rolling,reset,model,7,11446.675743721527,11446.675743721527,17560379.76230287,17560379.76230287,0.0,optimal,545d8ca624cc
11,0.06,NHF,rolling,reset,model,8,11085.673060655372,11085.67306065537,16868351.29644023,16868351.29644023,0.0,optimal,545d8ca624cc
11,0.06,NHF,rolling,reset,model,9,12745.276400980654,12745.276400980654,15262542.609043622,15262542.609043622,0.0,optimal,545d8ca624cc
11,0.06,NHF,rolling,reset,model,10,5279.726070304441,5279.726070304441,10264528.535077605,10264528.535077605,0.0,optimal,545d8ca624cc
11,0.06,NHF,rolling,reset,model,11,6684.448904209863,6684.448904209863,11444371.468560476,11444371.468560476,0.0,optimal,545d8ca624cc
11,0.06,NHF,rolling,reset,model,12,4828.655707244149,4828.655707244149,11716440.391737267,11716440.391737267,0.0,optimal,545d8ca624cc
11,0.06,NHF,rolling,reset,model,13,11378.11603037301,11378.11603037301,14591052.684680138,14591052.684680138,0.0,optimal,545d8ca624cc
11,0.06,NHF,rolling,reset,model,14,3424.2111464448576,3424.2111464448576,11650645.792688152,11650645.792688152,0.0,optimal,545d8ca624cc
11,0.06,NHF,rolling,reset,model,15,11695.885031845239,11695.885031845239,16380256.654941177,16380256.654941177,0.0,optimal,545d8ca624cc
11,0.06,NDY,rolling,reset,model,1,10247.464660168218,10247.464660168218,13407656.024905559,13407656.024905559,0.0,optimal,545d8ca624cc
11,0.06,NDY,rolling,reset,model,2,10247.464660168223,10101.40735038591,13606768.57755418,13594182.209818987,12586.36773519218,suboptimal,545d8ca624cc
11,0.06,NDY,rolling,reset,model,3,10247.46466016822,9995.381560543798,14530268.179248543,,,infeasible,545d8ca624cc
11,0.06,NDY,rolling,reset,model,4,10247.464660168222,9876.520266305102,15477622.64534619,,,infeasible,545d8ca624cc
11,0.06,NDY,rolling,reset,model,5,10247.46466016822,9774.324717539403,16013272.364665188,,,infeasible,545d8ca624cc
11,0.06,NDY,rolling,reset,model,6,10247.46466016822,9659.857827751031,15871693.264791239,,,infeasible,545d8ca624cc
11,0.06,NDY,rolling,reset,model,7,10247.464660168216,9573.528135414792,15769324.308362188,,,infeasible,545d8ca624cc
11,0.06,NDY,rolling,reset,model,8,10247.46466016822,9430.581980111116,15847250.31467882,,,infeasible,545d8ca624cc
11,0.06,NDY,rolling,reset,model,9,10247.46466016822,9341.824904540592,15508640.868571233,,,infeasible,545d8ca624cc
11,0.06,NDY,rolling,reset,model,10,10247.464660168214,9287.232758688395,15001880.213996122,,,infeasible,545d8ca624cc
11,0.06,NDY,rolling,reset,model,11,10247.464660168222,9219.362259747231,14994359.872138942,,,infeasible,545d8ca624cc
11,0.06,NDY,rolling,reset,model,12,10247.464660168216,9137.88303122511,14886796.937251657,,,infeasible,545d8ca624cc
11,0.06,NDY,rolling,reset,model,13,10247.464660168218,9043.227094400827,14860991.34445597,,,infeasible,545d8ca624cc
11,0.06,NDY,rolling,reset,model,14,10247.464660168218,8950.299433002196,14758961.789726472,,,infeasible,545d8ca624cc
11,0.06,NDY,rolling,reset,model,15,10247.464660168216,8873.00133648342,14990721.325396659,,,infeasible,545d8ca624cc
11,0.06,-10%,rolling,reset,model,1,15250.916564358213,15250.916564358213,16937362.482002623,16937362.482002623,0.0,optimal,545d8ca624cc
11,0.06,-10%,rolling,reset,model,2,13725.82490792239,13687.877670481876,16496672.86390548,16496672.86390548,0.0,optimal,545d8ca624cc
11,0.06,-10%,rolling,reset,model,3,12353.242417130152,12286.675260276552,15989430.703903465,15989430.703903465,0.0,optimal,545d8ca624cc
11,0.06,-10%,rolling,reset,model,4,11117.918175417137,11041.852825555847,15697750.410424743,15697750.410424743,0.0,optimal,545d8ca624cc
11,0.06,-10%,rolling,reset,model,5,10006.126357875424,9936.968016592853,14999213.502132425,14999213.502132425,0.0,optimal,545d8ca624cc
11,0.06,-10%,rolling,reset,model,6,9005.513722087882,8943.271215957644,13786810.80219192,13786810.80219192,0.0,optimal,545d8ca624cc
11,0.06,-10%,rolling,reset,model,7,8104.962349879093,8104.962347873006,13185043.714025898,13185043.714025896,1.862645149230957e-09,optimal,545d8ca624cc
11,0.06,-10%,rolling,reset,model,8,7454.926494382864,7294.466111466937,13125393.439329797,,,infeasible,545d8ca624cc
11,0.06,-10%,rolling,reset,model,9,6709.433844944577,6982.366759040428,13489059.394662296,13443186.674212692,45872.720449604094,suboptimal,545d8ca624cc
11,0.06,-10%,rolling,reset,model,10,9353.713652292483,9560.433408498073,14634721.311624296,14602858.790681293,31862.520943002775,suboptimal,545d8ca624cc
11,0.06,-10%,rolling,reset,model,11,8418.342287063237,8917.651069907835,13852134.588760847,13757707.859440556,94426.72932029143,suboptimal,545d8ca624cc
11,0.06,-10%,rolling,reset,model,12,8326.531106480554,8025.885960577543,13082746.106233353,,,infeasible,545d8ca624cc
11,0.06,-10%,rolling,reset,model,13,8536.431085610997,7998.917860218979,12938827.82841988,,,infeasible,545d8ca624cc
11,0.06,-10%,rolling,reset,model,14,7682.787977049896,7199.026075115089,12674670.522238174,,,infeasible,545d8ca624cc
11,0.06,-10%,rolling,reset,model,15,7906.8886456239525,7666.193787180355,13541613.134611195,,,infeasible,545d8ca624cc
11,0.06,-20%,rolling,reset,model,1,18541.48080348613,18541.48080348613,18340026.056638617,18340026.056638617,0.0,optimal,545d8ca624cc
11,0.06,-20%,rolling,reset,model,2,14833.184642788903,14787.277413547154,16064494.732926892,16064494.732926892,0.0,optimal,545d8ca624cc
11,0.06,-20%,rolling,reset,model,3,11866.547714231121,11809.107288397092,14364730.466619536,14364730.466619536,0.0,optimal,545d8ca624cc
11,0.06,-20%,rolling,reset,model,4,9493.238171384899,9447.28583077709,13129900.306138055,13129900.306138052,3.725290298461914e-09,optimal,545d8ca624cc
11,0.06,-20%,rolling,reset,model,5,7594.590537107918,7557.828665155966,12366421.382244617,12366421.382244617,0.0,optimal,545d8ca624cc
11,0.06,-20%,rolling,reset,model,6,6075.672429686333,6046.262934955261,12271677.884000968,12271677.884000968,0.0,optimal,545d8ca624cc
11,0.06,-20%,rolling,reset,model,7,7871.698776192319,7871.698776192319,14076615.892039075,14076615.89203908,-3.725290298461914e-09,optimal,545d8ca624cc
11,0.06,-20%,rolling,reset,model,8,9110.873219796253,8956.539005876148,15007921.143860774,,,infeasible,545d8ca624cc
11,0.06,-20%,rolling,reset,model,9,8663.528024470876,9352.393223146903,14701525.726497935,14568208.298998114,133317.4274998214,suboptimal,545d8ca624cc
11,0.06,-20%,rolling,reset,model,10,9840.465712074032,8599.960514639226,13853659.507955246,,,infeasible,545d8ca624cc
11,0.06,-20%,rolling,reset,model,11,7872.372569659228,8727.181620489857,13588486.119509794,13365288.147680042,223197.9718297515,suboptimal,545d8ca624cc
11,0.06,-20%,rolling,reset,model,12,8442.925441549829,8467.404791877598,12776727.707083805,12776727.707083805,0.0,optimal,545d8ca624cc
11,0.06,-20%,rolling,reset,model,13,7233.76583624094,7052.750296096762,11926119.337280212,,,infeasible,545d8ca624cc
11,0.06,-20%,rolling,reset,model,14,5787.01266899275,5642.200233471403,12176820.817032589,,,infeasible,545d8ca624cc
11,0.06,-20%,rolling,reset,model,15,8775.5970265143,8929.931240434407,14605050.587241055,14589931.233237553,15119.354003502056,suboptimal,545d8ca624cc
11,0.06,+/-10%,rolling,reset,model,1,15245.16207428585,15245.16207428585,16936079.409553465,16936079.409553465,0.0,optimal,545d8ca624cc
11,0.06,+/-10%,rolling,reset,model,2,13720.645866857265,13680.327675719705,16466168.757155508,16466168.75715551,-1.862645149230957e-09,optimal,545d8ca624cc
11,0.06,+/-10%,rolling,reset,model,3,12348.581280171533,12285.204591863276,15986613.96742111,15986613.96742111,0.0,optimal,545d8ca624cc
11,0.06,+/-10%,rolling,reset,model,4,11113.723152154385,11038.519483270276,15732220.818388078,15732220.818388078,0.0,optimal,545d8ca624cc
11,0.06,+/-10%,rolling,reset,model,5,10002.350836938944,9931.549006898525,14995352.199498354,14995352.199498354,0.0,optimal,545d8ca624cc
11,0.06,+/-10%,rolling,reset,model,6,9002.115753245049,8938.39410640153,13789599.424739508,13789599.424739508,0.0,optimal,545d8ca624cc
11,0.06,+/-10%,rolling,reset,model,7,8101.904177920542,8101.904176029426,13222631.611288361,13222631.611288361,0.0,optimal,545d8ca624cc
11,0.06,+/-10%,rolling,reset,model,8,7291.713760128489,7291.71376096322,13195797.847519893,13195797.847519893,0.0,optimal,545d8ca624cc
11,0.06,+/-10%,rolling,reset,model,9,7678.242391296567,7803.107035098942,13618737.716261854,13608114.66126909,10623.054992765188,suboptimal,545d8ca624cc
11,0.06,+/-10%,rolling,reset,model,10,8446.066630426223,8442.658777990233,13806677.227485005,13806677.227485009,-3.725290298461914e-09,optimal,545d8ca624cc
11,0.06,+/-10%,rolling,reset,model,11,8027.892107817446,8531.307111526594,13811862.92743185,13713053.214810284,98809.71262156591,suboptimal,545d8ca624cc
11,0.06,+/-10%,rolling,reset,model,12,8830.681318599189,8382.825335750864,13494583.17309811,,,infeasible,545d8ca624cc
11,0.06,+/-10%,rolling,reset,model,13,8502.989695085518,8281.537063913962,13209156.725992627,,,infeasible,545d8ca624cc
11,0.06,+/-10%,rolling,reset,model,14,7652.690725576964,7453.38335356835,12790707.979341868,,,infeasible,545d8ca624cc
11,0.06,+/-10%,rolling,reset,model,15,8334.553770979433,8024.748123444246,13460353.350834137,,,infeasible,545d8ca624cc
11,0.06,+/-20%,rolling,reset,model,1,18528.609324596484,18528.609324596484,18334404.966938376,18334404.966938376,0.0,optimal,545d8ca624cc
11,0.06,+/-20%,rolling,reset,model,2,14822.887459677184,14794.658645100684,16022801.453471351,16022801.453471351,0.0,optimal,545d8ca624cc
11,0.06,+/-20%,rolling,reset,model,3,11858.309967741749,11817.96355258704,14400296.815616826,14400296.815616826,0.0,optimal,545d8ca624cc
11,0.06,+/-20%,rolling,reset,model,4,9486.6479741934,9454.370841805612,13100406.700940663,13100406.700940663,0.0,optimal,545d8ca624cc
11,0.06,+/-20%,rolling,reset,model,5,7589.318379354718,7460.173142488641,12292513.61381026,12292105.583805725,408.0300045348704,suboptimal,545d8ca624cc
11,0.06,+/-20%,rolling,reset,model,6,6071.454703483774,6176.615219092754,12258980.72464979,12221956.604542954,37024.12010683678,suboptimal,545d8ca624cc
11,0.06,+/-20%,rolling,reset,model,7,7285.745644180532,7532.993098530547,13920273.856595192,13865587.761775985,54686.094819206744,suboptimal,545d8ca624cc
11,0.06,+/-20%,rolling,reset,model,8,8742.894773016636,8744.656376510373,15142640.463515444,15142640.463515444,0.0,optimal,545d8ca624cc
11,0.06,+/-20%,rolling,reset,model,9,10491.473727619965,10020.299096091327,15202059.73437305,,,infeasible,545d8ca624cc
11,0.06,+/-20%,rolling,reset,model,10,9490.102742060615,9490.677979211272,14036335.644457983,14036335.644457983,0.0,optimal,545d8ca624cc
11,0.06,+/-20%,rolling,reset,model,11,7592.082193648494,7592.542384091333,12670841.040067893,12670841.040067893,0.0,optimal,545d8ca624cc
11,0.06,+/-20%,rolling,reset,model,12,8427.764043500467,8403.012242492245,12581614.616519213,12581614.616519213,0.0,optimal,545d8ca624cc
11,0.06,+/-20%,rolling,reset,model,13,6742.211234800373,6315.289438615699,11681587.231301345,11654829.963434463,26757.267866881564,suboptimal,545d8ca624cc
11,0.06,+/-20%,rolling,reset,model,14,5785.6914856263165,6473.077685321788,12642429.842685983,11967823.436575936,674606.4061100464,suboptimal,545d8ca624cc
11,0.06,+/-20%,rolling,reset,model,15,6942.829782751582,8926.250536981315,14669545.652550582,13867488.96481694,802056.6877336428,suboptimal,545d8ca624cc
12,0.0,NHF,rolling,reset,model,1,2665.173456623333,2665.173456623333,223603590.42311856,223603590.42311856,0.0,optimal,545d8ca624cc
12,0.0,NHF,rolling,reset,model,2,2548.03567517,468.6175532266667,234830570.45890096,234736235.08449417,94335.37440678477,suboptimal,545d8ca624cc
12,0.0,NHF,rolling,reset,model,3,6960.440073583011,111.776886,247781607.290037,247418345.23164314,363262.0583938658,suboptimal,545d8ca624cc
12,0.0,NHF,rolling,reset,model,4,5076.1695731925,9782.44434688126,259934289.5420504,252086302.04261798,7847987.499432415,suboptimal,545d8ca624cc
12,0.0,NHF,rolling,reset,model,5,26945.172191049183,15535.5459595234,259099442.40675014,259099442.40675014,0.0,optimal,545d8ca624cc
12,0.0,NHF,rolling,reset,model,6,8405.81480124856,8669.13424528638,249766398.0248054,249759494.3537325,6903.671072900295,suboptimal,545d8ca624cc
12,0.0,NHF,rolling,reset,model,7,21035.43788842252,6681.094407858253,248406972.6958688,248406972.6958688,0.0,optimal,545d8ca624cc
12,0.0,NHF,rolling,reset,model,8,11081.572867401639,11982.336136694483,249761226.691159,249730804.407564,30422.283594995737,suboptimal,545d8ca624cc
12,0.0,NHF,rolling,reset,model,9,5354.972189918042,9882.692278830144,244177563.89399672,243873338.95441958,304224.93957713246,suboptimal,545d8ca624cc
12,0.0,NHF,rolling,reset,model,10,124.64459534,10941.070516571324,241206372.75233337,226767166.45418468,14439206.298148692,suboptimal,545d8ca624cc
12,0.0,NHF,rolling,reset,model,11,937.8942569699999,11152.05964091234,236678940.6678264,227760172.01645485,8918768.651371568,suboptimal,545d8ca624cc
12,0.0,NHF,rolling,reset,model,12,838.2761846824999,7380.619901449475,231855157.12396732,223670419.11189443,8184738.012072891,suboptimal,545d8ca624cc
12,0.0,NHF,rolling,reset,model,13,1676.77525682,9786.683074793911,231715509.31385982,223757538.7278818,7957970.585978031,suboptimal,545d8ca624cc
12,0.0,NHF,rolling,reset,model,14,5875.717557952954,7661.739611493127,228846853.00504857,228780332.96509778,66520.03995078802,suboptimal,545d8ca624cc
12,0.0,NHF,rolling,reset,model,15,72634.17977932579,8536.484868173684,230783198.72063,,,infeasible,545d8ca624cc
12,0.0,NDY,rolling,reset,model,1,10002.80758394748,10002.80758394748,188812830.43726012,188812830.43726006,5.960464477539063e-08,optimal,545d8ca624cc
12,0.0,NDY,rolling,reset,model,2,10002.807583947482,10002.807583947477,193034635.28566444,193034635.28566447,-2.9802322387695312e-08,optimal,545d8ca624cc
12,0.0,NDY,rolling,reset,model,3,10002.807583947479,9634.681271900266,195958508.1008066,195907720.83317357,50787.26763302088,suboptimal,545d8ca624cc
12,0.0,NDY,rolling,reset,model,4,10002.807583947477,8964.080532913129,197420956.80902112,197067156.83743706,353799.97158405185,suboptimal,545d8ca624cc
12,0.0,NDY,rolling,reset,model,5,10002.80758394748,9041.594460525688,198340766.3619591,198100723.4367573,240042.92520180345,suboptimal,545d8ca624cc
12,0.0,NDY,rolling,reset,model,6,10002.807583947491,8986.13136445727,197665882.75417018,197390314.46223104,275568.29193913937,suboptimal,545d8ca624cc
12,0.0,NDY,rolling,reset,model,7,10002.80758394747,8874.949857279069,197150533.78949973,196809782.29265153,340751.4968481958,suboptimal,545d8ca624cc
12,0.0,NDY,rolling,reset,model,8,10002.80758394749,8896.99460847567,197268094.40641212,196894881.76065204,373212.64576008916,suboptimal,545d8ca624cc
12,0.0,NDY,rolling,reset,model,9,10002.807583947479,8952.67046954882,197399792.82247812,197088985.89114898,310806.9313291311,suboptimal,545d8ca624cc
12,0.0,NDY,rolling,reset,model,10,10002.807583947484,8880.406491167267,197683311.7260626,197335843.757214,347467.9688485861,suboptimal,545d8ca624cc
12,0.0,NDY,rolling,reset,model,11,10002.80758394748,8990.756817640671,197401456.64540192,197144212.7780291,257243.86737281084,suboptimal,545d8ca624cc
12,0.0,NDY,rolling,reset,model,12,10002.807583947488,8874.186155684212,197153787.39801067,196686459.47542566,467327.9225850105,suboptimal,545d8ca624cc
12,0.0,NDY,rolling,reset,model,13,10002.807583947471,8961.75718246368,197346330.80743027,197041695.76049313,304635.04693713784,suboptimal,545d8ca624cc
12,0.0,NDY,rolling,reset,model,14,10002.807583947477,9041.885887234765,197728808.62836203,197521176.79509136,207631.83327066898,suboptimal,545d8ca624cc
12,0.0,NDY,rolling,reset,model,15,10002.807583947479,8939.594611674689,198256750.24908355,197935804.08514544,320946.1639381051,suboptimal,545d8ca624cc
12,0.0,-10%,rolling,reset,model,1,3331.8845531381216,3331.8845531381216,200333001.35236117,200333001.3523612,-2.9802322387695312e-08,optimal,545d8ca624cc
12,0.0,-10%,rolling,reset,model,2,2998.696097824309,3423.3182704011533,209357155.2459917,209352718.03186902,4437.21412268281,suboptimal,545d8ca624cc
12,0.0,-10%,rolling,reset,model,3,3736.6003833574996,3758.4272340919197,218193629.0163315,218193629.0163315,0.0,optimal,545d8ca624cc
12,0.0,-10%,rolling,reset,model,4,15341.198291301243,15414.711845885899,226325068.91852978,226325068.91852978,0.0,optimal,545d8ca624cc
12,0.0,-10%,rolling,reset,model,5,13807.078462171121,13748.442121962138,220501256.15700668,220501256.15700665,2.9802322387695312e-08,optimal,545d8ca624cc
12,0.0,-10%,rolling,reset,model,6,12426.370615954005,12513.841377258144,214326859.70568287,214326859.70568287,0.0,optimal,545d8ca624cc
12,0.0,-10%,rolling,reset,model,7,11183.733554358607,11511.902046239258,209048475.603958,209047287.52955958,1188.0743984282017,suboptimal,545d8ca624cc
12,0.0,-10%,rolling,reset,model,8,10065.360198922746,10337.907361788219,205816031.973403,205815327.83292562,704.1404773890972,suboptimal,545d8ca624cc
12,0.0,-10%,rolling,reset,model,9,9058.824179030473,9628.2707398929,203690827.00185326,203683759.2192911,7067.782562166452,suboptimal,545d8ca624cc
12,0.0,-10%,rolling,reset,model,10,10898.53966976661,9489.81969536299,203162236.8578606,202843696.38424876,318540.47361183167,suboptimal,545d8ca624cc
12,0.0,-10%,rolling,reset,model,11,15245.858228848465,9041.884220450866,202316911.64375576,,,infeasible,545d8ca624cc
12,0.0,-10%,rolling,reset,model,12,13721.272405963613,8158.902302283425,202197741.7511315,193049502.77712062,9148238.974010885,suboptimal,545d8ca624cc
12,0.0,-10%,rolling,reset,model,13,12349.14516536726,6839.355343312199,203322314.97785437,199932600.19214806,3389714.7857063115,suboptimal,545d8ca624cc
12,0.0,-10%,rolling,reset,model,14,11114.23064883053,4831.708201771196,206041958.36381996,204822506.2991407,1219452.064679265,suboptimal,545d8ca624cc
12,0.0,-10%,rolling,reset,model,15,10002.807583947477,8124.778665327739,211413823.80187723,211334004.51541397,79819.28646326065,suboptimal,545d8ca624cc
12,0.0,-20%,rolling,reset,model,1,2959.894544295,2959.894544295,202446895.6617003,202446895.6617003,0.0,optimal,545d8ca624cc
12,0.0,-20%,rolling,reset,model,2,2367.915635436,1461.74986986,211945683.21617013,211945430.20296973,253.01320040225983,suboptimal,545d8ca624cc
12,0.0,-20%,rolling,reset,model,3,2895.5746162399996,2895.5746162399996,222670900.5116081,222670900.5116081,0.0,optimal,545d8ca624cc
12,0.0,-20%,rolling,reset,model,4,16325.752405940271,16789.571569967866,232069843.07623717,232067179.8377777,2663.238459467888,suboptimal,545d8ca624cc
12,0.0,-20%,rolling,reset,model,5,16618.064411600746,16766.347917416708,224859956.07261568,224859956.07261568,0.0,optimal,545d8ca624cc
12,0.0,-20%,rolling,reset,model,6,13294.451529280597,11463.496551021532,214877834.35911146,214861963.15246817,15871.206643283367,suboptimal,545d8ca624cc
12,0.0,-20%,rolling,reset,model,7,10635.561223424478,7814.771474364545,211165969.63997132,211142226.49896866,23743.14100265503,suboptimal,545d8ca624cc
12,0.0,-20%,rolling,reset,model,8,8508.448978739583,10658.170308439512,212903132.77292547,212824829.9650687,78302.80785676837,suboptimal,545d8ca624cc
12,0.0,-20%,rolling,reset,model,9,6806.759182991667,13074.862839535139,210666903.58761075,210423844.51476333,243059.07284742594,suboptimal,545d8ca624cc
12,0.0,-20%,rolling,reset,model,10,8340.629038497906,10889.284009206202,205458237.06885388,205413385.80898926,44851.259864628315,suboptimal,545d8ca624cc
12,0.0,-20%,rolling,reset,model,11,9924.337152303935,8226.007332230085,202142016.4108089,202128527.4828366,13488.92797228694,suboptimal,545d8ca624cc
12,0.0,-20%,rolling,reset,model,12,19536.73356239742,8296.289081972724,202851533.99405932,,,infeasible,545d8ca624cc
12,0.0,-20%,rolling,reset,model,13,15629.386849917932,6780.038941133753,203361055.73096073,198197392.92314836,5163662.807812363,suboptimal,545d8ca624cc
12,0.0,-20%,rolling,reset,model,14,12503.50947993435,3520.7740430325002,206399669.94460237,205447745.57220215,951924.3724002242,suboptimal,545d8ca624cc
12,0.0,-20%,rolling,reset,model,15,10002.807583947477,5361.162147605,213675669.56118158,213610626.84769174,65042.713489830494,suboptimal,545d8ca624cc
12,0.0,+/-10%,rolling,reset,model,1,6252.496283576356,6252.496283576356,199320874.6416796,199320874.64167958,2.9802322387695312e-08,optimal,545d8ca624cc
12,0.0,+/-10%,rolling,reset,model,2,6877.745911933993,7259.100503867608,205778731.492493,205742217.65816453,36513.834328472614,suboptimal,545d8ca624cc
12,0.0,+/-10%,rolling,reset,model,3,7565.520503127392,8161.789029269689,210669404.89548707,210606546.44198132,62858.45350575447,suboptimal,545d8ca624cc
12,0.0,+/-10%,rolling,reset,model,4,8322.072553440132,9280.318905077293,213673498.1408427,213592013.01992714,81485.12091556191,suboptimal,545d8ca624cc
12,0.0,+/-10%,rolling,reset,model,5,9154.279808784146,10973.020897762684,214764726.54264686,214684608.39950606,80118.14314079285,suboptimal,545d8ca624cc
12,0.0,+/-10%,rolling,reset,model,6,10069.707789662561,11697.83803902759,212140275.40766355,212126214.5126976,14060.894965946674,suboptimal,545d8ca624cc
12,0.0,+/-10%,rolling,reset,model,7,11076.678568628819,9875.373593480352,208449635.34928697,208439558.36463207,10076.984654903412,suboptimal,545d8ca624cc
12,0.0,+/-10%,rolling,reset,model,8,10764.428695090272,10287.619206750882,207208471.87109157,207178716.9156944,29754.955397188663,suboptimal,545d8ca624cc
12,0.0,+/-10%,rolling,reset,model,9,11840.871564599296,9417.303583497707,205415879.99295917,203919082.05232784,1496797.94063133,suboptimal,545d8ca624cc
12,0.0,+/-10%,rolling,reset,model,10,13024.95872105923,9051.69657158103,205063785.82631394,201064166.89243138,3999618.9338825643,suboptimal,545d8ca624cc
12,0.0,+/-10%,rolling,reset,model,11,14327.454593165152,8825.277861024239,204972228.47558016,193638278.3679695,11333950.107610643,suboptimal,545d8ca624cc
12,0.0,+/-10%,rolling,reset,model,12,13721.272405963622,8121.824402027201,204687376.65267238,197950318.74224427,6737057.910428107,suboptimal,545d8ca624cc
12,0.0,+/-10%,rolling,reset,model,13,12349.145165367261,8606.055768178747,206006169.3579711,203554427.59613487,2451741.7618362308,suboptimal,545d8ca624cc
12,0.0,+/-10%,rolling,reset,model,14,11114.230648830535,6985.021379436457,206727755.94506595,205802886.08145082,924869.8636151254,suboptimal,545d8ca624cc
12,0.0,+/-10%,rolling,reset,model,15,10002.807583947479,8925.999310582332,209235754.76116678,209206099.8423959,29654.918770879507,suboptimal,545d8ca624cc
12,0.0,+/-20%,rolling,reset,model,1,5216.873627654687,5216.873627654687,201417001.34464952,201417001.34464955,-2.9802322387695312e-08,optimal,545d8ca624cc
12,0.0,+/-20%,rolling,reset,model,2,6260.248353185625,6245.390896177189,208856596.15386853,208856596.1538685,2.9802322387695312e-08,optimal,545d8ca624cc
12,0.0,+/-20%,rolling,reset,model,3,7512.2980238227465,8241.928352813713,214870079.252297,214830095.99532607,39983.25697094202,suboptimal,545d8ca624cc
12,0.0,+/-20%,rolling,reset,model,4,9014.757628587296,10674.827528241934,218438600.30963525,218343518.87174347,95081.43789178133,suboptimal,545d8ca624cc
12,0.0,+/-20%,rolling,reset,model,5,10817.70915430476,13778.746891219183,217815290.293036,217746172.11631933,69118.1767166853,suboptimal,545d8ca624cc
12,0.0,+/-20%,rolling,reset,model,6,12981.250985165703,9739.124685698836,210918965.56626815,210856700.84201428,62264.724253863096,suboptimal,545d8ca624cc
12,0.0,+/-20%,rolling,reset,model,7,10385.000788132564,9172.918993344545,209628699.1501242,209621585.03263205,7114.117492139339,suboptimal,545d8ca624cc
12,0.0,+/-20%,rolling,reset,model,8,8308.000630506054,10336.913693713974,209128897.47515026,209048215.58969367,80681.88545659184,suboptimal,545d8ca624cc
12,0.0,+/-20%,rolling,reset,model,9,9108.644986708436,12147.103662963562,207815945.3011541,207757701.47118908,58243.82996502519,suboptimal,545d8ca624cc
12,0.0,+/-20%,rolling,reset,model,10,10930.373984050124,10063.61599503343,204283935.5619523,204251142.3851038,32793.17684850097,suboptimal,545d8ca624cc
12,0.0,+/-20%,rolling,reset,model,11,13116.448780860144,7831.326555782584,202564504.0144189,200266729.98364285,2297774.0307760537,suboptimal,545d8ca624cc
12,0.0,+/-20%,rolling,reset,model,12,15739.738537032174,7336.135910823814,203692543.74173504,196972862.6516105,6719681.0901245475,suboptimal,545d8ca624cc
12,0.0,+/-20%,rolling,reset,model,13,15629.386849917924,6668.951400286479,205387846.6357681,200299629.55516118,5088217.080606908,suboptimal,545d8ca624cc
12,0.0,+/-20%,rolling,reset,model,14,12503.509479934348,5858.455287124067,208352834.00077492,207784819.51379022,568014.4869847,suboptimal,545d8ca624cc
12,0.0,+/-20%,rolling,reset,model,15,10002.807583947477,7466.967542934393,212699414.5317221,212665971.07777566,33443.45394644141,suboptimal,545d8ca624cc
12,0.02,NHF,rolling,reset,model,1,29900.28073532639,29900.28073532639,54034282.09871075,54034282.09871075,0.0,optimal,545d8ca624cc
12,0.02,NHF,rolling,reset,model,2,4356.223112434282,4930.324571333324,40009190.980660185,40006760.40236727,2430.578292913735,suboptimal,545d8ca624cc
12,0.02,NHF,rolling,reset,model,3,7045.0609826009,6586.976904777204,44573911.3643014,44572516.00726964,1395.3570317551494,suboptimal,545d8ca624cc
12,0.02,NHF,rolling,reset,model,4,3850.5403157007104,5012.272320222981,47560270.36088451,47553872.88880953,6397.472074978054,suboptimal,545d8ca624cc
12,0.02,NHF,rolling,reset,model,5,16402.335850912947,14761.70536485662,52440089.427059636,,,infeasible,545d8ca624cc
12,0.02,NHF,rolling,reset,model,6,5491.554569323195,5491.554569323195,44471204.736553095,44471204.736553095,0.0,optimal,545d8ca624cc
12,0.02,NHF,rolling,reset,model,7,10118.903002256027,10118.90300225603,47455374.86541808,47455374.86541808,0.0,optimal,545d8ca624cc
12,0.02,NHF,rolling,reset,model,8,9099.327319391326,9099.327319391326,45636228.54944239,45636228.54944239,0.0,optimal,545d8ca624cc
12,0.02,NHF,rolling,reset,model,9,9350.545107769842,8911.69295563502,43951189.25279782,,,infeasible,545d8ca624cc
12,0.02,NHF,rolling,reset,model,10,2468.3219216635907,3337.085185138934,41991641.52197596,41927043.5019482,64598.02002775669,suboptimal,545d8ca624cc
12,0.02,NHF,rolling,reset,model,11,5151.517158884209,9173.243209766979,47870233.37667706,47593860.88774017,276372.4889368862,suboptimal,545d8ca624cc
12,0.02,NHF,rolling,reset,model,12,8664.1272743836,5147.492995057009,46725225.3310082,,,infeasible,545d8ca624cc
12,0.02,NHF,rolling,reset,model,13,14298.26293020365,15845.586869217439,50381711.71733595,50300683.56387507,81028.15346087515,suboptimal,545d8ca624cc
12,0.02,NHF,rolling,reset,model,14,7027.156107357288,3922.820324391069,40938299.09127022,,,infeasible,545d8ca624cc
12,0.02,NHF,rolling,reset,model,15,11513.826764852467,9109.931579196338,45628813.19745109,,,infeasible,545d8ca624cc
12,0.02,NDY,rolling,reset,model,1,10002.807583947477,10002.807583947477,49687632.59417848,49687632.5941785,-1.4901161193847656e-08,optimal,545d8ca624cc
12,0.02,NDY,rolling,reset,model,2,10002.807583947479,10002.807583947479,51703957.068959594,51703957.06895956,3.725290298461914e-08,optimal,545d8ca624cc
12,0.02,NDY,rolling,reset,model,3,10002.807583947479,9994.544053323496,54015454.46271132,54015454.462701045,1.0274350643157959e-05,optimal,545d8ca624cc
12,0.02,NDY,rolling,reset,model,4,10002.80758394748,9881.562202779003,55669894.015511446,,,infeasible,545d8ca624cc
12,0.02,NDY,rolling,reset,model,5,10002.80758394748,9776.440520883481,56309257.59471399,,,infeasible,545d8ca624cc
12,0.02,NDY,rolling,reset,model,6,10002.807583947477,9677.77902771606,55113289.08396667,,,infeasible,545d8ca624cc
12,0.02,NDY,rolling,reset,model,7,10002.807583947477,9577.489192629038,54537921.93576528,,,infeasible,545d8ca624cc
12,0.02,NDY,rolling,reset,model,8,10002.807583947479,9486.243453017709,54044209.69889157,,,infeasible,545d8ca624cc
12,0.02,NDY,rolling,reset,model,9,10002.807583947477,9402.870767996521,53795531.55560575,,,infeasible,545d8ca624cc
12,0.02,NDY,rolling,reset,model,10,10002.807583947479,9333.40066879106,53511194.49282585,,,infeasible,545d8ca624cc
12,0.02,NDY,rolling,reset,model,11,10002.807583947477,9266.679095994667,52972439.87573705,,,infeasible,545d8ca624cc
12,0.02,NDY,rolling,reset,model,12,10002.80758394748,9200.720113431242,52586288.27640992,,,infeasible,545d8ca624cc
12,0.02,NDY,rolling,reset,model,13,10002.807583947479,9148.145893959601,52276412.47666326,,,infeasible,545d8ca624cc
12,0.02,NDY,rolling,reset,model,14,10002.807583947477,9100.762145492066,52258710.22499153,,,infeasible,545d8ca624cc
12,0.02,NDY,rolling,reset,model,15,10002.807583947477,9053.851100366252,51924862.963483155,,,infeasible,545d8ca624cc
12,0.02,-10%,rolling,reset,model,1,15057.25807434001,15057.25807434001,53536253.96448108,53536253.96448108,0.0,optimal,545d8ca624cc
12,0.02,-10%,rolling,reset,model,2,13551.532266906017,13557.930045255236,52634033.13167835,52634033.13167835,0.0,optimal,545d8ca624cc
12,0.02,-10%,rolling,reset,model,3,12196.379040215408,12199.341642541647,51063131.090664834,51063131.090664834,0.0,optimal,545d8ca624cc
12,0.02,-10%,rolling,reset,model,4,10976.741136193867,10975.585362774758,49678502.180870876,49678502.18087087,7.450580596923828e-09,optimal,545d8ca624cc
12,0.02,-10%,rolling,reset,model,5,9879.067022574478,9868.542970387176,47843380.02629672,47843380.02629672,0.0,optimal,545d8ca624cc
12,0.02,-10%,rolling,reset,model,6,8891.160320317034,8881.688673991472,45644754.62220435,45644754.62220435,0.0,optimal,545d8ca624cc
12,0.02,-10%,rolling,reset,model,7,8002.044288285331,7993.519810155295,44077395.40262153,44077395.40262153,0.0,optimal,545d8ca624cc
12,0.02,-10%,rolling,reset,model,8,7432.990961740421,7193.752078037531,44180623.22050731,,,infeasible,545d8ca624cc
12,0.02,-10%,rolling,reset,model,9,6689.691865566379,6474.376869637799,44696689.37862229,,,infeasible,545d8ca624cc
12,0.02,-10%,rolling,reset,model,10,6020.72267900974,7523.09433695569,46605339.765495256,46511438.654843554,93901.11065170169,suboptimal,545d8ca624cc
12,0.02,-10%,rolling,reset,model,11,5481.799774034385,7406.268592657603,47283218.22573184,47121025.59335207,162192.63237977028,suboptimal,545d8ca624cc
12,0.02,-10%,rolling,reset,model,12,11464.453721214846,9087.422951181992,48270618.2217189,,,infeasible,545d8ca624cc
12,0.02,-10%,rolling,reset,model,13,10318.00834909335,9749.963269993483,47334369.07147896,,,infeasible,545d8ca624cc
12,0.02,-10%,rolling,reset,model,14,11114.230648830531,8774.96694708613,45381738.097819895,,,infeasible,545d8ca624cc
12,0.02,-10%,rolling,reset,model,15,10002.807583947475,7914.500772919718,44347702.21128384,,,infeasible,545d8ca624cc
12,0.02,-20%,rolling,reset,model,1,17905.245355865776,17905.245355865776,53714015.33939357,53714015.33939357,0.0,optimal,545d8ca624cc
12,0.02,-20%,rolling,reset,model,2,14324.196284692622,14169.35426172165,50291732.5059804,50291709.159593955,23.346386447548866,optimal,545d8ca624cc
12,0.02,-20%,rolling,reset,model,3,11459.3570277541,11330.031434058254,47643774.9202137,47643771.625632174,3.294581525027752,optimal,545d8ca624cc
12,0.02,-20%,rolling,reset,model,4,9167.485622203278,9261.17264802787,46356543.23917683,46356536.43150049,6.80767634510994,optimal,545d8ca624cc
12,0.02,-20%,rolling,reset,model,5,8631.80679058193,8804.447520587608,46009988.34575951,46004913.40970412,5074.936055392027,suboptimal,545d8ca624cc
12,0.02,-20%,rolling,reset,model,6,6905.4454324655435,7043.558016188195,44922661.88173208,44920790.25914757,1871.6225845068693,suboptimal,545d8ca624cc
12,0.02,-20%,rolling,reset,model,7,8413.24354831767,8413.243547022334,45491088.12469625,45491088.12469625,0.0,optimal,545d8ca624cc
12,0.02,-20%,rolling,reset,model,8,8123.699770179138,7896.606672873321,45420621.13381062,,,infeasible,545d8ca624cc
12,0.02,-20%,rolling,reset,model,9,6498.959816143309,6317.285331958611,45321923.48698579,,,infeasible,545d8ca624cc
12,0.02,-20%,rolling,reset,model,10,5838.27614101974,8244.665416999429,47345973.209844515,47157520.32107133,188452.888773188,suboptimal,545d8ca624cc
12,0.02,-20%,rolling,reset,model,11,8511.744607209162,8290.326194172507,47293210.301867194,,,infeasible,545d8ca624cc
12,0.02,-20%,rolling,reset,model,12,11022.430305580057,9467.378070940244,47216369.154816315,,,infeasible,545d8ca624cc
12,0.02,-20%,rolling,reset,model,13,8817.944244464046,8808.305440150973,45669136.000720985,45669136.000720985,0.0,optimal,545d8ca624cc
12,0.02,-20%,rolling,reset,model,14,10344.223611126075,7046.644354169523,44471292.770364635,,,infeasible,545d8ca624cc
12,0.02,-20%,rolling,reset,model,15,10002.807583947475,8935.893021365142,45583332.68213948,,,infeasible,545d8ca624cc
12,0.02,+/-10%,rolling,reset,model,1,15051.283802675363,15051.283802675363,53519002.836658016,53519002.836658016,0.0,optimal,545d8ca624cc
12,0.02,+/-10%,rolling,reset,model,2,13546.15542240783,13560.187567739715,52634490.19689218,52634490.19689218,0.0,optimal,545d8ca624cc
12,0.02,+/-10%,rolling,reset,model,3,12191.539880167047,12195.204901633439,51073440.4051184,51073440.4051184,0.0,optimal,545d8ca624cc
12,0.02,+/-10%,rolling,reset,model,4,10972.385892150338,10972.059977271012,49682640.44710808,49682640.44710808,0.0,optimal,545d8ca624cc
12,0.02,+/-10%,rolling,reset,model,5,9875.147302935306,9860.429688313257,47833937.08224975,47833937.082249746,7.450580596923828e-09,optimal,545d8ca624cc
12,0.02,+/-10%,rolling,reset,model,6,8887.632572641778,8874.386718865635,45672049.99364334,45672049.99364334,0.0,optimal,545d8ca624cc
12,0.02,+/-10%,rolling,reset,model,7,7998.869315377601,7986.948046117084,44072682.94752441,44072682.94752441,0.0,optimal,545d8ca624cc
12,0.02,+/-10%,rolling,reset,model,8,7198.98238383984,7277.809429097383,44213082.903480895,44212695.37543846,387.52804243564606,suboptimal,545d8ca624cc
12,0.02,+/-10%,rolling,reset,model,9,6519.806040907411,6550.028489969935,44622689.98263644,44622689.98263644,0.0,optimal,545d8ca624cc
12,0.02,+/-10%,rolling,reset,model,10,7171.786644998152,7162.077170958284,46455023.69454434,46455023.69454434,0.0,optimal,545d8ca624cc
12,0.02,+/-10%,rolling,reset,model,11,7888.965309497968,7878.284888218739,47511922.686082326,47511922.686082326,0.0,optimal,545d8ca624cc
12,0.02,+/-10%,rolling,reset,model,12,8677.861840447764,9054.687021745405,47981948.56982813,47961386.84543322,20561.724394910038,suboptimal,545d8ca624cc
12,0.02,+/-10%,rolling,reset,model,13,9545.64802449254,9463.507199420948,47044120.29798684,47044120.297986835,7.450580596923828e-09,optimal,545d8ca624cc
12,0.02,+/-10%,rolling,reset,model,14,10500.212826941797,8517.15648082784,45396948.69103411,,,infeasible,545d8ca624cc
12,0.02,+/-10%,rolling,reset,model,15,10002.807583947477,8059.34297576576,44655644.47952113,,,infeasible,545d8ca624cc
12,0.02,+/-20%,rolling,reset,model,1,17908.047685960482,17908.047685960482,53711501.1993589,53711501.199358895,7.450580596923828e-09,optimal,545d8ca624cc
12,0.02,+/-20%,rolling,reset,model,2,14326.438148768388,14176.74575914959,50280699.13478309,50280681.49228426,17.642498828470707,optimal,545d8ca624cc
12,0.02,+/-20%,rolling,reset,model,3,11461.150519014713,11318.03866678638,47641728.8594077,47641569.301525354,159.55788234621286,suboptimal,545d8ca624cc
12,0.02,+/-20%,rolling,reset,model,4,9168.920415211767,9251.578433519067,46369339.89407232,46369339.89407232,0.0,optimal,545d8ca624cc
12,0.02,+/-20%,rolling,reset,model,5,8622.0063107189,8804.403445105501,46016711.93235468,46010142.14049616,6569.791858524084,suboptimal,545d8ca624cc
12,0.02,+/-20%,rolling,reset,model,6,6897.60504857512,7043.522759099822,44933302.29038147,44930677.220351726,2625.0700297430158,suboptimal,545d8ca624cc
12,0.02,+/-20%,rolling,reset,model,7,8277.126058290147,8277.126056350771,45515783.29289001,45515783.29289001,0.0,optimal,545d8ca624cc
12,0.02,+/-20%,rolling,reset,model,8,8273.717587115812,8169.664352922508,45607823.79275794,,,infeasible,545d8ca624cc
12,0.02,+/-20%,rolling,reset,model,9,6618.974069692649,6535.73148058585,45169714.329926975,,,infeasible,545d8ca624cc
12,0.02,+/-20%,rolling,reset,model,10,6617.017406364055,7855.561056684946,46913645.94659772,46686759.64012718,226886.3064705357,suboptimal,545d8ca624cc
12,0.02,+/-20%,rolling,reset,model,11,7940.420887636867,8067.870114640201,47253802.84408914,47246995.76848738,6807.075601764023,suboptimal,545d8ca624cc
12,0.02,+/-20%,rolling,reset,model,12,9528.50506516424,9681.44414811293,47453630.30860491,47450846.65666976,2783.6519351527095,suboptimal,545d8ca624cc
12,0.02,+/-20%,rolling,reset,model,13,9730.867176691723,8705.215528001694,45672832.553766936,,,infeasible,545d8ca624cc
12,0.02,+/-20%,rolling,reset,model,14,10480.341101153599,7261.662411367843,44599255.057979956,,,infeasible,545d8ca624cc
12,0.02,+/-20%,rolling,reset,model,15,10002.807583947475,8703.92282359075,45474935.88573486,,,infeasible,545d8ca624cc
12,0.04,NHF,rolling,reset,model,1,34663.3960505887,34663.3960505887,30380080.496696617,30380080.496696617,0.0,optimal,545d8ca624cc
12,0.04,NHF,rolling,reset,model,2,5631.860358477289,5631.860358477289,14409268.254194444,14409268.254194444,0.0,optimal,545d8ca624cc
12,0.04,NHF,rolling,reset,model,3,5114.322000374112,5114.322000374112,15836155.208144588,15836155.208144588,0.0,optimal,545d8ca624cc
12,0.04,NHF,rolling,reset,model,4,5049.641702047239,5049.641702047239,17848094.039542917,17848094.039542917,0.0,optimal,545d8ca624cc
12,0.04,NHF,rolling,reset,model,5,5970.512534946896,5970.512534946896,20508989.62842509,20508989.62842509,0.0,optimal,545d8ca624cc
12,0.04,NHF,rolling,reset,model,6,5491.554569323195,5491.554569323195,22500945.791231383,22500945.791231383,0.0,optimal,545d8ca624cc
12,0.04,NHF,rolling,reset,model,7,10869.763748140389,10869.763748140389,25939211.10971419,25939211.10971419,0.0,optimal,545d8ca624cc
12,0.04,NHF,rolling,reset,model,8,9782.846030738729,9782.846030738729,24752579.506684847,24752579.506684847,0.0,optimal,545d8ca624cc
12,0.04,NHF,rolling,reset,model,9,12309.868259276866,12309.868259276866,23504056.22467613,23504056.22467613,0.0,optimal,545d8ca624cc
12,0.04,NHF,rolling,reset,model,10,5760.854103209798,5760.854103209798,18199408.83975366,18199408.83975366,0.0,optimal,545d8ca624cc
12,0.04,NHF,rolling,reset,model,11,5495.014262056206,5495.014262056206,19404176.592375282,19404176.592375282,0.0,optimal,545d8ca624cc
12,0.04,NHF,rolling,reset,model,12,5944.209273904525,5944.209273904525,21425494.319247406,21425494.319247406,0.0,optimal,545d8ca624cc
12,0.04,NHF,rolling,reset,model,13,12221.636605020587,12221.636605020587,23780325.402599577,23780325.402599577,0.0,optimal,545d8ca624cc
12,0.04,NHF,rolling,reset,model,14,4024.530102092585,4024.530102092585,19682610.937473994,19682610.937473994,0.0,optimal,545d8ca624cc
12,0.04,NHF,rolling,reset,model,15,9947.339165440182,9947.33916544018,23770417.075294975,23770417.075294975,0.0,optimal,545d8ca624cc
12,0.04,NDY,rolling,reset,model,1,10002.807583947473,10002.807583947473,22271718.30869763,22271718.308697633,-3.725290298461914e-09,optimal,545d8ca624cc
12,0.04,NDY,rolling,reset,model,2,10002.807583947475,9997.870573436767,23014723.844404887,23014723.844404884,3.725290298461914e-09,optimal,545d8ca624cc
12,0.04,NDY,rolling,reset,model,3,10002.807583947477,9885.893293086703,24472825.93502328,24466059.785578623,6766.149444658309,suboptimal,545d8ca624cc
12,0.04,NDY,rolling,reset,model,4,10002.807583947475,9783.637806672194,25535801.915865432,,,infeasible,545d8ca624cc
12,0.04,NDY,rolling,reset,model,5,10002.807583947477,9667.28466791544,26346576.503535297,,,infeasible,545d8ca624cc
12,0.04,NDY,rolling,reset,model,6,10002.807583947477,9537.83867326248,25805226.73759407,,,infeasible,545d8ca624cc
12,0.04,NDY,rolling,reset,model,7,10002.807583947477,9427.381940255433,25377663.941424582,,,infeasible,545d8ca624cc
12,0.04,NDY,rolling,reset,model,8,10002.807583947477,9337.872168705378,25376897.232502904,,,infeasible,545d8ca624cc
12,0.04,NDY,rolling,reset,model,9,10002.807583947475,9230.878782497592,25040967.0522093,,,infeasible,545d8ca624cc
12,0.04,NDY,rolling,reset,model,10,10002.807583947477,9157.130927409646,24719662.51698058,,,infeasible,545d8ca624cc
12,0.04,NDY,rolling,reset,model,11,10002.807583947475,9085.998985394659,24762260.94009778,,,infeasible,545d8ca624cc
12,0.04,NDY,rolling,reset,model,12,10002.807583947477,9014.013716205445,24381212.173277482,,,infeasible,545d8ca624cc
12,0.04,NDY,rolling,reset,model,13,10002.807583947479,8924.893476884525,24204718.952840194,,,infeasible,545d8ca624cc
12,0.04,NDY,rolling,reset,model,14,10002.807583947477,8855.599697137386,23948869.89781879,,,infeasible,545d8ca624cc
12,0.04,NDY,rolling,reset,model,15,10002.807583947477,8821.656852411199,23921300.769715283,,,infeasible,545d8ca624cc
12,0.04,-10%,rolling,reset,model,1,15091.089975049003,15091.089975049003,26730419.143145744,26730419.143145744,0.0,optimal,545d8ca624cc
12,0.04,-10%,rolling,reset,model,2,13581.980977544108,13575.405377005023,26296225.461603694,26296225.461603697,-3.725290298461914e-09,optimal,545d8ca624cc
12,0.04,-10%,rolling,reset,model,3,12223.782879789696,12203.579116165669,25611205.59905772,25611205.59905772,0.0,optimal,545d8ca624cc
12,0.04,-10%,rolling,reset,model,4,11001.404591810724,10983.221204425843,24873776.67971486,24873776.67971486,0.0,optimal,545d8ca624cc
12,0.04,-10%,rolling,reset,model,5,9901.264132629653,9881.001872146984,23586290.25188026,23586290.25188026,0.0,optimal,545d8ca624cc
12,0.04,-10%,rolling,reset,model,6,8911.137719366689,8892.901684954855,21993417.9635155,21993417.9635155,0.0,optimal,545d8ca624cc
12,0.04,-10%,rolling,reset,model,7,8020.023947430022,8016.141120061563,20621633.46335165,20621633.463351656,-7.450580596923828e-09,optimal,545d8ca624cc
12,0.04,-10%,rolling,reset,model,8,7218.021552687018,7214.527006786302,20366834.2884423,20366834.2884423,0.0,optimal,545d8ca624cc
12,0.04,-10%,rolling,reset,model,9,6496.219397418317,6493.0743060811565,20466391.09216529,20466391.092165295,-3.725290298461914e-09,optimal,545d8ca624cc
12,0.04,-10%,rolling,reset,model,10,5879.5413812614715,6349.371141906207,21931949.605111055,21862250.0046526,69699.60045845434,suboptimal,545d8ca624cc
12,0.04,-10%,rolling,reset,model,11,8408.014118819541,8147.180090882988,23793166.875517007,,,infeasible,545d8ca624cc
12,0.04,-10%,rolling,reset,model,12,9951.044895550172,10324.123453257129,24434188.692036953,24343901.906449094,90286.78558785841,suboptimal,545d8ca624cc
12,0.04,-10%,rolling,reset,model,13,9815.893253369486,9294.945052684538,22436054.228346404,,,infeasible,545d8ca624cc
12,0.04,-10%,rolling,reset,model,14,8834.30392803254,8364.719723324859,21136962.69208227,,,infeasible,545d8ca624cc
12,0.04,-10%,rolling,reset,model,15,7950.873535229286,7527.698202416276,20423170.491209235,,,infeasible,545d8ca624cc
12,0.04,-20%,rolling,reset,model,1,18362.86827417175,18362.86827417175,27949997.5746843,27949997.5746843,0.0,optimal,545d8ca624cc
12,0.04,-20%,rolling,reset,model,2,14690.29461933741,14686.11103185309,24967289.77146146,24967289.77146146,0.0,optimal,545d8ca624cc
12,0.04,-20%,rolling,reset,model,3,11752.235695469926,11748.888824399693,23038623.162838988,23038623.162838988,0.0,optimal,545d8ca624cc
12,0.04,-20%,rolling,reset,model,4,9401.78855637594,9399.11105888707,21352244.95613557,21352244.95613557,0.0,optimal,545d8ca624cc
12,0.04,-20%,rolling,reset,model,5,7521.430845100751,7519.288846937214,20316058.869479544,20316058.869479544,0.0,optimal,545d8ca624cc
12,0.04,-20%,rolling,reset,model,6,6017.144676080601,6015.431079643195,20099259.728785973,20099259.728785973,0.0,optimal,545d8ca624cc
12,0.04,-20%,rolling,reset,model,7,7164.727951066589,7164.727953153589,21741083.43251221,21741083.43251221,0.0,optimal,545d8ca624cc
12,0.04,-20%,rolling,reset,model,8,9105.625784919846,9105.625782832849,23071753.53787669,23071753.53787669,0.0,optimal,545d8ca624cc
12,0.04,-20%,rolling,reset,model,9,7964.809007962733,7937.429147109907,22101756.94516733,22101756.94516733,0.0,optimal,545d8ca624cc
12,0.04,-20%,rolling,reset,model,10,6924.747326683431,6955.024418405179,22242555.791815992,22242555.791815992,0.0,optimal,545d8ca624cc
12,0.04,-20%,rolling,reset,model,11,9630.103245022396,9975.22489510979,23680474.776026763,23639848.745797295,40626.0302294679,suboptimal,545d8ca624cc
12,0.04,-20%,rolling,reset,model,12,8971.95678843531,8281.02854098169,21790368.741819203,,,infeasible,545d8ca624cc
12,0.04,-20%,rolling,reset,model,13,8268.877418138041,8477.073341419296,21274605.273224995,21253389.204421427,21216.06880356744,suboptimal,545d8ca624cc
12,0.04,-20%,rolling,reset,model,14,6615.1019345104305,6781.658671000338,20456235.14832299,20441092.2502947,15142.898028288037,suboptimal,545d8ca624cc
12,0.04,-20%,rolling,reset,model,15,8288.951760011767,8006.259171415845,21532311.183930263,,,infeasible,545d8ca624cc
12,0.04,+/-10%,rolling,reset,model,1,15083.663605237973,15083.663605237973,26724530.41259068,26724530.41259068,0.0,optimal,545d8ca624cc
12,0.04,+/-10%,rolling,reset,model,2,13575.297244714182,13570.47519660272,26295533.409148112,26295533.409148112,0.0,optimal,545d8ca624cc
12,0.04,+/-10%,rolling,reset,model,3,12217.76752024276,12207.380992655824,25611294.853025958,25611294.853025958,0.0,optimal,545d8ca624cc
12,0.04,+/-10%,rolling,reset,model,4,10995.990768218482,10981.803449364957,24864517.18256108,24864517.18256108,0.0,optimal,545d8ca624cc
12,0.04,+/-10%,rolling,reset,model,5,9896.391691396631,9883.623104652885,23621463.65093206,23621463.65093206,0.0,optimal,545d8ca624cc
12,0.04,+/-10%,rolling,reset,model,6,8906.752522256973,8895.260792803288,21959888.08231544,21959888.082278308,3.713369369506836e-05,optimal,545d8ca624cc
12,0.04,+/-10%,rolling,reset,model,7,8016.077270031276,8009.262669236813,20599320.878778156,20599320.878778283,-1.2665987014770508e-07,optimal,545d8ca624cc
12,0.04,+/-10%,rolling,reset,model,8,7214.469543028148,7208.336401839901,20343077.962209888,20343077.962261077,-5.118921399116516e-05,optimal,545d8ca624cc
12,0.04,+/-10%,rolling,reset,model,9,6493.022588725334,6487.502764121958,20436092.567410108,20436092.567410108,0.0,optimal,545d8ca624cc
12,0.04,+/-10%,rolling,reset,model,10,6946.693127435824,7067.259128946703,21893207.54486784,21832075.256692715,61132.288175124675,suboptimal,545d8ca624cc
12,0.04,+/-10%,rolling,reset,model,11,7641.362440179408,7773.985041280968,22851261.288614377,22801519.443285216,49741.84532916173,suboptimal,545d8ca624cc
12,0.04,+/-10%,rolling,reset,model,12,8405.498684197348,8551.383549101924,23491260.68161577,23456562.914354574,34697.76726119593,suboptimal,545d8ca624cc
12,0.04,+/-10%,rolling,reset,model,13,9246.048552617085,9848.446151857463,23372532.396402664,23251359.577690624,121172.81871204078,suboptimal,545d8ca624cc
12,0.04,+/-10%,rolling,reset,model,14,10170.653407878795,8744.497563545528,21796790.484283466,,,infeasible,545d8ca624cc
12,0.04,+/-10%,rolling,reset,model,15,9153.588067090916,7812.216253144042,20958518.106456395,,,infeasible,545d8ca624cc
12,0.04,+/-20%,rolling,reset,model,1,18360.856985823837,18360.856985823837,27946591.67897484,27946591.67897484,0.0,optimal,545d8ca624cc
12,0.04,+/-20%,rolling,reset,model,2,14688.685588659075,14687.874331559025,24956796.30363967,24956796.30363967,0.0,optimal,545d8ca624cc
12,0.04,+/-20%,rolling,reset,model,3,11750.948470927262,11750.299464741545,23017839.33049357,23017839.330493573,-3.725290298461914e-09,optimal,545d8ca624cc
12,0.04,+/-20%,rolling,reset,model,4,9400.75877674181,9400.239569262621,21339588.4207396,21339588.4207396,0.0,optimal,545d8ca624cc
12,0.04,+/-20%,rolling,reset,model,5,7520.607021393447,7520.191651879046,20302624.013604656,20302624.013604656,0.0,optimal,545d8ca624cc
12,0.04,+/-20%,rolling,reset,model,6,6016.4856171147585,6016.153324788196,20068009.31521477,20068009.31521477,0.0,optimal,545d8ca624cc
12,0.04,+/-20%,rolling,reset,model,7,7219.78274053771,7219.782742813851,21693802.872548383,21693802.872548383,0.0,optimal,545d8ca624cc
12,0.04,+/-20%,rolling,reset,model,8,8663.739288645253,8662.767782177898,22934361.524322163,22934361.524322163,0.0,optimal,545d8ca624cc
12,0.04,+/-20%,rolling,reset,model,9,7968.461655377508,7978.137030746987,22440770.16693665,22440770.16693665,0.0,optimal,545d8ca624cc
12,0.04,+/-20%,rolling,reset,model,10,7844.318569819873,7840.739130485281,22688162.234475482,22688162.234475482,0.0,optimal,545d8ca624cc
12,0.04,+/-20%,rolling,reset,model,11,9413.182283783846,9408.886956166185,23239693.26368353,23239693.26368353,0.0,optimal,545d8ca624cc
12,0.04,+/-20%,rolling,reset,model,12,8652.485565926117,8651.656461700106,21856311.523945183,21856311.523945183,0.0,optimal,545d8ca624cc
12,0.04,+/-20%,rolling,reset,model,13,8177.449108366349,8176.972032580285,20914824.652722374,20914824.652722377,-3.725290298461914e-09,optimal,545d8ca624cc
12,0.04,+/-20%,rolling,reset,model,14,6541.959286693078,6541.577624017256,20291070.24270944,20291070.242709443,-3.725290298461914e-09,optimal,545d8ca624cc
12,0.04,+/-20%,rolling,reset,model,15,7850.351144031695,7746.0948440146,21579118.583859697,,,infeasible,545d8ca624cc
12,0.06,NHF,rolling,reset,model,1,34663.3960505887,34663.3960505887,21508593.804928698,21508593.804928698,0.0,optimal,545d8ca624cc
12,0.06,NHF,rolling,reset,model,2,5631.860358477289,5631.860358477289,7939725.732833952,7939725.732833952,0.0,optimal,545d8ca624cc
12,0.06,NHF,rolling,reset,model,3,5114.322000374112,5114.322000374112,8678895.698339056,8678895.698339056,0.0,optimal,545d8ca624cc
12,0.06,NHF,rolling,reset,model,4,5049.641702047239,5049.641702047239,9928309.399304058,9928309.399304058,0.0,optimal,545d8ca624cc
12,0.06,NHF,rolling,reset,model,5,5970.512534946896,5970.512534946896,11834274.803972553,11834274.803972553,0.0,optimal,545d8ca624cc
12,0.06,NHF,rolling,reset,model,6,5491.554569323195,5491.554569323195,13316142.771513883,13316142.771513883,0.0,optimal,545d8ca624cc
12,0.06,NHF,rolling,reset,model,7,10869.763748140389,10869.763748140389,16462322.335928604,16462322.335928604,0.0,optimal,545d8ca624cc
12,0.06,NHF,rolling,reset,model,8,9782.846030738729,9782.846030738729,15804557.532306299,15804557.532306299,0.0,optimal,545d8ca624cc
12,0.06,NHF,rolling,reset,model,9,12309.868259276866,12309.868259276866,15148882.070278155,15148882.070278155,0.0,optimal,545d8ca624cc
12,0.06,NHF,rolling,reset,model,10,5760.854103209798,5760.854103209798,10518827.760578288,10518827.760578288,0.0,optimal,545d8ca624cc
12,0.06,NHF,rolling,reset,model,11,5495.014262056206,5495.014262056206,11232734.06938747,11232734.06938747,0.0,optimal,545d8ca624cc
12,0.06,NHF,rolling,reset,model,12,5944.209273904525,5944.209273904525,12797296.176030366,12797296.176030366,0.0,optimal,545d8ca624cc
12,0.06,NHF,rolling,reset,model,13,12221.636605020587,12221.636605020587,14965034.925399972,14965034.925399972,0.0,optimal,545d8ca624cc
12,0.06,NHF,rolling,reset,model,14,4024.530102092585,4024.530102092585,11264253.29385152,11264253.29385152,0.0,optimal,545d8ca624cc
12,0.06,NHF,rolling,reset,model,15,9947.339165440182,9947.33916544018,14776544.532764364,14776544.532764364,0.0,optimal,545d8ca624cc
12,0.06,NDY,rolling,reset,model,1,10002.80758394748,10002.80758394748,13066402.144844936,13066402.144844936,0.0,optimal,545d8ca624cc
12,0.06,NDY,rolling,reset,model,2,10002.80758394748,9929.218293367321,13320494.17554371,13320494.17554371,0.0,optimal,545d8ca624cc
12,0.06,NDY,rolling,reset,model,3,10002.807583947477,9808.154725745952,14291101.535797153,,,infeasible,545d8ca624cc
12,0.06,NDY,rolling,reset,model,4,10002.807583947479,9708.085204367917,15068591.38408124,,,infeasible,545d8ca624cc
12,0.06,NDY,rolling,reset,model,5,10002.807583947479,9603.815596384837,15740615.862883756,,,infeasible,545d8ca624cc
12,0.06,NDY,rolling,reset,model,6,10002.807583947479,9475.671039719158,15584221.771001955,,,infeasible,545d8ca624cc
12,0.06,NDY,rolling,reset,model,7,10002.807583947475,9367.93749449344,15336654.238903299,,,infeasible,545d8ca624cc
12,0.06,NDY,rolling,reset,model,8,10002.807583947477,9213.522641413474,15454800.727619613,,,infeasible,545d8ca624cc
12,0.06,NDY,rolling,reset,model,9,10002.807583947475,9137.94327643789,15196284.408656575,,,infeasible,545d8ca624cc
12,0.06,NDY,rolling,reset,model,10,10002.807583947479,9055.227300276449,14776671.861253666,,,infeasible,545d8ca624cc
12,0.06,NDY,rolling,reset,model,11,10002.807583947479,8999.351121411366,14794706.644798128,,,infeasible,545d8ca624cc
12,0.06,NDY,rolling,reset,model,12,10002.807583947479,8938.570408391559,14658253.226719577,,,infeasible,545d8ca624cc
12,0.06,NDY,rolling,reset,model,13,10002.807583947479,8852.802754667762,14539047.098158117,,,infeasible,545d8ca624cc
12,0.06,NDY,rolling,reset,model,14,10002.807583947477,8770.45241551599,14479000.027007606,,,infeasible,545d8ca624cc
12,0.06,NDY,rolling,reset,model,15,10002.807583947479,8693.544145486288,14580287.021461332,,,infeasible,545d8ca624cc
12,0.06,-10%,rolling,reset,model,1,15039.810265045431,15039.810265045431,16597948.837238299,16597948.837238299,0.0,optimal,545d8ca624cc
12,0.06,-10%,rolling,reset,model,2,13535.829238540895,13492.073776918942,16196958.48840874,16196958.488408742,-1.862645149230957e-09,optimal,545d8ca624cc
12,0.06,-10%,rolling,reset,model,3,12182.246314686801,12112.549239622133,15831962.351704115,15831962.351704115,0.0,optimal,545d8ca624cc
12,0.06,-10%,rolling,reset,model,4,10964.02168321812,10884.281293763954,15481815.82137472,15481815.821406815,-3.209523856639862e-05,optimal,545d8ca624cc
12,0.06,-10%,rolling,reset,model,5,9867.619514896309,9795.853165040999,14534449.364220105,14534449.364220105,0.0,optimal,545d8ca624cc
12,0.06,-10%,rolling,reset,model,6,8880.857563406678,8816.267845311868,13420321.381533133,13420321.381533133,0.0,optimal,545d8ca624cc
12,0.06,-10%,rolling,reset,model,7,7992.771807066012,7966.934644385725,12503496.847194014,12503496.847194014,0.0,optimal,545d8ca624cc
12,0.06,-10%,rolling,reset,model,8,7193.494626359409,7170.241179167383,12270077.633765317,12270077.633977072,-0.00021175481379032135,optimal,545d8ca624cc
12,0.06,-10%,rolling,reset,model,9,6474.14516372347,6453.217063260575,12269712.629020277,12269712.629020277,0.0,optimal,545d8ca624cc
12,0.06,-10%,rolling,reset,model,10,6633.3892010881955,7174.960440581529,13245914.615813969,13135564.242386756,110350.37342721224,suboptimal,545d8ca624cc
12,0.06,-10%,rolling,reset,model,11,7895.974757270021,7873.872144180166,14246941.481495133,14246941.481495133,0.0,optimal,545d8ca624cc
12,0.06,-10%,rolling,reset,model,12,9435.491436017244,9397.773362336862,14881970.877041196,14881970.877041196,0.0,optimal,545d8ca624cc
12,0.06,-10%,rolling,reset,model,13,9857.839685260402,9457.334233748623,14138368.199754007,,,infeasible,545d8ca624cc
12,0.06,-10%,rolling,reset,model,14,8872.055716734365,8511.600812744586,13139640.144176487,,,infeasible,545d8ca624cc
12,0.06,-10%,rolling,reset,model,15,7984.85014506093,7660.440734622299,12575960.452707604,,,infeasible,545d8ca624cc
12,0.06,-20%,rolling,reset,model,1,18338.33392581842,18338.33392581842,18046169.605122145,18046169.605122145,0.0,optimal,545d8ca624cc
12,0.06,-20%,rolling,reset,model,2,14670.667140654748,14648.434340100908,15734310.196809016,15734310.196809016,0.0,optimal,545d8ca624cc
12,0.06,-20%,rolling,reset,model,3,11736.533712523795,11699.281011142017,14268814.897912081,14268814.897912081,0.0,optimal,545d8ca624cc
12,0.06,-20%,rolling,reset,model,4,9389.226970019035,9359.424809975884,12819749.232283596,12819749.232283596,0.0,optimal,545d8ca624cc
12,0.06,-20%,rolling,reset,model,5,7511.381576015228,7487.539849914952,11911854.872810291,11911854.87281029,1.862645149230957e-09,optimal,545d8ca624cc
12,0.06,-20%,rolling,reset,model,6,6009.105260812183,5990.031883088195,11597512.64391583,11597512.64391583,0.0,optimal,545d8ca624cc
12,0.06,-20%,rolling,reset,model,7,6334.223163192965,6334.223165760254,12773713.992773233,12773713.992773233,0.0,optimal,545d8ca624cc
12,0.06,-20%,rolling,reset,model,8,9074.97323604945,8763.273052833261,14754230.905053316,,,infeasible,545d8ca624cc
12,0.06,-20%,rolling,reset,model,9,9308.379508419182,9293.499291955055,14696705.347810822,14696705.347810822,0.0,optimal,545d8ca624cc
12,0.06,-20%,rolling,reset,model,10,7446.703606735344,9023.61991624532,14010230.816194007,13665298.10668869,344932.70950531773,suboptimal,545d8ca624cc
12,0.06,-20%,rolling,reset,model,11,9032.109101607235,7696.466791078395,13095837.313289214,,,infeasible,545d8ca624cc
12,0.06,-20%,rolling,reset,model,12,8870.075185428857,8556.406662799156,13224275.753675694,,,infeasible,545d8ca624cc
12,0.06,-20%,rolling,reset,model,13,7630.656585161962,7708.048592913943,12349850.218333485,12349608.625013497,241.5933199878782,suboptimal,545d8ca624cc
12,0.06,-20%,rolling,reset,model,14,6104.52526812957,6166.43887324541,12110028.227484118,12109841.258555213,186.96892890520394,suboptimal,545d8ca624cc
12,0.06,-20%,rolling,reset,model,15,8292.05964243541,8003.140557575171,13667176.660589678,,,infeasible,545d8ca624cc
12,0.06,+/-10%,rolling,reset,model,1,15034.948668508801,15034.948668508801,16596727.73832711,16596727.73832711,0.0,optimal,545d8ca624cc
12,0.06,+/-10%,rolling,reset,model,2,13531.453801657926,13493.09087630263,16197994.858370619,16197994.858370619,0.0,optimal,545d8ca624cc
12,0.06,+/-10%,rolling,reset,model,3,12178.308421492133,12121.210116057659,15831829.435698437,15831829.435698437,0.0,optimal,545d8ca624cc
12,0.06,+/-10%,rolling,reset,model,4,10960.477579342914,10878.959584023873,15476798.751443377,15476798.751443375,1.862645149230957e-09,optimal,545d8ca624cc
12,0.06,+/-10%,rolling,reset,model,5,9864.429821408623,9789.701997498767,14531441.669987151,14531441.669987151,0.0,optimal,545d8ca624cc
12,0.06,+/-10%,rolling,reset,model,6,8877.986839267762,8810.731803266464,13375475.036185056,13375475.036185056,0.0,optimal,545d8ca624cc
12,0.06,+/-10%,rolling,reset,model,7,7990.188155340989,7967.535229629946,12485573.0654257,12485573.0654257,0.0,optimal,545d8ca624cc
12,0.06,+/-10%,rolling,reset,model,8,7191.169339806887,7170.781707823988,12237247.147263914,12237247.146685198,0.0005787163972854614,optimal,545d8ca624cc
12,0.06,+/-10%,rolling,reset,model,9,6472.052405826201,6483.419439860701,12210246.949653275,12210246.949653275,0.0,optimal,545d8ca624cc
12,0.06,+/-10%,rolling,reset,model,10,6922.0788831109685,7131.761388673852,13102249.928954238,12933755.419349646,168494.50960459188,suboptimal,545d8ca624cc
12,0.06,+/-10%,rolling,reset,model,11,7614.286771422065,7881.067201960856,14075800.081594227,13893640.040721389,182160.04087283835,suboptimal,545d8ca624cc
12,0.06,+/-10%,rolling,reset,model,12,8375.715448564273,8707.097061507227,14590779.698008427,14425580.23420459,165199.46380383708,suboptimal,545d8ca624cc
12,0.06,+/-10%,rolling,reset,model,13,9213.2869934207,9803.453058643132,14536641.623820541,14371431.038954148,165210.58486639336,suboptimal,545d8ca624cc
12,0.06,+/-10%,rolling,reset,model,14,10134.615692762774,8823.107753483835,13382292.721549986,,,infeasible,545d8ca624cc
12,0.06,+/-10%,rolling,reset,model,15,9274.091538665221,7940.796979450371,12676504.693567842,,,infeasible,545d8ca624cc
12,0.06,+/-20%,rolling,reset,model,1,18337.54804429583,18337.54804429583,18041663.567631505,18041663.567631505,0.0,optimal,545d8ca624cc
12,0.06,+/-20%,rolling,reset,model,2,14670.038435436669,14651.842350641284,15756620.03472678,15756620.03472678,0.0,optimal,545d8ca624cc
12,0.06,+/-20%,rolling,reset,model,3,11736.030748349336,11702.11641831096,14281005.808741026,14281005.808741026,0.0,optimal,545d8ca624cc
12,0.06,+/-20%,rolling,reset,model,4,9388.824598679468,9361.693133617033,12826087.413018009,12826087.413018009,0.0,optimal,545d8ca624cc
12,0.06,+/-20%,rolling,reset,model,5,7511.059678943573,7489.354504582467,11919584.609294225,11919584.609294223,1.862645149230957e-09,optimal,545d8ca624cc
12,0.06,+/-20%,rolling,reset,model,6,6008.847743154858,5991.483607233195,11609088.667096501,11609088.667096501,0.0,optimal,545d8ca624cc
12,0.06,+/-20%,rolling,reset,model,7,6727.545023996509,6727.545022128262,12792555.950168496,12792555.950168498,-1.862645149230957e-09,optimal,545d8ca624cc
12,0.06,+/-20%,rolling,reset,model,8,8073.054028795808,8273.855499293528,14352907.713873051,14324901.459476747,28006.25439630449,suboptimal,545d8ca624cc
12,0.06,+/-20%,rolling,reset,model,9,9687.66483455497,8903.168661653901,14577747.553886676,,,infeasible,545d8ca624cc
12,0.06,+/-20%,rolling,reset,model,10,8142.526975335861,9206.696526859068,14298957.496911176,14074847.732409626,224109.7645015493,suboptimal,545d8ca624cc
12,0.06,+/-20%,rolling,reset,model,11,8632.875505589273,7996.11767542158,13382807.070619265,,,infeasible,545d8ca624cc
12,0.06,+/-20%,rolling,reset,model,12,8703.990555187278,9055.172291970175,13353204.057044892,13291428.933154814,61775.123890077695,suboptimal,545d8ca624cc
12,0.06,+/-20%,rolling,reset,model,13,6963.192444149823,7329.974833037399,11969824.92996983,11936462.33823736,33362.59173247032,suboptimal,545d8ca624cc
12,0.06,+/-20%,rolling,reset,model,14,6757.88243153638,6018.668195705679,11892155.88321868,,,infeasible,545d8ca624cc
12,0.06,+/-20%,rolling,reset,model,15,8109.458917843657,8099.236254746895,13647049.34716055,13647049.34716055,0.0,optimal,545d8ca624cc
13,0.0,NHF,rolling,reset,model,1,4475.823300256667,4475.823300256667,226134480.20758075,226134480.20758075,0.0,optimal,545d8ca624cc
13,0.0,NHF,rolling,reset,model,2,1408.1520481950001,217.89975610666664,235918835.29275912,235874429.0509259,44406.24183320999,suboptimal,545d8ca624cc
13,0.0,NHF,rolling,reset,model,3,6473.988465181534,579.5031255,249540212.14746854,249234386.84110525,305825.3063632846,suboptimal,545d8ca624cc
13,0.0,NHF,rolling,reset,model,4,5439.7505141374995,7818.53300638522,260582433.6595982,259500235.1627986,1082198.4967995882,suboptimal,545d8ca624cc
13,0.0,NHF,rolling,reset,model,5,23778.69937986749,15347.74320381233,262850595.32319492,262850595.32319492,0.0,optimal,545d8ca624cc
13,0.0,NHF,rolling,reset,model,6,10776.236477264405,9345.185863405775,253796753.66309202,253796753.66309202,0.0,optimal,545d8ca624cc
13,0.0,NHF,rolling,reset,model,7,23978.136863688796,11632.442553878622,252156052.24201113,252156052.24201113,0.0,optimal,545d8ca624cc
13,0.0,NHF,rolling,reset,model,8,9579.763755644195,8350.500737490085,246190760.75913563,246190760.75913563,0.0,optimal,545d8ca624cc
13,0.0,NHF,rolling,reset,model,9,6251.302678574674,10777.062099324232,245147144.5881104,244948175.0440005,198969.54410988092,suboptimal,545d8ca624cc
13,0.0,NHF,rolling,reset,model,10,577.03839738,8078.239042496332,241057484.79296827,234127894.42729023,6929590.365678042,suboptimal,545d8ca624cc
13,0.0,NHF,rolling,reset,model,11,737.3026119599999,11526.532003651315,240891839.5990673,233136373.94431424,7755465.654753059,suboptimal,545d8ca624cc
13,0.0,NHF,rolling,reset,model,12,522.9916679774999,9036.264102346371,236415243.4855738,226405207.25112042,10010036.23445338,suboptimal,545d8ca624cc
13,0.0,NHF,rolling,reset,model,13,1476.1172845649999,12320.206259449506,234806819.24378037,229676189.03796026,5130630.205820113,suboptimal,545d8ca624cc
13,0.0,NHF,rolling,reset,model,14,6671.47223346659,8657.356786402626,229001571.58434787,228927660.94363904,73910.64070883393,suboptimal,545d8ca624cc
13,0.0,NHF,rolling,reset,model,15,72319.32484633655,7334.167799358283,229652613.14742997,,,infeasible,545d8ca624cc
13,0.0,NDY,rolling,reset,model,1,10197.899507959799,10197.899507959799,191856611.4793544,191856611.47935435,5.960464477539063e-08,optimal,545d8ca624cc
13,0.0,NDY,rolling,reset,model,2,10197.899507959799,9850.54813327748,195855360.10253245,195823448.70920673,31911.393325716257,suboptimal,545d8ca624cc
13,0.0,NDY,rolling,reset,model,3,10197.89950795979,9086.804228996041,198513815.48366392,198068265.75613657,445549.7275273502,suboptimal,545d8ca624cc
13,0.0,NDY,rolling,reset,model,4,10197.899507959795,9176.195179158043,201102722.15423098,200751300.24857107,351421.905659914,suboptimal,545d8ca624cc
13,0.0,NDY,rolling,reset,model,5,10197.89950795979,9182.153218585045,201580541.66653028,201292716.0898708,287825.5766594708,suboptimal,545d8ca624cc
13,0.0,NDY,rolling,reset,model,6,10197.899507959793,9186.712181324458,201450769.88347226,201194031.1948,256738.68867227435,suboptimal,545d8ca624cc
13,0.0,NDY,rolling,reset,model,7,10197.899507959795,9012.880351323438,200872031.51662555,200401004.78902432,471026.72760123014,suboptimal,545d8ca624cc
13,0.0,NDY,rolling,reset,model,8,10197.899507959793,8968.050444231252,200990633.8585951,200493924.72666022,496709.1319348812,suboptimal,545d8ca624cc
13,0.0,NDY,rolling,reset,model,9,10197.899507959792,8976.182954330934,201110973.63527188,200569083.2149792,541890.4202926755,suboptimal,545d8ca624cc
13,0.0,NDY,rolling,reset,model,10,10197.899507959793,9005.080222082977,201325367.761098,200801601.25686458,523766.5042334199,suboptimal,545d8ca624cc
13,0.0,NDY,rolling,reset,model,11,10197.899507959788,9047.026813439346,201261447.57576615,200805914.13716757,455533.4385985732,suboptimal,545d8ca624cc
13,0.0,NDY,rolling,reset,model,12,10197.89950795979,8990.946218753252,200722904.762132,199941357.73074552,781547.0313864648,suboptimal,545d8ca624cc
13,0.0,NDY,rolling,reset,model,13,10197.899507959788,9146.59828055958,200849226.4824979,200569715.98478037,279510.49771752954,suboptimal,545d8ca624cc
13,0.0,NDY,rolling,reset,model,14,10197.89950795979,9220.00249757181,201123351.38866955,200908264.28970373,215087.09896582365,suboptimal,545d8ca624cc
13,0.0,NDY,rolling,reset,model,15,10197.899507959792,9145.334641307469,201148133.56002092,200881924.0522882,266209.5077327192,suboptimal,545d8ca624cc
13,0.0,-10%,rolling,reset,model,1,3494.09593102,3494.09593102,202740788.68346748,202740788.68346748,0.0,optimal,545d8ca624cc
13,0.0,-10%,rolling,reset,model,2,3144.6863379180004,3216.8281646362784,211946905.31420174,211946615.441406,289.87279573082924,suboptimal,545d8ca624cc
13,0.0,-10%,rolling,reset,model,3,2830.2177041262003,3680.0602453099996,221082184.94624946,221079489.23309296,2695.713156491518,suboptimal,545d8ca624cc
13,0.0,-10%,rolling,reset,model,4,14603.770417711385,13650.353926111193,229698417.05132535,229693476.66685045,4940.384474903345,suboptimal,545d8ca624cc
13,0.0,-10%,rolling,reset,model,5,14727.592634329629,14535.604693568943,225823157.6882924,225821817.88783115,1339.8004612624645,suboptimal,545d8ca624cc
13,0.0,-10%,rolling,reset,model,6,13254.83337089667,13145.900096345667,218078884.5185015,218078884.5185015,0.0,optimal,545d8ca624cc
13,0.0,-10%,rolling,reset,model,7,11929.350033807,11966.233983120179,212633162.80836552,212633162.80836552,0.0,optimal,545d8ca624cc
13,0.0,-10%,rolling,reset,model,8,10736.415030426302,10813.843880980172,209069262.85752118,209069262.85752118,0.0,optimal,545d8ca624cc
13,0.0,-10%,rolling,reset,model,9,9662.77352738367,10051.650757128333,206729285.64227638,206725774.3873883,3511.254888087511,suboptimal,545d8ca624cc
13,0.0,-10%,rolling,reset,model,10,9010.942896387025,9639.770713488459,205560452.89701077,205559012.42556694,1440.4714438319206,suboptimal,545d8ca624cc
13,0.0,-10%,rolling,reset,model,11,15543.209126596232,8906.395576936688,204872572.54519472,,,infeasible,545d8ca624cc
13,0.0,-10%,rolling,reset,model,12,13988.888213936612,8425.74674512204,205018359.66682336,195609016.55673367,9409343.11008969,suboptimal,545d8ca624cc
13,0.0,-10%,rolling,reset,model,13,12589.99939254295,7164.329122549596,205832075.01537395,202003785.51864082,3828289.496733129,suboptimal,545d8ca624cc
13,0.0,-10%,rolling,reset,model,14,11330.999453288654,6415.834872980369,208290330.45101285,206973426.6364561,1316903.8145567477,suboptimal,545d8ca624cc
13,0.0,-10%,rolling,reset,model,15,10197.899507959788,6381.796234833625,211812602.91918215,211649003.54726622,163599.37191593647,suboptimal,545d8ca624cc
13,0.0,-20%,rolling,reset,model,1,3791.3749056700003,3791.3749056700003,204948752.92987147,204948752.92987147,0.0,optimal,545d8ca624cc
13,0.0,-20%,rolling,reset,model,2,3033.099924536,1088.5944052853472,213976993.37116376,213975027.94660902,1965.4245547354221,suboptimal,545d8ca624cc
13,0.0,-20%,rolling,reset,model,3,4330.6883080927155,4350.47114247,225263069.34722874,225263069.34722874,0.0,optimal,545d8ca624cc
13,0.0,-20%,rolling,reset,model,4,10683.049307695102,11369.162137415597,233168093.8892314,233167094.84852678,999.0407046377659,suboptimal,545d8ca624cc
13,0.0,-20%,rolling,reset,model,5,17891.92067992529,18726.930941793555,232158896.2375128,232135105.85010788,23790.38740491867,suboptimal,545d8ca624cc
13,0.0,-20%,rolling,reset,model,6,14313.536543940232,13895.221005371903,219145755.03442892,219144441.49002987,1313.5443990528584,suboptimal,545d8ca624cc
13,0.0,-20%,rolling,reset,model,7,11450.829235152187,10473.54633254338,213017272.76092312,213012957.86951634,4314.891406774521,suboptimal,545d8ca624cc
13,0.0,-20%,rolling,reset,model,8,9160.663388121748,10766.05675808278,211227813.1238877,211225460.75903878,2352.3648489117622,suboptimal,545d8ca624cc
13,0.0,-20%,rolling,reset,model,9,7328.530710497401,10009.925384950906,208906989.05307662,208803391.25442758,103597.79864904284,suboptimal,545d8ca624cc
13,0.0,-20%,rolling,reset,model,10,5862.824568397919,9313.6214227262,207720386.49106157,207638096.13216963,82290.35889193416,suboptimal,545d8ca624cc
13,0.0,-20%,rolling,reset,model,11,11853.955237791937,8416.384421008324,207273184.02992067,207102348.03763506,170835.99228560925,suboptimal,545d8ca624cc
13,0.0,-20%,rolling,reset,model,12,19917.77247648396,9222.769471662396,207904082.42535466,,,infeasible,545d8ca624cc
13,0.0,-20%,rolling,reset,model,13,15934.217981187167,7557.601999628347,207767811.0676868,203261752.35303548,4506058.714651316,suboptimal,545d8ca624cc
13,0.0,-20%,rolling,reset,model,14,12747.374384949731,4842.876306322501,209771410.87019718,208834987.33840355,936423.5317936242,suboptimal,545d8ca624cc
13,0.0,-20%,rolling,reset,model,15,10197.899507959786,5744.982096402499,215232189.43816373,215171846.81340834,60342.62475538254,suboptimal,545d8ca624cc
13,0.0,+/-10%,rolling,reset,model,1,6399.1622181685325,6399.1622181685325,201576093.02218658,201576093.02218658,0.0,optimal,545d8ca624cc
13,0.0,+/-10%,rolling,reset,model,2,7039.0784399853865,7125.058777554322,208362348.43985343,208361864.08001775,484.35983568429947,suboptimal,545d8ca624cc
13,0.0,+/-10%,rolling,reset,model,3,7742.986283983927,8064.834318237635,213442682.28286308,213398539.32163832,44142.961224764585,suboptimal,545d8ca624cc
13,0.0,+/-10%,rolling,reset,model,4,8517.284912382322,9050.102137091551,216934624.1696037,216894169.8758468,40454.29375690222,suboptimal,545d8ca624cc
13,0.0,+/-10%,rolling,reset,model,5,9369.013403620553,12051.861108927596,217932141.97063214,217869921.87685,62220.0937821269,suboptimal,545d8ca624cc
13,0.0,+/-10%,rolling,reset,model,6,10305.914743982612,11463.53418045007,213753504.20397958,213741106.32043207,12397.883547514677,suboptimal,545d8ca624cc
13,0.0,+/-10%,rolling,reset,model,7,11336.506218380873,10739.574860958104,210815000.10606843,210782732.09666386,32268.009404569864,suboptimal,545d8ca624cc
13,0.0,+/-10%,rolling,reset,model,8,10693.777979475884,10078.695366944652,208717174.3302236,208578834.5601244,138339.77009919286,suboptimal,545d8ca624cc
13,0.0,+/-10%,rolling,reset,model,9,11763.155777423477,9384.366159366411,207163699.1243628,205686451.1492057,1477247.975157082,suboptimal,545d8ca624cc
13,0.0,+/-10%,rolling,reset,model,10,12939.471355165822,9234.903366407616,206878776.68077824,203101039.81731564,3777736.863462597,suboptimal,545d8ca624cc
13,0.0,+/-10%,rolling,reset,model,11,14233.418490682403,8828.135876156208,206442268.69759282,196794794.02855897,9647474.669033855,suboptimal,545d8ca624cc
13,0.0,+/-10%,rolling,reset,model,12,13988.888213936605,8456.212183945236,206696293.72009113,199140682.55336782,7555611.166723311,suboptimal,545d8ca624cc
13,0.0,+/-10%,rolling,reset,model,13,12589.999392542952,7610.590967084837,207581764.80182588,204737443.55600166,2844321.245824218,suboptimal,545d8ca624cc
13,0.0,+/-10%,rolling,reset,model,14,11330.999453288652,7489.074778697324,209920746.1315722,209145227.88726345,775518.2443087399,suboptimal,545d8ca624cc
13,0.0,+/-10%,rolling,reset,model,15,10197.899507959788,8627.880298300035,211908814.7772009,211895779.10891306,13035.668287843466,suboptimal,545d8ca624cc
13,0.0,+/-20%,rolling,reset,model,1,5187.080443630839,5187.080443630839,203770209.41458485,203770209.41458488,-2.9802322387695312e-08,optimal,545d8ca624cc
13,0.0,+/-20%,rolling,reset,model,2,6224.496532357006,6247.078359891658,211584633.909083,211584633.90908292,8.940696716308594e-08,optimal,545d8ca624cc
13,0.0,+/-20%,rolling,reset,model,3,7469.395838828409,7599.9267466578685,217832559.47925013,217824059.44592622,8500.033323913813,suboptimal,545d8ca624cc
13,0.0,+/-20%,rolling,reset,model,4,8963.275006594089,9667.361667101388,222341538.2866505,222296482.5999005,45055.686749994755,suboptimal,545d8ca624cc
13,0.0,+/-20%,rolling,reset,model,5,10755.930007912908,12903.16072537466,222979576.6736979,222932494.23815733,47082.43554055691,suboptimal,545d8ca624cc
13,0.0,+/-20%,rolling,reset,model,6,12907.116009495487,12227.394730660179,216620601.29154766,216620364.08706713,237.20448052883148,suboptimal,545d8ca624cc
13,0.0,+/-20%,rolling,reset,model,7,10325.69280759639,10354.705107873378,212644712.81067964,212644712.81067964,0.0,optimal,545d8ca624cc
13,0.0,+/-20%,rolling,reset,model,8,8260.554246077108,11277.028704674845,210984250.61843506,210838779.0282302,145471.59020486474,suboptimal,545d8ca624cc
13,0.0,+/-20%,rolling,reset,model,9,9378.716665774895,9664.213104495906,208326528.7916769,208324696.60426515,1832.1874117553234,suboptimal,545d8ca624cc
13,0.0,+/-20%,rolling,reset,model,10,11254.459998929875,9464.5139011537,207886995.82902905,207859586.18126786,27409.647761195898,suboptimal,545d8ca624cc
13,0.0,+/-20%,rolling,reset,model,11,13505.351998715847,9156.109311275886,207538941.49096605,206083109.76142654,1455831.7295395136,suboptimal,545d8ca624cc
13,0.0,+/-20%,rolling,reset,model,12,16206.422398459013,8821.951026992825,207221397.1689829,200753283.12998506,6468114.038997829,suboptimal,545d8ca624cc
13,0.0,+/-20%,rolling,reset,model,13,15934.217981187168,7016.3847695774175,207310709.4638935,201604852.54303762,5705856.92085588,suboptimal,545d8ca624cc
13,0.0,+/-20%,rolling,reset,model,14,12747.374384949733,6288.104039592783,209993308.13477966,209309374.86038908,683933.2743905783,suboptimal,545d8ca624cc
13,0.0,+/-20%,rolling,reset,model,15,10197.899507959786,8000.931384948358,213927459.42208675,213912492.4740641,14966.948022633791,suboptimal,545d8ca624cc
13,0.02,NHF,rolling,reset,model,1,29593.820219809375,29593.820219809375,54553697.97345419,54553697.97345419,0.0,optimal,545d8ca624cc
13,0.02,NHF,rolling,reset,model,2,4947.669886105723,6242.246729041545,40930314.58719554,40926091.6079587,4222.979236841202,suboptimal,545d8ca624cc
13,0.02,NHF,rolling,reset,model,3,7100.3698796201925,6516.043211415236,44302900.02296062,44301385.633011594,1514.3899490237236,suboptimal,545d8ca624cc
13,0.02,NHF,rolling,reset,model,4,5002.922965741626,4665.330803923166,47245037.353969194,47244577.3486365,460.0053326934576,suboptimal,545d8ca624cc
13,0.02,NHF,rolling,reset,model,5,14672.6020357277,13747.896028575258,52452248.86616954,,,infeasible,545d8ca624cc
13,0.02,NHF,rolling,reset,model,6,6009.050883676176,6009.050883676176,46136660.6489131,46136660.6489131,0.0,optimal,545d8ca624cc
13,0.02,NHF,rolling,reset,model,7,10769.209770672649,10769.209770672649,48933638.330465764,48933638.330465764,0.0,optimal,545d8ca624cc
13,0.02,NHF,rolling,reset,model,8,9524.616024955669,9524.616024955669,46601275.33566525,46601275.33566525,0.0,optimal,545d8ca624cc
13,0.02,NHF,rolling,reset,model,9,9404.82087408197,10428.637289576845,44533956.27495079,44475486.11560464,58470.15934614837,suboptimal,545d8ca624cc
13,0.02,NHF,rolling,reset,model,10,2774.8389847206236,2734.5584352463957,40730694.493129686,,,infeasible,545d8ca624cc
13,0.02,NHF,rolling,reset,model,11,5463.744675104015,7408.715814952806,46942732.252890125,46822346.78430017,120385.46858995408,suboptimal,545d8ca624cc
13,0.02,NHF,rolling,reset,model,12,6712.95887230352,4405.073779110533,47827848.178216785,,,infeasible,545d8ca624cc
13,0.02,NHF,rolling,reset,model,13,13469.307659332075,16241.255213752045,52845774.54430209,52693609.35549299,152165.18880910426,suboptimal,545d8ca624cc
13,0.02,NHF,rolling,reset,model,14,9831.795172918453,5727.287001321036,43466814.025210254,,,infeasible,545d8ca624cc
13,0.02,NHF,rolling,reset,model,15,11699.836522534859,9945.39056571304,46473402.24453155,,,infeasible,545d8ca624cc
13,0.02,NDY,rolling,reset,model,1,10197.899507959784,10197.899507959784,50558751.51931234,50558751.51931236,-2.2351741790771484e-08,optimal,545d8ca624cc
13,0.02,NDY,rolling,reset,model,2,10197.899507959784,10185.514550398171,52571820.72841588,52571820.72841671,-8.344650268554688e-07,optimal,545d8ca624cc
13,0.02,NDY,rolling,reset,model,3,10197.899507959784,10081.53980712814,54694526.3804183,,,infeasible,545d8ca624cc
13,0.02,NDY,rolling,reset,model,4,10197.899507959784,9980.601020669315,56202195.5137151,,,infeasible,545d8ca624cc
13,0.02,NDY,rolling,reset,model,5,10197.899507959786,9878.872357642202,56528920.36145567,,,infeasible,545d8ca624cc
13,0.02,NDY,rolling,reset,model,6,10197.899507959784,9782.111684163541,55390792.957131356,,,infeasible,545d8ca624cc
13,0.02,NDY,rolling,reset,model,7,10197.89950795979,9683.980400591952,55255475.14079075,,,infeasible,545d8ca624cc
13,0.02,NDY,rolling,reset,model,8,10197.899507959788,9601.098013163995,54713821.82629537,,,infeasible,545d8ca624cc
13,0.02,NDY,rolling,reset,model,9,10197.899507959786,9505.057966200193,54300657.081395514,,,infeasible,545d8ca624cc
13,0.02,NDY,rolling,reset,model,10,10197.899507959793,9430.66260601218,53754816.1862518,,,infeasible,545d8ca624cc
13,0.02,NDY,rolling,reset,model,11,10197.89950795979,9361.804498263784,53444771.33288654,,,infeasible,545d8ca624cc
13,0.02,NDY,rolling,reset,model,12,10197.899507959777,9292.80895532845,53305694.75257805,,,infeasible,545d8ca624cc
13,0.02,NDY,rolling,reset,model,13,10197.899507959786,9245.43357343355,52886100.872445814,,,infeasible,545d8ca624cc
13,0.02,NDY,rolling,reset,model,14,10197.899507959786,9198.437263341444,52837474.30669058,,,infeasible,545d8ca624cc
13,0.02,NDY,rolling,reset,model,15,10197.899507959793,9148.715833447344,52331421.84524812,,,infeasible,545d8ca624cc
13,0.02,-10%,rolling,reset,model,1,15170.142076727605,15170.142076727605,54089540.983349085,54089540.983349085,0.0,optimal,545d8ca624cc
13,0.02,-10%,rolling,reset,model,2,13653.127869054846,13637.776102704061,53219839.04516672,53219839.04516672,0.0,optimal,545d8ca624cc
13,0.02,-10%,rolling,reset,model,3,12287.815082149364,12262.106379066,51632671.93022838,51632671.93022839,-7.450580596923828e-09,optimal,545d8ca624cc
13,0.02,-10%,rolling,reset,model,4,11059.033573934426,11031.648761917646,50183923.18766754,50183923.18766754,0.0,optimal,545d8ca624cc
13,0.02,-10%,rolling,reset,model,5,9953.130216540985,9925.101991818532,48322473.04203616,48322473.04203616,0.0,optimal,545d8ca624cc
13,0.02,-10%,rolling,reset,model,6,8957.817194886888,8932.591790774832,46196924.49822359,46196924.49822359,0.0,optimal,545d8ca624cc
13,0.02,-10%,rolling,reset,model,7,8370.305042958069,8370.305042958067,45190488.09639218,45190488.09639218,0.0,optimal,545d8ca624cc
13,0.02,-10%,rolling,reset,model,8,7721.848434886383,8003.081682939555,45004907.05492843,44989087.21595184,15819.838976591825,suboptimal,545d8ca624cc
13,0.02,-10%,rolling,reset,model,9,6949.663591397746,7202.7735123039565,44653278.9742863,44644417.21954186,8861.754744440317,suboptimal,545d8ca624cc
13,0.02,-10%,rolling,reset,model,10,6254.697232257971,6482.496165492865,45547579.939122394,45537647.19691076,9932.74221163243,suboptimal,545d8ca624cc
13,0.02,-10%,rolling,reset,model,11,5629.227509032174,6279.433737722469,47281556.10251434,47240200.206394486,41355.896119855344,suboptimal,545d8ca624cc
13,0.02,-10%,rolling,reset,model,12,9795.448021759536,9179.616434541378,49666629.094956376,,,infeasible,545d8ca624cc
13,0.02,-10%,rolling,reset,model,13,11530.699935546045,10303.053491349992,48998357.08459282,,,infeasible,545d8ca624cc
13,0.02,-10%,rolling,reset,model,14,11330.999453288654,9268.660620933295,46664194.56048037,,,infeasible,545d8ca624cc
13,0.02,-10%,rolling,reset,model,15,10197.89950795979,8341.825127369064,45374267.86187609,,,infeasible,545d8ca624cc
13,0.02,-20%,rolling,reset,model,1,18314.995324157477,18314.995324157477,54284345.18530214,54284345.18530214,0.0,optimal,545d8ca624cc
13,0.02,-20%,rolling,reset,model,2,14651.996259325984,14556.974879557521,50594500.78542416,50594500.78542416,0.0,optimal,545d8ca624cc
13,0.02,-20%,rolling,reset,model,3,11721.597007460785,11598.686764167958,47614617.08557944,47614612.83987522,4.245704218745232,optimal,545d8ca624cc
13,0.02,-20%,rolling,reset,model,4,9377.277605968633,9495.642980264587,45976010.22627204,45975989.94056531,20.285706728696823,optimal,545d8ca624cc
13,0.02,-20%,rolling,reset,model,5,7898.450311490526,7941.164016375706,45240706.929792896,45240706.929792896,0.0,optimal,545d8ca624cc
13,0.02,-20%,rolling,reset,model,6,6318.760249192423,6352.931216363675,45270004.34938728,45270004.34938728,0.0,optimal,545d8ca624cc
13,0.02,-20%,rolling,reset,model,7,9020.700274530915,9020.700274530915,47167179.23183444,47167179.231834434,7.450580596923828e-09,optimal,545d8ca624cc
13,0.02,-20%,rolling,reset,model,8,8553.253643181608,8965.018432229117,46615717.53688633,46590657.00270783,25060.534178495407,suboptimal,545d8ca624cc
13,0.02,-20%,rolling,reset,model,9,6842.602914545286,7172.014746653057,45306559.59600691,45294717.648575485,11841.94743142277,suboptimal,545d8ca624cc
13,0.02,-20%,rolling,reset,model,10,6446.730800867422,6912.052093172393,46220595.54486409,46197032.3860541,23563.15880998969,suboptimal,545d8ca624cc
13,0.02,-20%,rolling,reset,model,11,7815.610139060358,8057.454191616868,47637560.65905548,47626375.639912404,11185.01914307475,suboptimal,545d8ca624cc
13,0.02,-20%,rolling,reset,model,12,10101.794122840276,9038.461220347634,47831050.627228364,,,infeasible,545d8ca624cc
13,0.02,-20%,rolling,reset,model,13,8081.435298272219,9232.594814678516,47090607.23441013,47025767.72992497,64839.50448516011,suboptimal,545d8ca624cc
13,0.02,-20%,rolling,reset,model,14,12564.877629173643,7386.075853583197,45707133.081340365,,,infeasible,545d8ca624cc
13,0.02,-20%,rolling,reset,model,15,10197.899507959792,9462.27618870036,46693404.796680935,,,infeasible,545d8ca624cc
13,0.02,+/-10%,rolling,reset,model,1,15176.85630823357,15176.85630823357,54064715.59872647,54064715.59872647,0.0,optimal,545d8ca624cc
13,0.02,+/-10%,rolling,reset,model,2,13659.170677410213,13645.405747826262,53136898.93381583,53136898.93381583,0.0,optimal,545d8ca624cc
13,0.02,+/-10%,rolling,reset,model,3,12293.253609669193,12271.208812713585,51623324.39296909,51623324.39296909,0.0,optimal,545d8ca624cc
13,0.02,+/-10%,rolling,reset,model,4,11063.928248702274,11039.776814094383,50032121.65814275,50032121.65814275,0.0,optimal,545d8ca624cc
13,0.02,+/-10%,rolling,reset,model,5,9957.535423832045,9926.502564589748,48285814.67825964,48285814.67825965,-7.450580596923828e-09,optimal,545d8ca624cc
13,0.02,+/-10%,rolling,reset,model,6,8961.781881448842,8933.852310375769,46168506.85961799,46168506.859617785,2.086162567138672e-07,optimal,545d8ca624cc
13,0.02,+/-10%,rolling,reset,model,7,8172.436529169536,8172.436527931001,45072419.58188188,45072419.58184106,4.0821731090545654e-05,optimal,545d8ca624cc
13,0.02,+/-10%,rolling,reset,model,8,7355.192876252582,7879.181721548072,45101128.98823366,45076068.12819188,25060.86004178226,suboptimal,545d8ca624cc
13,0.02,+/-10%,rolling,reset,model,9,6627.76882199477,7093.059793026596,44996024.6173717,44977444.29615639,18580.321215309203,suboptimal,545d8ca624cc
13,0.02,+/-10%,rolling,reset,model,10,7290.54570419425,6807.084794355889,46077591.18847547,,,infeasible,545d8ca624cc
13,0.02,+/-10%,rolling,reset,model,11,8019.6002746136755,7487.7932741130135,47535384.42983854,,,infeasible,545d8ca624cc
13,0.02,+/-10%,rolling,reset,model,12,8821.560302075044,8236.572600774554,48367809.08886685,,,infeasible,545d8ca624cc
13,0.02,+/-10%,rolling,reset,model,13,9703.716332282549,10276.793052016917,48827128.60866224,48779912.78334597,47215.825316272676,suboptimal,545d8ca624cc
13,0.02,+/-10%,rolling,reset,model,14,10674.087965510806,9229.67914668597,46334615.379368864,,,infeasible,545d8ca624cc
13,0.02,+/-10%,rolling,reset,model,15,10197.89950795979,8305.864191422981,45134432.14399222,,,infeasible,545d8ca624cc
13,0.02,+/-20%,rolling,reset,model,1,18080.885191317626,18080.885191317626,54273561.25845119,54273561.25845119,0.0,optimal,545d8ca624cc
13,0.02,+/-20%,rolling,reset,model,2,14464.708153054107,14436.27948544547,50715899.69514961,50715899.69514961,0.0,optimal,545d8ca624cc
13,0.02,+/-20%,rolling,reset,model,3,11571.76652244328,11549.186948768403,48078076.21219639,48078076.21219639,0.0,optimal,545d8ca624cc
13,0.02,+/-20%,rolling,reset,model,4,9257.413217954627,9224.145845010964,46464092.62633047,46464092.62633047,0.0,optimal,545d8ca624cc
13,0.02,+/-20%,rolling,reset,model,5,8570.972343736968,8570.972343319092,46130852.24987694,46130852.24987694,0.0,optimal,545d8ca624cc
13,0.02,+/-20%,rolling,reset,model,6,6856.777874989573,6856.777878588675,45447783.89603063,45447783.89603063,0.0,optimal,545d8ca624cc
13,0.02,+/-20%,rolling,reset,model,7,8228.133449987488,8228.133452113907,46837952.94177234,46837952.94177234,0.0,optimal,545d8ca624cc
13,0.02,+/-20%,rolling,reset,model,8,9295.432392113278,9711.359830598261,47197626.64068613,47167218.744264625,30407.896421507,suboptimal,545d8ca624cc
13,0.02,+/-20%,rolling,reset,model,9,7436.345913690623,7749.486916744261,45056676.48832822,45045884.38924828,10792.099079936743,suboptimal,545d8ca624cc
13,0.02,+/-20%,rolling,reset,model,10,6056.958580289536,6239.564312645585,45235886.411420934,45210054.00598799,25832.40543294698,suboptimal,545d8ca624cc
13,0.02,+/-20%,rolling,reset,model,11,7268.350296347447,7487.477175705409,47371978.2554972,47362107.59108834,9870.66440886259,suboptimal,545d8ca624cc
13,0.02,+/-20%,rolling,reset,model,12,8722.02035561693,8612.506310992778,48109072.01527845,,,infeasible,545d8ca624cc
13,0.02,+/-20%,rolling,reset,model,13,9947.412976251388,9862.95397377738,47998553.776834995,47998553.776834995,0.0,optimal,545d8ca624cc
13,0.02,+/-20%,rolling,reset,model,14,11936.895571501664,7890.3631817310215,45928376.70579705,,,infeasible,545d8ca624cc
13,0.02,+/-20%,rolling,reset,model,15,10197.89950795979,9404.311104542203,46348349.43512503,,,infeasible,545d8ca624cc
13,0.04,NHF,rolling,reset,model,1,34695.22407824382,34695.22407824382,30666180.280040782,30666180.280040782,0.0,optimal,545d8ca624cc
13,0.04,NHF,rolling,reset,model,2,6683.325043829204,6683.325043829204,14753133.670389736,14753133.670389736,0.0,optimal,545d8ca624cc
13,0.04,NHF,rolling,reset,model,3,4196.096454608575,4196.096454608575,15341170.645610424,15341170.645610424,0.0,optimal,545d8ca624cc
13,0.04,NHF,rolling,reset,model,4,4928.355100233229,4928.355100233229,18195750.312870663,18195750.312870663,0.0,optimal,545d8ca624cc
13,0.04,NHF,rolling,reset,model,5,5829.8033320192935,5829.8033320192935,21077845.904913757,21077845.904913757,0.0,optimal,545d8ca624cc
13,0.04,NHF,rolling,reset,model,6,6009.050883676176,6009.050883676176,23619503.51074458,23619503.51074458,0.0,optimal,545d8ca624cc
13,0.04,NHF,rolling,reset,model,7,11485.725660151382,11485.725660151382,26954488.50967778,26954488.50967778,0.0,optimal,545d8ca624cc
13,0.04,NHF,rolling,reset,model,8,10868.903646692237,10868.903646692239,25389088.240506485,25389088.240506485,0.0,optimal,545d8ca624cc
13,0.04,NHF,rolling,reset,model,9,12567.376153540961,12567.37615354096,23033596.700827114,23033596.700827114,0.0,optimal,545d8ca624cc
13,0.04,NHF,rolling,reset,model,10,4368.469459485738,4368.469459485738,17071321.38201011,17071321.38201011,0.0,optimal,545d8ca624cc
13,0.04,NHF,rolling,reset,model,11,5761.164433843695,5761.164433843695,19572837.543554224,19572837.543554224,0.0,optimal,545d8ca624cc
13,0.04,NHF,rolling,reset,model,12,4904.229035354147,4904.229035354147,21405270.039082166,21405270.039082166,0.0,optimal,545d8ca624cc
13,0.04,NHF,rolling,reset,model,13,12272.713828677513,12272.713828677513,25232189.96122869,25232189.96122869,0.0,optimal,545d8ca624cc
13,0.04,NHF,rolling,reset,model,14,6435.869617918994,6435.869617918994,21646936.7794959,21646936.7794959,0.0,optimal,545d8ca624cc
13,0.04,NHF,rolling,reset,model,15,9645.016684508684,9645.016684508686,23592280.534149762,23592280.534149762,0.0,optimal,545d8ca624cc
13,0.04,NDY,rolling,reset,model,1,10197.899507959786,10197.899507959786,22621000.061217804,22621000.06121781,-7.450580596923828e-09,optimal,545d8ca624cc
13,0.04,NDY,rolling,reset,model,2,10197.899507959786,10118.584192232936,23499103.895771574,23499103.895771578,-3.725290298461914e-09,optimal,545d8ca624cc
13,0.04,NDY,rolling,reset,model,3,10197.899507959786,10008.074663628953,24944166.450321674,,,infeasible,545d8ca624cc
13,0.04,NDY,rolling,reset,model,4,10197.899507959786,9905.385212589352,25878195.858153727,,,infeasible,545d8ca624cc
13,0.04,NDY,rolling,reset,model,5,10197.899507959784,9776.27452087734,26512630.971378487,,,infeasible,545d8ca624cc
13,0.04,NDY,rolling,reset,model,6,10197.899507959784,9685.71468238124,26065552.93964926,,,infeasible,545d8ca624cc
13,0.04,NDY,rolling,reset,model,7,10197.899507959783,9571.77631936999,25916949.61659672,,,infeasible,545d8ca624cc
13,0.04,NDY,rolling,reset,model,8,10197.899507959784,9481.024576952806,25803207.81344055,,,infeasible,545d8ca624cc
13,0.04,NDY,rolling,reset,model,9,10197.899507959783,9384.450182826475,25459879.144802686,,,infeasible,545d8ca624cc
13,0.04,NDY,rolling,reset,model,10,10197.899507959784,9306.2437301676,25047670.847543724,,,infeasible,545d8ca624cc
13,0.04,NDY,rolling,reset,model,11,10197.899507959792,9218.932371850795,24966542.67432907,,,infeasible,545d8ca624cc
13,0.04,NDY,rolling,reset,model,12,10197.899507959784,9135.302119616365,24729025.1133377,,,infeasible,545d8ca624cc
13,0.04,NDY,rolling,reset,model,13,10197.899507959783,9066.896086528566,24574170.367352888,,,infeasible,545d8ca624cc
13,0.04,NDY,rolling,reset,model,14,10197.899507959788,9006.082043690745,24444631.05356469,,,infeasible,545d8ca624cc
13,0.04,NDY,rolling,reset,model,15,10197.899507959792,8961.674047333201,24362828.187461987,,,infeasible,545d8ca624cc
13,0.04,-10%,rolling,reset,model,1,15198.947360924842,15198.947360924842,27006706.852908187,27006706.852908187,0.0,optimal,545d8ca624cc
13,0.04,-10%,rolling,reset,model,2,13679.052624832362,13674.250890854384,26368274.018203177,26368274.018203177,0.0,optimal,545d8ca624cc
13,0.04,-10%,rolling,reset,model,3,12311.147362349131,12292.217228902753,25743555.441309754,25743555.441309754,0.0,optimal,545d8ca624cc
13,0.04,-10%,rolling,reset,model,4,11080.032626114218,11062.97711190173,24865707.575042937,24865707.575042937,0.0,optimal,545d8ca624cc
13,0.04,-10%,rolling,reset,model,5,9972.029363502794,9954.487476806436,23843314.46036096,23843314.46036096,0.0,optimal,545d8ca624cc
13,0.04,-10%,rolling,reset,model,6,8974.826427152517,8959.03872785343,22241008.56538932,22241008.56538932,0.0,optimal,545d8ca624cc
13,0.04,-10%,rolling,reset,model,7,8077.343784437264,8077.343783943783,21178870.553156603,21178870.553156603,0.0,optimal,545d8ca624cc
13,0.04,-10%,rolling,reset,model,8,7269.609405993538,7269.609405695235,21004085.173773255,21004085.173773255,0.0,optimal,545d8ca624cc
13,0.04,-10%,rolling,reset,model,9,7187.417099674502,6926.504812482024,21375041.34579849,,,infeasible,545d8ca624cc
13,0.04,-10%,rolling,reset,model,10,6645.171391264029,7846.566085128525,22219607.39444362,22006078.281738255,213529.11270536482,suboptimal,545d8ca624cc
13,0.04,-10%,rolling,reset,model,11,7324.639064600205,7061.909480936382,22599151.565990668,,,infeasible,545d8ca624cc
13,0.04,-10%,rolling,reset,model,12,10352.021977021017,9364.650691380226,24082707.491685975,,,infeasible,545d8ca624cc
13,0.04,-10%,rolling,reset,model,13,9848.360790061917,9641.182514660451,23383119.645274043,,,infeasible,545d8ca624cc
13,0.04,-10%,rolling,reset,model,14,8863.524711055727,8677.064264766343,22012130.770725198,,,infeasible,545d8ca624cc
13,0.04,-10%,rolling,reset,model,15,7977.172239950155,7809.357835951076,21282948.762403566,,,infeasible,545d8ca624cc
13,0.04,-20%,rolling,reset,model,1,18502.13189406983,18502.13189406983,28217242.438227545,28217242.438227545,0.0,optimal,545d8ca624cc
13,0.04,-20%,rolling,reset,model,2,14801.705515255871,14798.33004148302,25338931.377499398,25338931.377499398,0.0,optimal,545d8ca624cc
13,0.04,-20%,rolling,reset,model,3,11841.364412204695,11838.487260047596,23150182.68125128,23150182.68125128,0.0,optimal,545d8ca624cc
13,0.04,-20%,rolling,reset,model,4,9473.091529763758,9470.789806864317,21571615.42758232,21571615.42758232,0.0,optimal,545d8ca624cc
13,0.04,-20%,rolling,reset,model,5,7578.473223811006,7576.631845779524,20692572.298803702,20692572.298801214,2.4884939193725586e-06,optimal,545d8ca624cc
13,0.04,-20%,rolling,reset,model,6,6062.778579048805,6061.305475301175,20686738.95282396,20686738.95282396,0.0,optimal,545d8ca624cc
13,0.04,-20%,rolling,reset,model,7,8327.086431900818,8327.086431900818,22550548.763494805,22550548.7634948,3.725290298461914e-09,optimal,545d8ca624cc
13,0.04,-20%,rolling,reset,model,8,8009.339789503735,7724.071360564811,22728571.751783222,,,infeasible,545d8ca624cc
13,0.04,-20%,rolling,reset,model,9,9047.426387234573,9394.959493007154,23371969.363502976,23329219.06629084,42750.29721213505,suboptimal,545d8ca624cc
13,0.04,-20%,rolling,reset,model,10,7266.411487987753,7515.967594557964,22003967.197192825,21973084.360243306,30882.836949519813,suboptimal,545d8ca624cc
13,0.04,-20%,rolling,reset,model,11,8817.159459758555,8530.843359603112,22659356.820116732,,,infeasible,545d8ca624cc
13,0.04,-20%,rolling,reset,model,12,8236.132965827055,8210.628282578635,22304131.557438634,22304131.557438638,-3.725290298461914e-09,optimal,545d8ca624cc
13,0.04,-20%,rolling,reset,model,13,9366.386467282617,9247.072806458094,22250287.53253777,,,infeasible,545d8ca624cc
13,0.04,-20%,rolling,reset,model,14,7535.4098881999835,7397.658243426058,20879770.61017838,,,infeasible,545d8ca624cc
13,0.04,-20%,rolling,reset,model,15,6537.43850758623,6727.530342959495,21264904.958653077,21241664.724331282,23240.234321795404,suboptimal,545d8ca624cc
13,0.04,+/-10%,rolling,reset,model,1,15201.212741202537,15201.212741202537,27004394.383053873,27004394.383053873,0.0,optimal,545d8ca624cc
13,0.04,+/-10%,rolling,reset,model,2,13681.09146708229,13670.291343191244,26365133.961226624,26365133.961226624,0.0,optimal,545d8ca624cc
13,0.04,+/-10%,rolling,reset,model,3,12312.982320374062,12295.272513900702,25741521.97369316,25741521.97369316,0.0,optimal,545d8ca624cc
13,0.04,+/-10%,rolling,reset,model,4,11081.684088336655,11065.239081539446,24898532.659196153,24898532.659196153,0.0,optimal,545d8ca624cc
13,0.04,+/-10%,rolling,reset,model,5,9973.51567950299,9958.715178631233,23819467.6133236,23819467.6133236,0.0,optimal,545d8ca624cc
13,0.04,+/-10%,rolling,reset,model,6,8976.164111552693,8962.843653636748,22202454.42021381,22202454.420318186,-0.00010437518358230591,optimal,545d8ca624cc
13,0.04,+/-10%,rolling,reset,model,7,8078.54770039742,8078.547701542035,21146895.311347645,21146895.31134717,4.731118679046631e-07,optimal,545d8ca624cc
13,0.04,+/-10%,rolling,reset,model,8,7270.69293035768,7270.692933608183,20953484.888168003,20953484.888168,3.725290298461914e-09,optimal,545d8ca624cc
13,0.04,+/-10%,rolling,reset,model,9,6668.5760066204875,6920.821353700574,21299424.054048166,21253843.114897445,45580.939150720835,suboptimal,545d8ca624cc
13,0.04,+/-10%,rolling,reset,model,10,7335.433607282537,7300.603345434747,22112231.57274132,22112231.57274132,0.0,optimal,545d8ca624cc
13,0.04,+/-10%,rolling,reset,model,11,8068.97696801079,8030.66368467703,23170441.865117785,23170441.865117785,0.0,optimal,545d8ca624cc
13,0.04,+/-10%,rolling,reset,model,12,8875.874664811876,8833.730049598562,23656840.6748788,23656840.674878795,3.725290298461914e-09,optimal,545d8ca624cc
13,0.04,+/-10%,rolling,reset,model,13,9763.462131293061,9669.085720934227,23411609.41962811,23411609.419628114,-3.725290298461914e-09,optimal,545d8ca624cc
13,0.04,+/-10%,rolling,reset,model,14,9034.022358179718,8702.177148379655,22013273.096947912,,,infeasible,545d8ca624cc
13,0.04,+/-10%,rolling,reset,model,15,8130.620122361747,7787.546922567256,21279363.289323777,,,infeasible,545d8ca624cc
13,0.04,+/-20%,rolling,reset,model,1,18501.364875150266,18501.364875150266,28207931.94654357,28207931.94654357,0.0,optimal,545d8ca624cc
13,0.04,+/-20%,rolling,reset,model,2,14801.091900120222,14798.966496378753,25285245.651900344,25285245.651900344,0.0,optimal,545d8ca624cc
13,0.04,+/-20%,rolling,reset,model,3,11840.873520096176,11839.173200011724,23086553.788449492,23086553.78844949,3.725290298461914e-09,optimal,545d8ca624cc
13,0.04,+/-20%,rolling,reset,model,4,9472.698816076942,9471.338560342232,21516499.706484288,21516499.706484288,0.0,optimal,545d8ca624cc
13,0.04,+/-20%,rolling,reset,model,5,7578.1590528615525,7577.07084683105,20673553.51726646,20673553.51724392,2.253800630569458e-05,optimal,545d8ca624cc
13,0.04,+/-20%,rolling,reset,model,6,6062.527242289243,6061.656678526175,20571334.906011138,20571334.906011138,0.0,optimal,545d8ca624cc
13,0.04,+/-20%,rolling,reset,model,7,7275.032690747091,7668.688820721785,22440613.562126067,22393549.895734526,47063.66639154032,suboptimal,545d8ca624cc
13,0.04,+/-20%,rolling,reset,model,8,8730.039228896509,8240.786214575943,23374609.241361838,,,infeasible,545d8ca624cc
13,0.04,+/-20%,rolling,reset,model,9,9856.15869540828,9956.58623495789,23703731.929176103,23703428.85373612,303.0754399821162,suboptimal,545d8ca624cc
13,0.04,+/-20%,rolling,reset,model,10,7884.926956326625,7965.268989345225,21764253.363358732,21763995.48863989,257.8747188411653,suboptimal,545d8ca624cc
13,0.04,+/-20%,rolling,reset,model,11,7891.790068738374,7449.0688367404655,21757826.126191642,,,infeasible,545d8ca624cc
13,0.04,+/-20%,rolling,reset,model,12,8158.660533089302,8423.157425871186,22402018.3175853,22369931.022882573,32087.294702727348,suboptimal,545d8ca624cc
13,0.04,+/-20%,rolling,reset,model,13,8314.33272612889,8707.988856103586,22066518.326406058,22020586.00017138,45932.32623467967,suboptimal,545d8ca624cc
13,0.04,+/-20%,rolling,reset,model,14,7811.748989605028,7415.547626278154,21268876.15906098,,,infeasible,545d8ca624cc
13,0.04,+/-20%,rolling,reset,model,15,7601.499360307105,7571.830474115472,21819413.307775266,21819413.307775266,0.0,optimal,545d8ca624cc
13,0.06,NHF,rolling,reset,model,1,34695.22407824382,34695.22407824382,21702228.738073356,21702228.738073356,0.0,optimal,545d8ca624cc
13,0.06,NHF,rolling,reset,model,2,6683.325043829204,6683.325043829204,8205747.003031143,8205747.003031143,0.0,optimal,545d8ca624cc
13,0.06,NHF,rolling,reset,model,3,4196.096454608575,4196.096454608575,8151659.019826901,8151659.019826901,0.0,optimal,545d8ca624cc
13,0.06,NHF,rolling,reset,model,4,4928.355100233229,4928.355100233229,10067849.152126243,10067849.152126243,0.0,optimal,545d8ca624cc
13,0.06,NHF,rolling,reset,model,5,5829.8033320192935,5829.8033320192935,12135753.496822674,12135753.496822674,0.0,optimal,545d8ca624cc
13,0.06,NHF,rolling,reset,model,6,6009.050883676176,6009.050883676176,14133746.183236687,14133746.183236687,0.0,optimal,545d8ca624cc
13,0.06,NHF,rolling,reset,model,7,11485.725660151382,11485.725660151382,17285836.906253748,17285836.906253748,0.0,optimal,545d8ca624cc
13,0.06,NHF,rolling,reset,model,8,10868.903646692237,10868.903646692239,16409297.591144135,16409297.591144135,0.0,optimal,545d8ca624cc
13,0.06,NHF,rolling,reset,model,9,12567.376153540961,12567.37615354096,14818435.837751755,14818435.837751755,0.0,optimal,545d8ca624cc
13,0.06,NHF,rolling,reset,model,10,4368.469459485738,4368.469459485738,9493555.840959597,9493555.840959597,0.0,optimal,545d8ca624cc
13,0.06,NHF,rolling,reset,model,11,5761.164433843695,5761.164433843695,11239066.952639952,11239066.952639952,0.0,optimal,545d8ca624cc
13,0.06,NHF,rolling,reset,model,12,4904.229035354147,4904.229035354147,12538632.411623556,12538632.411623556,0.0,optimal,545d8ca624cc
13,0.06,NHF,rolling,reset,model,13,12272.713828677513,12272.713828677513,15982678.717975236,15982678.717975236,0.0,optimal,545d8ca624cc
13,0.06,NHF,rolling,reset,model,14,6435.869617918994,6435.869617918994,12906550.703547843,12906550.703547843,0.0,optimal,545d8ca624cc
13,0.06,NHF,rolling,reset,model,15,9645.016684508684,9645.016684508686,14624049.9256012,14624049.9256012,0.0,optimal,545d8ca624cc
13,0.06,NDY,rolling,reset,model,1,10158.91684521931,10158.91684521931,13231998.198291449,13231998.198291447,1.862645149230957e-09,optimal,545d8ca624cc
13,0.06,NDY,rolling,reset,model,2,10158.91684521931,10022.493974655701,13499684.802222202,13493191.71366269,6493.088559512049,suboptimal,545d8ca624cc
13,0.06,NDY,rolling,reset,model,3,10158.916845219313,9920.692847060169,14342314.87908016,,,infeasible,545d8ca624cc
13,0.06,NDY,rolling,reset,model,4,10158.91684521931,9805.914807386047,15285352.135198863,,,infeasible,545d8ca624cc
13,0.06,NDY,rolling,reset,model,5,10158.91684521931,9698.556271011714,15838707.901590733,,,infeasible,545d8ca624cc
13,0.06,NDY,rolling,reset,model,6,10158.91684521931,9570.294320225414,15718798.604683742,,,infeasible,545d8ca624cc
13,0.06,NDY,rolling,reset,model,7,10158.916845219308,9484.13412422477,15635522.646131558,,,infeasible,545d8ca624cc
13,0.06,NDY,rolling,reset,model,8,10158.916845219306,9338.405366064566,15720936.037044855,,,infeasible,545d8ca624cc
13,0.06,NDY,rolling,reset,model,9,10158.916845219306,9263.132951751815,15431649.636722507,,,infeasible,545d8ca624cc
13,0.06,NDY,rolling,reset,model,10,10158.916845219308,9189.747999280858,14944381.491689408,,,infeasible,545d8ca624cc
13,0.06,NDY,rolling,reset,model,11,10158.916845219312,9126.126060725874,14909478.444833089,,,infeasible,545d8ca624cc
13,0.06,NDY,rolling,reset,model,12,10158.916845219308,9064.334087221632,14804556.691902125,,,infeasible,545d8ca624cc
13,0.06,NDY,rolling,reset,model,13,10158.91684521931,8966.008023328966,14818454.112402365,,,infeasible,545d8ca624cc
13,0.06,NDY,rolling,reset,model,14,10158.91684521931,8894.874894297522,14714433.32374342,,,infeasible,545d8ca624cc
13,0.06,NDY,rolling,reset,model,15,10158.916845219313,8817.00371671583,14778608.042276053,,,infeasible,545d8ca624cc
13,0.06,-10%,rolling,reset,model,1,15157.09434336197,15157.09434336197,16804782.88085577,16804782.88085577,0.0,optimal,545d8ca624cc
13,0.06,-10%,rolling,reset,model,2,13641.384909025775,13629.985531710263,16301395.692479815,16301395.692479815,0.0,optimal,545d8ca624cc
13,0.06,-10%,rolling,reset,model,3,12277.246418123195,12255.474833904318,15963856.338082446,15963856.338082446,0.0,optimal,545d8ca624cc
13,0.06,-10%,rolling,reset,model,4,11049.521776310874,11014.610845784337,15501241.463609155,15501241.46360916,-5.587935447692871e-09,optimal,545d8ca624cc
13,0.06,-10%,rolling,reset,model,5,9944.569598679785,9913.149764037093,14796463.20208365,14796463.202083658,-9.313225746154785e-09,optimal,545d8ca624cc
13,0.06,-10%,rolling,reset,model,6,8950.112638811812,8921.83478666343,13632425.40556913,13632425.405569112,1.862645149230957e-08,optimal,545d8ca624cc
13,0.06,-10%,rolling,reset,model,7,8055.1013749306285,8048.370156146152,12813524.559510741,12813524.559510745,-3.725290298461914e-09,optimal,545d8ca624cc
13,0.06,-10%,rolling,reset,model,8,7249.591237437567,7243.533139675942,12609850.630742127,12609850.630742127,0.0,optimal,545d8ca624cc
13,0.06,-10%,rolling,reset,model,9,6524.63211369381,6519.179826263374,12673205.12632258,12673205.126322577,3.725290298461914e-09,optimal,545d8ca624cc
13,0.06,-10%,rolling,reset,model,10,8106.697285087524,8063.552455090416,13793740.66310563,13793740.66310563,0.0,optimal,545d8ca624cc
13,0.06,-10%,rolling,reset,model,11,7296.027556578769,8224.196390198094,14028867.541885361,13836098.156518972,192769.38536638953,suboptimal,545d8ca624cc
13,0.06,-10%,rolling,reset,model,12,9486.764287763417,8566.048623879575,14312748.925665801,,,infeasible,545d8ca624cc
13,0.06,-10%,rolling,reset,model,13,9723.55824143914,9523.743080598162,14459220.85842981,,,infeasible,545d8ca624cc
13,0.06,-10%,rolling,reset,model,14,8751.202417295226,8571.368771979705,13405486.008907123,,,infeasible,545d8ca624cc
13,0.06,-10%,rolling,reset,model,15,7876.082175565702,7714.231893378526,12895465.576022504,,,infeasible,545d8ca624cc
13,0.06,-20%,rolling,reset,model,1,18455.417200205393,18455.417200205393,18209214.627012465,18209214.627012465,0.0,optimal,545d8ca624cc
13,0.06,-20%,rolling,reset,model,2,14764.33376016432,14754.261811781986,15873781.08504086,15873781.08504086,0.0,optimal,545d8ca624cc
13,0.06,-20%,rolling,reset,model,3,11811.46700813146,11786.546722454632,14327562.249878699,14327562.2498787,-1.862645149230957e-09,optimal,545d8ca624cc
13,0.06,-20%,rolling,reset,model,4,9449.173606505166,9429.237377962458,12950279.345283777,12950279.34528378,-3.725290298461914e-09,optimal,545d8ca624cc
13,0.06,-20%,rolling,reset,model,5,7559.338885204134,7543.389902999813,12134371.367205212,12134371.367205834,-6.221234798431396e-07,optimal,545d8ca624cc
13,0.06,-20%,rolling,reset,model,6,6047.471108163307,6034.711926631175,12032879.688425716,12032879.688425714,1.862645149230957e-09,optimal,545d8ca624cc
13,0.06,-20%,rolling,reset,model,7,7442.701102477001,7442.701101597689,13492246.302045578,13492246.302045578,0.0,optimal,545d8ca624cc
13,0.06,-20%,rolling,reset,model,8,7968.145147367579,7968.145148246891,14567333.103115637,14567333.103115434,2.0302832126617432e-07,optimal,545d8ca624cc
13,0.06,-20%,rolling,reset,model,9,10630.108778094049,10445.424402550043,15291066.092630297,,,infeasible,545d8ca624cc
13,0.06,-20%,rolling,reset,model,10,8504.08702247524,8356.33952000902,13432917.26941726,,,infeasible,545d8ca624cc
13,0.06,-20%,rolling,reset,model,11,6898.585391445081,7788.92857035233,13027981.737833358,12851131.540617373,176850.1972159855,suboptimal,545d8ca624cc
13,0.06,-20%,rolling,reset,model,12,8480.327238057498,7856.288280511137,13074331.918296658,,,infeasible,545d8ca624cc
13,0.06,-20%,rolling,reset,model,13,8261.60298015484,8327.73063592487,13179692.713291971,13179692.713291971,0.0,optimal,545d8ca624cc
13,0.06,-20%,rolling,reset,model,14,7095.7025684450455,7095.702569324358,12719571.921811448,12719571.921811448,0.0,optimal,545d8ca624cc
13,0.06,-20%,rolling,reset,model,15,7971.852905272047,7741.220538487625,13480231.487477994,,,infeasible,545d8ca624cc
13,0.06,+/-10%,rolling,reset,model,1,15156.45005081887,15156.45005081887,16804072.906249743,16804072.906249743,0.0,optimal,545d8ca624cc
13,0.06,+/-10%,rolling,reset,model,2,13640.805045736986,13626.159166027635,16300836.65555381,16300836.65555381,0.0,optimal,545d8ca624cc
13,0.06,+/-10%,rolling,reset,model,3,12276.724541163288,12257.159217854358,15942055.212279893,15942055.212279893,0.0,optimal,545d8ca624cc
13,0.06,+/-10%,rolling,reset,model,4,11049.052087046959,11023.056194691639,15543568.449627675,15543568.449627675,0.0,optimal,545d8ca624cc
13,0.06,+/-10%,rolling,reset,model,5,9944.146878342262,9920.750579405913,14848751.85576068,14848751.85576068,0.0,optimal,545d8ca624cc
13,0.06,+/-10%,rolling,reset,model,6,8949.73219050804,8928.675525871955,13643910.233600276,13643910.233600276,0.0,optimal,545d8ca624cc
13,0.06,+/-10%,rolling,reset,model,7,8054.758971457234,8046.11072729026,12825601.897013253,12825601.897013253,0.0,optimal,545d8ca624cc
13,0.06,+/-10%,rolling,reset,model,8,7249.283074311512,7241.499652282477,12634176.781999016,12634176.781999016,0.0,optimal,545d8ca624cc
13,0.06,+/-10%,rolling,reset,model,9,6747.348636842758,6844.708416533938,12719296.645325722,12694619.796294479,24676.849031243473,suboptimal,545d8ca624cc
13,0.06,+/-10%,rolling,reset,model,10,7422.083500527035,7529.179254875884,13444773.578256175,13426977.521898389,17796.05635778606,suboptimal,545d8ca624cc
13,0.06,+/-10%,rolling,reset,model,11,8164.291850579737,8326.743066038245,14158429.389877329,14141249.139103271,17180.250774057582,suboptimal,545d8ca624cc
13,0.06,+/-10%,rolling,reset,model,12,8980.721035637715,8677.092616481947,14423612.179078108,,,infeasible,545d8ca624cc
13,0.06,+/-10%,rolling,reset,model,13,9826.133301606655,9560.679843551654,14463618.336562201,,,infeasible,545d8ca624cc
13,0.06,+/-10%,rolling,reset,model,14,8843.519971445992,8604.611857412736,13368889.471701115,,,infeasible,545d8ca624cc
13,0.06,+/-10%,rolling,reset,model,15,7959.167974301391,7744.150670991273,12788875.67287436,,,infeasible,545d8ca624cc
13,0.06,+/-20%,rolling,reset,model,1,18460.565689523217,18460.565689523217,18208038.987991646,18208038.987991646,0.0,optimal,545d8ca624cc
13,0.06,+/-20%,rolling,reset,model,2,14768.45255161858,14749.046550333516,15869686.902123233,15869686.902123233,0.0,optimal,545d8ca624cc
13,0.06,+/-20%,rolling,reset,model,3,11814.762041294865,11789.28227510199,14324225.383312246,14324225.383312244,1.862645149230957e-09,optimal,545d8ca624cc
13,0.06,+/-20%,rolling,reset,model,4,9451.809633035891,9431.425820512666,13002137.612232273,13002137.612232273,0.0,optimal,545d8ca624cc
13,0.06,+/-20%,rolling,reset,model,5,7561.447706428714,7545.140653683301,12142887.095542314,12142887.095542314,0.0,optimal,545d8ca624cc
13,0.06,+/-20%,rolling,reset,model,6,6049.1581651429715,6036.112526311175,12046108.849689892,12046108.849689892,0.0,optimal,545d8ca624cc
13,0.06,+/-20%,rolling,reset,model,7,7258.989798171566,7258.989797363738,13517535.600931618,13517535.600931618,0.0,optimal,545d8ca624cc
13,0.06,+/-20%,rolling,reset,model,8,8575.406559093688,8596.00493558384,14837611.698187497,14837611.698187497,0.0,optimal,545d8ca624cc
13,0.06,+/-20%,rolling,reset,model,9,10290.487870912422,10197.559199092733,15005955.53798679,15005955.53798679,0.0,optimal,545d8ca624cc
13,0.06,+/-20%,rolling,reset,model,10,8232.39029672994,8158.047361636994,13225794.066592837,13225794.066592837,0.0,optimal,545d8ca624cc
13,0.06,+/-20%,rolling,reset,model,11,7196.366499681767,7602.306122317544,12899906.719436008,12828514.361042347,71392.35839366168,suboptimal,545d8ca624cc
13,0.06,+/-20%,rolling,reset,model,12,8237.544238201479,7800.693907525934,13125267.820145676,,,infeasible,545d8ca624cc
13,0.06,+/-20%,rolling,reset,model,13,8220.219255379592,8388.245031437244,13287502.84843023,13268382.84414336,19120.004286868498,suboptimal,545d8ca624cc
13,0.06,+/-20%,rolling,reset,model,14,7458.903525141895,7479.501900324127,12838495.84782379,12838495.84782379,0.0,optimal,545d8ca624cc
13,0.06,+/-20%,rolling,reset,model,15,8175.351016529602,7491.984842573133,13223075.473267796,,,infeasible,545d8ca624cc
14,0.0,NHF,rolling,reset,model,1,3039.77673154,3039.77673154,226677828.77420753,226677828.77420753,0.0,optimal,545d8ca624cc
14,0.0,NHF,rolling,reset,model,2,1482.1935561675,991.4634979199999,237443576.83404097,237423412.66805652,20164.16598445177,suboptimal,545d8ca624cc
14,0.0,NHF,rolling,reset,model,3,6092.511409751476,537.2011027499999,250231768.8463189,249930517.36644456,301251.4798743427,suboptimal,545d8ca624cc
14,0.0,NHF,rolling,reset,model,4,7005.131222150001,8761.921184327126,262055272.4977077,262013848.35069045,41424.147017240524,suboptimal,545d8ca624cc
14,0.0,NHF,rolling,reset,model,5,25540.58853561709,16568.044105980243,262299943.98371008,262299943.98371008,0.0,optimal,545d8ca624cc
14,0.0,NHF,rolling,reset,model,6,8115.598164541977,7559.004522922673,251742680.38343358,251742680.38343358,0.0,optimal,545d8ca624cc
14,0.0,NHF,rolling,reset,model,7,21962.274057210543,9813.582899974319,252475692.86584675,252475692.86584675,0.0,optimal,545d8ca624cc
14,0.0,NHF,rolling,reset,model,8,10639.664912238872,10809.304029868495,250550751.67032441,250548316.09047478,2435.5798496305943,suboptimal,545d8ca624cc
14,0.0,NHF,rolling,reset,model,9,6880.323846665833,9107.15560506757,247154677.9417948,247068583.69911557,86094.24267923832,suboptimal,545d8ca624cc
14,0.0,NHF,rolling,reset,model,10,502.9969775,7518.836449036709,245660401.49569637,236523288.39388135,9137113.101815015,suboptimal,545d8ca624cc
14,0.0,NHF,rolling,reset,model,11,755.13619268,9255.847711896442,245699747.79741487,237079716.97006166,8620030.82735321,suboptimal,545d8ca624cc
14,0.0,NHF,rolling,reset,model,12,1412.433861045,11827.965219196081,244028915.9915929,236162226.52914703,7866689.462445885,suboptimal,545d8ca624cc
14,0.0,NHF,rolling,reset,model,13,1631.70818446,8669.661028181898,238397953.33308116,231058115.65145406,7339837.681627095,suboptimal,545d8ca624cc
14,0.0,NHF,rolling,reset,model,14,5122.505768123637,9675.933714548033,237814679.96607322,237595919.3471212,218760.6189520061,suboptimal,545d8ca624cc
14,0.0,NHF,rolling,reset,model,15,73870.06523984965,10367.265125622507,236651103.03798062,,,infeasible,545d8ca624cc
14,0.0,NDY,rolling,reset,model,1,10244.736014332808,10244.736014332808,193040802.50303468,193040802.50303465,2.9802322387695312e-08,optimal,545d8ca624cc
14,0.0,NDY,rolling,reset,model,2,10244.73601433281,9572.494421361316,196734060.47674188,196598605.17338014,135455.3033617437,suboptimal,545d8ca624cc
14,0.0,NDY,rolling,reset,model,3,10244.736014332806,9156.817417802215,199712196.03103116,199276984.22746965,435211.80356150866,suboptimal,545d8ca624cc
14,0.0,NDY,rolling,reset,model,4,10244.73601433281,9104.76449521225,202195286.46190724,201764274.1959008,431012.2660064399,suboptimal,545d8ca624cc
14,0.0,NDY,rolling,reset,model,5,10244.736014332808,9218.395114539317,202935262.8468773,202674675.7419872,260587.1048901081,suboptimal,545d8ca624cc
14,0.0,NDY,rolling,reset,model,6,10244.736014332808,9241.070463657863,202641979.25396472,202403037.44348308,238941.81048163772,suboptimal,545d8ca624cc
14,0.0,NDY,rolling,reset,model,7,10244.73601433281,9126.572652344654,202467404.02707547,202123682.467472,343721.5596034825,suboptimal,545d8ca624cc
14,0.0,NDY,rolling,reset,model,8,10244.73601433281,9133.688583901268,202336224.91947305,201970895.92108744,365328.9983856082,suboptimal,545d8ca624cc
14,0.0,NDY,rolling,reset,model,9,10244.736014332806,9080.24401359238,202582835.67345595,202208463.7667461,374371.90670984983,suboptimal,545d8ca624cc
14,0.0,NDY,rolling,reset,model,10,10244.73601433281,9094.324218259237,202628101.9775949,202269146.86784896,358955.1097459495,suboptimal,545d8ca624cc
14,0.0,NDY,rolling,reset,model,11,10244.736014332806,9036.587168887234,202449958.6526236,202030887.0177588,419071.6348648071,suboptimal,545d8ca624cc
14,0.0,NDY,rolling,reset,model,12,10244.736014332806,9025.433409942018,202608326.9869264,202088334.18339813,519992.80352827907,suboptimal,545d8ca624cc
14,0.0,NDY,rolling,reset,model,13,10244.736014332813,9202.675452081434,202807476.42683852,202552752.32662764,254724.10021087527,suboptimal,545d8ca624cc
14,0.0,NDY,rolling,reset,model,14,10244.73601433281,9177.986035294618,202533104.5180132,202244339.15756515,288765.3604480624,suboptimal,545d8ca624cc
14,0.0,NDY,rolling,reset,model,15,10244.736014332804,9156.98327282261,202536599.93296972,202226834.15992248,309765.7730472386,suboptimal,545d8ca624cc
14,0.0,-10%,rolling,reset,model,1,3840.034836815786,3840.034836815786,203701824.37902755,203701824.37902755,0.0,optimal,545d8ca624cc
14,0.0,-10%,rolling,reset,model,2,3456.031353134207,3428.3920934309585,212491056.15168947,212491056.1516895,-2.9802322387695312e-08,optimal,545d8ca624cc
14,0.0,-10%,rolling,reset,model,3,3110.4282178207864,4527.157404219999,221409969.46814758,221408962.30518526,1007.1629623174667,suboptimal,545d8ca624cc
14,0.0,-10%,rolling,reset,model,4,14612.968621622678,12863.470057033424,228972380.11663127,228966048.32586062,6331.79077064991,suboptimal,545d8ca624cc
14,0.0,-10%,rolling,reset,model,5,14087.49916294556,13996.5433140793,225523881.25304687,225523881.25304687,0.0,optimal,545d8ca624cc
14,0.0,-10%,rolling,reset,model,6,12678.749246651005,12513.353692293142,218958993.83426756,218958848.57252577,145.2617417871952,optimal,545d8ca624cc
14,0.0,-10%,rolling,reset,model,7,11410.874321985906,11360.655562310803,214449633.03517854,214449633.03517854,0.0,optimal,545d8ca624cc
14,0.0,-10%,rolling,reset,model,8,10269.786889787316,10457.913925626925,211455958.01011008,211455893.25891358,64.75119650363922,optimal,545d8ca624cc
14,0.0,-10%,rolling,reset,model,9,9242.808200808582,10128.834844133522,210087794.56409988,210085398.90664953,2395.657450348139,suboptimal,545d8ca624cc
14,0.0,-10%,rolling,reset,model,10,10942.375312288217,10127.838143333196,208977531.01315516,208868005.69416213,109525.31899303198,suboptimal,545d8ca624cc
14,0.0,-10%,rolling,reset,model,11,15614.595357922279,9219.514203954963,207788442.14683327,,,infeasible,545d8ca624cc
14,0.0,-10%,rolling,reset,model,12,14053.135822130052,8879.91436832448,207861316.50550044,200257962.93501076,7603353.570489675,suboptimal,545d8ca624cc
14,0.0,-10%,rolling,reset,model,13,12647.822239917046,7123.273584239123,208096578.4804584,204732186.14898124,3364392.331477165,suboptimal,545d8ca624cc
14,0.0,-10%,rolling,reset,model,14,11383.040015925342,6651.324733834673,210770572.16705838,209504910.66962335,1265661.4974350333,suboptimal,545d8ca624cc
14,0.0,-10%,rolling,reset,model,15,10244.736014332806,6892.94585917176,213954769.85403234,213670922.15243644,283847.70159590244,suboptimal,545d8ca624cc
14,0.0,-20%,rolling,reset,model,1,4375.6060813799995,4375.6060813799995,205955625.22958592,205955625.22958592,0.0,optimal,545d8ca624cc
14,0.0,-20%,rolling,reset,model,2,3500.4848651039993,2082.9139026275,214361241.7941413,214359236.98487684,2004.8092644512653,suboptimal,545d8ca624cc
14,0.0,-20%,rolling,reset,model,3,3768.3412667534367,4022.7301425728883,224560560.71627653,224560251.88683984,308.82943668961525,suboptimal,545d8ca624cc
14,0.0,-20%,rolling,reset,model,4,13592.105601621715,11856.19666943059,232718920.50870115,232715328.2916292,3592.2170719504356,suboptimal,545d8ca624cc
14,0.0,-20%,rolling,reset,model,5,15837.602356331658,17483.638340499194,230666417.51174507,230586426.28779057,79991.22395449877,suboptimal,545d8ca624cc
14,0.0,-20%,rolling,reset,model,6,12670.081885065325,13585.308818081354,219917589.64539042,219914288.82809955,3300.8172908723354,suboptimal,545d8ca624cc
14,0.0,-20%,rolling,reset,model,7,10136.065508052263,9987.888478906,213643087.71984997,213643017.53049338,70.18935659527779,optimal,545d8ca624cc
14,0.0,-20%,rolling,reset,model,8,8108.852406441809,8258.401897709742,212722726.3588911,212722712.9179994,13.440891712903976,optimal,545d8ca624cc
14,0.0,-20%,rolling,reset,model,9,6487.0819251534485,9271.48936786625,214306431.3220341,214238936.6190384,67494.70299568772,suboptimal,545d8ca624cc
14,0.0,-20%,rolling,reset,model,10,7732.9331779469685,11439.470594005303,214107424.9429488,213991905.28440958,115519.65853920579,suboptimal,545d8ca624cc
14,0.0,-20%,rolling,reset,model,11,14031.01804684325,10205.013724141814,210968706.04908907,210412581.27154619,556124.7775428891,suboptimal,545d8ca624cc
14,0.0,-20%,rolling,reset,model,12,20009.250027993756,9397.568775608506,209434489.13889512,,,infeasible,545d8ca624cc
14,0.0,-20%,rolling,reset,model,13,16007.400022395008,7643.879757811665,209257366.18341476,205032179.81733108,4225186.366083682,suboptimal,545d8ca624cc
14,0.0,-20%,rolling,reset,model,14,12805.920017916009,5495.213606142501,211314535.7793653,210370381.31659716,944154.4627681375,suboptimal,545d8ca624cc
14,0.0,-20%,rolling,reset,model,15,10244.736014332806,5663.2215440425,215916547.56187356,215814303.0744378,102244.48743575811,suboptimal,545d8ca624cc
14,0.0,+/-10%,rolling,reset,model,1,6328.961133853718,6328.961133853718,202697429.53636113,202697429.53636113,0.0,optimal,545d8ca624cc
14,0.0,+/-10%,rolling,reset,model,2,6961.857247239091,6946.921674787624,209444058.45091933,209444058.45091933,0.0,optimal,545d8ca624cc
14,0.0,+/-10%,rolling,reset,model,3,7658.042971963,8162.84667857099,214551013.94710237,214472646.09063286,78367.85646951199,suboptimal,545d8ca624cc
14,0.0,+/-10%,rolling,reset,model,4,8423.8472691593,9069.630329823221,217595759.5507711,217498558.30506176,97201.24570932984,suboptimal,545d8ca624cc
14,0.0,+/-10%,rolling,reset,model,5,9266.23199607523,11933.19825561942,218729032.87375966,218603179.59610036,125853.27765929699,suboptimal,545d8ca624cc
14,0.0,+/-10%,rolling,reset,model,6,10192.855195682752,10863.34208643571,214766823.04028186,214762615.2682166,4207.772065252066,suboptimal,545d8ca624cc
14,0.0,+/-10%,rolling,reset,model,7,11212.140715251031,10415.469986360342,212919075.09576288,212865885.53509846,53189.56066441536,suboptimal,545d8ca624cc
14,0.0,+/-10%,rolling,reset,model,8,10879.222516693066,9659.44004250151,211102673.19447663,211076939.40920952,25733.78526711464,suboptimal,545d8ca624cc
14,0.0,+/-10%,rolling,reset,model,9,11967.144768362368,10499.21009198367,210718186.65337935,209931928.84851295,786257.8048664033,suboptimal,545d8ca624cc
14,0.0,+/-10%,rolling,reset,model,10,13163.859245198606,9636.022403359504,208975653.6021938,205345957.9657118,3629695.6364820004,suboptimal,545d8ca624cc
14,0.0,+/-10%,rolling,reset,model,11,14480.245169718472,8976.804716522453,208413420.77504912,197357593.1569347,11055827.618114412,suboptimal,545d8ca624cc
14,0.0,+/-10%,rolling,reset,model,12,14053.135822130049,8716.904048635008,208778401.60725307,200972034.00018814,7806367.607064933,suboptimal,545d8ca624cc
14,0.0,+/-10%,rolling,reset,model,13,12647.822239917048,7645.7783124603675,209425364.67797753,206250038.77656868,3175325.901408851,suboptimal,545d8ca624cc
14,0.0,+/-10%,rolling,reset,model,14,11383.040015925344,7166.623840496795,211530606.36566198,210584883.3924201,945722.9732418656,suboptimal,545d8ca624cc
14,0.0,+/-10%,rolling,reset,model,15,10244.736014332808,9215.59852001472,213795870.02144632,213734385.74309257,61484.278353750706,suboptimal,545d8ca624cc
14,0.0,+/-20%,rolling,reset,model,1,5098.551101837053,5098.551101837053,204885065.53629568,204885065.53629568,0.0,optimal,545d8ca624cc
14,0.0,+/-20%,rolling,reset,model,2,6118.261322204463,6236.263700742426,212733355.58885482,212723486.30400032,9869.284854501486,suboptimal,545d8ca624cc
14,0.0,+/-20%,rolling,reset,model,3,7341.913586645356,7993.4995573411215,218909500.23525864,218856246.45074007,53253.78451856971,suboptimal,545d8ca624cc
14,0.0,+/-20%,rolling,reset,model,4,8810.29630397443,9810.312368371102,222629857.0909922,222541742.73539352,88114.35559868813,suboptimal,545d8ca624cc
14,0.0,+/-20%,rolling,reset,model,5,10572.355564769312,14182.740539414799,222566600.85855606,222466632.99081776,99967.86773830652,suboptimal,545d8ca624cc
14,0.0,+/-20%,rolling,reset,model,6,12686.826677723175,9864.721369171284,215255573.48638424,215202348.68618286,53224.80020138621,suboptimal,545d8ca624cc
14,0.0,+/-20%,rolling,reset,model,7,10149.46134217854,10354.515221266001,214633095.19503015,214632150.09392875,945.101101398468,suboptimal,545d8ca624cc
14,0.0,+/-20%,rolling,reset,model,8,8119.569073742832,8735.751858849393,212928635.00266945,212901711.54905924,26923.45361021161,suboptimal,545d8ca624cc
14,0.0,+/-20%,rolling,reset,model,9,9641.427446323216,10025.84182162625,213981942.8784654,213975334.73826802,6608.140197396278,suboptimal,545d8ca624cc
14,0.0,+/-20%,rolling,reset,model,10,11569.712935587862,10720.113407077803,212917393.04542655,212910942.93123662,6450.11418992281,suboptimal,545d8ca624cc
14,0.0,+/-20%,rolling,reset,model,11,13883.655522705432,10522.848487184312,211097387.29213992,210080349.19523406,1017038.0969058573,suboptimal,545d8ca624cc
14,0.0,+/-20%,rolling,reset,model,12,16660.386627246524,9446.510901617203,209213842.1036084,202441946.25191876,6771895.851689637,suboptimal,545d8ca624cc
14,0.0,+/-20%,rolling,reset,model,13,16007.400022395006,6889.832045692865,208845101.63828823,203118539.06219506,5726562.576093167,suboptimal,545d8ca624cc
14,0.0,+/-20%,rolling,reset,model,14,12805.920017916007,6510.729790463538,211723983.38727504,211019915.13203505,704068.2552399933,suboptimal,545d8ca624cc
14,0.0,+/-20%,rolling,reset,model,15,10244.736014332808,7765.973892935882,215397267.61269093,215374063.3831425,23204.229548424482,suboptimal,545d8ca624cc
14,0.02,NHF,rolling,reset,model,1,32570.9740198435,32570.9740198435,54836814.13219856,54836814.13219856,0.0,optimal,545d8ca624cc
14,0.02,NHF,rolling,reset,model,2,3475.607154674005,4007.338786713759,38293835.46706552,38292523.21866995,1312.2483955696225,suboptimal,545d8ca624cc
14,0.02,NHF,rolling,reset,model,3,6826.2570297900065,6244.789105749324,43433516.71387002,43430091.55197086,3425.1618991568685,suboptimal,545d8ca624cc
14,0.02,NHF,rolling,reset,model,4,2096.4167587293346,4007.7819746799028,46623638.37332712,46601268.88635796,22369.486969158053,suboptimal,545d8ca624cc
14,0.02,NHF,rolling,reset,model,5,15388.863774618325,13143.524036384299,52488149.78846731,,,infeasible,545d8ca624cc
14,0.02,NHF,rolling,reset,model,6,5025.847288576255,5025.847288576255,46549933.11956965,46549933.11956965,0.0,optimal,545d8ca624cc
14,0.02,NHF,rolling,reset,model,7,11396.871380231298,11396.871380231298,50891423.98328053,50891423.98328053,0.0,optimal,545d8ca624cc
14,0.02,NHF,rolling,reset,model,8,11071.87396622426,11071.87396622426,48164565.53404457,48164565.53404457,0.0,optimal,545d8ca624cc
14,0.02,NHF,rolling,reset,model,9,9268.292669050565,8951.357606880543,44266331.38739308,,,infeasible,545d8ca624cc
14,0.02,NHF,rolling,reset,model,10,3682.1300102863415,4676.973271163565,42327799.27555647,42261364.01373964,66435.26181682944,suboptimal,545d8ca624cc
14,0.02,NHF,rolling,reset,model,11,5825.861412516676,8077.995883544533,46498965.98480169,46349376.73893667,149589.24586501718,suboptimal,545d8ca624cc
14,0.02,NHF,rolling,reset,model,12,4564.011042504272,4106.756420400895,46475479.065366656,,,infeasible,545d8ca624cc
14,0.02,NHF,rolling,reset,model,13,15609.561500216281,15183.81441510598,51477205.11881117,,,infeasible,545d8ca624cc
14,0.02,NHF,rolling,reset,model,14,6551.1605882996355,3912.9987159234815,43229744.33715833,,,infeasible,545d8ca624cc
14,0.02,NHF,rolling,reset,model,15,13590.810995807236,11321.713064180232,48619334.17990066,,,infeasible,545d8ca624cc
14,0.02,NDY,rolling,reset,model,1,10244.736014332806,10244.736014332806,50999519.046365924,50999519.046365924,0.0,optimal,545d8ca624cc
14,0.02,NDY,rolling,reset,model,2,10244.736014332808,10210.622914281663,53026308.71511966,53026308.71511965,7.450580596923828e-09,optimal,545d8ca624cc
14,0.02,NDY,rolling,reset,model,3,10244.736014332806,10103.80858394437,55029472.30153614,,,infeasible,545d8ca624cc
14,0.02,NDY,rolling,reset,model,4,10244.736014332808,10001.341908270933,56119144.14835075,,,infeasible,545d8ca624cc
14,0.02,NDY,rolling,reset,model,5,10244.73601433281,9898.930103464192,56714558.21178818,,,infeasible,545d8ca624cc
14,0.02,NDY,rolling,reset,model,6,10244.73601433281,9797.355885293566,55712290.79619594,,,infeasible,545d8ca624cc
14,0.02,NDY,rolling,reset,model,7,10244.73601433281,9707.545591197053,55319323.60876887,,,infeasible,545d8ca624cc
14,0.02,NDY,rolling,reset,model,8,10244.736014332806,9625.007681203318,55087180.537510164,,,infeasible,545d8ca624cc
14,0.02,NDY,rolling,reset,model,9,10244.736014332808,9543.820017320777,54733359.91934606,,,infeasible,545d8ca624cc
14,0.02,NDY,rolling,reset,model,10,10244.736014332808,9476.783551628321,54047430.83040912,,,infeasible,545d8ca624cc
14,0.02,NDY,rolling,reset,model,11,10244.736014332808,9404.321089680743,53820641.297221765,,,infeasible,545d8ca624cc
14,0.02,NDY,rolling,reset,model,12,10244.736014332808,9343.6801125904,53365159.51106034,,,infeasible,545d8ca624cc
14,0.02,NDY,rolling,reset,model,13,10244.736014332806,9278.07448074168,53234077.351180926,,,infeasible,545d8ca624cc
14,0.02,NDY,rolling,reset,model,14,10244.736014332806,9223.832458079392,52928378.362495594,,,infeasible,545d8ca624cc
14,0.02,NDY,rolling,reset,model,15,10244.736014332806,9172.949171502785,52502895.26507856,,,infeasible,545d8ca624cc
14,0.02,-10%,rolling,reset,model,1,14994.123432341463,14994.123432341463,54167584.71543608,54167584.71543608,0.0,optimal,545d8ca624cc
14,0.02,-10%,rolling,reset,model,2,13494.711089107313,13475.412041796135,53234815.723349996,53234815.723349996,0.0,optimal,545d8ca624cc
14,0.02,-10%,rolling,reset,model,3,12145.239980196584,12140.22745948545,51742175.30421118,51742175.30421118,0.0,optimal,545d8ca624cc
14,0.02,-10%,rolling,reset,model,4,10930.715982176927,10910.991118852397,50583716.58939885,50583716.58939885,0.0,optimal,545d8ca624cc
14,0.02,-10%,rolling,reset,model,5,9837.644383959236,9788.591908511145,49111590.349276006,49111590.349276006,0.0,optimal,545d8ca624cc
14,0.02,-10%,rolling,reset,model,6,8853.87994556331,8809.73271648268,47033620.333345585,47033620.333346516,-9.313225746154785e-07,optimal,545d8ca624cc
14,0.02,-10%,rolling,reset,model,7,8335.922363803284,8335.922363968733,46395438.03089165,46395438.03088767,3.978610038757324e-06,optimal,545d8ca624cc
14,0.02,-10%,rolling,reset,model,8,8412.375004152786,8753.32433275525,46412653.41854631,46391440.79589221,21212.622654102743,suboptimal,545d8ca624cc
14,0.02,-10%,rolling,reset,model,9,7571.137503737506,7877.9918972703,45412242.65065147,45401793.066675626,10449.583975844085,suboptimal,545d8ca624cc
14,0.02,-10%,rolling,reset,model,10,6814.023753363754,7090.192708980453,45674895.24810713,45664708.949993685,10186.298113442957,suboptimal,545d8ca624cc
14,0.02,-10%,rolling,reset,model,11,6132.62137802738,7111.996540088086,46682911.61316277,46605479.53835529,77432.07480747998,suboptimal,545d8ca624cc
14,0.02,-10%,rolling,reset,model,12,8684.712246461884,8761.58531827214,47894783.769527666,47894783.769527666,0.0,optimal,545d8ca624cc
14,0.02,-10%,rolling,reset,model,13,11088.70991130029,8543.639757521009,47367231.778696515,,,infeasible,545d8ca624cc
14,0.02,-10%,rolling,reset,model,14,11383.04001592534,8131.090377638519,47059453.84788865,,,infeasible,545d8ca624cc
14,0.02,-10%,rolling,reset,model,15,10244.736014332806,9144.652541050606,47218898.172501855,,,infeasible,545d8ca624cc
14,0.02,-20%,rolling,reset,model,1,18274.98399762543,18274.98399762543,54406897.8493143,54406897.8493143,0.0,optimal,545d8ca624cc
14,0.02,-20%,rolling,reset,model,2,14619.987198100343,14580.191570839605,50588315.24848953,50588315.24848953,0.0,optimal,545d8ca624cc
14,0.02,-20%,rolling,reset,model,3,11695.989758480273,11194.475105101694,47618789.91596508,47616769.46994655,2020.4460185319185,suboptimal,545d8ca624cc
14,0.02,-20%,rolling,reset,model,4,9356.791806784222,9347.838267972607,46595271.21496368,46595271.21496371,-2.9802322387695312e-08,optimal,545d8ca624cc
14,0.02,-20%,rolling,reset,model,5,7485.433445427376,7936.614973179853,46103433.02627661,46076875.30375199,26557.722524620593,suboptimal,545d8ca624cc
14,0.02,-20%,rolling,reset,model,6,5988.346756341901,6349.291974038925,45958166.120115355,45940409.673052646,17756.447062708437,suboptimal,545d8ca624cc
14,0.02,-20%,rolling,reset,model,7,8919.481722766091,8919.48172115368,48193388.459011525,48193388.459011525,0.0,optimal,545d8ca624cc
14,0.02,-20%,rolling,reset,model,8,9176.355000471121,9584.310461820323,47880910.00352602,47857744.31787396,23165.685652054846,suboptimal,545d8ca624cc
14,0.02,-20%,rolling,reset,model,9,7341.084000376897,7667.4483710034965,46139071.1604476,46124257.084069505,14814.07637809217,suboptimal,545d8ca624cc
14,0.02,-20%,rolling,reset,model,10,7525.057957984958,8356.01300893724,46636847.75775607,46591985.4607276,44862.29702846706,suboptimal,545d8ca624cc
14,0.02,-20%,rolling,reset,model,11,8401.843128829943,6779.432296274441,46172362.24743628,,,infeasible,545d8ca624cc
14,0.02,-20%,rolling,reset,model,12,8416.33829701078,9402.69760897292,47829125.74174975,47754798.746935174,74326.99481457472,suboptimal,545d8ca624cc
14,0.02,-20%,rolling,reset,model,13,9375.814871415581,8487.838750007575,46458114.99476075,,,infeasible,545d8ca624cc
14,0.02,-20%,rolling,reset,model,14,10508.186069079411,6790.270999296735,45934057.95941449,,,infeasible,545d8ca624cc
14,0.02,-20%,rolling,reset,model,15,10244.736014332806,9994.742620049863,47870172.24056244,,,infeasible,545d8ca624cc
14,0.02,+/-10%,rolling,reset,model,1,15005.88173765638,15005.88173765638,54159118.94178213,54159118.94178213,0.0,optimal,545d8ca624cc
14,0.02,+/-10%,rolling,reset,model,2,13505.293563890742,13469.738077754779,53217731.56325214,53217731.56325214,0.0,optimal,545d8ca624cc
14,0.02,+/-10%,rolling,reset,model,3,12154.764207501668,12131.270851622248,51756958.13424688,51756958.13424688,0.0,optimal,545d8ca624cc
14,0.02,+/-10%,rolling,reset,model,4,10939.287786751502,10906.39687860668,50541898.26353278,50541898.26353278,0.0,optimal,545d8ca624cc
14,0.02,+/-10%,rolling,reset,model,5,9845.359008076353,9779.126043142682,49154012.96381619,49154012.96381619,0.0,optimal,545d8ca624cc
14,0.02,+/-10%,rolling,reset,model,6,8860.823107268718,8801.213441420563,47090071.65834798,47090071.65834798,0.0,optimal,545d8ca624cc
14,0.02,+/-10%,rolling,reset,model,7,8365.300873021079,8365.300875329998,46396584.196896136,46396584.196896136,0.0,optimal,545d8ca624cc
14,0.02,+/-10%,rolling,reset,model,8,8017.121651210691,8682.028181399193,46380458.34599308,46331538.341681555,48920.00431152433,suboptimal,545d8ca624cc
14,0.02,+/-10%,rolling,reset,model,9,7215.409486089623,7813.825362134691,45609476.13185228,45571259.38625517,38216.7455971092,suboptimal,545d8ca624cc
14,0.02,+/-10%,rolling,reset,model,10,7218.608808688051,7034.260640048224,45859705.53802375,,,infeasible,545d8ca624cc
14,0.02,+/-10%,rolling,reset,model,11,7940.469689556859,7686.570168754783,46992731.11919089,,,infeasible,545d8ca624cc
14,0.02,+/-10%,rolling,reset,model,12,8734.516658512544,8455.227189005245,47564038.83075242,,,infeasible,545d8ca624cc
14,0.02,+/-10%,rolling,reset,model,13,9607.9683243638,8375.358422760753,47327968.566430405,,,infeasible,545d8ca624cc
14,0.02,+/-10%,rolling,reset,model,14,10568.765156800184,8705.431523353811,47250755.65056951,,,infeasible,545d8ca624cc
14,0.02,+/-10%,rolling,reset,model,15,10244.736014332806,8964.816371516003,46704067.70731988,,,infeasible,545d8ca624cc
14,0.02,+/-20%,rolling,reset,model,1,17891.18786015801,17891.18786015801,54390104.10457871,54390104.10457871,0.0,optimal,545d8ca624cc
14,0.02,+/-20%,rolling,reset,model,2,14312.95028812641,14311.267084550835,50826744.88603089,50826744.88603089,0.0,optimal,545d8ca624cc
14,0.02,+/-20%,rolling,reset,model,3,11450.360230501126,11461.757570988542,48250475.99969605,48250475.99969605,0.0,optimal,545d8ca624cc
14,0.02,+/-20%,rolling,reset,model,4,9160.288184400904,9147.090894048584,46942965.89193038,46942965.89193038,0.0,optimal,545d8ca624cc
14,0.02,+/-20%,rolling,reset,model,5,8531.550305963816,8515.96934095258,46914559.86440909,46914559.86440909,0.0,optimal,545d8ca624cc
14,0.02,+/-20%,rolling,reset,model,6,6825.240244771054,6825.240242497307,46111941.73918022,46111941.739180215,7.450580596923828e-09,optimal,545d8ca624cc
14,0.02,+/-20%,rolling,reset,model,7,8190.288293725264,8190.288292574082,47775421.57595679,47775421.57595679,0.0,optimal,545d8ca624cc
14,0.02,+/-20%,rolling,reset,model,8,9828.34595247032,9938.119055060039,48268707.59717746,48268013.214476675,694.3827007859945,suboptimal,545d8ca624cc
14,0.02,+/-20%,rolling,reset,model,9,7862.676761976257,7950.495243593599,46343803.80565565,46343354.08111491,449.72454074025154,suboptimal,545d8ca624cc
14,0.02,+/-20%,rolling,reset,model,10,6627.115794562358,8323.54123776894,46386401.32122705,46235844.43959113,150556.8816359192,suboptimal,545d8ca624cc
14,0.02,+/-20%,rolling,reset,model,11,7952.538953474832,6958.035698506521,45923813.804781884,,,infeasible,545d8ca624cc
14,0.02,+/-20%,rolling,reset,model,12,7972.511054604607,8349.642836806453,47247971.61245402,47230449.171989776,17522.440464243293,suboptimal,545d8ca624cc
14,0.02,+/-20%,rolling,reset,model,13,9567.013265525531,8994.339451482729,47164125.52120945,,,infeasible,545d8ca624cc
14,0.02,+/-20%,rolling,reset,model,14,11480.415918630637,7328.383326396717,46077109.547493555,,,infeasible,545d8ca624cc
14,0.02,+/-20%,rolling,reset,model,15,10244.736014332808,9667.962156421005,47430847.00576253,,,infeasible,545d8ca624cc
14,0.04,NHF,rolling,reset,model,1,36415.46988908768,36415.46988908768,31029633.774643365,31029633.774643365,0.0,optimal,545d8ca624cc
14,0.04,NHF,rolling,reset,model,2,4284.559371250594,4284.559371250594,13496746.589602118,13496746.589602118,0.0,optimal,545d8ca624cc
14,0.04,NHF,rolling,reset,model,3,5653.837812986466,5653.837812986466,15905555.119506076,15905555.119506076,0.0,optimal,545d8ca624cc
14,0.04,NHF,rolling,reset,model,4,4039.000030347178,4039.000030347178,17441299.618284132,17441299.618284132,0.0,optimal,545d8ca624cc
14,0.04,NHF,rolling,reset,model,5,5767.723376637069,5767.723376637069,21087385.344843995,21087385.344843995,0.0,optimal,545d8ca624cc
14,0.04,NHF,rolling,reset,model,6,5025.847288576255,5025.847288576255,23374371.63149005,23374371.63149005,0.0,optimal,545d8ca624cc
14,0.04,NHF,rolling,reset,model,7,11704.75352174746,11704.75352174746,28073427.306831032,28073427.306831032,0.0,optimal,545d8ca624cc
14,0.04,NHF,rolling,reset,model,8,12500.119174820224,12500.11917482022,26635522.358315345,26635522.358315345,0.0,optimal,545d8ca624cc
14,0.04,NHF,rolling,reset,model,9,11323.24316882797,11323.243168827968,22610749.952507406,22610749.952507406,0.0,optimal,545d8ca624cc
14,0.04,NHF,rolling,reset,model,10,6123.1349917095,6123.1349917095,18293401.08154995,18293401.08154995,0.0,optimal,545d8ca624cc
14,0.04,NHF,rolling,reset,model,11,5769.340196646356,5769.340196646356,19047962.30474241,19047962.30474241,0.0,optimal,545d8ca624cc
14,0.04,NHF,rolling,reset,model,12,4325.427200251448,4325.427200251448,20629862.63809206,20629862.63809206,0.0,optimal,545d8ca624cc
14,0.04,NHF,rolling,reset,model,13,12027.506831064284,12027.506831064282,24818477.535538778,24818477.535538778,0.0,optimal,545d8ca624cc
14,0.04,NHF,rolling,reset,model,14,4759.305180834448,4759.305180834448,21332192.10333199,21332192.10333199,0.0,optimal,545d8ca624cc
14,0.04,NHF,rolling,reset,model,15,11820.605573533361,11820.605573533361,25377254.049629882,25377254.049629882,0.0,optimal,545d8ca624cc
14,0.04,NDY,rolling,reset,model,1,10244.736014332808,10244.736014332808,22837361.075979907,22837361.075979907,0.0,optimal,545d8ca624cc
14,0.04,NDY,rolling,reset,model,2,10244.736014332804,10126.574742888213,23592004.4234668,23587384.005347926,4620.418118875474,suboptimal,545d8ca624cc
14,0.04,NDY,rolling,reset,model,3,10244.736014332806,10016.905443078846,25004817.640189987,,,infeasible,545d8ca624cc
14,0.04,NDY,rolling,reset,model,4,10244.736014332808,9915.197444042486,25928523.309387367,,,infeasible,545d8ca624cc
14,0.04,NDY,rolling,reset,model,5,10244.736014332806,9786.175104775444,26615176.025599223,,,infeasible,545d8ca624cc
14,0.04,NDY,rolling,reset,model,6,10244.736014332804,9671.645664269086,26030715.174370077,,,infeasible,545d8ca624cc
14,0.04,NDY,rolling,reset,model,7,10244.73601433281,9566.153615317286,25915091.034511827,,,infeasible,545d8ca624cc
14,0.04,NDY,rolling,reset,model,8,10244.736014332808,9471.46482026816,25797208.96519887,,,infeasible,545d8ca624cc
14,0.04,NDY,rolling,reset,model,9,10244.736014332808,9382.459574987093,25361124.214440115,,,infeasible,545d8ca624cc
14,0.04,NDY,rolling,reset,model,10,10244.736014332806,9305.06465647358,25151330.760317206,,,infeasible,545d8ca624cc
14,0.04,NDY,rolling,reset,model,11,10244.736014332806,9239.068187840307,24947112.738508224,,,infeasible,545d8ca624cc
14,0.04,NDY,rolling,reset,model,12,10244.736014332811,9157.500623316217,24757865.12966806,,,infeasible,545d8ca624cc
14,0.04,NDY,rolling,reset,model,13,10244.736014332808,9074.452757554149,24654856.065134052,,,infeasible,545d8ca624cc
14,0.04,NDY,rolling,reset,model,14,10244.73601433281,9010.764392759454,24429635.06631018,,,infeasible,545d8ca624cc
14,0.04,NDY,rolling,reset,model,15,10244.736014332806,8961.550319701939,24550457.30529694,,,infeasible,545d8ca624cc
14,0.04,-10%,rolling,reset,model,1,15034.962779790694,15034.962779790694,26991319.806113467,26991319.806113467,0.0,optimal,545d8ca624cc
14,0.04,-10%,rolling,reset,model,2,13531.466501811625,13527.157911085067,26208440.47295433,26208440.47295433,0.0,optimal,545d8ca624cc
14,0.04,-10%,rolling,reset,model,3,12178.319851630464,12168.769522626977,25599834.236558393,25599834.23655839,3.725290298461914e-09,optimal,545d8ca624cc
14,0.04,-10%,rolling,reset,model,4,10960.487866467418,10935.577089716668,24966644.962622967,24966644.962622967,0.0,optimal,545d8ca624cc
14,0.04,-10%,rolling,reset,model,5,9864.439079820673,9840.966856983528,24176678.14444931,24176678.144449312,-3.725290298461914e-09,optimal,545d8ca624cc
14,0.04,-10%,rolling,reset,model,6,8877.995171838607,8856.870166931976,22647011.767988812,22647011.767988812,0.0,optimal,545d8ca624cc
14,0.04,-10%,rolling,reset,model,7,7990.195654654745,7990.1956540433575,22012708.462603822,22012708.462603822,0.0,optimal,545d8ca624cc
14,0.04,-10%,rolling,reset,model,8,7945.43149972603,8075.3263280805,22208006.900188074,22199160.97250716,8845.927680913359,suboptimal,545d8ca624cc
14,0.04,-10%,rolling,reset,model,9,7150.888349753427,7267.793698154099,21892584.79976932,21883759.518579733,8825.281189586967,suboptimal,545d8ca624cc
14,0.04,-10%,rolling,reset,model,10,8856.884995152515,8689.448636010655,22910663.700174876,,,infeasible,545d8ca624cc
14,0.04,-10%,rolling,reset,model,11,7971.196495637266,7829.91673241912,22355089.637925643,,,infeasible,545d8ca624cc
14,0.04,-10%,rolling,reset,model,12,8006.4645518020025,8850.311069275047,22851123.51823344,22677879.032235123,173244.4859983176,suboptimal,545d8ca624cc
14,0.04,-10%,rolling,reset,model,13,8981.534844408601,8430.1239349817,22246675.91271843,,,infeasible,545d8ca624cc
14,0.04,-10%,rolling,reset,model,14,8083.381359967744,7587.111538957099,21838160.345614754,,,infeasible,545d8ca624cc
14,0.04,-10%,rolling,reset,model,15,9056.737991704545,8583.531624167226,22473771.949901957,,,infeasible,545d8ca624cc
14,0.04,-20%,rolling,reset,model,1,18320.981373975294,18320.981373975294,28238323.797045063,28238323.797045063,0.0,optimal,545d8ca624cc
14,0.04,-20%,rolling,reset,model,2,14656.785099180239,14650.973787498835,24982881.104458816,24982881.104458816,0.0,optimal,545d8ca624cc
14,0.04,-20%,rolling,reset,model,3,11725.428079344189,11721.315242653254,23121886.995616734,23121886.995616734,0.0,optimal,545d8ca624cc
14,0.04,-20%,rolling,reset,model,4,9380.342463475352,9376.785383305396,21716257.94313321,21716257.94313321,0.0,optimal,545d8ca624cc
14,0.04,-20%,rolling,reset,model,5,7504.273970780281,7501.428304901727,21078777.19708899,21078777.197088987,3.725290298461914e-09,optimal,545d8ca624cc
14,0.04,-20%,rolling,reset,model,6,6003.419176624225,6001.142644754262,21042441.932812624,21042441.93281262,3.725290298461914e-09,optimal,545d8ca624cc
14,0.04,-20%,rolling,reset,model,7,8160.091327106063,8160.091325320541,23357094.35962535,23357094.35962535,0.0,optimal,545d8ca624cc
14,0.04,-20%,rolling,reset,model,8,9440.743685061416,9440.74368684694,23985182.3681158,23985182.3681158,0.0,optimal,545d8ca624cc
14,0.04,-20%,rolling,reset,model,9,7930.2703063639,8202.19433393778,22818802.934357673,22787140.10755951,31662.826798163354,suboptimal,545d8ca624cc
14,0.04,-20%,rolling,reset,model,10,9055.718446407544,8840.552584176261,22844639.480357144,,,infeasible,545d8ca624cc
14,0.04,-20%,rolling,reset,model,11,8749.360494427965,8705.366251348873,22270773.86457446,22270773.86457446,0.0,optimal,545d8ca624cc
14,0.04,-20%,rolling,reset,model,12,8006.269828134698,7588.375941867211,21522972.95452511,,,infeasible,545d8ca624cc
14,0.04,-20%,rolling,reset,model,13,8282.563877348513,8528.687311045913,21939290.221507043,21912464.526841182,26825.694665860385,suboptimal,545d8ca624cc
14,0.04,-20%,rolling,reset,model,14,6626.051101878809,6822.949851486116,21277474.946915027,21256014.39074711,21460.556167915463,suboptimal,545d8ca624cc
14,0.04,-20%,rolling,reset,model,15,8217.685521561096,8217.685521561096,22716991.082097623,22716991.082097623,0.0,optimal,545d8ca624cc
14,0.04,+/-10%,rolling,reset,model,1,15037.084095512198,15037.084095512198,26989542.903781876,26989542.903781876,0.0,optimal,545d8ca624cc
14,0.04,+/-10%,rolling,reset,model,2,13533.375685960975,13524.184297760417,26206679.711951192,26206679.711951192,0.0,optimal,545d8ca624cc
14,0.04,+/-10%,rolling,reset,model,3,12180.038117364884,12168.350617230995,25573870.56475418,25573870.56475418,0.0,optimal,545d8ca624cc
14,0.04,+/-10%,rolling,reset,model,4,10962.034305628393,10927.860566561272,24960712.327815913,24960712.3278211,-5.185604095458984e-06,optimal,545d8ca624cc
14,0.04,+/-10%,rolling,reset,model,5,9865.830875065554,9834.248794660116,24175933.30099368,24175933.30099368,0.0,optimal,545d8ca624cc
14,0.04,+/-10%,rolling,reset,model,6,8879.247787559,8850.823918798724,22655300.835830554,22655300.835830554,0.0,optimal,545d8ca624cc
14,0.04,+/-10%,rolling,reset,model,7,7991.3230088031005,7991.323006228947,22035247.793666665,22035247.793666665,0.0,optimal,545d8ca624cc
14,0.04,+/-10%,rolling,reset,model,8,8173.281445511967,8196.838288177392,22237157.3299236,22237157.3299236,0.0,optimal,545d8ca624cc
14,0.04,+/-10%,rolling,reset,model,9,7355.95330096077,7377.154459680519,21789908.117594324,21789908.117594324,0.0,optimal,545d8ca624cc
14,0.04,+/-10%,rolling,reset,model,10,8091.5486310568485,8114.869911311482,22575001.58241042,22575001.58241042,0.0,optimal,545d8ca624cc
14,0.04,+/-10%,rolling,reset,model,11,7765.662380108329,8149.258557854603,22623969.534038052,22491596.892269302,132372.6417687498,suboptimal,545d8ca624cc
14,0.04,+/-10%,rolling,reset,model,12,8542.228618119163,8854.146793215315,22839035.611978237,22794114.05134607,44921.56063216552,suboptimal,545d8ca624cc
14,0.04,+/-10%,rolling,reset,model,13,8968.873391725607,8504.88204443679,22223449.92556894,,,infeasible,545d8ca624cc
14,0.04,+/-10%,rolling,reset,model,14,8329.595189926476,7654.393843299011,21708640.060003247,,,infeasible,545d8ca624cc
14,0.04,+/-10%,rolling,reset,model,15,9162.554708919122,8351.552898198475,22202980.12806056,,,infeasible,545d8ca624cc
14,0.04,+/-20%,rolling,reset,model,1,18315.80625889813,18315.80625889813,28205066.513718676,28205066.513718676,0.0,optimal,545d8ca624cc
14,0.04,+/-20%,rolling,reset,model,2,14652.645007118506,14652.56608718859,24902828.563059315,24902828.56305932,-3.725290298461914e-09,optimal,545d8ca624cc
14,0.04,+/-20%,rolling,reset,model,3,11722.116005694805,11705.632141823628,23053332.561445963,23053332.561445963,0.0,optimal,545d8ca624cc
14,0.04,+/-20%,rolling,reset,model,4,9377.692804555843,9222.853143227527,21631244.533858616,21629492.909137793,1751.6247208230197,suboptimal,545d8ca624cc
14,0.04,+/-20%,rolling,reset,model,5,7502.154243644676,7377.077823739561,21163889.889529966,21158852.163163234,5037.7263667322695,suboptimal,545d8ca624cc
14,0.04,+/-20%,rolling,reset,model,6,6001.72339491574,6409.599897267993,21299193.78309681,20991509.263360538,307684.51973627135,suboptimal,545d8ca624cc
14,0.04,+/-20%,rolling,reset,model,7,7202.068073898889,7934.0406548329765,23225226.999899767,22998980.476724036,226246.5231757313,suboptimal,545d8ca624cc
14,0.04,+/-20%,rolling,reset,model,8,8642.481688678667,8929.976509832502,24067632.5615612,24032705.490688685,34927.07087251544,suboptimal,545d8ca624cc
14,0.04,+/-20%,rolling,reset,model,9,10370.9780264144,9312.228407391596,23565748.214375995,,,infeasible,545d8ca624cc
14,0.04,+/-20%,rolling,reset,model,10,9723.116610041083,9032.31928130403,22596713.354566537,,,infeasible,545d8ca624cc
14,0.04,+/-20%,rolling,reset,model,11,7778.493288032866,7962.118412698357,21615528.462527134,21597866.267754883,17662.19477225095,suboptimal,545d8ca624cc
14,0.04,+/-20%,rolling,reset,model,12,8004.533653569139,8108.119530551876,21558573.954801414,21554576.54875753,3997.406043883413,suboptimal,545d8ca624cc
14,0.04,+/-20%,rolling,reset,model,13,6826.611533736726,7891.113688231707,21307404.05226196,21245603.758525852,61800.29373610765,suboptimal,545d8ca624cc
14,0.04,+/-20%,rolling,reset,model,14,7462.010162276956,6324.306189695866,21153513.913135275,,,infeasible,545d8ca624cc
14,0.04,+/-20%,rolling,reset,model,15,8954.412194732347,8954.503369063097,23355551.993017215,23355551.993017215,0.0,optimal,545d8ca624cc
14,0.06,NHF,rolling,reset,model,1,36415.46988908768,36415.46988908768,22108228.80404105,22108228.80404105,0.0,optimal,545d8ca624cc
14,0.06,NHF,rolling,reset,model,2,4284.559371250594,4284.559371250594,7140041.318813214,7140041.318813214,0.0,optimal,545d8ca624cc
14,0.06,NHF,rolling,reset,model,3,5653.837812986466,5653.837812986466,8668378.567815935,8668378.567815935,0.0,optimal,545d8ca624cc
14,0.06,NHF,rolling,reset,model,4,4039.000030347178,4039.000030347178,9400970.310952341,9400970.310952341,0.0,optimal,545d8ca624cc
14,0.06,NHF,rolling,reset,model,5,5767.723376637069,5767.723376637069,12070301.41286063,12070301.41286063,0.0,optimal,545d8ca624cc
14,0.06,NHF,rolling,reset,model,6,5025.847288576255,5025.847288576255,13760932.05754175,13760932.05754175,0.0,optimal,545d8ca624cc
14,0.06,NHF,rolling,reset,model,7,11704.75352174746,11704.75352174746,18094232.232413817,18094232.232413817,0.0,optimal,545d8ca624cc
14,0.06,NHF,rolling,reset,model,8,12500.119174820224,12500.11917482022,17442455.40376894,17442455.40376894,0.0,optimal,545d8ca624cc
14,0.06,NHF,rolling,reset,model,9,11323.24316882797,11323.243168827968,14402294.81198463,14402294.81198463,0.0,optimal,545d8ca624cc
14,0.06,NHF,rolling,reset,model,10,6123.1349917095,6123.1349917095,10596860.94676265,10596860.94676265,0.0,optimal,545d8ca624cc
14,0.06,NHF,rolling,reset,model,11,5769.340196646356,5769.340196646356,10884303.341829732,10884303.341829732,0.0,optimal,545d8ca624cc
14,0.06,NHF,rolling,reset,model,12,4325.427200251448,4325.427200251448,11908386.353844099,11908386.353844099,0.0,optimal,545d8ca624cc
14,0.06,NHF,rolling,reset,model,13,12027.506831064284,12027.506831064282,15587945.652556757,15587945.652556757,0.0,optimal,545d8ca624cc
14,0.06,NHF,rolling,reset,model,14,4759.305180834448,4759.305180834448,12493902.212936625,12493902.212936625,0.0,optimal,545d8ca624cc
14,0.06,NHF,rolling,reset,model,15,11820.605573533361,11820.605573533361,16133127.97204061,16133127.97204061,0.0,optimal,545d8ca624cc
14,0.06,NDY,rolling,reset,model,1,10191.097174340091,10191.097174340091,13388603.645916527,13388603.645916527,0.0,optimal,545d8ca624cc
14,0.06,NDY,rolling,reset,model,2,10191.097174340088,10038.47962235826,13605169.427382806,13593421.702941004,11747.72444180213,suboptimal,545d8ca624cc
14,0.06,NDY,rolling,reset,model,3,10191.09717434009,9925.687635211038,14418480.347545374,,,infeasible,545d8ca624cc
14,0.06,NDY,rolling,reset,model,4,10191.09717434009,9822.270421044244,15261095.218075959,,,infeasible,545d8ca624cc
14,0.06,NDY,rolling,reset,model,5,10191.097174340088,9709.075588074107,15921632.55971876,,,infeasible,545d8ca624cc
14,0.06,NDY,rolling,reset,model,6,10191.09717434009,9585.60840197056,15715523.76879077,,,infeasible,545d8ca624cc
14,0.06,NDY,rolling,reset,model,7,10191.09717434009,9480.732906730365,15718959.285843404,,,infeasible,545d8ca624cc
14,0.06,NDY,rolling,reset,model,8,10191.097174340088,9368.644598761795,15740912.823672438,,,infeasible,545d8ca624cc
14,0.06,NDY,rolling,reset,model,9,10191.09717434009,9256.524472874531,15407081.529892348,,,infeasible,545d8ca624cc
14,0.06,NDY,rolling,reset,model,10,10191.097174340088,9195.353393021787,15008162.432151722,,,infeasible,545d8ca624cc
14,0.06,NDY,rolling,reset,model,11,10191.097174340086,9132.306632173453,14868555.268048298,,,infeasible,545d8ca624cc
14,0.06,NDY,rolling,reset,model,12,10191.09717434009,9060.744242006462,14798151.15077506,,,infeasible,545d8ca624cc
14,0.06,NDY,rolling,reset,model,13,10191.097174340091,8996.978430782288,14812566.74154923,,,infeasible,545d8ca624cc
14,0.06,NDY,rolling,reset,model,14,10191.097174340095,8927.89114660605,14776241.04477387,,,infeasible,545d8ca624cc
14,0.06,NDY,rolling,reset,model,15,10191.097174340088,8842.389289784956,14978931.264014447,,,infeasible,545d8ca624cc
14,0.06,-10%,rolling,reset,model,1,14981.701607908446,14981.701607908446,16795178.539757468,16795178.539757464,3.725290298461914e-09,optimal,545d8ca624cc
14,0.06,-10%,rolling,reset,model,2,13483.531447117599,13471.96043367131,16112828.237842081,16112828.237842081,0.0,optimal,545d8ca624cc
14,0.06,-10%,rolling,reset,model,3,12135.17830240584,12096.839086343032,15709877.308768358,15709877.308768358,0.0,optimal,545d8ca624cc
14,0.06,-10%,rolling,reset,model,4,10921.660472165258,10869.070870210053,15404332.478076976,15404332.478076976,0.0,optimal,545d8ca624cc
14,0.06,-10%,rolling,reset,model,5,9829.49442494873,9780.115695149272,14871678.851448886,14871678.85144888,5.587935447692871e-09,optimal,545d8ca624cc
14,0.06,-10%,rolling,reset,model,6,8846.544982453857,8802.104122563484,13674797.718105217,13674797.718105217,0.0,optimal,545d8ca624cc
14,0.06,-10%,rolling,reset,model,7,7961.890484208473,7961.890484693092,13273378.9035977,13273378.903597698,1.862645149230957e-09,optimal,545d8ca624cc
14,0.06,-10%,rolling,reset,model,8,7783.915515542742,7733.613407373561,13392881.706287732,13392881.706287732,0.0,optimal,545d8ca624cc
14,0.06,-10%,rolling,reset,model,9,7005.523963988468,6960.252066515329,13363000.379458746,13363000.379458746,0.0,optimal,545d8ca624cc
14,0.06,-10%,rolling,reset,model,10,8879.970147177984,9056.761264705372,14499264.099625314,14479248.175932104,20015.923693209887,suboptimal,545d8ca624cc
14,0.06,-10%,rolling,reset,model,11,7991.973132460186,8694.023067628988,14026951.281512145,13864265.632476797,162685.64903534763,suboptimal,545d8ca624cc
14,0.06,-10%,rolling,reset,model,12,8673.586554282805,8694.390713905417,13686128.236313103,13686128.236313103,0.0,optimal,545d8ca624cc
14,0.06,-10%,rolling,reset,model,13,8945.371179845719,8277.544682186968,13252346.393629752,,,infeasible,545d8ca624cc
14,0.06,-10%,rolling,reset,model,14,8050.834061861148,7449.790213133266,12834340.077974537,,,infeasible,545d8ca624cc
14,0.06,-10%,rolling,reset,model,15,8203.619990615764,7921.079818107743,13411710.652931843,,,infeasible,545d8ca624cc
14,0.06,-20%,rolling,reset,model,1,18283.00315120219,18283.00315120219,18231743.131391577,18231743.131391577,0.0,optimal,545d8ca624cc
14,0.06,-20%,rolling,reset,model,2,14626.402520961748,14601.412873595908,15682527.406019544,15682527.406019544,0.0,optimal,545d8ca624cc
14,0.06,-20%,rolling,reset,model,3,11701.122016769397,11664.313389310642,14175502.578036575,14175502.578036575,0.0,optimal,545d8ca624cc
14,0.06,-20%,rolling,reset,model,4,9360.897613415518,9331.450711842253,12925692.073700767,12925692.073700763,3.725290298461914e-09,optimal,545d8ca624cc
14,0.06,-20%,rolling,reset,model,5,7488.718090732416,7465.160565659569,12356418.786950704,12356418.786955545,-4.841014742851257e-06,optimal,545d8ca624cc
14,0.06,-20%,rolling,reset,model,6,5990.974472585932,5972.128456201273,12194821.68372683,12194821.68372683,0.0,optimal,545d8ca624cc
14,0.06,-20%,rolling,reset,model,7,7588.738594330035,7588.738594330035,14130374.724083574,14130374.724083574,0.0,optimal,545d8ca624cc
14,0.06,-20%,rolling,reset,model,8,9388.084532863892,9380.989946130636,15385013.700512258,15385013.700512258,0.0,optimal,545d8ca624cc
14,0.06,-20%,rolling,reset,model,9,9901.548788539685,9286.860380663644,14883667.00865378,,,infeasible,545d8ca624cc
14,0.06,-20%,rolling,reset,model,10,8003.746597748213,9496.79619145895,14052373.619860101,13733242.643182,319130.97667810135,suboptimal,545d8ca624cc
14,0.06,-20%,rolling,reset,model,11,8655.208795238259,7597.436954013532,12741574.69602114,,,infeasible,545d8ca624cc
14,0.06,-20%,rolling,reset,model,12,7751.390139208348,7858.567761959826,12877464.761945777,12869119.842065368,8344.919880408794,suboptimal,545d8ca624cc
14,0.06,-20%,rolling,reset,model,13,7907.479498892984,7952.158991999755,12868003.86005559,12868003.86005559,0.0,optimal,545d8ca624cc
14,0.06,-20%,rolling,reset,model,14,6325.9835991143855,6361.72719142365,12615396.14024419,12615396.14024419,0.0,optimal,545d8ca624cc
14,0.06,-20%,rolling,reset,model,15,8920.015944237755,8235.06091582989,14387178.688849762,,,infeasible,545d8ca624cc
14,0.06,+/-10%,rolling,reset,model,1,14978.328603491414,14978.328603491414,16794390.58368155,16794390.58368155,0.0,optimal,545d8ca624cc
14,0.06,+/-10%,rolling,reset,model,2,13480.495743142272,13467.831543513294,16099400.174233112,16099400.174233112,0.0,optimal,545d8ca624cc
14,0.06,+/-10%,rolling,reset,model,3,12132.446168828044,12096.88541134269,15706688.903752957,15706688.903752957,0.0,optimal,545d8ca624cc
14,0.06,+/-10%,rolling,reset,model,4,10919.20155194524,10868.157985227734,15414142.955141349,15414142.955141349,0.0,optimal,545d8ca624cc
14,0.06,+/-10%,rolling,reset,model,5,9827.281396750715,9781.01280877161,14870326.966459041,14870326.966459041,0.0,optimal,545d8ca624cc
14,0.06,+/-10%,rolling,reset,model,6,8844.553257075642,8802.911530510635,13671597.001545157,13671597.001545157,0.0,optimal,545d8ca624cc
14,0.06,+/-10%,rolling,reset,model,7,7960.097931368079,7960.097931911859,13266744.720400548,13266744.720400553,-5.587935447692871e-09,optimal,545d8ca624cc
14,0.06,+/-10%,rolling,reset,model,8,7596.241546328982,7436.241170422301,13383189.62184567,,,infeasible,545d8ca624cc
14,0.06,+/-10%,rolling,reset,model,9,7634.766021905722,7830.083053362215,13710002.141840808,13663826.969945498,46175.17189531028,suboptimal,545d8ca624cc
14,0.06,+/-10%,rolling,reset,model,10,8398.242624096296,8506.329960726638,14039053.642085494,14033847.805845764,5205.836239730939,suboptimal,545d8ca624cc
14,0.06,+/-10%,rolling,reset,model,11,7943.227169673285,8385.665277966054,13892643.337313484,13720850.66296557,171792.67434791476,suboptimal,545d8ca624cc
14,0.06,+/-10%,rolling,reset,model,12,8737.549886640618,8982.513610432692,13839543.52016987,13799711.984391864,39831.53577800654,suboptimal,545d8ca624cc
14,0.06,+/-10%,rolling,reset,model,13,8875.706317238904,8157.048703594256,13157902.051231833,,,infeasible,545d8ca624cc
14,0.06,+/-10%,rolling,reset,model,14,7988.135685515014,7341.343836028095,12813269.705357077,,,infeasible,545d8ca624cc
14,0.06,+/-10%,rolling,reset,model,15,8507.863700372043,8240.372991666314,13537214.561411208,,,infeasible,545d8ca624cc
14,0.06,+/-20%,rolling,reset,model,1,18282.74147282164,18282.74147282164,18221837.939496096,18221837.939496096,0.0,optimal,545d8ca624cc
14,0.06,+/-20%,rolling,reset,model,2,14626.193178257316,14598.716894279803,15666018.04140764,15666018.041407637,1.862645149230957e-09,optimal,545d8ca624cc
14,0.06,+/-20%,rolling,reset,model,3,11700.95454260585,11666.344064335864,14147066.58598905,14147066.58598905,0.0,optimal,545d8ca624cc
14,0.06,+/-20%,rolling,reset,model,4,9360.763634084682,9333.071581354247,12875102.704409627,12875102.704409622,5.587935447692871e-09,optimal,545d8ca624cc
14,0.06,+/-20%,rolling,reset,model,5,7488.610907267745,7346.619417554692,12267087.799174983,12266969.991343377,117.80783160589635,suboptimal,545d8ca624cc
14,0.06,+/-20%,rolling,reset,model,6,5990.888725814195,6114.375427056143,12180048.764879726,12125762.847643325,54285.91723640077,suboptimal,545d8ca624cc
14,0.06,+/-20%,rolling,reset,model,7,7189.066470977034,7588.738594330035,14064286.187777719,13887877.270059627,176408.91771809198,suboptimal,545d8ca624cc
14,0.06,+/-20%,rolling,reset,model,8,8626.87976517244,9380.989946130636,15330290.345755553,15174145.979017125,156144.36673842743,suboptimal,545d8ca624cc
14,0.06,+/-20%,rolling,reset,model,9,10352.25571820693,8894.372491727285,14785857.537462708,,,infeasible,545d8ca624cc
14,0.06,+/-20%,rolling,reset,model,10,9581.662503876683,9811.8257775619,14358048.711218627,14328348.881393664,29699.829824963585,suboptimal,545d8ca624cc
14,0.06,+/-20%,rolling,reset,model,11,8297.507581252477,7965.871807479547,12900759.910488458,,,infeasible,545d8ca624cc
14,0.06,+/-20%,rolling,reset,model,12,7751.314946400047,7793.369880044316,12713446.774406064,12713446.774406064,0.0,optimal,545d8ca624cc
14,0.06,+/-20%,rolling,reset,model,13,7727.4697820044,7815.078460148949,12654212.717732508,12653054.049970208,1158.6677622999996,suboptimal,545d8ca624cc
14,0.06,+/-20%,rolling,reset,model,14,6181.975825603519,6252.06276789365,12400183.10338375,12395753.054566814,4430.048816936091,suboptimal,545d8ca624cc
14,0.06,+/-20%,rolling,reset,model,15,7418.3709907242255,8097.693058121834,14238574.264775671,14133737.23155765,104837.03321802057,suboptimal,545d8ca624cc
15,0.0,NHF,rolling,reset,model,1,2237.62667743,2237.62667743,222993751.97977084,222993751.97977084,0.0,optimal,545d8ca624cc
15,0.0,NHF,rolling,reset,model,2,2427.5285945975,26.770752213333335,233729287.00796995,233589991.51317278,139295.49479717016,suboptimal,545d8ca624cc
15,0.0,NHF,rolling,reset,model,3,8021.065512223636,639.8446327,246773698.83157334,246258899.33052135,514799.5010519922,suboptimal,545d8ca624cc
15,0.0,NHF,rolling,reset,model,4,6160.047154112499,10309.437639918147,257458082.06083816,253347689.66363615,4110392.397202015,suboptimal,545d8ca624cc
15,0.0,NHF,rolling,reset,model,5,24309.930186042955,15148.842798636602,256906434.02768928,256906434.02768928,0.0,optimal,545d8ca624cc
15,0.0,NHF,rolling,reset,model,6,9781.509311589833,6778.072836984913,248381575.0715256,248381575.0715256,0.0,optimal,545d8ca624cc
15,0.0,NHF,rolling,reset,model,7,20097.658149149578,11981.793122592477,250586318.7054217,250586318.7054217,0.0,optimal,545d8ca624cc
15,0.0,NHF,rolling,reset,model,8,9738.365063897068,10027.924940236397,245333399.64084968,245325998.59288403,7401.04796564579,suboptimal,545d8ca624cc
15,0.0,NHF,rolling,reset,model,9,4608.807495856157,9381.251512959974,242830050.53446957,242573805.07170415,256245.46276542544,suboptimal,545d8ca624cc
15,0.0,NHF,rolling,reset,model,10,566.91398499,7498.207178808433,240772118.33216277,234287324.70407954,6484793.628083229,suboptimal,545d8ca624cc
15,0.0,NHF,rolling,reset,model,11,927.50491216,6685.294037446591,240598096.98414344,235682375.57160437,4915721.412539065,suboptimal,545d8ca624cc
15,0.0,NHF,rolling,reset,model,12,289.66962571,11679.124915703534,241778425.30504572,233513526.3451811,8264898.959864616,suboptimal,545d8ca624cc
15,0.0,NHF,rolling,reset,model,13,1963.7757333724999,9078.002845383988,236777269.1028174,231514637.16798532,5262631.934832066,suboptimal,545d8ca624cc
15,0.0,NHF,rolling,reset,model,14,5964.740878545227,11243.478733101605,235634158.87062213,235372207.34864932,261951.52197280526,suboptimal,545d8ca624cc
15,0.0,NHF,rolling,reset,model,15,74514.89989808833,8915.117297742501,231902093.35148168,,,infeasible,545d8ca624cc
15,0.0,NDY,rolling,reset,model,1,10078.842085247345,10078.842085247345,189765453.11919025,189765453.11919028,-2.9802322387695312e-08,optimal,545d8ca624cc
15,0.0,NDY,rolling,reset,model,2,10078.842085247345,9225.60881954711,193421396.0405228,193145635.66684872,275760.3736740947,suboptimal,545d8ca624cc
15,0.0,NDY,rolling,reset,model,3,10078.842085247345,8880.93280649741,196768344.95228207,196221519.72873202,546825.2235500515,suboptimal,545d8ca624cc
15,0.0,NDY,rolling,reset,model,4,10078.84208524738,8985.316409298834,199158720.0062106,198755421.89123055,403298.114980042,suboptimal,545d8ca624cc
15,0.0,NDY,rolling,reset,model,5,10078.842085247308,9015.169700592116,200000012.66270894,199668824.11943135,331188.54327759147,suboptimal,545d8ca624cc
15,0.0,NDY,rolling,reset,model,6,10078.842085247346,9054.219712757425,199109044.0194702,198828932.40091008,280111.61856013536,suboptimal,545d8ca624cc
15,0.0,NDY,rolling,reset,model,7,10078.842085247345,8994.961875754734,199001536.7137453,198668033.43521437,333503.2785309255,suboptimal,545d8ca624cc
15,0.0,NDY,rolling,reset,model,8,10078.842085247345,8979.686205615184,199476223.09582567,199167208.0820738,309015.01375186443,suboptimal,545d8ca624cc
15,0.0,NDY,rolling,reset,model,9,10078.842085247348,9154.27788328112,199579391.4451841,199362471.52763236,216919.9175517559,suboptimal,545d8ca624cc
15,0.0,NDY,rolling,reset,model,10,10078.842085247341,9066.07239912666,199410666.7537459,199150967.13125706,259699.62248885632,suboptimal,545d8ca624cc
15,0.0,NDY,rolling,reset,model,11,10078.842085247346,8931.637080182816,199102621.64313808,198663118.62007856,439503.02305951715,suboptimal,545d8ca624cc
15,0.0,NDY,rolling,reset,model,12,10078.84208524738,8766.475574960132,199193800.05633393,198363521.73500764,830278.3213262856,suboptimal,545d8ca624cc
15,0.0,NDY,rolling,reset,model,13,10078.842085247312,8929.560486992585,199251430.78242323,198801313.51570135,450117.2667218745,suboptimal,545d8ca624cc
15,0.0,NDY,rolling,reset,model,14,10078.842085247346,8940.645347186128,199516292.76374876,199111389.11546665,404903.6482821107,suboptimal,545d8ca624cc
15,0.0,NDY,rolling,reset,model,15,10078.842085247346,8880.813507770932,199428884.42109308,198927691.88830948,501192.5327835977,suboptimal,545d8ca624cc
15,0.0,-10%,rolling,reset,model,1,3742.0674325697246,3742.0674325697246,199965895.56873134,199965895.56873134,0.0,optimal,545d8ca624cc
15,0.0,-10%,rolling,reset,model,2,3367.8606893127517,4754.898997952181,208759731.97851652,208749894.35090947,9837.627607047558,suboptimal,545d8ca624cc
15,0.0,-10%,rolling,reset,model,3,3031.0746203814765,4849.279931745,216193456.35406464,216178044.02125528,15412.332809358835,suboptimal,545d8ca624cc
15,0.0,-10%,rolling,reset,model,4,15042.75027653329,13036.113221626998,223120353.24975488,222907842.71331483,212510.53644004464,suboptimal,545d8ca624cc
15,0.0,-10%,rolling,reset,model,5,13538.475248879959,13142.961236045629,219439735.31556845,219429314.80627236,10420.50929608941,suboptimal,545d8ca624cc
15,0.0,-10%,rolling,reset,model,6,12184.627723991964,11903.84541200576,213579526.67989123,213569437.08121252,10089.598678708076,suboptimal,545d8ca624cc
15,0.0,-10%,rolling,reset,model,7,10966.164951592767,10422.198973804598,210036055.98301497,210022077.9977344,13977.985280573368,suboptimal,545d8ca624cc
15,0.0,-10%,rolling,reset,model,8,9869.548456433491,10063.031639659526,208174745.63225156,208174566.43089184,179.201359719038,optimal,545d8ca624cc
15,0.0,-10%,rolling,reset,model,9,8882.59361079014,9974.27673129104,206632201.43434453,206632201.43434453,0.0,optimal,545d8ca624cc
15,0.0,-10%,rolling,reset,model,10,11283.258349584401,9525.259755043196,205578775.98380712,205257275.78207117,321500.20173594356,suboptimal,545d8ca624cc
15,0.0,-10%,rolling,reset,model,11,15361.746814886974,8603.816573272672,204768214.35743687,,,infeasible,545d8ca624cc
15,0.0,-10%,rolling,reset,model,12,13825.572133398275,8690.537011252805,205722494.1483076,199065325.3872763,6657168.7610313,suboptimal,545d8ca624cc
15,0.0,-10%,rolling,reset,model,13,12443.014920058447,7541.531386316348,205984733.3222409,202977256.6355563,3007476.6866845787,suboptimal,545d8ca624cc
15,0.0,-10%,rolling,reset,model,14,11198.713428052606,6767.954212441018,207902707.8403701,206729246.78446314,1173461.0559069514,suboptimal,545d8ca624cc
15,0.0,-10%,rolling,reset,model,15,10078.842085247346,6702.337747938425,210343955.02496,210081595.16424608,262359.86071392894,suboptimal,545d8ca624cc
15,0.0,-20%,rolling,reset,model,1,4578.67501689,4578.67501689,202361811.7320932,202361811.7320932,0.0,optimal,545d8ca624cc
15,0.0,-20%,rolling,reset,model,2,3662.940013512,2918.584310712499,210520466.003528,210519260.39675668,1205.6067713201046,suboptimal,545d8ca624cc
15,0.0,-20%,rolling,reset,model,3,2930.3520108096004,2822.131309710208,219602124.75110018,219602044.96138677,79.78971341252327,optimal,545d8ca624cc
15,0.0,-20%,rolling,reset,model,4,13787.166337485163,14080.642921453284,228571630.46440375,228570725.8520754,904.612328350544,suboptimal,545d8ca624cc
15,0.0,-20%,rolling,reset,model,5,15518.918776392527,16166.723183717882,224116142.21456572,224096217.02558154,19925.188984185457,suboptimal,545d8ca624cc
15,0.0,-20%,rolling,reset,model,6,12415.135021114022,13146.388393944204,214302190.95939735,214300573.41094622,1617.5484511256218,suboptimal,545d8ca624cc
15,0.0,-20%,rolling,reset,model,7,9932.108016891221,7751.6362368903165,209033058.55787966,209024839.0093797,8219.548499941826,suboptimal,545d8ca624cc
15,0.0,-20%,rolling,reset,model,8,7945.6864135129745,10867.564627516274,210977060.18987375,210884204.6436372,92855.54623654485,suboptimal,545d8ca624cc
15,0.0,-20%,rolling,reset,model,9,6356.54913081038,6969.563117273168,208485466.04914364,208482150.8603804,3315.188763231039,suboptimal,545d8ca624cc
15,0.0,-20%,rolling,reset,model,10,5085.239304648303,9232.420365098085,210768027.36080408,210597777.72722545,170249.6335786283,suboptimal,545d8ca624cc
15,0.0,-20%,rolling,reset,model,11,16350.214426544415,10597.928166974934,210364478.3846299,208554844.84265408,1809633.541975826,suboptimal,545d8ca624cc
15,0.0,-20%,rolling,reset,model,12,19685.238447748725,10014.573943696363,208564643.20205644,,,infeasible,545d8ca624cc
15,0.0,-20%,rolling,reset,model,13,15748.190758198978,7961.945218787734,207411283.8970974,204180525.808822,3230758.088275403,suboptimal,545d8ca624cc
15,0.0,-20%,rolling,reset,model,14,12598.552606559182,6460.6106102875,208914938.8923864,208182207.01165897,732731.8807274401,suboptimal,545d8ca624cc
15,0.0,-20%,rolling,reset,model,15,10078.842085247345,4899.2629107275,211954615.0905139,211857331.61630282,97283.47421109676,suboptimal,545d8ca624cc
15,0.0,+/-10%,rolling,reset,model,1,6245.285521768278,6245.285521768278,199047024.2314348,199047024.2314348,0.0,optimal,545d8ca624cc
15,0.0,+/-10%,rolling,reset,model,2,6869.814073945105,7137.062583951166,205769928.7783462,205758809.59994027,11119.178405940533,suboptimal,545d8ca624cc
15,0.0,+/-10%,rolling,reset,model,3,7556.795481339617,8050.840237175728,210780561.26652908,210717975.93764755,62585.328881531954,suboptimal,545d8ca624cc
15,0.0,+/-10%,rolling,reset,model,4,8312.475029473579,9305.597033598697,213929436.7870054,213817361.62743384,112075.15957155824,suboptimal,545d8ca624cc
15,0.0,+/-10%,rolling,reset,model,5,9143.722532420938,11433.003987687163,214483780.30220374,214376185.97163922,107594.3305645287,suboptimal,545d8ca624cc
15,0.0,+/-10%,rolling,reset,model,6,10058.094785663032,10600.631231169831,210717591.10843498,210712494.46424946,5096.644185513258,suboptimal,545d8ca624cc
15,0.0,+/-10%,rolling,reset,model,7,11063.904264229335,10083.225894100031,208817768.0154442,208731269.30641982,86498.70902436972,suboptimal,545d8ca624cc
15,0.0,+/-10%,rolling,reset,model,8,10617.885232118255,9369.366229969082,207675774.42797807,207635831.1289019,39943.29907616973,suboptimal,545d8ca624cc
15,0.0,+/-10%,rolling,reset,model,9,11679.673755330085,9865.52301844452,207238040.6378215,206381103.91465792,856936.7231635749,suboptimal,545d8ca624cc
15,0.0,+/-10%,rolling,reset,model,10,12847.64113086309,8337.1639039217,206283477.65540403,203153162.19381347,3130315.4615905583,suboptimal,545d8ca624cc
15,0.0,+/-10%,rolling,reset,model,11,14132.4052439494,9282.99986415562,206960056.84826845,199811620.538948,7148436.30932045,suboptimal,545d8ca624cc
15,0.0,+/-10%,rolling,reset,model,12,13825.572133398276,8706.018842589398,206884552.73621505,200317350.09363493,6567202.642580122,suboptimal,545d8ca624cc
15,0.0,+/-10%,rolling,reset,model,13,12443.01492005845,8336.688605571884,207521706.2579046,204773739.83565992,2747966.422244668,suboptimal,545d8ca624cc
15,0.0,+/-10%,rolling,reset,model,14,11198.713428052606,7542.588881053031,208719137.1305256,207700172.0571439,1018965.0733816922,suboptimal,545d8ca624cc
15,0.0,+/-10%,rolling,reset,model,15,10078.842085247345,8936.377353151662,210466127.46456617,210403942.05711195,62185.40745422244,suboptimal,545d8ca624cc
15,0.0,+/-20%,rolling,reset,model,1,5087.000913152673,5087.000913152673,201179847.9064474,201179847.9064474,0.0,optimal,545d8ca624cc
15,0.0,+/-20%,rolling,reset,model,2,6104.401095783207,6423.419759782987,209067044.5650966,209022095.7143398,44948.850756794214,suboptimal,545d8ca624cc
15,0.0,+/-20%,rolling,reset,model,3,7325.281314939849,8202.41006754868,215077330.7124274,215020412.5378047,56918.17462271452,suboptimal,545d8ca624cc
15,0.0,+/-20%,rolling,reset,model,4,8790.33757792782,10345.802406824794,218241209.18269825,218139047.98097193,102161.2017263174,suboptimal,545d8ca624cc
15,0.0,+/-20%,rolling,reset,model,5,10548.40509351338,13298.588634428832,217460013.17392364,217367051.24151066,92961.93241298199,suboptimal,545d8ca624cc
15,0.0,+/-20%,rolling,reset,model,6,12305.336839403046,10608.66384972983,210696152.7190967,210628299.65960518,67853.05949151516,suboptimal,545d8ca624cc
15,0.0,+/-20%,rolling,reset,model,7,9844.269471522439,8177.985794118166,208992496.17696783,208983056.64382,9439.533147841692,suboptimal,545d8ca624cc
15,0.0,+/-20%,rolling,reset,model,8,7875.41557721795,9813.582953685653,210228177.15771246,210190161.11441347,38016.043298989534,suboptimal,545d8ca624cc
15,0.0,+/-20%,rolling,reset,model,9,9450.498692661538,8574.180402022554,209567278.10794175,209562478.04727894,4800.060662806034,suboptimal,545d8ca624cc
15,0.0,+/-20%,rolling,reset,model,10,11340.598431193845,9797.819560977525,210332022.63638067,210320262.4049689,11760.231411784887,suboptimal,545d8ca624cc
15,0.0,+/-20%,rolling,reset,model,11,13608.718117432612,10018.221149299936,209123994.93467802,208414873.4267777,709121.5079003274,suboptimal,545d8ca624cc
15,0.0,+/-20%,rolling,reset,model,12,16330.461740919134,9696.966390412977,207601699.2363747,202422750.60413215,5178948.63224256,suboptimal,545d8ca624cc
15,0.0,+/-20%,rolling,reset,model,13,15748.190758198974,7704.1528377159475,206639514.66073847,201834820.4155007,4804694.245237768,suboptimal,545d8ca624cc
15,0.0,+/-20%,rolling,reset,model,14,12598.552606559182,6147.4639652978685,208556799.73039272,207947015.8880676,609783.8423251212,suboptimal,545d8ca624cc
15,0.0,+/-20%,rolling,reset,model,15,10078.842085247345,7563.012315126315,212806013.06936526,212773585.27782357,32427.791541695595,suboptimal,545d8ca624cc
15,0.02,NHF,rolling,reset,model,1,31785.964855334343,31785.964855334343,53522213.2687358,53522213.2687358,0.0,optimal,545d8ca624cc
15,0.02,NHF,rolling,reset,model,2,3982.936047314635,4750.065243110766,37761452.07387342,37758597.675535746,2854.398337677121,suboptimal,545d8ca624cc
15,0.02,NHF,rolling,reset,model,3,5193.520067321999,4752.829176803684,42025139.24823197,42023706.48827226,1432.7599597126245,suboptimal,545d8ca624cc
15,0.02,NHF,rolling,reset,model,4,3335.8922181967614,5078.266759907913,46356755.84222609,46338232.68031026,18523.161915831268,suboptimal,545d8ca624cc
15,0.02,NHF,rolling,reset,model,5,14054.479742091346,11415.07757546177,50783462.73782768,,,infeasible,545d8ca624cc
15,0.02,NHF,rolling,reset,model,6,5418.6330758160875,5418.6330758160875,46822371.51481788,46822371.51481788,0.0,optimal,545d8ca624cc
15,0.02,NHF,rolling,reset,model,7,11591.535949284038,11591.535949284038,50635857.53675801,50635857.53675801,0.0,optimal,545d8ca624cc
15,0.02,NHF,rolling,reset,model,8,9500.124790803646,9500.124790803646,47479974.64269266,47479974.64269266,0.0,optimal,545d8ca624cc
15,0.02,NHF,rolling,reset,model,9,10374.958666102884,10298.933548253468,45575224.02186775,45575224.02186775,0.0,optimal,545d8ca624cc
15,0.02,NHF,rolling,reset,model,10,4599.684014885228,5659.063443104018,42106088.00011029,42035813.551323794,70274.44878649712,suboptimal,545d8ca624cc
15,0.02,NHF,rolling,reset,model,11,5750.827159154341,8773.36356642815,44947472.46410194,44744843.94897256,202628.51512937993,suboptimal,545d8ca624cc
15,0.02,NHF,rolling,reset,model,12,5373.487480221276,2954.0727808217466,43669891.57427578,,,infeasible,545d8ca624cc
15,0.02,NHF,rolling,reset,model,13,13442.342034883246,13547.19909431701,49634479.44041705,49634479.44041705,0.0,optimal,545d8ca624cc
15,0.02,NHF,rolling,reset,model,14,7187.324055354351,4710.136972545101,43043866.57854968,,,infeasible,545d8ca624cc
15,0.02,NHF,rolling,reset,model,15,11831.876963136037,9905.176778136718,47238383.16505057,,,infeasible,545d8ca624cc
15,0.02,NDY,rolling,reset,model,1,10078.842085247341,10078.842085247341,50015965.965708084,50015965.9657081,-1.4901161193847656e-08,optimal,545d8ca624cc
15,0.02,NDY,rolling,reset,model,2,10078.842085247343,10025.862265645148,52145872.28416714,52145872.28416714,0.0,optimal,545d8ca624cc
15,0.02,NDY,rolling,reset,model,3,10078.842085247341,9926.51925907752,54077034.98663481,,,infeasible,545d8ca624cc
15,0.02,NDY,rolling,reset,model,4,10078.842085247343,9816.48195211407,55401374.40786187,,,infeasible,545d8ca624cc
15,0.02,NDY,rolling,reset,model,5,10078.842085247341,9714.333976262855,55948050.91793116,,,infeasible,545d8ca624cc
15,0.02,NDY,rolling,reset,model,6,10078.842085247343,9627.417732457765,54671517.56050519,,,infeasible,545d8ca624cc
15,0.02,NDY,rolling,reset,model,7,10078.842085247343,9540.710951040277,54492505.14343982,,,infeasible,545d8ca624cc
15,0.02,NDY,rolling,reset,model,8,10078.842085247343,9456.531883619296,54129076.09711532,,,infeasible,545d8ca624cc
15,0.02,NDY,rolling,reset,model,9,10078.842085247346,9378.812075562546,53782785.904176384,,,infeasible,545d8ca624cc
15,0.02,NDY,rolling,reset,model,10,10078.842085247346,9320.188879043477,53265507.806997545,,,infeasible,545d8ca624cc
15,0.02,NDY,rolling,reset,model,11,10078.842085247343,9254.919200430137,52847995.04353932,,,infeasible,545d8ca624cc
15,0.02,NDY,rolling,reset,model,12,10078.842085247343,9195.32823374792,52594681.4434455,,,infeasible,545d8ca624cc
15,0.02,NDY,rolling,reset,model,13,10078.84208524735,9136.554495391265,52418989.63928295,,,infeasible,545d8ca624cc
15,0.02,NDY,rolling,reset,model,14,10078.842085247346,9083.323297618455,52144089.76702803,,,infeasible,545d8ca624cc
15,0.02,NDY,rolling,reset,model,15,10078.842085247346,9016.252033921031,51783911.90202408,,,infeasible,545d8ca624cc
15,0.02,-10%,rolling,reset,model,1,14593.211388435224,14593.211388435224,52896578.94958867,52896578.94958867,0.0,optimal,545d8ca624cc
15,0.02,-10%,rolling,reset,model,2,13133.890249591705,13112.126892699474,52276685.53433613,52276685.53433613,0.0,optimal,545d8ca624cc
15,0.02,-10%,rolling,reset,model,3,11820.501224632535,11808.257184176795,51116156.90488904,51116156.90488904,0.0,optimal,545d8ca624cc
15,0.02,-10%,rolling,reset,model,4,10638.451102169278,10603.838931823646,49934433.6256279,49934433.62562945,-1.5497207641601562e-06,optimal,545d8ca624cc
15,0.02,-10%,rolling,reset,model,5,9574.605991952356,9534.538224039177,48758307.26221226,48758307.26221226,0.0,optimal,545d8ca624cc
15,0.02,-10%,rolling,reset,model,6,8617.145392757118,8581.08440189725,46822630.59644254,46822630.59644254,0.0,optimal,545d8ca624cc
15,0.02,-10%,rolling,reset,model,7,8632.402972047823,8632.402973603732,46307889.496556334,46307889.496556334,0.0,optimal,545d8ca624cc
15,0.02,-10%,rolling,reset,model,8,8309.230969080967,8700.327534914639,45834347.88472123,45808581.03482116,25766.849900066853,suboptimal,545d8ca624cc
15,0.02,-10%,rolling,reset,model,9,7478.30787217287,7830.294779134704,44962344.78657217,44949647.59288288,12697.19368929416,suboptimal,545d8ca624cc
15,0.02,-10%,rolling,reset,model,10,6730.477084955583,7047.346875058596,44988082.52402059,44975880.850437425,12201.673583164811,suboptimal,545d8ca624cc
15,0.02,-10%,rolling,reset,model,11,6057.429376460026,7330.878505333393,45946159.92071633,45853506.21664154,92653.70407479256,suboptimal,545d8ca624cc
15,0.02,-10%,rolling,reset,model,12,9802.205883180164,7679.091505479609,46652403.84366789,,,infeasible,545d8ca624cc
15,0.02,-10%,rolling,reset,model,13,9401.563501775337,9530.444915310485,47436137.601141535,47434517.869824834,1619.7313167005777,suboptimal,545d8ca624cc
15,0.02,-10%,rolling,reset,model,14,11198.713428052608,8577.400422435923,45671451.79708002,,,infeasible,545d8ca624cc
15,0.02,-10%,rolling,reset,model,15,10078.842085247346,8331.175936509411,45037796.63100017,,,infeasible,545d8ca624cc
15,0.02,-20%,rolling,reset,model,1,17795.230119028136,17795.230119028136,53157866.798603885,53157866.798603885,0.0,optimal,545d8ca624cc
15,0.02,-20%,rolling,reset,model,2,14236.184095222512,14232.087624507842,49766072.88787656,49766072.88787656,0.0,optimal,545d8ca624cc
15,0.02,-20%,rolling,reset,model,3,11388.94727617801,11372.474633675563,46923639.70396874,46923639.70396874,0.0,optimal,545d8ca624cc
15,0.02,-20%,rolling,reset,model,4,9111.15782094241,9091.232713256499,45425148.64255584,45425148.64255584,0.0,optimal,545d8ca624cc
15,0.02,-20%,rolling,reset,model,5,7288.926256753928,7272.9861705458325,44901808.1810347,44901808.1810347,0.0,optimal,545d8ca624cc
15,0.02,-20%,rolling,reset,model,6,5831.141005403142,5818.388937078587,45462528.944152914,45462528.944152914,0.0,optimal,545d8ca624cc
15,0.02,-20%,rolling,reset,model,7,9472.239655117053,9472.239654936482,48160768.57041707,48160768.57041707,0.0,optimal,545d8ca624cc
15,0.02,-20%,rolling,reset,model,8,8957.809361079118,9000.367724577553,47058554.445502244,47058554.445502244,0.0,optimal,545d8ca624cc
15,0.02,-20%,rolling,reset,model,9,7166.247488863295,7200.294179287359,46065300.79957118,46065300.79957118,0.0,optimal,545d8ca624cc
15,0.02,-20%,rolling,reset,model,10,6941.497923617368,9465.585434185532,47016168.31577038,46802877.29690247,213291.0188679099,suboptimal,545d8ca624cc
15,0.02,-20%,rolling,reset,model,11,9079.8010285128,7945.024657698604,45105033.920060664,,,infeasible,545d8ca624cc
15,0.02,-20%,rolling,reset,model,12,9087.768321830845,7505.969390543343,45118741.898007095,,,infeasible,545d8ca624cc
15,0.02,-20%,rolling,reset,model,13,7980.462364204937,8558.161466692845,45632649.3184714,45602251.702937715,30397.615533687174,suboptimal,545d8ca624cc
15,0.02,-20%,rolling,reset,model,14,9940.502836789334,6846.5291776047,44847769.40531592,,,infeasible,545d8ca624cc
15,0.02,-20%,rolling,reset,model,15,10078.842085247345,9261.317657148593,46446412.58029856,,,infeasible,545d8ca624cc
15,0.02,+/-10%,rolling,reset,model,1,14592.361008321472,14592.361008321472,52891392.90904173,52891392.90904173,0.0,optimal,545d8ca624cc
15,0.02,+/-10%,rolling,reset,model,2,13133.124907489326,13115.296124483368,52273108.58150067,52273108.58150067,0.0,optimal,545d8ca624cc
15,0.02,+/-10%,rolling,reset,model,3,11819.812416740393,11814.805824977144,51115062.01748501,51115062.01748501,0.0,optimal,545d8ca624cc
15,0.02,+/-10%,rolling,reset,model,4,10637.83117506635,10611.796323450368,49915044.58967835,49915044.58967835,0.0,optimal,545d8ca624cc
15,0.02,+/-10%,rolling,reset,model,5,9574.04805755972,9541.994828572453,48723813.87470103,48723813.87470102,7.450580596923828e-09,optimal,545d8ca624cc
15,0.02,+/-10%,rolling,reset,model,6,8616.643251803749,8587.79534250349,46770438.4973805,46770438.497381546,-1.043081283569336e-06,optimal,545d8ca624cc
15,0.02,+/-10%,rolling,reset,model,7,8647.277905014702,8647.277906763293,46264947.29039394,46264947.29039031,3.6284327507019043e-06,optimal,545d8ca624cc
15,0.02,+/-10%,rolling,reset,model,8,8182.974614541119,8595.436181821646,45762287.2419331,45734513.98421317,27773.257719926536,suboptimal,545d8ca624cc
15,0.02,+/-10%,rolling,reset,model,9,7364.677153087009,7735.892565555337,44992603.987132914,44978970.034532,13633.95260091126,suboptimal,545d8ca624cc
15,0.02,+/-10%,rolling,reset,model,10,7010.5094970826385,6962.303306778207,45157815.89879771,45157815.89879771,0.0,optimal,545d8ca624cc
15,0.02,+/-10%,rolling,reset,model,11,7711.5604467909025,7658.533639749705,46245098.96238776,46245098.96238776,0.0,optimal,545d8ca624cc
15,0.02,+/-10%,rolling,reset,model,12,8482.716491469992,7999.80858404275,46595436.92211947,,,infeasible,545d8ca624cc
15,0.02,+/-10%,rolling,reset,model,13,9330.988140616995,9283.888923573248,46974601.25472122,46974601.25472122,0.0,optimal,545d8ca624cc
15,0.02,+/-10%,rolling,reset,model,14,10264.086954678694,8355.50003212214,45396376.23980741,,,infeasible,545d8ca624cc
15,0.02,+/-10%,rolling,reset,model,15,10078.842085247346,8207.24069403926,45010552.20281505,,,infeasible,545d8ca624cc
15,0.02,+/-20%,rolling,reset,model,1,17608.324200978197,17608.324200978197,53126846.89711467,53126846.89711467,0.0,optimal,545d8ca624cc
15,0.02,+/-20%,rolling,reset,model,2,14086.65936078256,13993.37154312815,49817687.65007877,49817687.65007877,0.0,optimal,545d8ca624cc
15,0.02,+/-20%,rolling,reset,model,3,11269.327488626048,10692.147478207444,47392461.808322854,47384935.12004341,7526.688279442489,suboptimal,545d8ca624cc
15,0.02,+/-20%,rolling,reset,model,4,9015.461990900838,8678.219848875873,46775531.87264413,46775101.32730247,430.545341655612,suboptimal,545d8ca624cc
15,0.02,+/-20%,rolling,reset,model,5,7212.369592720672,8523.848887720453,46877700.43334897,46772509.95025308,105190.48309589177,suboptimal,545d8ca624cc
15,0.02,+/-20%,rolling,reset,model,6,6993.90906025742,6969.309261577616,46161235.40323393,46161235.40323393,0.0,optimal,545d8ca624cc
15,0.02,+/-20%,rolling,reset,model,7,8392.690872308902,8392.690870525481,47537480.92163619,47537480.9216362,-1.4901161193847656e-08,optimal,545d8ca624cc
15,0.02,+/-20%,rolling,reset,model,8,10071.229046770684,10013.484687687314,47621730.90884641,47621730.90884641,0.0,optimal,545d8ca624cc
15,0.02,+/-20%,rolling,reset,model,9,8056.983237416546,8010.787747752061,45440166.526953354,45440166.526953354,0.0,optimal,545d8ca624cc
15,0.02,+/-20%,rolling,reset,model,10,6562.787950984044,7342.819058649126,45302272.97223541,45195623.70839455,106649.26384086162,suboptimal,545d8ca624cc
15,0.02,+/-20%,rolling,reset,model,11,7875.345541180853,8447.720161170531,45889762.99837147,45859114.19441924,30648.803952224553,suboptimal,545d8ca624cc
15,0.02,+/-20%,rolling,reset,model,12,8523.164655104629,7372.792214427546,45258923.48707132,,,infeasible,545d8ca624cc
15,0.02,+/-20%,rolling,reset,model,13,8476.609540800955,8823.066189210573,46144165.73221646,46143252.49881817,913.233398295939,suboptimal,545d8ca624cc
15,0.02,+/-20%,rolling,reset,model,14,10171.931448961144,7163.048393647128,44938165.836080715,,,infeasible,545d8ca624cc
15,0.02,+/-20%,rolling,reset,model,15,10078.842085247345,9004.51360205179,46099424.80910321,,,infeasible,545d8ca624cc
15,0.04,NHF,rolling,reset,model,1,36584.901795739825,36584.901795739825,30277439.508056387,30277439.508056387,0.0,optimal,545d8ca624cc
15,0.04,NHF,rolling,reset,model,2,2639.781570634934,2639.781570634934,12551655.314230107,12551655.314230107,0.0,optimal,545d8ca624cc
15,0.04,NHF,rolling,reset,model,3,6116.726792359021,6116.726792359021,16037479.212602448,16037479.212602448,0.0,optimal,545d8ca624cc
15,0.04,NHF,rolling,reset,model,4,5145.034722803192,5145.034722803192,17034968.17830369,17034968.17830369,0.0,optimal,545d8ca624cc
15,0.04,NHF,rolling,reset,model,5,3388.476297810426,3388.476297810426,19086492.58171553,19086492.58171553,0.0,optimal,545d8ca624cc
15,0.04,NHF,rolling,reset,model,6,5418.6330758160875,5418.6330758160875,23688967.34537976,23688967.34537976,0.0,optimal,545d8ca624cc
15,0.04,NHF,rolling,reset,model,7,11716.451309672268,11716.451309672268,27970939.824645713,27970939.824645713,0.0,optimal,545d8ca624cc
15,0.04,NHF,rolling,reset,model,8,10539.283307770835,10539.283307770835,26374722.908317927,26374722.908317927,0.0,optimal,545d8ca624cc
15,0.04,NHF,rolling,reset,model,9,14280.446657336564,14280.446657336564,24796634.23032119,24796634.23032119,0.0,optimal,545d8ca624cc
15,0.04,NHF,rolling,reset,model,10,5637.827082513043,5637.827082513043,17617119.09420057,17617119.09420057,0.0,optimal,545d8ca624cc
15,0.04,NHF,rolling,reset,model,11,6802.4366409823615,6802.4366409823615,18652601.41737454,18652601.41737454,0.0,optimal,545d8ca624cc
15,0.04,NHF,rolling,reset,model,12,3861.6638133572874,3861.6638133572874,18811012.438555524,18811012.438555524,0.0,optimal,545d8ca624cc
15,0.04,NHF,rolling,reset,model,13,9611.099721767949,9611.099721767947,22701581.488048993,22701581.488048993,0.0,optimal,545d8ca624cc
15,0.04,NHF,rolling,reset,model,14,5067.892137532486,5067.892137532486,21443794.318715934,21443794.318715934,0.0,optimal,545d8ca624cc
15,0.04,NHF,rolling,reset,model,15,11180.703122057581,11180.70312205758,25105338.607384205,25105338.607384205,0.0,optimal,545d8ca624cc
15,0.04,NDY,rolling,reset,model,1,10078.842085247346,10078.842085247346,22300857.462037142,22300857.462037142,0.0,optimal,545d8ca624cc
15,0.04,NDY,rolling,reset,model,2,10078.84208524735,9958.84629573402,23308291.823855698,23298746.938069418,9544.885786280036,suboptimal,545d8ca624cc
15,0.04,NDY,rolling,reset,model,3,10078.842085247346,9850.24254066568,24650074.49108753,,,infeasible,545d8ca624cc
15,0.04,NDY,rolling,reset,model,4,10078.84208524735,9744.027771596284,25661189.81592344,,,infeasible,545d8ca624cc
15,0.04,NDY,rolling,reset,model,5,10078.842085247348,9626.809880604238,26039423.062530152,,,infeasible,545d8ca624cc
15,0.04,NDY,rolling,reset,model,6,10078.84208524735,9513.787027300195,25700875.52878703,,,infeasible,545d8ca624cc
15,0.04,NDY,rolling,reset,model,7,10078.84208524735,9414.042076853206,25569185.75398128,,,infeasible,545d8ca624cc
15,0.04,NDY,rolling,reset,model,8,10078.842085247345,9336.759502285313,25408622.900094975,,,infeasible,545d8ca624cc
15,0.04,NDY,rolling,reset,model,9,10078.842085247348,9250.308058766506,25156381.858226895,,,infeasible,545d8ca624cc
15,0.04,NDY,rolling,reset,model,10,10078.842085247346,9181.72953026507,24853607.87306867,,,infeasible,545d8ca624cc
15,0.04,NDY,rolling,reset,model,11,10078.842085247345,9112.16532549791,24683653.953881726,,,infeasible,545d8ca624cc
15,0.04,NDY,rolling,reset,model,12,10078.842085247343,9020.899425077638,24470091.776765205,,,infeasible,545d8ca624cc
15,0.04,NDY,rolling,reset,model,13,10078.842085247346,8947.501980046874,24114187.4986904,,,infeasible,545d8ca624cc
15,0.04,NDY,rolling,reset,model,14,10078.842085247345,8870.912410694065,24081465.80558646,,,infeasible,545d8ca624cc
15,0.04,NDY,rolling,reset,model,15,10078.84208524735,8813.90766644855,24019253.43757678,,,infeasible,545d8ca624cc
15,0.04,-10%,rolling,reset,model,1,14632.750204632517,14632.750204632517,26207023.90812336,26207023.90812336,0.0,optimal,545d8ca624cc
15,0.04,-10%,rolling,reset,model,2,13169.47518416927,13171.917522774915,25536363.015050482,25536363.015050486,-3.725290298461914e-09,optimal,545d8ca624cc
15,0.04,-10%,rolling,reset,model,3,11852.52766575234,11852.52766912269,25143141.553566672,25143141.553566672,0.0,optimal,545d8ca624cc
15,0.04,-10%,rolling,reset,model,4,10667.274899177106,10647.143046331614,24628573.30873122,24628573.30873122,0.0,optimal,545d8ca624cc
15,0.04,-10%,rolling,reset,model,5,9600.547409259398,9582.301814275817,23633683.28270148,23633683.282701477,3.725290298461914e-09,optimal,545d8ca624cc
15,0.04,-10%,rolling,reset,model,6,8640.492668333456,8624.071631425868,22437747.74623708,22437747.74623708,0.0,optimal,545d8ca624cc
15,0.04,-10%,rolling,reset,model,7,7776.4434015001125,7776.4434037114,21965051.451181676,21965051.451181676,0.0,optimal,545d8ca624cc
15,0.04,-10%,rolling,reset,model,8,8372.539070103205,8121.2502616542515,22304219.3555072,,,infeasible,545d8ca624cc
15,0.04,-10%,rolling,reset,model,9,7535.285163092886,7309.125234642804,22108740.721394658,,,infeasible,545d8ca624cc
15,0.04,-10%,rolling,reset,model,10,8223.635949491749,9006.805910632298,22857093.40898118,22713426.508457527,143666.90052365512,suboptimal,545d8ca624cc
15,0.04,-10%,rolling,reset,model,11,7401.272354542576,8378.447065869415,22091901.33786089,21941452.32264955,150449.01521134004,suboptimal,545d8ca624cc
15,0.04,-10%,rolling,reset,model,12,9512.286785574845,7927.637181395735,21674897.43552895,,,infeasible,545d8ca624cc
15,0.04,-10%,rolling,reset,model,13,8567.030899529052,8573.436134605974,21744925.85668152,21744925.856681507,1.1175870895385742e-08,optimal,545d8ca624cc
15,0.04,-10%,rolling,reset,model,14,7710.327809576145,7716.092524377829,21084099.75175726,21084099.75175726,0.0,optimal,545d8ca624cc
15,0.04,-10%,rolling,reset,model,15,8127.255958869674,7515.513544354856,21192410.284102753,,,infeasible,545d8ca624cc
15,0.04,-20%,rolling,reset,model,1,17849.47302155318,17849.47302155318,27424047.54100614,27424047.54100614,0.0,optimal,545d8ca624cc
15,0.04,-20%,rolling,reset,model,2,14279.57841724255,14277.726916427815,24530510.485609587,24530510.485609584,3.725290298461914e-09,optimal,545d8ca624cc
15,0.04,-20%,rolling,reset,model,3,11423.662733794043,11422.339595958903,22765853.383335624,22765853.383335624,0.0,optimal,545d8ca624cc
15,0.04,-20%,rolling,reset,model,4,9138.930187035234,9137.503959030148,21467299.30065265,21467299.30065265,0.0,optimal,545d8ca624cc
15,0.04,-20%,rolling,reset,model,5,7311.144149628188,7310.003168127342,20655797.750608277,20655797.750608277,0.0,optimal,545d8ca624cc
15,0.04,-20%,rolling,reset,model,6,5848.915319702548,5848.002535035697,20904788.973460436,20904788.973460436,0.0,optimal,545d8ca624cc
15,0.04,-20%,rolling,reset,model,7,8123.654212532189,8123.654210960573,23320828.286821805,23320828.286821805,0.0,optimal,545d8ca624cc
15,0.04,-20%,rolling,reset,model,8,8762.940612589775,8887.85597454962,23883922.735803463,23877838.198570903,6084.537232559174,suboptimal,545d8ca624cc
15,0.04,-20%,rolling,reset,model,9,9667.07698903708,9542.16162864885,23508531.02300945,,,infeasible,545d8ca624cc
15,0.04,-20%,rolling,reset,model,10,7809.846305021628,8279.631819652257,22024819.95534847,21955991.509921342,68828.44542712718,suboptimal,545d8ca624cc
15,0.04,-20%,rolling,reset,model,11,9072.788227225778,8173.047314391181,21752457.864054106,,,infeasible,545d8ca624cc
15,0.04,-20%,rolling,reset,model,12,8566.725049918763,8719.953867109576,21463912.188892946,21451948.916896023,11963.271996922791,suboptimal,545d8ca624cc
15,0.04,-20%,rolling,reset,model,13,6853.380039935011,7130.106619376552,20350353.73089794,20315480.048612736,34873.68228520453,suboptimal,545d8ca624cc
15,0.04,-20%,rolling,reset,model,14,6847.940451535775,6972.855813495618,20899032.08367435,20890520.576829795,8511.506844554096,suboptimal,545d8ca624cc
15,0.04,-20%,rolling,reset,model,15,8157.7096353102925,8032.794274922065,21958601.21097506,,,infeasible,545d8ca624cc
15,0.04,+/-10%,rolling,reset,model,1,14629.36720306614,14629.36720306614,26206540.11848801,26206540.11848801,0.0,optimal,545d8ca624cc
15,0.04,+/-10%,rolling,reset,model,2,13166.43048275953,13166.430485788118,25499866.862591375,25499866.862591375,0.0,optimal,545d8ca624cc
15,0.04,+/-10%,rolling,reset,model,3,11849.787434483575,11848.479706930219,25159284.2073767,25159284.2073767,0.0,optimal,545d8ca624cc
15,0.04,+/-10%,rolling,reset,model,4,10664.808691035216,10648.65670327835,24630969.928501558,24630969.928501558,0.0,optimal,545d8ca624cc
15,0.04,+/-10%,rolling,reset,model,5,9598.327821931696,9580.213225705082,23694876.883856278,23694876.883856278,0.0,optimal,545d8ca624cc
15,0.04,+/-10%,rolling,reset,model,6,8638.495039738524,8622.191902448661,22499873.145502385,22499873.145502385,0.0,optimal,545d8ca624cc
15,0.04,+/-10%,rolling,reset,model,7,7774.645535764675,7774.645537553025,22014640.544172287,22014640.544172324,-3.725290298461914e-08,optimal,545d8ca624cc
15,0.04,+/-10%,rolling,reset,model,8,8320.053061205434,8334.591107359056,22377167.655566655,22377167.655566655,0.0,optimal,545d8ca624cc
15,0.04,+/-10%,rolling,reset,model,9,7488.047755084891,7501.131995009239,21955749.74424992,21955749.74424992,0.0,optimal,545d8ca624cc
15,0.04,+/-10%,rolling,reset,model,10,8236.85253059338,8196.273953968319,22352036.575015645,22352036.575015645,0.0,optimal,545d8ca624cc
15,0.04,+/-10%,rolling,reset,model,11,8053.132740759153,8612.419885890764,22394992.743972886,22310038.80557378,84953.93839910626,suboptimal,545d8ca624cc
15,0.04,+/-10%,rolling,reset,model,12,8858.446014835066,8164.662755566506,21882593.84253315,,,infeasible,545d8ca624cc
15,0.04,+/-10%,rolling,reset,model,13,8588.596910138227,8492.81553625489,21733503.838910226,,,infeasible,545d8ca624cc
15,0.04,+/-10%,rolling,reset,model,14,7729.737219124405,7944.239924834335,21123376.543116555,21102592.087697804,20784.455418750644,suboptimal,545d8ca624cc
15,0.04,+/-10%,rolling,reset,model,15,7901.427051510332,7314.257112473796,20982070.516667888,,,infeasible,545d8ca624cc
15,0.04,+/-20%,rolling,reset,model,1,17847.729940398065,17847.729940398065,27379935.34453999,27379935.344539993,-3.725290298461914e-09,optimal,545d8ca624cc
15,0.04,+/-20%,rolling,reset,model,2,14278.18395231845,14235.74732480183,24461478.06104154,24461478.06104154,0.0,optimal,545d8ca624cc
15,0.04,+/-20%,rolling,reset,model,3,11422.547161854765,11381.293233753333,22660230.48868502,22660230.48868502,0.0,optimal,545d8ca624cc
15,0.04,+/-20%,rolling,reset,model,4,9138.03772948381,9053.125993077754,21420709.082850035,21420709.08285003,3.725290298461914e-09,optimal,545d8ca624cc
15,0.04,+/-20%,rolling,reset,model,5,7310.43018358705,7242.50079411131,20703941.395579092,20703941.395579092,0.0,optimal,545d8ca624cc
15,0.04,+/-20%,rolling,reset,model,6,5848.344146869638,6196.952230069455,21074242.08444463,20768818.492478423,305423.59196620807,suboptimal,545d8ca624cc
15,0.04,+/-20%,rolling,reset,model,7,7018.012976243567,7524.394696596478,23107241.634192165,22868836.906285148,238404.72790701687,suboptimal,545d8ca624cc
15,0.04,+/-20%,rolling,reset,model,8,8421.61557149228,8814.745633294844,24300101.235715095,24226265.672331873,73835.56338322163,suboptimal,545d8ca624cc
15,0.04,+/-20%,rolling,reset,model,9,10105.938685790738,10035.106113290454,24211564.01942013,24211564.019420132,-3.725290298461914e-09,optimal,545d8ca624cc
15,0.04,+/-20%,rolling,reset,model,10,10168.883623341215,9157.049911848719,22454006.56214115,,,infeasible,545d8ca624cc
15,0.04,+/-20%,rolling,reset,model,11,9257.98734164123,8469.359246090027,21250576.56776469,,,infeasible,545d8ca624cc
15,0.04,+/-20%,rolling,reset,model,12,7453.8485511475965,7852.22170004008,20425543.602974024,20372473.698152404,53069.90482161939,suboptimal,545d8ca624cc
15,0.04,+/-20%,rolling,reset,model,13,5963.078840918079,6369.829378180066,19923990.923339393,19841610.31843275,82380.60490664467,suboptimal,545d8ca624cc
15,0.04,+/-20%,rolling,reset,model,14,7155.694609101694,7027.97770207471,21163598.467244174,,,infeasible,545d8ca624cc
15,0.04,+/-20%,rolling,reset,model,15,8586.833530922033,8180.057108988899,22269501.68935765,,,infeasible,545d8ca624cc
15,0.06,NHF,rolling,reset,model,1,36584.901795739825,36584.901795739825,21614707.6068787,21614707.6068787,0.0,optimal,545d8ca624cc
15,0.06,NHF,rolling,reset,model,2,2639.781570634934,2639.781570634934,6422795.9069461385,6422795.9069461385,0.0,optimal,545d8ca624cc
15,0.06,NHF,rolling,reset,model,3,6116.726792359021,6116.726792359021,8910241.188989768,8910241.188989768,0.0,optimal,545d8ca624cc
15,0.06,NHF,rolling,reset,model,4,5145.034722803192,5145.034722803192,9239752.416429197,9239752.416429197,0.0,optimal,545d8ca624cc
15,0.06,NHF,rolling,reset,model,5,3388.476297810426,3388.476297810426,10380859.41764628,10380859.41764628,0.0,optimal,545d8ca624cc
15,0.06,NHF,rolling,reset,model,6,5418.6330758160875,5418.6330758160875,14008742.067294817,14008742.067294817,0.0,optimal,545d8ca624cc
15,0.06,NHF,rolling,reset,model,7,11716.451309672268,11716.451309672268,17971198.35331039,17971198.35331039,0.0,optimal,545d8ca624cc
15,0.06,NHF,rolling,reset,model,8,10539.283307770835,10539.283307770835,17114346.772190344,17114346.772190344,0.0,optimal,545d8ca624cc
15,0.06,NHF,rolling,reset,model,9,14280.446657336564,14280.446657336564,16386045.076239705,16386045.076239705,0.0,optimal,545d8ca624cc
15,0.06,NHF,rolling,reset,model,10,5637.827082513043,5637.827082513043,10235746.356971059,10235746.356971059,0.0,optimal,545d8ca624cc
15,0.06,NHF,rolling,reset,model,11,6802.4366409823615,6802.4366409823615,10841299.554340975,10841299.554340975,0.0,optimal,545d8ca624cc
15,0.06,NHF,rolling,reset,model,12,3861.6638133572874,3861.6638133572874,10607647.563511375,10607647.563511375,0.0,optimal,545d8ca624cc
15,0.06,NHF,rolling,reset,model,13,9611.099721767949,9611.099721767947,13831992.85193544,13831992.85193544,0.0,optimal,545d8ca624cc
15,0.06,NHF,rolling,reset,model,14,5067.892137532486,5067.892137532486,12593327.708778784,12593327.708778784,0.0,optimal,545d8ca624cc
15,0.06,NHF,rolling,reset,model,15,11180.703122057581,11180.70312205758,15883115.778883012,15883115.778883012,0.0,optimal,545d8ca624cc
15,0.06,NDY,rolling,reset,model,1,10010.847872225431,10010.847872225431,13027811.458810885,13027811.458810886,-1.862645149230957e-09,optimal,545d8ca624cc
15,0.06,NDY,rolling,reset,model,2,10010.847872225433,9843.266057491755,13322536.450626971,13308733.402816828,13803.04781014286,suboptimal,545d8ca624cc
15,0.06,NDY,rolling,reset,model,3,10010.847872225433,9743.06723817426,14226879.803647164,,,infeasible,545d8ca624cc
15,0.06,NDY,rolling,reset,model,4,10010.847872225433,9625.406633028584,15013077.908430487,,,infeasible,545d8ca624cc
15,0.06,NDY,rolling,reset,model,5,10010.847872225428,9523.203267413592,15539687.036095113,,,infeasible,545d8ca624cc
15,0.06,NDY,rolling,reset,model,6,10010.847872225431,9410.369657992085,15432982.701313714,,,infeasible,545d8ca624cc
15,0.06,NDY,rolling,reset,model,7,10010.84787222543,9312.322340496079,15496345.171128655,,,infeasible,545d8ca624cc
15,0.06,NDY,rolling,reset,model,8,10010.84787222543,9184.632030330074,15481488.101208027,,,infeasible,545d8ca624cc
15,0.06,NDY,rolling,reset,model,9,10010.847872225435,9090.212695428208,15237506.39194324,,,infeasible,545d8ca624cc
15,0.06,NDY,rolling,reset,model,10,10010.847872225433,9035.414326190124,14778184.890324874,,,infeasible,545d8ca624cc
15,0.06,NDY,rolling,reset,model,11,10010.847872225428,8974.303060966437,14546811.878671277,,,infeasible,545d8ca624cc
15,0.06,NDY,rolling,reset,model,12,10010.847872225428,8915.689178355027,14487844.717927756,,,infeasible,545d8ca624cc
15,0.06,NDY,rolling,reset,model,13,10010.847872225431,8856.40708780851,14464983.24028605,,,infeasible,545d8ca624cc
15,0.06,NDY,rolling,reset,model,14,10010.84787222543,8776.965811438851,14500532.200000888,,,infeasible,545d8ca624cc
15,0.06,NDY,rolling,reset,model,15,10010.847872225431,8679.844955922645,14717921.35515823,,,infeasible,545d8ca624cc
15,0.06,-10%,rolling,reset,model,1,14609.89962771365,14609.89962771365,16251029.267410861,16251029.267410861,0.0,optimal,545d8ca624cc
15,0.06,-10%,rolling,reset,model,2,13148.909664942286,13130.969375831486,15744203.923149165,15744203.923149165,0.0,optimal,545d8ca624cc
15,0.06,-10%,rolling,reset,model,3,11834.018698448057,11796.304160765634,15530218.53879864,15530218.53879864,0.0,optimal,545d8ca624cc
15,0.06,-10%,rolling,reset,model,4,10650.61682860325,10605.466966898515,15190745.751996677,15190745.751996677,0.0,optimal,545d8ca624cc
15,0.06,-10%,rolling,reset,model,5,9585.555145742928,9543.009572986011,14511312.453679174,14511312.453679172,1.862645149230957e-09,optimal,545d8ca624cc
15,0.06,-10%,rolling,reset,model,6,8626.999631168632,8588.708610964144,13591809.41575717,13591809.41575483,2.339482307434082e-06,optimal,545d8ca624cc
15,0.06,-10%,rolling,reset,model,7,7764.299668051771,7764.299667535422,13313744.560426537,13313744.560426537,0.0,optimal,545d8ca624cc
15,0.06,-10%,rolling,reset,model,8,7956.99641962173,7956.996420138079,13613934.568080349,13613934.568080349,0.0,optimal,545d8ca624cc
15,0.06,-10%,rolling,reset,model,9,7679.045276558954,7451.640683366771,13648347.492484132,,,infeasible,545d8ca624cc
15,0.06,-10%,rolling,reset,model,10,8775.986653804492,8459.34244962226,14201573.508089792,,,infeasible,545d8ca624cc
15,0.06,-10%,rolling,reset,model,11,8083.671262582217,9456.33714873522,14278609.988770945,13863343.717240471,415266.2715304736,suboptimal,545d8ca624cc
15,0.06,-10%,rolling,reset,model,12,8961.81256105503,8592.39185705612,13198659.972371774,,,infeasible,545d8ca624cc
15,0.06,-10%,rolling,reset,model,13,8135.568905003027,7869.38521651072,12450120.050517397,,,infeasible,545d8ca624cc
15,0.06,-10%,rolling,reset,model,14,7322.012014502723,7082.446696232967,12153935.041554485,,,infeasible,545d8ca624cc
15,0.06,-10%,rolling,reset,model,15,7650.158715693208,7103.038032177877,12605141.376067197,,,infeasible,545d8ca624cc
15,0.06,-20%,rolling,reset,model,1,17812.2238939299,17812.2238939299,17641666.159155447,17641666.159155447,0.0,optimal,545d8ca624cc
15,0.06,-20%,rolling,reset,model,2,14249.779115143921,14231.313973966711,15301933.01380704,15301933.013807042,-1.862645149230957e-09,optimal,545d8ca624cc
15,0.06,-20%,rolling,reset,model,3,11399.823292115141,11363.088566253466,14014000.786786228,14014000.786786228,0.0,optimal,545d8ca624cc
15,0.06,-20%,rolling,reset,model,4,9119.85863369211,9089.843467354072,12764727.05282622,12764727.052826222,-1.862645149230957e-09,optimal,545d8ca624cc
15,0.06,-20%,rolling,reset,model,5,7295.886906953692,7271.874773087397,12016181.14423964,12016181.144239172,4.675239324569702e-07,optimal,545d8ca624cc
15,0.06,-20%,rolling,reset,model,6,5836.709525562954,5817.4998166574915,12146732.288054222,12146732.288054222,0.0,optimal,545d8ca624cc
15,0.06,-20%,rolling,reset,model,7,7524.394696596478,7524.394696596478,14147724.709612861,14147724.709612861,0.0,optimal,545d8ca624cc
15,0.06,-20%,rolling,reset,model,8,9280.495554479623,9280.495554479623,15401595.527666742,15401595.527666742,0.0,optimal,545d8ca624cc
15,0.06,-20%,rolling,reset,model,9,10171.103946848645,9783.071693105103,15100345.705270043,,,infeasible,545d8ca624cc
15,0.06,-20%,rolling,reset,model,10,8136.883157478918,8827.652566149654,13840156.183912694,13701431.191189183,138724.99272351153,suboptimal,545d8ca624cc
15,0.06,-20%,rolling,reset,model,11,8404.980251519755,8628.709589637454,13086376.041105393,13047679.956418138,38696.08468725532,suboptimal,545d8ca624cc
15,0.06,-20%,rolling,reset,model,12,8258.692667957352,7896.015457627301,12214688.146154782,,,infeasible,545d8ca624cc
15,0.06,-20%,rolling,reset,model,13,6606.954134365884,6316.812362728895,11639442.517081287,,,infeasible,545d8ca624cc
15,0.06,-20%,rolling,reset,model,14,6993.5324610908665,6993.5324610908665,12672710.600492736,12672710.600492738,-1.862645149230957e-09,optimal,545d8ca624cc
15,0.06,-20%,rolling,reset,model,15,8497.11085243802,8122.735239773893,13666224.394795554,,,infeasible,545d8ca624cc
15,0.06,+/-10%,rolling,reset,model,1,14606.320673414917,14606.320673414917,16250942.950579101,16250942.950579101,0.0,optimal,545d8ca624cc
15,0.06,+/-10%,rolling,reset,model,2,13145.68860607343,13131.108825088351,15745102.226665085,15745102.226665083,1.862645149230957e-09,optimal,545d8ca624cc
15,0.06,+/-10%,rolling,reset,model,3,11831.119745466083,11800.364314416063,15524972.453182694,15524972.453182694,0.0,optimal,545d8ca624cc
15,0.06,+/-10%,rolling,reset,model,4,10648.007770919477,10610.430008537076,15204967.416901585,15204967.416901583,1.862645149230957e-09,optimal,545d8ca624cc
15,0.06,+/-10%,rolling,reset,model,5,9583.206993827533,9544.48910120037,14549627.260263799,14549627.260263799,0.0,optimal,545d8ca624cc
15,0.06,+/-10%,rolling,reset,model,6,8624.886294444776,8590.040190279533,13601673.25780057,13601673.25780057,0.0,optimal,545d8ca624cc
15,0.06,+/-10%,rolling,reset,model,7,7762.3976650003,7762.397662984979,13332424.202529643,13332424.20252964,1.862645149230957e-09,optimal,545d8ca624cc
15,0.06,+/-10%,rolling,reset,model,8,7958.898422673201,7918.487399039368,13649612.372266516,13649612.372266514,1.862645149230957e-09,optimal,545d8ca624cc
15,0.06,+/-10%,rolling,reset,model,9,7679.725753195456,7752.647721868544,13759444.10965141,13759444.10965141,0.0,optimal,545d8ca624cc
15,0.06,+/-10%,rolling,reset,model,10,8447.698328515004,8453.980499942854,14022769.139241012,14022769.139241012,0.0,optimal,545d8ca624cc
15,0.06,+/-10%,rolling,reset,model,11,8772.293352741211,9145.274249366028,13992935.581381653,13931908.994132753,61026.58724889904,suboptimal,545d8ca624cc
15,0.06,+/-10%,rolling,reset,model,12,8609.885100261523,8230.746823710111,13063773.904910313,,,infeasible,545d8ca624cc
15,0.06,+/-10%,rolling,reset,model,13,8142.6117241961165,8067.839347826423,12658805.565798322,12658805.565798322,0.0,optimal,545d8ca624cc
15,0.06,+/-10%,rolling,reset,model,14,7328.350551776505,7261.055408810095,12260654.031892119,12260654.031892119,0.0,optimal,545d8ca624cc
15,0.06,+/-10%,rolling,reset,model,15,7650.158715693208,6686.663829046498,12579603.47950881,,,infeasible,545d8ca624cc
15,0.06,+/-20%,rolling,reset,model,1,17810.788028080176,17810.788028080176,17628593.179067485,17628593.179067485,0.0,optimal,545d8ca624cc
15,0.06,+/-20%,rolling,reset,model,2,14248.630422464144,14226.489320480727,15269175.280330952,15269175.280330952,0.0,optimal,545d8ca624cc
15,0.06,+/-20%,rolling,reset,model,3,11398.904337971318,11363.337029845226,13950355.242979644,13950355.242979646,-1.862645149230957e-09,optimal,545d8ca624cc
15,0.06,+/-20%,rolling,reset,model,4,9119.123470377053,9034.241723062996,12718660.658308828,12718660.658308828,0.0,optimal,545d8ca624cc
15,0.06,+/-20%,rolling,reset,model,5,7295.2987763016445,7063.263417994155,11958521.961227188,11945384.666316573,13137.29491061531,suboptimal,545d8ca624cc
15,0.06,+/-20%,rolling,reset,model,6,5836.239021041314,6147.703650101297,12297879.413604753,12022523.149072519,275356.2645322345,suboptimal,545d8ca624cc
15,0.06,+/-20%,rolling,reset,model,7,7003.486825249577,7398.736882513188,14025215.735083006,13781314.039737808,243901.69534519874,suboptimal,545d8ca624cc
15,0.06,+/-20%,rolling,reset,model,8,8404.184190299493,9406.153368562911,15452201.60274321,15195723.802332792,256477.80041041784,suboptimal,545d8ca624cc
15,0.06,+/-20%,rolling,reset,model,9,10085.021028359391,9470.032527115723,15037344.465086631,,,infeasible,545d8ca624cc
15,0.06,+/-20%,rolling,reset,model,10,10292.15160538218,9514.969527181394,14099905.853084097,,,infeasible,545d8ca624cc
15,0.06,+/-20%,rolling,reset,model,11,8723.823804944854,8138.00743705739,12744531.999529324,,,infeasible,545d8ca624cc
15,0.06,+/-20%,rolling,reset,model,12,7922.893814457833,7915.22458389368,12176510.286950503,12176510.286950503,0.0,optimal,545d8ca624cc
15,0.06,+/-20%,rolling,reset,model,13,6338.315051566269,6332.179663006172,11551747.751471907,11551747.751471907,0.0,optimal,545d8ca624cc
15,0.06,+/-20%,rolling,reset,model,14,6483.521044002364,7119.1902751741545,12495627.49167037,12372370.073122134,123257.41854823567,suboptimal,545d8ca624cc
15,0.06,+/-20%,rolling,reset,model,15,7780.2252528028375,7172.407744601741,13195012.176523972,13170096.528364269,24915.64815970324,suboptimal,545d8ca624cc
16,0.0,NHF,rolling,reset,model,1,4319.40902603,4319.40902603,226670153.15882078,226670153.15882078,0.0,optimal,545d8ca624cc
16,0.0,NHF,rolling,reset,model,2,1143.827523055,1161.2980941333333,236861029.35785553,236861023.35226238,6.005593150854111,optimal,545d8ca624cc
16,0.0,NHF,rolling,reset,model,3,7807.561629667727,860.01201,248908955.88798374,248503287.44658953,405668.44139420986,suboptimal,545d8ca624cc
16,0.0,NHF,rolling,reset,model,4,4914.80555683,8008.37401052061,259333285.66334346,256300872.95070446,3032412.712639004,suboptimal,545d8ca624cc
16,0.0,NHF,rolling,reset,model,5,30046.531409573385,15420.64952347847,260908702.1096098,260908702.1096098,0.0,optimal,545d8ca624cc
16,0.0,NHF,rolling,reset,model,6,7274.975659016887,10516.4785071975,252156566.15477356,252005533.31438032,151032.84039324522,suboptimal,545d8ca624cc
16,0.0,NHF,rolling,reset,model,7,19748.15161494421,11310.688209059826,249385042.9642146,249385042.9642146,0.0,optimal,545d8ca624cc
16,0.0,NHF,rolling,reset,model,8,10269.008954634386,8737.252040265965,244901054.36986694,244901054.36986694,0.0,optimal,545d8ca624cc
16,0.0,NHF,rolling,reset,model,9,5086.437105944447,9065.208437183685,243596907.48844385,243409889.86322924,187017.62521460652,suboptimal,545d8ca624cc
16,0.0,NHF,rolling,reset,model,10,394.43154537,8856.538731454584,242153207.6547888,233255487.61744326,8897720.037345529,suboptimal,545d8ca624cc
16,0.0,NHF,rolling,reset,model,11,686.26201817,6806.679387093221,240409485.5021317,234499134.5016435,5910351.000488192,suboptimal,545d8ca624cc
16,0.0,NHF,rolling,reset,model,12,1259.53383193,11086.221272861269,241387452.20491,232080519.29335815,9306932.911551863,suboptimal,545d8ca624cc
16,0.0,NHF,rolling,reset,model,13,1535.368756675,12079.642664716835,237242864.19526747,231463143.20756763,5779720.9876998365,suboptimal,545d8ca624cc
16,0.0,NHF,rolling,reset,model,14,5870.070033912954,9609.121818199681,232470989.7953322,232294275.6177069,176714.1776252985,suboptimal,545d8ca624cc
16,0.0,NHF,rolling,reset,model,15,74684.0443982956,5773.806500908903,230737644.71082643,,,infeasible,545d8ca624cc
16,0.0,NDY,rolling,reset,model,1,10201.244311235429,10201.244311235429,192496534.66704056,192496534.6670405,5.960464477539063e-08,optimal,545d8ca624cc
16,0.0,NDY,rolling,reset,model,2,10201.244311235427,10201.244311235421,197160169.6801532,197160169.6801532,0.0,optimal,545d8ca624cc
16,0.0,NDY,rolling,reset,model,3,10201.244311235427,10201.244311235421,200601875.16202328,200601875.1620233,-2.9802322387695312e-08,optimal,545d8ca624cc
16,0.0,NDY,rolling,reset,model,4,10201.244311235427,9609.914543420184,201937632.93033865,201851342.96593696,86289.96440169215,suboptimal,545d8ca624cc
16,0.0,NDY,rolling,reset,model,5,10201.244311235429,9178.359206653451,202142774.30533996,201847713.63739267,295060.6679472923,suboptimal,545d8ca624cc
16,0.0,NDY,rolling,reset,model,6,10201.244311235429,9325.632895467286,201792290.78307763,201625157.6856159,167133.09746173024,suboptimal,545d8ca624cc
16,0.0,NDY,rolling,reset,model,7,10201.244311235429,9246.764293798915,201483064.2743819,201266665.47576007,216398.79862183332,suboptimal,545d8ca624cc
16,0.0,NDY,rolling,reset,model,8,10201.24431123543,9111.07641352846,200665738.82692856,200355012.1321184,310726.69481015205,suboptimal,545d8ca624cc
16,0.0,NDY,rolling,reset,model,9,10201.244311235427,9024.139648049837,200740853.67502657,200306809.7067135,434043.96831306815,suboptimal,545d8ca624cc
16,0.0,NDY,rolling,reset,model,10,10201.244311235425,9034.473237729326,200679183.1925953,200198174.8187763,481008.37381899357,suboptimal,545d8ca624cc
16,0.0,NDY,rolling,reset,model,11,10201.244311235429,8905.533361604656,201080190.50586113,200335209.85463002,744980.6512311101,suboptimal,545d8ca624cc
16,0.0,NDY,rolling,reset,model,12,10201.244311235425,9022.681436871659,201216559.41061565,200722562.16640237,493997.24421328306,suboptimal,545d8ca624cc
16,0.0,NDY,rolling,reset,model,13,10201.244311235425,9138.234720233373,201114567.2734787,200827010.3134328,287556.9600458741,suboptimal,545d8ca624cc
16,0.0,NDY,rolling,reset,model,14,10201.244311235427,9147.96081089662,201161883.83288,200880609.60682118,281274.22605881095,suboptimal,545d8ca624cc
16,0.0,NDY,rolling,reset,model,15,10201.244311235427,9139.701454730164,201875922.05169535,201577915.79721424,298006.254481107,suboptimal,545d8ca624cc
16,0.0,-10%,rolling,reset,model,1,4730.456172433434,4730.456172433434,203524772.1188459,203524772.1188459,0.0,optimal,545d8ca624cc
16,0.0,-10%,rolling,reset,model,2,4257.410555190091,5260.1205622169,211543132.00422257,211532404.45002228,10727.554200291634,suboptimal,545d8ca624cc
16,0.0,-10%,rolling,reset,model,3,3831.669499671082,4665.861483323917,218873803.4622784,218861600.16355163,12203.298726767302,suboptimal,545d8ca624cc
16,0.0,-10%,rolling,reset,model,4,15235.476833039611,14517.721611660601,226125733.34542346,226111016.16843525,14717.176988214254,suboptimal,545d8ca624cc
16,0.0,-10%,rolling,reset,model,5,13767.952135994994,13460.849026453163,221187612.58598283,221170058.97727987,17553.60870295763,suboptimal,545d8ca624cc
16,0.0,-10%,rolling,reset,model,6,12391.156922395496,12119.952778663152,215833084.31955177,215831070.3172956,2014.002256155014,suboptimal,545d8ca624cc
16,0.0,-10%,rolling,reset,model,7,11152.041230155946,11347.51160134276,211045367.51751274,211044281.85901472,1085.65849801898,suboptimal,545d8ca624cc
16,0.0,-10%,rolling,reset,model,8,10036.837107140353,10660.79400767178,208115260.3461941,208109207.4155019,6052.930692195892,suboptimal,545d8ca624cc
16,0.0,-10%,rolling,reset,model,9,9033.153396426318,9981.27656947933,206000134.0531836,205997376.01817712,2758.0350064635277,suboptimal,545d8ca624cc
16,0.0,-10%,rolling,reset,model,10,10528.106231906942,9449.59376636891,204540554.62626788,204347131.86463702,193422.76163086295,suboptimal,545d8ca624cc
16,0.0,-10%,rolling,reset,model,11,15548.307134941966,8645.215506805544,204526013.495981,,,infeasible,545d8ca624cc
16,0.0,-10%,rolling,reset,model,12,13993.476421447771,7987.873668437579,205211423.96344623,195301209.29769862,9910214.665747613,suboptimal,545d8ca624cc
16,0.0,-10%,rolling,reset,model,13,12594.128779302993,6627.394419779512,206739079.33542937,203448656.0004871,3290423.3349422812,suboptimal,545d8ca624cc
16,0.0,-10%,rolling,reset,model,14,11334.715901372696,5452.311869935,209927708.43698356,209063388.45315555,864319.9838280082,suboptimal,545d8ca624cc
16,0.0,-10%,rolling,reset,model,15,10201.244311235423,7444.211820695037,214667865.48184738,214625675.5318587,42189.9499886632,suboptimal,545d8ca624cc
16,0.0,-20%,rolling,reset,model,1,5334.49913064001,5334.49913064001,205809566.41878933,205809566.41878933,0.0,optimal,545d8ca624cc
16,0.0,-20%,rolling,reset,model,2,4267.599304511983,4001.6069893350004,213486810.2035018,213486299.29943252,510.9040692746639,suboptimal,545d8ca624cc
16,0.0,-20%,rolling,reset,model,3,3414.079443609615,3081.2732210302834,221909653.44830093,221909544.16242048,109.28588044643402,optimal,545d8ca624cc
16,0.0,-20%,rolling,reset,model,4,14367.952826484307,15748.095384237082,230764277.4210525,230757722.2916964,6555.129356086254,suboptimal,545d8ca624cc
16,0.0,-20%,rolling,reset,model,5,16154.149852272993,16302.117764074821,224854120.35058007,224854120.35058007,0.0,optimal,545d8ca624cc
16,0.0,-20%,rolling,reset,model,6,12923.31988181839,11138.101866814388,215686907.2465207,215678450.63712138,8456.609399318695,suboptimal,545d8ca624cc
16,0.0,-20%,rolling,reset,model,7,10338.655905454716,9978.7142959908,212541283.94918835,212539566.85192195,1717.0972664058208,suboptimal,545d8ca624cc
16,0.0,-20%,rolling,reset,model,8,8270.924724363773,10004.726977885393,211168761.50581262,211168525.57254723,235.93326538801193,suboptimal,545d8ca624cc
16,0.0,-20%,rolling,reset,model,9,6616.739779491017,9534.292076745873,209876356.28142494,209796875.22295216,79481.05847278237,suboptimal,545d8ca624cc
16,0.0,-20%,rolling,reset,model,10,6636.40096305844,9986.63190820844,209146770.55567682,209057927.25974822,88843.29592859745,suboptimal,545d8ca624cc
16,0.0,-20%,rolling,reset,model,11,13131.31766962467,8211.369989520716,208082389.46083704,207722205.9726029,360183.4882341325,suboptimal,545d8ca624cc
16,0.0,-20%,rolling,reset,model,12,19924.305295381677,9646.298495448136,209338220.6618867,,,infeasible,545d8ca624cc
16,0.0,-20%,rolling,reset,model,13,15939.444236305368,7717.0388013050015,208646074.5098377,204869699.68687353,3776374.8229641616,suboptimal,545d8ca624cc
16,0.0,-20%,rolling,reset,model,14,12751.555389044282,4902.509399345189,210440502.16848347,209785084.34840518,655417.8200782835,suboptimal,545d8ca624cc
16,0.0,-20%,rolling,reset,model,15,10201.244311235423,4737.913385382501,215991304.78891763,215943916.71606144,47388.07285618782,suboptimal,545d8ca624cc
16,0.0,+/-10%,rolling,reset,model,1,6710.59240949228,6710.59240949228,202858163.66476655,202858163.66476655,0.0,optimal,545d8ca624cc
16,0.0,+/-10%,rolling,reset,model,2,7381.651650441507,7786.954225608797,209246382.77280486,209195864.31092405,50518.46188080311,suboptimal,545d8ca624cc
16,0.0,+/-10%,rolling,reset,model,3,8119.8168154856585,9129.67865046819,213819478.8230166,213712575.16522264,106903.65779396892,suboptimal,545d8ca624cc
16,0.0,+/-10%,rolling,reset,model,4,8931.798497034224,10033.953260765502,216183405.8182792,216121864.33750215,61541.480777055025,suboptimal,545d8ca624cc
16,0.0,+/-10%,rolling,reset,model,5,9824.978346737647,11573.224383519362,216097807.54756758,216031872.98195106,65934.56561651826,suboptimal,545d8ca624cc
16,0.0,+/-10%,rolling,reset,model,6,10807.476181411414,10965.250142015735,212756295.6091606,212755765.23206562,530.3770949840546,suboptimal,545d8ca624cc
16,0.0,+/-10%,rolling,reset,model,7,10861.026134547994,10432.488972113259,210171353.59051788,210162915.37155297,8438.218964904547,suboptimal,545d8ca624cc
16,0.0,+/-10%,rolling,reset,model,8,10548.04303838886,10361.106127155257,208345016.56797013,208339313.70264405,5702.865326076746,suboptimal,545d8ca624cc
16,0.0,+/-10%,rolling,reset,model,9,11602.847342227746,9419.173449299487,206686016.33847532,205572574.61704224,1113441.7214330733,suboptimal,545d8ca624cc
16,0.0,+/-10%,rolling,reset,model,10,12763.13207645052,9233.508831499701,205999937.33811182,202640064.48390022,3359872.8542115986,suboptimal,545d8ca624cc
16,0.0,+/-10%,rolling,reset,model,11,14039.445284095573,8723.36960344743,205993279.11168826,196709616.4071985,9283662.704489768,suboptimal,545d8ca624cc
16,0.0,+/-10%,rolling,reset,model,12,13993.47642144777,8077.225113690108,206501357.84385166,198407302.70549378,8094055.138357878,suboptimal,545d8ca624cc
16,0.0,+/-10%,rolling,reset,model,13,12594.128779302993,7471.429153190001,208013934.5363578,205230812.635678,2783121.900679797,suboptimal,545d8ca624cc
16,0.0,+/-10%,rolling,reset,model,14,11334.715901372692,7522.046625021204,210231738.2068115,209642714.93312648,589023.2736850083,suboptimal,545d8ca624cc
16,0.0,+/-10%,rolling,reset,model,15,10201.244311235423,8751.847986908708,212509393.5285102,212493591.09858176,15802.429928451777,suboptimal,545d8ca624cc
16,0.0,+/-20%,rolling,reset,model,1,5649.67207776649,5649.67207776649,204970347.36479244,204970347.36479244,0.0,optimal,545d8ca624cc
16,0.0,+/-20%,rolling,reset,model,2,6779.606493319787,7141.480612255527,212297211.01373985,212265557.55870786,31653.455031991005,suboptimal,545d8ca624cc
16,0.0,+/-20%,rolling,reset,model,3,8135.527791983746,8864.393795218728,217873483.47374433,217833725.51799977,39757.95574456453,suboptimal,545d8ca624cc
16,0.0,+/-20%,rolling,reset,model,4,9762.633350380496,11505.461408630445,220702609.4876681,220613280.82863268,89328.65903541446,suboptimal,545d8ca624cc
16,0.0,+/-20%,rolling,reset,model,5,11715.160020456595,14095.868169226773,219128361.76758718,219061986.8598931,66374.90769407153,suboptimal,545d8ca624cc
16,0.0,+/-20%,rolling,reset,model,6,12178.269554795961,9141.859068092926,211801757.96062744,211757776.85911328,43981.10151416063,suboptimal,545d8ca624cc
16,0.0,+/-20%,rolling,reset,model,7,9742.615643836773,10352.610623211034,211775638.92351267,211766159.82840526,9479.095107406378,suboptimal,545d8ca624cc
16,0.0,+/-20%,rolling,reset,model,8,7794.092515069418,8822.172953394256,209867948.668123,209803423.02791014,64525.640212863684,suboptimal,545d8ca624cc
16,0.0,+/-20%,rolling,reset,model,9,9352.911018083298,10217.930882870874,210394607.6009695,210386706.6784304,7900.92253908515,suboptimal,545d8ca624cc
16,0.0,+/-20%,rolling,reset,model,10,11223.493221699959,9018.55481067094,208905111.92614013,208885846.44999096,19265.47614917159,suboptimal,545d8ca624cc
16,0.0,+/-20%,rolling,reset,model,11,13468.191866039946,10511.613089880073,209404586.9628262,208707840.37022603,696746.5926001668,suboptimal,545d8ca624cc
16,0.0,+/-20%,rolling,reset,model,12,16161.830239247936,9271.400125758355,207766004.83957383,201949447.47568908,5816557.363884747,suboptimal,545d8ca624cc
16,0.0,+/-20%,rolling,reset,model,13,15939.444236305348,7011.942663625001,207113071.54451007,201365261.59730628,5747809.947203785,suboptimal,545d8ca624cc
16,0.0,+/-20%,rolling,reset,model,14,12751.55538904428,6029.512820167769,209711262.37154362,209130718.71923667,580543.6523069441,suboptimal,545d8ca624cc
16,0.0,+/-20%,rolling,reset,model,15,10201.244311235421,7827.669663450783,214147879.90096736,214133251.57392123,14628.327046126127,suboptimal,545d8ca624cc
16,0.02,NHF,rolling,reset,model,1,34402.65967018417,34402.65967018417,55870659.36826402,55870659.36826402,0.0,optimal,545d8ca624cc
16,0.02,NHF,rolling,reset,model,2,4291.862446482169,5311.564966123139,38739375.93130865,38736742.78384598,2633.1474626660347,suboptimal,545d8ca624cc
16,0.02,NHF,rolling,reset,model,3,5207.14412562036,4368.494116364182,42392026.37671732,42387627.56983222,4398.806885100901,suboptimal,545d8ca624cc
16,0.02,NHF,rolling,reset,model,4,3839.8032994620708,4627.279131917008,47194311.19065181,47191130.476296544,3180.7143552675843,suboptimal,545d8ca624cc
16,0.02,NHF,rolling,reset,model,5,14501.35789427879,13097.132784643727,52481974.56324099,,,infeasible,545d8ca624cc
16,0.02,NHF,rolling,reset,model,6,4871.378499616013,4871.378499616013,46715575.00465051,46715575.00465051,0.0,optimal,545d8ca624cc
16,0.02,NHF,rolling,reset,model,7,12170.802066368673,12170.80206636867,51208603.288206115,51208603.288206115,0.0,optimal,545d8ca624cc
16,0.02,NHF,rolling,reset,model,8,9508.070269712169,9508.070269712169,47576884.78079917,47576884.78079917,0.0,optimal,545d8ca624cc
16,0.02,NHF,rolling,reset,model,9,11695.669248276954,11702.878736019133,45756076.726593964,45756076.726593964,0.0,optimal,545d8ca624cc
16,0.02,NHF,rolling,reset,model,10,3063.352455373445,4005.139981286209,40503517.56568316,40443165.22294175,60352.342741414905,suboptimal,545d8ca624cc
16,0.02,NHF,rolling,reset,model,11,4262.919321354073,6536.546079336108,45222616.51138798,45067011.11750863,155605.393879354,suboptimal,545d8ca624cc
16,0.02,NHF,rolling,reset,model,12,5850.746993427367,4204.205080424058,46973966.39183093,,,infeasible,545d8ca624cc
16,0.02,NHF,rolling,reset,model,13,13875.708605170234,15704.082026137325,51819302.33171949,51721814.28466943,97488.04705005884,suboptimal,545d8ca624cc
16,0.02,NHF,rolling,reset,model,14,8478.291493370367,3831.0955465563866,42946125.24754689,,,infeasible,545d8ca624cc
16,0.02,NHF,rolling,reset,model,15,12319.883229062323,10276.563360455999,48245176.25893631,,,infeasible,545d8ca624cc
16,0.02,NDY,rolling,reset,model,1,10201.244311235425,10201.244311235425,50561900.3601403,50561900.3601403,0.0,optimal,545d8ca624cc
16,0.02,NDY,rolling,reset,model,2,10201.244311235436,10201.244311235412,52833712.956608236,52833712.95660825,-1.4901161193847656e-08,optimal,545d8ca624cc
16,0.02,NDY,rolling,reset,model,3,10201.244311235416,10201.244311235423,55173643.343442984,55173643.34344301,-2.2351741790771484e-08,optimal,545d8ca624cc
16,0.02,NDY,rolling,reset,model,4,10201.244311235429,10123.601695853738,56793821.64695557,56793821.64695557,0.0,optimal,545d8ca624cc
16,0.02,NDY,rolling,reset,model,5,10201.24431123542,10016.23723410026,57504599.609105326,,,infeasible,545d8ca624cc
16,0.02,NDY,rolling,reset,model,6,10201.244311235425,9917.203793887438,56677849.00987023,,,infeasible,545d8ca624cc
16,0.02,NDY,rolling,reset,model,7,10201.244311235423,9823.469882798765,55821208.93092643,,,infeasible,545d8ca624cc
16,0.02,NDY,rolling,reset,model,8,10201.244311235425,9744.11212122927,55455987.443765916,,,infeasible,545d8ca624cc
16,0.02,NDY,rolling,reset,model,9,10201.244311235425,9643.388605468364,55157681.316444926,,,infeasible,545d8ca624cc
16,0.02,NDY,rolling,reset,model,10,10201.244311235425,9564.444388555807,54257620.19419815,,,infeasible,545d8ca624cc
16,0.02,NDY,rolling,reset,model,11,10201.244311235427,9480.58650514083,54084772.49876034,,,infeasible,545d8ca624cc
16,0.02,NDY,rolling,reset,model,12,10201.244311235432,9409.404231379507,53664075.70141703,,,infeasible,545d8ca624cc
16,0.02,NDY,rolling,reset,model,13,10201.244311235434,9336.832691720598,53271085.59357576,,,infeasible,545d8ca624cc
16,0.02,NDY,rolling,reset,model,14,10201.244311235423,9286.478461170229,53314359.18660579,,,infeasible,545d8ca624cc
16,0.02,NDY,rolling,reset,model,15,10201.244311235425,9232.45607241019,52959401.72210942,,,infeasible,545d8ca624cc
16,0.02,-10%,rolling,reset,model,1,15470.121746944003,15470.121746944003,55119146.66208529,55119146.66208529,0.0,optimal,545d8ca624cc
16,0.02,-10%,rolling,reset,model,2,13923.109572249607,13929.055082470295,54512668.15535025,54512668.15535025,0.0,optimal,545d8ca624cc
16,0.02,-10%,rolling,reset,model,3,12530.798615024645,12521.29598656632,53100336.54710644,53100336.54710644,0.0,optimal,545d8ca624cc
16,0.02,-10%,rolling,reset,model,4,11277.71875352218,11255.987906375381,51429879.11791485,51429879.11791485,0.0,optimal,545d8ca624cc
16,0.02,-10%,rolling,reset,model,5,10149.946878169967,10120.394174097464,49619896.88995298,49619896.88995298,0.0,optimal,545d8ca624cc
16,0.02,-10%,rolling,reset,model,6,9134.952190352968,9108.354759958147,47547574.160770565,47547574.160770565,0.0,optimal,545d8ca624cc
16,0.02,-10%,rolling,reset,model,7,8856.239292579086,8856.239292641152,46300674.13525376,46300674.13525376,0.0,optimal,545d8ca624cc
16,0.02,-10%,rolling,reset,model,8,8299.524265040105,8475.807622601675,45710336.21653633,45701861.4217988,8474.794737525284,suboptimal,545d8ca624cc
16,0.02,-10%,rolling,reset,model,9,7469.571838536095,7648.290364836781,45174438.25899627,45169714.126490794,4724.132505476475,suboptimal,545d8ca624cc
16,0.02,-10%,rolling,reset,model,10,6722.614654682486,6885.48892911123,45381799.46310635,45377212.86559422,4586.597512125969,suboptimal,545d8ca624cc
16,0.02,-10%,rolling,reset,model,11,6050.353189214237,7198.047006468651,46870803.26023127,46793857.73834155,76945.52188972384,suboptimal,545d8ca624cc
16,0.02,-10%,rolling,reset,model,12,8254.08939077878,7900.336252579473,48061081.161749996,,,infeasible,545d8ca624cc
16,0.02,-10%,rolling,reset,model,13,11085.944048364809,9892.721548945985,48496351.53291321,,,infeasible,545d8ca624cc
16,0.02,-10%,rolling,reset,model,14,11334.715901372696,8903.449397474194,46551523.08305448,,,infeasible,545d8ca624cc
16,0.02,-10%,rolling,reset,model,15,10201.244311235425,8632.406368477827,45631656.662743315,,,infeasible,545d8ca624cc
16,0.02,-20%,rolling,reset,model,1,18885.36319806945,18885.36319806945,55427539.173094064,55427539.173094064,0.0,optimal,545d8ca624cc
16,0.02,-20%,rolling,reset,model,2,15108.290558455566,15111.598747626247,51932341.74066243,51932341.74066243,0.0,optimal,545d8ca624cc
16,0.02,-20%,rolling,reset,model,3,12086.632446764455,12075.629926450885,48787234.21888194,48787234.21888194,0.0,optimal,545d8ca624cc
16,0.02,-20%,rolling,reset,model,4,9669.305957411567,9612.57061500212,46577655.112903476,46577655.112903476,0.0,optimal,545d8ca624cc
16,0.02,-20%,rolling,reset,model,5,7735.444765929252,7755.428630280413,45770343.633930735,45770343.633930735,0.0,optimal,545d8ca624cc
16,0.02,-20%,rolling,reset,model,6,6188.355812743403,6204.34290218822,46138404.657380454,46138404.65738046,-7.450580596923828e-09,optimal,545d8ca624cc
16,0.02,-20%,rolling,reset,model,7,9884.953664832432,9884.953667253294,48318512.406582616,48318512.406582616,0.0,optimal,545d8ca624cc
16,0.02,-20%,rolling,reset,model,8,8927.455337935655,8911.260784571838,46831513.651208006,46831513.651208,7.450580596923828e-09,optimal,545d8ca624cc
16,0.02,-20%,rolling,reset,model,9,7141.964270348525,7129.008623867635,45959200.70652688,45959200.70652688,0.0,optimal,545d8ca624cc
16,0.02,-20%,rolling,reset,model,10,6750.753221894157,8933.349626253987,46963665.141911246,46808007.27436609,155657.86754515767,suboptimal,545d8ca624cc
16,0.02,-20%,rolling,reset,model,11,7972.925536233837,7146.679701460876,46048340.946564496,,,infeasible,545d8ca624cc
16,0.02,-20%,rolling,reset,model,12,8922.508106154328,7930.87827740589,47125843.733792536,,,infeasible,545d8ca624cc
16,0.02,-20%,rolling,reset,model,13,8069.298626299919,9382.874082951086,47368090.73217551,47290928.315320954,77162.41685455292,suboptimal,545d8ca624cc
16,0.02,-20%,rolling,reset,model,14,11946.197087913084,7506.2992644529695,45916904.66864349,,,infeasible,545d8ca624cc
16,0.02,-20%,rolling,reset,model,15,10201.244311235423,9617.3219605856,46825271.12182609,,,infeasible,545d8ca624cc
16,0.02,+/-10%,rolling,reset,model,1,15471.811197568353,15471.811197568353,55107592.89280951,55107592.89280951,0.0,optimal,545d8ca624cc
16,0.02,+/-10%,rolling,reset,model,2,13924.630077811518,13933.287427606136,54503509.11627405,54503509.116274044,7.450580596923828e-09,optimal,545d8ca624cc
16,0.02,+/-10%,rolling,reset,model,3,12532.16707003037,12525.835177716603,53080682.4336556,53080682.4336556,0.0,optimal,545d8ca624cc
16,0.02,+/-10%,rolling,reset,model,4,11278.950363027327,11260.696583136776,51319528.833459,51319528.83345975,-7.525086402893066e-07,optimal,545d8ca624cc
16,0.02,+/-10%,rolling,reset,model,5,10151.055326724601,10126.68458616951,49606015.14068301,49606015.140674755,8.255243301391602e-06,optimal,545d8ca624cc
16,0.02,+/-10%,rolling,reset,model,6,9135.949794052138,9114.016125641536,47518035.40135895,47518035.401370905,-1.1958181858062744e-05,optimal,545d8ca624cc
16,0.02,+/-10%,rolling,reset,model,7,8860.48525502922,8860.485252676131,46242561.71198294,46242561.71198294,0.0,optimal,545d8ca624cc
16,0.02,+/-10%,rolling,reset,model,8,7985.359636866517,8376.133191695313,45636435.84572451,45618968.85118103,17466.994543477893,suboptimal,545d8ca624cc
16,0.02,+/-10%,rolling,reset,model,9,7186.823673179867,7538.519873226759,45177493.35513158,45164569.28527144,12924.069860137999,suboptimal,545d8ca624cc
16,0.02,+/-10%,rolling,reset,model,10,7098.139491119995,7044.95164311785,45541847.46509847,45541847.46509847,0.0,optimal,545d8ca624cc
16,0.02,+/-10%,rolling,reset,model,11,7807.953440231992,7277.429140068761,46832671.583467275,,,infeasible,545d8ca624cc
16,0.02,+/-10%,rolling,reset,model,12,8588.748784255191,8005.172056551592,47867125.03466331,,,infeasible,545d8ca624cc
16,0.02,+/-10%,rolling,reset,model,13,9447.623662680711,9781.223531124917,48229294.964077964,48219396.3033997,9898.660678267479,suboptimal,545d8ca624cc
16,0.02,+/-10%,rolling,reset,model,14,10392.386028948784,8803.10117524376,46349695.64666559,,,infeasible,545d8ca624cc
16,0.02,+/-10%,rolling,reset,model,15,10201.244311235423,8351.905391269811,45499410.83390251,,,infeasible,545d8ca624cc
16,0.02,+/-20%,rolling,reset,model,1,18718.94163879066,18718.94163879066,55390986.19044237,55390986.19044237,0.0,optimal,545d8ca624cc
16,0.02,+/-20%,rolling,reset,model,2,14975.153311032527,14511.932569621371,51958775.218896076,51956604.72357772,2170.495318353176,suboptimal,545d8ca624cc
16,0.02,+/-20%,rolling,reset,model,3,11980.122648826024,11605.772049154104,49536108.853967644,49535058.7738084,1050.0801592469215,suboptimal,545d8ca624cc
16,0.02,+/-20%,rolling,reset,model,4,9584.09811906082,9426.67902239828,48006499.885075,48006448.72950367,51.15557133406401,suboptimal,545d8ca624cc
16,0.02,+/-20%,rolling,reset,model,5,7667.278495248657,9010.174499637951,47645198.80611503,47552499.84975319,92698.95636183769,suboptimal,545d8ca624cc
16,0.02,+/-20%,rolling,reset,model,6,7215.551676137965,7208.139601442047,46537346.598050915,46537346.598050915,0.0,optimal,545d8ca624cc
16,0.02,+/-20%,rolling,reset,model,7,8658.662011365557,8768.20576178269,47665973.64187734,47664446.96250995,1526.6793673858047,suboptimal,545d8ca624cc
16,0.02,+/-20%,rolling,reset,model,8,10184.927113198208,9858.58326060803,47474354.13837457,,,infeasible,545d8ca624cc
16,0.02,+/-20%,rolling,reset,model,9,8147.941690558566,7886.866605441162,45551090.75620927,,,infeasible,545d8ca624cc
16,0.02,+/-20%,rolling,reset,model,10,6518.353352446852,7561.5647739241485,45488987.51490291,45417884.313136645,71103.20176626742,suboptimal,545d8ca624cc
16,0.02,+/-20%,rolling,reset,model,11,6632.899704819547,6600.060193554185,46104435.53370482,46104435.53370482,0.0,optimal,545d8ca624cc
16,0.02,+/-20%,rolling,reset,model,12,7959.479645783453,7920.072234003318,47832827.07914274,47832827.07914274,0.0,optimal,545d8ca624cc
16,0.02,+/-20%,rolling,reset,model,13,9506.32483062734,10007.258068138899,48250489.99144958,48233035.40532974,17454.58611983806,suboptimal,545d8ca624cc
16,0.02,+/-20%,rolling,reset,model,14,11407.589796752809,8005.806455742482,46082013.74749505,,,infeasible,545d8ca624cc
16,0.02,+/-20%,rolling,reset,model,15,10201.244311235423,9573.7161904303,46403973.315175526,,,infeasible,545d8ca624cc
16,0.04,NHF,rolling,reset,model,1,38604.07814364765,38604.07814364765,31934797.528618738,31934797.528618738,0.0,optimal,545d8ca624cc
16,0.04,NHF,rolling,reset,model,2,4689.192118115167,4689.192118115167,13512087.91720215,13512087.91720215,0.0,optimal,545d8ca624cc
16,0.04,NHF,rolling,reset,model,3,4545.714767710941,4545.714767710941,15293545.672963547,15293545.672963547,0.0,optimal,545d8ca624cc
16,0.04,NHF,rolling,reset,model,4,4652.127489950377,4652.127489950377,17660825.4143495,17660825.4143495,0.0,optimal,545d8ca624cc
16,0.04,NHF,rolling,reset,model,5,5383.663472868428,5383.663472868428,20690782.43302445,20690782.43302445,0.0,optimal,545d8ca624cc
16,0.04,NHF,rolling,reset,model,6,4871.378499616013,4871.378499616013,23469668.907641847,23469668.907641847,0.0,optimal,545d8ca624cc
16,0.04,NHF,rolling,reset,model,7,12624.081000871698,12624.081000871698,28367778.50891632,28367778.50891632,0.0,optimal,545d8ca624cc
16,0.04,NHF,rolling,reset,model,8,10562.998313707727,10562.998313707727,26041890.46758626,26041890.46758626,0.0,optimal,545d8ca624cc
16,0.04,NHF,rolling,reset,model,9,14430.979921448383,14430.979921448385,24370948.94654499,24370948.94654499,0.0,optimal,545d8ca624cc
16,0.04,NHF,rolling,reset,model,10,4690.398629761375,4690.398629761375,16647139.140226835,16647139.140226835,0.0,optimal,545d8ca624cc
16,0.04,NHF,rolling,reset,model,11,4695.800952503937,4695.800952503937,18539469.434031658,18539469.434031658,0.0,optimal,545d8ca624cc
16,0.04,NHF,rolling,reset,model,12,5270.228170395435,5270.228170395435,21214686.85407766,21214686.85407766,0.0,optimal,545d8ca624cc
16,0.04,NHF,rolling,reset,model,13,12010.51618509815,12010.51618509815,24400795.314914335,24400795.314914335,0.0,optimal,545d8ca624cc
16,0.04,NHF,rolling,reset,model,14,4066.0152727797204,4066.0152727797204,20874683.970512535,20874683.970512535,0.0,optimal,545d8ca624cc
16,0.04,NHF,rolling,reset,model,15,11644.214404286178,11644.214404286178,25507855.096827038,25507855.096827038,0.0,optimal,545d8ca624cc
16,0.04,NDY,rolling,reset,model,1,10201.244311235425,10201.244311235425,22655850.9009668,22655850.900966804,-3.725290298461914e-09,optimal,545d8ca624cc
16,0.04,NDY,rolling,reset,model,2,10201.244311235425,10201.2443112353,23437652.199729692,23437652.19972971,-1.862645149230957e-08,optimal,545d8ca624cc
16,0.04,NDY,rolling,reset,model,3,10201.244311235425,10106.367381962551,24940199.504336726,24940199.504336875,-1.4901161193847656e-07,optimal,545d8ca624cc
16,0.04,NDY,rolling,reset,model,4,10201.244311235425,9972.954594373894,26178671.411438033,,,infeasible,545d8ca624cc
16,0.04,NDY,rolling,reset,model,5,10201.244311235425,9868.354039167047,26884796.24335336,,,infeasible,545d8ca624cc
16,0.04,NDY,rolling,reset,model,6,10201.244311235427,9748.53064088052,26449748.812914852,,,infeasible,545d8ca624cc
16,0.04,NDY,rolling,reset,model,7,10201.244311235427,9646.274992008508,26242200.51539441,,,infeasible,545d8ca624cc
16,0.04,NDY,rolling,reset,model,8,10201.244311235427,9560.502378837833,26018377.176725138,,,infeasible,545d8ca624cc
16,0.04,NDY,rolling,reset,model,9,10201.244311235425,9451.825815058053,25680176.79346539,,,infeasible,545d8ca624cc
16,0.04,NDY,rolling,reset,model,10,10201.244311235427,9363.699297368206,25048626.36754869,,,infeasible,545d8ca624cc
16,0.04,NDY,rolling,reset,model,11,10201.244311235429,9298.08072845734,25105189.828678835,,,infeasible,545d8ca624cc
16,0.04,NDY,rolling,reset,model,12,10201.244311235425,9237.626642064024,25064155.55219228,,,infeasible,545d8ca624cc
16,0.04,NDY,rolling,reset,model,13,10201.244311235425,9154.234024769821,24832215.627254665,,,infeasible,545d8ca624cc
16,0.04,NDY,rolling,reset,model,14,10201.244311235427,9071.658497139404,24647318.340610947,,,infeasible,545d8ca624cc
16,0.04,NDY,rolling,reset,model,15,10201.244311235427,9012.802864062762,24511399.034710564,,,infeasible,545d8ca624cc
16,0.04,-10%,rolling,reset,model,1,15509.467686971493,15509.467686971493,27455298.061464615,27455298.06146462,-3.725290298461914e-09,optimal,545d8ca624cc
16,0.04,-10%,rolling,reset,model,2,13958.520918274346,13956.156519649021,27022651.227529112,27022651.227529112,0.0,optimal,545d8ca624cc
16,0.04,-10%,rolling,reset,model,3,12562.668826446914,12558.939382407112,26504205.07315747,26504205.07315747,0.0,optimal,545d8ca624cc
16,0.04,-10%,rolling,reset,model,4,11306.40194380222,11288.706466033575,25714129.804628454,25714129.804628454,0.0,optimal,545d8ca624cc
16,0.04,-10%,rolling,reset,model,5,10175.761749422001,10159.359966260115,24482864.965779744,24482864.965779744,0.0,optimal,545d8ca624cc
16,0.04,-10%,rolling,reset,model,6,9158.185574479801,9143.423967592398,22875119.454274066,22875119.454274066,0.0,optimal,545d8ca624cc
16,0.04,-10%,rolling,reset,model,7,8242.367017031818,8242.367016983297,21896657.2823091,21896657.282310694,-1.5944242477416992e-06,optimal,545d8ca624cc
16,0.04,-10%,rolling,reset,model,8,7648.014480287218,7882.1132306915815,21824499.716754995,21797207.56071329,27292.15604170412,suboptimal,545d8ca624cc
16,0.04,-10%,rolling,reset,model,9,7604.708738770156,7370.60998877162,21974035.053404234,,,infeasible,545d8ca624cc
16,0.04,-10%,rolling,reset,model,10,8503.91737993811,8062.489912348776,22543328.83080488,,,infeasible,545d8ca624cc
16,0.04,-10%,rolling,reset,model,11,7653.5256419442985,8414.172268385564,22911173.577894147,22795446.926503077,115726.65139107034,suboptimal,545d8ca624cc
16,0.04,-10%,rolling,reset,model,12,8101.3149373911665,8446.457533466159,22681506.252358414,22622270.5702568,59235.68210161477,suboptimal,545d8ca624cc
16,0.04,-10%,rolling,reset,model,13,9286.519613737306,8915.017379617477,22362132.681361146,,,infeasible,545d8ca624cc
16,0.04,-10%,rolling,reset,model,14,8357.867652363575,8023.515641897257,21509506.9066852,,,infeasible,545d8ca624cc
16,0.04,-10%,rolling,reset,model,15,7992.878455223853,7758.77970486801,21369652.91721738,,,infeasible,545d8ca624cc
16,0.04,-20%,rolling,reset,model,1,18931.977912063405,18931.977912063405,28759892.119796798,28759892.119796798,0.0,optimal,545d8ca624cc
16,0.04,-20%,rolling,reset,model,2,15145.582329650722,15144.140561323446,26036077.202023964,26036077.202023964,0.0,optimal,545d8ca624cc
16,0.04,-20%,rolling,reset,model,3,12116.465863720576,12112.901929922917,23861893.9803063,23861893.980306298,3.725290298461914e-09,optimal,545d8ca624cc
16,0.04,-20%,rolling,reset,model,4,9693.172690976467,9689.413302688206,22239335.455092587,22239335.455092587,0.0,optimal,545d8ca624cc
16,0.04,-20%,rolling,reset,model,5,7754.5381527811705,7751.530639320735,21372795.187199853,21372795.187199853,0.0,optimal,545d8ca624cc
16,0.04,-20%,rolling,reset,model,6,6203.6305222249375,6201.224515223139,21271887.77037724,21271887.770377237,3.725290298461914e-09,optimal,545d8ca624cc
16,0.04,-20%,rolling,reset,model,7,8621.004660482555,8621.004661351755,23255517.596762165,23255517.596762165,0.0,optimal,545d8ca624cc
16,0.04,-20%,rolling,reset,model,8,8322.343707691862,8322.343706822661,23368279.005543865,23368279.005543865,0.0,optimal,545d8ca624cc
16,0.04,-20%,rolling,reset,model,9,9234.646069266659,9248.558409682144,23722405.895002022,23722405.895001087,9.350478649139404e-07,optimal,545d8ca624cc
16,0.04,-20%,rolling,reset,model,10,9235.939746172158,9402.464255772311,22739378.061195645,22727194.6105607,12183.450634945184,suboptimal,545d8ca624cc
16,0.04,-20%,rolling,reset,model,11,7388.751796937726,7521.971402336029,21273066.041757647,21263319.28147838,9746.760279268026,suboptimal,545d8ca624cc
16,0.04,-20%,rolling,reset,model,12,8135.443683157406,7422.431068981843,21571017.88522995,,,infeasible,545d8ca624cc
16,0.04,-20%,rolling,reset,model,13,8520.302768471005,8754.314287594327,21994004.243049867,21968951.150547206,25053.09250266105,suboptimal,545d8ca624cc
16,0.04,-20%,rolling,reset,model,14,6816.242214776806,7003.451429749172,21216913.001188718,21198971.08481193,17941.91637678817,suboptimal,545d8ca624cc
16,0.04,-20%,rolling,reset,model,15,8013.482502877089,7809.383156426437,22274228.163868207,,,infeasible,545d8ca624cc
16,0.04,+/-10%,rolling,reset,model,1,15510.014006785812,15510.014006785812,27455266.26330092,27455266.26330092,0.0,optimal,545d8ca624cc
16,0.04,+/-10%,rolling,reset,model,2,13959.012606107231,13955.16606544841,27021864.051117584,27021864.051117584,0.0,optimal,545d8ca624cc
16,0.04,+/-10%,rolling,reset,model,3,12563.11134549651,12556.159153160595,26506162.63637276,26506162.63637275,1.1175870895385742e-08,optimal,545d8ca624cc
16,0.04,+/-10%,rolling,reset,model,4,11306.80021094686,11290.169841878342,25717238.051923983,25717238.051923983,0.0,optimal,545d8ca624cc
16,0.04,+/-10%,rolling,reset,model,5,10176.120189852178,10160.680758373748,24479747.14636786,24479747.14636786,0.0,optimal,545d8ca624cc
16,0.04,+/-10%,rolling,reset,model,6,9158.508170866959,9144.612681226385,22869865.906427078,22869865.906427078,0.0,optimal,545d8ca624cc
16,0.04,+/-10%,rolling,reset,model,7,8242.65735378026,8242.657351492968,21895007.454821665,21895007.454821665,0.0,optimal,545d8ca624cc
16,0.04,+/-10%,rolling,reset,model,8,7648.248520080633,7881.822896181911,21821698.1620729,21794545.462427046,27152.699645854533,suboptimal,545d8ca624cc
16,0.04,+/-10%,rolling,reset,model,9,7604.1484429797565,7405.994947125292,21969770.388743382,,,infeasible,545d8ca624cc
16,0.04,+/-10%,rolling,reset,model,10,8364.563287277733,7989.273481975091,22491687.983898394,,,infeasible,545d8ca624cc
16,0.04,+/-10%,rolling,reset,model,11,7650.975006662721,8448.872144997798,22923443.409324497,22669308.34867131,254135.06065318733,suboptimal,545d8ca624cc
16,0.04,+/-10%,rolling,reset,model,12,8416.07250732899,8449.589128873935,22657089.131016143,22657089.131016143,0.0,optimal,545d8ca624cc
16,0.04,+/-10%,rolling,reset,model,13,9208.080345127033,8915.017379194003,22324414.499373466,,,infeasible,545d8ca624cc
16,0.04,+/-10%,rolling,reset,model,14,8287.27231061433,8023.515642320733,21455576.18118624,,,infeasible,545d8ca624cc
16,0.04,+/-10%,rolling,reset,model,15,7992.354078681997,7758.77970486801,21290391.042584974,,,infeasible,545d8ca624cc
16,0.04,+/-20%,rolling,reset,model,1,18927.163855607534,18927.163855607534,28738769.39132786,28738769.39132786,0.0,optimal,545d8ca624cc
16,0.04,+/-20%,rolling,reset,model,2,15141.731084486026,15131.259066534176,25973637.2564594,25973637.2564594,0.0,optimal,545d8ca624cc
16,0.04,+/-20%,rolling,reset,model,3,12113.384867588818,12105.742125295661,23742908.456692196,23742908.45669298,-7.82310962677002e-07,optimal,545d8ca624cc
16,0.04,+/-20%,rolling,reset,model,4,9690.707894071062,9679.509493139065,22170808.983484056,22170808.983484056,0.0,optimal,545d8ca624cc
16,0.04,+/-20%,rolling,reset,model,5,7752.566315256847,7743.607589968645,21237704.82805313,21237704.828053128,3.725290298461914e-09,optimal,545d8ca624cc
16,0.04,+/-20%,rolling,reset,model,6,6202.053052205478,6222.733032536271,21125631.968245182,21125631.968245182,0.0,optimal,545d8ca624cc
16,0.04,+/-20%,rolling,reset,model,7,7442.463662646572,7752.95387621202,23049850.902145345,23047658.317318577,2192.5848267674446,suboptimal,545d8ca624cc
16,0.04,+/-20%,rolling,reset,model,8,8930.956395175886,8607.534210249505,24127437.422642563,,,infeasible,545d8ca624cc
16,0.04,+/-20%,rolling,reset,model,9,10717.147674211064,10752.88267541663,24585904.124184277,24585904.124184277,0.0,optimal,545d8ca624cc
16,0.04,+/-20%,rolling,reset,model,10,9056.701505100722,9044.691647006935,22137783.223549806,22137783.223549806,0.0,optimal,545d8ca624cc
16,0.04,+/-20%,rolling,reset,model,11,7245.361204080577,7235.75331625525,20754979.68568212,20754979.68568212,0.0,optimal,545d8ca624cc
16,0.04,+/-20%,rolling,reset,model,12,7738.901220055384,7244.6413263642735,21189086.92574323,,,infeasible,545d8ca624cc
16,0.04,+/-20%,rolling,reset,model,13,7470.01887057171,8324.895982310203,21714753.363178678,21606580.07219295,108173.29098572955,suboptimal,545d8ca624cc
16,0.04,+/-20%,rolling,reset,model,14,7191.2828213404755,6659.916786773765,21311564.29080564,,,infeasible,545d8ca624cc
16,0.04,+/-20%,rolling,reset,model,15,8629.53938560857,8415.741762122481,22897561.760478497,,,infeasible,545d8ca624cc
16,0.06,NHF,rolling,reset,model,1,38604.07814364765,38604.07814364765,22887926.116025552,22887926.116025552,0.0,optimal,545d8ca624cc
16,0.06,NHF,rolling,reset,model,2,4689.192118115167,4689.192118115167,7208642.9083752725,7208642.9083752725,0.0,optimal,545d8ca624cc
16,0.06,NHF,rolling,reset,model,3,4545.714767710941,4545.714767710941,8155046.602353353,8155046.602353353,0.0,optimal,545d8ca624cc
16,0.06,NHF,rolling,reset,model,4,4652.127489950377,4652.127489950377,9613099.607529268,9613099.607529268,0.0,optimal,545d8ca624cc
16,0.06,NHF,rolling,reset,model,5,5383.663472868428,5383.663472868428,11722712.770246135,11722712.770246135,0.0,optimal,545d8ca624cc
16,0.06,NHF,rolling,reset,model,6,4871.378499616013,4871.378499616013,13817665.85397969,13817665.85397969,0.0,optimal,545d8ca624cc
16,0.06,NHF,rolling,reset,model,7,12624.081000871698,12624.081000871698,18351791.06657078,18351791.06657078,0.0,optimal,545d8ca624cc
16,0.06,NHF,rolling,reset,model,8,10562.998313707727,10562.998313707727,16881568.30650163,16881568.30650163,0.0,optimal,545d8ca624cc
16,0.06,NHF,rolling,reset,model,9,14430.979921448383,14430.979921448385,16038266.227980096,16038266.227980096,0.0,optimal,545d8ca624cc
16,0.06,NHF,rolling,reset,model,10,4690.398629761375,4690.398629761375,9274309.166362394,9274309.166362394,0.0,optimal,545d8ca624cc
16,0.06,NHF,rolling,reset,model,11,4695.800952503937,4695.800952503937,10434638.562277533,10434638.562277533,0.0,optimal,545d8ca624cc
16,0.06,NHF,rolling,reset,model,12,5270.228170395435,5270.228170395435,12440219.369390897,12440219.369390897,0.0,optimal,545d8ca624cc
16,0.06,NHF,rolling,reset,model,13,12010.51618509815,12010.51618509815,15257783.207269484,15257783.207269484,0.0,optimal,545d8ca624cc
16,0.06,NHF,rolling,reset,model,14,4066.0152727797204,4066.0152727797204,12065970.210853213,12065970.210853213,0.0,optimal,545d8ca624cc
16,0.06,NHF,rolling,reset,model,15,11644.214404286178,11644.214404286178,16180107.705141876,16180107.705141876,0.0,optimal,545d8ca624cc
16,0.06,NDY,rolling,reset,model,1,10201.244311235425,10201.244311235425,13287626.86981217,13287626.869812168,1.862645149230957e-09,optimal,545d8ca624cc
16,0.06,NDY,rolling,reset,model,2,10201.244311235425,10118.592940152954,13601884.935493099,13601884.935493013,8.568167686462402e-08,optimal,545d8ca624cc
16,0.06,NDY,rolling,reset,model,3,10201.244311235423,9976.922208595564,14423502.657154277,,,infeasible,545d8ca624cc
16,0.06,NDY,rolling,reset,model,4,10201.24431123542,9838.515094236192,15232724.914452286,,,infeasible,545d8ca624cc
16,0.06,NDY,rolling,reset,model,5,10201.244311235425,9749.067332753095,15864283.313423125,,,infeasible,545d8ca624cc
16,0.06,NDY,rolling,reset,model,6,10201.244311235425,9627.304239763309,15755451.88803825,,,infeasible,545d8ca624cc
16,0.06,NDY,rolling,reset,model,7,10201.244311235421,9530.827460103133,15707377.380807936,,,infeasible,545d8ca624cc
16,0.06,NDY,rolling,reset,model,8,10201.244311235434,9380.234553158403,15823934.155642554,,,infeasible,545d8ca624cc
16,0.06,NDY,rolling,reset,model,9,10201.244311235423,9309.2476388351,15550005.924333964,,,infeasible,545d8ca624cc
16,0.06,NDY,rolling,reset,model,10,10201.244311235427,9230.444083428822,14986303.13608685,,,infeasible,545d8ca624cc
16,0.06,NDY,rolling,reset,model,11,10201.244311235427,9162.822067449908,14966813.473335184,,,infeasible,545d8ca624cc
16,0.06,NDY,rolling,reset,model,12,10201.244311235423,9095.264896114064,14861767.840708852,,,infeasible,545d8ca624cc
16,0.06,NDY,rolling,reset,model,13,10201.244311235425,9014.530272604155,14796026.221599104,,,infeasible,545d8ca624cc
16,0.06,NDY,rolling,reset,model,14,10201.244311235425,8934.69182599885,14763807.174326079,,,infeasible,545d8ca624cc
16,0.06,NDY,rolling,reset,model,15,10201.244311235425,8868.556652188123,14896226.063504871,,,infeasible,545d8ca624cc
16,0.06,-10%,rolling,reset,model,1,15477.237100221082,15477.237100221082,17020641.274939727,17020641.274939727,0.0,optimal,545d8ca624cc
16,0.06,-10%,rolling,reset,model,2,13929.513390198972,13884.044031643445,16762513.621755611,16762513.62175561,1.862645149230957e-09,optimal,545d8ca624cc
16,0.06,-10%,rolling,reset,model,3,12536.56205117908,12485.230501045371,16300198.217759365,16300198.217759365,0.0,optimal,545d8ca624cc
16,0.06,-10%,rolling,reset,model,4,11282.905846061172,11196.3721585523,15858290.83945952,15858290.83945952,0.0,optimal,545d8ca624cc
16,0.06,-10%,rolling,reset,model,5,10154.615261455056,10071.814683264363,15134069.834629493,15134069.834629491,1.862645149230957e-09,optimal,545d8ca624cc
16,0.06,-10%,rolling,reset,model,6,9139.153735309552,9064.633217661603,13937251.337122545,13937251.337122545,0.0,optimal,545d8ca624cc
16,0.06,-10%,rolling,reset,model,7,8225.238361778594,8198.389160027891,13333564.129315484,13333564.129315482,1.862645149230957e-09,optimal,545d8ca624cc
16,0.06,-10%,rolling,reset,model,8,7402.714525600734,7378.550247596626,13315299.487024156,13315299.487024156,0.0,optimal,545d8ca624cc
16,0.06,-10%,rolling,reset,model,9,7983.884453413814,8411.63427118889,14039459.188068552,13964468.241354251,74990.94671430066,suboptimal,545d8ca624cc
16,0.06,-10%,rolling,reset,model,10,8600.75585197262,7967.931659563517,13715207.413804816,,,infeasible,545d8ca624cc
16,0.06,-10%,rolling,reset,model,11,7740.680266775358,8765.046957874203,13848483.197723612,13638531.44056999,209951.7571536228,suboptimal,545d8ca624cc
16,0.06,-10%,rolling,reset,model,12,8024.250938088768,7985.719436103805,13370646.841462595,13370646.841462595,0.0,optimal,545d8ca624cc
16,0.06,-10%,rolling,reset,model,13,8971.947425490827,8399.049165598095,13376075.69426562,,,infeasible,545d8ca624cc
16,0.06,-10%,rolling,reset,model,14,8074.752682941744,7559.144248923265,13012454.167874444,,,infeasible,545d8ca624cc
16,0.06,-10%,rolling,reset,model,15,8730.758709782847,8356.97074110905,13514162.016035706,,,infeasible,545d8ca624cc
16,0.06,-20%,rolling,reset,model,1,18865.7023424644,18865.7023424644,18507362.80250072,18507362.802500717,3.725290298461914e-09,optimal,545d8ca624cc
16,0.06,-20%,rolling,reset,model,2,15092.561873971521,15069.660616375617,16334335.911004594,16334335.911004594,0.0,optimal,545d8ca624cc
16,0.06,-20%,rolling,reset,model,3,12074.049499177214,12048.6080816001,14689584.166415967,14689584.166415967,0.0,optimal,545d8ca624cc
16,0.06,-20%,rolling,reset,model,4,9659.239599341776,9630.65942243609,13403797.463491809,13403797.463491809,0.0,optimal,545d8ca624cc
16,0.06,-20%,rolling,reset,model,5,7727.39167947342,7704.527537917538,12493440.688738888,12493440.68873889,-1.862645149230957e-09,optimal,545d8ca624cc
16,0.06,-20%,rolling,reset,model,6,6181.913343578735,6163.622027645528,12329192.951854914,12329192.951854916,-1.862645149230957e-09,optimal,545d8ca624cc
16,0.06,-20%,rolling,reset,model,7,7833.100567720891,7833.100567720891,14103243.271330457,14103243.271330457,0.0,optimal,545d8ca624cc
16,0.06,-20%,rolling,reset,model,8,9125.397318194075,8966.115506481166,15141020.938995995,,,infeasible,545d8ca624cc
16,0.06,-20%,rolling,reset,model,9,10079.492411958285,9988.38142940591,15249908.91155155,15249908.91155155,0.0,optimal,545d8ca624cc
16,0.06,-20%,rolling,reset,model,10,8988.782939491333,9235.934951809197,13802342.37955915,13767324.210568124,35018.16899102554,suboptimal,545d8ca624cc
16,0.06,-20%,rolling,reset,model,11,7191.0263515930665,7441.898200506624,12580417.382231161,12541890.165154818,38527.21707634255,suboptimal,545d8ca624cc
16,0.06,-20%,rolling,reset,model,12,7842.347147233842,7272.414641212085,12636134.40369717,,,infeasible,545d8ca624cc
16,0.06,-20%,rolling,reset,model,13,8035.474730407397,8195.2689478132,12987136.692032017,12969447.827747243,17688.86428477429,suboptimal,545d8ca624cc
16,0.06,-20%,rolling,reset,model,14,6428.379784325918,6556.215155400836,12650561.493067795,12636879.665143138,13681.827924657613,suboptimal,545d8ca624cc
16,0.06,-20%,rolling,reset,model,15,8891.143296483915,8728.801032513933,14176302.09865767,,,infeasible,545d8ca624cc
16,0.06,+/-10%,rolling,reset,model,1,15477.237100221084,15477.237100221084,17020613.004251048,17020613.004251048,0.0,optimal,545d8ca624cc
16,0.06,+/-10%,rolling,reset,model,2,13929.513390198974,13888.361481617894,16761631.051184349,16761631.051184349,0.0,optimal,545d8ca624cc
16,0.06,+/-10%,rolling,reset,model,3,12536.562051179078,12488.245526803466,16328929.280712763,16328929.280712763,0.0,optimal,545d8ca624cc
16,0.06,+/-10%,rolling,reset,model,4,11282.905846061165,11200.90818550474,15861309.002524566,15861309.002524566,0.0,optimal,545d8ca624cc
16,0.06,+/-10%,rolling,reset,model,5,10154.615261455056,10075.784818523176,15135147.617519567,15135147.617519565,1.862645149230957e-09,optimal,545d8ca624cc
16,0.06,+/-10%,rolling,reset,model,6,9139.153735309548,9068.20633982679,13933516.071825454,13933516.071825452,1.862645149230957e-09,optimal,545d8ca624cc
16,0.06,+/-10%,rolling,reset,model,7,8225.23836177859,8206.750472441632,13322547.716728313,13322547.716728313,0.0,optimal,545d8ca624cc
16,0.06,+/-10%,rolling,reset,model,8,7402.7145256007325,7386.075426907888,13285374.805794729,13285374.805794729,0.0,optimal,545d8ca624cc
16,0.06,+/-10%,rolling,reset,model,9,7983.884453413832,8124.682969435339,13976649.927200522,13963500.77190556,13149.155294962227,suboptimal,545d8ca624cc
16,0.06,+/-10%,rolling,reset,model,10,8600.755851972614,8460.778506942654,13954225.578557597,,,infeasible,545d8ca624cc
16,0.06,+/-10%,rolling,reset,model,11,7740.680266775353,8541.288488317357,13721872.05612892,13515498.418002158,206373.63812676072,suboptimal,545d8ca624cc
16,0.06,+/-10%,rolling,reset,model,12,8024.250938088768,7977.97346551869,13368906.515691608,13368906.515691608,0.0,optimal,545d8ca624cc
16,0.06,+/-10%,rolling,reset,model,13,8826.676031897647,8412.818405977805,13383206.997309694,,,infeasible,545d8ca624cc
16,0.06,+/-10%,rolling,reset,model,14,8254.363038694579,7571.536563105501,13007607.34199749,,,infeasible,545d8ca624cc
16,0.06,+/-10%,rolling,reset,model,15,8730.75870978286,8316.859908709113,13490198.442933029,,,infeasible,545d8ca624cc
16,0.06,+/-20%,rolling,reset,model,1,18856.640297747654,18856.640297747654,18501647.53544004,18501647.53544004,0.0,optimal,545d8ca624cc
16,0.06,+/-20%,rolling,reset,model,2,15085.312238198127,15058.347249927789,16283224.003753563,16283224.003753562,1.862645149230957e-09,optimal,545d8ca624cc
16,0.06,+/-20%,rolling,reset,model,3,12068.2497905585,12030.324728692947,14634795.96905001,14634795.96905001,0.0,optimal,545d8ca624cc
16,0.06,+/-20%,rolling,reset,model,4,9654.599832446804,9619.737325325319,13334622.405577319,13334622.405577319,0.0,optimal,545d8ca624cc
16,0.06,+/-20%,rolling,reset,model,5,7723.679865957443,7693.12650313623,12429849.625996301,12429849.625996301,0.0,optimal,545d8ca624cc
16,0.06,+/-20%,rolling,reset,model,6,6178.943892765954,6159.766906059097,12228164.550340943,12228164.550340462,4.805624485015869e-07,optimal,545d8ca624cc
16,0.06,+/-20%,rolling,reset,model,7,7414.732671319146,7624.964940708983,13955213.880505664,13943419.954989793,11793.925515871495,suboptimal,545d8ca624cc
16,0.06,+/-20%,rolling,reset,model,8,8897.679205582972,8605.461308202264,15130769.926762234,,,infeasible,545d8ca624cc
16,0.06,+/-20%,rolling,reset,model,9,10677.21504669957,10614.681680652568,15753531.734682782,15753531.734682782,0.0,optimal,545d8ca624cc
16,0.06,+/-20%,rolling,reset,model,10,9243.884148039848,9467.925943912154,13883859.202841401,13853584.645518782,30274.557322619483,suboptimal,545d8ca624cc
16,0.06,+/-20%,rolling,reset,model,11,7395.107318431877,7574.340757035432,12459146.419858653,12436562.862029549,22583.557829104364,suboptimal,545d8ca624cc
16,0.06,+/-20%,rolling,reset,model,12,7742.283302852689,7009.925014975864,12231937.001072692,,,infeasible,545d8ca624cc
16,0.06,+/-20%,rolling,reset,model,13,7604.982360440046,7885.0854417304345,12646403.552630562,12611441.608813195,34961.94381736778,suboptimal,545d8ca624cc
16,0.06,+/-20%,rolling,reset,model,14,6700.764591169299,6308.068355306932,12419771.411809048,,,infeasible,545d8ca624cc
16,0.06,+/-20%,rolling,reset,model,15,8040.917509403159,8699.316054975121,14185652.981449708,14129164.533096975,56488.44835273363,suboptimal,545d8ca624cc
17,0.0,NHF,rolling,reset,model,1,3691.1426617200004,3691.1426617200004,233343474.01677656,233343474.01677656,0.0,optimal,545d8ca624cc
17,0.0,NHF,rolling,reset,model,2,2704.704923605,5.097757653333333,243785849.31564614,243576309.23503625,209540.08060988784,suboptimal,545d8ca624cc
17,0.0,NHF,rolling,reset,model,3,7019.982342694262,162.63538394999998,256997140.8783514,256597122.95160362,400017.9267477691,suboptimal,545d8ca624cc
17,0.0,NHF,rolling,reset,model,4,7624.8658969075,11956.739486042423,269012219.8207622,264608737.52156693,4403482.29919529,suboptimal,545d8ca624cc
17,0.0,NHF,rolling,reset,model,5,29080.521288529842,19256.153462714017,265908851.60929134,265908851.60929134,0.0,optimal,545d8ca624cc
17,0.0,NHF,rolling,reset,model,6,11357.121602781199,10219.168517020431,250800690.82301006,250800690.82301006,0.0,optimal,545d8ca624cc
17,0.0,NHF,rolling,reset,model,7,19195.78976899019,9606.34089482522,248806484.1787666,248806484.1787666,0.0,optimal,545d8ca624cc
17,0.0,NHF,rolling,reset,model,8,8692.540990391371,13555.526586914342,247177007.96957734,246913929.82672715,263078.1428501904,suboptimal,545d8ca624cc
17,0.0,NHF,rolling,reset,model,9,5217.278923686429,6520.321936219247,240177949.22470725,240129775.98950252,48173.23520472646,suboptimal,545d8ca624cc
17,0.0,NHF,rolling,reset,model,10,529.01853869,6424.292171532109,241801976.69238555,239544730.52761796,2257246.164767593,suboptimal,545d8ca624cc
17,0.0,NHF,rolling,reset,model,11,1279.7777497,8255.711958881293,243437797.79150236,236265368.8989031,7172428.892599255,suboptimal,545d8ca624cc
17,0.0,NHF,rolling,reset,model,12,1623.9810211875,10576.183911445276,242558919.72173834,231994145.96739098,10564773.754347354,suboptimal,545d8ca624cc
17,0.0,NHF,rolling,reset,model,13,1920.656149665,9931.872866685533,239906579.1414421,237516056.58316335,2390522.5582787395,suboptimal,545d8ca624cc
17,0.0,NHF,rolling,reset,model,14,3882.8484862686364,6641.245448770791,238090790.36855468,237985343.16398278,105447.20457190275,suboptimal,545d8ca624cc
17,0.0,NHF,rolling,reset,model,15,74950.70819619564,8712.19946940453,240922110.71897522,,,infeasible,545d8ca624cc
17,0.0,NDY,rolling,reset,model,1,10157.946274341799,10157.946274341799,194230121.67515817,194230121.67515814,2.9802322387695312e-08,optimal,545d8ca624cc
17,0.0,NDY,rolling,reset,model,2,10157.946274341799,10157.946274341793,199289892.8112671,199289892.81126714,-2.9802322387695312e-08,optimal,545d8ca624cc
17,0.0,NDY,rolling,reset,model,3,10157.946274341799,10157.946274341795,203305930.65603644,203305930.65603638,5.960464477539063e-08,optimal,545d8ca624cc
17,0.0,NDY,rolling,reset,model,4,10157.9462743418,10157.946274341795,206070944.5438735,206070944.5438735,0.0,optimal,545d8ca624cc
17,0.0,NDY,rolling,reset,model,5,10157.946274341797,10157.946274341795,206325801.73150742,206325801.73150742,0.0,optimal,545d8ca624cc
17,0.0,NDY,rolling,reset,model,6,10157.946274341797,10157.946274341793,204859557.82203525,204859557.82203525,0.0,optimal,545d8ca624cc
17,0.0,NDY,rolling,reset,model,7,10157.946274341797,9558.732471652584,202946828.9590455,202891238.18522355,55590.77382194996,suboptimal,545d8ca624cc
17,0.0,NDY,rolling,reset,model,8,10157.946274341797,9334.696789456835,202452526.11520347,202332158.70361155,120367.41159191728,suboptimal,545d8ca624cc
17,0.0,NDY,rolling,reset,model,9,10157.946274341797,9259.821043790538,201861836.3678356,201693439.91483223,168396.45300337672,suboptimal,545d8ca624cc
17,0.0,NDY,rolling,reset,model,10,10157.946274341795,9148.305062636377,201635270.21941385,201391922.30366987,243347.91574397683,suboptimal,545d8ca624cc
17,0.0,NDY,rolling,reset,model,11,10157.946274341797,9019.035438253895,201817546.61486638,201405095.37300414,412451.24186223745,suboptimal,545d8ca624cc
17,0.0,NDY,rolling,reset,model,12,10157.946274341793,8890.187905615277,201620671.4709114,201061902.6895749,558768.7813365161,suboptimal,545d8ca624cc
17,0.0,NDY,rolling,reset,model,13,10157.946274341797,8914.887368490301,201851841.2488743,201269276.56927118,582564.6796031296,suboptimal,545d8ca624cc
17,0.0,NDY,rolling,reset,model,14,10157.946274341795,8813.11005668832,201825115.14294896,201079675.38486195,745439.7580870092,suboptimal,545d8ca624cc
17,0.0,NDY,rolling,reset,model,15,10157.946274341797,9160.180869889664,202656844.883175,202359302.6807712,297542.2024037838,suboptimal,545d8ca624cc
17,0.0,-10%,rolling,reset,model,1,5614.867021202213,5614.867021202213,209100975.39177996,209100975.39178,-2.9802322387695312e-08,optimal,545d8ca624cc
17,0.0,-10%,rolling,reset,model,2,5053.380319081992,5520.702665117145,216689055.46308586,216683915.23825455,5140.224831312895,suboptimal,545d8ca624cc
17,0.0,-10%,rolling,reset,model,3,4548.042287173793,6138.125588706062,223510524.0203795,223494674.49703062,15849.523348897696,suboptimal,545d8ca624cc
17,0.0,-10%,rolling,reset,model,4,15976.173806328008,15413.603825874585,229206065.25722972,229097106.0448394,108959.21239030361,suboptimal,545d8ca624cc
17,0.0,-10%,rolling,reset,model,5,14378.556425695204,14081.887350341536,222770658.06788555,222750802.55293348,19855.51495206356,suboptimal,545d8ca624cc
17,0.0,-10%,rolling,reset,model,6,12940.700783125687,12008.791138782088,216195182.8071234,216095781.90437457,99400.90274882317,suboptimal,545d8ca624cc
17,0.0,-10%,rolling,reset,model,7,11646.630704813117,10955.488572466784,212538524.63567033,212472779.17317584,65745.46249449253,suboptimal,545d8ca624cc
17,0.0,-10%,rolling,reset,model,8,10481.967634331806,10250.677354362408,210201751.70390144,210195993.6021918,5758.101709634066,suboptimal,545d8ca624cc
17,0.0,-10%,rolling,reset,model,9,9433.770870898627,9621.100310071613,208384529.77859974,208384490.52700666,39.251593083143234,optimal,545d8ca624cc
17,0.0,-10%,rolling,reset,model,10,8490.393783808766,9059.766686739524,207238711.4120551,207236778.99265492,1932.4194001853466,suboptimal,545d8ca624cc
17,0.0,-10%,rolling,reset,model,11,15482.3140898366,8456.074653155085,207368278.93356556,,,infeasible,545d8ca624cc
17,0.0,-10%,rolling,reset,model,12,13934.082680852938,7491.7539623928515,208472649.94336623,200645406.25788042,7827243.68548581,suboptimal,545d8ca624cc
17,0.0,-10%,rolling,reset,model,13,12540.67441276765,6540.5971070550295,210710955.7990983,207882300.93896267,2828654.8601356447,suboptimal,545d8ca624cc
17,0.0,-10%,rolling,reset,model,14,11286.60697149088,5818.041245895084,213969144.05149752,213193970.93120837,775173.1202891469,suboptimal,545d8ca624cc
17,0.0,-10%,rolling,reset,model,15,10157.946274341795,7839.85090085423,218234322.9888055,218180874.12556198,53448.86324352026,suboptimal,545d8ca624cc
17,0.0,-20%,rolling,reset,model,1,6730.65468796978,6730.65468796978,211396591.13594848,211396591.13594848,0.0,optimal,545d8ca624cc
17,0.0,-20%,rolling,reset,model,2,5384.5237503758235,3041.333328115,218231300.14976534,218223945.73079357,7354.418971776962,suboptimal,545d8ca624cc
17,0.0,-20%,rolling,reset,model,3,4307.619000300659,2504.37504818,227468222.14824373,227462562.22752327,5659.920720458031,suboptimal,545d8ca624cc
17,0.0,-20%,rolling,reset,model,4,14173.368727531939,18415.385119624327,237032448.1149024,236940975.12788767,91472.9870147407,suboptimal,545d8ca624cc
17,0.0,-20%,rolling,reset,model,5,16532.914402194816,16903.124551944315,227817511.30391595,227809151.00720087,8360.296715080738,suboptimal,545d8ca624cc
17,0.0,-20%,rolling,reset,model,6,13226.33152175585,12938.551789831197,217467159.52059412,217465125.9164631,2033.604131013155,suboptimal,545d8ca624cc
17,0.0,-20%,rolling,reset,model,7,10581.065217404683,9421.010217154368,212592932.60587728,212590077.11042216,2855.4954551160336,suboptimal,545d8ca624cc
17,0.0,-20%,rolling,reset,model,8,8464.852173923748,11184.600359684455,212245373.98942786,212228146.7177292,17227.271698653698,suboptimal,545d8ca624cc
17,0.0,-20%,rolling,reset,model,9,6771.8817391389985,8629.799313621375,208762876.74889857,208717116.16596696,45760.58293160796,suboptimal,545d8ca624cc
17,0.0,-20%,rolling,reset,model,10,5417.505391311199,8659.022839765825,208551477.43987623,208489174.86544082,62302.574435412884,suboptimal,545d8ca624cc
17,0.0,-20%,rolling,reset,model,11,13616.932247596003,6487.773004656226,209251160.44980246,208214533.93980876,1036626.5099937022,suboptimal,545d8ca624cc
17,0.0,-20%,rolling,reset,model,12,19839.73881707382,9066.17104937868,213145883.02147925,,,infeasible,545d8ca624cc
17,0.0,-20%,rolling,reset,model,13,15871.791053659052,7252.936840052588,213277550.675023,210341490.04852274,2936060.626500249,suboptimal,545d8ca624cc
17,0.0,-20%,rolling,reset,model,14,12697.432842927241,5409.989786675,215548715.10594058,214986395.08932412,562320.0166164637,suboptimal,545d8ca624cc
17,0.0,-20%,rolling,reset,model,15,10157.946274341797,5403.790598365,220719315.4334696,220661811.1914817,57504.241987884045,suboptimal,545d8ca624cc
17,0.0,+/-10%,rolling,reset,model,1,7338.969141273935,7338.969141273935,208257590.17753866,208257590.17753866,0.0,optimal,545d8ca624cc
17,0.0,+/-10%,rolling,reset,model,2,8072.866055401327,8233.635471614054,214448849.08366215,214444587.30795074,4261.775711417198,suboptimal,545d8ca624cc
17,0.0,+/-10%,rolling,reset,model,3,8880.15266094146,9699.852357880622,218469726.40190086,218429400.86950308,40325.53239777684,suboptimal,545d8ca624cc
17,0.0,+/-10%,rolling,reset,model,4,9768.167927035609,10895.168467380756,219803098.548132,219700546.20034605,102552.3477859497,suboptimal,545d8ca624cc
17,0.0,+/-10%,rolling,reset,model,5,10744.984719739168,12266.419730827478,219149858.825376,219068534.78135678,81324.04401922226,suboptimal,545d8ca624cc
17,0.0,+/-10%,rolling,reset,model,6,11819.483191713089,11430.333223066706,214843211.57018468,214822762.16096523,20449.409219443798,suboptimal,545d8ca624cc
17,0.0,+/-10%,rolling,reset,model,7,11261.057082860953,10238.436182727699,211896707.74032128,211706312.0877896,190395.65253168344,suboptimal,545d8ca624cc
17,0.0,+/-10%,rolling,reset,model,8,10134.951374574857,9899.991906103196,210364361.56902456,210361862.59563383,2498.9733907282352,suboptimal,545d8ca624cc
17,0.0,+/-10%,rolling,reset,model,9,11148.446512032346,8964.287061879715,209110641.0148197,208250090.1443571,860550.8704626262,suboptimal,545d8ca624cc
17,0.0,+/-10%,rolling,reset,model,10,12263.29116323558,9394.619344377077,208712325.98217148,206429083.51416445,2283242.468007028,suboptimal,545d8ca624cc
17,0.0,+/-10%,rolling,reset,model,11,13489.620279559142,7660.111049133636,208515031.292146,202805199.88441157,5709831.407734424,suboptimal,545d8ca624cc
17,0.0,+/-10%,rolling,reset,model,12,13934.082680852936,8376.196397994712,210595219.4271763,204413760.90165967,6181458.525516629,suboptimal,545d8ca624cc
17,0.0,+/-10%,rolling,reset,model,13,12540.674412767647,7538.576757532587,211977619.6166522,209299240.0309368,2678379.5857153833,suboptimal,545d8ca624cc
17,0.0,+/-10%,rolling,reset,model,14,11286.606971490883,7295.674134378159,214001116.4504622,213413941.79504585,587174.6554163396,suboptimal,545d8ca624cc
17,0.0,+/-10%,rolling,reset,model,15,10157.946274341795,9410.0345450921,216119930.36291113,216114159.32161307,5771.041298061609,suboptimal,545d8ca624cc
17,0.0,+/-20%,rolling,reset,model,1,6155.222780541585,6155.222780541585,210300411.33143908,210300411.33143908,0.0,optimal,545d8ca624cc
17,0.0,+/-20%,rolling,reset,model,2,7386.267336649901,7488.750737235084,217674491.6442287,217674276.2210397,215.42318898439407,optimal,545d8ca624cc
17,0.0,+/-20%,rolling,reset,model,3,8863.520803979882,9382.38982976899,222842335.48973903,222802903.05207312,39432.43766590953,suboptimal,545d8ca624cc
17,0.0,+/-20%,rolling,reset,model,4,10636.224964775858,12342.563278875776,225112165.34364465,224986237.77027637,125927.57336828113,suboptimal,545d8ca624cc
17,0.0,+/-20%,rolling,reset,model,5,12763.469957731026,15130.683205553722,222372975.44022766,222295078.58862427,77896.85160338879,suboptimal,545d8ca624cc
17,0.0,+/-20%,rolling,reset,model,6,12076.211826390549,11729.395210172663,213571971.45590833,213570958.0348826,1013.4210257232189,suboptimal,545d8ca624cc
17,0.0,+/-20%,rolling,reset,model,7,9660.96946111244,8935.528801384367,210538366.8901438,210533136.66071776,5230.229426056147,suboptimal,545d8ca624cc
17,0.0,+/-20%,rolling,reset,model,8,7728.775568889952,9796.930075184364,210762703.57471472,210712388.34175548,50315.232959240675,suboptimal,545d8ca624cc
17,0.0,+/-20%,rolling,reset,model,9,9274.530682667944,9157.600768694936,209527323.10259238,209527310.22374356,12.878848820924759,optimal,545d8ca624cc
17,0.0,+/-20%,rolling,reset,model,10,11129.436819201526,7844.918029073324,209006132.79855302,208874246.4451119,131886.3534411192,suboptimal,545d8ca624cc
17,0.0,+/-20%,rolling,reset,model,11,13355.324183041832,6964.668261894233,210746776.21445948,209607968.46586668,1138807.748592794,suboptimal,545d8ca624cc
17,0.0,+/-20%,rolling,reset,model,12,16026.389019650196,9549.667666135601,213743347.94985008,210117167.61723256,3626180.3326175213,suboptimal,545d8ca624cc
17,0.0,+/-20%,rolling,reset,model,13,15871.791053659057,6734.944561092589,213227323.5173451,209542880.8669719,3684442.6503731906,suboptimal,545d8ca624cc
17,0.0,+/-20%,rolling,reset,model,14,12697.432842927245,6973.55798757767,216321007.44567445,216003741.9662074,317265.47946703434,suboptimal,545d8ca624cc
17,0.0,+/-20%,rolling,reset,model,15,10157.946274341797,8824.638517011124,219709728.93213606,219701789.06731924,7939.864816814661,suboptimal,545d8ca624cc
17,0.02,NHF,rolling,reset,model,1,37894.5752778487,37894.5752778487,58609050.33182124,58609050.33182124,0.0,optimal,545d8ca624cc
17,0.02,NHF,rolling,reset,model,2,3256.585586625486,4381.00453599525,38440300.14063364,38436079.40321032,4220.737423323095,suboptimal,545d8ca624cc
17,0.02,NHF,rolling,reset,model,3,5053.065730282128,4507.599920508072,43332006.90068616,43330776.047508866,1230.853177294135,suboptimal,545d8ca624cc
17,0.02,NHF,rolling,reset,model,4,4664.946513557166,6182.42701859498,48204812.729461,48194908.83210661,9903.897354386747,suboptimal,545d8ca624cc
17,0.02,NHF,rolling,reset,model,5,15680.598357162395,12841.732924640417,51475816.273042105,,,infeasible,545d8ca624cc
17,0.02,NHF,rolling,reset,model,6,4434.036325031146,4434.036325031146,45555402.50442442,45555402.50442442,0.0,optimal,545d8ca624cc
17,0.02,NHF,rolling,reset,model,7,10102.661946026456,10102.661946026457,50213315.15792523,50213315.15792523,0.0,optimal,545d8ca624cc
17,0.02,NHF,rolling,reset,model,8,8976.160741506405,8976.160741506405,48865230.512208514,48865230.512208514,0.0,optimal,545d8ca624cc
17,0.02,NHF,rolling,reset,model,9,13695.520358161459,13955.702603116923,48112124.84459656,48105014.84964738,7109.9949491769075,suboptimal,545d8ca624cc
17,0.02,NHF,rolling,reset,model,10,1769.3124296895867,2519.2053690193934,40154945.95363642,40104131.997430675,50813.95620574802,suboptimal,545d8ca624cc
17,0.02,NHF,rolling,reset,model,11,5337.014672885877,9260.869901690698,47005015.21300594,46740482.30997957,264532.90302636474,suboptimal,545d8ca624cc
17,0.02,NHF,rolling,reset,model,12,6502.518754546366,4110.732000879034,45433975.74630004,,,infeasible,545d8ca624cc
17,0.02,NHF,rolling,reset,model,13,14538.03641529426,14097.477782933165,50010192.312365286,,,infeasible,545d8ca624cc
17,0.02,NHF,rolling,reset,model,14,7184.963469503216,3727.6667236412873,42651356.53047975,,,infeasible,545d8ca624cc
17,0.02,NHF,rolling,reset,model,15,10435.488467345196,8462.987026494204,48006442.583559,,,infeasible,545d8ca624cc
17,0.02,NDY,rolling,reset,model,1,10157.946274341793,10157.946274341793,51189001.05568924,51189001.05568926,-2.2351741790771484e-08,optimal,545d8ca624cc
17,0.02,NDY,rolling,reset,model,2,10157.946274341793,10157.946274341793,53152249.972049326,53152249.97204932,7.450580596923828e-09,optimal,545d8ca624cc
17,0.02,NDY,rolling,reset,model,3,10157.946274341795,10157.946274341792,55416897.47226179,55416897.4722618,-1.4901161193847656e-08,optimal,545d8ca624cc
17,0.02,NDY,rolling,reset,model,4,10157.946274341795,10157.946274341797,57507398.59138154,57507398.59138154,0.0,optimal,545d8ca624cc
17,0.02,NDY,rolling,reset,model,5,10157.946274341792,10157.946274341799,58885196.83135579,58885196.831355676,1.1175870895385742e-07,optimal,545d8ca624cc
17,0.02,NDY,rolling,reset,model,6,10157.946274341792,10092.159275665477,57486531.57626403,57486531.57626403,0.0,optimal,545d8ca624cc
17,0.02,NDY,rolling,reset,model,7,10157.94627434179,9985.94293267514,57564396.16588701,,,infeasible,545d8ca624cc
17,0.02,NDY,rolling,reset,model,8,10157.946274341797,9891.980420572167,57325022.07095535,,,infeasible,545d8ca624cc
17,0.02,NDY,rolling,reset,model,9,10157.946274341786,9809.82286605603,56346734.18053729,,,infeasible,545d8ca624cc
17,0.02,NDY,rolling,reset,model,10,10157.946274341804,9718.113021749246,55842803.35073498,,,infeasible,545d8ca624cc
17,0.02,NDY,rolling,reset,model,11,10157.946274341795,9621.963059652046,55140276.725237794,,,infeasible,545d8ca624cc
17,0.02,NDY,rolling,reset,model,12,10157.946274341797,9547.818877781825,54656497.65497724,,,infeasible,545d8ca624cc
17,0.02,NDY,rolling,reset,model,13,10157.946274341795,9464.504777099846,54432249.030889116,,,infeasible,545d8ca624cc
17,0.02,NDY,rolling,reset,model,14,10157.946274341793,9392.209136166412,54111420.212737404,,,infeasible,545d8ca624cc
17,0.02,NDY,rolling,reset,model,15,10157.946274341792,9321.42798078643,53825434.68635763,,,infeasible,545d8ca624cc
17,0.02,-10%,rolling,reset,model,1,16268.756926495918,16268.756926495918,57682288.91371638,57682288.91371638,0.0,optimal,545d8ca624cc
17,0.02,-10%,rolling,reset,model,2,14641.881233846329,14617.918904815873,56567650.26271809,56567650.26271808,7.450580596923828e-09,optimal,545d8ca624cc
17,0.02,-10%,rolling,reset,model,3,13177.693110461698,13141.001407860254,54793640.43409433,54793640.43409433,0.0,optimal,545d8ca624cc
17,0.02,-10%,rolling,reset,model,4,11859.923799415526,11816.054700853116,53162894.19761473,53162894.19761473,0.0,optimal,545d8ca624cc
17,0.02,-10%,rolling,reset,model,5,10673.931419473973,10633.615594175526,50916249.55906862,50916249.55906862,0.0,optimal,545d8ca624cc
17,0.02,-10%,rolling,reset,model,6,9606.538277526579,9568.479407967652,47945411.867418796,47945411.867418796,0.0,optimal,545d8ca624cc
17,0.02,-10%,rolling,reset,model,7,8645.884449773917,8611.631469970846,46039941.76658905,46039941.76658905,0.0,optimal,545d8ca624cc
17,0.02,-10%,rolling,reset,model,8,7781.296004796528,7774.066308491388,45302677.07015317,45302677.07015317,0.0,optimal,545d8ca624cc
17,0.02,-10%,rolling,reset,model,9,7003.166404316875,7022.439040871907,45550679.5196605,45550679.5196605,0.0,optimal,545d8ca624cc
17,0.02,-10%,rolling,reset,model,10,6302.8497638851895,6320.1951371110645,46663868.573034145,46663868.573034145,0.0,optimal,545d8ca624cc
17,0.02,-10%,rolling,reset,model,11,6010.79216378369,9111.529442944258,49000680.73134985,48637058.72190734,363622.0094425082,suboptimal,545d8ca624cc
17,0.02,-10%,rolling,reset,model,12,10166.977392856143,8787.398828302003,48267866.56314806,,,infeasible,545d8ca624cc
17,0.02,-10%,rolling,reset,model,13,9779.677865609257,9541.728864270917,47808460.69179252,,,infeasible,545d8ca624cc
17,0.02,-10%,rolling,reset,model,14,11286.606971490884,8586.859445873559,45797821.470836625,,,infeasible,545d8ca624cc
17,0.02,-10%,rolling,reset,model,15,10157.946274341795,7728.173499659807,45125654.45963783,,,infeasible,545d8ca624cc
17,0.02,-20%,rolling,reset,model,1,20028.236287545053,20028.236287545053,58097650.04289117,58097650.04289117,0.0,optimal,545d8ca624cc
17,0.02,-20%,rolling,reset,model,2,16022.58903003604,16005.20609531994,53604576.06040168,53604576.06040168,0.0,optimal,545d8ca624cc
17,0.02,-20%,rolling,reset,model,3,12818.071224028836,12776.9372591053,49889665.96733888,49889665.96733888,0.0,optimal,545d8ca624cc
17,0.02,-20%,rolling,reset,model,4,10254.45697922307,10204.033627927032,47627476.83040322,47627476.83040322,0.0,optimal,545d8ca624cc
17,0.02,-20%,rolling,reset,model,5,8203.565583378455,8166.690469216429,45923812.52225862,45923812.52225862,0.0,optimal,545d8ca624cc
17,0.02,-20%,rolling,reset,model,6,6562.852466702764,6533.352374338584,45362705.52424659,45362705.52424659,0.0,optimal,545d8ca624cc
17,0.02,-20%,rolling,reset,model,7,7654.570172021052,7654.570172021052,46964794.09560568,46964794.09560568,0.0,optimal,545d8ca624cc
17,0.02,-20%,rolling,reset,model,8,9066.41171276669,9228.238991095519,48017132.15195681,48011448.98810535,5683.163851462305,suboptimal,545d8ca624cc
17,0.02,-20%,rolling,reset,model,9,7253.129370213352,7382.591194209406,46739303.76386993,46736629.41113191,2674.3527380153537,suboptimal,545d8ca624cc
17,0.02,-20%,rolling,reset,model,10,7178.9277405119,8529.979398016245,47715106.406003535,47620773.67139781,94332.73460572213,suboptimal,545d8ca624cc
17,0.02,-20%,rolling,reset,model,11,8514.904426706873,8788.243439622454,47244321.20923748,47233434.764301695,10886.444935783744,suboptimal,545d8ca624cc
17,0.02,-20%,rolling,reset,model,12,8802.33797231637,8301.787865726883,46568994.23426487,,,infeasible,545d8ca624cc
17,0.02,-20%,rolling,reset,model,13,9126.927551523138,8697.494632340375,46186467.42207329,,,infeasible,545d8ca624cc
17,0.02,-20%,rolling,reset,model,14,10157.450972123652,6957.995706633559,45227305.05029007,,,infeasible,545d8ca624cc
17,0.02,-20%,rolling,reset,model,15,10157.946274341793,8415.827097155727,46562623.76422775,,,infeasible,545d8ca624cc
17,0.02,+/-10%,rolling,reset,model,1,16245.068707676814,16245.068707676814,57672846.310038924,57672846.310038924,0.0,optimal,545d8ca624cc
17,0.02,+/-10%,rolling,reset,model,2,14620.56183690913,14589.33215206203,56479508.00614224,56479508.00614224,0.0,optimal,545d8ca624cc
17,0.02,+/-10%,rolling,reset,model,3,13158.505653218215,13102.168104355042,54786948.40056017,54786948.40056017,0.0,optimal,545d8ca624cc
17,0.02,+/-10%,rolling,reset,model,4,11842.655087896395,11791.116133307489,53178735.09120092,53178735.09120092,0.0,optimal,545d8ca624cc
17,0.02,+/-10%,rolling,reset,model,5,10658.389579106757,10608.917825411283,51165614.74596186,51165614.74596185,7.450580596923828e-09,optimal,545d8ca624cc
17,0.02,+/-10%,rolling,reset,model,6,9592.550621196084,9546.426995217014,48082134.62028079,48082134.62028079,0.0,optimal,545d8ca624cc
17,0.02,+/-10%,rolling,reset,model,7,8633.295559076472,8591.78429878004,46301878.246021256,46301878.246021256,0.0,optimal,545d8ca624cc
17,0.02,+/-10%,rolling,reset,model,8,7769.966003168827,7753.36926691883,45625979.285881445,45625979.285881445,0.0,optimal,545d8ca624cc
17,0.02,+/-10%,rolling,reset,model,9,6992.9694028519425,7742.367310071735,45939730.54924172,45882187.59009494,57542.959146782756,suboptimal,545d8ca624cc
17,0.02,+/-10%,rolling,reset,model,10,7027.234161942375,6997.361874237844,46153830.218996435,46153830.21899644,-7.450580596923828e-09,optimal,545d8ca624cc
17,0.02,+/-10%,rolling,reset,model,11,7729.957578136609,7697.09805702577,47538174.599729426,47538174.599729426,0.0,optimal,545d8ca624cc
17,0.02,+/-10%,rolling,reset,model,12,8502.953335950273,8466.807858309008,48332854.52004307,48332854.52004307,0.0,optimal,545d8ca624cc
17,0.02,+/-10%,rolling,reset,model,13,9353.2486695453,9667.49942679052,48307238.5690846,48287822.151154265,19416.417930334806,suboptimal,545d8ca624cc
17,0.02,+/-10%,rolling,reset,model,14,10288.573536499833,8690.581237388193,46238381.36708904,,,infeasible,545d8ca624cc
17,0.02,+/-10%,rolling,reset,model,15,10157.946274341795,7812.130455706211,45653480.0400758,,,infeasible,545d8ca624cc
17,0.02,+/-20%,rolling,reset,model,1,20028.236287545053,20028.236287545053,58097650.04289117,58097650.04289117,0.0,optimal,545d8ca624cc
17,0.02,+/-20%,rolling,reset,model,2,16022.58903003604,16008.900652674662,53602737.81429586,53602737.81429586,0.0,optimal,545d8ca624cc
17,0.02,+/-20%,rolling,reset,model,3,12818.071224028836,12779.856754745953,49870981.40579663,49870981.40579663,0.0,optimal,545d8ca624cc
17,0.02,+/-20%,rolling,reset,model,4,10254.456979223069,10206.002961312539,47635517.38293497,47635517.38293497,0.0,optimal,545d8ca624cc
17,0.02,+/-20%,rolling,reset,model,5,8203.565583378457,8168.800042724278,45928831.55907804,45928831.55907804,0.0,optimal,545d8ca624cc
17,0.02,+/-20%,rolling,reset,model,6,6562.852466702764,6527.876812146317,45334433.53150916,45334433.53150916,0.0,optimal,545d8ca624cc
17,0.02,+/-20%,rolling,reset,model,7,7654.570172021052,7663.362030096051,46954671.502110876,46954671.502110876,0.0,optimal,545d8ca624cc
17,0.02,+/-20%,rolling,reset,model,8,9066.41171276669,9195.336355908366,47992425.887473576,47989535.96093418,2889.92653939873,suboptimal,545d8ca624cc
17,0.02,+/-20%,rolling,reset,model,9,7253.129370213352,7356.269083879967,46752537.83784964,46750888.543656036,1649.2941936030984,suboptimal,545d8ca624cc
17,0.02,+/-20%,rolling,reset,model,10,7178.927740511905,8758.80108884663,47751848.66710854,47575767.1376703,176081.52943824232,suboptimal,545d8ca624cc
17,0.02,+/-20%,rolling,reset,model,11,8514.904426706868,8556.14814629948,46975464.48053878,46975464.48053878,0.0,optimal,545d8ca624cc
17,0.02,+/-20%,rolling,reset,model,12,8802.337972316369,8301.136758004013,46545371.782035835,,,infeasible,545d8ca624cc
17,0.02,+/-20%,rolling,reset,model,13,9126.927551523142,8697.107357684103,46144198.50874005,,,infeasible,545d8ca624cc
17,0.02,+/-20%,rolling,reset,model,14,10157.450972123646,6957.6858903314715,45171294.21957376,,,infeasible,545d8ca624cc
17,0.02,+/-20%,rolling,reset,model,15,10157.946274341797,8109.037124242609,46490774.01462259,,,infeasible,545d8ca624cc
17,0.04,NHF,rolling,reset,model,1,41849.04320473822,41849.04320473822,34206787.290898465,34206787.290898465,0.0,optimal,545d8ca624cc
17,0.04,NHF,rolling,reset,model,2,4114.75935849572,4114.75935849572,13561891.223408144,13561891.223408144,0.0,optimal,545d8ca624cc
17,0.04,NHF,rolling,reset,model,3,5005.089358094516,5005.089358094516,15977144.399260867,15977144.399260867,0.0,optimal,545d8ca624cc
17,0.04,NHF,rolling,reset,model,4,5849.923352857583,5849.923352857583,18193198.696335573,18193198.696335573,0.0,optimal,545d8ca624cc
17,0.04,NHF,rolling,reset,model,5,5039.948176309502,5039.948176309502,19818951.948634032,19818951.948634032,0.0,optimal,545d8ca624cc
17,0.04,NHF,rolling,reset,model,6,4434.036325031146,4434.036325031146,22373401.550562996,22373401.550562996,0.0,optimal,545d8ca624cc
17,0.04,NHF,rolling,reset,model,7,10378.036741191629,10378.03674119163,27108734.735105675,27108734.735105675,0.0,optimal,545d8ca624cc
17,0.04,NHF,rolling,reset,model,8,9777.205064635005,9777.205064635005,26957121.140046753,26957121.140046753,0.0,optimal,545d8ca624cc
17,0.04,NHF,rolling,reset,model,9,17021.3524718903,17021.3524718903,26842763.281331565,26842763.281331565,0.0,optimal,545d8ca624cc
17,0.04,NHF,rolling,reset,model,10,4352.616088346561,4352.616088346561,16793414.04929547,16793414.04929547,0.0,optimal,545d8ca624cc
17,0.04,NHF,rolling,reset,model,11,6339.615514188142,6339.615514188142,19137481.40539189,19137481.40539189,0.0,optimal,545d8ca624cc
17,0.04,NHF,rolling,reset,model,12,5229.68863266984,5229.68863266984,20060216.57704924,20060216.57704924,0.0,optimal,545d8ca624cc
17,0.04,NHF,rolling,reset,model,13,10199.670627415773,10199.670627415775,22692527.709602017,22692527.709602017,0.0,optimal,545d8ca624cc
17,0.04,NHF,rolling,reset,model,14,3806.4068906583047,3806.4068906583047,20425907.904516246,20425907.904516246,0.0,optimal,545d8ca624cc
17,0.04,NHF,rolling,reset,model,15,10002.708853072783,10002.708853072781,25086664.70514118,25086664.70514118,0.0,optimal,545d8ca624cc
17,0.04,NDY,rolling,reset,model,1,10157.946274341799,10157.946274341799,23122028.96875397,23122028.968753967,3.725290298461914e-09,optimal,545d8ca624cc
17,0.04,NDY,rolling,reset,model,2,10157.946274341797,10157.946274341832,23958294.819807976,23958294.8198079,7.82310962677002e-08,optimal,545d8ca624cc
17,0.04,NDY,rolling,reset,model,3,10157.946274341799,10157.946274341795,25062103.74204439,25062103.742044393,-3.725290298461914e-09,optimal,545d8ca624cc
17,0.04,NDY,rolling,reset,model,4,10157.946274341797,10106.113892571586,26200198.899152078,26200198.899152245,-1.6763806343078613e-07,optimal,545d8ca624cc
17,0.04,NDY,rolling,reset,model,5,10157.946274341795,9964.693376615396,27236940.412977215,,,infeasible,545d8ca624cc
17,0.04,NDY,rolling,reset,model,6,10157.946274341797,9841.228777600421,26752139.010142826,,,infeasible,545d8ca624cc
17,0.04,NDY,rolling,reset,model,7,10157.946274341797,9742.731247097565,26740595.225440346,,,infeasible,545d8ca624cc
17,0.04,NDY,rolling,reset,model,8,10158.001390664216,9653.92727251095,26735216.56025436,,,infeasible,545d8ca624cc
17,0.04,NDY,rolling,reset,model,9,10157.885955083038,9525.685278248391,26417116.030844092,,,infeasible,545d8ca624cc
17,0.04,NDY,rolling,reset,model,10,10157.946274341799,9410.434962580817,25494576.524683498,,,infeasible,545d8ca624cc
17,0.04,NDY,rolling,reset,model,11,10157.946274341797,9319.88908441339,25174078.386216696,,,infeasible,545d8ca624cc
17,0.04,NDY,rolling,reset,model,12,10157.946274341797,9255.165693005249,25100855.423209094,,,infeasible,545d8ca624cc
17,0.04,NDY,rolling,reset,model,13,10157.946274341797,9192.862711114229,24938834.068918128,,,infeasible,545d8ca624cc
17,0.04,NDY,rolling,reset,model,14,10157.97017304618,9118.213361453269,24756648.367682815,,,infeasible,545d8ca624cc
17,0.04,NDY,rolling,reset,model,15,10157.92237563741,9040.08292948447,24886483.223380376,,,infeasible,545d8ca624cc
17,0.04,-10%,rolling,reset,model,1,16246.816415486468,16246.816415486468,29014329.89076457,29014329.89076457,0.0,optimal,545d8ca624cc
17,0.04,-10%,rolling,reset,model,2,14622.134773937822,14617.65810541153,28463529.32148509,28463529.32148509,0.0,optimal,545d8ca624cc
17,0.04,-10%,rolling,reset,model,3,13159.921296544042,13139.155076074423,27639194.018047396,27639194.018047404,-7.450580596923828e-09,optimal,545d8ca624cc
17,0.04,-10%,rolling,reset,model,4,11843.929166889655,11814.480777355539,26784356.491140023,26784356.491140023,0.0,optimal,545d8ca624cc
17,0.04,-10%,rolling,reset,model,5,10659.536250200657,10633.032697004279,25454097.712064873,25454097.712064873,0.0,optimal,545d8ca624cc
17,0.04,-10%,rolling,reset,model,6,9593.582625180608,9566.795933204081,23378556.58655865,23378556.58655865,0.0,optimal,545d8ca624cc
17,0.04,-10%,rolling,reset,model,7,8634.224362662544,8610.116335904984,21774067.57841333,21774067.578413337,-7.450580596923828e-09,optimal,545d8ca624cc
17,0.04,-10%,rolling,reset,model,8,7770.801926396291,7758.539680791145,21120565.06076431,21120565.06076431,0.0,optimal,545d8ca624cc
17,0.04,-10%,rolling,reset,model,9,6993.721733756662,6982.685712503595,21101833.353366658,21101833.353366658,0.0,optimal,545d8ca624cc
17,0.04,-10%,rolling,reset,model,10,6294.349560380995,6284.417143952186,21664646.36266751,21664646.36266751,0.0,optimal,545d8ca624cc
17,0.04,-10%,rolling,reset,model,11,7213.819633650332,8030.277441929268,23735951.494888462,23483267.504882757,252683.9900057055,suboptimal,545d8ca624cc
17,0.04,-10%,rolling,reset,model,12,10756.895100214277,10205.278757420283,24436390.973560132,,,infeasible,545d8ca624cc
17,0.04,-10%,rolling,reset,model,13,9681.205590192862,9194.722628422802,22892960.795444116,,,infeasible,545d8ca624cc
17,0.04,-10%,rolling,reset,model,14,8713.08503117358,8275.250365015501,21536558.392269857,,,infeasible,545d8ca624cc
17,0.04,-10%,rolling,reset,model,15,7841.776528056219,7447.725328215164,21005507.553224504,,,infeasible,545d8ca624cc
17,0.04,-20%,rolling,reset,model,1,20092.54105397859,20092.54105397859,30658170.76487189,30658170.76487189,0.0,optimal,545d8ca624cc
17,0.04,-20%,rolling,reset,model,2,16074.032843182877,16071.552509904983,27281673.20663916,27281673.20663916,0.0,optimal,545d8ca624cc
17,0.04,-20%,rolling,reset,model,3,12859.226274546301,12847.95799538484,24814929.82139283,24814929.82139283,0.0,optimal,545d8ca624cc
17,0.04,-20%,rolling,reset,model,4,10287.381019637043,10278.366396723102,22989998.194846045,22989998.194846045,0.0,optimal,545d8ca624cc
17,0.04,-20%,rolling,reset,model,5,8229.904815709635,8222.693118837491,21564367.072466083,21564367.07246659,-5.066394805908203e-07,optimal,545d8ca624cc
17,0.04,-20%,rolling,reset,model,6,6583.923852567707,6578.154490660593,20571429.558087688,20571429.55808779,-1.0058283805847168e-07,optimal,545d8ca624cc
17,0.04,-20%,rolling,reset,model,7,6894.776262184426,6894.776260184547,21768644.597139765,21768644.597139765,0.0,optimal,545d8ca624cc
17,0.04,-20%,rolling,reset,model,8,7614.902593941418,7614.902595941296,23311342.008557584,23311342.008557584,0.0,optimal,545d8ca624cc
17,0.04,-20%,rolling,reset,model,9,9431.414317682224,9355.307962949782,24483854.1405445,24483854.1405445,0.0,optimal,545d8ca624cc
17,0.04,-20%,rolling,reset,model,10,8301.895370577828,9382.301982285919,23503853.602669217,23322600.31650577,181253.28616344556,suboptimal,545d8ca624cc
17,0.04,-20%,rolling,reset,model,11,9739.180754455469,8317.232954377076,22638032.582997125,,,infeasible,545d8ca624cc
17,0.04,-20%,rolling,reset,model,12,9562.185462466896,9708.427593244394,22523193.711719025,22512086.243946977,11107.467772047967,suboptimal,545d8ca624cc
17,0.04,-20%,rolling,reset,model,13,7649.7483699735185,7766.742074755917,20338241.355246723,20332138.042465236,6103.31278148666,suboptimal,545d8ca624cc
17,0.04,-20%,rolling,reset,model,14,6119.798695978815,6213.393660496759,19845445.86492936,19837987.666926682,7458.198002677411,suboptimal,545d8ca624cc
17,0.04,-20%,rolling,reset,model,15,6860.220342127744,6737.294335535636,21234652.499295153,,,infeasible,545d8ca624cc
17,0.04,+/-10%,rolling,reset,model,1,16236.69242302974,16236.69242302974,28996974.044352315,28996974.04435232,-3.725290298461914e-09,optimal,545d8ca624cc
17,0.04,+/-10%,rolling,reset,model,2,14613.023180726765,14607.72125249741,28484267.510120425,28484267.51012043,-3.725290298461914e-09,optimal,545d8ca624cc
17,0.04,+/-10%,rolling,reset,model,3,13151.720862654094,13121.155241024217,27569726.45444789,27569726.45444789,0.0,optimal,545d8ca624cc
17,0.04,+/-10%,rolling,reset,model,4,11836.548776388683,11802.841930794526,26762515.60194071,26762515.60194071,0.0,optimal,545d8ca624cc
17,0.04,+/-10%,rolling,reset,model,5,10652.893898749813,10622.557737574098,25540436.67355601,25540436.67355601,0.0,optimal,545d8ca624cc
17,0.04,+/-10%,rolling,reset,model,6,9587.604508874841,9560.301968040976,23434572.76286967,23434572.762869675,-3.725290298461914e-09,optimal,545d8ca624cc
17,0.04,+/-10%,rolling,reset,model,7,8628.84405798735,8604.271764187353,21765287.0022402,21765287.002240196,3.725290298461914e-09,optimal,545d8ca624cc
17,0.04,+/-10%,rolling,reset,model,8,7765.959652188618,7747.91095740997,21223439.321324933,21223439.32115281,0.00017212331295013428,optimal,545d8ca624cc
17,0.04,+/-10%,rolling,reset,model,9,6989.363686969755,6973.119865763771,21250803.110876594,21250803.110912297,-3.5703182220458984e-05,optimal,545d8ca624cc
17,0.04,+/-10%,rolling,reset,model,10,6844.8859569956285,7162.540567050703,21963314.870906886,21645456.92545165,317857.9454552345,suboptimal,545d8ca624cc
17,0.04,+/-10%,rolling,reset,model,11,7529.37455269519,7878.794623155184,22922700.52269707,22671235.692161247,251464.83053582162,suboptimal,545d8ca624cc
17,0.04,+/-10%,rolling,reset,model,12,8282.312007964712,8666.674087414354,23561504.63758466,23388993.419342265,172511.21824239567,suboptimal,545d8ca624cc
17,0.04,+/-10%,rolling,reset,model,13,9110.543208761183,9533.341493757445,23531870.863891564,23447544.976041786,84325.88784977794,suboptimal,545d8ca624cc
17,0.04,+/-10%,rolling,reset,model,14,10021.597529637305,8580.007344009839,22017686.83954621,,,infeasible,545d8ca624cc
17,0.04,+/-10%,rolling,reset,model,15,10057.81782002574,7722.006608583471,21272588.65614275,,,infeasible,545d8ca624cc
17,0.04,+/-20%,rolling,reset,model,1,20091.982478391084,20091.982478391084,30657940.695984624,30657940.695984628,-3.725290298461914e-09,optimal,545d8ca624cc
17,0.04,+/-20%,rolling,reset,model,2,16073.585982712866,16070.527006643977,27281495.933600586,27281495.933600586,0.0,optimal,545d8ca624cc
17,0.04,+/-20%,rolling,reset,model,3,12858.868786170295,12848.093455342458,24809307.702847973,24809307.702847973,0.0,optimal,545d8ca624cc
17,0.04,+/-20%,rolling,reset,model,4,10287.095028936237,10278.47126240216,22980652.70615119,22980652.70615119,0.0,optimal,545d8ca624cc
17,0.04,+/-20%,rolling,reset,model,5,8229.676023148992,8222.772738062911,21544486.9912237,21544486.9912237,0.0,optimal,545d8ca624cc
17,0.04,+/-20%,rolling,reset,model,6,6583.740818519192,6578.218185945328,20545550.788948376,20545550.788948376,0.0,optimal,545d8ca624cc
17,0.04,+/-20%,rolling,reset,model,7,6860.663453351633,6860.663451547168,21741817.533994887,21741817.533994887,0.0,optimal,545d8ca624cc
17,0.04,+/-20%,rolling,reset,model,8,7744.240001112039,7718.808143709786,23312990.548699703,23312990.548699703,0.0,optimal,545d8ca624cc
17,0.04,+/-20%,rolling,reset,model,9,9293.088001334445,9262.569777862687,24357676.361822635,24357676.361822635,0.0,optimal,545d8ca624cc
17,0.04,+/-20%,rolling,reset,model,10,8349.336883388025,9436.345821886383,23426064.715169307,23254390.458476283,171674.2566930242,suboptimal,545d8ca624cc
17,0.04,+/-20%,rolling,reset,model,11,9722.198336667978,8285.698936697594,22448215.19275357,,,infeasible,545d8ca624cc
17,0.04,+/-20%,rolling,reset,model,12,9583.203416904147,9500.009901452804,22276274.089353513,22276274.089353513,0.0,optimal,545d8ca624cc
17,0.04,+/-20%,rolling,reset,model,13,7666.562733523317,7922.741060372141,20236188.425912276,20213663.60804353,22524.817868746817,suboptimal,545d8ca624cc
17,0.04,+/-20%,rolling,reset,model,14,6133.250186818653,6140.686648245533,19500754.305895228,19500754.305895228,0.0,optimal,545d8ca624cc
17,0.04,+/-20%,rolling,reset,model,15,6850.126953725227,5730.342599960212,20820069.972084317,20210468.70334401,609601.2687403075,suboptimal,545d8ca624cc
17,0.06,NHF,rolling,reset,model,1,41849.04320473822,41849.04320473822,24735287.75982814,24735287.75982814,0.0,optimal,545d8ca624cc
17,0.06,NHF,rolling,reset,model,2,4114.75935849572,4114.75935849572,7208113.657897042,7208113.657897042,0.0,optimal,545d8ca624cc
17,0.06,NHF,rolling,reset,model,3,5005.089358094516,5005.089358094516,8750063.434445675,8750063.434445675,0.0,optimal,545d8ca624cc
17,0.06,NHF,rolling,reset,model,4,5849.923352857583,5849.923352857583,10193100.410395755,10193100.410395755,0.0,optimal,545d8ca624cc
17,0.06,NHF,rolling,reset,model,5,5039.948176309502,5039.948176309502,11107539.927370917,11107539.927370917,0.0,optimal,545d8ca624cc
17,0.06,NHF,rolling,reset,model,6,4434.036325031146,4434.036325031146,12912835.828119263,12912835.828119263,0.0,optimal,545d8ca624cc
17,0.06,NHF,rolling,reset,model,7,10378.036741191629,10378.03674119163,17091310.911661968,17091310.911661968,0.0,optimal,545d8ca624cc
17,0.06,NHF,rolling,reset,model,8,9777.205064635005,9777.205064635005,17405909.48984596,17405909.48984596,0.0,optimal,545d8ca624cc
17,0.06,NHF,rolling,reset,model,9,17021.3524718903,17021.3524718903,18094961.40317195,18094961.40317195,0.0,optimal,545d8ca624cc
17,0.06,NHF,rolling,reset,model,10,4352.616088346561,4352.616088346561,9446376.116834147,9446376.116834147,0.0,optimal,545d8ca624cc
17,0.06,NHF,rolling,reset,model,11,6339.615514188142,6339.615514188142,11121072.642473387,11121072.642473387,0.0,optimal,545d8ca624cc
17,0.06,NHF,rolling,reset,model,12,5229.68863266984,5229.68863266984,11633362.436622538,11633362.436622538,0.0,optimal,545d8ca624cc
17,0.06,NHF,rolling,reset,model,13,10199.670627415773,10199.670627415775,13816658.690051772,13816658.690051772,0.0,optimal,545d8ca624cc
17,0.06,NHF,rolling,reset,model,14,3806.4068906583047,3806.4068906583047,11558300.493935086,11558300.493935086,0.0,optimal,545d8ca624cc
17,0.06,NHF,rolling,reset,model,15,10002.708853072783,10002.708853072781,15511409.954625033,15511409.954625033,0.0,optimal,545d8ca624cc
17,0.06,NDY,rolling,reset,model,1,10157.946274341793,10157.946274341793,13606850.682328355,13606850.682328364,-9.313225746154785e-09,optimal,545d8ca624cc
17,0.06,NDY,rolling,reset,model,2,10157.946274341792,10157.946274341799,14092866.930647675,14092866.93064767,5.587935447692871e-09,optimal,545d8ca624cc
17,0.06,NDY,rolling,reset,model,3,10157.946274341795,10157.946274341799,14815185.49196323,14815185.491963232,-1.862645149230957e-09,optimal,545d8ca624cc
17,0.06,NDY,rolling,reset,model,4,10157.94627434179,9987.667408300136,15679946.622869793,15660615.905189272,19330.71768052131,suboptimal,545d8ca624cc
17,0.06,NDY,rolling,reset,model,5,10157.946274341795,9845.781313068746,16144951.715212254,,,infeasible,545d8ca624cc
17,0.06,NDY,rolling,reset,model,6,10157.946274341797,9725.29785698673,15914414.703246353,,,infeasible,545d8ca624cc
17,0.06,NDY,rolling,reset,model,7,10157.946274341795,9640.616563526104,15835891.40226021,,,infeasible,545d8ca624cc
17,0.06,NDY,rolling,reset,model,8,10157.946274341795,9501.07491961039,15997597.110589566,,,infeasible,545d8ca624cc
17,0.06,NDY,rolling,reset,model,9,10157.946274341795,9381.171113813141,15910344.564321417,,,infeasible,545d8ca624cc
17,0.06,NDY,rolling,reset,model,10,10157.946274341793,9292.496519488659,15268381.560708275,,,infeasible,545d8ca624cc
17,0.06,NDY,rolling,reset,model,11,10157.946274341793,9199.63945595252,15085998.067139924,,,infeasible,545d8ca624cc
17,0.06,NDY,rolling,reset,model,12,10157.946274341793,9123.38794453975,15098128.349266611,,,infeasible,545d8ca624cc
17,0.06,NDY,rolling,reset,model,13,10157.946274341799,9056.364080992895,14978669.729643451,,,infeasible,545d8ca624cc
17,0.06,NDY,rolling,reset,model,14,10157.946274341795,8984.432092348054,14826025.395395564,,,infeasible,545d8ca624cc
17,0.06,NDY,rolling,reset,model,15,10157.946274341795,8896.101126349728,14896190.982644247,,,infeasible,545d8ca624cc
17,0.06,-10%,rolling,reset,model,1,16160.788909664703,16160.788909664703,18065284.73695288,18065284.73695288,0.0,optimal,545d8ca624cc
17,0.06,-10%,rolling,reset,model,2,14544.710018698228,14514.594491988113,17429801.840785734,17429801.840785734,0.0,optimal,545d8ca624cc
17,0.06,-10%,rolling,reset,model,3,13090.239016828407,13012.6211007141,17179684.702155776,17179684.702155776,0.0,optimal,545d8ca624cc
17,0.06,-10%,rolling,reset,model,4,11781.215115145566,11697.637720968172,16605836.255519886,16605836.255519887,-1.862645149230957e-09,optimal,545d8ca624cc
17,0.06,-10%,rolling,reset,model,5,10603.093603631009,10502.633458041031,15834933.745129608,15834933.745129608,0.0,optimal,545d8ca624cc
17,0.06,-10%,rolling,reset,model,6,9542.784243267914,9452.37011311208,14205310.571172504,14205310.571172504,0.0,optimal,545d8ca624cc
17,0.06,-10%,rolling,reset,model,7,8588.505818941114,8507.133099018556,13215853.326574784,13215853.326574784,0.0,optimal,545d8ca624cc
17,0.06,-10%,rolling,reset,model,8,7729.655237047005,7676.6300715520265,12756788.233976232,12756788.233976234,-1.862645149230957e-09,optimal,545d8ca624cc
17,0.06,-10%,rolling,reset,model,9,6956.689713342305,6908.9670659866115,12582683.603198225,12582683.603198225,0.0,optimal,545d8ca624cc
17,0.06,-10%,rolling,reset,model,10,6261.020742008072,6218.070356344975,12989049.902080027,12989049.902080027,0.0,optimal,545d8ca624cc
17,0.06,-10%,rolling,reset,model,11,7921.3278186302205,8371.216241468612,14672829.285666887,14525508.451263746,147320.83440314047,suboptimal,545d8ca624cc
17,0.06,-10%,rolling,reset,model,12,10502.55018379702,10164.295697213574,15313863.756829126,,,infeasible,545d8ca624cc
17,0.06,-10%,rolling,reset,model,13,9478.729293581466,9140.819737445918,13970979.86600184,,,infeasible,545d8ca624cc
17,0.06,-10%,rolling,reset,model,14,8530.85636422332,8226.737764010022,12993820.849279245,,,infeasible,545d8ca624cc
17,0.06,-10%,rolling,reset,model,15,7677.770727800987,7404.063986864557,12630908.717958704,,,infeasible,545d8ca624cc
17,0.06,-20%,rolling,reset,model,1,20030.911374336705,20030.911374336705,19891203.9998456,19891203.9998456,0.0,optimal,545d8ca624cc
17,0.06,-20%,rolling,reset,model,2,16024.729099469365,16012.810145413468,17184573.730244953,17184573.730244953,0.0,optimal,545d8ca624cc
17,0.06,-20%,rolling,reset,model,3,12819.783279575491,12784.060719854671,15477472.448583582,15477472.448583582,0.0,optimal,545d8ca624cc
17,0.06,-20%,rolling,reset,model,4,10255.826623660392,10209.700049836094,14098342.69627592,14098342.69627592,0.0,optimal,545d8ca624cc
17,0.06,-20%,rolling,reset,model,5,8204.661298928317,8167.760041547605,12778130.578566702,12778130.5785667,1.862645149230957e-09,optimal,545d8ca624cc
17,0.06,-20%,rolling,reset,model,6,6563.729039142653,6534.208034317291,11964214.399730958,11964214.399730958,0.0,optimal,545d8ca624cc
17,0.06,-20%,rolling,reset,model,7,5946.167148104659,5946.167148104657,12819930.27901255,12819930.27901255,0.0,optimal,545d8ca624cc
17,0.06,-20%,rolling,reset,model,8,8633.165593459778,8633.165593459778,15184715.132734232,15184715.132734232,0.0,optimal,545d8ca624cc
17,0.06,-20%,rolling,reset,model,9,10405.40304214503,10364.051526796758,15759977.315626537,15759977.315626537,0.0,optimal,545d8ca624cc
17,0.06,-20%,rolling,reset,model,10,8328.439269441693,8291.241224491128,13983935.399901021,13983935.399901021,0.0,optimal,545d8ca624cc
17,0.06,-20%,rolling,reset,model,11,8514.682608495605,9252.230011476682,14194392.312138967,13986689.141971068,207703.17016789876,suboptimal,545d8ca624cc
17,0.06,-20%,rolling,reset,model,12,9449.09556672368,9094.054922209041,13224445.937383888,,,infeasible,545d8ca624cc
17,0.06,-20%,rolling,reset,model,13,7559.276453378942,7285.405120712234,11778238.213497099,,,infeasible,545d8ca624cc
17,0.06,-20%,rolling,reset,model,14,6047.421162703154,5845.253460531378,11399746.957797663,,,infeasible,545d8ca624cc
17,0.06,-20%,rolling,reset,model,15,7612.711674904281,6659.363920712841,12729768.200998245,,,infeasible,545d8ca624cc
17,0.06,+/-10%,rolling,reset,model,1,16175.874022819273,16175.874022819273,18060217.897547785,18060217.89754778,3.725290298461914e-09,optimal,545d8ca624cc
17,0.06,+/-10%,rolling,reset,model,2,14558.286620537343,14514.194205058968,17433041.994428057,17433041.99442806,-3.725290298461914e-09,optimal,545d8ca624cc
17,0.06,+/-10%,rolling,reset,model,3,13102.45795848361,13011.797097540117,17147321.389595885,17147321.389595885,0.0,optimal,545d8ca624cc
17,0.06,+/-10%,rolling,reset,model,4,11792.212162635247,11700.55281410872,16656895.373429729,16656895.373429729,0.0,optimal,545d8ca624cc
17,0.06,+/-10%,rolling,reset,model,5,10612.990946371723,10507.019695132814,15817548.351107333,15817548.351107333,0.0,optimal,545d8ca624cc
17,0.06,+/-10%,rolling,reset,model,6,9551.691851734555,9456.317724735012,14157521.100620778,14157521.100620778,0.0,optimal,545d8ca624cc
17,0.06,+/-10%,rolling,reset,model,7,8596.522666561097,8510.685953896764,13125736.10639783,13125736.106397836,-5.587935447692871e-09,optimal,545d8ca624cc
17,0.06,+/-10%,rolling,reset,model,8,7736.870399904987,7683.336068674849,12591329.892670698,12591329.892670697,1.862645149230957e-09,optimal,545d8ca624cc
17,0.06,+/-10%,rolling,reset,model,9,6963.183359914489,6915.002459905279,12279145.193642348,12279145.193642348,0.0,optimal,545d8ca624cc
17,0.06,+/-10%,rolling,reset,model,10,6266.86502392304,6560.396011050324,12458569.578614153,12138710.078445632,319859.50016852096,suboptimal,545d8ca624cc
17,0.06,+/-10%,rolling,reset,model,11,6893.551526315345,7216.435610650195,13251929.706891045,12943688.930131245,308240.77675979957,suboptimal,545d8ca624cc
17,0.06,+/-10%,rolling,reset,model,12,7582.90667894688,10427.041664426624,15683046.257240016,14053259.81122253,1629786.446017485,suboptimal,545d8ca624cc
17,0.06,+/-10%,rolling,reset,model,13,8341.197346841567,9375.989962751057,14195411.021883966,13871562.09082472,323848.9310592469,suboptimal,545d8ca624cc
17,0.06,+/-10%,rolling,reset,model,14,9175.317081525725,8438.390965216053,13107999.509571634,,,infeasible,545d8ca624cc
17,0.06,+/-10%,rolling,reset,model,15,10092.848789678295,7422.003308922326,12579419.078516284,,,infeasible,545d8ca624cc
17,0.06,+/-20%,rolling,reset,model,1,20040.02301014738,20040.02301014738,19886906.39963871,19886906.39963871,0.0,optimal,545d8ca624cc
17,0.06,+/-20%,rolling,reset,model,2,16032.018408117905,16014.204668828392,17272203.4542395,17272203.454239495,3.725290298461914e-09,optimal,545d8ca624cc
17,0.06,+/-20%,rolling,reset,model,3,12825.614726494325,12792.827168540261,15475372.782029616,15475372.782029616,0.0,optimal,545d8ca624cc
17,0.06,+/-20%,rolling,reset,model,4,10260.491781195462,10217.14977946765,14125717.393421113,14125717.393421113,0.0,optimal,545d8ca624cc
17,0.06,+/-20%,rolling,reset,model,5,8208.393424956368,8173.719822264787,12809434.318267446,12809434.318267444,1.862645149230957e-09,optimal,545d8ca624cc
17,0.06,+/-20%,rolling,reset,model,6,6566.714739965098,6538.975858935582,12013543.706655232,12013543.706655232,0.0,optimal,545d8ca624cc
17,0.06,+/-20%,rolling,reset,model,7,6602.123929352122,6602.123928818247,12902797.926815895,12902797.926815651,2.4400651454925537e-07,optimal,545d8ca624cc
17,0.06,+/-20%,rolling,reset,model,8,7922.548715222548,7922.548716413829,14529838.92356991,14529838.92356991,0.0,optimal,545d8ca624cc
17,0.06,+/-20%,rolling,reset,model,9,9507.058458267056,9507.058457341413,15457442.628785064,15457442.628785064,0.0,optimal,545d8ca624cc
17,0.06,+/-20%,rolling,reset,model,10,9275.055022919465,9094.511290228318,14588501.226052234,,,infeasible,545d8ca624cc
17,0.06,+/-20%,rolling,reset,model,11,8521.071535885567,9357.291548025585,14218218.164296437,13992517.050764227,225701.11353220977,suboptimal,545d8ca624cc
17,0.06,+/-20%,rolling,reset,model,12,9480.176509542564,9088.811161072656,13114598.745929424,,,infeasible,545d8ca624cc
17,0.06,+/-20%,rolling,reset,model,13,7584.14120763405,7348.2190979418165,11589265.483013468,,,infeasible,545d8ca624cc
17,0.06,+/-20%,rolling,reset,model,14,6067.312966107241,5878.575276180431,10984649.213973932,,,infeasible,545d8ca624cc
17,0.06,+/-20%,rolling,reset,model,15,7280.775559328688,5630.164641577396,11945465.394082492,,,infeasible,545d8ca624cc
18,0.0,NHF,rolling,reset,model,1,4119.843269546666,4119.843269546666,225614277.2210346,225614277.2210346,0.0,optimal,545d8ca624cc
18,0.0,NHF,rolling,reset,model,2,1947.4961390449998,594.7435427733333,235211028.26893398,235161371.24718818,49657.02174580097,suboptimal,545d8ca624cc
18,0.0,NHF,rolling,reset,model,3,6493.464945381249,632.04771955,247731768.53064546,247433967.04521877,297801.48542669415,suboptimal,545d8ca624cc
18,0.0,NHF,rolling,reset,model,4,6369.97274246,9864.234215460912,259657255.3992199,252943579.0880967,6713676.311123192,suboptimal,545d8ca624cc
18,0.0,NHF,rolling,reset,model,5,25189.508232820837,15658.588884682196,259224335.5773064,259224335.5773064,0.0,optimal,545d8ca624cc
18,0.0,NHF,rolling,reset,model,6,10364.952210330866,8695.229265149395,249450953.985413,249450953.985413,0.0,optimal,545d8ca624cc
18,0.0,NHF,rolling,reset,model,7,21638.736044664605,12162.824888742402,248162158.3865851,248162158.3865851,0.0,optimal,545d8ca624cc
18,0.0,NHF,rolling,reset,model,8,9820.07581897573,10144.26496433917,241954846.00599852,241946142.79160735,8703.214391171932,suboptimal,545d8ca624cc
18,0.0,NHF,rolling,reset,model,9,4723.404719984405,11922.197553578339,238721781.88085178,237189241.05225495,1532540.8285968304,suboptimal,545d8ca624cc
18,0.0,NHF,rolling,reset,model,10,397.91432245,7872.57609084956,233815918.30943325,226810522.69115046,7005395.618282795,suboptimal,545d8ca624cc
18,0.0,NHF,rolling,reset,model,11,621.0751926199999,7480.943262516168,233644211.9867469,225171154.0286471,8473057.958099812,suboptimal,545d8ca624cc
18,0.0,NHF,rolling,reset,model,12,1812.055749915,10922.096549263282,234478720.2729741,228541841.84889853,5936878.424075574,suboptimal,545d8ca624cc
18,0.0,NHF,rolling,reset,model,13,2150.0666923025,8575.795014478284,231072985.14047825,228722264.37800643,2350720.762471825,suboptimal,545d8ca624cc
18,0.0,NHF,rolling,reset,model,14,5551.021046263864,8260.974739474297,230663209.9380652,230560982.60236672,102227.33569848537,suboptimal,545d8ca624cc
18,0.0,NHF,rolling,reset,model,15,72241.6545657805,4325.113803908283,231543792.3714812,,,infeasible,545d8ca624cc
18,0.0,NDY,rolling,reset,model,1,9909.034791064041,9909.034791064041,188404774.88169065,188404774.88169062,2.9802322387695312e-08,optimal,545d8ca624cc
18,0.0,NDY,rolling,reset,model,2,9909.034791064032,9909.034791064036,193164498.39949602,193164498.39949602,0.0,optimal,545d8ca624cc
18,0.0,NDY,rolling,reset,model,3,9909.034791064038,9909.034791064036,196717756.06910464,196717756.06910467,-2.9802322387695312e-08,optimal,545d8ca624cc
18,0.0,NDY,rolling,reset,model,4,9909.034791064043,9909.034791064034,199091735.09224463,199091735.09224468,-5.960464477539063e-08,optimal,545d8ca624cc
18,0.0,NDY,rolling,reset,model,5,9909.034791064047,9909.034791064041,199364134.31857026,199364134.31857023,2.9802322387695312e-08,optimal,545d8ca624cc
18,0.0,NDY,rolling,reset,model,6,9909.034791064028,9568.970273364845,197498959.22078377,197479742.32348904,19216.897294729948,suboptimal,545d8ca624cc
18,0.0,NDY,rolling,reset,model,7,9909.034791064028,8908.407302515132,196196513.211408,195950162.34992138,246350.86148661375,suboptimal,545d8ca624cc
18,0.0,NDY,rolling,reset,model,8,9909.034791064027,9089.903264921712,195969635.27339783,195834588.06602323,135047.20737460256,suboptimal,545d8ca624cc
18,0.0,NDY,rolling,reset,model,9,9909.034791064032,8903.069357234128,196134189.86403638,195902224.31131056,231965.55272582173,suboptimal,545d8ca624cc
18,0.0,NDY,rolling,reset,model,10,9909.03479106404,8915.156233642787,196417743.03945744,196159790.37321118,257952.66624626517,suboptimal,545d8ca624cc
18,0.0,NDY,rolling,reset,model,11,9909.034791064045,8874.19564305885,196492934.49155748,196209338.88187876,283595.60967871547,suboptimal,545d8ca624cc
18,0.0,NDY,rolling,reset,model,12,9909.034791064047,8806.68235408447,196276438.29396838,195794705.99261856,481732.3013498187,suboptimal,545d8ca624cc
18,0.0,NDY,rolling,reset,model,13,9909.034791064047,8845.252613808427,196071088.6663624,195688367.24170247,382721.4246599376,suboptimal,545d8ca624cc
18,0.0,NDY,rolling,reset,model,14,9909.03479106403,8721.31850141584,195738347.60115203,195150301.74428013,588045.856871903,suboptimal,545d8ca624cc
18,0.0,NDY,rolling,reset,model,15,9909.034791064038,8908.321659838512,196525334.1747468,196224114.06190413,301220.112842679,suboptimal,545d8ca624cc
18,0.0,-10%,rolling,reset,model,1,3888.788913341188,3888.788913341188,202906897.90298107,202906897.90298107,0.0,optimal,545d8ca624cc
18,0.0,-10%,rolling,reset,model,2,3499.9100220070695,3892.196503277727,211495864.4273355,211491770.58466986,4093.8426656425,suboptimal,545d8ca624cc
18,0.0,-10%,rolling,reset,model,3,3149.9190198063634,3740.794745152285,219637789.6844983,219635230.75557858,2558.9289197325706,suboptimal,545d8ca624cc
18,0.0,-10%,rolling,reset,model,4,15933.089058955728,14822.885709231185,227729093.5984051,227715263.83844227,13829.759962826967,suboptimal,545d8ca624cc
18,0.0,-10%,rolling,reset,model,5,14339.780153060152,14493.835538840935,221455162.90325338,221455103.96408534,58.93916803598404,optimal,545d8ca624cc
18,0.0,-10%,rolling,reset,model,6,12905.802137754134,13125.027025228665,213896540.8601893,213896411.5295573,129.33063200116158,optimal,545d8ca624cc
18,0.0,-10%,rolling,reset,model,7,11615.221923978723,11838.284434300842,208491473.70836794,208488861.260762,2612.4476059377193,suboptimal,545d8ca624cc
18,0.0,-10%,rolling,reset,model,8,10453.699731580855,10761.739417802002,204844314.25063977,204842194.3378529,2119.912786871195,suboptimal,545d8ca624cc
18,0.0,-10%,rolling,reset,model,9,9408.329758422766,10032.546538669749,202761849.61937878,202757180.05378813,4669.565590649843,suboptimal,545d8ca624cc
18,0.0,-10%,rolling,reset,model,10,9902.636309037214,9126.737479163228,201526494.6149496,201437577.71181458,88916.90313503146,suboptimal,545d8ca624cc
18,0.0,-10%,rolling,reset,model,11,15102.933685511407,8514.846812115571,201416135.49391425,,,infeasible,545d8ca624cc
18,0.0,-10%,rolling,reset,model,12,13592.640316960269,7657.725564870316,202175529.89630497,192596144.63754785,9579385.258757114,suboptimal,545d8ca624cc
18,0.0,-10%,rolling,reset,model,13,12233.37628526424,6020.3291445034665,203532877.70617905,200012450.29021436,3520427.415964693,suboptimal,545d8ca624cc
18,0.0,-10%,rolling,reset,model,14,11010.038656737815,5249.957648496569,207243163.41916606,205958869.02190414,1284294.3972619176,suboptimal,545d8ca624cc
18,0.0,-10%,rolling,reset,model,15,9909.034791064034,6145.359854155386,211831765.4155637,211642522.6116992,189242.80386450887,suboptimal,545d8ca624cc
18,0.0,-20%,rolling,reset,model,1,4490.31753537219,4490.31753537219,205158694.74320173,205158694.74320173,0.0,optimal,545d8ca624cc
18,0.0,-20%,rolling,reset,model,2,3592.2540282977516,1204.677754345,213272457.5983396,213259878.1284597,12579.469879895449,suboptimal,545d8ca624cc
18,0.0,-20%,rolling,reset,model,3,3128.52497984,3317.5692579899996,223892392.41281807,223891874.84582314,517.5669949352741,suboptimal,545d8ca624cc
18,0.0,-20%,rolling,reset,model,4,16177.646381454397,16284.511956740864,232447455.98072374,232447455.9807237,2.9802322387695312e-08,optimal,545d8ca624cc
18,0.0,-20%,rolling,reset,model,5,16032.611491401722,17957.392064134674,225232498.1769367,225170514.94681674,61983.23011994362,suboptimal,545d8ca624cc
18,0.0,-20%,rolling,reset,model,6,12826.089193121377,11906.775232050033,213074103.2540452,213070772.6122362,3330.641808986664,suboptimal,545d8ca624cc
18,0.0,-20%,rolling,reset,model,7,10260.871354497103,11406.287143380458,209781647.92790708,209774018.37753808,7629.550368994474,suboptimal,545d8ca624cc
18,0.0,-20%,rolling,reset,model,8,8208.697083597684,9143.57562492126,206395844.36385676,206365135.47495288,30708.88890388608,suboptimal,545d8ca624cc
18,0.0,-20%,rolling,reset,model,9,6566.957666878148,10154.069102132458,206423907.30971497,206285074.06101587,138833.24869909883,suboptimal,545d8ca624cc
18,0.0,-20%,rolling,reset,model,10,7456.511229042734,9150.603097880965,204639242.8899524,204622233.5030844,17009.38686800003,suboptimal,545d8ca624cc
18,0.0,-20%,rolling,reset,model,11,12717.917667203921,9861.329200073567,204274437.27502868,203664162.81124136,610274.4637873173,suboptimal,545d8ca624cc
18,0.0,-20%,rolling,reset,model,12,19353.58357629694,7910.804325243862,203116473.69828147,,,infeasible,545d8ca624cc
18,0.0,-20%,rolling,reset,model,13,15482.866861037553,7113.268525900814,203944503.19614226,199468229.05149725,4476274.144645005,suboptimal,545d8ca624cc
18,0.0,-20%,rolling,reset,model,14,12386.293488830042,2855.9606728258336,206415120.62840527,205320951.24020565,1094169.3881996274,suboptimal,545d8ca624cc
18,0.0,-20%,rolling,reset,model,15,9909.034791064036,2840.82660694,214188759.24606165,214083403.93737912,105355.30868253112,suboptimal,545d8ca624cc
18,0.0,+/-10%,rolling,reset,model,1,6671.32399963431,6671.32399963431,201909478.05602518,201909478.0560252,-2.9802322387695312e-08,optimal,545d8ca624cc
18,0.0,+/-10%,rolling,reset,model,2,7338.456399597742,7411.861620481417,208127732.33814725,208127730.64624983,1.6918974220752716,optimal,545d8ca624cc
18,0.0,+/-10%,rolling,reset,model,3,8072.302039557514,8382.317193813651,212588345.72926748,212555790.97824726,32554.751020222902,suboptimal,545d8ca624cc
18,0.0,+/-10%,rolling,reset,model,4,8879.532243513271,9588.108418058066,215311769.75649667,215251245.52171078,60524.23478588462,suboptimal,545d8ca624cc
18,0.0,+/-10%,rolling,reset,model,5,9767.485467864597,12258.77255916366,214960612.14678484,214881462.1838519,79149.9629329443,suboptimal,545d8ca624cc
18,0.0,+/-10%,rolling,reset,model,6,10744.234014651058,11598.140948684013,210063949.17407352,210049497.61782542,14451.556248098612,suboptimal,545d8ca624cc
18,0.0,+/-10%,rolling,reset,model,7,11617.544904108887,11072.2047936188,207299918.11634183,207194538.75957683,105379.35676500201,suboptimal,545d8ca624cc
18,0.0,+/-10%,rolling,reset,model,8,10455.790413698005,10162.536255756791,204672598.42253065,204645279.97771657,27318.44481408596,suboptimal,545d8ca624cc
18,0.0,+/-10%,rolling,reset,model,9,11501.369455067805,9282.89031884857,203685786.09041712,202065666.42861497,1620119.6618021429,suboptimal,545d8ca624cc
18,0.0,+/-10%,rolling,reset,model,10,12651.506400574583,7700.171230021564,203218715.72213927,198980994.46365258,4237721.258486688,suboptimal,545d8ca624cc
18,0.0,+/-10%,rolling,reset,model,11,13916.65704063204,8727.19387770244,205001207.46414757,196718703.17758957,8282504.286558002,suboptimal,545d8ca624cc
18,0.0,+/-10%,rolling,reset,model,12,13592.640316960269,8182.504233636654,205451111.55524266,198913493.56227592,6537617.992966741,suboptimal,545d8ca624cc
18,0.0,+/-10%,rolling,reset,model,13,12233.376285264241,7223.129390686867,205981987.11006108,203346852.2689711,2635134.8410899937,suboptimal,545d8ca624cc
18,0.0,+/-10%,rolling,reset,model,14,11010.038656737814,6887.944835537667,207732701.450089,207246449.61830395,486251.831785053,suboptimal,545d8ca624cc
18,0.0,+/-10%,rolling,reset,model,15,9909.034791064036,7963.920133896277,210443987.37351665,210407784.63401008,36202.739506572485,suboptimal,545d8ca624cc
18,0.0,+/-20%,rolling,reset,model,1,5338.42396545838,5338.42396545838,204056945.37212253,204056945.37212253,0.0,optimal,545d8ca624cc
18,0.0,+/-20%,rolling,reset,model,2,6406.108758550055,6475.1869689038795,211562642.08950767,211561703.28409952,938.8054081499577,suboptimal,545d8ca624cc
18,0.0,+/-20%,rolling,reset,model,3,7687.330510260068,7928.652669675726,217102821.08929247,217083958.1494041,18862.939888358116,suboptimal,545d8ca624cc
18,0.0,+/-20%,rolling,reset,model,4,9224.796612312082,10650.223739406783,220786207.6384521,220709752.93026444,76454.70818766952,suboptimal,545d8ca624cc
18,0.0,+/-20%,rolling,reset,model,5,11069.755934774486,14999.290883015901,219675323.4826276,219565246.13358465,110077.34904295206,suboptimal,545d8ca624cc
18,0.0,+/-20%,rolling,reset,model,6,13283.7071217294,12391.399174178016,210633576.57354566,210630777.09136805,2799.4821776151657,suboptimal,545d8ca624cc
18,0.0,+/-20%,rolling,reset,model,7,10626.965697383503,10953.680263665154,206395729.71572232,206394524.9874557,1204.7282666265965,suboptimal,545d8ca624cc
18,0.0,+/-20%,rolling,reset,model,8,8501.572557906798,9547.963374178596,203669052.9241593,203643460.26721743,25592.656941860914,suboptimal,545d8ca624cc
18,0.0,+/-20%,rolling,reset,model,9,9163.717048746876,8259.296366102459,203407939.28888053,203400826.76499453,7112.52388599515,suboptimal,545d8ca624cc
18,0.0,+/-20%,rolling,reset,model,10,10996.460458496245,8600.514750088585,204625504.95675528,204574078.85408336,51426.10267192125,suboptimal,545d8ca624cc
18,0.0,+/-20%,rolling,reset,model,11,13195.752550195491,9587.993132584623,205348821.50363582,203489730.4184743,1859091.085161537,suboptimal,545d8ca624cc
18,0.0,+/-20%,rolling,reset,model,12,15834.903060234596,7438.116903207149,204396107.88127938,197589081.25363252,6807026.627646863,suboptimal,545d8ca624cc
18,0.0,+/-20%,rolling,reset,model,13,15482.866861037555,6599.12447563509,205865399.07688513,201139176.8476995,4726222.229185641,suboptimal,545d8ca624cc
18,0.0,+/-20%,rolling,reset,model,14,12386.293488830052,5947.963898872063,208699159.28857696,208099857.02397406,599302.2646028996,suboptimal,545d8ca624cc
18,0.0,+/-20%,rolling,reset,model,15,9909.034791064032,7226.28978033269,212906650.49830654,212880376.0590125,26274.439294040203,suboptimal,545d8ca624cc
18,0.02,NHF,rolling,reset,model,1,34510.48457841458,34510.48457841458,55797872.201663256,55797872.201663256,0.0,optimal,545d8ca624cc
18,0.02,NHF,rolling,reset,model,2,4481.517381400792,5191.165325941133,37836864.16651178,37834736.43877496,2127.727736823261,suboptimal,545d8ca624cc
18,0.02,NHF,rolling,reset,model,3,6280.1243806878965,5565.502609038222,41739555.09826719,41736938.64566991,2616.452597282827,suboptimal,545d8ca624cc
18,0.02,NHF,rolling,reset,model,4,2750.2447059195174,4469.319734009477,45355263.821762525,45333355.788290516,21908.033472009003,suboptimal,545d8ca624cc
18,0.02,NHF,rolling,reset,model,5,13985.94460835872,11856.301349367299,50523748.74219281,,,infeasible,545d8ca624cc
18,0.02,NHF,rolling,reset,model,6,4685.17800332706,4685.17800332706,45874443.59827077,45874443.59827077,0.0,optimal,545d8ca624cc
18,0.02,NHF,rolling,reset,model,7,10954.28253399782,10954.28253399782,50227634.95816372,50227634.95816372,0.0,optimal,545d8ca624cc
18,0.02,NHF,rolling,reset,model,8,8667.07180346944,8667.07180346944,47916771.70858679,47916771.70858679,0.0,optimal,545d8ca624cc
18,0.02,NHF,rolling,reset,model,9,13360.46174027014,13323.760497619383,46770281.70189477,46770281.70189477,0.0,optimal,545d8ca624cc
18,0.02,NHF,rolling,reset,model,10,4049.501428212107,4576.77065961905,39692742.997115366,39662844.656651795,29898.34046357125,suboptimal,545d8ca624cc
18,0.02,NHF,rolling,reset,model,11,4611.550604460496,6906.865922886917,43648905.85874985,43487160.53654558,161745.32220426947,suboptimal,545d8ca624cc
18,0.02,NHF,rolling,reset,model,12,4873.7625522712615,3431.1033754959967,44495659.05515158,,,infeasible,545d8ca624cc
18,0.02,NHF,rolling,reset,model,13,13498.835879439324,15427.83024262851,49881286.718265295,49777775.561234914,103511.15703038126,suboptimal,545d8ca624cc
18,0.02,NHF,rolling,reset,model,14,8113.150776221791,3889.5271414338386,40980123.12254944,,,infeasible,545d8ca624cc
18,0.02,NHF,rolling,reset,model,15,9035.319260301598,7397.60266844319,45683898.713350244,,,infeasible,545d8ca624cc
18,0.02,NDY,rolling,reset,model,1,9909.034791064047,9909.034791064047,49634844.359185584,49634844.359185494,8.940696716308594e-08,optimal,545d8ca624cc
18,0.02,NDY,rolling,reset,model,2,9909.034791064047,9909.034791064038,51340818.08297616,51340818.0829762,-3.725290298461914e-08,optimal,545d8ca624cc
18,0.02,NDY,rolling,reset,model,3,9909.034791064045,9909.034791064036,53588399.023232974,53588399.023232974,0.0,optimal,545d8ca624cc
18,0.02,NDY,rolling,reset,model,4,9909.034791064,9909.034791064043,55635597.880830765,55635597.88083074,2.2351741790771484e-08,optimal,545d8ca624cc
18,0.02,NDY,rolling,reset,model,5,9909.034791064041,9898.15516658309,56542882.18076482,56542882.18076482,0.0,optimal,545d8ca624cc
18,0.02,NDY,rolling,reset,model,6,9909.03479106404,9793.587573908982,55880541.35603861,,,infeasible,545d8ca624cc
18,0.02,NDY,rolling,reset,model,7,9909.03479106404,9690.268436648277,55416445.65644001,,,infeasible,545d8ca624cc
18,0.02,NDY,rolling,reset,model,8,9909.034791064063,9599.980667242107,54892574.05442632,,,infeasible,545d8ca624cc
18,0.02,NDY,rolling,reset,model,9,9909.03479106402,9518.982834345292,54761591.68251165,,,infeasible,545d8ca624cc
18,0.02,NDY,rolling,reset,model,10,9909.034791064041,9440.836703932233,54354752.00799111,,,infeasible,545d8ca624cc
18,0.02,NDY,rolling,reset,model,11,9909.03479106405,9370.516361699467,53663753.085135624,,,infeasible,545d8ca624cc
18,0.02,NDY,rolling,reset,model,12,9909.034791064045,9289.271738758922,53258807.87037255,,,infeasible,545d8ca624cc
18,0.02,NDY,rolling,reset,model,13,9909.034791064018,9212.778093397526,52667802.01757776,,,infeasible,545d8ca624cc
18,0.02,NDY,rolling,reset,model,14,9909.034791064038,9146.894911171587,52122858.993661426,,,infeasible,545d8ca624cc
18,0.02,NDY,rolling,reset,model,15,9909.034791064041,9083.224892337337,52002786.55692397,,,infeasible,545d8ca624cc
18,0.02,-10%,rolling,reset,model,1,15445.975013380026,15445.975013380026,55123656.973344654,55123656.973344654,0.0,optimal,545d8ca624cc
18,0.02,-10%,rolling,reset,model,2,13901.377512042025,13893.941833870469,54090024.99147707,54090024.99147707,0.0,optimal,545d8ca624cc
18,0.02,-10%,rolling,reset,model,3,12511.23976083782,12496.197280632075,52226406.55181229,52226406.55181229,0.0,optimal,545d8ca624cc
18,0.02,-10%,rolling,reset,model,4,11260.115784754042,11230.106176705063,50782490.49367441,50782490.49367441,0.0,optimal,545d8ca624cc
18,0.02,-10%,rolling,reset,model,5,10134.104206278635,10104.948358105255,49108756.909999125,49108756.909999125,0.0,optimal,545d8ca624cc
18,0.02,-10%,rolling,reset,model,6,9120.69378565077,9094.45541213906,46927255.50574852,46927255.50574852,0.0,optimal,545d8ca624cc
18,0.02,-10%,rolling,reset,model,7,8208.624407085696,8185.005857746891,45432645.13906467,45432645.13906467,0.0,optimal,545d8ca624cc
18,0.02,-10%,rolling,reset,model,8,8291.651896083235,8390.577072156773,45467013.07645084,45465913.46088194,1099.6155688986182,suboptimal,545d8ca624cc
18,0.02,-10%,rolling,reset,model,9,7462.4867064749105,7551.519363477773,44521837.723811544,44521140.7255236,696.9982879459858,suboptimal,545d8ca624cc
18,0.02,-10%,rolling,reset,model,10,6716.23803582742,6796.367430314082,44652960.383778006,44652271.094516225,689.2892617806792,suboptimal,545d8ca624cc
18,0.02,-10%,rolling,reset,model,11,6044.614232244677,7679.114760167366,45956840.58129689,45835888.589411825,120951.99188506603,suboptimal,545d8ca624cc
18,0.02,-10%,rolling,reset,model,12,8520.865122080104,7388.807206567053,46336390.0839851,,,infeasible,545d8ca624cc
18,0.02,-10%,rolling,reset,model,13,9874.64478464107,9650.38178299624,47325863.76253266,,,infeasible,545d8ca624cc
18,0.02,-10%,rolling,reset,model,14,11010.038656737817,8680.778619406246,45654078.80158925,,,infeasible,545d8ca624cc
18,0.02,-10%,rolling,reset,model,15,9909.034791064038,7814.572052969427,44803114.30084174,,,infeasible,545d8ca624cc
18,0.02,-20%,rolling,reset,model,1,18908.65790858818,18908.65790858818,55448006.16931979,55448006.16931979,0.0,optimal,545d8ca624cc
18,0.02,-20%,rolling,reset,model,2,15126.926326870545,15119.07213481248,51190112.601749256,51190112.601749256,0.0,optimal,545d8ca624cc
18,0.02,-20%,rolling,reset,model,3,12101.541061496437,12082.938418169997,47858302.54146285,47858302.54146285,0.0,optimal,545d8ca624cc
18,0.02,-20%,rolling,reset,model,4,9681.23284919715,9660.478170157843,45991411.82819134,45991411.82819134,0.0,optimal,545d8ca624cc
18,0.02,-20%,rolling,reset,model,5,7744.9862793577195,7730.862781134421,45070902.97390725,45070902.97390725,0.0,optimal,545d8ca624cc
18,0.02,-20%,rolling,reset,model,6,6195.989023486177,6184.690226099561,45187460.35069703,45187460.35069703,0.0,optimal,545d8ca624cc
18,0.02,-20%,rolling,reset,model,7,8446.423797180172,8446.423797830841,47109762.06574178,47109762.06574178,0.0,optimal,545d8ca624cc
18,0.02,-20%,rolling,reset,model,8,9024.482113748067,9228.099988483793,47212482.579645745,47204596.53621275,7886.043432995677,suboptimal,545d8ca624cc
18,0.02,-20%,rolling,reset,model,9,7219.585690998454,7382.479988742735,45436636.49752691,45432480.40788621,4156.089640699327,suboptimal,545d8ca624cc
18,0.02,-20%,rolling,reset,model,10,8011.1444888255955,8362.91757666708,46036508.34253204,46019731.09292244,16777.249609597027,suboptimal,545d8ca624cc
18,0.02,-20%,rolling,reset,model,11,8143.872284579773,8294.316268408955,45689085.68664111,45684343.58110909,4742.10553202033,suboptimal,545d8ca624cc
18,0.02,-20%,rolling,reset,model,12,8019.911733886743,7872.279983855562,45256309.362535655,,,infeasible,545d8ca624cc
18,0.02,-20%,rolling,reset,model,13,8230.60486534281,9226.834047749338,45352805.68197602,45298637.067486405,54168.61448961496,suboptimal,545d8ca624cc
18,0.02,-20%,rolling,reset,model,14,9920.160170233183,7381.467236778074,43620883.97127049,,,infeasible,545d8ca624cc
18,0.02,-20%,rolling,reset,model,15,9677.592496791878,7711.978162599354,44178316.71672011,,,infeasible,545d8ca624cc
18,0.02,+/-10%,rolling,reset,model,1,15470.449511506706,15470.449511506706,55113141.36371088,55113141.36371088,0.0,optimal,545d8ca624cc
18,0.02,+/-10%,rolling,reset,model,2,13923.404560356039,13910.535598465036,54099486.84314919,54099486.84314919,0.0,optimal,545d8ca624cc
18,0.02,+/-10%,rolling,reset,model,3,12531.06410432043,12513.017791681134,52187547.27820965,52187547.27820965,0.0,optimal,545d8ca624cc
18,0.02,+/-10%,rolling,reset,model,4,11277.957693888393,11246.449914361723,50708061.601975694,50708061.601975694,0.0,optimal,545d8ca624cc
18,0.02,+/-10%,rolling,reset,model,5,10150.16192449955,10120.248423430869,49009027.45752745,49009027.45752745,0.0,optimal,545d8ca624cc
18,0.02,+/-10%,rolling,reset,model,6,9135.145732049596,9108.223577640234,46807529.645769335,46807529.64576418,5.155801773071289e-06,optimal,545d8ca624cc
18,0.02,+/-10%,rolling,reset,model,7,8221.631158844637,8197.401217706352,45217796.498034,45217796.498034,0.0,optimal,545d8ca624cc
18,0.02,+/-10%,rolling,reset,model,8,7811.351235121099,8137.287100188592,45234336.217720725,45222816.067586444,11520.150134280324,suboptimal,545d8ca624cc
18,0.02,+/-10%,rolling,reset,model,9,7030.216111608986,7323.558392373044,44560777.60152761,44550196.880185574,10580.721342034638,suboptimal,545d8ca624cc
18,0.02,+/-10%,rolling,reset,model,10,6961.112466006303,7055.660817631654,44991908.83474527,44990872.280173674,1036.5545715987682,suboptimal,545d8ca624cc
18,0.02,+/-10%,rolling,reset,model,11,7657.223712606933,7485.341019114068,46010546.942231044,46008146.58235257,2400.359878472984,suboptimal,545d8ca624cc
18,0.02,+/-10%,rolling,reset,model,12,8422.94608386763,8233.87511945924,46696309.39821778,,,infeasible,545d8ca624cc
18,0.02,+/-10%,rolling,reset,model,13,9265.240692254394,9301.379188906123,46617263.69368113,46617263.69368113,0.0,optimal,545d8ca624cc
18,0.02,+/-10%,rolling,reset,model,14,10191.76476147983,8369.581693730359,45061731.771263845,,,infeasible,545d8ca624cc
18,0.02,+/-10%,rolling,reset,model,15,9909.034791064038,7303.54049877456,44613884.00915135,,,infeasible,545d8ca624cc
18,0.02,+/-20%,rolling,reset,model,1,18840.661336844645,18840.661336844645,55434657.99832528,55434657.99832528,0.0,optimal,545d8ca624cc
18,0.02,+/-20%,rolling,reset,model,2,15072.529069475717,14931.849901952553,51201608.98383588,51201608.98383588,0.0,optimal,545d8ca624cc
18,0.02,+/-20%,rolling,reset,model,3,12058.023255580576,11887.718918627408,48101231.85802895,48100497.23748659,734.6205423548818,suboptimal,545d8ca624cc
18,0.02,+/-20%,rolling,reset,model,4,9646.41860446446,9486.507015095798,46464440.66191235,46464335.90666366,104.75524868816137,suboptimal,545d8ca624cc
18,0.02,+/-20%,rolling,reset,model,5,7717.134883571567,8277.960755802056,45848398.44210684,45812470.01825571,35928.42385113239,suboptimal,545d8ca624cc
18,0.02,+/-20%,rolling,reset,model,6,6622.690863949168,6622.690866887538,45430479.53279053,45430479.53279053,0.0,optimal,545d8ca624cc
18,0.02,+/-20%,rolling,reset,model,7,7947.229036739001,7947.229035924758,46804931.972411506,46804931.972411506,0.0,optimal,545d8ca624cc
18,0.02,+/-20%,rolling,reset,model,8,9536.6748440868,9536.674842600289,47470769.767648175,47470769.767648175,0.0,optimal,545d8ca624cc
18,0.02,+/-20%,rolling,reset,model,9,7629.339875269439,7629.339874121006,45367882.56614506,45367882.56614506,0.0,optimal,545d8ca624cc
18,0.02,+/-20%,rolling,reset,model,10,7473.323026093208,8122.6974807322185,45619091.414107166,45588152.37034531,30939.043761856854,suboptimal,545d8ca624cc
18,0.02,+/-20%,rolling,reset,model,11,7860.633873793435,7835.655846175675,45478837.77815332,45478837.778153315,7.450580596923828e-09,optimal,545d8ca624cc
18,0.02,+/-20%,rolling,reset,model,12,8415.79247485761,7820.379195299858,45623754.675081715,,,infeasible,545d8ca624cc
18,0.02,+/-20%,rolling,reset,model,13,8097.366693171112,9557.64590355108,45777714.78744253,45695923.404052,81791.38339053094,suboptimal,545d8ca624cc
18,0.02,+/-20%,rolling,reset,model,14,9716.840031805337,7646.11671905214,43645465.10881515,,,infeasible,545d8ca624cc
18,0.02,+/-20%,rolling,reset,model,15,9909.034791064041,7108.790326647487,43900606.43731222,,,infeasible,545d8ca624cc
18,0.04,NHF,rolling,reset,model,1,39219.51964002507,39219.51964002507,32456233.430930257,32456233.430930257,0.0,optimal,545d8ca624cc
18,0.04,NHF,rolling,reset,model,2,5222.519319563424,5222.519319563424,13125847.906721935,13125847.906721935,0.0,optimal,545d8ca624cc
18,0.04,NHF,rolling,reset,model,3,5443.511627707153,5443.511627707153,14487916.63603851,14487916.63603851,0.0,optimal,545d8ca624cc
18,0.04,NHF,rolling,reset,model,4,2968.0881561147744,2968.0881561147744,15535497.909537507,15535497.909537507,0.0,optimal,545d8ca624cc
18,0.04,NHF,rolling,reset,model,5,4338.857018518611,4338.857018518611,19490167.19593934,19490167.19593934,0.0,optimal,545d8ca624cc
18,0.04,NHF,rolling,reset,model,6,4685.17800332706,4685.17800332706,23108962.07904204,23108962.07904204,0.0,optimal,545d8ca624cc
18,0.04,NHF,rolling,reset,model,7,11253.04583569557,11253.04583569557,27836670.876355633,27836670.876355633,0.0,optimal,545d8ca624cc
18,0.04,NHF,rolling,reset,model,8,10504.610124243329,10504.610124243329,27024987.567502882,27024987.567502882,0.0,optimal,545d8ca624cc
18,0.04,NHF,rolling,reset,model,9,15895.843735185255,15895.843735185257,25656554.22672192,25656554.22672192,0.0,optimal,545d8ca624cc
18,0.04,NHF,rolling,reset,model,10,5383.013440940915,5383.013440940915,16747173.956843143,16747173.956843143,0.0,optimal,545d8ca624cc
18,0.04,NHF,rolling,reset,model,11,5616.789232317834,5616.789232317834,17665032.094254926,17665032.094254926,0.0,optimal,545d8ca624cc
18,0.04,NHF,rolling,reset,model,12,3470.5538203155247,3470.5538203155247,18869535.193917636,18869535.193917636,0.0,optimal,545d8ca624cc
18,0.04,NHF,rolling,reset,model,13,11462.592148716434,11462.592148716434,23232614.08293018,23232614.08293018,0.0,optimal,545d8ca624cc
18,0.04,NHF,rolling,reset,model,14,5098.842990166358,5098.842990166358,19831311.28085225,19831311.28085225,0.0,optimal,545d8ca624cc
18,0.04,NHF,rolling,reset,model,15,7515.031617895239,7515.031617895239,22709058.51221963,22709058.51221963,0.0,optimal,545d8ca624cc
18,0.04,NDY,rolling,reset,model,1,9909.034791064038,9909.034791064038,22419727.94810039,22419727.948100396,-3.725290298461914e-09,optimal,545d8ca624cc
18,0.04,NDY,rolling,reset,model,2,9909.03479106404,9909.034791064034,23191540.116830815,23191540.11683082,-3.725290298461914e-09,optimal,545d8ca624cc
18,0.04,NDY,rolling,reset,model,3,9909.034791064038,9909.034791064036,24283007.05711685,24283007.05711686,-7.450580596923828e-09,optimal,545d8ca624cc
18,0.04,NDY,rolling,reset,model,4,9909.034791064038,9825.91897499138,25368547.831499103,25368547.8314991,3.725290298461914e-09,optimal,545d8ca624cc
18,0.04,NDY,rolling,reset,model,5,9909.034791064038,9707.015897429743,26275372.413230263,,,infeasible,545d8ca624cc
18,0.04,NDY,rolling,reset,model,6,9909.034791064032,9589.329408373736,25960361.46606784,,,infeasible,545d8ca624cc
18,0.04,NDY,rolling,reset,model,7,9909.034791064023,9473.80820820523,25721917.45254308,,,infeasible,545d8ca624cc
18,0.04,NDY,rolling,reset,model,8,9909.034791064047,9387.715569720463,25726068.25969153,,,infeasible,545d8ca624cc
18,0.04,NDY,rolling,reset,model,9,9909.034791064048,9281.884896033956,25382909.787368596,,,infeasible,545d8ca624cc
18,0.04,NDY,rolling,reset,model,10,9909.034791064045,9214.746137400512,24850423.638767377,,,infeasible,545d8ca624cc
18,0.04,NDY,rolling,reset,model,11,9909.034791064043,9136.495002365918,24830838.335060693,,,infeasible,545d8ca624cc
18,0.04,NDY,rolling,reset,model,12,9909.034791064021,9060.649685743358,24708833.86438457,,,infeasible,545d8ca624cc
18,0.04,NDY,rolling,reset,model,13,9909.034791064025,8962.179866082779,24513354.330560982,,,infeasible,545d8ca624cc
18,0.04,NDY,rolling,reset,model,14,9909.034791064038,8867.710719478382,24058900.30200844,,,infeasible,545d8ca624cc
18,0.04,NDY,rolling,reset,model,15,9909.03479106404,8814.278786975396,23985343.086297188,,,infeasible,545d8ca624cc
18,0.04,-10%,rolling,reset,model,1,15508.13907724971,15508.13907724971,27638422.868718043,27638422.868718043,0.0,optimal,545d8ca624cc
18,0.04,-10%,rolling,reset,model,2,13957.325169524745,13956.190124650051,27364049.952683683,27364049.952683683,0.0,optimal,545d8ca624cc
18,0.04,-10%,rolling,reset,model,3,12561.592652572268,12555.321107064128,26238219.803456385,26238219.803470846,-1.446157693862915e-05,optimal,545d8ca624cc
18,0.04,-10%,rolling,reset,model,4,11305.433387315043,11282.60164905764,25480124.610745784,25480124.610745557,2.2724270820617676e-07,optimal,545d8ca624cc
18,0.04,-10%,rolling,reset,model,5,10174.890048583537,10154.341488163807,24415708.311334852,24415708.311334856,-3.725290298461914e-09,optimal,545d8ca624cc
18,0.04,-10%,rolling,reset,model,6,9157.401043725184,9138.90733167464,22656869.449403767,22656869.449403193,5.736947059631348e-07,optimal,545d8ca624cc
18,0.04,-10%,rolling,reset,model,7,8241.660939352663,8240.990707473757,21328555.05851723,21328555.05851723,0.0,optimal,545d8ca624cc
18,0.04,-10%,rolling,reset,model,8,7417.494845417399,7416.891638810988,21078088.921344597,21078088.921344597,0.0,optimal,545d8ca624cc
18,0.04,-10%,rolling,reset,model,9,6675.745360875659,6675.202471882738,21147722.370002057,21147722.370002057,0.0,optimal,545d8ca624cc
18,0.04,-10%,rolling,reset,model,10,7959.091062265012,7988.558784001069,22551537.237442493,22551537.237442493,0.0,optimal,545d8ca624cc
18,0.04,-10%,rolling,reset,model,11,7163.181956038509,7917.032879728949,22480207.346868124,22231741.715019785,248465.631848339,suboptimal,545d8ca624cc
18,0.04,-10%,rolling,reset,model,12,10114.024024584263,9582.428562922094,22942281.149711363,,,infeasible,545d8ca624cc
18,0.04,-10%,rolling,reset,model,13,9102.621622125835,8624.185704503116,21316014.063871205,,,infeasible,545d8ca624cc
18,0.04,-10%,rolling,reset,model,14,8192.359459913252,7761.767134962511,20532154.934886497,,,infeasible,545d8ca624cc
18,0.04,-10%,rolling,reset,model,15,7373.12351392193,6985.590420882163,20000012.36241498,,,infeasible,545d8ca624cc
18,0.04,-20%,rolling,reset,model,1,18955.906361278558,18955.906361278558,29017962.428065665,29017962.42806566,3.725290298461914e-09,optimal,545d8ca624cc
18,0.04,-20%,rolling,reset,model,2,15164.725089022844,15164.43113409693,25800318.726949263,25800318.726949263,0.0,optimal,545d8ca624cc
18,0.04,-20%,rolling,reset,model,3,12131.78007121828,12128.607959345587,23585175.454557966,23585175.454557966,0.0,optimal,545d8ca624cc
18,0.04,-20%,rolling,reset,model,4,9705.424056974622,9702.883936130027,21993486.78672584,21993486.78672584,0.0,optimal,545d8ca624cc
18,0.04,-20%,rolling,reset,model,5,7764.3392455796975,7762.307149405661,21000342.56187007,21000342.561872907,-2.8386712074279785e-06,optimal,545d8ca624cc
18,0.04,-20%,rolling,reset,model,6,6211.4713964637585,6209.8457224603,20751759.633114453,20751759.633133367,-1.8913298845291138e-05,optimal,545d8ca624cc
18,0.04,-20%,rolling,reset,model,7,6872.468758205035,6872.468758272364,22293722.82214209,22293722.822114095,2.7995556592941284e-05,optimal,545d8ca624cc
18,0.04,-20%,rolling,reset,model,8,9462.774389847847,9462.596568968867,24181773.988292255,24181773.988292255,0.0,optimal,545d8ca624cc
18,0.04,-20%,rolling,reset,model,9,9094.00101084943,9094.178830811019,23189457.795923613,23189457.795923613,0.0,optimal,545d8ca624cc
18,0.04,-20%,rolling,reset,model,10,7896.563323078087,8020.14751244111,22169828.48215513,22162546.816897385,7281.665257744491,suboptimal,545d8ca624cc
18,0.04,-20%,rolling,reset,model,11,9157.691614252928,8920.490900891991,22147383.06220362,,,infeasible,545d8ca624cc
18,0.04,-20%,rolling,reset,model,12,7917.002108667431,8032.924761679688,21120968.12599311,21112915.672914892,8052.453078217804,suboptimal,545d8ca624cc
18,0.04,-20%,rolling,reset,model,13,8404.021746837545,8402.641772968467,20690808.828044746,20690808.82833986,-0.00029511377215385437,optimal,545d8ca624cc
18,0.04,-20%,rolling,reset,model,14,6723.2173974700345,6722.113422363175,19659690.080601137,19659690.080601137,0.0,optimal,545d8ca624cc
18,0.04,-20%,rolling,reset,model,15,6694.417001839142,6694.594822650791,20351960.272814523,20351960.27281452,3.725290298461914e-09,optimal,545d8ca624cc
18,0.04,+/-10%,rolling,reset,model,1,15506.246827309027,15506.246827309027,27635313.822276313,27635313.822276313,0.0,optimal,545d8ca624cc
18,0.04,+/-10%,rolling,reset,model,2,13955.62214457813,13950.570018979419,27361255.4370863,27361255.4370863,0.0,optimal,545d8ca624cc
18,0.04,+/-10%,rolling,reset,model,3,12560.059930120318,12549.21835464491,26198364.280442905,26198364.280442905,0.0,optimal,545d8ca624cc
18,0.04,+/-10%,rolling,reset,model,4,11304.053937108281,11292.25552749801,25464723.912844535,25464723.91284454,-3.725290298461914e-09,optimal,545d8ca624cc
18,0.04,+/-10%,rolling,reset,model,5,10173.64854339745,10163.029975305419,24419192.092314187,24419192.0923272,-1.3012439012527466e-05,optimal,545d8ca624cc
18,0.04,+/-10%,rolling,reset,model,6,9156.283689057707,9146.726980332993,22668669.54194094,22668669.541940548,3.91155481338501e-07,optimal,545d8ca624cc
18,0.04,+/-10%,rolling,reset,model,7,8240.655320151936,8236.468452444513,21254648.80473484,21254648.80473484,0.0,optimal,545d8ca624cc
18,0.04,+/-10%,rolling,reset,model,8,7416.589788136744,7412.821603556304,20985152.41310164,20985152.413069848,3.1791627407073975e-05,optimal,545d8ca624cc
18,0.04,+/-10%,rolling,reset,model,9,6799.069911175394,6834.494213815218,21028703.807493325,21028703.80749333,-3.725290298461914e-09,optimal,545d8ca624cc
18,0.04,+/-10%,rolling,reset,model,10,7478.976902292932,7517.9436322626625,22124906.649786066,22124906.64978587,1.9744038581848145e-07,optimal,545d8ca624cc
18,0.04,+/-10%,rolling,reset,model,11,8226.874592522227,8269.737996396387,22480052.64368391,22480052.64368391,0.0,optimal,545d8ca624cc
18,0.04,+/-10%,rolling,reset,model,12,9049.562051774456,9096.711792685606,22515262.799057323,22515262.799057323,0.0,optimal,545d8ca624cc
18,0.04,+/-10%,rolling,reset,model,13,9250.816044292009,8622.919799269934,21347516.266079213,,,infeasible,545d8ca624cc
18,0.04,+/-10%,rolling,reset,model,14,8325.734439862808,7756.386984673367,20468545.875518035,,,infeasible,545d8ca624cc
18,0.04,+/-10%,rolling,reset,model,15,7493.160995876528,6172.987149095889,19966766.981603365,,,infeasible,545d8ca624cc
18,0.04,+/-20%,rolling,reset,model,1,18956.670564802138,18956.670564802138,29017244.91227146,29017244.91227146,0.0,optimal,545d8ca624cc
18,0.04,+/-20%,rolling,reset,model,2,15165.336451841711,15164.96229905034,25822412.308047794,25822412.308047794,0.0,optimal,545d8ca624cc
18,0.04,+/-20%,rolling,reset,model,3,12132.26916147337,12129.443480825234,23548150.42787217,23548150.42787313,-9.611248970031738e-07,optimal,545d8ca624cc
18,0.04,+/-20%,rolling,reset,model,4,9705.815329178695,9703.554783072706,21983394.48355797,21983394.483555548,2.421438694000244e-06,optimal,545d8ca624cc
18,0.04,+/-20%,rolling,reset,model,5,7764.652263342958,7762.843827574185,20984485.961328276,20984485.961328276,0.0,optimal,545d8ca624cc
18,0.04,+/-20%,rolling,reset,model,6,6211.721810674367,6210.2750610874455,20764487.661734104,20764487.66173369,4.1350722312927246e-07,optimal,545d8ca624cc
18,0.04,+/-20%,rolling,reset,model,7,7170.903196748946,7170.903196748946,22271740.786473975,22271740.786473975,0.0,optimal,545d8ca624cc
18,0.04,+/-20%,rolling,reset,model,8,8605.083836098736,8605.08383662696,23783757.27492878,23783757.27492878,0.0,optimal,545d8ca624cc
18,0.04,+/-20%,rolling,reset,model,9,9280.950092708352,9280.950092711155,23649913.98718728,23649913.98718728,0.0,optimal,545d8ca624cc
18,0.04,+/-20%,rolling,reset,model,10,8963.692893917174,9086.535134311465,22642353.04670151,22637244.859880507,5108.186821002513,suboptimal,545d8ca624cc
18,0.04,+/-20%,rolling,reset,model,11,8462.244889740303,8357.55044122662,21469345.181412417,,,infeasible,545d8ca624cc
18,0.04,+/-20%,rolling,reset,model,12,7917.183628445113,7902.479004836777,20840511.949760247,20840511.949760247,0.0,optimal,545d8ca624cc
18,0.04,+/-20%,rolling,reset,model,13,8164.282761682944,8151.695123365198,20436486.255566083,20436486.255566083,0.0,optimal,545d8ca624cc
18,0.04,+/-20%,rolling,reset,model,14,6531.426209346356,6521.356096201161,19629499.927468747,19629499.927468747,0.0,optimal,545d8ca624cc
18,0.04,+/-20%,rolling,reset,model,15,7253.673117044341,7253.673116516116,20532670.11034156,20532670.11034156,0.0,optimal,545d8ca624cc
18,0.06,NHF,rolling,reset,model,1,39219.51964002507,39219.51964002507,23488260.356260076,23488260.356260076,0.0,optimal,545d8ca624cc
18,0.06,NHF,rolling,reset,model,2,5222.519319563424,5222.519319563424,7129533.112642885,7129533.112642885,0.0,optimal,545d8ca624cc
18,0.06,NHF,rolling,reset,model,3,5443.511627707153,5443.511627707153,7770063.6390081,7770063.6390081,0.0,optimal,545d8ca624cc
18,0.06,NHF,rolling,reset,model,4,2968.0881561147744,2968.0881561147744,7987157.147389189,7987157.147389189,0.0,optimal,545d8ca624cc
18,0.06,NHF,rolling,reset,model,5,4338.857018518611,4338.857018518611,10753702.490390692,10753702.490390692,0.0,optimal,545d8ca624cc
18,0.06,NHF,rolling,reset,model,6,4685.17800332706,4685.17800332706,13501463.680717018,13501463.680717018,0.0,optimal,545d8ca624cc
18,0.06,NHF,rolling,reset,model,7,11253.04583569557,11253.04583569557,17789953.223403275,17789953.223403275,0.0,optimal,545d8ca624cc
18,0.06,NHF,rolling,reset,model,8,10504.610124243329,10504.610124243329,17649120.93375381,17649120.93375381,0.0,optimal,545d8ca624cc
18,0.06,NHF,rolling,reset,model,9,15895.843735185255,15895.843735185257,17248785.873082183,17248785.873082183,0.0,optimal,545d8ca624cc
18,0.06,NHF,rolling,reset,model,10,5383.013440940915,5383.013440940915,9638106.268421458,9638106.268421458,0.0,optimal,545d8ca624cc
18,0.06,NHF,rolling,reset,model,11,5616.789232317834,5616.789232317834,10059043.86703921,10059043.86703921,0.0,optimal,545d8ca624cc
18,0.06,NHF,rolling,reset,model,12,3470.5538203155247,3470.5538203155247,10715357.859990032,10715357.859990032,0.0,optimal,545d8ca624cc
18,0.06,NHF,rolling,reset,model,13,11462.592148716434,11462.592148716434,14472824.964262672,14472824.964262672,0.0,optimal,545d8ca624cc
18,0.06,NHF,rolling,reset,model,14,5098.842990166358,5098.842990166358,11348769.891402328,11348769.891402328,0.0,optimal,545d8ca624cc
18,0.06,NHF,rolling,reset,model,15,7515.031617895239,7515.031617895239,13646109.090102222,13646109.090102222,0.0,optimal,545d8ca624cc
18,0.06,NDY,rolling,reset,model,1,9909.034791064034,9909.034791064034,13200899.666356983,13200899.666356985,-1.862645149230957e-09,optimal,545d8ca624cc
18,0.06,NDY,rolling,reset,model,2,9909.034791064036,9909.034791064034,13625956.096629567,13625956.096629575,-7.450580596923828e-09,optimal,545d8ca624cc
18,0.06,NDY,rolling,reset,model,3,9909.034791064032,9909.03479106404,14351430.596928006,14351430.596928006,0.0,optimal,545d8ca624cc
18,0.06,NDY,rolling,reset,model,4,9909.034791064032,9802.30474052168,15169464.448242456,15168184.584202511,1279.8640399444848,suboptimal,545d8ca624cc
18,0.06,NDY,rolling,reset,model,5,9909.034791064041,9677.062633189296,15837725.422691472,,,infeasible,545d8ca624cc
18,0.06,NDY,rolling,reset,model,6,9909.034791064025,9551.407219965318,15722703.794653349,,,infeasible,545d8ca624cc
18,0.06,NDY,rolling,reset,model,7,9909.034791064032,9441.140078097116,15575979.492158083,,,infeasible,545d8ca624cc
18,0.06,NDY,rolling,reset,model,8,9909.034791064032,9311.122599701415,15669551.969281498,,,infeasible,545d8ca624cc
18,0.06,NDY,rolling,reset,model,9,9909.034791064034,9195.735740902383,15489112.599236824,,,infeasible,545d8ca624cc
18,0.06,NDY,rolling,reset,model,10,9909.034791064034,9122.103992024962,14949128.454024898,,,infeasible,545d8ca624cc
18,0.06,NDY,rolling,reset,model,11,9909.03479106403,9076.652013957324,14740419.3694332,,,infeasible,545d8ca624cc
18,0.06,NDY,rolling,reset,model,12,9909.03479106404,9001.40059469272,14770739.597050661,,,infeasible,545d8ca624cc
18,0.06,NDY,rolling,reset,model,13,9909.034791064052,8907.572764007406,14661958.464452704,,,infeasible,545d8ca624cc
18,0.06,NDY,rolling,reset,model,14,9909.03479106402,8814.349771125819,14589114.828080464,,,infeasible,545d8ca624cc
18,0.06,NDY,rolling,reset,model,15,9909.034791064036,8709.937816397942,14595482.347635616,,,infeasible,545d8ca624cc
18,0.06,-10%,rolling,reset,model,1,15442.868581039766,15442.868581039766,17182561.15487612,17182561.15487612,0.0,optimal,545d8ca624cc
18,0.06,-10%,rolling,reset,model,2,13898.581722935794,13879.30652606265,16846784.841304023,16846784.841304023,0.0,optimal,545d8ca624cc
18,0.06,-10%,rolling,reset,model,3,12508.723550642211,12480.428265085742,16235094.07578352,16235094.07578352,0.0,optimal,545d8ca624cc
18,0.06,-10%,rolling,reset,model,4,11257.851195577992,11223.468914884541,15941523.38058075,15941523.38058075,0.0,optimal,545d8ca624cc
18,0.06,-10%,rolling,reset,model,5,10132.066076020192,10080.799991167263,15179401.630691467,15179401.63069153,-6.332993507385254e-08,optimal,545d8ca624cc
18,0.06,-10%,rolling,reset,model,6,9118.859468418173,9072.719995827876,13834727.117074614,13834727.117058966,1.564808189868927e-05,optimal,545d8ca624cc
18,0.06,-10%,rolling,reset,model,7,8206.973521576356,8195.591709329432,12929759.97175622,12929759.971756209,1.1175870895385742e-08,optimal,545d8ca624cc
18,0.06,-10%,rolling,reset,model,8,7386.276169418723,7376.03254155045,12690175.130331283,12690175.130331824,-5.401670932769775e-07,optimal,545d8ca624cc
18,0.06,-10%,rolling,reset,model,9,6647.648552476849,6638.429283986288,12662771.571534252,12662771.571534252,0.0,optimal,545d8ca624cc
18,0.06,-10%,rolling,reset,model,10,7475.399178122477,7547.999682837732,13656343.488651238,13656343.488651238,0.0,optimal,545d8ca624cc
18,0.06,-10%,rolling,reset,model,11,7974.259532757578,8452.277656680842,14267038.616379822,14112046.369913487,154992.2464663349,suboptimal,545d8ca624cc
18,0.06,-10%,rolling,reset,model,12,9877.671680645779,9641.247511239153,14443010.896373868,,,infeasible,545d8ca624cc
18,0.06,-10%,rolling,reset,model,13,8889.904512581206,8677.12276223869,13225872.048298871,,,infeasible,545d8ca624cc
18,0.06,-10%,rolling,reset,model,14,8000.914061323086,7809.410483801751,12279579.845504103,,,infeasible,545d8ca624cc
18,0.06,-10%,rolling,reset,model,15,7200.822655190776,7028.469432923497,11922202.114049107,,,infeasible,545d8ca624cc
18,0.06,-20%,rolling,reset,model,1,18909.21281018429,18909.21281018429,18781497.130188473,18781497.130188473,0.0,optimal,545d8ca624cc
18,0.06,-20%,rolling,reset,model,2,15127.370248147434,15105.59458960329,16220090.94038574,16220090.940385738,1.862645149230957e-09,optimal,545d8ca624cc
18,0.06,-20%,rolling,reset,model,3,12101.896198517949,12065.474150409653,14565165.588236975,14565165.588236975,0.0,optimal,545d8ca624cc
18,0.06,-20%,rolling,reset,model,4,9681.516958814358,9650.228508406637,13251341.58621548,13251341.586215477,1.862645149230957e-09,optimal,545d8ca624cc
18,0.06,-20%,rolling,reset,model,5,7745.213567051486,7720.182806121948,12422045.615539646,12422045.615539646,0.0,optimal,545d8ca624cc
18,0.06,-20%,rolling,reset,model,6,6196.170853641191,6176.146241608267,11988295.849366335,11988295.849366335,0.0,optimal,545d8ca624cc
18,0.06,-20%,rolling,reset,model,7,6274.76648368379,6274.766483683789,13254166.285300076,13254166.285300076,0.0,optimal,545d8ca624cc
18,0.06,-20%,rolling,reset,model,8,9292.158712779788,9415.350983656908,15623975.693430487,15617101.478095131,6874.215335356072,suboptimal,545d8ca624cc
18,0.06,-20%,rolling,reset,model,9,10542.093936600042,9794.94926625324,15308548.907894734,,,infeasible,545d8ca624cc
18,0.06,-20%,rolling,reset,model,10,8433.675149280036,9789.91490078488,14054714.54695843,13717710.86875684,337003.67820158973,suboptimal,545d8ca624cc
18,0.06,-20%,rolling,reset,model,11,8616.214632717796,7831.931916651991,12431130.122927515,,,infeasible,545d8ca624cc
18,0.06,-20%,rolling,reset,model,12,7268.639672964696,6646.503655746601,12002173.597680561,,,infeasible,545d8ca624cc
18,0.06,-20%,rolling,reset,model,13,7745.239811848132,8260.60726074767,12649221.279609395,12552135.399390006,97085.88021938875,suboptimal,545d8ca624cc
18,0.06,-20%,rolling,reset,model,14,6196.191849478505,6608.485810942031,11859996.585256254,11782487.733643373,77508.85161288083,suboptimal,545d8ca624cc
18,0.06,-20%,rolling,reset,model,15,7629.928328597445,6882.783657459671,12712454.943358691,,,infeasible,545d8ca624cc
18,0.06,+/-10%,rolling,reset,model,1,15437.768441873597,15437.768441873597,17181824.753954045,17181824.75395405,-3.725290298461914e-09,optimal,545d8ca624cc
18,0.06,+/-10%,rolling,reset,model,2,13893.991597686243,13875.58176453135,16820933.540328484,16820933.540328484,0.0,optimal,545d8ca624cc
18,0.06,+/-10%,rolling,reset,model,3,12504.592437917616,12475.27630196872,16231812.082030261,16231812.082030261,0.0,optimal,545d8ca624cc
18,0.06,+/-10%,rolling,reset,model,4,11254.133194125867,11221.166937250875,15941007.874853902,15941007.874853902,0.0,optimal,545d8ca624cc
18,0.06,+/-10%,rolling,reset,model,5,10128.71987471326,10078.42594339314,15202519.049857508,15202519.049857508,0.0,optimal,545d8ca624cc
18,0.06,+/-10%,rolling,reset,model,6,9115.847887241942,9070.583341662115,13839546.482472591,13839546.482472576,1.4901161193847656e-08,optimal,545d8ca624cc
18,0.06,+/-10%,rolling,reset,model,7,8204.263098517747,8193.39227548641,12943879.782760976,12943879.782757334,3.641471266746521e-06,optimal,545d8ca624cc
18,0.06,+/-10%,rolling,reset,model,8,7383.836788665974,7374.053048288291,12718493.372976895,12718493.372976895,0.0,optimal,545d8ca624cc
18,0.06,+/-10%,rolling,reset,model,9,6699.161110702529,6845.994177813651,12716785.600605726,12621122.62012944,95662.98047628626,suboptimal,545d8ca624cc
18,0.06,+/-10%,rolling,reset,model,10,7369.077221772786,7530.593596514692,13472393.290738482,13386874.760648286,85518.53009019606,suboptimal,545d8ca624cc
18,0.06,+/-10%,rolling,reset,model,11,8105.984943950069,8283.652954897276,13988315.495469952,13921047.058795922,67268.4366740305,suboptimal,545d8ca624cc
18,0.06,+/-10%,rolling,reset,model,12,8916.583438345073,9112.018251851185,14156169.48849451,14117562.023799835,38607.46469467506,suboptimal,545d8ca624cc
18,0.06,+/-10%,rolling,reset,model,13,9332.521159825728,8912.293084534862,13379892.93049761,,,infeasible,545d8ca624cc
18,0.06,+/-10%,rolling,reset,model,14,8399.269043843167,8021.063777304139,12237000.340010978,,,infeasible,545d8ca624cc
18,0.06,+/-10%,rolling,reset,model,15,7559.342139458845,6856.345716223297,11662073.712818023,,,infeasible,545d8ca624cc
18,0.06,+/-20%,rolling,reset,model,1,18917.258802243123,18917.258802243123,18775123.258482892,18775123.258482892,0.0,optimal,545d8ca624cc
18,0.06,+/-20%,rolling,reset,model,2,15133.807041794496,15112.74072792621,16299584.58422155,16299584.584224958,-3.4086406230926514e-06,optimal,545d8ca624cc
18,0.06,+/-20%,rolling,reset,model,3,12107.0456334356,12077.11506336869,14577557.59755775,14577557.597557949,-1.993030309677124e-07,optimal,545d8ca624cc
18,0.06,+/-20%,rolling,reset,model,4,9685.63650674848,9648.745769729054,13305665.329274906,13305665.329274902,3.725290298461914e-09,optimal,545d8ca624cc
18,0.06,+/-20%,rolling,reset,model,5,7748.509205398784,7718.99661363116,12374233.874732824,12374233.874731507,1.3168901205062866e-06,optimal,545d8ca624cc
18,0.06,+/-20%,rolling,reset,model,6,6198.807364319028,6175.19729288383,12022002.802540341,12022002.80254022,1.210719347000122e-07,optimal,545d8ca624cc
18,0.06,+/-20%,rolling,reset,model,7,6981.207291872571,6981.207291333589,13315707.576199442,13315707.576199442,0.0,optimal,545d8ca624cc
18,0.06,+/-20%,rolling,reset,model,8,8377.448750247087,8377.448750170384,14868762.94434708,14868762.94434708,0.0,optimal,545d8ca624cc
18,0.06,+/-20%,rolling,reset,model,9,10052.938500296503,9333.94400115198,15284796.832297912,,,infeasible,545d8ca624cc
18,0.06,+/-20%,rolling,reset,model,10,9122.955845608143,10291.92696276491,14564505.287410265,14271588.83802741,292916.4493828546,suboptimal,545d8ca624cc
18,0.06,+/-20%,rolling,reset,model,11,8518.507925490707,8233.541566503145,12750803.437015763,,,infeasible,545d8ca624cc
18,0.06,+/-20%,rolling,reset,model,12,7369.829608857337,6778.657813366218,11950177.651097447,,,infeasible,545d8ca624cc
18,0.06,+/-20%,rolling,reset,model,13,7829.897161956398,8134.38937861613,12456762.852594674,12408189.846510481,48573.006084192544,suboptimal,545d8ca624cc
18,0.06,+/-20%,rolling,reset,model,14,6263.917729565116,6507.511503790111,11673341.277430177,11633074.157150282,40267.12027989514,suboptimal,545d8ca624cc
18,0.06,+/-20%,rolling,reset,model,15,7516.701275478139,6797.706773377186,12501854.644945126,,,infeasible,545d8ca624cc
